a1_m,a1_peak,a1_pwr,a1_fp_idx,a1_acc,a1_xo,a2_m,a2_peak,a2_pwr,a2_fp_idx,a2_acc,a2_xo,a3_m,a3_peak,a3_pwr,a3_fp_idx,a3_acc,a3_xo,a4_m,a4_peak,a4_pwr,a4_fp_idx,a4_acc,a4_xo,a5_m,a5_peak,a5_pwr,a5_fp_idx,a5_acc,a5_xo
0,0,0,0,0,0,0,0,0,0,0,0,0.6330814505233877,1547710735,14,47118,49,8145,0.9664997322699661,1551901675,6,47270,49,8123,0.9882260655437369,1553999375,10,47277,49,16
0,0,0,0,0,0,0,0,0,0,0,0,1.211291145344947,1553997827,6,47361,49,8157,1.3563250306298082,1558192944,6,47432,49,8160,1.555113412596455,1560291192,11,47519,49,28
0,0,0,0,0,0,0,0,0,0,0,0,0.9312129179496955,1551903801,13,47243,49,1,0.7680180634470799,1549804768,7,47184,49,8180,0.5720867268887682,1545611236,11,47101,49,8157
0,0,0,0,0,0,0,0,0,0,0,0,1.5279852149787234,1558194699,11,47496,49,8183,1.1988442486826834,1556094659,6,47368,49,8184,1.0858348266279771,1553999618,10,47320,49,8148
0,0,0,0,0,0,0,0,0,0,0,0,1.2165944788086225,1556097448,11,47365,49,19,0.6508262108234864,1547707019,6,47133,49,8097,1.3063495607004894,1558194565,11,47406,49,8176
0,0,0,0,0,0,0,0,0,0,0,0,1.2165944788086225,1556097448,11,47365,49,19,1.0524813136253521,1553997654,5,47307,49,44,0.640832903991214,1547707857,11,47123,49,1
0,0,0,0,0,0,0,0,0,0,0,0,1.529515057028746,1560292307,13,47497,49,10,1.750026147373576,1545608691,5,47084,49,17,0.8377829367584618,1551902565,12,47216,49,8158
0,0,0,0,0,0,0,0,0,0,0,0,0.9279487661455152,1551903160,12,47243,49,58,1.0044427729282623,1551901238,6,47282,49,32,1.3691771883777404,1560291834,11,47438,49,8179
0,0,0,0,0,0,0,0,0,0,0,0,0.6753073250382767,1547710354,13,47136,49,33,1.6595553324123338,1562386062,5,47563,49,62,1.5791837916704068,1560291254,11,47531,49,8159
0,0,0,0,0,0,0,0,0,0,0,0,1.0531987801489289,1551904055,13,47295,49,33,1.6635332954337902,1562386780,6,47564,49,37,1.1755899007048705,1558194278,10,47360,49,8186
0,0,0,0,0,0,0,0,0,0,0,0,1.0531987801489289,1551904055,13,47295,49,33,0.9416133058560722,1551900489,5,47258,49,8175,0.5666811555795729,1547709280,11,47098,49,21
0,0,0,0,0,0,0,0,0,0,0,0,1.4835156943387668,1558195142,12,47476,49,8152,1.766956660603977,1545608585,5,47094,49,8157,0.8436996656697068,1551902197,10,47214,49,16
0,0,0,0,0,0,0,0,0,0,0,0,0.9414124837802591,1551904082,13,47247,49,76,1.0816524008872872,1553997207,5,47317,49,8171,1.4642374514300518,1560291041,10,47474,49,8181
0,0,0,0,0,0,0,0,0,0,0,0,0.7576176526080769,1547709348,12,47167,49,29,0.771791557622535,1549804330,6,47187,49,8183,0.6285923478445058,1547708584,11,47123,49,8142
0,0,0,0,0,0,0,0,0,0,0,0,1.4599546370254763,1558192984,6,47465,49,8125,1.3928386232392385,1558192461,6,47450,49,8183,1.2280153372174822,1558193938,11,47382,49,10
0,0,0,0,0,0,0,0,0,0,0,0,1.2644303922369542,1556094616,6,47382,49,9,1.1960912701672308,1553996987,5,47363,49,8164,1.6154947771471313,1562388138,11,47543,49,8170
0,0,0,0,0,0,0,0,0,0,0,0,0.7843406218067536,1549806549,12,47177,49,50,0.6790790212354525,1547705917,5,47144,49,8154,1.0529943136111555,1556096654,10,47298,49,10
0,0,0,0,0,0,0,0,0,0,0,0,0.6339997165924846,1547710384,13,47115,49,17,1.75339071038691,1545609711,5,47091,49,8175,1.4375144733472214,1560291205,10,47464,49,53
0,0,0,0,0,0,0,0,0,0,0,0,1.2481114531553787,1556098231,13,47374,49,8185,1.2379081973941175,1556095175,5,47385,49,8133,1.3111417097741254,1560291025,11,47415,49,3
0,0,0,0,0,0,0,0,0,0,0,0,0.772406751607745,1549806983,13,47174,49,8148,0.889596801003739,1549803734,5,47232,49,8132,0.8522671549931289,1551903089,10,47218,49,8158
0,0,0,0,0,0,0,0,0,0,0,0,0.6574585360865965,1547707376,7,47125,49,8146,0.8962255163233698,1549803385,5,47239,49,8154,1.2532103156936931,1558194101,10,47383,49,22
0,0,0,0,0,0,0,0,0,0,0,0,0.6574585360865965,1547707376,7,47125,49,8146,1.7273815467381886,1545608993,5,47082,49,8125,0.7700608694189537,1551902617,10,47176,49,16
0,0,0,0,0,0,0,0,0,0,0,0,0.8240161544947912,1549804023,6,47196,49,6,1.361219409351247,1558192029,5,47440,49,8170,0.7676109484435492,1549805324,10,47184,49,34
0,0,0,0,0,0,0,0,0,0,0,0,1.466787808633458,1558193391,7,47470,49,8157,1.060946566808976,1553998029,5,47312,49,8139,0.8602230700744754,1551902450,10,47220,49,8166
0,0,0,0,0,0,0,0,0,0,0,0,0,1558195435,13,47429,49,58,1.1755899030667554,1553998103,5,47356,49,8084,1.4670926599187262,1562388408,11,47478,49,27
0,0,0,0,0,0,0,0,0,0,0,0,0.8811333590294457,1549806529,12,47220,49,6,0.9249876682114593,1551901080,6,47253,49,8130,1.725649057635112,1547708416,11,47079,49,8142
0,0,0,0,0,0,0,0,0,0,0,0,1.6411991132239787,1560293514,13,47544,49,19,0.6177794077319521,1547706590,5,47121,49,10,1.3604052266901727,1560291549,11,47436,49,8160
0,0,0,0,0,0,0,0,0,0,0,0,1.5838774289349813,1560292334,12,47522,49,8146,0.7479256281328199,1547706616,6,47173,49,14,0.8278900676452804,1551902593,11,47209,49,49
0,0,0,0,0,0,0,0,0,0,0,0,1.5838774289349813,1560292334,12,47522,49,8146,1.6165134216778978,1560289583,5,47545,49,12,1.7001492348989435,1564485733,10,47585,49,8182
0,0,0,0,0,0,0,0,0,0,0,0,1.0867549328288448,1554001579,13,47308,49,8174,1.6974966586370208,1545609309,5,47071,49,8180,1.192317778729007,1556096930,11,47365,49,8177
0,0,0,0,0,0,0,0,0,0,0,0,0.6246161887948398,1547708728,12,47111,49,8183,1.407729953035949,1558192828,6,47456,49,6,0.8496163930522969,1553999827,11,47213,49,8181
0,0,0,0,0,0,0,0,0,0,0,0,1.7392168229639173,1562387133,6,47580,49,8113,1.5146199916382879,1560289661,6,47504,49,16,1.5164584166068416,1562388267,10,47499,49,28
0,0,0,0,0,0,0,0,0,0,0,0,1.2552513337254159,1556098281,12,47373,49,1,1.2065956969215759,1556095158,5,47372,49,8163,1.230158594007768,1558194326,11,47378,49,18
0,0,0,0,0,0,0,0,0,0,0,0,1.106338027130441,1553998832,7,47313,49,8163,1.3512243183203114,1558191484,5,47434,49,8168,0.7860731200453032,1551903116,11,47188,49,8155
0,0,0,0,0,0,0,0,0,0,0,0,0.6466473921761874,1547709814,13,47116,49,8170,1.0744102868938434,1553998771,6,47316,49,10,1.6961730958437058,1564485866,10,47577,49,26
0,0,0,0,0,0,0,0,0,0,0,0,1.2665718041498346,1556099000,13,47382,49,8162,1.0526857822267757,1553997202,5,47305,49,8134,1.0222933821854925,1556096555,10,47288,49,20
0,0,0,0,0,0,0,0,0,0,0,0,1.1747775396291162,1554001396,13,47338,49,12,1.3007376722791328,1556095399,6,47409,49,8155,0.5872847414598483,1549805454,10,47105,49,8144
0,0,0,0,0,0,0,0,0,0,0,0,0.6999910989303589,1547709874,13,47137,49,8188,1.0537062890064788,1551900523,5,47303,49,8170,1.5015670854113312,1562388400,11,47493,49,20
0,0,0,0,0,0,0,0,0,0,0,0,1.8210159974454696,1547706297,6,47106,49,6,1.280338539931745,1556095184,5,47401,49,8170,1.0700270581162474,1553999491,10,47308,49,8
0,0,0,0,0,0,0,0,0,0,0,0,1.3691790424253816,1558195639,13,47424,49,40,1.0440160600337323,1551900798,6,47302,49,8162,0.783727238191644,1551902262,10,47187,49,8178
0,0,0,0,0,0,0,0,0,0,0,0,1.2548423944426752,1556095704,6,47377,49,4,1.30961186925754,1556095302,6,47410,49,8177,1.5029946888965813,1562388573,11,47495,49,8185
0,0,0,0,0,0,0,0,0,0,0,0,0.8086154791360333,1549807277,13,47184,49,22,1.0644151905375505,1553997997,6,47310,49,34,1.2167971066440884,1558194100,10,47373,49,8181
0,0,0,0,0,0,0,0,0,0,0,0,0.7162078144983214,1547709593,13,47146,49,7,1.3348031469645039,1556094259,5,47427,49,8190,0.7867869266823876,1549805535,11,47189,49,8148
0,0,0,0,0,0,0,0,0,0,0,0,1.4714795727716607,1558196102,13,47469,49,8177,1.1332617976302408,1553998512,6,47339,49,8147,1.6934200769433436,1562388548,11,47572,49,8187
0,0,0,0,0,0,0,0,0,0,0,0,1.3894759408495454,1558195443,13,47433,49,8165,1.3998762682257033,1558192321,5,47453,49,8100,1.2222026738640543,1558193677,11,47376,49,2
0,0,0,0,0,0,0,0,0,0,0,0,0.9396781763713314,1551904708,14,47243,49,36,1.2009856585648544,1556094236,5,47371,49,8116,0,1553999831,11,47250,49,8167
0,0,0,0,0,0,0,0,0,0,0,0,0.9045921787948553,1551903863,13,47227,49,8181,1.5279814788278385,1560289000,5,47511,49,8142,0.5743321737425594,1547709305,11,47096,49,18
0,0,0,0,0,0,0,0,0,0,0,0,1.682608948218668,1560292430,12,47559,49,18,1.3636675270574357,1558192220,5,47442,49,8160,1.4492438824559302,1558193973,11,47470,49,8188
0,0,0,0,0,0,0,0,0,0,0,0,1.6351819851973262,1560292982,13,47536,49,8191,1.7308501629994755,1545609403,5,47082,49,8174,1.0479958491639048,1554000760,11,47300,49,8118
0,0,0,0,0,0,0,0,0,0,0,0,1.1979296577883973,1554000891,12,47351,49,29,1.532571002711001,1560289217,5,47514,49,8161,0.7450703989860481,1551902344,11,47174,49,8173
0,0,0,0,0,0,0,0,0,0,0,0,1.112559634511748,1554001671,13,47316,49,8184,0.6694910326311766,1547706032,5,47144,49,9,1.489021636151701,1560291151,11,47488,49,8188
0,0,0,0,0,0,0,0,0,0,0,0,0.657560765164591,1547709313,12,47121,49,8153,1.6727123398418753,1545609523,6,47060,49,8142,1.1878304857830237,1558194268,11,47361,49,41
0,0,0,0,0,0,0,0,0,0,0,0,1.7248348375196052,1562387270,7,47577,49,8144,0.780359044868888,1549803620,5,47193,49,8130,0.6869345046332385,1547707762,10,47144,49,5
0,0,0,0,0,0,0,0,0,0,0,0,1.7248348375196052,1562387270,7,47577,49,8144,0.5884056707336065,1545609045,5,47107,49,8148,1.5192113843617285,1562385470,5,47504,49,8168
0,0,0,0,0,0,0,0,0,0,0,0,1.1179652033137224,1554002028,13,47319,49,3,0.6246125908619531,1547706377,5,47128,49,8132,0.5949339654586434,1549802241,4,47110,49,8143
0,0,0,0,0,0,0,0,0,0,0,0,1.682608948218668,1562390107,12,47559,49,44,0.9087709613570849,1551900736,5,47246,49,8167,1.2862552857116722,1558194054,11,47404,49,21
0,0,0,0,0,0,0,0,0,0,0,0,1.1827316242991066,1554000944,12,47348,49,8185,0.729974610835866,1547706533,5,47167,49,8138,0.9668082555019737,1554000170,11,47264,49,51
0,0,0,0,0,0,0,0,0,0,0,0,1.079615053974695,1554000784,12,47303,49,3,1.020150139098201,1551900445,5,47290,49,8102,1.6146787362870854,1562388336,10,47544,49,8165
0,0,0,0,0,0,0,0,0,0,0,0,1.8141828157256645,1547709419,12,47101,49,8186,0.8558361856771366,1549804043,6,47221,49,8164,1.314712576505935,1560290669,10,47413,49,8148
0,0,0,0,0,0,0,0,0,0,0,0,1.7303426391655514,1562389397,12,47579,49,2,1.1957845623096137,1556095369,6,47368,49,20,0.7740370179039726,1551902561,11,47186,49,8131
0,0,0,0,0,0,0,0,0,0,0,0,1.7303426391655514,1562389397,12,47579,49,2,1.0540111550258993,1553997938,5,47310,49,8181,1.6607803314413974,1564485436,11,47564,49,8175
0,0,0,0,0,0,0,0,0,0,0,0,0.7590452674954881,1549806714,13,47166,49,8133,0.6437885645443683,1547706665,5,47132,49,8157,1.64293155765293,1564485466,10,47555,49,8173
0,0,0,0,0,0,0,0,0,0,0,0,1.5425698332686273,1560293214,13,47500,49,8165,1.7577775977209806,1545610196,6,47090,49,7,1.3609164109382916,1558194087,11,47432,49,0
0,0,0,0,0,0,0,0,0,0,0,0,1.539612387143895,1560292227,12,47497,49,7,0.9949570120327185,1551900968,5,47280,49,9,0.9308039892703988,1553999711,10,47249,49,43
0,0,0,0,0,0,0,0,0,0,0,0,1.148768369899686,1553998610,6,47329,49,8182,0.8899016761213665,1551899842,5,47238,49,8156,0.7255895379436452,1549805161,10,47165,49,8129
0,0,0,0,0,0,0,0,0,0,0,0,1.2205724387684023,1556097844,12,47361,49,8160,1.389369987525692,1558192170,5,47453,49,8154,1.5654152187007733,1562388786,11,47523,49,21
0,0,0,0,0,0,0,0,0,0,0,0,0.8738912510227056,1551903027,12,47216,49,8185,1.3366396997915457,1556094588,5,47426,49,8159,1.3407198955081157,1560291251,10,47430,49,8182
0,0,0,0,0,0,0,0,0,0,0,0,0.9967953808851715,1551903788,13,47267,49,8188,0.5855504400867182,1545609768,6,47102,49,8175,1.0179083176877934,1551902635,11,47283,49,8148
0,0,0,0,0,0,0,0,0,0,0,0,0.7083541314789379,1547710164,13,47143,49,8191,1.64690764241994,1560288656,5,47560,49,8157,0.8010666798078011,1549805527,11,47193,49,8167
0,0,0,0,0,0,0,0,0,0,0,0,0.9038783723662585,1549807403,13,47226,49,8155,0.8537951812314928,1549804450,6,47224,49,41,1.67322354073571,1564485464,10,47570,49,24
0,0,0,0,0,0,0,0,0,0,0,0,0.6591928389955178,1547709727,12,47121,49,8178,0.7205910845064201,1547706367,5,47162,49,8144,1.5399172352232262,1560290679,10,47509,49,8169
0,0,0,0,0,0,0,0,0,0,0,0,0.9429423280159251,1551903293,12,47243,49,8190,1.1144947436308197,1553998044,5,47332,49,8183,1.3211386552608624,1556097535,11,47414,49,25
0,0,0,0,0,0,0,0,0,0,0,0,1.0440197178593562,1554000334,12,47284,49,8158,1.3475530686008366,1556094878,6,47431,49,8177,0.8028009858751746,1551902516,11,47192,49,8180
0,0,0,0,0,0,0,0,0,0,0,0,0.8045352920591026,1549806498,13,47184,49,8165,1.1904812317081939,1553998407,6,47363,49,8191,0.5874874024024762,1547708327,10,47111,49,8188
0,0,0,0,0,0,0,0,0,0,0,0,1.0087292554023939,1551903987,13,47270,49,8130,1.48534852457778,1558192291,5,47488,49,8163,1.34979856773049,1560290560,10,47429,49,8181
0,0,0,0,0,0,0,0,0,0,0,0,1.0087292554023939,1551903987,13,47270,49,8130,1.2120012626462566,1556095304,6,47376,49,8145,1.0428951503361301,1553999708,11,47302,49,30
0,0,0,0,0,0,0,0,0,0,0,0,0.8004551048433876,1549804309,7,47184,49,23,1.4391446921256659,1558192522,5,47469,49,6,0.6044197219107188,1547705663,5,47113,49,8155
0,0,0,0,0,0,0,0,0,0,0,0,1.6639441317314032,1562389333,12,47550,49,18,1.1411154809268398,1553998255,5,47343,49,8170,1.4142601287615775,1560291684,11,47453,49,8188
0,0,0,0,0,0,0,0,0,0,0,0,1.720754648780509,1562390542,13,47577,49,8189,1.2417839206569983,1556095118,5,47388,49,8175,0.8494119300940991,1551902975,11,47215,49,23
0,0,0,0,0,0,0,0,0,0,0,0,1.720754648780509,1562390542,13,47577,49,8189,0.8993874354106473,1551900147,5,47241,49,8190,1.6776086878112582,1564486140,10,47575,49,8121
0,0,0,0,0,0,0,0,0,0,0,0,1.4246641704497836,1558195812,13,47448,49,8150,0.9125444542239279,1551901516,6,47248,49,8150,1.1051130521429418,1556097178,11,47324,49,8174
0,0,0,0,0,0,0,0,0,0,0,0,1.4246641704497836,1558195812,13,47448,49,8150,1.7173864465476507,1545609761,6,47077,49,8151,0.6988665704975928,1549805430,10,47155,49,18
0,0,0,0,0,0,0,0,0,0,0,0,1.1111320244792409,1554001536,13,47314,49,8158,1.713510721236574,1545610232,6,47075,49,8179,1.251373766241697,1558194179,11,47386,49,15
0,0,0,0,0,0,0,0,0,0,0,0,0.7308946842940579,1547709601,12,47154,49,10,1.3297042916619455,1556095115,5,47422,49,8172,0.8413537834888947,1551903255,11,47214,49,8157
0,0,0,0,0,0,0,0,0,0,0,0,0.780260435053157,1547709392,13,47174,49,8183,1.2645289340899546,1556094443,5,47397,49,8142,1.3600985142267557,1560291592,11,47440,49,65
0,0,0,0,0,0,0,0,0,0,0,0,0.780260435053157,1547709392,13,47174,49,8183,0.8480847351568351,1549804337,6,47216,49,8182,0.9236641113428772,1553999718,11,47247,49,8154
0,0,0,0,0,0,0,0,0,0,0,0,1.5906083588943207,1560292701,14,47525,49,8189,0.7576140357003656,1549802676,5,47183,49,8158,1.4452659209235124,1558193992,11,47469,49,14
0,0,0,0,0,0,0,0,0,0,0,0,1.2206746732543028,1554001804,14,47360,49,16,1.5075823460453932,1560289966,6,47502,49,8149,0.9240712192566661,1554000053,11,47251,49,58
0,0,0,0,0,0,0,0,0,0,0,0,0.7632276837832925,1547710440,14,47165,49,8148,0.9305977020855231,1551900755,5,47255,49,9,0.8868438077437799,1554000321,11,47232,49,40
0,0,0,0,0,0,0,0,0,0,0,0,0.6874456518459776,1547707382,7,47132,49,19,0.7710777506867746,1549804445,6,47187,49,13,1.3525533958769984,1558194144,10,47426,49,8185
0,0,0,0,0,0,0,0,0,0,0,0,0.6874456518459776,1547707382,7,47132,49,19,1.496364131604584,1558192280,5,47492,49,8133,0.7966797980110935,1551902532,11,47196,49,8164
0,0,0,0,0,0,0,0,0,0,0,0,1.4160966820519527,1558195877,13,47444,49,35,1.3164450408810378,1556095686,6,47416,49,8180,1.2923746552480675,1556097210,11,47408,49,24
0,0,0,0,0,0,0,0,0,0,0,0,0.9882278914323352,1551901592,7,47260,49,1,0.6309364293910761,1547707024,6,47129,49,8179,1.2951294822893296,1560291052,11,47405,49,18
0,0,0,0,0,0,0,0,0,0,0,0,1.7957206383168567,1562387177,6,47607,49,8183,1.3590780021688758,1558191772,5,47438,49,8162,0.8196292724101936,1549805338,11,47203,49,8167
0,0,0,0,0,0,0,0,0,0,0,0,1.7943952583131042,1545612696,13,47092,49,8177,1.2042498145731977,1556094773,5,47372,49,8,1.2897239153219207,1558190570,4,47402,49,8165
0,0,0,0,0,0,0,0,0,0,0,0,1.412628051176188,1558193260,7,47443,49,46,0.7462935524610566,1547705927,5,47174,49,8189,0.806879362849803,1549805669,11,47200,49,8140
0,0,0,0,0,0,0,0,0,0,0,0,1.4602594917294176,1558192909,6,47464,49,8180,0.6238987845961156,1547707141,6,47126,49,8159,1.2714661917854986,1558193893,11,47397,49,8182
0,0,0,0,0,0,0,0,0,0,0,0,1.0797172874593717,1554001552,13,47299,49,30,1.3620354483049382,1558191702,5,47441,49,8150,0.8053495187976741,1549805343,11,47199,49,42
0,0,0,0,0,0,0,0,0,0,0,0,1.1000141865954292,1554002187,14,47308,49,8163,1.3471459770648786,1556095262,5,47427,49,8115,1.2754441521876319,1558193416,10,47398,49,8144
0,0,0,0,0,0,0,0,0,0,0,0,0.721104036929882,1547709316,13,47143,49,10,0.8933702935961858,1549803797,6,47236,49,40,0.796374916036648,1551902385,10,47191,49,8180
0,0,0,0,0,0,0,0,0,0,0,0,0.7537419261676608,1547707281,6,47159,49,52,0.7864784216726814,1549804460,6,47195,49,48,1.2284242801265088,1556097064,11,47379,49,9
0,0,0,0,0,0,0,0,0,0,0,0,1.5582772051392548,1560292381,13,47503,49,8166,1.5397108884153077,1560289438,5,47514,49,8,0.7517009297127073,1549805372,10,47173,49,8153
0,0,0,0,0,0,0,0,0,0,0,0,1.5770442607345447,1560291835,12,47511,49,8099,1.497077933710427,1558191751,5,47492,49,8149,1.1531515930614913,1554000219,11,47348,49,6
0,0,0,0,0,0,0,0,0,0,0,0,1.2205724388641541,1556097877,12,47358,49,12,1.061355504493366,1553997289,5,47308,49,6,0,1549805193,10,47118,49,8158
0,0,0,0,0,0,0,0,0,0,0,0,1.2781989789832167,1556098374,13,47385,49,50,1.050339900564621,1551900180,5,47304,49,8165,1.05003685977006,1553999095,9,47295,49,8149
0,0,0,0,0,0,0,0,0,0,0,0,0.9500822056696966,1551904027,13,47242,49,25,0.6908084297457107,1547706829,6,47149,49,8135,1.683627589505828,1564485442,11,47571,49,8126
0,0,0,0,0,0,0,0,0,0,0,0,1.037389179699186,1551904178,13,47282,49,8,0.744559246905324,1547705803,5,47174,49,8132,0.9417173607607606,1553999806,11,47253,49,1
0,0,0,0,0,0,0,0,0,0,0,0,0.7287532615705627,1547707010,6,47148,49,8130,1.6221234654602052,1560289721,6,47546,49,53,1.6682269371269371,1562387794,10,47562,49,8118
0,0,0,0,0,0,0,0,0,0,0,0,0.8356433341084935,1549804064,6,47196,49,44,1.6608806924583943,1562386571,5,47566,49,4,0.8925542538240999,1553999529,11,47239,49,8185
0,0,0,0,0,0,0,0,0,0,0,0,1.4886145491343517,1558196320,14,47474,49,21,1.155293006751932,1553998437,6,47347,49,12,1.5325728740421993,1562388864,11,47508,49,1
0,0,0,0,0,0,0,0,0,0,0,0,1.1320404952495697,1554001040,13,47322,49,30,0.9564024008080908,1551901527,6,47265,49,8170,1.3963072552857023,1558194207,11,47452,49,27
0,0,0,0,0,0,0,0,0,0,0,0,0.6693924038439271,1547707172,7,47122,49,16,0.7670997943780186,1549803137,5,47185,49,8149,1.189360328950141,1558193991,11,47361,49,8182
0,0,0,0,0,0,0,0,0,0,0,0,1.7947019534274975,1562386989,6,47601,49,5,0.8921471470160114,1549804276,6,47231,49,8141,1.535837034736098,1560291259,11,47508,49,8172
0,0,0,0,0,0,0,0,0,0,0,0,1.299516386895774,1556098546,13,47392,49,33,1.7559410574376426,1545609543,5,47090,49,8166,0.9319249031624643,1553999598,10,47253,49,8162
0,0,0,0,0,0,0,0,0,0,0,0,1.1500937459417073,1554001660,12,47329,49,8183,0.606254458939328,1547705654,5,47114,49,25,1.2593296868523605,1558194152,11,47387,49,27
0,0,0,0,,0,0,0,0,0,0,0,1.1735525654358194,1554000688,12,47339,49,32,1.158454927388239,1553998211,5,47348,49,8159,1.5466481647811454,1562388244,10,47514,49,61
0,0,0,0,0,0,0,0,0,0,0,0,1.058502117028445,1554001441,13,47291,49,8181,1.2205687506051985,1556094590,5,47379,49,8150,0.6426676385355761,1549805655,11,47129,49,8142
0,0,0,0,0,0,0,0,0,0,0,0,1.8123462758469548,1547709719,13,47100,49,8157,0.9431431492472944,1551900350,5,47259,49,15,1.2941089708480216,1558194024,11,47406,49,8131
0,0,0,0,0,0,0,0,0,0,0,0,1.7279967573996642,1562386947,6,47575,49,0,1.1411154815492282,1553998891,6,47342,49,8178,1.642522598056685,1564485494,10,47558,49,8191
0,0,0,0,0,0,0,0,0,0,0,0,1.2080269902463487,1554000907,12,47353,49,8189,1.0474846823925918,1551900698,5,47300,49,0,1.4152787845509802,1558194235,11,47458,49,8162
0,0,0,0,0,0,0,0,0,0,0,0,0.766185143500318,1547709951,13,47165,49,8153,0.7562886551762019,1549803780,6,47179,49,8148,0.8703204033636446,1551903115,11,47225,49,8173
0,0,0,0,0,0,0,0,0,0,0,0,0.7012142565520143,1547704407,3,47138,49,1,0.9327391180704998,1551901030,5,47257,49,8076,1.2320973783644347,1556096864,10,47374,49,10
0,0,0,0,0,0,0,0,0,0,0,0,1.4694404017007372,1558195173,13,47462,49,36,0.6940725790978668,1547705673,5,47149,49,8165,0.640832903991214,1549805849,10,47123,49,3
0,0,0,0,0,0,0,0,0,0,0,0,1.4143623667472975,1558192957,7,47442,49,19,0.9126466878467433,1551900790,6,47246,49,11,0.9774149281445189,1553999724,11,47271,49,8182
0,0,0,0,0,0,0,0,0,0,0,0,0.964055265847882,1551903777,12,47249,49,44,0.6963162305121386,1547707139,6,47151,49,8141,1.649766600448151,1562388766,10,47551,49,8155
0,0,0,0,0,0,0,0,0,0,0,0,0.8686901427979375,1549804515,6,47210,49,4,0.9273335498177588,1551900735,5,47254,49,8164,0.693053883427085,1549805177,10,47147,49,8170
0,0,0,0,0,0,0,0,0,0,0,0,1.5995848013926153,1560291697,12,47524,49,8184,0.734666375357077,1547707035,6,47167,49,6,1.3454135138775976,1560291364,10,47423,49,8170
0,0,0,0,0,0,0,0,0,0,0,0,1.515235290037363,1560292325,13,47487,49,8175,0.9973028943172619,1551900640,5,47280,49,8145,1.6079478094660802,1562388290,10,47537,49,8146
0,0,0,0,0,0,0,0,0,0,0,0,1.0431014470366715,1551904410,13,47284,49,11,0.7673042570892968,1549803520,5,47183,49,8107,1.0465682395636977,1553999633,10,47297,49,8191
0,0,0,0,0,0,0,0,0,0,0,0,0.9468180540917195,1551903841,13,47244,49,8185,1.0690047194425014,1553998080,5,47313,49,8119,1.3478597783054882,1558194275,11,47431,49,24
0,0,0,0,0,0,0,0,0,0,0,0,0.9468180540917195,1551903841,13,47244,49,8185,0.9026515884707818,1551900429,5,47240,49,4,0.7873985025224175,1549805554,11,47190,49,4
0,0,0,0,0,0,0,0,0,0,0,0,1.6198816984079007,1560290212,7,47533,49,45,1.2287291428377005,1556095605,6,47379,49,8169,1.1392807721929756,1558194011,11,47340,49,8178
0,0,0,0,0,0,0,0,0,0,0,0,1.1653921781472194,1554000553,12,47341,49,6,1.0552361321468764,1551900182,5,47304,49,38,0.5499550898671397,1549805566,10,47086,49,8167
0,0,0,0,0,0,0,0,0,0,0,0,1.0719658361591442,1551903557,12,47297,49,8146,1.3563250333427843,1556094396,5,47427,49,8182,0.8569589185727776,1554000050,11,47220,49,8189
0,0,0,0,0,0,0,0,0,0,0,0,1.812755203494603,1562389797,12,47610,49,42,1.0828755438419837,1553997839,5,47316,49,20,1.4489371695030668,1562388086,10,47472,49,6
0,0,0,0,0,0,0,0,0,0,0,0,1.6492572772289258,1560290173,6,47541,49,8163,1.2999216358049424,1556095297,5,47404,49,8156,1.7176931420441746,1562389010,11,47589,49,61
0,0,0,0,0,0,0,0,0,0,0,0,1.1047059502867889,1554000986,12,47312,49,41,1.0222915574936713,1551900545,5,47286,49,8157,1.0556450660205066,1556097284,11,47304,49,8158
0,0,0,0,0,0,0,0,0,0,0,0,0.9070402921196153,1551903617,12,47226,49,8186,1.1947658998981914,1553998006,6,47355,49,8173,1.2363802006913953,1558194192,11,47380,49,7
0,0,0,0,0,0,0,0,0,0,0,0,1.5764326968149038,1560292951,12,47511,49,8171,0.8904128413784358,1549803711,5,47227,49,18,0.5516875991818923,1549805558,11,47093,49,14
0,0,0,0,0,0,0,0,0,0,0,0,1.3455157509703273,1556098334,13,47415,49,11,1.024739672709243,1551900049,5,47286,49,8154,0.6883621197038081,1549805507,10,47145,49,8149
0,0,0,0,0,0,0,0,0,0,0,0,0.8006595655708105,1549805814,12,47181,49,1,0.7419084841472572,1547706284,5,47163,49,8172,1.2049654625314798,1556096568,10,47368,49,8154
0,0,0,0,0,0,0,0,0,0,0,0,0.9643619610188563,1551903297,12,47248,49,13,0.6899923953461492,1547706844,6,47144,49,8135,0.5886101283387648,1549805515,11,47107,49,31
0,0,0,0,0,0,0,0,0,0,0,0,1.5894874720493883,1560290653,7,47519,49,5,1.5929523686747664,1560289489,5,47531,49,29,1.0195385669592192,1551902537,11,47290,49,8165
0,0,0,0,0,0,0,0,0,0,0,0,1.3465362618627303,1558194776,12,47413,49,8169,1.6734261449295509,1562386734,6,47566,49,9,1.0123986880658309,1553999564,11,47288,49,8149
0,0,0,0,0,0,0,0,0,0,0,0,0.7733250191519705,1547709513,13,47171,49,8170,1.363974244081963,1558192473,6,47432,49,8161,1.403856087503535,1560291443,10,47450,49,8183
0,0,0,0,0,0,0,0,0,0,0,0,1.7067815684985923,1562387246,7,47571,49,58,1.4917746092981814,1558192377,6,47483,49,37,1.3512261735491726,1560291042,11,47430,49,9
0,0,0,0,0,0,0,0,0,0,0,0,1.126634926128422,1553998387,6,47323,49,8185,1.187626019665665,1553998052,5,47353,49,8166,0.5507711266316971,1547708001,11,47086,49,8142
0,0,0,0,0,0,0,0,0,0,0,0,0.894290381734645,1549804311,6,47225,49,25,1.2968619510728352,1556094605,5,47402,49,8175,1.7534947625093147,1547709273,11,47086,49,8184
0,0,0,0,0,0,0,0,0,0,0,0,1.5492003906777347,1560292402,13,47500,49,28,0.9908768239450825,1551900877,5,47274,49,8123,0.9133623139239133,1551902325,10,47243,49,8175
0,0,0,0,0,0,0,0,0,0,0,0,1.3520440651183463,1556097784,12,47417,49,8191,1.1521310890783887,1553997532,5,47341,49,0,0.9230525380652403,1551903324,11,47244,49,8173
0,0,0,0,0,0,0,0,0,0,0,0,0.8215680420449767,1549807931,13,47194,49,78,0.8895968034773347,1549803514,5,47227,49,8182,1.3349072375396807,1558190986,4,47422,49,8182
0,0,0,0,0,0,0,0,0,0,0,0,0.654501075016902,1547709444,13,47120,49,8190,1.0646196617797696,1553996989,5,47303,49,8158,1.274016545877695,1558194162,11,47395,49,8147
0,0,0,0,0,0,0,0,0,0,0,0,1.3629574357878858,1556098359,13,47422,49,12,0.7811750877820648,1549803548,5,47186,49,8118,1.6485397217969002,1564485392,11,47563,49,8179
0,0,0,0,0,0,0,0,0,0,0,0,1.196909150120684,1556098849,14,47354,49,35,1.0520742147342232,1551900978,5,47298,49,8131,1.6279379869104926,1562388007,9,47549,49,31
0,0,0,0,0,0,0,0,0,0,0,0,0.7308946841823472,1547707181,6,47155,49,8173,0.8140174304936797,1549804387,6,47200,49,8148,0.8583883457661797,1549804880,10,47214,49,8114
0,0,0,0,0,0,0,0,0,0,0,0,1.2919694073823098,1556098021,12,47390,49,8148,1.2355623192668104,1556095074,5,47379,49,8131,1.2496394524836052,1558193737,10,47386,49,13
0,0,0,0,0,0,0,0,0,0,0,0,0.8458428989215203,1549806711,12,47204,49,36,1.0893016190004021,1553998249,6,47317,49,8166,0.5007937986614757,1564485195,10,47576,49,3
0,0,0,0,0,0,0,0,0,0,0,0,0.7935196893120325,1549804025,6,47181,49,28,1.495548094689797,1558191665,5,47486,49,8109,0.545058869163216,1547708236,10,47086,49,8170
0,0,0,0,0,0,0,0,0,0,0,0,1.5550130446729762,1560290067,7,47507,49,8183,1.352244835691395,1556094565,5,47427,49,8176,1.0259646409845087,1553999892,11,47291,49,8150
0,0,0,0,0,0,0,0,0,0,0,0,1.5435903489645932,1560293050,13,47499,49,0,1.7957188166076998,1545609074,5,47103,49,8185,1.1116395257016358,1556096540,11,47331,49,28
0,0,0,0,0,0,0,0,0,0,0,0,1.5435903489645932,1560293050,13,47499,49,0,1.650171808811822,1560289753,6,47554,49,8164,1.6235548141378053,1562389057,11,47536,49,8153
0,0,0,0,0,0,0,0,0,0,0,0,1.0914466968872538,1554001319,13,47308,49,34,0.8991829743722484,1549803015,5,47237,49,11,1.6955615216397888,1564485835,11,47574,49,50
0,0,0,0,0,0,0,0,0,0,0,0,0.6936672609098885,1547707223,6,47136,49,25,0.8211573070762069,1549803682,5,47202,49,8163,0.9740485417350025,1551903036,11,47272,49,8158
0,0,0,0,0,0,0,0,0,0,0,0,0.6795919688144543,1547710204,13,47128,49,47,1.3210345710515932,1556095294,5,47413,49,11,1.169981705426509,1556097713,11,47351,49,33
0,0,0,0,0,0,0,0,0,0,0,0,1.012197871815372,1551903617,13,47267,49,28,0.8574682652206126,1549803868,5,47214,49,0,0.9183607742940874,1551902330,10,47242,49,8131
0,0,0,0,0,0,0,0,0,0,0,0,1.7910306903339257,1562389938,12,47599,49,8118,0.7237530068392027,1547706669,5,47157,49,8184,1.3275647340525503,1556096751,11,47414,49,0
0,0,0,0,0,0,0,0,0,0,0,0,1.721979619639549,1562390010,13,47572,49,15,1.061662209123156,1551900972,6,47300,49,8151,1.32256626173595,1558194428,11,47415,49,8183
0,0,0,0,0,0,0,0,0,0,0,0,1.2604524323472561,1556098242,13,47377,49,70,0.848594080890828,1549803182,5,47213,49,8171,1.6588415296837606,1564485458,10,47566,49,8130
0,0,0,0,0,0,0,0,0,0,0,0,1.1870162865897937,1554000497,12,47345,49,34,1.1152085516163877,1553997304,4,47327,49,46,1.7024969352700965,1564486336,11,47579,49,8157
0,0,0,0,0,0,0,0,0,0,0,0,0,547709383,13,47157,49,8173,0.9126466912778599,1551900715,6,47241,49,8117,0.8901079595493759,1551902504,11,47232,49,8179
0,0,0,0,0,0,0,0,0,0,0,0,0.7116182798270146,1547707298,6,47142,49,8151,1.2177135409468107,1556094989,6,47370,49,18,0.8525738497631608,1553996674,4,47216,49,8133
0,0,0,0,0,0,0,0,0,0,0,0,1.4581180837760477,1558195378,12,47463,49,36,0.9861850606367312,1551900620,5,47272,49,8162,1.3116528915087518,1556096694,10,47411,49,8
0,0,0,0,0,0,0,0,0,0,0,0,1.4158922089739023,1558195094,12,47445,49,21,1.2432115312444947,1556095624,6,47384,49,6,1.2355641612180224,1558193791,10,47381,49,1
0,0,0,0,0,0,0,0,0,0,0,0,0.9876163174986228,1551904886,13,47260,49,12,1.027085554419274,1551900996,6,47287,49,11,1.6823022281690985,1564486038,10,47569,49,16
0,0,0,0,0,0,0,0,0,0,0,0,0.944472172134329,1551901221,7,47243,49,4,1.270750543840064,1556095517,6,47394,49,8189,1.632834229595085,1564485546,10,47550,49,8175
0,0,0,0,0,0,0,0,0,0,0,0,1.706781568722014,1562387215,7,47569,49,8159,1.0498305667517638,1551900736,5,47296,49,3,0.8210568850751506,1551902592,11,47205,49,8123
0,0,0,0,0,0,0,0,0,0,0,0,1.6499710787419077,1560289669,6,47542,49,11,1.3148129653640053,1556094653,5,47410,49,43,0.8027991740780551,1551902793,11,47200,49,8154
0,0,0,0,0,0,0,0,0,0,0,0,1.2088430289335734,1556097723,12,47355,49,26,1.0659450368787007,1553997793,5,47306,49,8142,1.20527216801568,1558194697,11,47366,49,8191
0,0,0,0,0,0,0,0,0,0,0,0,1.1198017473549933,1554001809,14,47316,49,7,1.3354165709165053,1556095582,6,47416,49,8179,1.1572317872713311,1558194566,10,47349,49,8178
0,0,0,0,0,0,0,0,0,0,0,0,0.6724520939867601,1547709460,12,47126,49,30,1.0690047229534116,1553997354,5,47308,49,8136,1.5787767083430797,1560291050,11,47528,49,5
0,0,0,0,0,0,0,0,0,0,0,0,1.80245340572327,1545612505,12,47095,49,8160,1.346941506470743,1556095033,5,47423,49,8157,1.5938725180409106,1562389155,11,47532,49,8170
0,0,0,0,0,0,0,0,0,0,0,0,1.3386825766840693,1556098497,13,47410,49,8166,1.061355507605309,1551900897,6,47303,49,24,0.7758735550650517,1551902892,10,47184,49,8177
0,0,0,0,0,0,0,0,0,0,0,0,1.2370958472193547,1556098423,13,47366,49,8171,1.2645289382072946,1556095571,6,47391,49,8136,0.6989688008849314,1551902127,11,47154,49,8181
0,0,0,0,0,0,0,0,0,0,0,0,0.7754664411413664,1549807685,14,47172,49,63,1.0257601778195062,1551901574,6,47284,49,8185,1.0661513328779422,1556096593,10,47306,49,8188
0,0,0,0,0,0,0,0,0,0,0,0,0.6904031128233974,1547707420,7,47134,49,8159,1.2092482887716824,1553997352,5,47365,49,8155,1.0480980827512882,1553999613,10,47299,49,6
0,0,0,0,0,0,0,0,0,0,0,0,1.4338432248488135,1558194563,12,47453,49,8117,0.9181544926656396,1551900675,5,47243,49,8148,1.445572633454824,1560291588,11,47466,49,5
0,0,0,0,0,0,0,0,0,0,0,0,1.3871300589081135,1558195216,12,47431,49,4,1.1035813784337425,1553997805,5,47320,49,8158,1.3893718470634608,1560291574,11,47449,49,8138
0,0,0,0,0,0,0,0,0,0,0,0,1.3871300589081135,1558195216,12,47431,49,4,0.8274811465857397,1549803998,6,47203,49,8157,0.5319018431143561,1547708249,11,47080,49,8176
0,0,0,0,0,0,0,0,0,0,0,0,0.8560424644950124,1549804834,7,47206,49,24,0.9864917606766799,1551901422,6,47268,49,8181,1.6521106043958897,1564485416,10,47562,49,8189
0,0,0,0,0,0,0,0,0,0,0,0,1.5964228793127557,1560290407,7,47523,49,8155,0.7047814931544305,1547706692,5,47150,49,8182,0.8265646861125225,1551903000,11,47208,49,36
0,0,0,0,0,0,0,0,0,0,0,0,1.5372665052024634,1560293580,14,47495,49,32,0.7874989270695669,1549804194,6,47187,49,8173,0.77271163535297,1551903005,10,47184,49,8120
0,0,0,0,0,0,0,0,0,0,0,0,1.0622756091342014,1554001415,13,47296,49,8170,1.6751604672613378,1562386366,5,47564,49,8147,1.0886918788960305,1556097091,10,47318,49,8172
0,0,0,0,0,0,0,0,0,0,0,0,0.95079601186516,1551901405,7,47245,49,8183,1.7282998213878529,1545608928,5,47075,49,8148,0.9673175949382666,1551902745,11,47268,49,18
0,0,0,0,0,0,0,0,0,0,0,0,0.95079601186516,1551901405,7,47245,49,8183,1.3565276510698807,1556094131,5,47432,49,8164,1.3232800642619413,1558194474,10,47418,49,2
0,0,0,0,0,0,0,0,0,0,0,0,1.532676978877546,1560292735,13,47492,49,8167,1.3769267831307201,1558191526,5,47440,49,59,1.0904243544460177,1556097167,11,47325,49,8162
0,0,0,0,0,0,0,0,0,0,0,0,1.0375936448790808,1551901433,7,47282,49,3,1.0152539130418223,1551900815,5,47282,49,8160,1.3648943716793638,1560290992,10,47434,49,24
0,0,0,0,0,0,0,0,0,0,0,0,0.8560424644950124,1549807034,13,47206,49,8188,1.049014528826029,1551901403,6,47295,49,8172,1.2075158143828728,1556096834,10,47369,49,0
0,0,0,0,0,0,0,0,0,0,0,0,1.544813477303437,1560292934,12,47501,49,2,0.6030925440099826,1547705744,5,47107,49,8122,1.4857574757797578,1560288513,5,47489,49,8175
0,0,0,0,0,0,0,0,0,0,0,0,1.3920262951279734,1558195264,12,47431,49,28,0.6093141520053328,1545609371,6,47110,49,8190,1.2999234818973446,1558194320,11,47407,49,18
0,0,0,0,0,0,0,0,0,0,0,0,0.872668100022536,1549806944,13,47211,49,8182,1.3715212176676255,1558191535,5,47437,49,8162,1.5104394194550088,1560291297,11,47503,49,8187
0,0,0,0,0,0,0,0,0,0,0,0,0.7053966708723867,1547710809,14,47139,49,32,1.3956938359172815,1558192150,5,47448,49,8190,1.336437079217785,1558194338,11,47425,49,8130
0,0,0,0,0,0,0,0,0,0,0,0,0.7053966708723867,1547710809,14,47139,49,32,0.9948547829224034,1551901026,5,47274,49,8189,1.608661609994113,1562388655,11,47540,49,4
0,0,0,0,0,0,0,0,0,0,0,0,1.250966669606802,1556098078,12,47374,49,8150,0.9769037678156081,1551900959,5,47266,49,13,1.413341851735797,1558193903,11,47455,49,8169
0,0,0,0,0,0,0,0,0,0,0,0,1.8055130938267174,1547709194,12,47096,49,8165,1.7541045196715697,1545608763,5,47086,49,8172,1.502383125181672,1562388320,10,47494,49,62
0,0,0,0,0,0,0,0,0,0,0,0,1.3268509312528205,1556097635,12,47405,49,4,1.3538769153590764,1556095397,6,47426,49,8179,0.5559722406546149,1547708290,11,47093,49,8178
0,0,0,0,0,0,0,0,0,0,0,0,1.1960931117273044,1554000838,12,47351,49,8185,1.35816158614757,1556095152,5,47424,49,8156,1.6117212928084215,1562388849,10,47542,49,43
0,0,0,0,0,0,0,0,0,0,0,0,1.7930698777181626,1545612197,12,47090,49,8151,0.891024415796032,1549804023,6,47228,49,8186,1.67506010125337,1562388222,11,47572,49,8187
0,0,0,0,0,0,0,0,0,0,0,0,1.1932378938576576,1554001777,14,47347,49,8170,1.6479281676298483,1560289242,5,47551,49,8144,0.5827974346533835,1547708620,11,47105,49,8186
0,0,0,0,0,0,0,0,0,0,0,0,1.207313185745629,1554002308,14,47353,49,8187,0.6272651682181333,1547706895,6,47118,49,19,0.6653104169510767,1549806104,11,47144,49,24
0,0,0,0,0,0,0,0,0,0,0,0,0.7375252111422935,1547707262,7,47151,49,53,1.380802506613204,1558192058,5,47442,49,8174,0.9241734502823523,1553999887,11,47254,49,8174
0,0,0,0,0,0,0,0,0,0,0,0,1.7743028217398646,1562389634,13,47594,49,8115,1.3539791521673692,1556094939,5,47425,49,8132,0.7812791241296366,1549804956,10,47191,49,8187
0,0,0,0,0,0,0,0,0,0,0,0,1.2895212901518456,1556098277,13,47387,49,8132,0.90683401410669,1549804265,6,47233,49,8144,1.0721684710150512,1553999471,11,47315,49,21
0,0,0,0,0,0,0,0,0,0,0,0,1.1766122518734567,1553998812,7,47342,49,8164,0.8519604645131633,1549803980,6,47211,49,8162,0.937127828341385,1553996927,5,47255,49,8155
0,0,0,0,0,0,0,0,0,0,0,0,1.1766122518734567,1553998812,7,47342,49,8164,1.618145506367708,1560290071,6,47539,49,8,1.2234276537849098,1558193966,10,47376,49,8187
0,0,0,0,0,0,0,0,0,0,0,0,1.7356459783316507,1562387354,7,47581,49,8161,1.5364467318164923,1560289747,6,47508,49,14,1.0781856091514397,1556096923,10,47320,49,8190
0,0,0,0,0,0,0,0,0,0,0,0,1.2566789420781137,1556098082,12,47373,49,8190,1.0789998201440578,1553997627,5,47313,49,19,1.4710706202285724,1560291391,10,47484,49,8167
0,0,0,0,0,0,0,0,0,0,0,0,1.802146710014235,1547708919,12,47097,49,46,0.6057451131963054,1545609515,5,47105,49,8174,1.672714219423649,1562388409,11,47571,49,3
0,0,0,0,0,0,0,0,0,0,0,0,1.639567033029003,1560292697,13,47539,49,20,1.6968850898539134,1545609181,5,47063,49,8158,1.578062905851788,1562389014,11,47531,49,14
0,0,0,0,0,0,0,0,0,0,0,0,1.1186790080191233,1553998476,7,47321,49,8178,1.2512696882288354,1556096025,6,47384,49,8188,0.7091683638190065,1547708361,11,47162,49,8160
0,0,0,0,0,0,0,0,0,0,0,0,0.970990679433669,1551904128,12,47257,49,26,1.1984371549652668,1553997214,5,47358,49,8174,0.6100297505599974,1547708401,11,47118,49,8187
0,0,0,0,0,0,0,0,0,0,0,0,1.691176435453248,1562386739,6,47564,49,8163,0.7677131840188502,1547707319,6,47173,49,8123,0.9060179687449053,1553999773,10,47248,49,8142
0,0,0,0,0,0,0,0,0,0,0,0,1.52931058149445,1560293019,13,47495,49,8178,0.646032221451538,1547706991,6,47126,49,10,0.8730752117165574,1551903079,10,47225,49,29
0,0,0,0,0,0,0,0,0,0,0,0,0.8193243907555556,1549807003,12,47192,49,6,1.3150174385941054,1556095620,6,47407,49,8188,1.0231094201174618,1556096627,10,47290,49,1
0,0,0,0,0,0,0,0,0,0,0,0,1.4963659967356302,1558195758,13,47482,49,8179,0.82278938326143,1549804187,6,47201,49,2,1.3527560146440891,1558193852,10,47434,49,18
0,0,0,0,0,0,0,0,0,0,0,0,0.7485408137894388,1547706863,6,47158,49,10,1.397325915424693,1558192486,6,47448,49,8139,1.4698456278654457,1562388354,11,47486,49,3
0,0,0,0,0,0,0,0,0,0,0,0,1.720347535850135,1562389888,13,47574,49,8171,1.2544316090979344,1556096215,6,47385,49,27,1.3449023296593476,1558194174,10,47431,49,8131
0,0,0,0,0,0,0,0,0,0,0,0,1.152132925172676,1554001971,13,47337,49,8150,0.7612871149816737,1547706534,5,47172,49,23,1.6243689817315325,1560291235,11,47547,49,8163
0,0,0,0,0,0,0,0,0,0,0,0,1.5519533608907266,1560293721,14,47505,49,13,1.2198549518784483,1556095425,6,47372,49,14,1.6723053495420392,1564485494,10,47573,49,8190
0,0,0,0,0,0,0,0,0,0,0,0,0.791989844776275,1549806638,13,47180,49,8189,1.7785838397657183,1545609749,6,47094,49,8159,0.67581667238073,1549805690,10,47143,49,6
0,0,0,0,0,0,0,0,0,0,0,0,1.778076316166647,1562388815,12,47600,49,0,1.6215119074599336,1560289328,5,47538,49,17,0.49895726852085,1564485461,10,47581,49,8172
0,0,0,0,0,0,0,0,0,0,0,0,1.2392372597001593,1556098111,13,47371,49,18,1.1042951827200198,1553998149,5,47321,49,11,0.8416604777461625,1549805468,11,47213,49,8150
0,0,0,0,0,0,0,0,0,0,0,0,1.0101568668135945,1551901706,7,47273,49,8158,0.9398790006403152,1551901250,6,47253,49,1,0.648991475302973,1547708616,11,47134,49,2
0,0,0,0,0,0,0,0,0,0,0,0,1.660375124757306,1560290023,6,47546,49,8181,1.6532314916642696,1560288592,5,47555,49,8172,0.9061202023971853,1553999539,10,47245,49,8172
0,0,0,0,0,0,0,0,0,0,0,0,1.3920262952556428,1558195079,12,47433,49,8185,1.485553004380075,1558192303,5,47479,49,8189,0.7390532518330042,1549805577,11,47171,49,8157
0,0,0,0,0,0,0,0,0,0,0,0,0.8140210502898387,1549806511,12,47189,49,8185,0.9274357872321523,1551900532,5,47247,49,46,0.9633396362086716,1553999662,11,47268,49,8161
0,0,0,0,0,0,0,0,0,0,0,0,1.7608391044839609,1562387108,7,47594,49,8130,0.7683247601596426,1547706040,5,47175,49,8124,0.7929063026716545,1551902535,11,47195,49,4
0,0,0,0,0,0,0,0,0,0,0,0,1.1915035818325113,1556097811,12,47352,49,8118,1.4319025756003545,1558191427,4,47461,49,8178,1.059623023917127,1556097077,10,47308,49,8164
0,0,0,0,0,0,0,0,0,0,0,0,0.9434516699914303,1551903854,12,47248,49,23,1.2315843599897391,1556094431,5,47377,49,23,0.9001030600386883,1551902574,10,47240,49,18
0,0,0,0,0,0,0,0,0,0,0,0,1.5884669541823206,1560290195,7,47524,49,18,0.7488438994551537,1547706207,5,47166,49,8151,1.1651877058955054,1558193707,10,47353,49,8186
0,0,0,0,0,0,0,0,0,0,0,0,1.3881505706594912,1558194855,12,47432,49,8162,1.723812522337795,1545608690,4,47071,49,8182,1.0068927131360017,1554000039,10,47281,49,8154
0,0,0,0,0,0,0,0,0,0,0,0,0.8475772049420426,1549804647,7,47204,49,6,1.184157394440514,1553998234,6,47354,49,8160,1.2393376491172505,1558194085,10,47386,49,8131
0,0,0,0,0,0,0,0,0,0,0,0,0.6394052886659886,1547709758,12,47117,49,8142,0.9321275504926273,1551901534,6,47249,49,8167,1.019233694751487,1556096863,11,47288,49,8190
0,0,0,0,0,0,0,0,0,0,0,0,1.071354263789724,1554000507,12,47298,49,8174,1.2943115973545678,1556095094,5,47402,49,8144,1.0175012106037196,1553999324,11,47281,49,25
0,0,0,0,0,0,0,0,0,0,0,0,1.7006622027346419,1562387033,6,47568,49,8156,0.6733667640520679,1547706996,6,47138,49,6,1.2323000037477772,1556096965,11,47383,49,2
0,0,0,0,0,0,0,0,0,0,0,0,1.4487345557071052,1558195516,12,47462,49,8154,1.5398131316924308,1560289914,6,47507,49,8139,0.9296830737858436,1554000216,11,47246,49,43
0,0,0,0,0,0,0,0,0,0,0,0,0.8585928080866887,1549806313,12,47208,49,21,0.9127489244677045,1549803704,6,47239,49,8161,1.1628418240737637,1556097702,11,47352,49,8151
0,0,0,0,0,0,0,0,0,0,0,0,1.7514555766543982,1562387433,7,47590,49,8185,1.7292180915760318,1545609211,5,47074,49,8173,0.8540014614893374,1549805658,11,47220,49,6
0,0,0,0,0,0,0,0,0,0,0,0,1.0945063837557758,1553998466,7,47311,49,95,1.0612532742406142,1553996953,5,47303,49,8147,1.0149490357603534,1556096728,11,47290,49,68
0,0,0,0,0,0,0,0,0,0,0,0,0.7374229818450502,1547709257,12,47156,49,41,0.6343028131806601,1547706586,5,47121,49,8175,0.7078429809658261,1551902879,11,47157,49,8151
0,0,0,0,0,0,0,0,0,0,0,0,1.2792194880382977,1556095213,6,47388,49,18,1.165697045411908,1553997973,5,47343,49,8164,0.9017351361232787,1551902704,11,47240,49,8187
0,0,0,0,0,0,0,0,0,0,0,0,0.8694039493063278,1549806985,13,47214,49,8190,0.6978460782989406,1547706726,6,47146,49,8142,0.5536281494766627,1545610625,10,47085,49,8189
0,0,0,0,0,0,0,0,0,0,0,0,1.394881507761807,1558195228,13,47438,49,8157,1.2116964063716862,1553997069,5,47364,49,10,0.6936654597254148,1549805116,11,47152,49,22
0,0,0,0,0,0,0,0,0,0,0,0,1.4699497303983042,1558193239,6,47470,49,8177,1.1829342565807353,1553998203,5,47350,49,8132,1.6809750706281703,1564485846,11,47576,49,8182
0,0,0,0,0,0,0,0,0,0,0,0,0.9757846754353513,1551904263,13,47259,49,8171,0.6162495681819161,1547705710,5,47113,49,8180,1.2437245521591112,1558194382,11,47383,49,8141
0,0,0,0,0,0,0,0,0,0,0,0,1.4556699642631261,1558194976,12,47466,49,8190,1.066558440674152,1551900313,5,47298,49,8113,1.4081389002968654,1560291451,10,47459,49,11
0,0,0,0,0,0,0,0,0,0,0,0,0.9868002794369103,1551903804,12,47263,49,8155,1.6709780243768235,1562386438,5,47564,49,8161,1.0036285600717687,1551902688,11,47280,49,8183
0,0,0,0,0,0,0,0,0,0,0,0,1.0948130838423897,1554000783,12,47308,49,9,1.6291611145879479,1560289434,5,47542,49,8120,0.7623076085798216,1551902689,10,47182,49,8147
0,0,0,0,0,0,0,0,0,0,0,0,1.630999545172035,1562389730,13,47539,49,8146,0.9106075080060161,1549803270,5,47235,49,6,0.8867433919583835,1553999958,10,47226,49,8150
0,0,0,0,0,0,0,0,0,0,0,0,1.2901328587949144,1556095622,6,47393,49,33,1.5979508513830363,1560288974,5,47528,49,8178,1.671084016861121,1564484993,10,47560,49,4
0,0,0,0,0,0,0,0,0,0,0,0,0.631756063393915,1547709017,12,47112,49,8175,0.8872509227248244,1549804465,6,47224,49,8170,0.5528103219760286,1549805464,10,47092,49,5
0,0,0,0,0,0,0,0,0,0,0,0,1.4433289892191397,1558195505,13,47459,49,8188,1.583671082764449,1560290103,6,47524,49,8168,1.2732005060619063,1558194262,11,47397,49,0
0,0,0,0,0,0,0,0,0,0,0,0,0.8047397526040254,1549806795,13,47184,49,29,0.8683816370818306,1549804527,6,47217,49,7,1.3276651180044758,1560291181,10,47423,49,8186
0,0,0,0,0,0,0,0,0,0,0,0,1.614987325743439,1560293331,13,47528,49,8191,1.5365489716174052,1560288909,5,47506,49,26,0.7990256793540748,1551902797,11,47198,49,4
0,0,0,0,0,0,0,0,0,0,0,0,1.790214652943797,1562386709,6,47602,49,8158,1.4973846515834708,1558192424,5,47482,49,18,1.4949383916274255,1560291825,11,47487,49,8168
0,0,0,0,0,0,0,0,0,0,0,0,1.1096021809426333,1553998107,6,47315,49,58,0.7365029143735605,1547706208,5,47158,49,8113,1.5240072530653965,1562388639,11,47498,49,24
0,0,0,0,0,0,0,0,0,0,0,0,0.7575154226676183,1547709128,12,47167,49,8161,1.3699913764370726,1558192071,5,47435,49,18,1.0142352312135148,1554000304,10,47288,49,8146
0,0,0,0,0,0,0,0,0,0,0,0,1.3216498346827201,1556097545,12,47404,49,8160,0.6186976793082585,1547706237,5,47113,49,57,1.0586025176266416,1556096641,10,47309,49,8184
0,0,0,0,0,0,0,0,0,0,0,0,0.9773145193462923,1551904502,13,47260,49,8105,1.3100189667301276,1556095053,5,47407,49,8156,0.5579110002961646,1547708375,11,47090,49,8180
0,0,0,0,0,0,0,0,0,0,0,0,1.5459362309539013,1560292066,12,47501,49,6,1.7282998220421564,1545608749,5,47074,49,13,0.6271665280683023,1549805411,10,47115,49,8179
0,0,0,0,0,0,0,0,0,0,0,0,1.2105773408955682,1554000820,12,47357,49,50,1.1984371554759443,1553996988,5,47357,49,8157,1.304817866360279,1558194527,11,47415,49,8182
0,0,0,0,0,0,0,0,0,0,0,0,1.4043672721133924,1558195216,12,47441,49,12,1.0690047236555933,1553997521,5,47307,49,8154,0.8223840788050197,1551902725,12,47201,49,7
0,0,0,0,0,0,0,0,0,0,0,0,0.7390550562331398,1549806162,12,47156,49,44,1.5129897837493427,1558192116,5,47490,49,8112,0.8848046213997787,1553999624,10,47229,49,6
0,0,0,0,0,0,0,0,0,0,0,0,1.5307381853675897,1560289952,6,47498,49,30,0.9065273174722002,1549803553,5,47236,49,8167,1.5322680263990258,1560291408,11,47504,49,69
0,0,0,0,0,0,0,0,0,0,0,0,0.87878747713589,1549806301,12,47218,49,46,1.3196069657672103,1556095375,5,47410,49,8172,1.5370620285482774,1562388220,10,47505,49,8152
0,0,0,0,0,0,0,0,0,0,0,0,1.6151899341101112,1560291864,12,47534,49,8157,0.6633716601278812,1547706568,5,47132,49,8171,1.0117871163022196,1554000451,11,47287,49,8132
0,0,0,0,0,0,0,0,0,0,0,0,1.6053993208413262,1560292736,13,47526,49,49,1.5491966583091332,1560290271,6,47511,49,8178,1.6307950662635025,1560290811,11,47546,49,6
0,0,0,0,0,0,0,0,0,0,0,0,0.8665487225650212,1549804047,6,47210,49,3,0.6891763586749036,1547706675,5,47143,49,8174,1.6150858174814877,1562388509,11,47548,49,19
0,0,0,0,0,0,0,0,0,0,0,0,1.506056237135667,1558195989,14,47484,49,8190,1.1371375259901884,1553998341,5,47335,49,8168,1.0098483383521688,1554000691,12,47290,49,8169
0,0,0,0,0,0,0,0,0,0,0,0,1.2453566314201623,1556098924,13,47376,49,8181,0.6135987953657308,1545608867,5,47108,49,8189,1.6207981013550494,1562385154,4,47548,49,9
0,0,0,0,0,0,0,0,0,0,0,0,1.584795707847351,1560290068,7,47520,49,8188,0.8558361901455674,1549804058,6,47213,49,10,1.6307931889240386,1562385936,5,47554,49,8186
0,0,0,0,0,0,0,0,0,0,0,0,0.8879665421606189,1549804628,7,47224,49,7,1.1913995097633596,1553997407,5,47355,49,8174,0.9887372306539186,1553999416,10,47273,49,8188
0,0,0,0,0,0,0,0,0,0,0,0,1.214453066110985,1556095059,6,47359,49,8167,1.3785588625104621,1558192729,6,47440,49,8158,0.9498777413862698,1553999852,11,47254,49,73
0,0,0,0,0,0,0,0,0,0,0,0,1.665473973254094,1562389180,12,47553,49,3,1.692295439213843,1545608879,5,47060,49,8142,1.5125808238227967,1560291638,11,47505,49,8170
0,0,0,0,0,0,0,0,0,0,0,0,0.7740388264135422,1547710032,13,47173,49,8187,0.7217138160139966,1547706452,5,47152,49,8188,1.4906537161288187,1562388189,10,47488,49,8137
0,0,0,0,0,0,0,0,0,0,0,0,1.1917080505684094,1554000807,12,47350,49,8159,0.9768015346902936,1551901194,5,47267,49,8114,0.8313586815986957,1549806053,11,47208,49,8149
0,0,0,0,0,0,0,0,0,0,0,0,1.4510804376405577,1558194587,12,47463,49,8188,1.2058837400967573,1553997239,5,47357,49,8179,0.760777764791011,1551902705,10,47180,49,20
0,0,0,0,0,0,0,0,0,0,0,0,0.6433832444699228,1547703432,2,47118,49,8169,1.4546475902687177,1558192846,5,47470,49,8141,1.2899265369726014,1558194427,11,47408,49,8184
0,0,0,0,0,0,0,0,0,0,0,0,0.9180558956361672,1551903479,12,47233,49,1,1.624673829584558,1560289429,5,47539,49,8126,1.1909905611188694,1556096834,11,47370,49,20
0,0,0,0,0,0,0,0,0,0,0,0,1.2892145842323344,1556096366,7,47394,49,10,0.6428703026515169,1547705980,5,47125,49,8175,1.6590460098891964,1562388887,11,47565,49,8183
0,0,0,0,0,0,0,0,0,0,0,0,1.5453246666161988,1560292057,12,47499,49,8,0.8456366255281929,1549804662,6,47209,49,8187,1.5757170253705752,1562389037,11,47526,49,8184
0,0,0,0,0,0,0,0,0,0,0,0,0.7093746271429294,1547706669,6,47143,49,8189,1.0752263299371176,1553997877,5,47310,49,15,0.7492528160663211,1551902298,10,47177,49,8190
0,0,0,0,0,0,0,0,0,0,0,0,0.9373322942144576,1551904157,12,47244,49,16,1.2778904257194832,1556095321,5,47395,49,8186,0.6602115360874524,1549805315,10,47138,49,18
0,0,0,0,0,0,0,0,0,0,0,0,1.2708564691992617,1556098258,12,47382,49,8183,1.5210460784590263,1560288873,5,47499,49,8118,1.0355526339496042,1556096883,11,47298,49,8180
0,0,0,0,0,0,0,0,0,0,0,0,1.4757642454122095,1558192803,6,47469,49,24,1.675058226977858,1562386826,6,47565,49,8148,0.919788384618682,1553999989,11,47249,49,2
0,0,0,0,0,0,0,0,0,0,0,0,1.7177971915117847,1562390732,13,47576,49,19,0.7647557257739034,1547706781,5,47170,49,21,1.3062473237659558,1556096581,11,47412,49,8182
0,0,0,0,0,0,0,0,0,0,0,0,0.6975429878911673,1547710210,13,47139,49,5,0.9123418155579505,1549803735,5,47235,49,10,1.1691656650146973,1558194538,11,47356,49,8145
0,0,0,0,0,0,0,0,0,0,0,0,0.9247868466381268,1549803908,6,47239,49,8148,1.1681451618181218,1553997236,5,47343,49,8171,1.626307780555072,1562388552,10,47546,49,16
0,0,0,0,0,0,0,0,0,0,0,0,1.0806355586900522,1554001046,13,47303,49,8180,1.3555089943821632,1556095225,5,47426,49,29,1.4664810945364763,1558194103,11,47481,49,25
0,0,0,0,0,0,0,0,0,0,0,0,1.2909488979050439,1556095628,6,47393,49,8186,1.5868330041251435,1560289559,5,47526,49,8185,0.723040999898409,1549801924,4,47162,49,8166
0,0,0,0,0,0,0,0,0,0,0,0,1.4444517393604015,1558194641,12,47456,49,3,0.5987074679704605,1545609249,5,47102,49,8142,0.594933963735106,1547708595,11,47114,49,8180
0,0,0,0,0,0,0,0,0,0,0,0,1.682813426751805,1562390127,14,47559,49,8182,0.8347232547552887,1549803003,5,47204,49,71,0,1556096408,10,47295,49,13
0,0,0,0,0,0,0,0,0,0,0,0,0.6332859084913498,1547709930,13,47113,49,10,1.0545223307303797,1551901077,6,47297,49,8182,0.980169740561698,1554000389,11,47273,49,17
0,0,0,0,0,0,0,0,0,0,0,0,0.8405395590219948,1549806697,12,47201,49,13,1.334600531981213,1556096086,6,47415,49,8139,1.39834828276514,1558191116,5,47453,49,11
0,0,0,0,0,0,0,0,0,0,0,0,0.9856793633808669,1551901536,6,47258,49,7,1.5089095838464133,1558191847,5,47490,49,8141,1.3060428510396545,1556097139,11,47414,49,8182
0,0,0,0,0,0,0,0,0,0,0,0,1.1997662037495402,1556097839,13,47351,49,37,1.7835823006007816,1545609603,5,47093,49,8176,0.4881461235454062,1564485694,11,47577,49,8173
0,0,0,0,0,0,0,0,0,0,0,0,1.3190994815852344,1556098388,12,47405,49,5,0.7378282977217772,1547706631,5,47162,49,15,1.6042746872817348,1560291045,10,47546,49,32
0,0,0,0,0,0,0,0,0,0,0,0,1.6351819852930785,1560292447,12,47538,49,8153,1.1063343605433262,1553998092,5,47325,49,18,0.7156966633503398,1549805118,11,47162,49,8154
0,0,0,0,0,0,0,0,0,0,0,0,1.7563518036429482,1562387217,6,47590,49,8169,1.3595891918427307,1556094437,5,47426,49,8169,1.133365867917684,1554000258,11,47339,49,14
0,0,0,0,0,0,0,0,0,0,0,0,0.7319151806640626,1547709896,13,47154,49,8171,1.676283228082967,1562386008,5,47561,49,30,1.4005919278143504,1560290893,9,47453,49,8165
0,0,0,0,0,0,0,0,0,0,0,0,0.8085132488559401,1549806751,13,47187,49,8161,1.8044907714434688,1545610150,6,47104,49,8166,1.2270989079906205,1558194139,10,47378,49,8
0,0,0,0,0,0,0,0,0,0,0,0,0.9367207199293126,1551903872,12,47242,49,8189,0.8996941368150628,1549804358,6,47231,49,8171,1.463216935274711,1560291091,11,47479,49,8191
0,0,0,0,0,0,0,0,0,0,0,0,0.961097809542195,1551903603,12,47251,49,41,1.0249441399374872,1551900851,5,47283,49,6,0.6140077071386354,1547707901,10,47117,49,16
0,0,0,0,0,0,0,0,0,0,0,0,0.985882009083957,1551901312,6,47264,49,8153,1.088485581031989,1553997185,5,47316,49,8170,1.6243689817315325,1562388119,11,47547,49,19
0,0,0,0,0,0,0,0,0,0,0,0,1.0510573639948462,1551901306,7,47289,49,20,1.2316865958467704,1556094212,5,47376,49,13,0.8057584431640281,1551903494,11,47197,49,28
0,0,0,0,0,0,0,0,0,0,0,0,1.071354263789724,1554000946,12,47298,49,30,1.3495940984255677,1556095224,5,47420,49,8180,0.6023805270451479,1549804989,10,47111,49,8184
0,0,0,0,0,0,0,0,0,0,0,0,1.082981440671381,1554001481,13,47304,49,39,1.412421720206301,1558192444,5,47452,49,8170,0.92437791638097,1551902999,11,47250,49,8175
0,0,0,0,0,0,0,0,0,0,0,0,1.083083673816057,1554001035,13,47303,49,8131,1.5081957820663323,1558191621,5,47489,49,8170,0.7290581480045085,1549805238,10,47165,49,8187
0,0,0,0,0,0,0,0,0,0,0,0,1.0613591630849075,1551903707,13,47292,49,8186,1.6584344542237353,1560289419,6,47552,49,8157,0.8126938576046293,1549805214,11,47201,49,8137
0,0,0,0,0,0,0,0,0,0,0,0,1.00322145330621,1551904426,13,47270,49,8182,1.6741399459095987,1562385931,5,47566,49,8182,1.0494234580688597,1556096840,11,47304,49,72
0,0,0,0,0,0,0,0,0,0,0,0,0.9665033795948518,1551903962,12,47254,49,8117,1.7072891184469288,1545609700,6,47065,49,8111,0.843088090180768,1549805642,11,47215,49,8170
0,0,0,0,0,0,0,0,0,0,0,0,0.8288101491552489,1549806472,12,47196,49,8168,0.604826847172254,1545608797,5,47106,49,8158,0.8155490829470371,1551902419,10,47205,49,8168
0,0,0,0,0,0,0,0,0,0,0,0,0.7467042800880264,1547706564,6,47161,49,4,0.6398106136133466,1547706683,6,47123,49,8160,1.0572771420953853,1556096763,11,47307,49,8157
0,0,0,0,0,0,0,0,0,0,0,0,0.6961153716451698,1547709101,12,47132,49,8180,0.7010079972835237,1547706566,5,47147,49,8153,0.8401306336648857,1551902969,11,47212,49,8125
0,0,0,0,0,0,0,0,0,0,0,0,0.6162531546084222,1545613134,13,47099,49,20,0.7591456930763174,1547706583,6,47172,49,38,1.0425921075055766,1553999862,11,47291,49,8184
0,0,0,0,0,0,0,0,0,0,0,0,1.7594114919809194,1562387016,6,47587,49,63,0.7742396727798356,1549803598,5,47184,49,47,0.7505781992556707,1551902852,10,47178,49,55
0,0,0,0,0,0,0,0,0,0,0,0,1.660884448429988,1560292475,12,47545,49,21,0.8410470920854122,1549804352,6,47209,49,18,0.8856188406661236,1553999659,10,47236,49,8142
0,0,0,0,0,0,0,0,0,0,0,0,1.5693950508469803,1560288885,6,47506,49,7,0.8716457864214935,1549803632,5,47221,49,8190,0.6380799010917468,1547708862,11,47119,49,8136
0,0,0,0,0,0,0,0,0,0,0,0,1.4755597712746644,1558194640,12,47466,49,8154,0.8730733983474707,1549803309,5,47223,49,2,0.7520076209131552,1551902380,10,47170,49,25
0,0,0,0,0,0,0,0,0,0,0,0,1.3989617050002565,1558195259,12,47433,49,69,0.9008168694081721,1549804251,6,47231,49,8187,1.6077433304464936,1562388170,11,47540,49,32
0,0,0,0,0,0,0,0,0,0,0,0,1.2370958471874374,1556098721,14,47364,49,8158,0.8896990345044115,1549803922,5,47228,49,8174,1.695663752969925,1564485272,10,47574,49,12
0,0,0,0,0,0,0,0,0,0,0,0,1.1103159861167413,1554001034,13,47311,49,35,0.8623644911264081,1549804087,5,47216,49,8151,1.3252169998587657,1560291477,10,47422,49,15
0,0,0,0,0,0,0,0,0,0,0,0,0,1549803826,6,47226,49,8190,0.8164655424113679,1549803915,6,47202,49,8161,1.4262943909671808,1560291218,11,47463,49,20
0,0,0,0,0,0,0,0,0,0,0,0,0.767817218007756,1549806544,12,47165,49,6,0.7789314360722281,1549802788,5,47186,49,8176,1.0889985807829017,1553999891,10,47314,49,8138
0,0,0,0,0,0,0,0,0,0,0,0,1.7495186195275927,1562386823,6,47580,49,8173,0.7597572691810319,1547706338,5,47174,49,8178,1.1681469963563007,1553999505,10,47346,49,27
0,0,0,0,0,0,0,0,0,0,0,0,1.6040739549712055,1560292505,13,47518,49,54,0.708861678086749,1547707168,6,47153,49,4,0.7942334957153004,1551902940,11,47188,49,24
0,0,0,0,0,0,0,0,0,0,0,0,1.4030419017807472,1558195728,13,47433,49,1,0.6194132817089649,1545609502,6,47110,49,8159,0.8098386316515941,1551902217,11,47195,49,6
0,0,0,0,0,0,0,0,0,0,0,0,1.2582087851630224,1556099240,14,47373,49,8177,1.7143267616859275,1545609690,6,47071,49,29,1.6237555437700075,1564485183,10,47551,49,0
0,0,0,0,0,0,0,0,0,0,0,0,1.0590132804811905,1554000479,12,47286,49,8187,1.621614145460955,1560289864,6,47540,49,1,0.47702823368212965,1564485345,10,47570,49,1
0,0,0,0,0,0,0,0,0,0,0,0,0.9320289561422009,1551904732,14,47235,49,30,1.5452186941070758,1560290140,6,47513,49,0,1.3651992269289226,1560291587,11,47438,49,27
0,0,0,0,0,0,0,0,0,0,0,0,0.7454811235210104,1547709808,13,47152,49,8168,1.476985515879221,1558192071,5,47478,49,8165,1.498100313567817,1558194029,11,47487,49,8188
0,0,0,0,0,0,0,0,0,0,0,0,1.8368255976280798,1547709630,13,47108,49,1,1.363974242837186,1558191177,4,47434,49,8170,1.1012373270968363,1556097173,11,47322,49,8163
0,0,0,0,0,0,0,0,0,0,0,0,1.6370166734383835,1560292291,12,47539,49,47,0,1556094860,5,47390,49,2,1.2144512248223467,1558193897,11,,49,8170
0,0,0,0,0,0,0,0,0,0,0,0,1.5434881112463648,1560293235,13,47497,49,8158,1.1877282537307843,1553997355,5,47354,49,48,0.8837841199663211,1549805141,10,47230,49,8151
0,0,0,0,0,0,0,0,0,0,0,0,1.3668331604759705,1556098015,12,47421,49,4,1.0576842509271274,1551900269,5,47298,49,8182,0.9893488030219105,1551902033,10,47275,49,8164
0,0,0,0,0,0,0,0,0,0,0,0,1.2574949809689822,1556097782,11,47373,49,30,0.9369215465693088,1551900135,5,47250,49,8,0.6547037362403931,1549805207,10,47132,49,8149
0,0,0,0,0,0,0,0,0,0,0,0,1.0665602668659158,1551903560,13,47293,49,30,0.7649583792492463,1549802718,5,47176,49,8129,0.7594523821452934,1549805003,10,47177,49,55
0,0,0,0,0,0,0,0,0,0,0,0,0.9029601034194015,1551904199,13,47225,49,8174,0.6350166205854693,1547707284,6,47122,49,15,1.6302857435341656,1562388898,11,47543,49,9
0,0,0,0,0,0,0,0,0,0,0,0,0.6739819390418702,1547709394,12,47126,49,21,1.663126217787425,1560289306,6,47554,49,4,1.673020940491135,1562388947,11,47564,49,51
0,0,0,0,0,0,0,0,0,0,0,0,1.7125960915386893,1562389885,13,47567,49,49,1.5213527942023197,1558192225,5,47496,49,8175,1.3442907645393916,1558190979,4,47427,49,8133
0,0,0,0,0,0,0,0,0,0,0,0,1.4365980534674185,1558193060,6,47449,49,2,1.269425174372474,1556095354,5,47390,49,8173,1.2999216299002305,1560291479,10,47414,49,8150
0,0,0,0,0,0,0,0,0,0,0,0,1.277791880125513,1556098101,12,47382,49,8179,1.112862670632477,1553998380,6,47325,49,8151,0.944674815322046,1551902718,11,47257,49,8148
0,0,0,0,0,0,0,0,0,0,0,0,1.0155624366081304,1551901588,6,47273,49,8190,0.8817431208794528,1549803610,5,47223,49,8160,0.9336592117527377,1553999697,11,47253,49,8161
0,0,0,0,0,0,0,0,0,0,0,0,0.85726742470886,1549807266,12,47201,49,8,0.71028929384974,1547706755,5,47152,49,8188,0.5255780059667328,1547708235,10,47078,49,8
0,0,0,0,0,0,0,0,0,0,0,0,1.7775669729767432,1562389766,12,47594,49,8189,1.613453742995522,1560289543,5,47537,49,8150,0.5246615290353919,1564485700,11,47583,49,8182
0,0,0,0,0,0,0,0,0,0,0,0,1.2753437632041569,1556094846,6,47382,49,30,1.063803623818994,1551901390,6,47302,49,23,1.1641671975383707,1556096700,10,47353,49,20
0,0,0,0,0,0,0,0,0,0,0,0,1.080737791683121,1551903424,12,47298,49,3,1.063803623818994,1551901390,6,47302,49,23,0.7378282919287757,1549805222,10,47173,49,8164
0,0,0,0,0,0,0,0,0,0,0,0,1.6978069981953237,1562390069,13,47560,49,8185,1.4413883400821006,1558192831,6,47464,49,8183,1.3581634355512604,1558194211,11,47427,49,8172
0,0,0,0,0,0,0,0,0,0,0,0,1.3240979516963507,1556095460,6,47400,49,6,1.0714528394498508,1553997177,5,47307,49,25,1.2199590275641738,1558194054,11,47374,49,8170
0,0,0,0,0,0,0,0,0,0,0,0,0.7453788943382597,1547707307,6,47154,49,34,1.6757720272779293,1562386788,6,47566,49,8151,0.6258375464796652,1549805904,11,47127,49,61
0,0,0,0,0,0,0,0,0,0,0,0,1.6818951472031873,1560292622,13,47556,49,8170,1.4834115981790872,1558193058,6,47476,49,8125,1.344088143759041,1560291069,11,47421,49,8159
0,0,0,0,0,0,0,0,0,0,0,0,1.3083905813473615,1556098919,13,47394,49,8163,1.0901176583995456,1553998185,5,47316,49,8165,1.196907306725375,1558194182,10,47368,49,0
0,0,0,0,0,0,0,0,0,0,0,0,1.0508528985186913,1551901026,6,47287,49,8143,0.8636898731032149,1549803804,5,47216,49,8157,0.6914218086205801,1549805751,10,47148,49,12
0,0,0,0,0,0,0,0,0,0,0,0,0.7150868858592134,1547710516,13,47139,49,8186,1.675058226977858,1562385736,5,47565,49,40,1.7108599615255136,1564485503,10,47583,49,8185
0,0,0,0,0,0,0,0,0,0,0,0,1.6969909578234215,1560292177,12,47560,49,8124,1.4431226574517608,1558192044,5,47463,49,3,1.2266918106667326,1556096592,10,47370,49,17
0,0,0,0,0,0,0,0,0,0,0,0,1.3779510029367872,1558195130,12,47424,49,8183,1.0677815825701118,1551900356,5,47303,49,8145,1.0469771725809738,1553999619,10,47292,49,8142
0,0,0,0,0,0,0,0,0,0,0,0,1.1447904107822515,1554000748,12,47326,49,0,0.8275833781543871,1549803609,5,47202,49,8188,0.5729045574341426,1545611398,11,47092,49,8165
0,0,0,0,0,0,0,0,0,0,0,0,0.8882732362849457,1549806599,12,47217,49,1,1.680872751569616,1562386657,6,47564,49,8153,1.6386468757620738,1564485669,11,47555,49,39
0,0,0,0,0,0,0,0,0,0,0,0,1.7047424050840292,1562389524,12,47564,49,8183,1.1365259565825943,1553998483,6,47333,49,9,1.1525400244896165,1558193602,10,47345,49,8152
0,0,0,0,0,0,0,0,0,0,0,0,1.5686812487785677,1560289865,7,47506,49,3,0.9238667597364654,1551900172,5,47242,49,8157,0.7559855778022798,1551902623,11,47169,49,8130
0,0,0,0,0,0,0,0,0,0,0,0,1.4083452330053639,1558195108,12,47438,49,8158,0.6202275232556066,1547705689,4,47115,49,25,0.7360957945708828,1549801742,4,47164,49,8187
0,0,0,0,0,0,0,0,0,0,0,0,1.3059424641887116,1556098254,13,47394,49,8179,1.66078033600558,1560289211,5,47553,49,8150,1.513703581549124,1560290716,10,47500,49,35
0,0,0,0,0,0,0,0,0,0,0,0,1.1799786406218702,1554000342,12,47341,49,8,1.3518377437245528,1556095664,6,47422,49,6,1.5176834092921638,1562387932,10,47493,49,21
0,0,0,0,0,0,0,0,0,0,0,0,1.1174558653417472,1553998490,7,47314,49,38,1.3518377437245528,1556095664,6,47422,49,6,1.0809404294046978,1553996519,4,47311,49,18
0,0,0,0,0,0,0,0,0,0,0,0,1.0490181789114694,1551903708,12,47281,49,30,0.8039200985370851,1549804106,6,47194,49,0,1.0053610432948084,1551902968,11,47284,49,8170
0,0,0,0,0,0,0,0,0,0,0,0,1.0112796016667829,1551901678,7,47267,49,8179,0.6190043666749259,1545608220,4,47111,49,8166,0.5957500033136011,1549805010,10,47108,49,8189
0,0,0,0,0,0,0,0,0,0,0,0,0.9736432573662269,1551904067,13,47252,49,8143,1.5151311890510804,1558192060,5,47493,49,8159,0.5481185595294462,1562388553,11,47599,49,50
0,0,0,0,0,0,0,0,0,0,0,0,0.9610978094145256,1551900259,6,47247,49,33,1.3078775571372616,1556094825,5,47405,49,13,1.3539810022334453,1558193992,11,47426,49,1
0,0,0,0,0,0,0,0,0,0,0,0,1.0110751373917017,1551903580,12,47269,49,8184,0.9940387445987386,1551901690,6,47274,49,8183,1.3643831881483612,1560291119,10,47436,49,8179
0,0,0,0,0,0,0,0,0,0,0,0,1.0309631064614608,1551904370,13,47282,49,8166,0.7689363360020635,1549803422,6,47177,49,8175,0.9493665796357941,1551901901,10,47257,49,8188
0,0,0,0,0,0,0,0,0,0,0,0,1.1063380272581105,1554001086,13,47311,49,8181,1.6758742676346141,1562386605,5,47565,49,54,1.0241299254170682,1554000156,11,47284,49,8180
0,0,0,0,0,0,0,0,0,0,0,0,1.176000681338602,1553998677,7,47340,49,8123,1.498607778694052,1558191860,5,47487,49,15,0.6266535848824277,1549805631,10,47125,49,8187
0,0,0,0,0,0,0,0,0,0,0,0,1.5929561088631479,1560289739,6,47516,49,8143,0.9060179761656921,1549803643,5,47233,49,8150,1.7393172397054357,1547708205,10,47079,49,0
0,0,0,0,0,0,0,0,0,0,0,0,0.8122867451467023,1549804400,7,47186,49,21,0.607274958005081,1545608564,5,47106,49,8156,1.4908581925866695,1560288498,5,47483,49,21
0,0,0,0,0,0,0,0,0,0,0,0,1.001589377245924,1551903412,12,47266,49,46,1.6984149335652778,1562386647,5,47576,49,8142,1.1335703377499002,1556097120,11,47330,49,8130
0,0,0,0,0,0,0,0,0,0,0,0,1.3042081507786376,1556095789,7,47395,49,8132,1.538181051298971,1560289546,5,47507,49,8182,1.223836594195886,1556097789,11,47365,49,8139
0,0,0,0,0,0,0,0,0,0,0,0,1.4725000865626383,1558195550,13,47465,49,8185,1.4118101554229063,1558192120,5,47450,49,65,0.8201404280734572,1549805672,11,47195,49,6
0,0,0,0,0,0,0,0,0,0,0,0,1.7290172571044902,1562389861,12,47574,49,10,1.222100442800558,1553997509,5,47366,49,8157,0.8374780588167811,1551903148,11,47209,49,28
0,0,0,0,0,0,0,0,0,0,0,0,0.6778576660248816,1547709297,12,47128,49,8186,1.0653334669881855,1551900311,5,47303,49,8158,1.6179428991673235,1562388074,11,47541,49,8113
0,0,0,0,0,0,0,0,0,0,0,0,0.9232570030605854,1549806686,12,47234,49,8176,0.8975527190270467,1549804059,6,47228,49,15,1.6128421773028243,1564485993,11,47543,49,16
0,0,0,0,0,0,0,0,0,0,0,0,1.095424655860719,1553998764,7,47306,49,10,0.7661833396905677,1547706233,5,47172,49,8177,1.2392354153872633,1558194607,11,47382,49,15
0,0,0,0,0,0,0,0,0,0,0,0,1.3911080196595804,1558195921,13,47431,49,8187,0.5907515569120683,1545610285,6,47100,49,8175,1.2535151776216438,1558194056,10,47386,49,59
0,0,0,0,0,0,0,0,0,0,0,0,1.5561357988344595,1560288907,6,47501,49,5,1.6736306262153469,1562385819,5,47563,49,8166,0.9107097356918358,1551902151,10,47243,49,8187
0,0,0,0,0,0,0,0,0,0,0,0,1.8399875176639067,1547710299,14,47110,49,18,1.5224755490418327,1558192704,6,47493,49,8176,0.8935747577922802,1553999754,11,47235,49,36
0,0,0,0,0,0,0,0,0,0,0,0,0.7733250191998466,1547709408,12,47168,49,4,1.5224755490418327,1558192704,6,47493,49,8176,1.683322748828935,1564485281,10,47564,49,14
0,0,0,0,0,0,0,0,0,0,0,0,1.0415716032527045,1551903318,12,47282,49,14,1.0523809161021829,1551901070,6,47294,49,6,1.226589575792955,1556097028,11,47370,49,8159
0,0,0,0,0,0,0,0,0,0,0,0,1.1728387607179247,1553998360,6,47339,49,30,0.7837254326103205,1549802910,5,47184,49,8174,1.148664300150207,1556096872,10,47342,49,15
0,0,0,0,0,0,0,0,0,0,0,0,1.2378096515029,1556098034,12,47366,49,8184,0.6234916714643012,1547706071,5,47115,49,8099,0.6933605729119746,1549805600,11,47142,49,4
0,0,0,0,0,0,0,0,0,0,0,0,1.3015574051293701,,13,47389,49,8175,0,156028896,5,47501,49,8166,0.5486279105704338,,,,,8171
0,0,0,0,0,0,0,0,0,0,0,0,1.332358734363076,1556095767,6,47407,49,8161,1.3574477836018135,1556094752,5,47422,49,19,1.2581047046327467,1558194020,11,47391,49,8187
0,0,0,0,0,0,0,0,0,0,0,0,1.3173651678806075,1556098656,13,47402,49,8185,0.9739463143922945,1551901239,6,47262,49,8162,1.1854864433907464,1556096880,11,47351,49,8188
0,0,0,0,0,0,0,0,0,0,0,0,1.333072537915987,1556096065,7,47408,49,17,0.741806254724028,1547706656,5,47162,49,12,0.6981527639396186,1549805671,10,47153,49,8188
0,0,0,0,0,0,0,0,0,0,0,0,1.2518849433908712,1556099221,14,47372,49,1,1.2505558856053844,1556094976,5,47382,49,8111,1.2673859956842133,1558194505,11,47396,49,8168
0,0,0,0,0,0,0,0,0,0,0,0,1.1502982133037685,1554001402,12,47328,49,8185,0.8463504322495604,1549803202,5,47209,49,8128,1.1455042154297232,1554000045,11,47335,49,8185
0,0,0,0,0,0,0,0,0,0,0,0,1.07665760013776,1554000741,12,47298,49,56,0.8463504322495604,1549803202,5,47209,49,8128,0.627166528036385,1549805671,11,47113,49,6
0,0,0,0,0,0,0,0,0,0,0,0,0.9164238200608883,1549806536,13,47229,49,8191,1.3804976541704759,1558192169,6,47436,49,8150,1.720652416111239,1564485769,10,47584,49,8151
0,0,0,0,0,0,0,0,0,0,0,0,0.8046375223326072,1549803749,6,47181,49,8174,1.1176566691248127,1553998817,6,47325,49,8182,1.2829911286792413,1558194394,10,47403,49,5
0,0,0,0,0,0,0,0,0,0,0,0,1.8259122256801832,1545609127,6,47104,49,23,0.764755726140953,1547706635,6,47169,49,4,1.1979296576926453,1558193774,10,47357,49,1
0,0,0,0,0,0,0,0,0,0,0,0,1.6663922527069595,1562389506,12,47548,49,1,1.6668997015620168,1560289010,5,47556,49,8164,0.7136574728348636,1549805355,11,47153,49,70
0,0,0,0,0,0,0,0,0,0,0,0,1.4209929187491817,1558195262,13,47442,49,8173,1.2380104381171557,1556094981,5,47377,49,8150,0.6338974873687757,1549805765,10,47119,49,6
0,0,0,0,0,0,0,0,0,0,0,0,1.2423991807867616,1556099337,14,47369,49,8163,0.9320253183924749,1551900857,5,47249,49,8171,1.3766237815301512,1558193954,10,47437,49,8188
0,0,0,0,0,0,0,0,0,0,0,0,0.9565082769666728,1551904118,13,47244,49,1,1.6766903089401248,1562385375,5,47564,49,8171,1.3126734031200167,1558194126,11,47408,49,34
0,0,0,0,0,0,0,0,0,0,0,0,0.7366069446426784,1547709468,12,47152,49,51,1.3796816145843425,1558192041,5,47436,49,8183,0.854919731880138,1553999718,11,47216,49,27
0,0,0,0,0,0,0,0,0,0,0,0,1.61080488653414,1560289288,6,47525,49,3,0.9185634233350888,1549803596,5,47237,49,14,0.8251352583805254,1551903119,10,47212,49,8164
0,0,0,0,0,0,0,0,0,0,0,0,1.385497980187584,1558194635,12,47430,49,8186,0.6104368771749212,1545608518,5,47106,49,8165,0.8251352583805254,1551903119,10,47212,49,8164
0,0,0,0,0,0,0,0,0,0,0,0,1.0320858427957322,1551903859,13,47279,49,20,1.3563250344279747,1556095521,6,47425,49,18,1.5037084909250718,1562388341,10,47495,49,9
0,0,0,0,0,0,0,0,0,0,0,0,0.8156531250879981,1549807748,13,47185,49,28,1.0626827154754022,1551900852,5,47296,49,8140,1.1470340587158476,1556096940,11,47336,49,8147
0,0,0,0,0,0,0,0,0,0,0,0,1.6694519360673539,1562390298,14,47550,49,6,1.792354254692363,1545609138,5,47094,49,8152,1.1203110845769104,1553999540,11,47326,49,19
0,0,0,0,0,0,0,0,0,0,0,0,1.4177287609945128,1558194953,12,47442,49,25,1.4627057515792152,1558191954,5,47470,49,8150,0.7358913335221631,1549805980,10,47167,49,8183
0,0,0,0,0,0,0,0,0,0,0,0,1.0142370574611088,1551901600,6,47270,49,55,0.9290678641736803,1551900227,5,47246,49,8159,0.7076385217800993,1547708129,11,47155,49,8178
0,0,0,0,0,0,0,0,0,0,0,0,1.5387963473156248,1560292490,13,47495,49,8,1.2857441106573986,1556095383,5,47397,49,8137,1.5485850906528347,1562388513,10,47518,49,8136
0,0,0,0,0,0,0,0,0,0,0,0,1.2755482329384973,1556097769,12,47380,49,8155,0.9314137458198763,1551900652,5,47247,49,8187,1.5485850906528347,1562388513,10,47518,49,8136
0,0,0,0,0,0,0,0,0,0,0,0,0.8846019716588505,1549806817,13,47213,49,54,1.6405856800522591,1560289907,6,47542,49,8164,1.2542308252604892,1556096536,10,47380,49,8132
0,0,0,0,0,0,0,0,0,0,0,0,0.6514413847193382,1547710240,14,47115,49,35,1.2647334115748006,1556095526,6,47387,49,8168,0.9077522802989911,1553999822,11,47241,49,9
0,0,0,0,0,0,0,0,0,0,0,0,1.506056237135667,1560292423,13,47480,49,2,0.7660811095897899,1547706373,5,47172,49,8182,0,1553999883,11,47302,49,8138
0,0,0,0,0,0,0,0,0,0,0,0,1.2959473671543913,1556098450,13,47388,49,8172,1.5892811256530703,1560289815,6,47525,49,18,0.7670011803738044,1549806095,10,47173,49,8182
0,0,0,0,0,0,0,0,0,0,0,0,0.9606906974772312,1551901251,7,47243,49,8125,1.0193341053671714,1551900126,5,47281,49,42,0.8675674108200441,1551902332,10,47219,49,8182
0,0,0,0,0,0,0,0,0,0,0,0,0.7248775346961389,1547709758,13,47147,49,22,0.6135987958444912,1545609620,6,47107,49,8177,1.7306475179927703,1547708347,10,47077,49,8148
0,0,0,0,0,0,0,0,0,0,0,0,0.9988363853880816,1551901041,6,47261,49,35,1.1869122164878079,1553998317,6,47350,49,8180,1.5492003909330736,1560291433,11,47504,49,22
0,0,0,0,0,0,0,0,0,0,0,0,0.7904600003626353,1549806565,12,47176,49,8182,0.648378103775978,1547706460,5,47126,49,3,1.1892599341403816,1556096962,11,47353,49,8189
0,0,0,0,0,0,0,0,0,0,0,0,1.6749597403658354,1562389081,12,47552,49,2,1.0772673438226394,1551900645,6,47305,49,5,1.2031289138371044,1558190496,4,47369,49,17
0,0,0,0,0,0,0,0,0,0,0,0,1.4583225577637426,1558194886,12,47459,49,8170,1.7120831143461872,1545608174,4,47065,49,9,0.8611413399049898,1553999842,11,47218,49,13
0,0,0,0,0,0,0,0,0,0,0,0,1.117353632036789,1554001431,13,47314,49,8178,0.8886785346445548,1549803472,5,47226,49,8176,0.8874571983932271,1551903430,11,47224,49,4
0,0,0,0,0,0,0,0,0,0,0,0,1.7914378019547048,1564485956,12,47601,49,8136,0.5987074684651796,1545608511,5,47101,49,4,1.7296288325102094,1564485774,11,47583,49,39
0,0,0,0,0,0,0,0,0,0,0,0,1.6112138391284676,1560290236,7,47520,49,27,1.2104732692397349,1553998233,6,47359,49,8167,1.3011466166244408,1558194209,10,47408,49,8149
0,0,0,0,0,0,0,0,0,0,0,0,1.339600851384713,1556098312,13,47407,49,23,1.468111318139311,1558192821,5,47471,49,8173,1.3642828057676828,1558194587,11,47429,49,43
0,0,0,0,0,0,0,0,0,0,0,0,0.8990843773547098,1549806368,12,47222,49,8145,1.067986051392833,1551900395,5,47298,49,2,0.9526307319263975,1553999639,10,47258,49,20
0,0,0,0,0,0,0,0,0,0,0,0,0.7234499189511072,1547710019,13,47144,49,31,1.067986051392833,1551900395,5,47298,49,2,0.5779030060933532,1545611157,11,47092,49,17
0,0,0,0,0,0,0,0,0,0,0,0,1.6546628427045647,1560292152,13,47542,49,56,0.6124778666726952,1545610159,6,47100,49,16,1.7216710998347873,1564486178,11,47590,49,8177
0,0,0,0,0,0,0,0,0,0,0,0,1.4909604310678042,1558192819,7,47475,49,52,1.0816524066324127,1553997164,5,47308,49,30,1.7216710998347873,1564486178,11,47590,49,8177
0,0,0,0,0,0,0,0,0,0,0,0,1.2432152197268969,1556095097,6,47368,49,8171,1.271261725906129,1556095839,6,47385,49,47,1.2219982029736587,1558193900,10,47377,49,8150
0,0,0,0,0,0,0,0,0,0,0,0,1.0883870100124853,1554001656,13,47302,49,11,1.8205048372873678,1545608583,5,47104,49,8170,0.8431903225719458,1551902697,10,47211,49,8144
0,0,0,0,0,0,0,0,0,0,0,0,0.8439059394850591,1549804234,6,47195,49,8174,0.7640419197397839,1547707226,6,47166,49,8156,0.7826063166275392,1551902444,11,47181,49,25
0,0,0,0,0,0,0,0,0,0,0,0,0.6824472010205594,1547709828,12,47130,49,39,0.7640419197397839,1547707226,6,47166,49,8156,1.5346139084761063,1560292094,12,47504,49,42
0,0,0,0,0,0,0,0,0,0,0,0,1.6921969546611604,1562389334,12,47558,49,8164,1.425680972398161,1558193238,6,47455,49,19,1.5100323346969389,1560291250,11,47497,49,30
0,0,0,0,0,0,0,0,0,0,0,0,1.5684767729278803,1560292264,12,47507,49,8183,0.7762806749877489,1547706240,5,47174,49,8187,1.069722187124399,1553996014,4,47302,49,8183
0,0,0,0,0,0,0,0,0,0,0,0,1.3425583014783133,1556095547,6,47410,49,41,0.9207048417173824,1549802971,5,47238,49,8160,1.0502394976355567,1553999772,10,47301,49,8
0,0,0,0,0,0,0,0,0,0,0,0,1.1974203211458234,1554001439,12,47345,49,8172,1.4636240300545043,1558191908,5,47467,49,8170,0.6432810150706683,1547709026,11,47123,49,10
0,0,0,0,0,0,0,0,0,0,0,0,0,1551903584,12,47250,49,3,1.6492554068715632,1560289995,6,47543,49,8189,0.6126823211727921,1547708853,11,47111,49,8184
0,0,0,0,0,0,0,0,0,0,0,0,0.8289123796594587,1549804155,6,47190,49,0,0.9418177770358472,1551900138,5,47247,49,8179,1.3617324506680404,1558194581,11,47431,49,8183
0,0,0,0,0,0,0,0,0,0,0,0,1.7834818864942676,1545612238,12,47087,49,8184,1.1648810080350154,1553998601,6,47340,49,6,1.3387848125177826,1560291041,11,47416,49,38
0,0,0,0,0,0,0,0,0,0,0,0,1.6500733173350814,1560290046,7,47539,49,63,1.6839324354621596,1562386432,6,47563,49,8151,1.3387848125177826,1560291041,11,47416,49,38
0,0,0,0,0,0,0,0,0,0,0,0,1.367037631997683,1558195223,12,47418,49,8155,0.6643921582291712,1547705862,5,47127,49,8159,0.870424449166415,1554000004,11,47216,49,8191
0,0,0,0,0,0,0,0,0,0,0,0,1.1730432284442533,1554000999,13,47336,49,29,1.2054748016992072,1553998006,5,47358,49,8167,1.6162085780012672,1564485600,10,47544,49,8183
0,0,0,0,0,0,0,0,0,0,0,0,0.8804195527285185,1549807030,12,47213,49,20,1.3814159317468813,1558192710,6,47433,49,8181,1.5947907976308413,1562388867,10,47530,49,8147
0,0,0,0,0,0,0,0,0,0,0,0,0.6639868315698906,1547709237,12,47119,49,30,0.6759171075436002,1547706561,5,47134,49,8133,1.0800221566981558,1556096776,10,47313,49,8178
0,0,0,0,0,0,0,0,0,0,0,0,1.5412444669752856,1560289425,6,47494,49,38,0.8172815842171486,1549803817,5,47196,49,8118,1.0140325921577176,1556096539,10,47280,49,65
0,,0,0,0,0,0,0,0,0,0,0,1.2822791741262354,1556099395,13,47385,49,8158,1.3427609264623976,1556095612,6,47412,49,8132,0.592487649550095,1547708654,10,47101,49,8150
0,0,0,0,0,0,0,0,0,0,0,0,0.9632392279211228,1551904179,13,47249,49,8159,1.4988122564231097,1558192756,6,47482,49,39,1.6436453587207758,1562384661,4,47555,49,8182
0,0,0,0,0,0,0,0,0,0,0,0,0.7698564101555566,1547709618,13,47169,49,8184,0.7764833274739459,1549803220,5,47180,49,8142,1.6436453587207758,1562384661,4,47555,49,8182
0,0,0,0,0,0,0,0,0,0,0,0,1.6930129950257786,1562389152,12,47558,49,8183,0.9912857585403674,1551901296,6,47266,49,7,1.0342254284806591,1556096674,10,47298,49,8170
0,0,0,0,0,0,0,0,0,0,0,0,1.4942245900214732,1558195034,12,47475,49,14,1.5285949174895723,1558192621,6,47494,49,25,1.0342254284806591,1556096674,10,47298,49,8170
0,0,0,0,0,0,0,0,0,0,0,0,1.1962975804194997,1554000409,12,47348,49,4,1.6883174782513977,1562386206,5,47568,49,8164,1.5359392733525525,1560291053,11,47507,49,21
0,0,0,0,0,0,0,0,0,0,0,0,1.0238250498037413,1551903621,12,47271,49,16,1.0632942878610603,1551901192,6,47296,49,11,1.046058901080728,1553999957,11,47294,49,8173
0,0,0,0,0,0,0,0,0,0,0,0,0.6895870758996069,1547707472,7,47132,49,8186,1.2410701244902254,1556094421,5,47377,49,3,0.8251370741115831,1551902754,11,47204,49,8160
0,0,0,0,0,0,0,0,0,0,0,0,1.6780194236672508,1562389359,13,47553,49,64,1.2410701244902254,1556094421,5,47377,49,3,1.4956521939293124,1562388642,11,47486,49,16
0,0,0,0,0,0,0,0,0,0,0,0,1.3520440650545116,1556095726,6,47413,49,8134,0.7661833409832208,1547705876,5,47169,49,8150,1.242296945116441,1556097220,11,47378,49,8159
0,0,0,0,0,0,0,0,0,0,0,0,1.107460765095572,1554000855,13,47307,49,8156,1.2796247421312812,1556095783,6,47391,49,8155,0.643178785892749,1547708362,11,47124,49,95
0,0,0,0,0,0,0,0,0,0,0,0,0.7545579633651769,1547710077,13,47159,49,29,1.4462845805505606,1558192058,5,47461,49,24,1.5429769188895919,1562388496,11,47510,49,8132
0,0,0,0,0,0,0,0,0,0,0,0,1.716676293522051,1562389486,12,47566,49,26,0.7769944818426912,1547706780,6,47175,49,8191,0.9455930863654202,1551901996,10,47255,49,8171
0,0,0,0,0,0,0,0,0,0,0,0,1.3591839467031503,1558195738,13,47415,49,44,0.9317204445532993,1551900744,6,47242,49,8190,0.621147582720231,1547708175,11,47116,49,40
0,0,0,0,0,0,0,0,0,0,0,0,1.116537593596924,1554000717,12,47314,49,8176,0.9317204445532993,1551900744,6,47242,49,8190,1.2029262863854424,1556093886,5,47364,49,8185
0,0,0,0,0,0,0,0,0,0,0,0,0.7632276837354164,1547709577,12,47162,49,18,1.6279379923045265,1560289864,6,47536,49,75,0.8903124234317862,1551902847,10,47229,49,8148
0,0,0,0,0,0,0,0,0,0,0,0,1.7509462328785397,1562390163,13,47582,49,2,0.9249894956642559,1549803611,5,47236,49,8170,1.439553642311852,1560291141,10,47468,49,8185
0,0,0,0,0,0,0,0,0,0,0,0,1.238727924815139,1556098067,13,47364,49,13,1.5671476733115015,1560289986,6,47516,49,8163,0.5376141003236672,1564485586,10,47591,49,46
0,0,0,0,0,0,0,0,0,0,0,0,0.9633414597034181,1551901358,7,47248,49,51,1.8006150475346645,1545609525,5,47099,49,8130,1.3998781263031261,1560291316,10,47449,49,6
0,0,0,0,0,0,0,0,0,0,0,0,1.7923560714142517,1545612380,12,47088,49,3,1.3732555362567593,1558191255,5,47433,49,8137,1.599582926367186,1562388853,11,47539,49,1
0,0,0,0,0,0,0,0,0,0,0,0,1.6860775879695071,1560292509,12,47554,49,8190,0.7693452597343168,1547705936,5,47171,49,21,0.9818018179028515,1553999501,10,47268,49,8147
0,0,0,0,0,0,0,0,0,0,0,0,1.4731116523331445,1558193094,7,47466,49,37,1.0538085268978752,1551901239,6,47294,49,8122,0.6775509772505193,1549805787,10,47139,49,8190
0,0,0,0,0,0,0,0,0,0,0,0,1.3224658734427959,1556099079,13,47399,49,8188,1.6239600294610563,1560288911,5,47536,49,8147,1.2428062781689448,1556094061,5,47381,49,18
0,0,0,0,0,0,0,0,0,0,0,0,1.074822881655625,1551901414,6,47291,49,1,0.6734689953907048,1547706677,5,47135,49,52,0.8104502075575698,1549805878,11,47196,49,8177
0,0,0,0,0,0,0,0,0,0,0,0,0.8601226525249617,1549807926,13,47204,49,2,1.266365490518094,1556095002,5,47386,49,18,1.339599001199123,1560290936,10,47424,49,8160
0,0,0,0,0,0,0,0,0,0,0,0,1.7447246244880876,1562390056,13,47579,49,4,1.5495033759674686,1560289678,6,47506,49,8163,0.8879665415222716,1553999862,10,47228,49,7
0,0,0,0,0,0,0,0,0,0,0,0,1.552157837016885,1560293170,13,47499,49,45,0.9667042041574869,1551900823,5,47260,49,30,1.4485300804343697,1558194778,11,47468,49,8185
0,0,0,0,0,0,0,0,0,0,0,0,1.2722840771467459,1556095740,7,47379,49,8178,1.3689727197999624,1556095376,5,47428,49,8166,1.0313702094940045,1554000183,11,47294,49,8179
0,0,0,0,0,0,0,0,0,0,0,0,1.1058286884108233,1554001249,13,47307,49,8166,0.8267673416611149,1549803596,5,47200,49,8150,1.0313702094940045,1554000183,11,47294,49,8179
0,0,0,0,0,0,0,0,0,0,0,0,0.83676606310348,1549806758,12,47193,49,19,1.2213847958538946,1556094322,5,47371,49,6,1.167840293003684,1553999590,10,47348,49,8176
0,0,0,0,0,0,0,0,0,0,0,0,0.6475656575729213,1547709653,13,47114,49,8168,0.7121258298202139,1547706782,5,47148,49,8169,1.664248974145403,1564485169,10,47561,49,8175
0,0,0,0,0,0,0,0,0,0,0,0,1.5515462725712905,1560293119,13,47499,49,8159,1.0640080923093649,1551901369,6,47298,49,8163,1.2158788324159076,1556096807,10,47373,49,8125
0,0,0,0,0,0,0,0,0,0,0,0,1.3230774419696514,1556098343,12,47403,49,4,1.6823003537101382,1562386284,5,47564,49,14,1.2158788324159076,1556096807,10,47373,49,8125
0,0,0,0,0,0,0,0,0,0,0,0,0.9573243149073045,1551900897,6,47245,49,8189,0.8354370621500442,1549803629,5,47203,49,8161,1.2616755687459162,1556097187,11,47388,49,59
0,0,0,0,0,0,0,0,0,0,0,0,0.7114138212422276,1547707408,7,47144,49,69,1.5208434698806814,1558191532,5,47491,49,8165,0.5870820773648806,1547707468,9,47098,49,8133
0,0,0,0,0,0,0,0,0,0,0,0,1.5632756826774168,1560292181,12,47504,49,8175,0.7048837245541205,1547707188,6,47147,49,16,1.2390309425589123,1558193843,10,47386,49,5
0,0,0,0,0,0,0,0,0,0,0,0,1.313591678592241,1556098189,13,47400,49,8143,1.3756014172406703,1558191945,5,47435,49,8161,1.73309563155368,1562388271,11,47590,49,8
0,0,0,0,0,0,0,0,0,0,0,0,0.9635459231340799,1551901191,6,47248,49,8174,1.800717279569433,1545609283,5,47099,49,8151,1.194868131575402,1556097136,11,47363,49,46
0,0,0,0,0,0,0,0,0,0,0,0,1.5805128968148878,1560292275,12,47511,49,8185,1.6659814217479305,1560288981,5,47556,49,19,1.0401421654572485,1556096786,11,47296,49,38
0,0,0,0,0,0,0,0,0,0,0,0,1.3555126930777703,1556098579,12,47413,49,8153,1.171816418083135,1553998452,6,47345,49,51,1.4805582470309804,1562388479,10,47474,49,8144
0,0,0,0,0,0,0,0,0,0,0,0,0.9961838074101005,1551901848,6,47264,49,4,1.609680260515683,1560289403,5,47532,49,8190,0.8696065973614425,1549805234,11,47224,49,8164
0,0,0,0,0,0,0,0,0,0,0,0,0.7518049621451288,1547709409,12,47156,49,8181,1.0989918504987934,1553997998,5,47315,49,27,1.284011640498373,1558193969,11,47401,49,21
0,0,0,0,0,0,0,0,0,0,0,0,1.575718894826285,1560292916,12,47510,49,8173,1.5890766477706473,1560288782,5,47526,49,30,0.7084563607709836,1549804688,9,47149,49,8136
0,0,0,0,0,0,0,0,0,0,0,0,1.3145099531298334,1556098611,13,47399,49,3,1.1474393274616577,1553998287,6,47336,49,8131,0.7084563607709836,1549804688,9,47149,49,8136
0,0,0,0,0,0,0,0,0,0,0,0,0.9313151497552334,1551903506,12,47236,49,8189,1.694641322208548,1562386753,5,47571,49,8154,0.5944246159909528,1564482848,5,47619,49,8173
0,0,0,0,0,0,0,0,0,0,0,0,0.6853042273052429,1547710303,13,47128,49,3,1.3339889660067847,1556094571,5,47411,49,20,0.9597706098691823,1553999295,10,47261,49,23
0,0,0,0,0,0,0,0,0,0,0,0,1.506056237135667,1558195135,12,47481,49,8,0.7658766488074629,1547706708,6,47173,49,11,1.6849567037808213,1564485423,10,47559,49,8171
0,0,0,0,0,0,0,0,0,0,0,0,1.2722840771786632,1556096046,7,47381,49,63,1.611107862522289,1560289470,5,47534,49,8168,0.8655264073959291,1553999525,10,47225,49,8170
0,0,0,0,0,0,0,0,0,0,0,0,0.9258073479702438,1549807036,13,47234,49,8190,1.0772673443173586,1551900348,5,47304,49,8178,1.5375713533615878,1560292083,11,47508,49,8185
0,0,0,0,0,0,0,0,0,0,0,0,0.6868340723201147,1547709159,12,47128,49,5,0.7427245228136796,1547706902,6,47160,49,8180,0.7363020555827239,1549805380,10,47156,49,18
0,0,0,0,0,0,0,0,0,0,0,0,1.4999368680405003,1560292662,13,47476,49,8180,1.375703654339697,1558191180,4,47434,49,36,1.3316430792298724,1558194138,10,47423,49,8153
0,0,0,0,0,0,0,0,0,0,0,0,1.2341383951992562,1553997665,6,47362,49,3,1.0249441408630906,1551900282,5,47281,49,8142,1.7145330397815552,1547708461,10,47069,49,8163
0,0,0,0,0,0,0,0,0,0,0,0,0.8015778330563987,1549806997,12,47179,49,13,1.6514990490940005,1560289588,5,47546,49,8164,1.0795128194027417,1553999613,10,47311,49,8186
0,0,0,0,0,0,0,0,0,0,0,0,1.692401432786984,1562390505,14,47557,49,2,1.229035853801001,1556095200,6,47368,49,8139,1.0795128194027417,1553999613,10,47311,49,8186
0,0,0,0,0,0,0,0,0,0,0,0,1.1883416615407194,1553997894,6,47347,49,40,1.8071433517112616,1545609315,5,47100,49,42,0.7109026705146985,1551902019,10,47157,49,17
0,0,0,0,0,0,0,0,0,0,0,0,0.8688946043309077,1549806512,12,47207,49,8175,1.3534698234137315,1556094412,5,47420,49,8177,1.0523827416636158,1556096973,10,47297,49,8142
0,0,0,0,0,0,0,0,0,0,0,0,1.5617458405014573,1560292214,12,47502,49,59,0.6666358098755395,1547706581,5,47130,49,8191,1.5467522709889387,1560291444,11,47506,49,8150
0,0,0,0,,0,0,0,0,0,0,0,1.2223067507702936,1556097686,12,47358,49,25,0.6666358098755395,1547706581,5,47130,49,8191,0.5998301875260096,1549805236,10,47110,49,8160
0,0,0,0,0,0,0,0,0,0,0,0,1.5290057293983115,1560292163,12,47487,49,23,1.5327754880704334,1560289229,5,47502,49,8135,1.078494143203452,1556093879,5,47305,49,19
0,0,0,0,0,0,0,0,0,0,0,0,1.8034739068775365,1545612508,13,47092,49,51,1.7387038505595271,1545609621,5,47077,49,8167,0.7798515120523687,1549805883,10,47185,49,8138
0,0,0,0,0,0,0,0,0,0,0,0,1.249436826658933,1556098236,13,47372,49,4,1.1829342565807353,1553998014,5,47350,49,8157,1.1502982134473967,1556097191,10,47337,49,8181
0,0,0,0,0,0,0,0,0,0,0,0,0.8848064329572718,1549806654,12,47211,49,8,0.7677131840188502,1547706876,6,47173,49,8153,1.1502982134473967,1556097191,10,47337,49,8181
0,0,0,0,0,0,0,0,0,0,0,0,1.4755597712746644,1558192665,6,47467,49,8186,1.3799883249151892,1558192126,6,47434,49,8181,1.7068838191448035,1562388508,11,47576,49,22
0,0,0,0,0,0,0,0,0,0,0,0,1.0635005794041408,1551903948,13,47291,49,44,0.9471211113556405,1551900759,5,47254,49,8185,0.7013146826667763,1547708267,10,47155,49,8189
0,0,0,0,0,0,0,0,0,0,0,0,1.6576202872448857,1560290009,7,47546,49,8182,1.5207412308683705,1560288253,4,47494,49,8149,1.0639076848954454,1553998994,9,47302,49,26
0,0,0,0,0,0,0,0,0,0,0,0,1.2426036500465143,1556095400,7,47367,49,39,1.0862419337826044,1553997611,5,47314,49,16,1.2179198519444068,1556093122,4,47368,49,8190
0,0,0,0,0,0,0,0,0,0,0,0,1.8008213298640607,1545612159,12,47094,49,8182,1.6710821432800793,1560289363,5,47556,49,8140,1.5152334231748374,1560290968,10,47501,49,64
0,0,0,0,0,0,0,0,0,0,0,0,1.396718059170424,1556097647,12,47433,49,47,1.2115941710482463,1556094508,5,47365,49,8182,1.5152334231748374,1560290968,10,47501,49,64
0,0,0,0,0,0,0,0,0,0,0,0,0.7378318988459599,1547710731,13,47149,49,8182,1.7240169862206967,1545609685,6,47069,49,8167,0.7399715209151929,1549805675,10,47166,49,32
0,0,0,0,0,0,0,0,0,0,0,0,1.4712750983634757,1558193049,7,47470,49,17,1.7240169862206967,1545609685,6,47069,49,8167,0.8486981243125366,1553999472,10,47212,49,26
0,0,0,0,0,0,0,0,0,0,0,0,1.494938392345566,1560291956,12,47478,49,8173,1.3166495172362576,1556094595,5,47407,49,9,1.1805883707932612,1558193754,10,47358,49,8118
0,0,0,0,0,0,0,0,0,0,0,0,0.7569038453145881,1547709417,12,47162,49,68,1.7764424229346114,1545609951,6,47091,49,8149,1.3647939865720147,1558194419,10,47424,49,8179
0,0,0,0,0,0,0,0,0,0,0,0,1.4529169909697799,1558195315,12,47458,49,14,1.2393358080516954,1556095824,6,47381,49,16,1.3647939865720147,1558194419,10,47424,49,8179
0,0,0,0,0,0,0,0,0,0,0,0,0.6785714739504709,1547707315,7,47130,49,3,1.6753649475347812,1562386544,6,47562,49,35,1.559297720980923,1560291209,11,47509,49,8168
0,0,0,0,0,0,0,0,0,0,0,0,1.359081711078291,1556098187,12,47418,49,26,1.1837502954386618,1553997579,5,47350,49,8146,1.6627191330699094,1562385565,4,47559,49,8159
0,0,0,0,0,0,0,0,0,0,0,0,1.7598204167684601,1562390393,13,47585,49,41,1.5483806180832613,1560289504,5,47511,49,8138,0.5815742767729731,1547708609,10,47095,49,8174
0,0,0,0,0,0,0,0,0,0,0,0,1.2252642027470182,1556097802,12,47362,49,8168,1.5483806180832613,1560289504,5,47511,49,8138,0.5815742767729731,1547708609,10,47095,49,8174
0,0,0,0,0,0,0,0,0,0,0,0,1.5896919486862242,1560289761,6,47517,49,10,1.4596460672654985,1558192360,5,47469,49,8170,0.7006026776669506,1549805575,10,47144,49,8138
0,0,0,0,0,0,0,0,0,0,0,0,0,1551904036,13,4778,49,8167,0.9256010681061113,1549803251,5,47241,49,6,0.7495595090205035,1549805203,10,47168,49,47
0,0,0,0,0,0,0,0,0,0,0,0,1.4062038233887761,1558194826,12,47436,49,35,1.3276651217388076,1556095327,5,47414,49,8175,0.6877505421974623,1549805544,10,47142,49,8184
0,0,0,0,0,0,0,0,0,0,0,0,0.829728417151515,1549806872,13,47192,49,36,0.7791358985399535,1549803146,5,47184,49,8166,0.7235503478837237,1551901999,10,47159,49,46
0,0,0,0,0,0,0,0,0,0,0,0,1.2087407945174005,1554001480,13,47356,49,8191,1.2120031106059492,1553996762,5,47364,49,8174,0.7491505873116361,1551902753,11,47172,49,8182
0,0,0,0,0,0,0,0,0,0,0,0,0.6599066471698576,1547709615,13,47121,49,8183,0.6468482566368935,1547706235,5,47129,49,8160,0.7491505873116361,1551902753,11,47172,49,8182
0,0,0,0,0,0,0,0,0,0,0,0,1.0207653620456816,1551901797,7,47271,49,8165,1.0663539716654904,1551900659,5,47304,49,8170,0.7705702157102325,1551899237,4,47178,49,8156
0,0,0,0,0,0,0,0,0,0,0,0,0.8361544864141012,1549806987,12,47193,49,19,0.933861857583871,1551900679,5,47251,49,8164,0.8259531121001031,1551902807,11,47203,49,40
0,0,0,0,0,0,0,0,0,0,0,0,1.4883096948577796,1558196051,13,47470,49,8154,1.648439364525628,1560289200,5,47549,49,8139,0.8259531121001031,1551902807,11,47203,49,40
0,0,0,0,0,0,0,0,0,0,0,0,0.6640890601635611,1547709948,12,47119,49,8155,0.8512466568058225,1549804384,6,47213,49,8142,0.999141262347843,1554000606,11,47273,49,40
0,0,0,0,0,0,0,0,0,0,0,0,1.3187946186933655,1556099304,13,47396,49,6,1.5320616834681062,1560288542,5,47506,49,43,1.0345339572847807,1556093520,4,47283,49,8155
0,0,0,0,0,0,0,0,0,0,0,0,1.6811813459739966,1560292135,12,47555,49,33,0.7797474737287516,1549803348,5,47186,49,8106,1.1254099515076181,1556096656,10,47328,49,8173
0,0,0,0,0,0,0,0,0,0,0,0,1.1221476293363217,1553998784,7,47316,49,77,0.7797474737287516,1549803348,5,47186,49,8106,1.1254099515076181,1556096656,10,47328,49,8173
0,0,0,0,0,0,0,0,0,0,0,0,1.4898395372523046,1558195436,12,47471,49,31,0.7905586128028989,1549803422,5,47192,49,8152,1.3291968129548724,1558194454,11,47410,49,2
0,0,0,0,0,0,0,0,0,0,0,0,0.9241752723887182,1549806421,12,47233,49,8159,0.7905586128028989,1549803422,5,47192,49,8152,1.4096706023856733,1558194792,11,47445,49,8187
0,0,0,0,0,0,0,0,0,0,0,0,1.2448472974468856,1556098376,13,47369,49,12,0.8323773713695962,1549803852,5,47206,49,8146,1.5347161472611517,1560291476,11,47499,49,8180
0,,,,,0,0,0,0,0,0,0,0.9447788668206499,1551903674,12,47239,49,8170,0.9060179746815347,1549802779,5,47236,49,8110,1.6822018646843953,1562388220,11,47557,49,8118
0,0,0,0,0,0,0,0,0,0,0,0,1.5359411381802068,1560292349,12,47491,49,8162,1.6612896555989338,1560288878,5,47559,49,9,0.5613796041934386,1547708493,11,47082,49,21
0,0,0,0,0,0,0,0,0,0,0,0,1.800516449835307,1545612404,13,47089,49,8165,1.0236187616283832,1551900726,5,47283,49,45,13.951035963281218,1549802146,4,,49,8158
0,0,0,0,0,0,0,0,0,0,0,0,1.1694723719407052,1554001905,13,47340,49,19,0.6049290747390785,1545608925,5,47108,49,8127,0.7034561060337429,1547708118,11,47153,49,10
0,0,0,0,0,0,0,0,0,0,0,0,1.4226249975932082,1558193087,7,47442,49,8186,1.1679406908916363,1553998264,5,47348,49,8,0.8184061224362847,1551902525,11,47194,49,26
0,0,0,0,0,0,0,0,0,0,0,0,0.7922965349223514,1549806713,13,47174,49,8175,1.1679406908916363,1553998264,5,47348,49,8,0.9558948852931624,1551902513,10,47254,49,25
0,0,0,0,0,0,0,0,0,0,0,0,1.0208675938907499,1551901148,6,47269,49,8172,1.2185295787941428,1556094844,5,47372,49,8172,1.0491185886882048,1556096955,10,47292,49,7
0,0,0,0,0,0,0,0,0,0,0,0,1.81346900958134,1545610139,7,47098,49,8190,1.2289336164855078,1556095871,6,47373,49,8163,1.2264873411085957,1556096443,10,47369,49,8170
0,0,0,0,0,0,0,0,0,0,0,0,1.1494821747608674,1554001312,13,47328,49,8139,0.7558815436915606,1547706600,6,47171,49,8152,1.2873780346492039,1558193953,10,47396,49,8157
0,0,0,0,0,0,0,0,0,0,0,0,1.368465239051481,1556095709,6,47421,49,8158,1.2003759369080869,1553997849,5,47357,49,23,1.3694839000858265,1558194382,11,47431,49,8179
0,0,0,0,0,0,0,0,0,0,0,0,0.6916280652639526,1547707281,7,47130,49,9,0.6291017002169939,1547706139,5,47118,49,8161,1.3694839000858265,1558194382,11,47431,49,8179
0,0,0,0,0,0,0,0,0,0,0,0,0.9059193719143155,1549804019,6,47221,49,7,1.0029129317053345,1551901312,6,47277,49,8161,1.3912084027296814,1560291250,11,47442,49,8166
0,0,0,0,0,0,0,0,0,0,0,0,1.4335383684556424,1558195207,11,47448,49,8142,1.6399741172188966,1560289375,5,47543,49,8148,1.3912084027296814,1560291250,11,47442,49,8166
0,0,0,0,0,0,0,0,0,0,0,0,1.6454837919954293,1560293293,13,47538,49,26,0.7272216161472751,1547706796,5,47156,49,8131,1.3768282552056275,1560291186,11,47431,49,8190
0,0,0,0,0,0,0,0,0,0,0,0,0.9743570635231846,1551903343,11,47254,49,3,1.2756467789852788,1556094560,5,47395,49,8162,1.3768282552056275,1560291186,11,47431,49,8190
0,0,0,0,0,0,0,0,0,0,0,0,1.1664126853448717,1554001179,13,47339,49,15,1.5150289495471612,1560288992,5,47496,49,5,1.2951294836458174,1558194488,10,47400,49,8187
0,0,0,0,0,0,0,0,0,0,0,0,0.6798986548785496,1547706650,6,47125,49,8173,1.0311657458953356,1551900539,5,47288,49,8186,1.0548290286210666,1553999609,10,47301,49,8179
0,0,0,0,0,0,0,0,0,0,0,0,1.1668216210903493,1553998657,7,47335,49,5,1.5153356647013363,1558192086,5,47493,49,8177,0.9727231656979365,1551902657,11,47266,49,61
0,0,0,0,0,0,0,0,0,0,0,0,1.2800355271508552,1556098000,12,47385,49,8134,1.5712278714329893,1560289428,5,47521,49,13,0.8088181330077947,1549805615,10,47193,49,8155
0,0,0,0,0,0,0,0,0,0,0,0,1.7758326659060748,1562387532,6,47596,49,24,0.8097345925037875,1549804114,6,47195,49,8182,0.6674518422556323,1547708377,10,47139,49,31
0,0,0,0,0,0,0,0,0,0,0,0,0.6715338281022373,1547710064,13,47127,49,28,0.8191181193758287,1549802902,5,47199,49,8171,1.6823041038565836,1564485066,10,47557,49,34
0,0,0,0,0,0,0,0,0,0,0,0,1.2558629031976525,1556097330,12,47374,49,8142,1.2112893070804664,1553997230,5,47362,49,8155,1.3201181444117827,1558193446,10,47412,49,6
0,0,0,0,0,0,0,0,0,0,0,0,1.7413582425684593,1562390440,13,47582,49,8130,1.5408336483575018,1560288849,5,47507,49,18,1.2011938128904607,1556096672,10,47354,49,8183
0,0,0,0,0,0,0,0,0,0,0,0,1.1822222885315283,1554001099,12,47344,49,29,0.6500101761359732,1547706529,5,47129,49,8174,0.8575723083653612,1551902391,10,47211,49,23
0,0,0,0,0,0,0,0,0,0,0,0,1.3561242612285729,1556095818,7,47415,49,63,0.6166584839196014,1545608682,5,47112,49,8170,0.665412650185649,1547707747,1,47135,49,8142
0,0,0,0,0,0,0,0,0,0,0,0,0.7952539943753756,1549806846,13,47178,49,8157,0.9402879305895745,1551900973,6,47251,49,8173,1.5742894239599539,1560291567,11,47520,49,56
0,0,0,0,0,0,0,0,0,0,0,0,1.4700519676544268,1558195144,12,47465,49,8162,1.3424542157673214,1556094772,5,47420,49,8170,1.28798960190278,1558194722,10,47399,49,2
0,0,0,0,0,0,0,0,0,0,0,0,0.8006595656027278,1549804166,7,47180,49,62,1.7607350553920862,1545609632,5,47087,49,23,1.125921121171147,1556096773,10,47324,49,8140
0,0,0,0,0,0,0,0,0,0,0,0,1.00128449926305,1551901647,7,47261,49,8142,0.6089070309083545,1545608698,5,47108,49,31,1.0093408284982754,1553999531,10,47275,49,5
0,0,0,0,0,0,0,0,0,0,0,0,1.5405306647153691,1560292492,13,47494,49,5,1.0633965192690593,1551900519,6,47300,49,8174,0.902144065100959,1553999232,10,47230,49,10
0,0,0,0,0,0,0,0,0,0,0,0,1.7415627048574736,1562386890,6,47579,49,24,1.1789562961407793,1553997903,5,47351,49,5,0.7861753518206809,1549804994,10,47183,49,8186
0,0,0,0,0,0,0,0,0,0,0,0,1.1186808360379696,1554001122,13,47310,49,45,1.6535382103338951,1560289415,5,47554,49,8170,0.7861753518206809,1549804994,10,47183,49,8186
0,0,0,0,0,0,0,0,0,0,0,0,1.3778487670406299,1556097588,12,47425,49,8189,0.6050313043465281,1545609042,5,47106,49,19,0.6443015101469828,1549805339,10,47118,49,61
0,0,0,0,0,0,0,0,0,0,0,0,0.7860749260971255,1549806458,12,47171,49,8182,1.0784904831277036,1553998049,5,47312,49,8,0.6179856648760103,1547709117,11,47111,49,8181
0,0,0,0,0,0,0,0,0,0,0,0,1.0861433610495543,1551903686,12,47301,49,47,1.222507539310086,1556095048,5,47372,49,19,1.7205501853230005,1547708499,11,47069,49,8165
0,0,0,0,0,0,0,0,0,0,0,0,1.696174917445968,1562389502,13,47560,49,8176,1.734725891779821,1545610102,6,47078,49,8182,1.6595572114434816,1564485291,11,47555,49,35
0,0,0,0,0,0,0,0,0,0,0,0,0.8009662556249414,1549806596,12,47177,49,8177,0.7570042725988971,1547706797,6,47168,49,8181,1.6073362481258782,1560291308,11,47531,49,8182
0,0,0,0,0,0,0,0,0,0,0,0,1.4085497053222285,1558194722,12,47436,49,8120,1.2787064637319538,1556095252,5,47397,49,5,1.5607234571159596,1560291175,11,47516,49,48
0,0,0,0,0,0,0,0,0,0,0,0,1.7599226474813705,1562390779,13,47583,49,8171,1.522780396151338,1560289644,6,47500,49,8188,1.532777352587198,1562388437,10,47502,49,7
0,0,0,0,0,0,0,0,0,0,0,0,1.1887505978579276,1554000723,12,47343,49,79,0.9044881313992413,1549803685,6,47234,49,30,1.5275762634736831,1560291328,10,47497,49,8140
0,0,0,0,0,0,0,0,0,0,0,0,1.5507302326247214,1560292297,12,47498,49,8186,1.1814044128030274,1553997657,5,47351,49,8138,1.475455672750268,1562388069,10,47480,49,12
0,0,0,0,,0,0,0,0,0,0,0,1.349698183073183,1556098028,12,47413,49,23,0.9092821270346066,1549803353,5,47235,49,8148,1.5165606559459388,1560288450,5,47493,49,28
0,0,0,0,0,0,0,0,0,0,0,0,0.809329286311223,1549804367,7,47183,49,6,1.5323684002764584,1560289770,6,47502,49,8169,1.497793600861327,1562387910,10,47485,49,8170
0,0,0,0,0,0,0,0,0,0,0,0,1.1946655029007267,1556097696,12,47349,49,69,0.7075362944821565,1547706709,6,47149,49,8187,1.564905896816615,1560291703,12,47515,49,8176
0,0,0,0,0,0,0,0,0,0,0,0,0.6693924038758444,1547709480,12,47124,49,14,1.3649947570557093,1556095175,6,47431,49,8139,1.564905896816615,1560291703,12,47515,49,8176
0,0,0,0,0,0,0,0,0,0,0,0,1.0617662700038557,1551900552,6,47293,49,32,1.7490056466424435,1545609082,5,47082,49,8187,1.6692474574516414,1562388918,11,47556,49,8165
0,0,0,0,0,0,0,0,0,0,0,0,1.7292217189237498,1562387497,7,47573,49,8191,1.2095549940894157,1553997786,5,47363,49,8177,1.6692474574516414,1562388918,11,47556,49,8165
0,0,0,0,0,0,0,0,0,0,0,0,0.9266233857766176,1549806830,13,47234,49,38,1.5555205008077961,1560290353,6,47515,49,18,1.765733514295789,1562388615,11,47602,49,43
0,0,0,0,0,0,0,0,0,0,0,0,0.7590452676071989,1549806382,12,47165,49,3,1.330011003935578,1556095750,6,47414,49,8174,0.5899373111432328,1549805731,10,47098,49,8188
0,0,0,0,0,0,0,0,0,0,0,0,1.4298671162925554,1558195373,13,47444,49,30,0.731606688884082,1547706829,5,47161,49,22,0.5899373111432328,1549805731,10,47098,49,8188
0,0,0,0,0,0,0,0,0,0,0,0,1.762266717153518,1562386466,6,47593,49,8188,1.0142352347244246,1551901500,6,47278,49,55,0.657356307134185,1549805451,10,47125,49,14
0,0,0,0,0,0,0,0,0,0,0,0,0.9651779988980811,1551904107,13,47248,49,7,1.210268797886538,1553997616,5,47364,49,8156,0.5845317390565522,1549805398,10,47095,49,8178
0,0,0,0,0,0,0,0,0,0,0,0,1.3016577978708985,1556095871,7,47397,49,8179,1.4801474379736608,1558192660,6,47478,49,8166,1.7386034341408436,1564485325,10,47588,49,8
0,0,0,0,0,0,0,0,0,0,0,0,1.072068069113707,1551903494,12,47296,49,0,1.1659015138287077,1553998556,6,47343,49,22,1.5798994660266519,1560290842,10,47524,49,8154
0,0,0,0,0,0,0,0,0,0,0,0,0.8202426588104589,1549804107,6,47189,49,58,0.9222346824688338,1551900680,6,47244,49,8155,0,1558194469,11,47469,49,8189
0,0,0,0,0,0,0,0,0,0,0,0,1.4153828790131846,1558191897,6,47442,49,8152,1.5588869007648813,1560289515,5,47514,49,8135,1.3742778996365954,1560291048,10,47436,49,8127
0,0,0,0,0,0,0,0,0,0,0,0,1.733097445410934,1562386815,6,47575,49,27,0.746702477642768,1547706452,5,47165,49,1,1.2851343876814743,1558194034,11,47398,49,8180
0,0,0,0,0,0,0,0,0,0,0,0,1.3996755081986114,1558194970,12,47436,49,8171,1.7827662613167616,1545610036,6,47096,49,8149,1.0805333252161369,1556096459,10,47308,49,8189
0,0,0,0,0,0,0,0,0,0,0,0,0.7856678073884708,1547709616,12,47168,49,8130,1.2173064426974571,1556094889,6,47368,49,8163,1.023518352815564,1556096483,11,47283,49,8182
0,0,0,0,0,0,0,0,0,0,0,0,1.0397350613693206,1551903662,12,4728,49,45,1.622430185858894,1560289913,6,47540,49,8118,0.9049992889439834,1551903284,11,47237,49,8162
0,0,0,0,0,0,0,0,0,0,0,0,1.6402827027964555,1560290152,6,47533,49,6,1.0713506031872644,1553998361,6,47311,49,9,0.9049992889439834,1551903284,11,47237,49,8162
0,0,0,0,0,0,0,0,0,0,0,0,0.6560309201174603,1547706537,6,47119,49,8190,1.4825955572423717,1558192752,6,47479,49,8175,0.6529694325962865,1549805510,11,47132,49,4
0,0,0,0,0,0,0,0,0,0,0,0,1.2041512649868749,1554001076,12,47353,49,8167,1.4825955572423717,1558192752,6,47479,49,8175,0.6000364373751936,1547707904,10,47099,49,8180
0,0,0,0,0,0,0,0,0,0,0,0,0,1558196104,13,47448,49,31,1.3519399790184907,1556095523,6,47424,49,25,1.648032280204967,1562388450,11,47552,49,2
0,0,0,0,0,0,0,0,0,0,0,0,0.8002524483002184,1549807544,13,47177,49,1,0.7954548390459498,1549803944,6,47192,49,8171,1.5474642050108232,1562388198,11,47514,49,1
0,0,0,0,0,0,0,0,0,0,0,0,1.0195403947708261,1551904243,13,47275,49,8184,1.2325026329846371,1556094386,5,47379,49,8158,1.4583225576201146,1560291110,10,47468,49,8158
0,0,0,0,0,0,0,0,0,0,0,0,1.585918462871286,1560292342,12,47514,49,90,0.7542494682237952,1547706140,5,47172,49,18,1.4583225576201146,1560291110,10,47468,49,8158
0,0,0,0,0,0,0,0,0,0,0,0,1.8033716753777853,1545612172,12,47094,49,8184,1.2057815041599702,1553997891,5,47361,49,10,1.1948699713798951,1558194129,11,47355,49,23
0,0,0,0,0,0,0,0,0,0,0,0,1.3982479018116132,1558195437,13,47434,49,38,1.129386075025826,1553997824,5,47334,49,8176,0.9849637380038343,1551903245,11,47269,49,21
0,0,0,0,0,0,0,0,0,0,0,0,0.7495613093111566,1547706832,6,47154,49,7,0.6164540245867327,1547706228,6,47115,49,24,0.9849637380038343,1551903245,11,47269,49,21
0,0,0,0,0,0,0,0,0,0,0,0,0.9526325508329365,1551904178,13,47243,49,37,1.0360619757706704,1551900247,5,47289,49,8185,0.6485843574527933,1549805279,10,47127,49,8162
0,0,0,0,0,0,0,0,0,0,0,0,1.4883096949694903,1558195102,12,47471,49,8168,1.6682250605933484,1562386566,5,47563,49,8180,0.5744344024424137,1547709123,11,47094,49,53
0,0,0,0,0,0,0,0,0,0,0,0,1.685363786763205,1562390468,14,47555,49,8,0.7921906882394546,1549804207,6,47192,49,8136,1.5144192493969326,1562387761,10,47494,49,8151
0,0,0,0,0,0,0,0,0,0,0,0,0.9703791056154863,1551903499,12,47253,49,8182,1.432820851347076,1558192314,5,47463,49,8154,1.5144192493969326,1562387761,10,47494,49,8151
0,0,0,0,0,0,0,0,0,0,0,0,1.1264322879099524,1554001161,12,47315,49,8189,1.762978704195518,1545608812,5,47090,49,8153,1.072168472610919,1553999200,10,47310,49,8182
0,0,0,0,0,0,0,0,0,0,0,0,1.585918462871286,1560291954,11,47514,49,8126,1.2009875055191754,1553997817,5,47360,49,8164,0,1551902283,10,47233,49,8177
0,0,0,0,0,0,0,0,0,0,0,0,1.715758014057058,1562390525,13,47569,49,8127,1.5216595075330324,1558192009,5,47497,49,0,0.6380781042240717,1549805482,10,47127,49,16
0,0,0,0,0,0,0,0,0,0,0,0,0.9861887054560049,1551904009,12,47258,49,20,0.90826162357503,1549803324,5,47239,49,8130,1.6209003411500316,1562388892,11,47547,49,31
0,0,0,0,0,0,0,0,0,0,0,0,1.067376305135091,1551903375,12,47294,49,55,1.1969073101884087,1553996929,5,47361,49,8175,1.2915604656072333,1558194233,11,47400,49,69
0,0,0,0,0,0,0,0,0,0,0,0,1.5368594154925102,1560293073,13,47491,49,1,0.6075816433182396,1545609772,6,47107,49,17,1.2915604656072333,1558194233,11,47400,49,69
0,0,0,0,0,0,0,0,0,0,0,0,1.6138664353221812,1560292437,12,47520,49,28,0.909384358306261,1549803624,5,47236,49,8131,0.7335472551909243,1549805375,11,47159,49,8160
0,0,0,0,0,0,0,0,0,0,0,0,0.8263620367633759,1549806172,11,47193,49,30,1.5036062549622595,1558192193,5,47490,49,8182,0.7335472551909243,1549805375,11,47159,49,8160
0,0,0,0,0,0,0,0,0,0,0,0,0.9011253769284622,1549806776,13,47220,49,43,0.5887123600426943,1545608921,5,47100,49,8180,1.3274624978143057,1558194779,11,47416,49,74
0,0,0,0,0,0,0,0,0,0,0,0,1.3373572049311013,1556097900,13,47407,49,26,1.1878304882406603,1553997973,5,47354,49,16,1.0766557677619826,1556096842,10,47315,49,8155
0,0,0,0,0,0,0,0,0,0,0,0,1.3999822166031375,1558195494,12,47433,49,8158,1.4739258316903918,1558192155,5,47477,49,1,0.6841797030360454,1549805282,10,47147,49,8189
0,0,0,0,0,0,0,0,0,0,0,0,0.6399164313849319,1547709148,12,47109,49,8115,0.8321729072928258,1549804603,6,47209,49,12,0.6841797030360454,1549805282,10,47147,49,8189
0,0,0,0,0,0,0,0,0,0,0,0,0.7001955566249005,1547707458,7,47134,49,8183,1.1092936470317338,1553997610,5,47324,49,8122,1.2565748617001533,1558194246,10,47391,49,21
0,0,0,0,0,0,0,0,0,0,0,0,1.1664145167788629,1553998568,6,47331,49,8178,1.6906634800358846,1545609599,6,47064,49,8163,1.2565748617001533,1558194246,10,47391,49,21
0,0,0,0,0,0,0,0,0,0,0,0,1.244949532083698,1556098236,13,47369,49,58,0.7782176290632628,1549804537,6,47186,49,21,0.5780034431270498,1549805617,10,47100,49,8130
0,0,0,0,0,0,0,0,0,0,0,0,1.7254482600155077,1562386855,6,47570,49,8170,1.3786610970914948,1558192270,5,47443,49,8152,0.5780034431270498,1549805617,10,47100,49,8130
0,0,0,0,0,0,0,0,0,0,0,0,0.6515436132498693,1547709560,12,47115,49,8191,1.6587392930170088,1562386132,5,47561,49,8182,1.0711497973227402,1556097108,11,47305,49,8167
0,0,0,0,0,0,0,0,0,0,0,0,1.144383306140514,1553998280,6,47323,49,6,1.0628871806761608,1551900835,5,47299,49,8186,1.0711497973227402,1556097108,11,47305,49,8167
0,0,0,0,0,0,0,0,0,0,0,0,1.3060446993979502,1556098327,13,47394,49,37,1.281970619811745,1556095567,6,47399,49,8126,1.5754121795549874,1560291126,10,47521,49,8164
0,0,0,0,0,0,0,0,0,0,0,0,1.793172109388261,1545612589,12,47090,49,5,0.632263617945697,1547706380,5,47121,49,8173,1.5754121795549874,1560291126,10,47521,49,8164
0,0,0,0,0,0,0,0,0,0,0,0,0.7466020504833955,1547709342,12,47159,49,8181,0.8370691342311043,1549803297,5,47209,49,8147,0.842987671802769,1551902802,11,47206,49,8187
0,0,0,0,0,0,0,0,0,0,0,0,1.2796284276929186,1556099188,13,47381,49,50,1.3572433081777615,1556094782,5,47429,49,8124,0.5877940908501615,1549805627,10,47108,49,8186
0,0,0,0,0,0,0,0,0,0,0,0,1.4402693047222144,1558195177,12,47454,49,13,1.5045245334496757,1558191424,5,47488,49,8113,1.3070633638516511,1558194040,10,47408,49,8188
0,0,0,0,0,0,0,0,0,0,0,0,0.8944948445047789,1549806460,12,47221,49,31,0.8695043681266061,1549803790,5,47218,49,8170,1.732279593354505,1564485540,10,47591,49,8140
0,0,0,0,0,0,0,0,0,0,0,0,1.3959020197983671,1556098084,13,47433,49,8136,1.313692067225991,1556095457,6,47407,49,8162,1.3880464796312355,1560291430,11,47446,49,8181
0,0,0,0,0,0,0,0,0,0,0,0,1.5049353432698132,1558195372,13,47476,49,8146,1.3495940972286669,1556095596,6,47423,49,48,0.877869207490316,1551902509,10,47224,49,8191
0,0,0,0,0,0,0,0,0,0,0,0,0.7452766649619184,1547709861,13,47156,49,51,1.7042294290786264,1562386313,5,47578,49,8157,0.877869207490316,1551902509,10,47224,49,8191
0,0,0,0,0,0,0,0,0,0,0,0,0.8055557898216605,1549806562,12,47181,49,1,1.6670019395623425,1560289270,6,47559,49,8138,1.1673309575757518,1556097163,11,47346,49,26
0,0,0,0,0,0,0,0,0,0,0,0,0,,,,,,0,1549802781,5,47188,49,8155,1.1673309575757518,1556097163,11,47346,49,26
0,0,0,0,0,0,0,0,0,0,0,0,1.251580077221568,1556098229,13,47368,49,8167,0.7067202567652756,1547706560,5,47150,49,8142,1.3714226878687281,1558193773,11,47433,49,46
0,0,0,0,0,0,0,0,0,0,0,0,1.6478296740405927,1560292433,12,47539,49,8183,1.0282082920227265,1551900487,5,47286,49,18,0.9706839810539012,1554000213,10,47266,49,6
0,0,0,0,0,0,0,0,0,0,0,0,1.6309995454114152,1560291934,12,47536,49,8172,0.8905150724127964,1549803970,5,47228,49,18,1.5487914381756436,1562388066,10,47510,49,8180
0,0,0,0,0,0,0,0,0,0,0,0,0.8517596232340274,1549807060,12,47200,49,21,1.1713070812020137,1553997772,5,47347,49,8187,1.5487914381756436,1562388066,10,47510,49,8180
0,0,0,0,0,0,0,0,0,0,0,0,0.8404373284598432,1549806175,11,47199,49,2,0.9337596247211793,1551901049,5,47252,49,8164,1.690258154416641,1562388515,11,47571,49,25
0,0,0,0,0,0,0,0,0,0,0,0,1.2550468642797226,1556095838,7,47374,49,0,1.2156743646187145,1556094743,5,47368,49,14,1.2969660328868857,1560290775,10,47403,49,4
0,0,0,0,0,0,0,0,0,0,0,0,1.255965137896909,1556097871,12,47373,49,60,1.0014853209700116,1551901618,6,47276,49,12,0.673470791069666,1547707760,10,47140,49,8158
0,0,0,0,0,0,0,0,0,0,0,0,1.6593546067310565,1562389437,13,47546,49,31,1.2403563171620868,1556095254,5,47382,49,1,0.673470791069666,1547707760,10,47140,49,8158
0,0,0,0,0,0,0,0,0,0,0,0,1.6643530870255299,1560292597,13,47545,49,8177,1.0569704446657797,1551900394,6,47300,49,8182,0.8891915053202584,1553999728,11,47225,49,8170
0,0,0,0,0,0,0,0,0,0,0,0,0.8660393764682961,1549804324,6,47204,49,8,1.3669335459166185,1556094633,5,47429,49,8174,1.7082092002795441,1564485904,11,47579,49,17
0,0,0,0,0,0,0,0,0,0,0,0,0.8186105838991978,1549806826,13,47189,49,30,1.2121053456816633,1553997985,5,47363,49,8145,1.081756467504233,1556097049,10,47313,49,8171
0,0,0,0,0,0,0,0,0,0,0,0,1.230364904241792,1556097741,12,47360,49,5,1.5036062553771852,1558192761,6,47489,49,17,1.081756467504233,1556097049,10,47313,49,8171
0,0,0,0,0,0,0,0,0,0,0,0,1.5483843506593513,1560291954,12,47498,49,8177,1.580713636869474,1560288904,5,47525,49,8146,1.3213431274507905,1560291551,10,47412,49,8185
0,0,0,0,0,0,0,0,0,0,0,0,1.483617930879164,1558193282,7,47469,49,20,1.3466366489225015,1556095135,5,47420,49,8181,1.4994256797775336,1562388141,10,47490,49,18
0,0,0,0,0,0,0,0,0,0,0,0,1.8022489419299719,1547709010,12,47097,49,8165,1.5189046722934716,1560288760,5,47499,49,8167,1.4994256797775336,1562388141,10,47490,49,18
0,0,0,0,0,0,0,0,0,0,0,0,1.652521438130919,1560292264,13,47541,49,29,1.2288313803648292,1556094870,5,47375,49,8168,1.540019473764389,1562388552,11,47508,49,8161
0,0,0,0,0,0,0,0,0,0,0,0,0.7470109686978971,1547710237,13,47155,49,8185,1.4447547354999772,1558192758,6,47466,49,48,1.540019473764389,1562388552,11,47508,49,8161
0,0,0,0,0,0,0,0,0,0,0,0,1.7306493324724472,1562386976,6,47575,49,38,1.0981758089337839,1553998387,6,47320,49,8115,1.6269193428597497,1562389187,11,47544,49,8153
0,0,0,0,0,0,0,0,0,0,0,0,0.7999457583539914,1549807315,13,47180,49,8168,1.322157318804085,1556095314,5,47412,49,8107,1.6269193428597497,1562389187,11,47544,49,8153
0,0,0,0,0,0,0,0,0,0,0,0,1.741562704921308,1562389659,12,47580,49,8185,0.9658881626899619,1551900901,5,47265,49,8170,1.6325293863429389,1562388454,10,47545,49,8145
0,0,0,0,0,0,0,0,0,0,0,0,0.7752637828361417,1547709392,13,47166,49,8183,1.1342823078341184,1553998473,6,47334,49,8167,1.6325293863429389,1562388454,10,47545,49,8145
0,0,0,0,0,0,0,0,0,0,0,0,1.682304103282071,1562389290,13,47553,49,30,0.7790336673550099,1549803213,5,47185,49,8183,1.6025422443307962,1562388518,11,47535,49,8151
0,0,0,0,0,0,0,0,0,0,0,0,0.6802035479423754,1547709447,12,47130,49,8167,0.9655832891764988,1551900409,5,47260,49,23,1.6025422443307962,1562388518,11,47535,49,8151
0,0,0,0,0,0,0,0,0,0,0,0,1.731363139165612,1562387449,7,47576,49,29,0.8332956406811364,1549803758,5,47205,49,8171,1.5105435253884827,1560291229,10,47493,49,8178
0,0,0,0,0,0,0,0,0,0,0,0,1.3786648063838929,1558195105,12,47426,49,5,1.6790361879850557,1562387063,6,47569,49,8144,1.3781554758718673,1558193903,10,47431,49,8177
0,0,0,0,0,0,0,0,0,0,0,0,1.51023867310084,1558195923,13,47480,49,7,0.6463389088282712,1547705851,5,47126,49,8126,0.8322769507464517,1551902458,10,47207,49,25
0,0,0,0,0,0,0,0,0,0,0,0,1.0997093138008833,1554001226,13,47305,49,6,1.5026879771520376,1558192149,6,47490,49,52,1.150705315228308,1556096503,10,47341,49,8164
0,0,0,0,0,0,0,0,0,0,0,0,0.7382390189461187,1547709544,13,47153,49,1,1.2317888296909212,1556094420,4,47378,49,8131,0.9107133688131241,1551903114,11,47230,49,8132
0,0,0,0,0,0,0,0,0,0,0,0,0.8244250761882849,1549806615,12,47188,49,5,1.3680544408476454,1558191928,5,47434,49,28,0.9107133688131241,1551903114,11,47230,49,8132
0,0,0,0,0,0,0,0,0,0,0,0,1.5578701164263906,1560293466,13,47501,49,8117,0.9331480516028496,1551900474,5,47251,49,8114,0.5513827060936646,1547708411,10,47089,49,8181
0,0,0,0,0,0,0,0,0,0,0,0,1.621208931621861,1560292510,13,47530,49,8182,1.059214092075813,1551899796,5,47303,49,8158,1.1373438276214416,1556096741,10,47339,49,8163
0,0,0,0,0,0,0,0,0,0,0,0,1.2264891791894268,1556097882,12,47360,49,1,0.7705684087644908,1549803613,5,47181,49,18,1.4838205459006053,1562388028,11,47486,49,32
0,0,0,0,0,0,0,0,0,0,0,0,0.7445628573974734,1547710333,13,47157,49,8162,1.6050907332874185,1560290105,6,47535,49,4,1.2513756096368183,1556096324,10,47381,49,28
0,0,0,0,0,0,0,0,0,0,0,0,1.5549126699807148,1560289806,6,47500,49,30,1.3786610970914948,1558192159,5,47443,49,8151,1.024843730026717,1553999322,10,47290,49,8180
0,0,0,0,0,0,0,0,0,0,0,0,1.388150570579698,1556097365,12,47431,49,4,1.4550565396361803,1558191562,5,47470,49,31,0.9198906172797665,1551902687,11,47247,49,8155
0,0,0,0,0,0,0,0,0,0,0,0,1.0007733389840323,1551903607,12,47269,49,8179,1.191706212958222,1553998229,6,47356,49,8155,0.9321311877475599,1554000320,11,47247,49,8188
0,0,0,0,0,0,0,0,0,0,0,0,1.2052740064476395,1554000697,12,47352,49,8187,1.3859032170187873,1558193036,6,47444,49,8186,1.6857708699675553,1564485240,10,47570,49,46
0,0,0,0,0,0,0,0,0,0,0,0,0.9204017776174956,1551903861,13,47233,49,8158,1.1193909781959577,1553997995,5,47329,49,8183,1.0680901101815297,1556096859,10,47306,49,46
0,0,0,0,0,0,0,0,0,0,0,0,1.124697978192605,1553998972,7,47318,49,8174,1.3705025590925854,1558192026,5,47435,49,8161,0.6081950145904077,1549805383,11,47111,49,12
0,0,0,0,0,0,0,0,0,0,0,0,0.870628910421133,1549806256,12,47209,49,27,1.1161268231180992,1553997592,5,47329,49,8130,1.2207750657473218,1556096919,10,47377,49,8178
0,0,0,0,0,0,0,0,0,0,0,0,1.1012391577409724,1554002062,14,47308,49,8183,1.3634649138667403,1556094290,5,47432,49,8171,1.2207750657473218,1556096919,10,47377,49,8178
0,0,0,0,0,0,0,0,0,0,0,0,1.0339223841698046,1551903743,12,47280,49,28,1.3589776239889972,1556095537,6,47428,49,8190,1.407425097757356,1560291381,11,47459,49,8189
0,0,0,0,0,0,0,0,0,0,0,0,0.7156984652688638,1547707111,6,47144,49,8169,1.0721666411605337,1553997374,5,47312,49,38,1.5600096527956662,1562388802,11,47523,49,12
0,0,0,0,0,0,0,0,0,0,0,0,0.9167305139110986,1549807244,13,47229,49,36,1.0721666411605337,1553997374,5,47312,49,38,1.136936726114268,1556096505,10,47335,49,48
0,0,0,0,0,0,0,0,0,0,0,0,1.782156505668963,1562389620,12,47600,49,1,1.068188682173842,1553998122,5,47311,49,8159,1.6951544091663466,1564485890,10,47574,49,11
0,0,0,0,0,0,0,0,0,0,0,0,1.5859184629191623,1560290154,6,47515,49,2,1.0597234278675465,1553997854,5,47307,49,8181,1.6988256721467678,1547707878,10,47066,49,4
0,0,0,0,0,0,0,0,0,0,0,0,1.745540662443015,1562389397,12,47582,49,20,1.3465344117728548,1556095121,5,47423,49,3,1.206904245390142,1556097835,11,47369,49,34
0,0,0,0,0,0,0,0,0,0,0,0,1.3911080196595804,1558195152,12,47433,49,33,1.0710457342078248,1553998121,6,47308,49,55,1.6112119701197154,1560291267,11,47541,49,24
0,0,0,0,0,0,0,0,0,0,0,0,1.5509347080028701,1560290016,7,47498,49,55,1.3379669239703633,1556095017,5,47419,49,8177,1.6112119701197154,1560291267,11,47541,49,24
0,0,0,0,0,0,0,0,0,0,0,0,1.172329423813082,1554001100,12,47338,49,8170,1.0646196595455542,1553997738,6,47307,49,8180,1.385293505700997,1560290943,10,47444,49,8190
0,0,0,0,0,0,0,0,0,0,0,0,1.3020667393164065,1556094808,6,47394,49,33,1.3246054361345114,1556094708,5,47414,49,8185,0.8292172609824787,1551899228,4,47212,49,35
0,0,0,0,0,0,0,0,0,0,0,0,1.0527916728657005,1554000707,12,47286,49,3,1.2405607877978764,1556095162,5,47382,49,8174,1.1437699030177495,1558194130,11,47344,49,1
0,0,0,0,0,0,0,0,0,0,0,0,0.6359384759088581,1547709294,12,47109,49,17,0.9236622914625615,1551901690,6,47249,49,31,0.846963814404306,1553999203,10,47222,49,7
0,0,0,0,0,0,0,0,0,0,0,0,0.7326289883117658,1547709458,12,47153,49,24,1.1430542643264519,1553997997,5,47338,49,8185,0.846963814404306,1553999203,10,47222,49,7
0,0,0,0,0,0,0,0,0,0,0,0,1.504730869397344,1558193131,7,47479,49,8132,0.7852552733954217,1549804157,6,47190,49,8182,0.475907335177831,1564485781,11,47572,49,38
0,0,0,0,0,0,0,0,0,0,0,0,1.1106226858099146,1554001363,13,47311,49,28,0.6103346448451259,1547706191,5,47113,49,8164,1.3515328818639523,1560291632,10,47435,49,3
0,0,0,0,0,0,0,0,0,0,0,0,1.1824267566408653,1553998573,6,47343,49,65,0.7722004833878371,1549803367,5,47182,49,12,1.3515328818639523,1560291632,10,47435,49,3
0,0,0,0,0,0,0,0,0,0,0,0,0.6725543228305719,1547709426,12,47126,49,8187,1.609680256717517,1560289854,6,47539,49,8176,0.9421262892194178,1551902923,11,47257,49,37
0,0,0,0,0,0,0,0,0,0,0,0,0.7194719629359034,1547710048,14,47146,49,15,1.7279949415633928,1545608665,5,47075,49,54,0.9421262892194178,1551902923,11,47257,49,37
0,0,0,0,0,0,0,0,0,0,0,0,1.4038579414553234,1558192970,7,47436,49,8165,1.355204136137645,1556095320,6,47426,49,8182,0.49283788643883175,1564485715,11,47582,49,8178
0,0,0,0,0,0,0,0,0,0,0,0,1.4342521715738625,1558195884,13,47450,49,8157,1.4706616716258112,1558192138,5,47478,49,8176,1.045038394455514,1556096624,10,47304,49,66
0,0,0,0,0,0,0,0,0,0,0,0,0.88154228298629,1549807423,12,47213,49,8,1.0459548397038931,1551900407,5,47298,49,17,1.2009874992952896,1558193831,10,47375,49,8153
0,0,0,0,0,0,0,0,0,0,0,0,0.8969429576127058,1549804380,6,47221,49,7,1.0459548397038931,1551900407,5,47298,49,17,1.2009874992952896,1558193831,10,47375,49,8153
0,0,0,0,0,0,0,0,0,0,0,0,1.4646464009562161,1558192797,6,47463,49,23,0.7115142495985011,1547706982,6,47153,49,8176,0.5539330434809282,1549805250,10,47095,49,0
0,0,0,0,0,0,0,0,0,0,0,0,0.798008796001557,1549806682,12,47175,49,8174,1.5285949144733817,1560289318,5,47501,49,30,1.0512618309946886,1556096890,11,47299,49,8156
0,0,0,0,0,0,0,0,0,0,0,0,1.2483159219745106,1556098991,13,47368,49,5,1.131834190880441,1553998423,5,47335,49,8166,1.4788239308708284,1560290812,10,47483,49,8169
0,0,0,0,0,0,0,0,0,0,0,0,1.1587634688778292,1554001200,12,47334,49,10,1.2127169140134746,1553997411,5,47366,49,8118,1.4788239308708284,1560290812,10,47483,49,8169
0,0,0,0,0,0,0,0,0,0,0,0,1.6204951295985428,1560292908,13,47527,49,9,0.7278331922114099,1547707125,6,47160,49,8162,0.5587252399951619,1547707928,9,47104,49,8185
0,0,0,0,0,0,0,0,0,0,0,0,0.7559873768401152,154709746,13,47155,49,56,0,1558193123,6,47465,49,8162,0.8116733552826708,1551902332,10,47208,49,19
0,0,0,0,0,0,0,0,0,0,0,0,1.8142850475792875,1547709104,12,47099,49,21,1.5004443331869934,1558192351,6,47489,49,18,0.8116733552826708,1551902332,10,47208,49,19
0,0,0,0,0,0,0,0,0,0,0,0,0.83758210064584,1549807043,13,47195,49,8142,1.0021991256066973,1551900489,5,47278,49,8176,1.1537650001103155,1556097106,10,47350,49,37
0,0,0,0,0,0,0,0,0,0,0,0,1.1865069497671599,1554001008,13,47342,49,36,1.656802371502407,1560289370,6,47556,49,8074,0.7627165305870728,1551902494,10,47184,49,8171
0,0,0,0,0,0,0,0,0,0,0,0,1.0187243566150939,1551901958,7,47275,49,46,1.686889986750926,1562386425,5,47573,49,8169,0.7627165305870728,1551902494,10,47184,49,8171
0,0,0,0,0,0,0,0,0,0,0,0,1.3451086547034685,1556098352,12,47411,49,8179,1.1735507277298176,1553997581,5,47350,49,18,1.682302266397454,1562388827,11,47576,49,8148
0,0,0,0,0,0,0,0,0,0,0,0,1.1372434266511648,1554000562,11,47321,49,34,1.1938476246555854,1553997667,5,47359,49,8177,1.682302266397454,1562388827,11,47576,49,8148
0,0,0,0,0,0,0,0,0,0,0,0,1.4077336660466193,1558195151,12,47437,49,8164,0.6026854216630174,1545608891,5,47107,49,8137,1.2945197617068562,1558194331,10,47402,49,8183
0,0,0,0,0,0,0,0,0,0,0,0,1.1552966780305505,1554000742,12,47328,49,59,0,1547706014,5,47115,49,8154,0,1560291139,10,47438,49,8163
0,0,0,0,0,0,0,0,0,0,0,0,1.3592861824855105,1556097656,12,47416,49,8158,1.2235280484318842,1556094152,5,47372,49,7,0.8994914859745742,1551902854,11,47240,49,55
0,0,0,0,0,0,0,0,0,0,0,0,1.0620729683606729,1551903839,12,47290,49,8186,1.2173064422346553,1556094056,5,47369,49,19,0.8994914859745742,1551902854,11,47240,49,55
0,0,0,0,0,0,0,0,0,0,0,0,1.2512733738544586,1556097803,12,47371,49,8182,0.6144148304525524,1547706137,5,47112,49,8142,1.66149600979624,1564485297,10,47561,49,8158
0,0,0,0,0,0,0,0,0,0,0,0,0.9494706309588525,1551903921,13,47242,49,49,0.6144148304525524,1547706137,5,47112,49,8142,1.531656462478361,1560290664,10,47506,49,37
0,0,0,0,0,0,0,0,0,0,0,0,1.071149797833418,1554000871,13,47297,49,21,1.2009875051042496,1553997224,5,47361,49,,0.7895417314015524,1551902385,10,47190,49,8118
0,0,0,0,0,0,0,0,0,0,0,0,0.7689399443077753,1547707439,7,47164,49,5,1.1871166841822942,1553997185,4,47353,49,8173,0.7132503545183192,1549805018,9,47154,49,8183
0,0,0,0,0,0,0,0,0,0,0,0,0.8523711996642486,1549807135,13,47202,49,77,1.7458437259158692,1545609606,5,47083,49,8128,1.0886918780821377,1553999576,11,47321,49,30
0,0,0,0,0,0,0,0,0,0,0,0,1.7369731718606491,1562390269,13,47577,49,25,1.7458437259158692,1545609606,5,47083,49,8128,0.9745597055470044,1553999450,10,47272,49,8170
0,0,0,0,0,0,0,0,0,0,0,0,0.6405280115331835,1547709832,13,47111,49,66,1.160087006293368,1553998196,5,47346,49,8157,1.4815750356575637,1562388211,11,47493,49,8173
0,0,0,0,0,0,0,0,0,0,0,0,1.5087088307590468,1558195719,13,47479,49,8183,1.160087006293368,1553998196,5,47346,49,8157,1.4815750356575637,1562388211,11,47493,49,8173
0,0,0,0,0,0,0,0,0,0,0,0,1.5902031385661386,1560293173,13,47512,49,8156,1.8031653914848844,1545609295,5,47105,49,8155,0.7736299030484862,1549805462,11,47186,49,8133
0,0,0,0,0,0,0,0,0,0,0,0,1.2576994502189982,1556095549,7,47372,49,27,1.8031653914848844,1545609295,5,47105,49,8155,0.4971225263069139,1547708070,10,47065,49,8188
0,0,0,0,0,0,0,0,0,0,0,0,1.3349090874539735,1556095700,6,47407,49,10,1.2140422859911297,1556094787,5,47369,49,45,0.83207429953979,1551902096,10,47205,49,5
0,0,0,0,0,0,0,0,0,0,0,0,0.9927170090615344,1551901339,6,47258,49,8189,1.2155721286343801,1556095063,5,47370,49,8188,1.6513986810309902,1562388239,10,47556,49,8177
0,0,0,0,0,0,0,0,0,0,0,0,1.0533010131992437,1551901335,6,47288,49,21,0.6258375507246745,1547706349,5,47120,49,8180,1.7288127944151193,1562387923,10,47589,49,8190
0,0,0,0,0,0,0,0,0,0,0,0,0.6881594598541423,1547709308,12,47132,49,8162,0.6336912329170007,1547706636,6,47123,49,8162,1.3883531900404091,1560291227,10,47447,49,34
0,0,0,0,0,0,0,0,0,0,0,0,0.7338539426514038,1547709839,12,47148,49,8140,1.2249556555064218,1556095159,6,47374,49,8182,1.4761713357927557,1560291453,10,47482,49,11
0,0,0,0,0,0,0,0,0,0,0,0,1.5572585517067041,1560289433,6,47499,49,20,1.2103710322316297,1556093866,4,47365,49,8144,1.067069604397978,1553996621,4,47309,49,8184
0,0,0,0,0,0,0,0,0,0,0,0,1.517990121794264,1558195395,13,47484,49,0,1.7735871984587275,1545608803,5,47091,49,8121,1.126839393538359,1556096525,9,47331,49,8189
0,0,0,0,0,0,0,0,0,0,0,0,1.0669691975968532,1554000848,12,47290,49,9,1.0658428005436045,1553997737,5,47310,49,8157,0.9782327895413913,1551902385,10,47268,49,8180
0,0,0,0,0,0,0,0,0,0,0,0,0.6486883791030036,1547709550,13,47110,49,6,1.0658428005436045,1553997737,5,47310,49,8157,1.659559085606938,1564485443,10,47556,49,8160
0,0,0,0,0,0,0,0,0,0,0,0,1.7980683363816423,1562387396,6,47601,49,8167,1.5275743971297513,1560288877,5,47503,49,8188,1.5560335605743312,1562388411,10,47516,49,12
0,0,0,0,0,0,0,0,0,0,0,0,1.337561675373845,1556098817,12,47404,49,14,1.5275743971297513,1560288877,5,47503,49,8188,1.5560335605743312,1562388411,10,47516,49,12
0,0,0,0,0,0,0,0,0,0,0,0,1.228937294785846,1554001226,12,47357,49,8147,0.7599617301173822,1549802793,5,47173,49,8130,1.0731908076866337,1556096805,10,47306,49,8157
0,0,0,0,0,0,0,0,0,0,0,0,0.7636366016619295,1549806241,12,47159,49,24,0.7599617301173822,1549802793,5,47173,49,8130,0.6230863431419746,1549805292,10,47119,49,8177
0,0,0,0,0,0,0,0,0,0,0,0,0.6548077603670293,1547709423,12,47114,49,8159,1.157129555368613,1553999056,6,47343,49,62,0.6027894424627812,1549805278,10,47110,49,8152
0,0,0,0,0,0,0,0,0,0,0,0,1.3985546095854045,1558195287,13,47430,49,10,1.157129555368613,1553999056,6,47343,49,62,1.2038463992064854,1553999660,11,47361,49,8123
0,0,0,0,0,0,0,0,0,0,0,0,1.2977839146433696,1556098352,12,47386,49,2,1.5217598770227247,1560289288,5,47504,49,8101,1.0022009489020471,1553999727,10,47282,49,8179
0,0,0,0,0,0,0,0,0,0,0,0,0.7992319510511322,1549803506,6,47178,49,8158,1.4824933189256542,1558192607,5,47481,49,8161,1.0022009489020471,1553999727,10,47282,49,8179
0,0,0,0,0,0,0,0,0,0,0,0,0,1547709112,12,47120,49,24,0,1547706082,5,47172,49,8164,14.513627195312896,1560291265,10,47486,49,29
0,0,0,0,0,0,0,0,0,0,0,0,1.3837655134530762,1556098146,13,47423,49,10,0.6493985963115193,1547706845,5,47131,49,46,1.4726004617956614,1560291265,10,47486,49,29
0,0,0,0,0,0,0,0,0,0,0,0,1.2215929462667916,1556098368,13,47357,49,8156,1.1140876439611431,1553998136,5,47327,49,8168,1.6328361037585928,1564485426,11,47547,49,18
0,0,0,0,0,0,0,0,0,0,0,0,0.7324263263748557,1547709222,12,47145,49,5,1.1140876439611431,1553998136,5,47327,49,8168,1.0133187864025088,1551902276,10,47285,49,12
0,0,0,0,0,0,0,0,0,0,0,0,1.7718547082539169,1562389428,12,4794,49,8188,1.5204345120953808,1560288804,5,47503,49,35,0.7236525765464633,1549805663,10,47165,49,37
0,0,0,0,0,0,0,0,0,0,0,0,1.276975841157279,1556098349,12,47382,49,8169,1.5204345120953808,1560288804,5,47503,49,35,1.340007946170184,1558193783,10,47426,49,35
0,0,0,0,0,0,0,0,0,0,0,0,1.1208222521514972,1554000256,11,47313,49,4,0.7560860032061973,1547705926,5,47173,49,52,1.0761482615732145,1553999638,11,47309,49,8155
0,0,0,0,0,0,0,0,0,0,0,0,1.1127641013471725,1554001220,12,47312,49,8159,1.0274944858193085,1551901441,6,47288,49,8183,1.0681923436221368,1554000182,11,47307,49,36
0,0,0,0,0,0,0,0,0,0,0,0,0.9495728622720868,1551903838,13,47240,49,73,1.4872873197527887,1558192276,5,47484,49,18,1.2192452224622465,1558193304,10,47378,49,28
0,0,0,0,0,0,0,0,0,0,0,0,1.6294697037561994,1560293083,13,47534,49,8177,1.3710118860043607,1558191789,5,47440,49,17,1.5935676721479186,1560291127,11,47532,49,8151
0,0,0,0,0,0,0,0,0,0,0,0,1.4741321658070223,1558195158,12,47465,49,53,0.6211457861396288,1547706295,5,47120,49,8191,1.0701292909188735,1556096852,10,47312,49,8189
0,0,0,0,0,0,0,0,0,0,0,0,0.981905867773863,1551903595,12,47251,49,8183,1.7526769049739497,1545609516,5,47090,49,8128,1.0701292909188735,1556096852,10,47312,49,8189
0,0,0,0,0,0,0,0,0,0,0,0,0.8059647090005638,1549806371,12,47176,49,19,0.9726209332054427,1551900089,5,47266,49,8149,1.0391234880215774,1551902445,11,47296,49,28
0,0,0,0,0,0,0,0,0,0,0,0,1.4861682863180357,1558195241,13,47467,49,85,0.8969411426319405,1549803371,5,47232,49,8188,1.2821769373148693,1558194033,10,47401,49,7
0,0,0,0,0,0,0,0,0,0,0,0,1.2920716420309082,1556098928,13,47386,49,11,1.3317453175850953,1556095654,6,47417,49,14,0.6262482621164798,1549805590,11,47120,49,8144
0,0,0,0,0,0,0,0,0,0,0,0,0.7626161057252863,1547709879,12,47161,49,7,1.2110848350903132,1556094265,5,47368,49,16,0.6262482621164798,1549805590,11,47120,49,8144
0,0,0,0,0,0,0,0,0,0,0,0,1.7351366343868604,1562387013,6,47578,49,46,1.655477008985456,1560289316,5,47555,49,8173,1.1211289547841412,1556097051,11,47324,49,8171
0,0,0,0,0,0,0,0,0,0,0,0,1.1864047158287228,1554001185,12,47342,49,43,1.655477008985456,1560289316,5,47555,49,8173,1.0853273224931228,1556096578,10,47315,49,2
0,0,0,0,0,0,0,0,0,0,0,0,0.9221360842537935,1549804178,6,47229,49,45,0.7659788752738339,1549803068,5,47180,49,8125,1.2509685106239423,1558193796,10,47379,49,46
0,0,0,0,0,0,0,0,0,0,0,0,1.519622201185741,1560292196,12,47483,49,8191,0.7659788752738339,1549803068,5,47180,49,8125,1.2509685106239423,1558193796,10,47379,49,46
0,0,0,0,0,0,0,0,0,0,0,0,1.199359099677763,1554001006,12,47343,49,8177,1.0639058544745192,1553997224,5,47307,49,8191,1.5485888276652853,1560290762,10,47509,49,8176
0,0,0,0,0,0,0,0,0,0,0,0,1.770019982625801,1562390512,13,47588,49,73,0.9638489785043007,1551900239,5,47264,49,8173,1.475457533580374,1558193672,10,47482,49,8119
0,0,0,0,0,0,0,0,0,0,0,0,1.3898848847810923,1558195060,12,47427,49,20,1.3625466361609329,1558191350,5,47435,49,8179,1.4702545799499815,1560290950,10,47485,49,8
0,0,0,0,0,0,0,0,0,0,0,0,0.725490908824691,1547707298,7,47141,49,20,1.3625466361609329,1558191350,5,47435,49,8179,1.3071655992135596,1558193701,11,47412,49,8141
0,0,0,0,0,0,0,0,0,0,0,0,1.450980054922446,1558195330,12,47452,49,8165,1.5659245443629406,1560289465,5,47520,49,5,1.1089906099820788,1556096697,10,47323,49,64
0,0,0,0,0,0,0,0,0,0,0,0,0.722531652706831,1547709259,12,47146,49,8154,1.5659245443629406,1560289465,5,47520,49,5,1.027496311316857,1554000088,10,47290,49,8178
0,0,0,0,0,0,0,0,0,0,0,0,1.4193608398829503,1558195351,13,47442,49,32,1.7593074426684554,1545609173,5,47088,49,21,0.8883754676981049,1553999380,10,47230,49,8186
0,0,0,0,0,0,0,0,0,0,0,0,0.6759206989171269,1547709022,12,47123,49,7,1.7593074426684554,1545609173,5,47088,49,21,0.8883754676981049,1553999380,10,47230,49,8186
0,0,0,0,0,0,0,0,0,0,0,0,0,1556098308,12,47400,49,8160,0.6911151207724434,1547707581,6,47145,49,8179,0.8322787614023285,1549805036,10,47204,49,0
0,0,0,0,0,0,0,0,0,0,0,0,1.736463826391395,1562389537,12,47573,49,8154,0.6911151207724434,1547707581,6,47145,49,8179,0.8322787614023285,1549805036,10,47204,49,0
0,0,0,0,0,0,0,0,0,0,0,0,1.1429556954495028,1554001826,13,47320,49,16,0.7730165209784393,1549802766,5,47182,49,8188,1.5972389176079558,1562388265,10,47536,49,8179
0,0,0,0,0,0,0,0,0,0,0,0,1.5360433755577394,1560292873,13,47490,49,46,0.7730165209784393,1549802766,5,47182,49,8188,1.2958451330875893,1558193827,11,47403,49,35
0,0,0,0,0,0,0,0,0,0,0,0,0.9097950982569055,1549806624,12,47222,49,8189,0.9062224381539247,1549803093,5,47236,49,8131,0.9085701359299486,1551902266,10,47240,49,8152
0,0,0,0,0,0,0,0,0,0,0,0,1.2930921504253738,1556095891,7,47384,49,8175,0.722427621192936,1547706890,6,47158,49,8178,1.6545606034549984,1564485354,10,47558,49,12
0,0,0,0,0,0,0,0,0,0,0,0,0.6674554358473179,1547709773,13,47118,49,14,1.0047494733265487,1551902118,6,47278,49,8159,1.1008302238071714,1556097009,10,47323,49,8189
0,0,0,0,0,0,0,0,0,0,0,0,1.024131745879455,1551903590,12,47269,49,37,0.7761784402974592,1549802594,4,47183,49,8153,0.5944264087412393,1547707738,9,47104,49,33
0,0,0,0,0,0,0,0,0,0,0,0,1.5428765467206356,1560292288,13,47495,49,8176,1.0538085234348413,1551900274,5,47301,49,19,1.0949153178068514,1556096596,10,47317,49,8171
0,0,0,0,0,0,0,0,0,0,0,0,0.6964220578546135,1547707271,6,47130,49,39,0.8278900699592892,1549804510,6,47204,49,8189,0.7322218703948472,1549804887,10,47161,49,8188
0,0,0,0,0,0,0,0,0,0,0,0,1.1772256550440972,1554000862,12,47336,49,8182,1.0554406004762695,1551900992,6,47301,49,8105,1.3705062633736298,1560291227,10,47431,49,8181
0,0,0,0,0,0,0,0,0,0,0,0,0.7572105339143929,1547709939,13,47158,49,6,0.9262126386537272,1551900182,5,47248,49,11,1.2821769373148693,1558193538,10,47401,49,8147
0,0,0,0,0,0,0,0,0,0,0,0,1.0547304455036783,1551904522,13,47281,49,8189,0.6453184108806628,1547706802,6,47130,49,8187,0.8290146108637644,1551902322,9,47204,49,8186
0,0,0,0,0,0,0,0,0,0,0,0,1.4845362071416592,1558195449,12,47467,49,8182,0.7877033864586576,1549803530,5,47190,49,46,1.4432267508910035,1560290499,10,47470,49,0
0,0,0,0,0,0,0,0,0,0,0,0,1.7550264214524611,1562389218,12,47583,49,1,1.6923977873783147,1545609576,5,47064,49,8170,1.1327561317719823,1556097219,10,47330,49,8166
0,0,0,0,0,0,0,0,0,0,0,0,0.9613022725377999,1551901542,7,47245,49,8143,0.6525605157693115,1547706509,5,47131,49,8144,0.636752717215729,1549805450,10,47129,49,21
0,0,0,0,0,0,0,0,0,0,0,0,1.210068004123226,1554001223,12,47350,49,8160,1.5246169520576727,1560289061,5,47501,49,10,1.3664260663242946,1558194509,11,47431,49,25
0,0,0,0,0,0,0,0,0,0,0,0,1.5626641180212235,1560292587,13,47501,49,21,1.672203022443574,1562385977,5,47566,49,49,0.7519071941012125,1549805163,10,47168,49,8169
0,0,0,0,0,0,0,0,0,0,0,0,1.777771435511359,1545613309,13,47080,49,73,1.3688704793798103,1558191881,5,47436,49,8161,1.3190994812660608,1558193454,10,47415,49,13
0,0,0,0,0,0,0,0,0,0,0,0,0.9003093391560921,1549806295,12,47219,49,8184,1.5191091494015314,1560288351,5,47497,49,8148,1.649764720842631,1564481883,4,47565,49,8172
0,0,0,0,0,0,0,0,0,0,0,0,1.1226587947925024,1553998743,7,47311,49,106,1.2321977723238196,1556094789,5,47374,49,8149,1.188852833480005,1558193672,10,47356,49,8189
0,0,0,0,0,0,0,0,0,0,0,0,1.4209929187491817,1558195083,13,47442,49,8158,1.3931453373526592,1558192651,6,47444,49,8180,1.6789377034729398,1564485391,10,47567,49,64
0,0,0,0,0,0,0,0,0,0,0,0,1.616312690633138,1560292865,13,47527,49,8103,1.088690047812732,1553997745,5,47317,49,8144,1.177223819428882,1558193891,10,47358,49,74
0,0,0,0,0,0,0,0,0,0,0,0,0.7096813135220256,1547707166,6,47136,49,1,1.2694251726010606,1556094830,5,47393,49,8071,0.6031983570331401,1547708559,10,47106,49,24
0,0,0,0,0,0,0,0,0,0,0,0,0.9146913239897896,1549806833,12,47222,49,8168,0.9936316374177325,1551900631,5,47273,49,8172,1.1691675039414258,1556096487,9,47349,49,44
0,0,0,0,0,0,0,0,0,0,0,0,1.1913009475065808,1554000859,12,47342,49,4,1.1784469613367017,1553998370,6,47349,49,8170,1.6382416689629342,1562388511,11,47550,49,8158
0,0,0,0,0,0,0,0,0,0,0,0,1.392537473795487,1558195486,13,47425,49,8173,0.9071407088552365,1549803461,5,47233,49,8190,1.1583545294264233,1556096742,11,47351,49,8176
0,0,0,0,0,0,0,0,0,0,0,0,1.6488501908681834,1560289697,6,47536,49,8191,1.0704341642395654,1551900686,6,47304,49,29,0.49528780780234366,1564485028,9,47572,49,27
0,0,0,0,0,0,0,0,0,0,0,0,1.8104093213856056,1545612450,13,47096,49,14,0.7748530587216935,1549803653,6,47178,49,21,1.0666625000983645,1553999426,10,47306,49,28
0,0,0,0,0,0,0,0,0,0,0,0,0.8614498423697448,1549806495,12,47200,49,8156,0.9428382770223364,1551899776,4,47251,49,26,1.4836179323314036,1562388478,10,47482,49,13
0,0,0,0,0,0,0,0,0,0,0,0,1.0434081443977914,1551904294,12,47280,49,8188,0.6416471453762921,1547705669,5,47124,49,8143,0.798213258967294,1549805491,10,47186,49,8185
0,0,0,0,0,0,0,0,0,0,0,0,1.276670975662388,1556095415,6,47377,49,34,0.8875576164301638,1549803288,5,47225,49,8138,1.037084305416335,1553999361,10,47292,49,13
0,0,0,0,0,0,0,0,0,0,0,0,1.4525098975417836,1558195627,12,47453,49,11,0.6129872152238112,1545608632,5,47109,49,8190,1.4088545617213049,1560291182,10,47455,49,8158
0,0,0,0,0,0,0,0,0,0,0,0,1.6839361836935127,1562388952,12,47552,49,8155,0.8097345919611922,1549804459,6,47196,49,8184,1.5909169432413797,1560290492,10,47526,49,30
0,0,0,0,0,0,0,0,0,0,0,0,0.8761367116479104,1549806917,12,47208,49,0,0.7593501540855065,1547706467,5,47170,49,16,0.6682714757702908,1547708297,11,47132,49,7
0,0,0,0,0,0,0,0,0,0,0,0,0.9864954005006635,1551901641,7,47254,49,8,1.6652676184930624,1560289093,5,47560,49,4,0.8770549827609502,1549805087,10,47221,49,5
0,0,0,0,0,0,0,0,0,0,0,0,1.2474998830211983,1556098006,12,47367,49,8168,0.6469504865059409,1547706492,5,47128,49,8165,0.715187316630275,1549805423,10,47160,49,8180
0,0,0,0,0,0,0,0,0,0,0,0,1.376523395944042,1556098008,13,47422,49,22,0.6469504865059409,1547706492,5,47128,49,8165,0.715187316630275,1549805423,10,47160,49,8180
0,0,0,0,0,0,0,0,0,0,0,0,1.579289767723128,1560292131,11,47506,49,8157,1.7938840971620906,1545608806,5,47099,49,55,1.0565651669226137,1554000078,10,47301,49,8188
0,0,0,0,0,0,0,0,0,0,0,0,0.6988701684937768,1547710162,13,47130,49,25,1.668531781225525,1560288722,5,47559,49,8173,1.184159229992219,1556096851,10,47362,49,8
0,0,0,0,0,0,0,0,0,0,0,0,0.8270776480533596,1549806252,12,47185,49,0,1.400896785442385,1558193206,6,47447,49,8186,1.3298083790136588,1558193802,10,47422,49,4
0,0,0,0,0,0,0,0,0,0,0,0,1.1664145165394826,1554000422,11,47330,49,3,1.3780495335282563,1558192185,5,47439,49,8102,1.2373003175892603,1558193839,10,47377,49,35
0,0,0,0,0,0,0,0,0,0,0,0,1.3907009240584343,1558194908,12,47427,49,30,1.658332213646778,1560289065,5,47555,49,8150,0.9831290185611047,1553999453,10,47269,49,8166
0,0,0,0,0,0,0,0,0,0,0,0,1.5429787842678206,1560292762,13,47494,49,8158,1.3971232988840527,1558191533,5,47444,49,8159,1.0472838719310353,1556096635,10,47296,49,33
0,0,0,0,0,0,0,0,0,0,0,0,1.7738957090873144,1562389629,12,47590,49,18,1.6586389325945794,1560289069,5,47552,49,31,0.7296715286589166,1549805977,11,47162,49,15
0,0,0,0,0,0,0,0,0,0,0,0,0.708558589869439,1547707207,7,47139,49,8157,1.397837101331275,1558192593,6,47445,49,37,0.7671052134273934,1549805713,10,47171,49,5
0,0,0,0,0,0,0,0,0,0,0,0,0.9073469853155199,1549803168,6,47222,49,1,1.649357644633533,1560289868,6,47547,49,8179,1.489735436386231,1560291289,10,47494,49,8166
0,0,0,0,0,0,0,0,0,0,0,0,1.1937490632705663,1553998376,6,47342,49,7,1.5370601637603551,1560289007,5,47504,49,8162,0.857674538881028,1553999265,10,47219,49,8149
0,0,0,0,0,0,0,0,0,0,0,0,1.3094110903531258,1556096219,7,47392,49,46,1.2325026336549016,1556094343,5,47378,49,3,0.7524165414631876,1549805095,10,47170,49,8
0,0,0,0,0,0,0,0,0,0,0,0,1.4444517390412277,1558192954,6,47452,49,40,1.3688704809597199,1558191306,5,47433,49,8186,1.2868705463003203,1558194401,11,47394,49,8148
0,0,0,0,0,0,0,0,0,0,0,0,1.5446108639416982,1560292887,13,47494,49,8150,1.0734938512052052,1551899599,5,47305,49,6,1.0449379897741613,1554000237,11,47294,49,8185
0,0,0,0,0,0,0,0,0,0,0,0,1.7152486910684999,1562389599,12,47565,49,22,0.8797039335231741,1549804571,6,47221,49,8185,1.1677398948740523,1556096506,10,47346,49,30
0,0,0,0,0,0,0,0,0,0,0,0,1.8311151486427317,1545612177,12,47101,49,44,0.9879193699028578,1551901045,5,47272,49,8152,1.4726023244289972,1562388014,10,47477,49,18
0,0,0,0,0,0,0,0,0,0,0,0,0.6961153717249633,1547710044,13,47133,49,50,0.6429725311255704,1547706721,5,47126,49,19,1.4726023244289972,1562388014,10,47477,49,18
0,0,0,0,0,0,0,0,0,0,0,0,0.8142255105433327,1549806836,13,47183,49,49,0.7870918129142868,1549803011,5,47185,49,8179,0.6608249131553301,1547707964,10,47132,49,8185
0,0,0,0,0,0,0,0,0,0,0,0,0.8963313819405223,1549806383,12,47219,49,0,0.7870918129142868,1549803011,5,47185,49,8179,1.6789395768222743,1564485391,10,47558,49,6
0,0,0,0,0,0,0,0,0,0,0,0,1.0554442517584868,1554000782,12,47283,49,8123,0.7756690965974656,1549803111,5,47177,49,8123,0.9445744036293682,1553999021,10,47254,49,41
0,0,0,0,0,0,0,0,0,0,0,0,1.1530530293139172,1553998844,7,47326,49,3,1.7083096175499648,1545609540,5,47068,49,8183,0.7676145611217677,1549804839,9,47173,49,14
0,0,0,0,0,0,0,0,0,0,0,0,1.4595475439884678,1558195251,12,47457,49,8175,1.7900083709476065,1545609950,6,47099,49,29,0.8673647608942125,1551902154,10,47219,49,8191
0,0,0,0,0,0,0,0,0,0,0,0,1.6754709344314254,1560293061,13,47548,49,3,0.8678722916673284,1549804294,6,47220,49,8182,1.186200247706209,1558194401,10,47357,49,8166
0,0,0,0,0,0,0,0,0,0,0,0,1.819181275163138,1547709508,13,47099,49,44,0.8678722916673284,1549804294,6,47220,49,8182,0.8469656292733363,1551902521,10,47211,49,8183
0,0,0,0,0,0,0,0,0,0,0,0,0.8401324433392914,1549807311,12,47194,49,28,0.9502830279981163,1551900926,5,47260,49,8161,1.1170487618677625,1556096410,10,47323,49,58
0,0,0,0,0,0,0,0,0,0,0,0,1.0075061076771694,1551903914,12,47265,49,30,0.7678154125542862,1547706265,5,47177,49,8171,0.7224312225722862,1549805212,10,47152,49,8176
0,0,0,0,0,0,0,0,0,0,0,0,1.24046223698944,1556098129,12,47365,49,8176,1.0622737778355231,1551899727,5,47306,49,8190,0.8523693850106361,1551902680,10,47222,49,8160
0,0,0,0,0,0,0,0,0,0,0,0,1.3998799805661342,1558194987,12,47434,49,6,0.9039787884243187,1549803490,5,47234,49,8154,1.6925036737697872,1562387756,9,47569,49,0
0,0,0,0,0,0,0,0,0,0,0,0,1.657315440818226,1560293225,14,47542,49,45,1.2082296203306102,1553996835,4,47363,49,8166,0.5633165716615812,1547708365,11,47096,49,18
0,0,0,0,0,0,0,0,0,0,0,0,1.8229547695743278,1545612733,13,47102,49,8172,0.9786380745727441,1551900701,5,47270,49,8136,1.262086351528042,1558193962,10,47381,49,8167
0,0,0,0,0,0,0,0,0,0,0,0,0.8661416068271209,1549806530,12,47203,49,30,1.2500465505591953,1556095277,6,47385,49,8189,1.275038900434052,1558194184,10,47389,49,14
0,0,0,0,0,0,0,0,0,0,0,0,1.0232134761673137,1551904334,13,47271,49,64,1.0549312629547019,1551900782,5,47298,49,8162,0.6576629940649538,1547708026,10,47130,49,38
0,0,0,0,0,0,0,0,0,0,0,0,1.27432509379277,1556098674,13,47377,49,44,1.330929278529076,1556094967,5,47416,49,13,0.5914689464402741,1547708093,10,47099,49,46
0,0,0,0,0,0,0,0,0,0,0,0,1.4134459416412801,1558195145,12,47437,49,30,1.081040831515771,1553997634,5,47314,49,26,1.1414258547923872,1556096836,10,47331,49,43
0,0,0,0,0,0,0,0,0,0,0,0,1.6369163039705408,1560290561,7,47534,49,71,1.3729506773833147,1558192128,5,47436,49,8142,0.9704813378186004,1553999170,10,47263,49,20
0,0,0,0,0,0,0,0,0,0,0,0,1.7729774403143548,1562387407,6,47592,49,8154,1.16906343337947,1553998453,6,47347,49,8170,1.4938175001332052,1560291410,10,47484,49,8181
0,0,0,0,0,0,0,0,0,0,0,0,0.7609840314183807,1547709392,12,47162,49,8179,1.4399607331505087,1558192865,5,47467,49,29,1.227712319405751,1556097249,10,47373,49,30
0,0,0,0,0,0,0,0,0,0,0,0,0.9092857536765718,1549804244,7,47222,49,8191,1.2150627953803943,1553997329,5,47368,49,2,1.7026009801244417,1564485315,10,47573,49,8186
0,0,0,0,0,0,0,0,0,0,0,0,1.090734716757015,1554000868,13,47299,49,8184,1.4951410054924443,1558192722,6,47486,49,8163,1.3331766201556394,1558193962,10,47411,49,18
0,0,0,0,0,0,0,0,0,0,0,0,1.1993591005395319,1554000551,12,47346,49,4,1.229647418399847,1556094881,5,47377,49,8184,0.5575038767261156,1547708039,11,47088,49,2
0,0,0,0,0,0,0,0,0,0,0,0,1.3531668113517805,1556097815,12,47414,49,8158,1.4788220706233028,1558191417,4,47478,49,8169,1.3302173239541177,1558193610,10,47416,49,8188
0,0,0,0,0,0,0,0,0,0,0,0,1.459445307762742,1558194846,12,47460,49,3,1.4788220706233028,1558191417,4,47478,49,8169,0.7530281185678335,1549805761,10,47171,49,8158
0,0,0,0,0,0,0,0,0,0,0,0,1.617639922240734,1560293113,13,47525,49,8160,1.3788655713540785,1558192684,6,47442,49,8175,1.695358877445971,1564485102,10,47572,49,8149
0,0,0,0,0,0,0,0,0,0,0,0,1.7230001390722358,1562389337,12,47572,49,8170,1.1288767391771881,1553998054,5,47333,49,25,1.0135250728675629,1553999662,10,47273,49,1
0,0,0,0,0,0,0,0,0,0,0,0,0.8666509532246452,1549807008,13,47208,49,8185,1.0359597415307011,1551900583,5,47292,49,8118,1.1728387601434123,1558193696,10,47351,49,7
0,0,0,0,0,0,0,0,0,0,0,0,1.1375501266745651,1554001169,12,47320,49,6,1.2231191050274055,1556094889,5,47377,49,1,0.8300351097427098,1551902472,10,47200,49,15
0,0,0,0,0,0,0,0,0,0,0,0,0.7010115939233662,1547710020,12,47136,49,19,1.056358872702685,1551900475,5,47300,49,8175,1.2344451005729866,1558193673,10,47371,49,8159
0,0,0,0,0,0,0,0,0,0,0,0,1.064521083259083,1551901136,6,47292,49,1,1.3247076724550024,1556095035,5,47413,49,41,0.7958655705433031,1549805613,10,47191,49,8171
0,0,0,0,0,0,0,0,0,0,0,0,1.7685923699686876,1562387824,7,47589,49,8170,1.3960005453236248,1558192119,5,47450,49,8105,0.6728610105783078,1549805583,10,47133,49,8182
0,0,0,0,0,0,0,0,0,0,0,0,0.8433965934476543,1549807009,13,47196,49,8182,1.2165926381183598,1553997497,5,47369,49,8182,0.9699719963270034,1553999768,10,47260,49,4
0,0,0,0,0,0,0,0,0,0,0,0,1.316448737182818,1556097885,12,47398,49,8161,1.5189046711444463,1560289602,6,47501,49,8151,1.6288600102935664,1562388208,10,47536,49,8191
0,0,0,0,0,0,0,0,0,0,0,0,1.6401804649210936,1560292596,13,47536,49,8156,1.3713185981985672,1558191313,5,47436,49,8174,0.9571198516376201,1551902217,10,47258,49,0
0,0,0,0,0,0,0,0,0,0,0,0,0.9583448160065803,1551903738,12,47245,49,31,1.777462923739632,1545609063,5,47094,49,8107,0.6911187173003793,1549805185,10,47138,49,7
0,0,0,0,0,0,0,0,0,0,0,0,1.3084928167859144,1556097958,12,47396,49,48,1.777462923739632,1545609063,5,47094,49,8107,1.3913124928396046,1558193715,10,47441,49,8183
0,0,0,0,0,0,0,0,0,0,0,0,1.8271371914235557,1547709530,13,47103,49,8157,0.7938227623132758,1549803452,5,47194,49,8099,1.3326654419100064,1556096918,11,47416,49,8152
0,0,0,0,0,0,0,0,0,0,0,0,0.959874660253703,1551903722,12,47246,49,8156,0.7938227623132758,1549803452,5,47194,49,8099,0.717737658861657,1549804791,10,47157,49,0
0,0,0,0,0,0,0,0,0,0,0,0,1.1199039807935138,1554001647,13,47317,49,29,1.5011581344786025,1558192284,5,47491,49,8162,1.0143392904128898,1556096316,10,47281,49,8181
0,0,0,0,0,0,0,0,0,0,0,0,0.8182034676791091,1549806293,12,47187,49,25,0.6368531500240107,1547706620,5,47127,49,8181,1.7072927442307266,1564485371,10,47575,49,46
0,0,0,0,0,0,0,0,0,0,0,0,1.6932174735013024,1560289305,6,47560,49,41,1.0306564056653065,1551900096,5,47290,49,8130,1.0229067802189036,1553999968,10,47285,49,46
0,0,0,0,0,0,0,0,0,0,0,0,0.825138883570596,1549804253,6,47191,49,82,0.9200932631543481,1551900625,5,47246,49,10,1.7282012198350882,1547708258,10,47074,49,20
0,0,0,0,0,0,0,0,0,0,0,0,1.3389892834767683,1556097660,12,47409,49,58,1.3659130311919696,1558191665,5,47435,49,8174,0.5297622038763895,1564485702,10,47584,49,48
0,0,0,0,0,0,0,0,0,0,0,0,1.6862820662972295,1562389300,12,47556,49,8183,1.2577979979307805,1556095222,5,47391,49,30,1.1055238178073976,1556096623,10,47315,49,67
0,0,0,0,0,0,0,0,0,0,0,0,0.9771118727508947,1551903934,12,47253,49,8153,1.6776085850077527,1562387050,6,47571,49,8158,1.0252526621363973,1553999323,10,47284,49,20
0,0,0,0,0,0,0,0,0,0,0,0,0.6275754408880382,1547709978,13,47104,49,8158,0.7715889068439172,1549803564,5,47182,49,31,0.6062580469934976,1547708561,10,47104,49,30
0,0,0,0,0,0,0,0,0,0,0,0,1.428744368079562,1558195610,12,47449,49,14,0.9622169014614815,1551901080,5,47265,49,16,1.0542192846460496,1554000051,11,47296,49,20
0,0,0,0,0,0,0,0,0,0,0,0,1.7535988085969145,1562389561,13,47584,49,82,0.7675087188666261,1549802848,5,47182,49,13,1.583368104178892,1560290803,10,47524,49,8179
0,0,0,0,0,0,0,0,0,0,0,0,1.0231112443940598,1551901245,7,47274,49,8142,1.0788994171297361,1553998047,5,47313,49,2,1.3692812786500828,1558194012,10,47431,49,8166
0,0,0,0,0,0,0,0,0,0,0,0,1.3513302616903227,1556096097,7,47417,49,8154,0.8763375480063071,1549803591,5,47227,49,8140,0.6173758771754769,1547707920,9,47107,49,8170
0,0,0,0,0,0,0,0,0,0,0,0,0.8449264382772689,1549804444,7,47198,49,26,0.8751143998718689,1549803086,5,47223,49,8155,0.652054757147925,1547707609,9,47119,49,1
0,0,0,0,0,0,0,0,0,0,0,0,1.2350566688587545,1556097781,12,47365,49,16,1.0501372650254592,1551900772,6,47299,49,8166,1.365610026323261,1560290877,10,47427,49,16
0,0,0,0,0,0,0,0,0,0,0,0,0.6563376061399383,1547709545,12,47119,49,8158,0.7994327936762625,1549804112,6,47197,49,13,1.0648277826999915,1553999162,10,47296,49,8170
0,0,0,0,0,0,0,0,0,0,0,0,0.912140981036168,1549806632,12,47227,49,27,1.6723052626736137,1562385555,5,47565,49,8161,1.367853672276261,1558193830,9,47429,49,8188
0,0,0,0,0,0,0,0,0,0,0,0,1.3183856779910357,1556095942,7,47404,49,2,0.6039103739615186,1545609712,5,47104,49,8122,0.6691897405067893,1549805288,10,47127,49,8190
0,0,0,0,0,0,0,0,0,0,0,0,1.6203928915507457,1560292868,12,47531,49,8163,1.4613803824741232,1558191725,5,47473,49,8147,0.8407440207145517,1551902598,10,47205,49,19
0,0,0,0,0,0,0,0,0,0,0,0,0.91509843852525,1549803568,6,47230,49,1,1.650785245677105,1560289451,5,47552,49,8185,1.4081426123816296,1560290712,9,47442,49,11
0,0,0,0,0,0,0,0,0,0,0,0,1.2758549376999047,1556098686,13,47381,49,8175,1.3666268346987118,1558191823,5,47434,49,8183,0.6180896856426367,1547707935,10,47108,49,10
0,0,0,0,0,0,0,0,0,0,0,0,1.8066358273716487,1545612337,12,47097,49,7,1.5953001222345893,1560289337,5,47528,49,8165,1.3818285769307128,1558193539,10,47428,49,34
0,0,0,0,0,0,0,0,0,0,0,0,0.969258188785447,1551903920,13,47251,49,8158,1.362955584413336,1556094742,5,47430,49,8191,0.7507844665866257,1549805604,10,47167,49,44
0,0,0,0,0,0,0,0,0,0,0,0,1.5358389008325053,1560292051,12,47496,49,59,1.5770423910154276,1560289467,5,47523,49,14,1.6613937705983557,1562387973,10,47558,49,19
0,0,0,0,,0,0,0,0,0,0,0,0.7401777815613878,1547707333,6,47153,49,1,1.3527560177081561,1556094761,5,47426,49,8177,0.9123454443065108,1553999460,9,47230,49,8181
0,0,0,0,0,0,0,0,0,0,0,0,1.3369501075671786,1556098004,12,47406,49,8163,1.585609877763255,1560289398,5,47527,49,8189,0.5699488816174377,1547708090,11,47083,49,15
0,0,0,0,0,0,0,0,0,0,0,0,1.7582905729904545,1562390216,12,47587,49,8166,1.3564272681461764,1556094018,5,47430,49,8141,1.1822241224789487,1556096325,9,47344,49,19
0,0,0,0,0,0,0,0,0,0,0,0,1.2327107867896534,1556098012,13,47364,49,30,1.5997874076029805,1560288602,5,47532,49,45,1.0024072350310063,1553999656,10,47267,49,5
0,0,0,0,0,0,0,0,0,0,0,0,1.192116986866144,1554000304,12,47346,49,8182,1.540017606462911,1560289674,5,47510,49,8181,1.2022143206892706,1556097006,10,47356,49,30
0,0,0,0,0,0,0,0,0,0,0,0,1.6260029343896567,1560292462,12,47533,49,8141,1.2962503822008815,1556095755,6,47404,49,8184,0.6273709852882563,1549805443,10,47112,49,0
0,0,0,0,0,0,0,0,0,0,0,0,1.083185906942688,1551903548,12,47303,49,11,1.4911630437785757,1558192511,5,47485,49,8186,0,1562388219,10,47544,49,8166
0,0,0,0,0,0,0,0,0,0,0,0,1.5234979260937824,1558195251,12,47490,49,10,1.2029262875823434,1553997290,5,47359,49,5,1.1559082501672036,1553996342,5,47338,49,30
0,0,0,0,0,0,0,0,0,0,0,0,0.9724201089797418,1551901192,6,47253,49,6,1.3614257421079874,1556095459,6,47429,49,16,1.0756370941238442,1556096734,10,47309,49,19
0,0,0,0,0,0,0,0,0,0,0,0,1.4203813524773432,1558195597,12,47445,49,8158,1.058602520754543,1551900568,5,47302,49,11,0.7267140683725639,1547707977,10,47154,49,8168
0,0,0,0,0,0,0,0,0,0,0,0,0.8444152853267624,1549806510,12,47204,49,5,1.204863229249031,1553997673,5,47364,49,8176,0.8068829786558002,1551902713,10,47184,49,30
0,0,0,0,0,0,0,0,0,0,0,0,0.7694492924929888,1547709346,12,47171,49,8181,1.0464660060727617,1551900611,5,47298,49,8178,0.680917355261535,1549805286,10,47139,49,40
0,0,0,0,0,0,0,0,0,0,0,0,1.2364842777152005,1556095121,6,47368,49,8168,0.7099844031948946,1547706953,5,47157,49,22,1.6676153758509114,1564485448,10,47561,49,8145
0,0,0,0,0,0,0,0,0,0,0,0,0.7378318996758112,1547707103,7,47153,49,16,0.7503737386704113,1549803145,5,47177,49,8177,0.8220809986386779,1551901754,10,47187,49,8169
0,0,0,0,0,0,0,0,0,0,0,0,1.206803849996741,1554001519,13,47355,49,9,1.6139649357968753,1560289705,5,47542,49,8136,0.8220809986386779,1551901754,10,47187,49,8169
0,0,0,0,0,0,0,0,0,0,0,0,0.7040712843687309,1547707347,7,47140,49,1,1.6454819192522951,1560289454,5,47553,49,1,1.0522823335812326,1553999532,10,47290,49,37
0,0,0,0,0,0,0,0,0,0,0,0,1.172533891767663,1553998693,7,47339,49,24,1.2258739273092492,1556094449,5,47379,49,8178,0.9468198697505067,1551902228,10,47244,49,18
0,0,0,0,0,0,0,0,0,0,0,0,1.127248327120336,1554001539,13,47319,49,42,0.8719524791831843,1549804321,6,47225,49,8178,1.25719011667514,1558193430,9,47377,49,8138
0,0,0,0,0,0,0,0,0,0,0,0,0.6328787857361817,1547709175,12,47110,49,70,0.8127942759543447,1549803870,5,47205,49,18,0.5156869108872694,1564485165,10,47575,49,8179
0,0,0,0,0,0,0,0,0,0,0,0,1.088591476254657,1554001024,12,47306,49,0,1.2666721925063564,1556094994,5,47395,49,0,0.9393732972949712,1553999570,10,47245,49,26
0,0,0,0,0,0,0,0,0,0,0,0,0.6627636726985536,1547709609,13,47121,49,8175,1.3402105672766,1556094618,5,47426,49,18,1.5473656978248334,1560287331,4,47500,49,8153
0,0,0,0,0,0,0,0,0,0,0,0,1.1878323252763228,1554002182,14,47345,49,23,1.0409582039141216,1551900626,5,47296,49,24,1.616414929426491,1560290843,10,47535,49,8187
0,0,0,0,0,0,0,0,0,0,0,0,1.3749935532750959,1556098029,12,47422,49,5,0.909384356008211,1551900816,6,47242,49,8178,1.111029790598379,1556096786,10,47322,49,8183
0,0,0,0,0,0,0,0,0,0,0,0,1.0279052403374338,1551902132,7,47273,49,8183,1.1170450932223763,1553997986,5,47334,49,8152,0.686629615085593,1549805136,10,47139,49,8139
0,0,0,0,0,0,0,0,0,0,0,0,1.619883565828739,1560290456,7,47525,49,24,0.9006124021403977,1549803437,5,47240,49,17,0.8087177098449242,1551899549,5,47190,49,3
0,0,0,0,0,0,0,0,0,0,0,0,1.3110431685449198,1556095783,6,47393,49,0,1.2080251479602304,1556095070,5,47370,49,13,1.6649646505046,1562388174,10,47555,49,19
0,0,0,0,0,0,0,0,0,0,0,0,1.761655142504809,1562390200,13,47591,49,8190,1.5005465690547488,1558192384,6,47494,49,8188,14.649889483038818,1564485326,10,47561,49,36
0,0,0,0,0,0,0,0,0,0,0,0,1.2622889797412156,1556098594,13,47375,49,8,1.3772334887708146,1558192646,6,47447,49,8174,0.7535374654402379,1549804800,9,47171,49,8133
0,0,0,0,0,0,0,0,0,0,0,0,1.678223901717454,1560292814,13,47553,49,8166,1.06778157714416,1553997180,5,47313,49,8174,0.7721000596614119,1549805056,10,47181,49,2
0,0,0,0,0,0,0,0,0,0,0,0,0.7813831621185097,1547708820,12,47170,49,8185,1.606825050873887,1560289870,5,47540,49,8184,1.5586842903716727,1560290842,10,47516,49,8162
0,0,0,0,0,0,0,0,0,0,0,0,0.8251388834110092,1549804088,6,47189,49,63,1.0422835799689036,1551901471,6,47299,49,9,1.6678198550279595,1562387579,9,47558,49,8164
0,0,0,0,0,0,0,0,0,0,0,0,1.6791421809271079,1560292277,12,47552,49,34,1.062987579389401,1553997985,5,47312,49,8134,0.9359046818325593,1554000329,10,47246,49,14
0,0,0,0,0,0,0,0,0,0,0,0,1.7564540347936963,1562387215,7,47586,49,27,0.5972798476633936,1545609357,5,47110,49,8136,1.0454473289062893,1556096330,10,47292,49,8182
0,0,0,0,0,0,0,0,0,0,0,0,1.4472065666262492,1558195568,13,47450,49,38,0.6865255852168574,1547706478,5,47147,49,52,1.5892848619313964,1562388112,10,47520,49,3
0,0,0,0,0,0,0,0,0,0,0,0,1.5397146248694078,1560292335,12,47495,49,8173,1.4392469285263172,1558192744,6,47471,49,8178,0.5551579948086217,1547708178,10,47083,49,8189
0,0,0,0,0,0,0,0,0,0,0,0,1.3187946192678779,1556098366,13,47399,49,8191,1.066251734093963,1553997311,5,47312,49,28,1.396413201142437,1558194584,11,47435,49,6
0,0,0,0,0,0,0,0,0,0,0,0,0.9863931693744312,1551903743,12,47258,49,7,1.190685701060334,1553997714,5,47364,49,30,1.396413201142437,1558194584,11,47435,49,6
0,0,0,0,0,0,0,0,0,0,0,0,1.1194968750776635,1554000645,12,47313,49,18,0.739053252790525,1547706411,5,47168,49,8162,1.0200497337096677,1553999654,10,47285,49,8161
0,0,0,0,0,0,0,0,0,0,0,0,0.803312138005237,1549807185,12,47181,49,8159,0.7941294538791638,1549803143,5,47196,49,8168,1.6511960747565742,1564485425,11,47545,49,8149
0,0,0,0,0,0,0,0,0,0,0,0,0.6266571760644503,1545611973,12,47105,49,8187,1.6589437706253527,1562385538,5,47564,49,8173,1.3781536238670757,1558194089,11,47438,49,57
0,0,0,0,0,0,0,0,0,0,0,0,0.7916849576390242,1549806322,13,47175,49,17,1.2650401143651702,1556094660,5,47394,49,43,0.595242445107513,1549805563,10,47098,49,15
0,0,0,0,0,0,0,0,0,0,0,0,0.702948559712114,1547706967,6,47141,49,7,1.0136236603928317,1551900229,5,47283,49,12,0.5803511162308794,1547708255,10,47092,49,8187
0,0,0,0,0,0,0,0,0,0,0,0,1.651705398105252,1560292638,13,47543,49,8187,1.115310781222813,1553998147,5,47334,49,8178,1.2770762310649915,1556096498,11,47397,49,1
0,0,0,0,0,0,0,0,0,0,0,0,0.6475656576686731,1547709073,12,47116,49,8171,0.6744894863803282,1547706446,5,47144,49,20,0.5899373103133815,1549805254,10,47102,49,49
0,0,0,0,0,0,0,0,0,0,0,0,1.585918462967038,1560292087,12,47516,49,8167,0.753331196362331,1549803068,5,47179,49,8158,1.2864616046196802,1558193900,10,47393,49,8174
0,0,0,0,0,0,0,0,0,0,0,0,0.6455264608556676,1547709694,12,47112,49,1,1.5076845836825135,1560289322,5,47503,49,8151,0.6267594051327086,1549805049,10,47109,49,33
0,0,0,0,0,0,0,0,0,0,0,0,1.6237592903256737,1560290126,6,47529,49,8153,1.6528244062748463,1560288908,5,47560,49,8116,1.402430335848201,1558194248,10,47440,49,2
0,0,0,0,0,0,0,0,0,0,0,0,0.7280394538399426,1547710220,13,47151,49,36,1.2318910619530765,1556094745,5,47383,49,8129,0.8090244004908804,1551902714,10,47186,49,8173
0,0,0,0,0,0,0,0,0,0,0,0,1.7572700727246857,1562387363,7,47588,49,8181,1.3696865169489028,1558191944,5,47440,49,8132,1.6213111706982972,1562388156,10,47534,49,57
0,0,0,0,0,0,0,0,0,0,0,0,0.912854787521328,1549806588,12,47227,49,8170,1.0337160916748165,1551900915,5,47294,49,8172,1.1129685685253423,1556097429,11,47318,49,1
0,0,0,0,0,0,0,0,0,0,0,0,0.7756709011332992,1547709735,13,47172,49,8165,1.192420014916631,1553997874,5,47362,49,8127,0.7558833474933806,1549805054,10,47171,49,8168
0,0,0,0,0,0,0,0,0,0,0,0,1.1481567986442378,1553998573,6,47328,49,30,0.8238098790136832,1549804033,5,47208,49,8185,1.4651557287944297,1562387950,10,47473,49,8164
0,0,0,0,0,0,0,0,0,0,0,0,1.3784621809499953,1556098225,12,47419,49,8184,0.6084981089523469,1547705884,5,47119,49,8175,0.7153917770877912,1547708435,11,47152,49,4
0,0,0,0,0,0,0,0,0,0,0,0,1.221797414508629,1554000951,12,47355,49,11,0.76404010436776,1549802793,5,47186,49,8145,1.6481345196037258,1562388151,10,47551,49,8174
0,0,0,0,0,0,0,0,0,0,0,0,1.4164033908474662,1558192858,6,47439,49,8182,0.5816747126225308,1545608264,4,47102,49,8170,0.7092723979414381,1547707966,10,47148,49,8182
0,0,0,0,0,0,0,0,0,0,0,0,1.7497230814196907,1562390196,12,47579,49,61,1.3719301613253951,1558192029,5,47442,49,8152,1.2412782767965416,1556096394,10,47372,49,3
0,0,0,0,0,0,0,0,0,0,0,0,1.5321676512266382,1560292238,12,47488,49,21,1.5126830639272533,1560288602,5,47502,49,8154,0.5632161333306687,1547707969,10,47084,49,8151
0,0,0,0,0,0,0,0,0,0,0,0,1.804596638813721,1545612623,13,47089,49,44,1.1288767371983115,1553998027,5,47337,49,8179,0.8608364589407234,1549804984,10,47214,49,33
0,0,0,0,0,0,0,0,0,0,0,0,1.5694972887306884,1560292677,13,47506,49,1,1.2595323115629729,1556095433,6,47392,49,8162,0.8608364589407234,1549804984,10,47214,49,33
0,0,0,0,0,0,0,0,0,0,0,0,0.6586834876824034,1547709654,12,47116,49,8171,0.896125103594308,1549803574,6,47235,49,8187,1.7226934179272153,1545610458,10,47068,49,8191
0,0,0,0,0,0,0,0,0,0,0,0,1.6332450562300813,1560292550,13,47529,49,18,1.0460570715934345,1551900594,6,47301,49,8114,1.0945063833089328,1556096815,10,47315,49,8138
0,0,0,0,0,0,0,0,0,0,0,0,0.7076403237226471,1547706871,6,47140,49,37,0.7201839681605784,1547706579,5,47160,49,8158,1.4968771841298731,1560291632,10,47482,49,8189
0,0,0,0,0,0,0,0,0,0,0,0,1.7151464519941502,1562389683,12,47566,49,10,0.895309065604397,1549803096,5,47235,49,,0.908161208785467,1553999636,11,47238,49,30
0,0,0,0,0,0,0,0,0,0,0,0,0.8354406790734195,1549806754,12,47191,49,1,0.5912626978372704,1545608747,5,47104,49,8174,1.2989048184282508,1558194004,10,47399,49,8184
0,0,0,0,0,0,0,0,0,0,0,0,0.6414462765538391,1547709691,13,47109,49,8188,0.7605733037124234,1549803164,5,47180,49,8188,0.789339076367857,1549805500,10,47179,49,8181
0,0,0,0,0,0,0,0,0,0,0,0,0.9321311875560558,1551903669,12,47235,49,27,1.6012150077764373,1560289230,5,47538,49,8182,1.191198714767131,1556096911,10,47351,49,8178
0,0,0,0,0,0,0,0,0,0,0,0,0.7448695449176149,1547709400,12,47151,49,53,1.7514537575785258,1545608914,5,47089,49,18,1.191198714767131,1556096911,10,47351,49,8178
0,0,0,0,0,0,0,0,0,0,0,0,1.0057717995799693,1551904326,13,47265,49,8158,1.3426568293209316,1558192896,6,47433,49,8169,0.9632392273466102,1553999818,11,47258,49,46
0,0,0,0,0,0,0,0,0,0,0,0,0.7876047708639423,1547706580,6,47172,49,8157,1.5176815435787014,1560289064,5,47501,49,9,1.65853856644068,1564485174,10,47553,49,8138
0,0,0,0,0,0,0,0,0,0,0,0,1.0375936449109981,1551902017,7,47281,49,8136,1.1280606983500967,1553997217,4,47337,49,8182,0.8284030340390786,1551902217,10,47196,49,16
0,0,0,0,0,0,0,0,0,0,0,0,0.8071878644317808,1549806672,12,47180,49,47,1.2539222726997714,1556095290,5,47391,49,8158,1.529005730419667,1562388291,10,47495,49,30
0,0,0,0,0,0,0,0,0,0,0,0,1.049222643169859,1551903980,12,47279,49,40,0.8639965643412179,1549804126,6,47222,49,29,0.7477247770058114,1547707880,10,47163,49,8144
0,0,0,0,0,0,0,0,0,0,0,0,1.049222643169859,1551903980,12,47279,49,40,0.9443681177966888,1551900093,5,47258,49,8174,1.4634232698522973,1558193907,10,47466,49,8181
0,0,0,0,0,0,0,0,0,0,0,0,1.005057993554146,1551904165,13,47264,49,21,1.7593074410087581,1545609650,5,47092,49,10,0.6904031125999759,1549805069,10,47141,49,8160
0,0,0,0,0,0,0,0,0,0,0,0,0.7626161057252863,1547709408,12,47161,49,8158,0.6681656483161056,1547706925,6,47142,49,16,0,1560291235,10,47465,49,4
0,0,0,0,0,0,0,0,0,0,0,0,1.01525755976008,1551904970,13,47268,49,8191,1.4392469290529537,1558191938,5,47470,49,8139,0.742624093291056,1551902167,10,47165,49,6
0,0,0,0,0,0,0,0,0,0,0,0,0.7818925098159341,1549806454,13,47172,49,24,1.508807340672693,1560289336,5,47500,49,5,1.5334930189549083,1562388231,10,47499,49,8186
0,0,0,0,0,0,0,0,0,0,0,0,0.825343343482003,1549806487,12,47186,49,4,1.0577864803829695,1553997083,5,47306,49,5,1.6688384979609625,1562388292,10,47564,49,13
0,0,0,0,0,0,0,0,0,0,0,0,1.0296377282567217,1551904087,13,47279,49,3,0.6011555746193312,1545609060,5,47111,49,8178,1.0833885448356746,1554000624,11,47312,49,8170
0,0,0,0,0,0,0,0,0,0,0,0,0.8088199390835303,1549807418,13,47180,49,8163,0.6352210744368968,1547706279,5,47129,49,8188,0.6559286909284504,1549805273,10,47127,49,29
0,0,0,0,0,0,0,0,0,0,0,0,1.0953242476114524,1554001361,13,47299,49,5,1.33409119840144,1556095569,6,47421,49,8155,1.2748344296416079,1558190661,4,47387,49,8186
0,0,0,0,0,0,0,0,0,0,0,0,0.9141801693091942,1549804245,6,47227,49,8187,1.3498989490341728,1558191804,5,47434,49,8140,1.000570694718602,1553999723,10,47268,49,11
0,0,0,0,0,0,0,0,0,0,0,0,1.2782008189072374,1556098222,12,47378,49,8181,0.8695043658285562,1549804110,6,47224,49,8167,1.6778149442043373,1562388325,10,47564,49,8162
0,0,0,0,0,0,0,0,0,0,0,0,1.1168442933400595,1554000676,12,47312,49,8135,0.9019377812068192,1551900419,5,47242,49,8170,1.3675469634606157,1558194053,10,47430,49,53
0,0,0,0,0,0,0,0,0,0,0,0,1.4126299020957642,1558195354,13,47436,49,26,1.6279379873254183,1560289447,5,47548,49,11,0.6205360038376196,1547708063,10,47114,49,8189
0,0,0,0,0,0,0,0,0,0,0,0,0.6625592149603085,1547709280,12,47118,49,6,1.2053725599131964,1556094070,4,47371,49,8131,1.5018737997938496,1560291142,10,47489,49,8132
0,,,,,0,0,0,0,0,0,0,1.7964362607181092,1562387073,7,47601,49,8154,1.2053725599131964,1556094070,4,47371,49,8131,1.2697337246435378,1556096057,10,47389,49,12
0,0,0,0,0,0,0,0,0,0,0,0,1.0980772370425882,1554001212,12,47304,49,98,0.9410017318881135,1551900610,5,47259,49,14,1.0218862762813736,1553999154,10,47283,49,8160
0,0,0,0,0,0,0,0,0,0,0,0,1.0980772370425882,1554001212,12,47304,49,98,1.1477460260708523,1553998117,5,47344,49,8148,1.0218862762813736,1553999154,10,47283,49,8160
0,0,0,0,0,0,0,0,0,0,0,0,1.638446145748229,1560290033,7,47534,49,8158,0.8797039309538265,1549802901,5,47228,49,8160,0.7220223041386092,1549802058,4,47151,49,8156
0,0,0,0,0,0,0,0,0,0,0,0,1.638446145748229,1560290033,7,47534,49,8158,1.1122510955553901,1553998695,6,47332,49,8134,0.60676739839785,1547707758,10,47105,49,8175
0,0,0,0,0,0,0,0,0,0,0,0,1.1019529625379774,1551904132,13,47303,49,14,0.9134627239951714,1551900653,5,47249,49,66,0.5498546499549511,1547707950,10,47079,49,8186
0,0,0,0,0,0,0,0,0,0,0,0,1.1873229878108273,1554001452,13,47338,49,25,1.2590211300315233,1556095792,6,47397,49,8164,1.7220800282458162,1564485319,10,47586,49,43
0,0,0,0,0,0,0,0,0,0,0,0,0.7444606277252012,1547709880,12,47152,49,47,1.558989136277739,1560289810,6,47520,49,8166,0.518644374624174,1562387782,10,47577,49,8152
0,0,0,0,0,0,0,0,0,0,0,0,1.6588452820963393,1560292482,13,47539,49,30,1.5121737399019002,1558191755,5,47499,49,8147,0.5673967566899324,1547708146,11,47091,49,1
0,0,0,0,0,0,0,0,0,0,0,0,1.7917444962288178,1562390353,13,47596,49,68,0.6360371116587169,1547706044,5,47129,49,37,0.616150926323164,1547707808,10,47109,49,8189
0,0,0,0,0,0,0,0,0,0,0,0,1.4171171938123466,1558195667,13,47437,49,8168,0.5919765061406461,1545609237,5,47104,49,8188,0.7385457080343836,1551902332,10,47157,49,31
0,0,0,0,0,0,0,0,0,0,0,0,1.5757188946986154,1560292405,12,47506,49,23,0.9215208735580037,1551901434,6,47249,49,8180,0.7385457080343836,1551902332,10,47157,49,31
0,0,0,0,0,0,0,0,0,0,0,0,1.2661647045822988,1556098220,12,47373,49,4,0.8694021342935833,1549804186,5,47224,49,8185,1.6941338777804968,1547708269,10,47060,49,11
0,0,0,0,0,0,0,0,0,0,0,0,1.4546513064072895,1558196152,13,47453,49,8169,1.2031289143477821,1553997820,6,47368,49,8164,1.6941338777804968,1547708269,10,47060,49,11
0,0,0,0,0,0,0,0,0,0,0,0,1.1433628006227579,1553998674,7,47321,49,34,1.1145969778399336,1553997800,5,47332,49,8178,1.6136600918921813,1562387980,10,47537,49,2
0,0,0,0,0,0,0,0,0,0,0,0,1.3866207273289555,1556098005,12,47424,49,29,1.5021786498804586,1558191846,5,47492,49,8145,1.6136600918921813,1562387980,10,47537,49,2
0,0,0,0,0,0,0,0,0,0,0,0,1.122963667682167,1554001767,13,47313,49,9,1.477189989862819,1558193126,6,47481,49,8154,1.613557852779288,1560290994,10,47538,49,35
0,0,0,0,0,0,0,0,0,0,0,0,1.3607137894081742,1556098107,12,47414,49,8182,0.6051335308559069,1545608697,5,47111,49,8170,1.613557852779288,1560290994,10,47538,49,35
0,0,0,0,0,0,0,0,0,0,0,0,1.1013413898028737,1551903575,12,47301,49,8181,1.6956619373489965,1545609461,5,47067,49,8118,1.6673105324540112,1562388992,11,47555,49,37
0,0,0,0,0,0,0,0,0,0,0,0,1.3091043851167643,1556098096,12,47392,49,8186,0.8742983616751907,1549803369,5,47224,49,8158,1.6651691284812316,1564485445,10,47552,49,40
0,0,0,0,0,0,0,0,0,0,0,0,1.0027121111738504,1551903540,12,47260,49,8182,0.7738325570314569,1549803257,5,47185,49,33,1.717696771434449,1564485111,10,47573,49,8171
0,0,0,0,0,0,0,0,0,0,0,0,1.2036419284286088,1554000972,13,47346,49,8145,1.097359767203636,1553997565,5,47325,49,8154,0.5815742766772211,1564485696,10,47608,49,32
0,0,0,0,0,0,0,0,0,0,0,0,0.8698128720822299,1549807283,12,47203,49,8167,1.0368780123083414,1551899992,4,47294,49,8170,0.5772914255537723,1547708099,10,47090,49,4
0,0,0,0,0,0,0,0,0,0,0,0,1.0371865358990227,1551903992,12,47274,49,8182,1.3409243708405887,1556094729,6,47425,49,8138,0.6406302405577384,1549801839,4,47117,49,8187
0,0,0,0,0,0,0,0,0,0,0,0,0.6728610079451258,1547710041,13,47118,49,4,1.221691496566562,1556094267,5,47378,49,10,0.7491523918793624,1549802638,4,47164,49,8185
0,0,0,0,0,0,0,0,0,0,0,0,1.7913355703768805,1545612886,12,47088,49,36,1.4982006880229617,1558192082,5,47491,49,8189,0.9258073478744919,1553999664,10,47240,49,30
0,0,0,0,0,0,0,0,0,0,0,0,1.402328098145602,1558194714,12,47430,49,8,1.6603713718659416,1562386441,5,47565,49,9,1.0479976766642056,1554000145,10,47290,49,5
0,0,0,0,0,0,0,0,0,0,0,0,1.1024623019004567,1553998477,7,47306,49,59,0.6900946216296908,1547706832,5,47150,49,34,1.116028255511139,1554000121,11,47319,49,7
0,0,0,0,0,0,0,0,0,0,0,0,1.2444401960180522,1556098025,12,47362,49,67,1.046873111031425,1551899879,5,47299,49,18,1.13714119377398,1553999930,11,47328,49,17
0,0,0,0,0,0,0,0,0,0,0,0,0.7995386401074795,1549806637,12,47172,49,15,0.9346778932528431,1551901296,6,47255,49,30,1.1407102175057156,1556096576,10,47333,49,12
0,0,0,0,0,0,0,0,0,0,0,0,0.9031645658835387,1549807037,13,47220,49,30,1.3198114353066817,1556095307,5,47415,49,8105,1.1407102175057156,1556096576,10,47333,49,12
0,0,0,0,0,0,0,0,0,0,0,0,1.6663922526590835,1560292028,12,47545,49,8161,1.2055770320567152,1553997066,5,47367,49,8189,1.1698813081066721,1556096355,9,47343,49,51
0,0,0,0,0,0,0,0,0,0,0,0,1.6663922526590835,1560292028,12,47545,49,8161,1.2055770320567152,1553997066,5,47367,49,8189,1.1893621685791016,1558193757,10,47352,49,8159
0,0,0,0,0,0,0,0,0,0,0,0,1.372545435105852,1556098919,13,47418,49,8170,1.436901048380237,1558192540,5,47467,49,6,1.2104751064828727,1556094105,5,47361,49,8179
0,0,0,0,0,0,0,0,0,0,0,0,1.372545435105852,1556098919,13,47418,49,8170,1.436901048380237,1558192540,5,47467,49,6,1.24444019761392,1558194121,10,47372,49,6
0,0,0,0,0,0,0,0,0,0,0,0,0.984352165665307,1551903465,12,47256,49,29,1.6028470895464917,1560290240,6,47536,49,8184,1.3325632057279837,1558193761,10,47412,49,8169
0,0,0,0,0,0,0,0,0,0,0,0,1.0893052813264243,1551903487,12,47299,49,18,0.7368096022036522,1547706497,5,47163,49,8124,1.435170448166293,1558194417,10,47454,49,8150
0,0,0,0,0,0,0,0,0,0,0,0,0.6626614428809329,1547708951,12,47114,49,51,0.6111506808318806,1547706212,5,47115,49,8168,1.5887736698432533,1562388043,9,47524,49,8138
0,0,0,0,0,0,0,0,0,0,0,0,1.549098152794722,1558192184,6,47495,49,8190,0.9099959305604312,1551899887,5,47241,49,8,0.5969767465419646,1547707647,9,47096,49,8183
0,0,0,0,0,0,0,0,0,0,0,0,1.6907693518683298,1562389238,12,47554,49,8176,1.3009421447432161,1556095467,5,47408,49,8160,0.5969767465419646,1547707647,9,47096,49,8183
0,0,0,0,0,0,0,0,0,0,0,0,1.4444517388018476,1558195323,12,47449,49,8157,1.6651653761963736,1562386491,6,47565,49,4,0.8091248250918628,1549805813,11,47192,49,31
0,0,0,0,0,0,0,0,0,0,0,0,1.0394301858257338,1551903899,13,47276,49,58,0.8648126029989655,1549803638,5,47220,49,8190,1.1198017474507451,1554000055,11,47322,49,8172
0,0,0,0,0,0,0,0,0,0,0,0,0.7211040368022126,1547707250,7,47141,49,46,0.8389056716642136,1549803948,6,47210,49,8075,1.2215929468253455,1556097101,11,47364,49,49
0,0,0,0,0,0,0,0,0,0,0,0,0.8063718268581987,1549806852,13,47177,49,43,0.8389056716642136,1549803948,6,47210,49,8075,1.215267264543079,1556096459,10,47370,49,8146
0,0,0,0,0,0,0,0,0,0,0,0,1.5760256076211674,1560292996,13,47503,49,23,1.645072961332446,1560289434,5,47554,49,8182,1.3363366946069886,1558193700,9,47415,49,8160
0,0,0,0,0,0,0,0,0,0,0,0,1.014237057413233,1551904588,13,47267,49,8168,1.6358939136160067,1560288409,4,47548,49,8142,1.3044126215690328,1556097376,11,47400,49,53
0,0,0,0,0,0,0,0,0,0,0,0,1.0198470915158167,1551903900,12,47268,49,8180,0.8127942776778825,1549803317,5,47202,49,8182,1.3010462292746816,1558193880,10,47401,49,45
0,0,0,0,0,0,0,0,0,0,0,0,1.6682288103408272,1560290242,6,47543,49,9,0.874093898272199,1549803672,5,47225,49,8160,1.2918653256100887,1556096574,9,47403,49,5
0,0,0,0,0,0,0,0,0,0,0,0,1.6808764994179095,1560290057,7,47547,49,8173,1.293088460124133,1556094996,5,47405,49,58,1.263716588317335,1556096646,9,47383,49,8184
0,0,0,0,0,0,0,0,0,0,0,0,1.0621752004399239,1551901546,6,47285,49,34,1.3112439476061892,1556095065,5,47411,49,8181,1.177428289896664,1556096694,10,47349,49,8155
0,0,0,0,0,0,0,0,0,0,0,0,1.031067159646022,1551903356,12,47270,49,2,1.756859327591805,1545609662,6,47090,49,8164,1.16763766015364,1553999167,10,47341,49,8130
0,0,0,0,0,0,0,0,0,0,0,0,1.585204660554123,1560292747,12,47509,49,2,0.5926903144537337,1545608638,5,47104,49,8188,1.0985865759946563,1556096572,9,47314,49,30
0,0,0,0,0,0,0,0,0,0,0,0,1.5461407058574625,1560292347,12,47492,49,8181,1.0259646420377817,1551900111,5,47288,49,8170,1.0681923435104261,1553999662,10,47300,49,14
0,0,0,0,0,0,0,0,0,0,0,0,0.8344201810343786,1549804520,7,47190,49,48,1.5335915223142274,1560289543,5,47511,49,39,0.9683380996630438,1553999471,10,47263,49,28
0,0,0,0,0,0,0,0,0,0,0,0,1.3601022211890352,1556098459,13,47412,49,2,1.6333435525030142,1560289203,5,47549,49,8108,1.014645987069375,1553999737,11,47273,49,50
0,0,0,0,0,0,0,0,0,0,0,0,1.2952335626224372,1556098713,13,47384,49,8163,0.8903106062246489,1549803264,5,47234,49,8158,1.045651794635001,1553999400,9,47289,49,10
0,0,0,0,0,0,0,0,0,0,0,0,1.7613502604451625,1562387436,7,47582,49,48,0.935493931469653,1551900286,5,47255,49,4,1.0601341928250712,1553999059,9,47299,49,30
0,0,0,0,0,0,0,0,0,0,0,0,1.6492572770374214,1560289819,6,47537,49,8162,1.3699913705642774,1558192300,5,47443,49,8154,1.0601341928250712,1553999059,9,47299,49,30
0,0,0,0,0,0,0,0,0,0,0,0,0.8987794942928278,1549807053,13,47215,49,32,0.6265513562428943,1547707353,6,47124,49,58,1.0283123495565432,1553999369,10,47283,49,28
0,0,0,0,0,0,0,0,0,0,0,0,1.252803216798862,1556098188,13,47368,49,3,0.6485825585342687,1547706728,5,47132,49,18,1.0951197835750934,1556096369,10,47308,49,8169
0,0,0,0,0,0,0,0,0,0,0,0,1.1450971107106325,1554001220,12,47320,49,0,1.0676793445489592,1553997401,5,47311,49,8178,1.0667647328978425,1556096403,10,47298,49,17
0,0,0,0,0,0,0,0,0,0,0,0,1.5679674464645283,1560289612,6,47502,49,8187,1.1571295540280837,1553997908,5,47346,49,8136,1.0604408921914579,1556093495,4,47296,49,8136
0,0,0,0,0,0,0,0,0,0,0,0,1.5679674464645283,1560289612,6,47502,49,8187,1.6184522214483497,1560289809,5,47543,49,8184,1.049220821478679,1553999512,10,47294,49,12
0,0,0,0,0,0,0,0,0,0,0,0,0.6789803891647407,1547709894,12,47124,49,8178,1.6704686994526385,1562386057,5,47569,49,9,1.038511915811744,1556096369,10,47287,49,12
0,0,0,0,0,0,0,0,0,0,0,0,1.7497230811962703,1562390892,13,47578,49,12,1.6704686994526385,1562386057,5,47569,49,9,1.0041397238735559,1553999653,11,47272,49,24
0,0,0,0,0,0,0,0,0,0,0,0,0.937129645284957,1549806897,13,47233,49,8155,1.0502394986409536,1551900845,5,47298,49,8153,0.9438605976542027,1553999482,10,47247,49,7
0,0,0,0,0,0,0,0,0,0,0,0,0.937129645284957,1549806897,13,47233,49,8155,1.4987100133385527,1558192157,6,47493,49,21,0.9438605976542027,1553999482,10,47247,49,7
0,0,0,0,0,0,0,0,0,0,0,0,1.156010482820967,1554000976,13,47327,49,8182,1.634873393290897,1560288614,4,47551,49,40,0.9184648212547635,1553999816,11,47232,49,8170
0,0,0,0,0,0,0,0,0,0,0,0,0.9878207811991914,1551901380,6,47256,49,8119,0.9073433506301078,1551900548,5,47244,49,8170,0.9056126793172278,1551903192,11,47230,49,17
0,0,0,0,0,0,0,0,0,0,0,0,1.1813058474615965,1554000339,12,47335,49,9,1.0403448022023774,1551900324,5,47300,49,24,0.8435992475835278,1551902177,10,47206,49,7
0,0,0,0,0,0,0,0,0,0,0,0,1.4896350632105118,1558195315,13,47472,49,8176,1.7378878081295712,1545608925,5,47085,49,7,0.8679763360439202,1551902627,10,47215,49,8119
0,0,0,0,0,0,0,0,0,0,0,0,1.3233841476431567,1556097965,11,47398,49,0,1.0313702102600213,1551899897,5,47292,49,8130,0.8148370878034048,1551902175,9,47192,49,8176
0,0,0,0,0,0,0,0,0,0,0,0,1.6152940391024013,1560292884,13,47520,49,8142,1.1828320177578424,1553998044,5,47359,49,8145,0.7249779621313722,1551902503,10,47161,49,29
0,0,0,0,0,0,0,0,0,0,0,0,1.4029396657423527,1558195080,12,47434,49,8188,1.6808727473565244,1562386416,5,47572,49,7,0.718044347689056,1549805368,10,47149,49,1
0,0,0,0,0,0,0,0,0,0,0,0,1.6703702152523867,1560292504,12,47548,49,1,0.6210435550816595,1547706700,6,47123,49,8174,0.6444037389269599,1549805350,10,47119,49,8180
0,0,0,0,0,0,0,0,0,0,0,0,1.751048463908207,1562390199,13,47581,49,8181,1.3626488722576735,1558191753,5,47436,49,8143,0.6353268964672905,1549805191,10,47112,49,8156
0,0,0,0,0,0,0,0,0,0,0,0,1.5689879617410163,1560292125,12,47502,49,8188,0.7123302857587152,1547705624,5,47156,49,8173,0,1549805415,10,47121,49,8163
0,0,0,0,0,0,0,0,0,0,0,0,0.6860180353002304,1547710230,12,47127,49,8176,1.5055431805838075,1560289398,6,47499,49,8176,0.7123320875735935,1549805481,10,47149,49,35
0,0,0,0,0,0,0,0,0,0,0,0,0.9013298379833303,1549806713,12,47216,49,8180,0.601053345754656,1545609242,6,47111,49,8185,0.8284030338954504,1549805548,10,47195,49,8167
0,0,0,0,0,0,0,0,0,0,0,0,0.7501728876272956,1547707157,6,47154,49,2,1.1922155447256355,1553996630,5,47363,49,8157,0.91326190032349,1551903311,11,47228,49,72
0,0,0,0,0,0,0,0,0,0,0,0,1.1049104169640174,1554000692,12,47308,49,8181,1.4838186823733934,1558192458,6,47488,49,8172,1.0454473290339588,1554000133,11,47284,49,8172
0,0,0,0,0,0,0,0,0,0,0,0,0.9597724281692546,1551903733,13,47243,49,8182,0.8868438087013008,1549803773,5,47229,49,8135,1.0454473290339588,1554000133,11,47284,49,8172
0,0,0,0,0,0,0,0,0,0,0,0,1.3258322647570413,1556096102,7,47398,49,8191,1.2040471888989677,1553997948,5,47367,49,8163,1.2930903094480926,1558193535,10,47392,49,8164
0,0,0,0,0,0,0,0,0,0,0,0,1.1411191520619048,1554001691,13,47321,49,8175,1.2040471888989677,1553997948,5,47367,49,8163,1.397022917163611,1560291018,10,47437,49,9
0,0,0,0,0,0,0,0,0,0,0,0,1.4804560090078167,1558192975,7,47466,49,14,0.9214186407466655,1551900997,6,47250,49,8163,1.6056037971159431,1560290709,10,47520,49,78
0,0,0,0,0,0,0,0,0,0,0,0,1.3008436007604678,1556098518,13,47387,49,19,1.5610283006867853,1560289250,5,47523,49,8158,0.5329241201982767,1562387918,10,47573,49,21
0,0,0,0,0,0,0,0,0,0,0,0,1.652521437907498,1560290101,7,47539,49,8189,0.7255895391405462,1547705541,4,47162,49,8188,0.7986203735797782,1549802731,5,47176,49,8189
0,0,0,0,0,0,0,0,0,0,0,0,1.4999368679766656,1558195082,12,47475,49,25,0.7255895391405462,1547705541,4,47162,49,8188,0.8779714397302156,1551902395,10,47214,49,46
0,0,0,0,0,0,0,0,0,0,0,0,0.6900982197057903,1547707338,7,47127,49,72,1.771750655828105,1545609283,5,47097,49,8130,1.181815185533205,1556097150,11,47339,49,9
0,0,0,0,0,0,0,0,0,0,0,0,1.7612480297933046,1562387442,7,47585,49,8160,1.2102687951097273,1556094792,5,47370,49,8175,1.181815185533205,1556097150,11,47339,49,9
0,0,0,0,0,0,0,0,0,0,0,0,0.9472269800912748,1549806413,12,47238,49,8144,1.5987668869468863,1560288913,5,47537,49,8122,1.7036215195000208,1562388422,11,47559,49,8130
0,0,0,0,0,0,0,0,0,0,0,0,0.8211609264573667,1549804372,6,47186,49,27,1.0637013849267023,1553998041,6,47311,49,6,1.7036215195000208,1562388422,11,47559,49,8130
0,0,0,0,0,0,0,0,0,0,0,0,1.2299559667575513,1556098077,13,47362,49,8162,1.4949365278688762,1558192033,5,47491,49,25,1.108683909215501,1554000014,11,47312,49,40
0,0,0,0,0,0,0,0,0,0,0,0,1.119292408325547,1554001311,12,47311,49,8167,0.9518128694455027,1551901715,6,47264,49,65,1.108683909215501,1554000014,11,47312,49,40
0,0,0,0,0,0,0,0,0,0,0,0,1.55470819433405,1560292684,13,47498,49,8166,1.384984937154726,1558191929,5,47449,49,8,0.5632161325646521,1547707976,10,47076,49,34
0,0,0,0,0,0,0,0,0,0,0,0,1.4318040529622775,1558195416,13,47447,49,8184,0.892656487424002,1549803419,5,47236,49,8172,0.8599181908573676,1549805446,10,47207,49,8126
0,0,0,0,0,0,0,0,0,0,0,0,0.6658233620649748,1547709634,13,47117,49,26,0.9121373467178798,1551900764,5,47245,49,34,1.351125790086035,1558193860,10,47415,49,8173
0,0,0,0,0,0,0,0,0,0,0,0,1.1753891104574994,1553997904,6,47337,49,15,1.4826977934504564,1558192835,6,47483,49,8141,0.9484501299237281,1551902438,10,47243,49,8161
0,0,0,0,0,0,0,0,0,0,0,0,1.1496866417648826,1553999093,7,47325,49,8180,1.0395287636296207,1551899759,5,47300,49,2,1.265144196325872,1558193699,10,47378,49,8
0,0,0,0,0,0,0,0,0,0,0,0,1.7315676262783757,1562386723,6,47572,49,10,1.6565978894499374,1562386104,5,47562,49,8185,0.6870385294505389,1549805412,10,47126,49,19
0,0,0,0,0,0,0,0,0,0,0,0,1.710352448651842,1562387274,7,47564,49,8117,1.6565978894499374,1562386104,5,47562,49,8185,0.6870385294505389,1549805412,10,47126,49,19
0,0,0,0,0,0,0,0,0,0,0,0,1.104298844806562,1554001371,13,47307,49,8167,0.7199795077071612,1547706709,6,47161,49,8148,1.6253895026286753,1562388157,10,47534,49,8156
0,0,0,0,0,0,0,0,0,0,0,0,1.633958858179512,1560292250,12,47530,49,8142,0.9706821561546172,1551900957,5,47271,49,22,1.3901897441023652,1560291149,10,47432,49,8191
0,0,0,0,0,0,0,0,0,0,0,0,1.5681719220327903,1560292573,12,47503,49,8184,0.5930974341536684,1545609068,5,47109,49,8170,1.3901897441023652,1560291149,10,47432,49,8191
0,0,0,0,0,0,0,0,0,0,0,0,0.840846250392717,1549807399,13,47194,49,8182,1.1984371508798441,1553998016,6,47366,49,11,1.0450402206232032,1553999799,11,47280,49,29
0,0,0,0,0,0,0,0,0,0,0,0,0.7472154270106545,1547709741,12,47152,49,29,0.7594505731487996,1549804276,6,47182,49,5,1.0450402206232032,1553999799,11,47280,49,29
0,0,0,0,0,0,0,0,0,0,0,0,1.1560104829486366,1554001166,12,47328,49,23,1.3511239374826294,1556094754,5,47429,49,8165,1.681077230636421,1564486038,11,47564,49,8189
0,0,0,0,0,0,0,0,0,0,0,0,1.347454536660859,1556098835,13,47411,49,8179,1.4179295183218559,1558192323,5,47462,49,8191,1.0014871449595395,1553999567,10,47267,49,8182
0,0,0,0,0,0,0,0,0,0,0,0,1.1591724035082482,1554001324,12,47329,49,8106,1.4179295183218559,1558192323,5,47462,49,8191,0,1556096275,9,47353,49,8172
0,0,0,0,0,0,0,0,0,0,0,0,1.4223182885402692,1558192901,6,47445,49,31,1.484430245408971,1558191833,5,47490,49,8130,1.3898848847810923,1558194094,11,47427,49,8175
0,0,0,0,0,0,0,0,0,0,0,0,1.2121071839780486,1553998561,6,47354,49,14,1.006993120564514,1551900051,5,47283,49,15,1.4673993744490457,1560290987,10,47467,49,4
0,0,0,0,0,0,0,0,0,0,0,0,1.4178309972976164,1558195349,12,47441,49,66,1.4833093572538212,1558191108,4,47485,49,8182,1.6340592288966969,1560291410,11,47537,49,7
0,0,0,0,0,0,0,0,0,0,0,0,1.1783483937803674,1554001632,13,47333,49,24,0.9755783861527901,1551900919,5,47271,49,23,1.7061682007386227,1564485174,9,47574,49,8140
0,0,0,0,0,0,0,0,0,0,0,0,1.366017121179888,1556098192,12,47421,49,8165,1.4267014810849272,1558192198,5,47464,49,8165,0.6665353771803348,1549805342,10,47127,49,18
0,0,0,0,0,0,0,0,0,0,0,0,1.2858500348088335,1556097756,12,47383,49,8152,1.3734600038937081,1558192351,5,47442,49,19,0.8625707651933298,1549805000,10,47205,49,12
0,0,0,0,0,0,0,0,0,0,0,0,1.0212747034529706,1551904115,12,47273,49,8151,0.8927587197770405,1549802960,5,47235,49,17,0.9452882100770471,1551902034,9,47242,49,1
0,0,0,0,0,0,0,0,0,0,0,0,1.2380141204712236,1556098354,13,47364,49,18,1.3445956209545669,1556094843,5,47429,49,8167,1.0527916726103617,1556096460,10,47284,49,6
0,0,0,0,0,0,0,0,0,0,0,0,0.9501844372337678,1551903912,12,47242,49,8169,0.8244214537591154,1549803808,5,47209,49,6,1.0527916726103617,1556096460,10,47284,49,6
0,0,0,0,0,0,0,0,0,0,0,0,1.1097044141344898,1554000920,12,47310,49,37,1.2694251696487044,1556095504,5,47398,49,8130,1.2380141204712236,1556096809,10,47364,49,8182
0,0,0,0,0,0,0,0,0,0,0,0,0.8423760949895398,1549806898,12,47195,49,49,0.7627147237290913,1549803771,6,47182,49,8169,1.2858500348088335,1558193895,10,47383,49,8172
0,0,0,0,0,0,0,0,0,0,0,0,1.0092385964658388,1551903773,12,47271,49,8176,1.2231191030166115,1556094552,5,47380,49,8116,1.4087541772477385,1558193835,10,47434,49,8177
0,0,0,0,0,0,0,0,0,0,0,0,1.0092385964658388,1551903773,12,47271,49,8176,0.7441521320135042,1547706204,5,47172,49,8182,1.4699497306536433,1560291076,10,47466,49,60
0,0,0,0,0,0,0,0,0,0,0,0,0.9093861741169027,1549803952,6,47226,49,8170,1.211696402158594,1556095304,6,47372,49,8160,1.6391599474652088,1560290683,10,47535,49,8158
0,0,0,0,0,0,0,0,0,0,0,0,0.7529276863586606,1547709570,12,47152,49,1,1.1824249192461573,1553998642,6,47355,49,10,0.6428738934985534,1547708237,10,47111,49,13
0,0,0,0,0,0,0,0,0,0,0,0,1.6282465774461565,1560290198,7,47530,49,4,0.640728876227804,1547706826,5,47129,49,8144,0,1549805447,10,47118,49,8176
0,0,0,0,0,0,0,0,0,0,0,0,1.7565562658146887,1562389277,12,47584,49,20,1.0909336922714334,1553997679,5,47323,49,8167,0.7617964587367902,1551902599,10,47177,49,36
0,0,0,0,0,0,0,0,0,0,0,0,1.4727045601228888,1558193351,7,47463,49,56,0.6078865325107919,1547706610,6,47115,49,1,0.7617964587367902,1551902599,10,47177,49,36
0,0,0,0,0,0,0,0,0,0,0,0,1.632531254226528,1560290292,7,47528,49,19,1.056868208769914,1553997282,5,47305,49,8152,1.0175012098855791,1556096088,10,47272,49,0
0,0,0,0,0,0,0,0,0,0,0,0,1.3248117555517935,1556098232,12,47401,49,8172,1.7743010031587716,1545609450,5,47095,49,8174,1.1208222524068363,1553999454,10,47315,49,8185
0,0,0,0,0,0,0,0,0,0,0,0,1.4835156938919236,1558192957,6,47469,49,8151,1.0023013574795843,1551901004,5,47280,49,17,1.2449495321156154,1556097008,10,47370,49,8178
0,0,0,0,0,0,0,0,0,0,0,0,1.4835156938919236,1558192957,6,47469,49,8151,1.6556796091001857,1562385273,4,47562,49,8186,1.2531080813451614,1558194001,10,47378,49,85
0,0,0,0,0,0,0,0,0,0,0,0,1.3545944182834733,1556095221,6,47413,49,6,0.8952068342369903,1549803925,6,47234,49,8172,1.4077336661423714,1558193245,9,47438,49,8153
0,0,0,0,0,0,0,0,0,0,0,0,1.3545944182834733,1556095221,6,47413,49,6,1.5454231698538174,1560289571,5,47515,49,8132,1.4835156940195928,,10,47471,49,2
0,0,0,0,0,0,0,0,0,0,0,0,1.280342231765195,1556095206,6,47381,49,8190,0,1549803190,5,47186,9,8170,1.5516485103006095,1562388374,11,47499,49,40
0,0,0,0,0,0,0,0,0,0,0,0,1.0036303813401306,1551904669,13,47262,49,9,1.4969756945641868,1558191466,5,47494,49,8170,1.5796949899476362,1562388047,9,47520,49,8185
0,0,0,0,0,0,0,0,0,0,0,0,1.2187377277115548,1554000329,12,47353,49,34,0.7608781864583016,1549803344,5,47183,49,8139,0.5584221411174526,1562388372,11,47589,49,53
0,0,0,0,0,0,0,0,0,0,0,0,0.9628321167412071,1551904761,13,47246,49,9,1.5047271410344474,1560288826,5,47498,49,8144,0.6218613921882485,1549805233,10,47111,49,8170
0,0,0,0,0,0,0,0,0,0,0,0,1.1864047158287228,1554000550,12,47342,49,8166,0.7979029497306469,1549804053,6,47196,49,8182,0.7321178393102268,1549805437,10,47158,49,36
0,0,0,0,0,0,0,0,0,0,0,0,0.9669123059343705,1551901294,7,47246,49,6,1.6020310491430008,1560289438,5,47536,49,8180,1.0989955085317065,1553999224,10,47305,49,8175
0,0,0,0,0,0,0,0,0,0,0,0,1.1826312241194679,1554001604,13,47339,49,8182,0.8864348807726462,1549803564,5,47232,49,8142,1.1915035820240152,1558193613,10,47350,49,8180
0,0,0,0,0,0,0,0,0,0,0,0,1.1185786031170815,1553998338,6,47311,49,8106,0.8998985977847218,1549803401,5,47236,49,8128,1.4126299024787725,1558193598,10,47438,49,8160
0,0,0,0,0,0,0,0,0,0,0,0,0.82932130026703,1549807146,13,47187,49,3,0.8998985977847218,1549803401,5,47236,49,8128,1.424561933783437,1560290523,10,47449,49,8184
0,0,0,0,0,0,0,0,0,0,0,0,0.9827200894280845,1551904085,12,47259,49,35,0.8985713972833427,1549803056,5,47241,49,8179,1.5510369454973105,1560287530,4,47497,49,8165
0,0,0,0,0,0,0,0,0,0,0,0,0,1551904085,12,47259,49,35,0.8985713972833427,1549803056,5,47241,49,8179,1.614885087208207,1560291136,10,47527,49,37
0,0,0,0,0,0,0,0,0,0,0,0,0.8646117619249969,1549804351,6,47201,49,26,0.9317204391273476,1551901202,6,47252,49,8154,1.6853637868749158,1564485264,10,47556,49,8118
0,0,0,0,0,0,0,0,0,0,0,0,0.6805102344238487,1547709644,12,47126,49,8190,0.9408995000408847,1551901034,5,47258,49,8174,1.6947454391127192,1564485290,10,47571,49,3
0,0,0,0,0,0,0,0,0,0,0,0,0.6805102344238487,1547709644,12,47126,49,8190,1.6764859558619425,1562386787,5,47574,49,8165,0.5580132294508413,1547708037,10,47084,49,10
0,0,0,0,0,0,0,0,0,0,0,0,1.3388870477270212,1556097936,12,47407,49,8143,1.7466597624987212,1545609947,6,47086,49,8118,0.7320174102412782,1549805263,10,47154,49,8178
0,0,0,0,0,0,0,0,0,0,0,0,1.4656669139634608,1558192718,6,47460,49,30,1.0561544041873514,1551900554,5,47304,49,8182,0.8123889753098871,1549805624,11,47190,49,0
0,0,0,0,0,0,0,0,0,0,0,0,1.4656669139634608,1558192718,6,47460,49,30,0.6036036864686456,1545608981,5,47109,49,8087,0.8915373871420001,1551902462,10,47222,49,8157
0,0,0,0,0,0,0,0,0,0,0,0,0.892455655386309,1549804203,6,47216,49,8185,0.6249192818721052,1547706591,5,47124,49,8165,0.9876181343702202,1553999817,10,47256,49,8166
0,0,0,0,0,0,0,0,0,0,0,0,0.9880252446999102,1551904021,12,47255,49,34,1.1885442910958788,1553997883,5,47358,49,8127,1.1711044486851405,1554000016,11,47345,49,15
0,0,0,0,0,0,0,0,0,0,0,0,0.9880252446999102,1551904021,12,47255,49,34,0.6980505350118039,1547707174,6,47151,49,8158,1.2132262452885842,1556096540,10,47372,49,8177
0,0,0,0,0,0,0,0,0,0,0,0,0.6843859615789404,1547709347,13,47128,49,8149,1.1875237817364581,1553997488,5,47360,49,8159,1.330113238398274,1558194042,10,47418,49,24
0,0,0,0,0,0,0,0,0,0,0,0,1.5611342758254865,1560289641,6,47500,49,4,0.7484367810669303,1547706957,6,47169,49,8182,1.330113238398274,1558194042,10,47418,49,24
0,0,0,0,0,0,0,0,0,0,0,0,1.5906102268499018,1560290167,7,47515,49,1,1.2157765981752429,1556094463,5,47371,49,19,1.5810222224529025,1560291603,11,47518,49,7
0,0,0,0,0,0,0,0,0,0,0,0,1.5906102268499018,1560290167,7,47515,49,1,1.2157765981752429,1556094463,5,47371,49,19,1.6376301060736527,1562387898,9,47539,49,8158
0,0,0,0,0,0,0,0,0,0,0,0,1.3118592072973576,1556098633,13,47392,49,8166,1.185075664672461,1553997559,5,47360,49,8172,0.5805537833934642,1549804710,10,47095,49,8180
0,0,0,0,0,0,0,0,0,0,0,0,0.9629343482046582,1551903986,12,47245,49,8183,0.6509284402363205,1547706607,5,47133,49,8142,0.7015209440690814,1547708313,10,47141,49,8133
0,0,0,0,0,0,0,0,0,0,0,0,1.0323925400014382,1551901795,7,47276,49,8158,1.0644151898832446,1553997665,5,47311,49,8177,0.8752184439888752,1551903112,11,47214,49,8151
0,0,0,0,0,0,0,0,0,0,0,0,0.7671034105036809,1547709526,13,47163,49,31,0.9050997027048946,1551900413,6,47240,49,8156,1.2177172214177292,1556096515,10,47360,49,52
0,0,0,0,0,0,0,0,0,0,0,0,1.7094341690307275,1562386466,6,47564,49,8175,0.6892785853820458,1547706599,5,47148,49,58,1.5671514069568229,1560291017,10,47510,49,8168
0,0,0,0,0,0,0,0,0,0,0,0,1.3810106882934075,1556098687,13,47424,49,45,1.2679975646356187,1556095187,5,47394,49,18,0.5422054221513164,1562388608,11,47583,49,8167
0,0,0,0,0,0,0,0,0,0,0,0,1.4671967562278887,1558195417,12,47459,49,9,1.5267583558631006,1560289187,5,47505,49,0,0.7792417400870939,1551902551,10,47171,49,16
0,0,0,0,0,0,0,0,0,0,0,0,1.1215360572229234,1554000918,12,47312,49,8,0.8827636198567138,1549803077,5,47227,49,8170,0.9759909548147518,1551902622,11,47250,49,7
0,0,0,0,0,0,0,0,0,0,0,0,1.1863024818562817,1553998405,6,47341,49,47,1.052278679729643,1551900213,5,47301,49,4,1.1785491947912183,1558194414,11,47352,49,22
0,0,0,0,0,0,0,0,0,0,0,0,0.8513525060733647,1549807289,13,47193,49,8157,1.052278679729643,1551900213,5,47301,49,4,1.417321667223405,1558194251,11,47443,49,51
0,0,0,0,0,0,0,0,0,0,0,0,0.9163233985832435,1549806710,13,47220,49,7,1.680668267515356,1562387096,6,47572,49,8120,1.655581122068608,1562388803,11,47547,49,32
0,0,0,0,0,0,0,0,0,0,0,0,1.7452339688908471,1562390075,12,47581,49,8148,0.9502830273597689,1551900892,5,47261,49,8172,0.605339781525999,1547708664,10,47100,49,9
0,0,0,0,0,0,0,0,0,0,0,0,1.7918467276227514,1562389394,12,47596,49,29,1.0187225302876317,1551900569,5,47286,49,8174,0.8097382071928735,1551902294,10,47184,49,8185
0,0,0,0,0,0,0,0,0,0,0,0,1.4141597444781497,1558196016,13,47435,49,68,1.4268037199099073,1558192382,5,47461,49,8,0.8097382071928735,1551902294,10,47184,49,8185
0,0,0,0,0,0,0,0,0,0,0,0,1.4361909585954904,1558193350,7,47443,49,8159,1.4046702692946709,1558193069,6,47454,49,8190,1.1380576334602504,1556096281,9,47333,49,8174
0,0,0,0,0,0,0,0,0,0,0,0,1.0645210826207359,1551903804,13,47287,49,17,0.6036036868676126,1545608974,5,47108,49,8156,1.234136555179383,1556096342,9,47375,49,8189
0,0,0,0,0,0,0,0,0,0,0,0,1.0957313548139003,1551904205,13,47301,49,20,1.6846463358458237,1562386691,5,47573,49,27,1.3748894663989297,1560290602,10,47435,49,8179
0,0,0,0,0,0,0,0,0,0,0,0,1.539103059841663,1558192464,6,47490,49,45,0.9362077373389633,1551900184,5,47255,49,8191,0.5384301374833728,1547708264,10,47076,49,9
0,0,0,0,0,0,0,0,0,0,0,0,1.5587883934372115,1560292312,13,47497,49,8182,0.7722004828452418,1549804037,6,47183,49,36,0.7213084958851593,1549805619,11,47147,49,15
0,0,0,0,0,0,0,0,0,0,0,0,1.1819174188471673,1553999057,7,47336,49,8189,0.7722004828452418,1549804037,6,47183,49,36,0.7477229740659197,1549805256,9,47168,49,8127
0,0,0,0,0,0,0,0,0,0,0,0,1.170290242036958,1553998882,6,47331,49,8,0.8554290761907588,1549803503,5,47215,49,8150,0.9081630236863404,1551902479,11,47227,49,8183
0,0,0,0,0,0,0,0,0,0,0,0,0.7709791372344769,1547709955,13,47166,49,8190,1.125001013977401,1553998756,6,47332,49,8,0.9081630236863404,1551902479,11,47227,49,8183
0,0,0,0,0,0,0,0,0,0,0,0,0.7581288001725294,1547709201,12,47156,49,8187,0.9079567458071377,1549802823,5,47236,49,14,1.0546245610008103,1556097291,10,47303,49,8184
0,0,0,0,0,0,0,0,0,0,0,0,0.7581288001725294,1547709201,12,47156,49,8187,0.9079567458071377,1549802823,5,47236,49,14,1.1770211881108714,1556097305,10,47343,49,6
0,0,0,0,0,0,0,0,0,0,0,0,1.4966727091784358,1558193450,7,47475,49,18,0.8942885649823548,1549803672,6,47233,49,8153,1.231180943694679,1558193719,10,47364,49,34
0,0,0,0,0,0,0,0,0,0,0,0,1.4674012293662584,1558193040,7,47458,49,8180,0.7522102774704034,1547707036,6,47170,49,23,0,1558193986,10,,49,8179
0,0,0,0,0,0,0,0,0,0,0,0,0.9378434518787043,1551903925,13,47234,49,4,0.7522102774704034,1547707036,6,47170,49,23,1.4036534690746243,1558193899,11,47440,49,8189
0,0,0,0,0,0,0,0,0,0,0,0,1.324913990647235,1556097633,12,47399,49,8147,0.7699568326590931,1549803517,6,47180,49,8185,1.4131392335105049,1560290879,9,47443,49,8188
0,0,0,0,0,0,0,0,0,0,0,0,1.0314742695406054,1551901436,6,47276,49,8108,1.6592504926875509,1560287962,4,47557,49,8140,1.4857574778863039,1562388656,10,47483,49,36
0,0,0,0,0,0,0,0,0,0,0,0,1.0314742695406054,1551901436,6,47276,49,8108,0.6382807658702602,1547705901,5,47127,49,8112,1.5510369458803188,1562388421,10,47499,49,0
0,0,0,0,0,0,0,0,0,0,0,0,1.3384799492990773,1556098653,13,47402,49,8158,1.57061630781492,1560289166,5,47522,49,9,1.67853061877711,1564485525,11,47553,49,23
0,0,0,0,0,0,0,0,0,0,0,0,1.3384799492990773,1556098653,13,47402,49,8158,1.57061630781492,1560289166,5,47522,49,9,1.7182043034613619,1547708391,10,47068,49,8137
0,0,0,0,0,0,0,0,0,0,0,0,1.6112138391284676,1560292763,12,47520,49,17,1.4573001830499543,1558192201,5,47473,49,16,0.6701062119575556,1549805552,11,47128,49,8153
0,0,0,0,0,0,0,0,0,0,0,0,1.7924583028994352,1562387419,7,47599,49,8160,1.1994576618819721,1553998113,6,47361,49,8134,0.892353424798499,1551902383,10,47221,49,8172
0,0,0,0,0,0,0,0,0,0,0,0,0.689384411328136,1547710037,13,47126,49,28,0.7963731069125461,1549803318,5,47193,49,8156,1.0627867740610757,1553996140,4,47294,49,16
0,0,0,0,0,0,0,0,0,0,0,0,1.18456817059265,1554000778,13,47343,49,34,0.900000830732038,1549803465,5,47233,49,23,1.0627867740610757,1553996140,4,47294,49,16
0,0,0,0,0,0,0,0,0,0,0,0,0.7320174099540219,1547707385,7,47148,49,7,1.536651206421164,1560289701,5,47511,49,8,1.199663969579007,1556096594,10,47352,49,4
0,0,0,0,0,0,0,0,0,0,0,0,1.2170034162026748,1554000730,12,47353,49,8160,1.5682704260889304,1560289882,6,47521,49,8,1.199663969579007,1556096594,10,47352,49,4
0,0,0,0,0,0,0,0,0,0,0,0,0.7402800094698598,1547710316,13,47147,49,87,0.9614008643041916,1551901043,5,47263,49,8190,1.2694288609554922,1556093843,5,47380,49,8182
0,0,0,0,0,0,0,0,0,0,0,0,1.2217974139819925,1554000625,12,4752,49,8158,0.9732325059508546,1551901276,6,47267,49,8120,1.234341025781789,1558193555,9,47372,49,8190
0,0,0,0,0,0,0,0,0,0,0,0,0.7153917776144276,1547707218,6,47141,49,13,1.536244122103412,1560289484,5,47507,49,8135,0,1558194583,10,47375,49,6
0,0,0,0,0,0,0,0,0,0,0,0,1.1911987133627673,1554001001,12,47340,49,8163,1.536244122103412,1560289484,5,47507,49,8135,1.2371980819186112,1556096492,10,47368,49,8185
0,0,0,0,0,0,0,0,0,0,0,0,0.7248775346961389,1547707276,7,47144,49,41,0.8896990336107253,1549804328,6,47230,49,8148,1.219042595588437,1558193767,10,47362,49,8152
0,0,0,0,0,0,0,0,0,0,0,0,0.7248775346961389,1547707276,7,47144,49,41,0.8260535318309279,1549803822,5,47205,49,8154,1.219042595588437,1558193767,10,47362,49,8152
0,0,0,0,0,0,0,0,0,0,0,0,0.6735748164251207,1547710144,13,47119,49,35,1.3452090424946073,1556095073,5,47419,49,8161,0.8868456232112605,1551902341,10,47222,49,6
0,0,0,0,0,0,0,0,0,0,0,0,1.759106609153502,1562389934,12,47580,49,8181,1.6561908105032683,1560288982,5,47554,49,8,0.7083541312395576,1549806056,11,47148,49,9
0,0,0,0,0,0,0,0,0,0,0,0,1.759106609153502,1562389934,12,47580,49,8181,1.5093185348166234,1558192792,6,47490,49,8155,0.5833085786005231,1547708500,10,47094,49,31
0,0,0,0,0,0,0,0,0,0,0,0,1.5705178036231315,1560293028,12,47501,49,8191,0.6320591586433547,1547706414,5,47123,49,8142,1.5992799535272848,1560291430,11,47525,49,10
0,0,0,0,0,0,0,0,0,0,0,0,1.5705178036231315,1560293028,12,47501,49,8191,0.6320591586433547,1547706414,5,47123,49,8142,1.4079381392661734,1560290729,10,47441,49,7
0,0,0,0,0,0,0,0,0,0,0,0,1.2812605047578935,1556097801,12,47377,49,8180,0.7444588254395662,1547706725,6,47165,49,8152,1.186200247801961,1556096370,10,47351,49,8172
0,0,0,0,0,0,0,0,0,0,0,0,1.652828152463361,1560292779,12,47534,49,8142,1.6892358684210615,1562386420,5,47574,49,8103,1.0409600305765918,1554000331,11,47287,49,36
0,0,0,0,0,0,0,0,0,0,0,0,0.9854748989705032,1551903068,11,47253,49,41,0.7639396868424303,1547706810,6,47174,49,8152,0.7889301555125602,1551902348,10,47182,49,3
0,0,0,0,0,0,0,0,0,0,0,0,0.7807715834908348,1547709400,13,47164,49,48,0.8129987421945413,1549803344,5,47197,49,8170,1.6497666005279443,1562388847,11,47550,49,10
0,0,0,0,0,0,0,0,0,0,0,0,1.1655984773880779,1553998631,7,47327,49,8186,0.6108457909773601,1545609155,5,47107,49,16,1.5110528515513508,1560291236,10,47494,49,75
0,0,0,0,0,0,0,0,0,0,0,0,0.9097950977302691,1549804356,6,47219,49,49,0.801064870891162,1549803548,5,47194,49,8120,1.0985884027925763,1556096390,9,47306,49,9
0,0,0,0,0,0,0,0,0,0,0,0,1.4644437798377625,1558195882,13,47453,49,8128,0.7327294163707542,1547706859,5,47160,49,8168,0.8058606748488513,1549805621,10,47192,49,8158
0,0,0,0,0,0,0,0,0,0,0,0,1.812348090940903,1547709361,12,47090,49,43,1.6273264277948196,1560289020,5,47541,49,8162,0.60442151643248,1549805390,11,47103,49,66
0,0,0,0,0,0,0,0,0,0,0,0,1.1863024818243644,1554001262,12,47340,49,8180,1.7907221769083823,1545609473,6,47099,49,3,1.490451103022128,1560291491,10,47480,49,42
0,0,0,0,0,0,0,0,0,0,0,0,1.5799013318995363,1560292599,12,47505,49,8162,1.5193136257352287,1558192137,5,47496,49,8172,1.3047193275235347,1556094023,5,47397,49,8173
0,0,0,0,0,0,0,0,0,0,0,0,0.9801715600426881,1551901342,6,47249,49,8176,1.7482918399565999,1545609627,6,47083,49,7,0.9869025116958795,1553999216,10,47265,49,8165
0,0,0,0,0,0,0,0,0,0,0,0,0.9801715600426881,1551901342,6,47249,49,8176,1.5277788743786573,1560289156,5,47501,49,50,0.811063591714542,1551902348,10,47189,49,67
0,0,0,0,0,0,0,0,0,0,0,0,0.9213200462892238,1549804326,6,47226,49,34,0.6228800910417384,1547706187,5,47117,49,8158,0.6044215164484386,1547708204,11,47102,49,8179
0,0,0,0,0,0,0,0,0,0,0,0,1.3839681377448414,1556095255,6,47426,49,8187,0.6228800910417384,1547706187,5,47117,49,8158,1.6716955786062206,1562389199,11,47558,49,8132
0,0,0,0,0,0,0,0,0,0,0,0,0.9651779984512381,1551904096,13,47244,49,8174,0.8176905056943965,1549804133,6,47199,49,8173,1.5086065941242885,1558193753,11,47485,49,27
0,0,0,0,0,0,0,0,0,0,0,0,1.4947357744983507,1558192446,6,47468,49,5,0.8176905056943965,1549804133,6,47199,49,8173,1.374686845734425,1558193750,10,47430,49,8180
0,0,0,0,0,0,0,0,0,0,0,0,1.0764549575493694,1551903836,12,47289,49,22,1.0139285343164388,1551901415,6,47283,49,15,1.222000046879621,1558193902,11,47367,49,8173
0,0,0,0,0,0,0,0,0,0,0,0,1.5781670144665094,1560290037,6,47506,49,6,0.8306430634596164,1549803678,5,47208,49,8170,1.1017484964900919,1553999031,10,47314,49,8150
0,0,0,0,0,0,0,0,0,0,0,0,1.1732476954440956,1554000799,12,47332,49,17,1.199662132240167,1553997380,5,47358,49,8154,0.9542646271443888,1553999293,9,47248,49,3
0,0,0,0,0,0,0,0,0,0,0,0,1.7088226067679948,1562386616,6,47561,49,4,1.022191150872221,1551900848,5,47282,49,8177,0.8506368935195341,1549805228,11,47208,49,8183
0,0,0,0,0,0,0,0,0,0,0,0,1.2568834108507605,1556095186,6,47368,49,46,1.3458206091858105,1556094449,5,47421,49,8109,0.6781643529611772,1549805288,10,47131,49,42
0,0,0,0,0,0,0,0,0,0,0,0,1.7587999165037282,1562389250,12,47583,49,35,1.114699214759937,1553997974,5,47327,49,8153,0.5345544101322748,1564485550,11,47587,49,12
0,0,0,0,0,0,0,0,0,0,0,0,1.3071674423612212,1556098918,13,47387,49,8154,1.3837618099061055,1558192640,6,47441,49,8181,1.546752270941063,1560290884,10,47503,49,8113
0,0,0,0,0,0,0,0,0,0,0,0,1.7917444962288178,1562387137,6,47596,49,7,1.195786407452524,1553997827,5,47356,49,8174,1.4411875810631376,1558194198,11,47458,49,34
0,0,0,0,0,0,0,0,0,0,0,0,1.2910511330931265,1556096109,7,47385,49,8180,1.4416950511751578,1558193253,6,47465,49,8154,1.2519871782590846,1556097027,11,47377,49,59
0,0,0,0,0,0,0,0,0,0,0,0,1.2910511330931265,1556096109,7,47385,49,8180,1.2135329530198853,1556094258,5,47366,49,18,1.0795128199293782,1556096647,10,47308,49,8155
0,0,0,0,0,0,0,0,0,0,0,0,1.3039032866798146,1556095960,7,47387,49,9,1.4795358730250896,1558192595,5,47478,49,26,0.8731774440223782,1549805314,11,47219,49,8161
0,0,0,0,0,0,0,0,0,0,0,0,1.7885825764073953,1562389344,12,47595,49,30,1.2173064422346553,1556094622,5,47369,49,8156,0.8731774440223782,1549805314,11,47219,49,8161
0,0,0,0,0,0,0,0,0,0,0,0,1.2959473668192592,1556095295,6,47385,49,8159,1.4416950511751578,1558192608,5,47465,49,8139,1.633243187875686,1562388342,10,47543,49,8184
0,0,0,0,0,0,0,0,0,0,0,0,1.800311986633211,1562389760,13,47600,49,2,1.190176370054423,1553998250,6,47355,49,8173,1.4682172704302767,1560290953,10,47465,49,8182
0,0,0,0,0,0,0,0,0,0,0,0,1.342355673996191,1556095587,7,47402,49,32,1.1925222518681853,1553997884,5,47356,49,8185,1.182222288292148,1558193454,10,47349,49,46
0,0,0,0,0,0,0,0,0,0,0,0,1.3735659452297606,1556098731,13,47416,49,16,1.4278242356208837,1558191815,5,47457,49,8119,0.7488457019723,1549805429,10,47166,49,1
0,0,0,0,0,0,0,0,0,0,0,0,0.6698013173179689,1547709736,13,47116,49,8170,1.2252623619690075,1556094631,5,47371,49,8168,0.5152780011579537,1547705290,4,47064,49,28
0,0,0,0,0,0,0,0,0,0,0,0,1.372240573986029,1556098447,13,47417,49,8185,1.5037084931273696,1558191768,5,47489,49,8175,1.4172194310934316,1560290959,10,47445,49,8150
0,0,0,0,0,0,0,0,0,0,0,0,0.6438943869664696,1547706796,6,47110,49,21,1.290028776729773,1556094933,5,47400,49,1,1.2643281570800935,1556097196,10,47384,49,8163
0,0,0,0,0,0,0,0,0,0,0,0,0,1556098046,12,47409,49,8158,1.594381842498931,1560289877,6,47530,49,47,0.9561011660191456,1551902073,9,47246,49,8170
0,0,0,0,0,0,0,0,0,0,0,0,1.7910306903339257,1562386755,6,47599,49,8176,1.594381842498931,1560289877,6,47530,49,47,0.7357909074028376,1549805260,10,47158,49,8186
0,0,0,0,0,0,0,0,0,0,0,0,1.2680012518728432,1556095792,7,47375,49,8186,1.4980984505513588,1558191635,5,47490,49,13,1.336948262009782,1560290880,10,47416,49,49
0,0,0,0,0,0,0,0,0,0,0,0,1.1419351907574502,1554001175,12,47323,49,8172,0.6229823194928789,1547706538,5,47118,49,2,1.0055673352556214,1551902577,11,47273,49,8141
0,0,0,0,0,0,0,0,0,0,0,0,0.9597724284565108,1551900798,6,47245,49,34,0.763021417806019,1547706572,6,47177,49,8168,1.609784368620954,1560290695,10,47533,49,8162
0,0,0,0,0,0,0,0,0,0,0,0,1.3796853173973398,1558195370,13,47424,49,29,0.5928947725383112,1545609700,6,47101,49,8111,1.4016142960841198,1558193346,10,47438,49,8181
0,0,0,0,0,0,0,0,0,0,0,0,0.7509889250166573,1549806450,12,47156,49,8146,0.9015306741753089,1549803454,5,47235,49,27,1.056258467406706,1556096816,11,47296,49,8129
0,0,0,0,0,0,0,0,0,0,0,0,0.7509889250166573,1549806450,12,47156,49,8146,0.7239574651756788,1547706019,5,47160,49,6,0.8176923153849579,1551902314,10,47195,49,8132
0,0,0,0,0,0,0,0,0,0,0,0,1.6895462270854134,1560292576,12,47554,49,8146,1.0603368311002712,1551900107,5,47302,49,8162,1.6957659592917218,1564485584,11,47570,49,35
0,0,0,0,0,0,0,0,0,0,0,0,0.836970523848911,1549807198,13,47193,49,65,0.9078545137243724,1549803874,6,47237,49,8156,1.6957659592917218,1564485584,11,47570,49,35
0,0,0,0,0,0,0,0,0,0,0,0,1.3999822166031375,1558195530,13,47433,49,8112,1.2626942339398128,1556095587,6,47390,49,8190,1.1901782073534035,1556096625,10,47351,49,8171
0,0,0,0,0,0,0,0,0,0,0,0,1.74962085076194,1562387540,7,47581,49,68,1.125001013977401,1553998665,6,47332,49,8147,1.0008755712929642,1553999566,10,47271,49,0
0,0,0,0,0,0,0,0,0,0,0,0,1.0783919097097716,1554000623,12,47298,49,8130,1.5168655047422845,1560288936,5,47498,49,8161,1.5283923031389017,1560290588,10,47499,49,46
0,0,0,0,0,0,0,0,0,0,0,0,1.0783919097097716,1554000623,12,47298,49,8130,1.3681566763611988,1558191922,5,47436,49,8113,1.1786532655664923,1556096788,10,47344,49,33
0,0,0,0,0,0,0,0,0,0,0,0,1.1947677370934782,1553998316,6,47349,49,0,1.6831163897135473,1562386717,6,47572,49,20,1.005262458489755,1551902468,10,47268,49,8169
0,0,0,0,0,0,0,0,0,0,0,0,1.7882758820354445,1562387892,7,47602,49,8180,0.9928155976494657,1551901070,6,47276,49,8158,1.469542639166738,1560290904,10,47468,49,18
0,0,0,0,0,0,0,0,0,0,0,0,0.9801715607448698,1551904084,12,47253,49,8,0.9154015001651707,1551901370,6,47243,49,8186,0.9431449719762595,1553999457,10,47255,49,8152
0,0,0,0,0,0,0,0,0,0,0,0,1.543897061675876,1560292937,14,47494,49,8136,1.3827412943949289,1558192101,5,47445,49,28,1.1144984120688923,1556096312,9,47319,49,43
0,0,0,0,0,0,0,0,0,0,0,0,1.2843201919907081,1556096015,7,47384,49,6,1.649969204849672,1560289432,5,47553,49,8173,0.8437014785120338,1551902538,10,47206,49,10
0,0,0,0,0,0,0,0,0,0,0,0,1.659865800090987,1560292118,13,47542,49,8142,1.3939613755226306,1558191862,5,47447,49,8122,1.5022827505724032,1562388094,10,47485,49,8167
0,0,0,0,0,0,0,0,0,0,0,0,1.0234179402820756,1551904478,13,47270,49,8130,1.4850436759185246,1558192684,5,47482,49,8126,0.686731844246492,1549805636,10,47137,49,6
0,0,0,0,0,0,0,0,0,0,0,0,1.4023280987839495,1558194967,12,47435,49,43,1.061050635883367,1551900826,6,47303,49,8150,1.3147144244093836,1558193958,10,47404,49,8183
0,0,0,0,0,0,0,0,0,0,0,0,0.7561918352014074,1547710261,13,47154,49,32,1.0540129905138937,1551899668,5,47300,49,8120,0.5881025708324795,1547708225,11,47096,49,8132
0,0,0,0,0,0,0,0,0,0,0,0,1.1185786034681724,1554000803,12,47313,49,5,0.6447068328914574,1547705704,5,47129,49,8172,1.2463771402837391,1558193759,10,47378,49,6
0,0,0,0,0,0,0,0,0,0,0,0,1.667719486643473,1560290553,7,47545,49,2,0.6723480661506334,1547706104,5,47138,49,8163,0.5568922960186269,1547708163,10,47082,49,34
0,0,0,0,0,0,0,0,0,0,0,0,0.8192239648865415,1549806806,13,47184,49,8170,1.5193136249692119,1560289079,5,47498,49,8112,1.3232819133782623,1558190866,4,47408,49,44
0,0,0,0,0,0,0,0,0,0,0,0,1.4016142954457724,1558195307,13,47434,49,62,1.608354893923047,1560289498,5,47537,49,25,0.6508298056281783,1547708143,10,47121,49,38
0,0,0,0,0,0,0,0,0,0,0,0,1.4016142954457724,1558195307,13,47434,49,62,1.2506581172770685,1556095158,5,47388,49,8189,1.3982479021467453,1558194001,10,47441,49,8161
0,0,0,0,0,0,0,0,0,0,0,0,1.2001733054260624,1554000868,12,47353,49,8183,1.3820274921451163,1558192779,6,47444,49,19,0.7164122734619439,1549805103,10,47150,49,1
0,0,0,0,0,0,0,0,0,0,0,0,1.6241682421018597,1560292447,13,47524,49,0,1.090322123358217,1553998009,5,47320,49,20,0.7164122734619439,1549805103,10,47150,49,1
0,0,0,0,0,0,0,0,0,0,0,0,1.0492226437443717,1551901386,6,47281,49,8189,1.2680998007229891,1556095383,5,47393,49,8184,0.8567580800667902,1551902845,10,47206,49,1
0,0,0,0,0,0,0,0,0,0,0,0,1.4838224046399222,1558193251,6,47468,49,8172,1.0235165272461768,1551900692,5,47287,49,8188,1.524109490933842,1562388044,10,47495,49,20
0,0,0,0,0,0,0,0,0,0,0,0,0.8798079769321425,1549804456,7,47214,49,10,1.2041494250626537,1553997356,5,47364,49,11,0.8168762775556832,1551902167,9,47197,49,44
0,0,0,0,0,0,0,0,0,0,0,0,1.284422426731581,1556099029,13,47383,49,18,0.9269264434950936,1551900745,5,47250,49,8187,1.5242117286725312,1560291141,10,47494,49,8184
0,0,0,0,0,0,0,0,0,0,0,0,0.6963198295936595,1547709394,12,47133,49,8152,1.1445841068139344,1553997240,5,47340,49,8129,0.743235670270082,1551902322,10,47167,49,8190
0,0,0,0,0,0,0,0,0,0,0,0,1.1255140165131217,1554001204,12,47317,49,87,0.9000008303490296,1549803545,5,47234,49,8179,1.4104866416082094,1560290916,10,47449,49,8184
0,0,0,0,0,0,0,0,0,0,0,0,0.9072447545129632,1549806250,12,47225,49,28,0.8892919229627918,1549803398,5,47227,49,8146,1.400798256665578,1558193708,10,47438,49,8162
0,0,0,0,0,0,0,0,0,0,0,0,1.5211520437134867,1558195706,13,47486,49,8187,1.0928724738725952,1553997880,5,47319,49,34,0.6344086310886137,1549805918,10,47112,49,30
0,0,0,0,0,0,0,0,0,0,0,0,0.6771438579334585,1547709529,12,47129,49,24,0.8806222017064793,1549803922,6,47224,49,8173,1.3139987740566137,1556096568,10,47409,49,43
0,0,0,0,0,0,0,0,0,0,0,0,1.2491319609541889,1556097562,12,47369,49,46,1.0701274610325509,1553997474,5,47310,49,8181,0.5171145288304503,1564485563,10,47574,49,8168
0,0,0,0,0,0,0,0,0,0,0,0,1.5867345029535043,1560289216,6,47515,49,8182,0.8277878379340993,1549804059,6,47206,49,8183,1.218330626353411,1556097363,11,47355,49,54
0,0,0,0,0,0,0,0,0,0,0,0,0.9074492165309159,1549806910,13,47223,49,8191,1.0572771444413112,1551900488,5,47300,49,8168,1.5868367414249016,1562387589,10,47518,49,8154
0,0,0,0,0,0,0,0,0,0,0,0,1.676184736269145,1562389509,12,47550,49,8169,0.7311995712192088,1547706220,5,47161,49,8152,0.8190195055073345,1549805213,10,47190,49,25
0,0,0,0,0,0,0,0,0,0,0,0,1.1864047159883095,1554000755,12,47344,49,57,0.9185634199837657,1551900895,6,47244,49,18,1.1304084171757083,1556096543,10,47329,49,8142
0,0,0,0,0,0,0,0,0,0,0,0,1.445267778737314,1558194902,12,47454,49,8164,0.6541925896203941,1547706302,5,47132,49,8176,0.6368567415570998,1547708160,10,47112,49,8177
0,0,0,0,0,0,0,0,0,0,0,0,0.6565420625841394,1547709226,12,47115,49,42,0.9009191003179744,1549802680,4,47233,49,21,0.937334109083327,1551902777,10,47238,49,8153
0,0,0,0,0,0,0,0,0,0,0,0,1.2820765446385416,1556097422,11,47382,49,8165,0.8214639989234583,1549803648,5,47204,49,6,0.5737205943058965,1547708482,11,47091,49,6
0,0,0,0,0,0,0,0,0,0,0,0,1.5078927911753668,1558195647,13,47480,49,12,1.759614138989556,1545609012,5,47086,49,8167,1.1604977800536884,1556096861,10,47338,49,28
0,0,0,0,0,0,0,0,0,0,0,0,0.6257389110084123,1545609486,6,47105,49,1,0.745784207969742,1547706445,5,47170,49,8176,1.4117116275071975,1558194199,10,47443,49,54
0,0,0,0,0,0,0,0,0,0,0,0,0.8276892259101746,1549804200,6,47189,49,50,1.663126215297871,1560288879,5,47560,49,16,0.7069265159122335,1549805349,9,47145,49,21
0,0,0,0,0,0,0,0,0,0,0,0,1.1137846062474084,1554001638,13,47312,49,8180,0.6144148295269489,1547706030,5,47114,49,8175,0.9391706468367792,1551902335,11,47236,49,35
0,0,0,0,0,0,0,0,0,0,0,0,1.3057398351880494,1556098187,12,47390,49,6,0.6144148295269489,1547706030,5,47114,49,8175,1.412525812915693,1558193661,10,47451,49,16
0,0,0,0,0,0,0,0,0,0,0,0,1.5673558824307234,1560292538,13,47505,49,22,1.6711825003046752,1545608707,5,47057,49,8183,1.5926493936258537,1562387910,10,47525,49,8172
0,0,0,0,0,0,0,0,0,0,0,0,1.7245299805258942,1562390058,13,47572,49,17,1.3962050198359837,1558192638,5,47449,49,32,0.9062260655937748,1553999137,10,47223,49,28
0,0,0,0,0,0,0,0,0,0,0,0,0.7896457641866748,1547709248,12,47170,49,8176,1.5713301083536888,1560289458,5,47524,49,8161,1.075129580888704,1556096696,10,47295,49,8161
0,0,0,0,0,0,0,0,0,0,0,0,0.9480430182945291,1551901474,7,47241,49,8181,1.2954343438449576,1556095115,5,47402,49,8173,1.544813476505503,1562387859,10,47506,49,8154
0,0,0,0,0,0,0,0,0,0,0,0,1.1443833063160591,1554000823,12,47324,49,11,1.4305772074274925,1558192155,5,47461,49,8142,1.7224889552510212,1564485194,10,47580,49,8146
0,0,0,0,0,0,0,0,0,0,0,0,1.4696448752901232,1558192090,6,47462,49,8184,1.2647334092129157,1556095800,6,47391,49,8165,1.1957882444243015,1556096766,10,47352,49,2
0,0,0,0,0,0,0,0,0,0,0,0,1.597138547017075,1560290392,7,47516,49,8161,0.9386558537368687,1551901083,6,47252,49,8183,1.70464016569153,1562387881,10,47571,49,31
0,0,0,0,0,0,0,0,0,0,0,0,1.8021485256827061,1562389434,12,47602,49,9,1.0715550716887632,1553997614,5,47309,49,8160,0.658886151759448,1547707904,10,47128,49,8157
0,0,0,0,0,0,0,0,0,0,0,0,0.9019414145676112,1549807112,13,47220,49,8176,0.908568320741683,1549802561,5,47235,49,8153,1.3290945768776057,1558193537,10,47413,49,1
0,0,0,0,0,0,0,0,0,0,0,0,1.033208578207816,1551901703,7,47277,49,12,0.5873869729035708,1545608960,5,47096,49,7,0.6310422551238232,1547708001,10,47113,49,24
0,0,0,0,0,0,0,0,0,0,0,0,1.190994245962567,1554001544,13,47346,49,8165,0.7012124559579138,1547707155,5,47148,49,2,0.7829130072842936,1549805273,10,47176,49,8189
0,0,0,0,0,0,0,0,0,0,0,0,1.4202791156597556,1558193608,7,47442,49,33,1.6577206521886565,1560289500,5,47554,49,8155,1.3717293966146458,1560290720,10,47427,49,8132
0,0,0,0,0,0,0,0,0,0,0,0,1.5297195319801837,1558192327,6,47489,49,20,1.278197132388179,1556095997,6,47395,49,9,0.6355295615216577,1549805325,10,47117,49,6
0,0,0,0,0,0,0,0,0,0,0,0,1.6533374783425392,1560290106,7,47541,49,12,1.3613235061777886,1556094049,4,47428,49,8169,0.7544575332858041,1551902243,10,47159,49,6
0,0,0,0,0,0,0,0,0,0,0,0,1.729426222938379,1562389695,12,47571,49,8189,1.008625199407882,1551901044,5,47278,49,8158,1.2040490302196112,1556096545,10,47359,49,8135
0,0,0,0,0,0,0,0,0,0,0,0,0.6485861511046721,1547709516,13,47112,49,6,1.0792042867853457,1553997797,5,47314,49,20,1.2834019185546313,1558193917,10,47389,49,34
0,0,0,0,0,0,0,0,0,0,0,0,0.7385457068055652,1547707360,7,47150,49,50,1.0792042867853457,1553997797,5,47314,49,20,0.5686217059970837,1547708549,10,47085,49,28
0,0,0,0,0,0,0,0,0,0,0,0,0.9574265463953888,1551904641,13,47244,49,40,0.9006124053800102,1549803224,5,47233,49,8121,0.6724520939069667,1549805222,10,47131,49,8161
0,0,0,0,0,0,0,0,0,0,0,0,1.0904280183676593,1553997986,6,47300,49,39,0.6666358071625635,1547706805,5,47135,49,10,1.239032789409314,1558193639,10,47375,49,8166
0,0,0,0,0,0,0,0,0,0,0,0,1.1858953786164672,1553998353,6,47340,49,29,1.5668428246256023,1560289093,5,47517,49,8145,1.7347295213138467,1564485552,11,47579,49,8142
0,0,0,0,0,0,0,0,0,0,0,0,1.4737250730575986,1558192874,6,47462,49,8182,1.715347263765247,1545609652,5,47069,49,27,1.1954815413197772,1556096665,10,47354,49,8180
0,0,0,0,0,0,0,0,0,0,0,0,1.6491569060078912,1560292877,13,47535,49,42,1.6526218059317626,1560289115,5,47548,49,17,1.430478683804669,1560291070,10,47450,49,8188
0,0,0,0,0,0,0,0,0,0,0,0,1.7579838791337188,1562389747,12,47588,49,8172,1.370707033337086,1556094595,5,47432,49,8131,0.7427263235434044,1549802052,4,47161,49,6
0,0,0,0,0,0,0,0,0,0,0,0,0.8410507111471521,1549804559,7,47194,49,44,1.3435769640176054,1556095265,5,47418,49,8141,14.5524874668095,1560291603,10,47488,49,8151
0,0,0,0,0,0,0,0,0,0,0,0,0.9520209759954478,1551903838,13,47242,49,71,1.538692243530718,1560289556,5,47505,49,8170,1.6763873425848366,1562388406,11,47559,49,8190
0,0,0,0,0,0,0,0,0,0,0,0,1.0120956399130572,1551904416,13,47269,49,8182,1.538692243530718,1560289556,5,47505,49,8170,0.9955722337962447,1551902192,10,47266,49,31
0,0,0,0,0,0,0,0,0,0,0,0,1.0919578623244024,1551903321,12,47302,49,8170,1.5113577024642957,1558192317,6,47493,49,8146,1.2185332602225571,1556096789,11,47360,49,8189
0,0,0,0,0,0,0,0,0,0,0,0,1.1186808364848126,1553998579,7,47312,49,44,1.2420906314513798,1556094217,4,47381,49,8122,0.5512822674873548,1562387798,9,47590,49,8190
0,0,0,0,0,0,0,0,0,0,0,0,1.181305848227613,1553998567,7,47338,49,8164,1.48249331934058,1558192197,5,47480,49,8163,0.7919898446486056,1551902401,10,47182,49,8187
0,0,0,0,0,0,0,0,0,0,0,0,1.1904849092266565,1554001206,13,47344,49,48,1.48249331934058,1558192197,5,47480,49,8163,1.346638497711707,1558194019,10,47416,49,8170
0,0,0,0,0,0,0,0,0,0,0,0,1.200582242213685,1554000759,12,47349,49,8145,1.4494464989679154,155812117,5,47468,49,8172,0.9016347216711151,1551901843,9,47227,49,16
0,0,0,0,0,0,0,0,0,0,0,0,1.1785510312603102,1554001791,13,47341,49,70,1.3667290725075332,1558191180,5,47431,49,8170,1.1088883759059065,1556096462,10,47315,49,22
0,0,0,0,0,0,0,0,0,0,0,0,1.160497779926019,1553998461,6,47334,49,6,1.3667290725075332,1558191180,5,47431,49,8170,1.6587430444083078,1562387723,10,47548,49,11
0,0,0,0,0,0,0,0,0,0,0,0,1.0997093139285528,1553997658,6,47306,49,8161,0.9054064010067004,1549803259,5,47234,49,8187,1.2752433682657947,1556097020,10,47380,49,36
0,0,0,0,0,0,0,0,0,0,0,0,0.8734841376557924,1549804278,7,47212,49,4,0.8097345919611922,1549803702,5,47196,49,50,1.112764101426966,1556096625,10,47317,49,8187
0,0,0,0,0,0,0,0,0,0,0,0,0.8493133149443568,1549806428,12,47193,49,31,1.7177953774469086,1545609108,5,47069,49,8174,0.5075265489691726,1564485134,10,47571,49,8125
0,0,0,0,0,0,0,0,0,0,0,0,0.7885230378509803,1547709983,13,47171,49,33,0.7061086795281778,1547707395,6,47148,49,8170,0.8735863686925317,1551902414,9,47214,49,8171
0,0,0,0,0,0,0,0,0,0,0,0,0.7312013728984016,1547710330,13,47149,49,37,0.7061086795281778,1547707395,6,47148,9,8170,1.4554673467840475,1558193735,10,47461,49,8182
0,0,0,0,0,0,0,0,0,0,0,0,1.7464589308614202,1562387275,7,47579,49,59,1.7969437845903953,1545609371,5,47101,49,8121,1.0598293194081367,1553999331,10,47292,49,8184
0,0,0,0,0,0,0,0,0,0,0,0,1.616007841453922,1560293088,13,47522,49,8190,1.671795942975479,1560288809,5,47560,49,8153,1.3491888511772667,1558193896,11,47415,49,8163
0,0,0,0,0,0,0,0,0,0,0,0,1.5249255304790164,1560291830,12,47487,49,45,1.3767241652148765,1558191416,4,47437,49,8166,0.7200835411621591,1549805288,10,47151,49,8182
0,0,0,0,0,0,0,0,0,0,0,0,1.3926397092482414,1558194774,12,47424,49,8165,1.5352236028499244,1560289450,5,47511,49,8157,1.012707213689977,1553999366,10,47274,49,58
0,0,0,0,0,0,0,0,0,0,0,0,1.294724228232769,1556098469,12,47384,49,8167,1.2689158395202043,1556094890,5,47394,49,8150,1.5962202694938437,1562388598,10,47521,49,8139
0,0,0,0,0,0,0,0,0,0,0,0,1.1713089173919036,1554001359,13,47338,49,8181,1.5093185339069786,1558191331,5,47493,49,36,0.7494590807143748,1547707850,10,47159,49,8162
0,0,0,0,0,0,0,0,0,0,0,0,1.101341390281634,1554000909,12,47304,49,8164,1.2524946672148554,1556094374,5,47387,49,8162,1.397840807176296,1558194204,10,47434,49,18
0,0,0,0,0,0,0,0,0,0,0,0,1.003937076290391,1551903993,13,47259,49,8164,1.5161517027103295,1560288713,5,47498,49,8153,0.5280279024856535,1562387769,10,47578,49,10
0,0,0,0,0,0,0,0,0,0,0,0,0.9557944706057173,1551904135,13,47243,49,41,1.28686685424365,1556095952,6,47402,49,8,1.1757962125360868,1558193511,10,47347,49,30
0,0,0,0,0,0,0,0,0,0,0,0,0.8541055051754595,1549804473,7,47200,49,41,1.5180886298108374,1560288664,5,47503,49,37,1.5690902005506566,1562388357,10,47507,49,8167
0,0,0,0,0,0,0,0,0,0,0,0,0.8190195046455657,1549806899,13,47184,49,8183,1.3160379475635757,1556094900,5,47412,49,8137,1.0138281268619393,1556096384,10,47279,49,8
0,0,0,0,0,0,0,0,0,0,0,0,0.7526209990925036,1547709804,13,47155,49,7,1.617229098441198,1560289354,5,47539,49,8189,1.4240526041488222,1560290799,9,47449,49,8170
0,0,0,0,0,0,0,0,0,0,0,0,0.7323240974283739,1547707444,7,47146,49,27,1.378458479653324,1558191881,5,47440,49,8099,0.9442695238632701,1553999569,10,47241,49,1
0,0,0,0,0,0,0,0,0,0,0,0,0.6885683746846718,1547710037,12,47127,49,8190,1.6744466625889292,1562386859,6,47570,49,8182,1.4350682113233766,1558193736,10,47453,49,8181
0,0,0,0,0,0,0,0,0,0,0,0,0.6863247210347203,1547707059,6,47125,49,37,1.5162539411141243,1558192003,5,47497,49,33,0.9516120497010231,1551903064,11,47249,49,44
0,0,0,0,0,0,0,0,0,0,0,0,0.6652117819819245,1547709138,12,47116,49,8189,0.6217573630321874,1547706605,5,47123,49,8191,1.455669964103539,1560291392,11,47467,4,8190
0,0,0,0,0,0,0,0,0,0,0,0,0.6782665809782489,1547710215,13,47124,49,30,1.6736306218586263,1545608919,5,47058,49,8191,1.0089337201083592,1556096807,10,47271,49,8131
0,0,0,0,0,0,0,0,0,0,0,0,0.7595564153291883,1547710042,12,47154,49,8181,0.902346711763825,1549802605,5,47236,49,8163,1.5934654339016625,1562388281,10,47524,49,39
0,0,0,0,0,0,0,0,0,0,0,0,0.8214676157031319,1549806082,12,47179,49,8,0.7720982510958516,1549803304,5,47185,49,12,1.194055765579497,1558193866,9,47344,49,8191
0,0,0,0,0,0,0,0,0,0,0,0,0.9059193707652907,1549806418,12,47215,49,33,1.2281175747671584,1556095267,6,47378,49,8176,0.6023823190453279,1547708170,10,47097,49,8171
0,0,0,0,0,0,0,0,0,0,0,0,0.985883824144306,1551904059,13,47247,49,9,1.2281175747671584,1556095267,6,47378,49,8176,1.3891710822026853,1558193816,9,47431,49,24
0,0,0,0,0,0,0,0,0,0,0,0,1.0482021399269352,1551901622,7,47276,49,8188,1.5667405836236536,1560290233,6,47522,49,14,0.714473510424758,1547707780,10,47150,49,8106
0,0,0,0,0,0,0,0,0,0,0,0,1.0874705617611482,1551903900,13,47291,49,41,1.470152344732726,1558191654,4,47477,49,8182,1.5042215414320934,1562388048,11,47479,49,63
0,0,0,0,0,0,0,0,0,0,0,0,1.1342859713248257,1554000419,12,47312,49,8,0.7288536890623347,1547707382,6,47161,49,8124,0.830442224214994,1551902460,10,47197,49,22
0,0,0,0,0,0,0,0,0,0,0,0,1.1552966770730295,1553997390,6,47322,49,8191,0.7288536890623347,1547707382,6,47161,49,8124,1.6136619604700113,1562388163,10,47526,49,8167
0,0,0,0,0,0,0,0,0,0,0,0,1.2287328259577104,1554001205,13,47354,49,8185,1.0700252238811465,1553998574,6,47316,49,8183,0.9587519275688459,1553999711,11,47251,49,13
0,0,0,0,0,0,0,0,0,0,0,0,1.269633328138493,1554000324,12,47369,49,30,1.026882912552787,1551900818,5,47291,49,8174,0.544449076745941,1547708063,10,47073,49,8150
0,0,0,0,0,0,0,0,0,0,0,0,1.3150211271079486,1556098407,12,47388,49,9,1.4880011196365688,1558192351,6,47490,49,23,1.0675789435695864,1556093834,5,47304,49,54
0,0,0,0,0,0,0,0,0,0,0,0,1.3225681080834146,1556098798,13,47394,49,25,1.4101780695216275,1558192422,5,47461,49,8170,0.7246730753918204,1547708322,11,47154,49,13
0,0,0,0,0,0,0,0,0,0,0,0,1.3596951223065978,1556098604,12,47406,49,30,0.6894830434659647,1547706611,5,47151,49,8135,14.41826669091077,1558194400,11,47396,49,8184
0,0,0,0,0,0,0,0,0,0,0,0,1.3570425350157407,1556098350,12,47408,49,8137,0.5971776178498722,1545608852,5,47112,49,8182,0.8612453824639015,1551902377,9,47207,49,8136
0,0,0,0,0,0,0,0,0,0,0,0,1.3096155584894742,1556096238,7,47385,49,8183,1.0555428317253774,1553997599,5,47306,49,8147,1.4539375043360951,1560291077,10,47460,49,8170
0,0,0,0,0,0,0,0,0,0,0,0,1.2907462671194747,1556098012,12,47378,49,7,0.9105052686842315,1551901372,6,47248,49,8164,1.0169918687474886,1553999882,10,47272,49,46
0,0,0,0,0,0,0,0,0,0,0,0,1.187629687576802,1553998508,6,47333,49,32,1.3566317394064034,1558191516,5,47434,49,8171,1.5454269044086568,1560290881,10,47499,49,8182
0,0,0,0,0,0,0,0,0,0,0,0,1.1109293829309215,1553997935,6,47301,49,8158,1.2257716909346226,1556094444,4,47381,49,8142,1.0730867457785305,1556096995,11,47306,49,8179
0,0,0,0,0,0,0,0,0,0,0,0,0.9890457440419742,1551903807,12,47248,49,6,1.6482348819243415,1560288975,5,47559,49,8191,1.6136600923230655,1560291420,11,47534,49,16
0,0,0,0,0,0,0,0,0,0,0,0,0.8911302711220535,1549806150,12,47208,49,7,1.5228826298955642,1560288870,5,47508,49,8123,1.1379572321534754,1556096573,10,47326,49,18
0,0,0,0,0,0,0,0,0,0,0,0,0.7544575296472255,1547709157,12,47147,49,13,0.754453926081511,1549803205,5,47178,49,8112,1.7199404561961407,1564485132,10,47572,49,8161
0,0,0,0,0,0,0,0,0,0,0,0,0.6686785953570021,1547706630,6,47116,49,8161,0.6245121616899818,1547706726,6,47124,49,8119,1.2540281946199268,1556096553,9,47372,49,8188
0,0,0,0,0,0,0,0,0,0,0,0,1.7285079421047718,1562386691,6,47565,49,2,1.050748834183645,1551899805,5,47305,49,27,0.5985065916182432,1547708275,10,47095,49,8153
0,0,0,0,0,0,0,0,0,0,0,0,1.5097293425617275,1558192966,6,47470,49,8135,1.3687682387660671,1558192048,5,47443,49,8161,0.7215111562251155,1549805621,11,47153,49,36
0,0,0,0,0,0,0,0,0,0,0,0,1.403348608111998,1558195466,13,47425,49,8190,1.2594300744310047,1556095375,6,47395,49,8184,1.5040152063654024,1560291082,11,47489,49,8
0,0,0,0,0,0,0,0,0,0,0,0,1.2276119170639281,1554000895,12,47348,49,11,1.6761810761207898,1545608686,5,47061,49,8188,0.8752184439888752,1551902601,10,47214,49,30
0,0,0,0,0,0,0,0,0,0,0,0,1.1069514241923473,1553998127,6,47299,49,42,1.605295209127788,1560289179,5,47540,49,1,1.6504804018723105,1560290867,11,47549,49,8141
0,0,0,0,0,0,0,0,0,0,0,0,0.9300919982797192,1549806440,12,47225,49,8180,0.8358459820653911,1549803779,5,47212,49,8183,0.9727249875329802,1551902174,10,47258,49,6
0,0,0,0,0,0,0,0,0,0,0,0,0.8534939273536977,1549804337,6,47192,49,8161,0.7450703989860481,1547706413,6,47174,49,8168,0.5814720486257796,1545611056,10,47094,49,8182
0,0,0,0,0,0,0,0,0,0,0,0,0.7728156704127177,1549806372,12,47159,49,3,1.200680795376027,1556094163,5,47371,49,8160,1.1772238211524195,1556097438,11,47349,49,8191
0,0,0,0,0,0,0,0,0,0,0,0,0.7620045263475532,1547707380,6,47153,49,51,1.6512945642078407,1562386411,5,47561,49,8166,1.4859638133711701,1560290919,10,47474,49,8187
0,0,0,0,0,0,0,0,0,0,0,0,0.7796506539454615,1549806303,12,47156,49,50,1.6512945642078407,1562386411,5,47561,49,8166,1.187627856653526,1556096638,10,47351,49,8169
0,0,0,0,0,0,0,0,0,0,0,0,0.8598177662317641,1549804248,7,47194,49,57,1.0196408001219777,1551900667,5,47290,49,26,0.7794461993185001,1551903183,11,47169,49,6
0,0,0,0,0,0,0,0,0,0,0,0,0.9701764556569432,1551903557,12,47240,49,11,1.045547733656941,1551900147,5,47300,49,8181,1.7051495126860896,1562388371,11,47573,49,1
0,0,0,0,0,0,0,0,0,0,0,0,1.1309195849886509,1553998294,6,47312,49,6,1.6549658064163653,1562386389,5,47565,49,8170,1.3137961495741404,1558194055,10,47403,49,49
0,0,0,0,0,0,0,0,0,0,0,0,1.2865638383034739,1556099012,13,47378,49,49,1.7035156188208322,1545609278,5,47073,49,4,1.0821654022131293,1556096941,11,47306,49,28
0,0,0,0,0,0,0,0,0,0,0,0,1.513502830604318,1558195526,13,47473,49,8180,1.1783447233797506,1553997714,5,47358,49,8140,0.7317107211203638,1547707986,10,47158,49,8184
0,0,0,0,0,0,0,0,0,0,0,0,1.6878119065994355,1560293177,13,47548,49,11,1.2242418484214694,1556094255,5,47380,49,8175,0.5723952053911258,1564485503,10,47600,49,32
0,0,0,0,0,0,0,0,0,0,0,0,1.0620729676425322,1551903859,12,47281,49,5,0.8842934616506893,1549803167,5,47233,49,3,1.3197110491437956,1558193416,10,47409,49,49
0,0,0,0,0,0,0,0,0,0,0,0,1.729221743211857,1562389848,12,47564,49,8149,0.5678038789017122,1545609286,5,47096,49,8178,1.0509551312099359,1556096582,10,47292,49,0
0,0,0,0,0,0,0,0,0,0,0,0,0.9730316817821575,1551904087,13,47242,49,8151,1.3496963309326293,1556094369,5,47430,49,8128,0.947225163075864,1551902391,10,47253,49,8151
0,0,0,0,0,0,0,0,0,0,0,0,0.9856793610828171,1551901461,6,47246,49,2,1.3074704582849062,1556094824,5,47412,49,8189,0.9191786276185009,1551902681,11,47232,49,27
0,0,0,0,0,0,0,0,0,0,0,0,1.5901008992059238,1560293371,13,47504,49,4,0.9196843293542154,1551900947,5,47254,49,8174,0.9321311876518079,1551902006,9,47241,49,14
0,0,0,0,0,0,0,0,0,0,0,0,0.8222836523282097,1549806794,13,47176,49,8158,1.0832844752677886,1553998435,6,47322,49,8177,0.9634436916112964,1553999870,10,47254,49,8165
0,0,0,0,0,0,0,0,0,0,0,0,1.454753542060589,1558195147,12,47447,49,64,0.7503737381597335,1549802759,5,47178,49,12,1.0055673352556214,1553999417,10,47273,49,8191
0,0,0,0,0,0,0,0,0,0,0,0,0.6883639165634184,1547709877,12,47121,49,8186,0.9214186389273757,1551900631,5,47253,49,8172,1.0228045473382412,1553999847,11,47280,49,8185
0,0,0,0,0,0,0,0,0,0,0,0,1.336643400019262,1556097592,12,47397,49,8183,0.6001350776080998,1547706444,5,47115,49,8161,1.084001945393997,1553996802,5,47304,49,8123
0,0,0,0,0,0,0,0,0,0,0,0,1.7864411556173767,1562387400,7,47587,49,9,0.8191181144924722,1549802896,4,47208,49,15,1.162639193852475,1556096843,9,47341,49,24
0,0,0,0,0,0,0,0,0,0,0,0,1.2241432951813458,1556098437,14,47348,49,43,0.6008506825968215,1545608709,5,47108,49,19,1.1881371915503072,1558193996,10,47355,49,47
0,0,0,0,0,0,0,0,0,0,0,0,1.669147087915399,1560292024,12,47537,49,8181,0.7870918081745584,1549803673,5,47194,49,30,1.3122663067254885,1558194942,11,47402,49,8178
0,0,0,0,0,0,0,0,0,0,0,0,1.1311240503565352,1554001279,13,47308,49,33,0.6008506825968215,1545608568,5,47108,49,8158,1.3976363350606726,1558193896,11,47436,49,3
0,0,0,0,0,0,0,0,0,0,0,0,1.5515462719967783,1558194893,12,47490,49,8159,0.8529809605838702,1549803934,5,47220,49,8178,1.480660483520024,1562388059,10,47470,49,8
0,0,0,0,0,0,0,0,0,0,0,0,0.9990408470986466,1551903632,12,47251,49,17,0.6526627425933619,1547706048,5,47136,49,8154,1.6414035911014184,1562388930,10,47542,49,8160
0,0,0,0,0,0,0,0,0,0,0,0,0.874811326237741,1549806685,12,47199,49,8120,0.7448659371067448,1547706597,6,47176,49,8162,0.6194150736054744,1549805127,11,47106,49,29
0,0,0,0,0,0,0,0,0,0,0,0,0.7218178446858311,1547709987,13,47139,49,3,0.8553268423577358,1549804029,6,47221,49,8169,0.7782194380597566,1551902285,10,47181,49,24
0,0,0,0,0,0,0,0,0,0,0,0,1.1460153815825596,1554001238,13,47316,49,60,1.1211252869208554,1553997885,5,47335,49,8094,0.884804622277506,1549805877,11,47224,49,58
0,0,0,0,0,0,0,0,0,0,0,0,1.7597181847129388,1562386870,6,47579,49,8191,0.9276402457289479,1551900103,5,47256,49,8142,0.9656873415889945,1551899499,5,47255,49,8187
0,0,0,0,0,0,0,0,0,0,0,0,0.9432490220139362,1549806311,12,47232,49,8187,1.2271992973839896,1556094566,5,47383,49,8143,1.01280944606655,1553999448,10,47273,49,22
0,0,0,0,0,0,0,0,0,0,0,0,1.541755652542879,1560292103,12,47484,49,42,1.0731871443075625,1553998116,5,47317,49,8164,14.284143460173253,1556096892,10,47327,49,8172
0,0,0,0,0,0,0,0,0,0,0,0,0.7201857707175231,1547706998,6,47139,49,38,1.3786610921762208,1558192954,6,47450,49,8186,1.2086385594927112,1556096507,10,47361,49,6
0,0,0,0,0,0,0,0,0,0,0,0,1.3186923828027723,1556098361,12,47391,49,8182,1.230258982205602,1556095755,6,47385,49,8162,1.2556584331864507,1558194144,10,47380,49,57
0,0,0,0,0,0,0,0,0,0,0,0,1.715248689919475,1562389634,12,47559,49,8189,1.5006469373634987,1560289017,5,47502,49,65,1.2851343882559867,1558193853,10,47395,49,8191
0,0,0,0,0,0,0,0,0,0,0,0,1.0803306829774588,1551903843,12,47288,49,8191,1.359691426324167,1556094728,5,47430,49,39,1.3583679077779367,1560290726,10,47421,49,15
0,0,0,0,0,0,0,0,0,0,0,0,1.4876981276686583,1558193038,7,47462,49,8185,1.6467050432398815,1560288592,5,47552,49,8169,1.400491547616812,1558194353,10,47440,49,11
0,0,0,0,0,0,0,0,0,0,0,0,0.8645095304178426,1549807188,12,47196,49,8174,1.497486887306207,1558192539,6,47487,49,8095,1.483720168343078,1558194360,11,47472,49,42
0,0,0,0,0,0,0,0,0,0,0,0,1.2637165879024093,1556098167,13,47370,49,6,1.779808805561374,1545608884,5,47095,49,8169,1.4872891812212041,1560291069,10,47477,49,8130
0,0,0,0,0,0,0,0,0,0,0,0,0.6454242312607729,1547709589,13,47104,49,8183,1.6415039578444235,1560289533,5,47547,49,8129,1.553485065721051,1560290939,10,47500,49,68
0,0,0,0,0,0,0,0,0,0,0,0,1.6662918803993694,1560289771,6,47535,49,8176,0.6033992289807616,1545609335,5,47109,49,3,1.6792425457988507,1564485676,11,47566,49,9
0,0,0,0,0,0,0,0,0,0,0,0,1.509627106003652,1558195393,12,47471,49,58,0.7744441339708663,1549803646,5,47184,49,8133,0.7031512181362353,1549805039,10,47152,49,8178
0,0,0,0,0,0,0,0,0,0,0,0,0.7032552459260962,1547709466,12,47129,49,4,1.076246833848089,1553998147,6,47313,49,29,0.858287924612272,1549805580,10,47207,49,8178
0,0,0,0,0,0,0,0,0,0,0,0,1.3475567713660082,1556095720,6,47403,49,8102,0.9236622914625615,1551901473,6,47249,49,8128,0.9956744662671788,1553999811,11,47268,49,8163
0,0,0,0,0,0,0,0,0,0,0,0,1.762982334894449,1562388920,11,47578,49,22,1.2263832617580375,1556095003,5,47377,49,14,1.076350899155007,1556096694,10,47309,49,18
0,0,0,0,0,0,0,0,0,0,0,0,1.1809991461594158,1554001076,12,47332,49,1,1.103683609881309,1553997526,5,47324,49,8182,1.291460074255476,1556097200,11,47392,49,8184
0,0,0,0,0,0,0,0,0,0,0,0,1.6065220739210337,1560292435,12,47512,49,8177,1.4080366664690394,1558191948,5,47452,49,8166,1.3732592394050145,1558194476,11,47430,49,7
0,0,0,0,0,0,0,0,0,0,0,0,1.0226018998387132,1551901552,6,47261,49,18,1.3017581850565063,1556095463,5,47406,49,8183,0,1562388045,10,47490,49,8154
0,0,0,0,0,0,0,0,0,0,0,0,1.4273167609015593,1558195254,12,47437,49,8149,1.6223279454408281,1560290178,6,47543,49,8151,1.5990736045625051,1562388111,10,47536,49,26
0,0,0,0,0,0,0,0,0,0,0,0,1.2609636039340224,1554000841,13,47364,49,27,1.7719551220471883,1545609672,6,47092,49,0,0.6306333393794031,1549805249,10,47119,49,15
0,0,0,0,0,0,0,0,0,0,0,0,0.6639868312826342,1547706465,6,47113,49,8187,1.6491531647188695,1560289120,5,47552,49,30,0.8217725031075317,1551902397,10,47197,49,8150
0,0,0,0,0,0,0,0,0,0,0,0,0.6639868312826342,1547706465,6,47113,49,8187,0.7537401218153399,1547705808,5,47171,49,33,0.9892465702702714,1553999921,10,47275,49,8154
0,0,0,0,0,0,0,0,0,0,0,0,1.7714475948749198,1562387045,6,47583,49,8187,0.628692779398884,1547706850,6,47125,49,8147,1.2421965503016505,1556096137,9,47371,49,6
0,0,0,0,0,0,0,0,0,0,0,0,1.7699177504353267,1562390551,13,47582,49,8190,0.9132582594139449,1551901315,6,47249,49,8173,1.5730662977332455,1562388479,11,47519,49,35
0,0,0,0,0,0,0,0,0,0,0,0,1.0707426900367423,1551901500,6,47285,49,8170,1.342658686895706,1556095391,6,47423,49,8187,0.5647441892411289,1549805107,10,47093,49,18
0,0,0,0,0,0,0,0,0,0,0,0,1.1583563641080932,1554000336,11,47322,49,34,1.7197323282177859,1545610356,6,47078,49,7,1.1177625660420374,1554000144,11,47319,49,65
0,0,0,0,0,0,0,0,0,0,0,0,1.3116547364757782,1556098443,12,47387,49,38,0.9291700916902134,1551901135,5,47253,49,8141,1.6995394793485097,1562388375,11,47574,49,79
0,0,0,0,0,0,0,0,0,0,0,0,0.9294804218550251,1549804778,7,47222,49,8190,0.9274357822051673,1551900393,5,47254,49,5,0.8606319965202894,1549805476,10,47215,49,34
0,0,0,0,0,0,0,0,0,0,0,0,0,1551904437,12,47274,49,8104,1.331643080761906,1556095925,6,47419,49,3,1.4155873522396933,1558194214,11,47446,49,8144
0,0,0,0,0,0,0,0,0,0,0,0,1.055546481331859,1551904437,12,47274,49,8104,1.7065753084826367,1562386749,5,47583,49,8137,1.6076429642114354,1560290779,10,47531,49,8151
0,0,0,0,0,0,0,0,0,0,0,0,1.196604282029801,1553998422,7,47340,49,8157,1.6963757437257212,1545608745,5,47067,49,8170,0.7114138207634673,1547708033,10,47150,49,8158
0,0,0,0,0,0,0,0,0,0,0,0,1.7567607263822214,1562387592,7,47576,49,8144,0.9142787635053299,1551901035,5,47247,49,8189,0.9299897688908966,1551902769,11,47239,49,8128
0,0,0,0,0,0,0,0,0,0,0,0,1.4045717440659895,1558195065,12,47429,49,8190,0.9509968318025098,1551901073,6,47263,49,2,1.2147579310663041,1556096854,11,47367,49,8120
0,0,0,0,0,0,0,0,0,0,0,0,0.7782212422683635,1547706768,6,47162,49,8135,1.3670339243012284,1558191669,5,47440,49,1,1.4384346063719526,1558194119,10,47454,49,8175
0,0,0,0,0,0,0,0,0,0,0,0,1.6266144968036556,1560292417,13,47524,49,8186,1.4464890510954291,1558192802,6,47469,49,8165,1.6554770079800591,1564482279,4,47558,49,34
0,0,0,0,0,0,0,0,0,0,0,0,0.9985296895031397,1551901513,6,47258,49,8176,0.6752032945633061,1547706726,5,47143,49,12,0.6675558715322862,1549805104,10,47132,49,42
0,0,0,0,0,0,0,0,0,0,0,0,0.7077425526542317,1547706924,6,47133,49,8149,0.7688341004517252,1549804027,6,47185,49,8184,1.0356566934639055,1553999684,11,47283,49,8134
0,0,0,0,0,0,0,0,0,0,0,0,1.3638757104264276,1556098084,12,47412,49,8185,1.2900287753413675,1556095167,5,47403,49,8183,1.3133872065965992,1558194499,10,47408,49,8187
0,0,0,0,0,0,0,0,0,0,0,0,1.1830383274501535,1554001376,13,47337,49,8170,1.4620941835933101,1558192798,6,47476,49,5,1.728203029335428,1564485190,10,47573,49,25
0,0,0,0,0,0,0,0,0,0,0,0,0.6872411941736172,1547710133,13,47126,49,8187,0.7760762069775299,1549803902,6,47188,49,8175,0.7808720113254991,1551902407,10,47181,49,8179
0,0,0,0,0,0,0,0,0,0,0,0,1.8153055476913753,1562387384,7,47602,49,7,0.9887354041827291,1551900909,5,47279,49,8141,1.2235298897605316,1558193964,10,47369,49,8138
0,0,0,0,0,0,0,0,0,0,0,0,1.3682626115256178,1556095987,7,47409,49,5,1.5306340773566542,1560288749,5,47510,49,8145,1.593162448502075,1562387950,10,47513,49,18
0,0,0,0,0,0,0,0,0,0,0,0,1.2765687400132613,1556098159,13,47372,49,36,0.6133943318544693,1547706475,5,47119,49,31,0.8004551042050404,1551902406,10,47189,49,8158
0,0,0,0,0,0,0,0,0,0,0,0,0.8056580190450034,1547709363,13,47173,49,51,1.1975188756653237,1556094035,5,47368,49,8137,1.1908938455284892,1558193738,10,47345,49,8144
0,0,0,0,0,0,0,0,0,0,0,0,0.752518769042091,1547707428,6,47150,49,8182,1.4941204873536742,1558191554,5,47492,49,8142,1.7080047368525624,1564485637,9,47581,49,8149
0,0,0,0,0,0,0,0,0,0,0,0,1.5014667100593009,1558195169,12,47471,49,8190,0.8913311078260759,1549803664,5,47234,49,8154,0.8483932424587323,1549805813,11,47209,49,8143
0,0,0,0,0,0,0,0,0,0,0,0,1.444553974719161,1558194699,12,47445,49,8188,1.2042516591815424,1553997233,5,47366,49,8184,1.3833565706497648,1558193312,9,47436,49,39
0,0,0,0,0,0,0,0,0,0,0,0,1.0451424515818692,1551901739,7,47273,49,44,0.6018693823072484,1545608213,5,47112,49,8147,1.6887283131083557,1564485264,10,47570,49,16
0,0,0,0,0,0,0,0,0,0,0,0,1.000775154443336,1551901672,7,47252,49,10,0.9559952934990862,1551901444,6,47264,49,16,1.0834926065334833,1556097051,10,47304,49,8171
0,0,0,0,0,0,0,0,0,0,0,0,1.7827680805282697,1562389965,13,47593,49,8148,1.6180451382386005,1560289980,6,47541,49,8154,1.4785172180613402,1560291774,11,47479,49,23
0,0,0,0,0,0,0,0,0,0,0,0,1.8263211516139626,1545612550,12,47094,49,8150,0.7766877818547921,1549804033,6,47190,49,10,14.101987364005785,,,,,
0,0,0,0,0,0,0,0,0,0,0,0,1.4498573057678907,1558196232,13,47449,49,8188,1.5079913005071912,1560289128,5,47500,49,14,1.2528032173733747,1558193910,10,47380,49,26
0,0,0,0,0,0,0,0,0,0,0,0,1.579187528985997,1560289657,6,47501,49,8168,0.8018809057878705,1549803453,5,47199,49,8181,0.7695515226447169,1551902399,10,47174,49,22
0,0,0,0,0,0,0,0,0,0,0,0,1.2638188223137137,1556097798,12,47369,49,24,1.6005012068869189,1560289565,5,47537,49,8171,1.236177573352027,1556097672,11,47375,49,27
0,0,0,0,0,0,0,0,0,0,0,0,1.4349659742868692,1558195263,13,47443,49,18,0.9282518190429421,1551900619,5,47256,49,8139,0.8059647112986136,1549805146,10,47185,49,8183
0,0,0,0,0,0,0,0,0,0,0,0,1.1949722048982092,1554001296,12,47340,49,8171,1.762469360901665,1545609646,6,47093,49,12,1.3226684977868632,1558194358,10,47415,49,8163
0,0,0,0,0,0,0,0,0,0,0,0,1.4301719740675936,1558193012,7,47442,49,22,1.148664299767199,1553998847,6,47343,49,7,0.9172398578193861,1553999749,10,47238,49,8157
0,0,0,0,0,0,0,0,0,0,0,0,1.2082314584035618,1554000762,12,47346,49,8187,0.7458864373516836,1547706334,5,47172,49,8134,1.4732138892853568,1560291061,11,47475,49,8156
0,0,0,0,0,0,0,0,0,0,0,0,1.2686128207334653,1556098070,12,47370,49,8168,0.9810861879502857,1551900266,5,47273,49,8129,1.7153490776226983,1564485322,10,47581,49,1
0,0,0,0,0,0,0,0,0,0,0,0,1.5735774876420043,1560293213,13,47500,49,6,1.664144854001619,1562386610,5,47568,49,8150,1.4350682116425502,1560291153,9,47457,49,8183
0,0,0,0,0,0,0,0,0,0,0,0,0.74996842874903,1547709551,12,47151,49,5,1.5421590079844893,1560288668,4,47516,49,17,1.0811448963338253,1554000185,11,47312,49,32
0,0,0,0,0,0,0,0,0,0,0,0,1.778383010197574,1562390055,13,47588,49,8,1.2030266787617194,1556094650,5,47369,49,8151,1.6716955783508818,1564485204,10,47562,49,8172
0,0,0,0,0,0,0,0,0,0,0,0,0.8963313812702577,1549806091,12,47212,49,8162,0.6808133249808992,1547706490,5,47145,49,8151,1.3434765765921506,1558194191,11,47420,49,84
0,0,0,0,0,0,0,0,0,0,0,0,0.8963313812702577,1549806091,12,47212,49,8162,1.497689495377718,1558191191,5,47496,49,8172,0.7100884351701761,1549805124,11,47150,49,77
0,0,0,0,0,0,0,0,0,0,0,0,0.942330753180889,1549807126,13,47233,49,8184,0.9015288506164306,1551899916,5,47245,49,8148,1.5522600750608755,1562388231,10,47509,49,17
0,0,0,0,0,0,0,0,0,0,0,0,0.942330753180889,1549807126,13,47233,49,8184,1.7458437239369995,1545609586,5,47087,49,18,0.9127525570625784,1551902356,10,47235,49,8160
0,0,0,0,0,0,0,0,0,0,0,0,0.8577767706234265,1549806460,12,47198,49,49,1.148459830519157,1553998386,6,47344,49,11,0.5393484015399436,1547707869,10,47080,49,8188
0,0,0,0,0,0,0,0,0,0,0,0,0.8577767706234265,1549806460,12,47198,49,49,0.7567998091480297,1547706367,5,47176,49,26,1.1229636680970927,1556097055,10,47326,49,1
0,0,0,0,0,0,0,0,0,0,0,0,0.7278367892340898,1547710182,12,47136,49,8152,1.3487780557007842,1556094705,5,47428,49,23,0.7452748601388655,1549805258,10,47173,49,8165
0,0,0,0,0,0,0,0,0,0,0,0,1.5946904265032964,1560292597,12,47512,49,77,0.9207048353977446,1551901268,6,47249,49,30,1.3312359857406206,1558193827,10,47420,49,8165
0,0,0,0,0,0,0,0,0,0,0,0,1.7024987620143526,1562389915,13,47559,49,8171,1.5171703500248368,1560289348,5,47505,49,8158,1.0176016182068768,1553999370,9,47287,49,3
0,0,0,0,0,0,0,0,0,0,0,0,1.3575518682088243,1556097953,12,47413,49,39,1.156925083513742,1553997979,5,47349,49,8144,1.6383420334644274,1562388317,10,47553,49,34
0,0,0,0,0,0,0,0,0,0,0,0,1.441289817318365,1558193102,7,47448,49,8153,0.5832045578819681,1545609355,5,47102,49,8147,1.3272598741047414,1558193728,10,47411,49,65
0,0,0,0,0,0,0,0,0,0,0,0,1.1231681338216317,1554001453,13,47311,49,41,1.3732555288838482,1558192472,6,47444,49,8188,0.778831012204006,1549805367,10,47188,49,25
0,0,0,0,0,0,0,0,0,0,0,0,1.2286305921150251,1554000836,13,47357,49,8129,0.851858228103838,1549803840,5,47220,49,8182,1.7413564235963424,1564485726,10,47599,49,10
0,0,0,0,0,0,0,0,0,0,0,0,0.9062242544991945,1549804134,6,47222,49,8161,1.6503762849186587,1562387054,6,47559,49,28,1.2155758088657684,1558193538,10,47362,49,8191
0,0,0,0,0,0,0,0,0,0,0,0,1.03708430378855,1551901564,7,47275,49,8180,1.0855281241883328,1553997848,5,47321,49,8134,1.0191314616841516,1553999538,10,47288,49,8191
0,0,0,0,0,0,0,0,0,0,0,0,0.8688946041394034,1549806819,12,47204,49,25,1.3538769106353064,1558191899,5,47434,49,8143,1.5080954051740745,1562388437,10,47495,49,15
0,0,0,0,0,0,0,0,0,0,0,0,1.7847068500693903,1562387559,7,47593,49,17,0.9866962229868681,1551900810,5,47274,49,8189,1.0091363620055962,1553999358,10,47283,49,53
0,0,0,0,0,0,0,0,0,0,0,0,0.7244704136408996,1547710224,13,47140,49,6,1.6052952103246887,1560288828,5,47537,49,8153,0.8661397976076114,1551902656,10,47221,49,8190
0,0,0,0,0,0,0,0,0,0,0,0,1.6575199166973156,1560292047,12,47536,49,8185,1.207616206450004,1556094546,5,47372,49,8137,1.5916307444792581,1560291372,11,47524,49,32
0,0,0,0,0,0,0,0,0,0,0,0,1.8241779177803494,1545612615,12,47102,49,8133,0.6147197174073753,1547706807,6,47121,49,8180,1.422623141630626,1560291556,10,47461,49,8166
0,0,0,0,0,0,0,0,0,0,0,0,1.7819520425473179,1562387035,6,47596,49,25,0.8630782949394892,1549803935,6,47222,49,8179,0.7405849012705589,1551902382,10,47164,49,26
0,0,0,0,0,0,0,0,0,0,0,0,1.5344112956715432,1558195170,12,47487,49,8152,1.6471121223943417,1562386163,5,47559,49,33,1.3991643230142414,1558193740,10,47451,49,2
0,0,0,0,0,0,0,0,0,0,0,0,1.7862366943622325,1562389461,12,47594,49,8128,1.0475869152722668,1551900614,5,47301,49,8102,1.192420013320763,1558193636,10,47366,49,8159
0,0,0,0,0,0,0,0,0,0,0,0,1.5604204728800297,1560292254,13,47496,49,1,0.6156379844070051,1547706388,5,47120,49,8178,0.6820400804274631,1549805229,10,47138,49,8162
0,0,0,0,0,0,0,0,0,0,0,0,0.6404257830810548,1545612230,12,47108,49,33,1.190787937313184,1553997954,5,47361,49,30,1.6838320689389488,1562388142,10,47572,49,17
0,0,0,0,0,0,0,0,0,0,0,0,1.6312040227476512,1560289919,6,47533,49,8165,0.755065503159705,1549803383,5,47177,49,8179,1.1926263239621742,1558193401,10,47356,49,8125
0,0,0,0,0,0,0,0,0,0,0,0,0.7792417391295732,1547709716,12,47166,49,4,1.3443930020300636,1556095503,6,47423,49,8150,0.9891443359845125,1556096762,10,47279,49,42
0,0,0,0,0,0,0,0,0,0,0,0,0.9446766353776597,1549805793,12,47240,49,8166,1.4924884076950222,1558192320,6,47491,49,8182,1.6510938365453842,1564485209,10,47549,49,15
0,0,0,0,0,0,0,0,0,0,0,0,0.7961722616729248,1549806153,12,47176,49,8191,1.0745125200618366,1553997832,5,47317,49,5,1.2109844406521677,1556096586,10,47368,49,8145
0,0,0,0,0,0,0,0,0,0,0,0,1.1889550654295002,1554000563,12,47341,49,8160,1.680668377120582,1562386927,6,47574,49,8153,1.1946655020229995,1558193841,10,47360,49,22
0,0,0,0,0,0,0,0,0,0,0,0,1.0703355823662832,1554000594,12,47288,49,12,1.3183838290023089,1556095592,6,47414,49,8173,0.8186105834204375,1549805998,11,47199,49,56
0,0,0,0,0,0,0,0,0,0,0,0,1.4279283284625734,1558193012,7,47446,49,37,0.6729596424707902,1547706064,5,47142,49,30,0.8412533653707984,1551903444,11,47209,49,15
0,0,0,0,0,0,0,0,0,0,0,0,1.2981910142151287,1556095426,6,47390,49,8137,1.4497532101261603,1558192346,5,47470,49,13,1.6268171031157932,1562388934,11,47547,49,8171
0,0,0,0,0,0,0,0,0,0,0,0,1.6820996253664926,1560292543,13,47554,49,8185,0.7439476701765131,1549802400,4,47174,49,8179,1.6270215818675209,1562388512,10,47545,49,8189
0,0,0,0,0,0,0,0,0,0,0,0,1.5394097718701623,1560292219,12,47489,49,21,1.4986077742256212,1558192005,6,47495,49,26,1.2357686318419512,1556096449,10,47381,49,8185
0,0,0,0,0,0,0,0,0,0,0,0,0.6842837327930701,1547709490,13,47129,49,8182,0.7852552714325036,1549804550,6,47193,49,8171,1.233831691290905,1558190857,4,47376,49,17
0,0,0,0,0,0,0,0,0,0,0,0,0.9166282824701948,1549807295,13,47227,49,18,0.7749534755215862,1549803336,5,47190,49,4,0.8922511937777183,1549805356,10,47229,49,8165
0,0,0,0,0,0,0,0,0,0,0,0,0.9166282824701948,1549807295,13,47227,49,18,1.4970779326252366,1558191503,5,47494,49,8128,0.4886572571115662,1564485136,10,47570,49,191
0,0,0,0,0,0,0,0,0,0,0,0,1.169779074044372,1553998438,6,47337,49,25,0.7689363311506243,1549803441,5,47185,49,8136,0.5878999027968895,1547707764,10,47093,49,6
0,0,0,0,0,0,0,0,0,0,0,0,1.0522805094004737,1551904015,13,47289,49,4,1.4986077742256212,1558192382,6,47495,49,2,1.435577540312714,1560291083,10,47462,49,8
0,0,0,0,0,0,0,0,0,0,0,0,1.498611499604143,1558193094,7,47473,49,8142,0.7765855509949152,1549803833,5,47190,49,8186,1.534002344611297,1560291768,11,47505,49,53
0,0,0,0,0,0,0,0,0,0,0,0,1.3741775138908994,1556099084,14,47421,49,44,1.5078890622699004,1560289201,5,47500,49,8171,1.1787536629706872,1556096622,10,47356,49,23
0,0,0,0,0,0,0,0,0,0,0,0,0,,,,,,1.5806113945387816,1560289565,5,47531,49,8169,1.0547286234933368,1553999336,9,47300,49,50
0,0,0,0,0,0,0,0,0,0,0,0,0.9252980042420162,1551903640,12,47232,49,8189,0.897041553086207,1551900429,5,47241,49,8176,1.2149624005765651,1558194040,9,47369,49,8151
0,0,0,0,0,0,0,0,0,0,0,0,0.8245273064468556,1549806255,12,47188,49,8189,1.6580254901798488,1562386759,5,47564,49,19,0.9270323125948968,1553999280,10,47240,49,8156
0,0,0,0,0,0,0,0,0,0,0,0,1.3065540326482554,1556096117,7,47398,49,8160,1.0271877843001078,1551900808,5,47293,49,8180,1.104705949329268,1556096854,11,47322,49,61
0,0,0,0,0,0,0,0,0,0,0,0,1.3065540326482554,1556096117,7,47398,49,8160,1.7890900991660301,1545609370,5,47103,49,8177,0.8972478367015106,1551902170,9,47236,49,8161
0,0,0,0,0,0,0,0,0,0,0,0,1.6994390791458955,1562386487,6,47562,49,8141,1.0675771095897872,1553998022,6,47313,49,8154,1.1384665694139233,1553999665,11,47335,49,8143
0,0,0,0,0,0,0,0,0,0,0,0,0.8499230869792265,1549804277,6,47203,49,6,1.1193909760255771,1553997844,5,47333,49,8130,1.0858366600251848,1553999927,11,47315,49,8176
0,0,0,0,0,0,0,0,0,0,0,0,0.7689399444354448,1547709143,12,47165,49,15,0.6555179729349363,1547706362,5,47137,49,32,0.8348272948533447,1551902215,10,47208,49,24
0,0,0,0,0,0,0,0,0,0,0,0,1.1738592672178598,1554001235,13,47339,49,8178,1.1107212532639261,1553997533,5,47330,49,23,0.9827200884705638,1553999286,10,47269,49,8187
0,0,0,0,0,0,0,0,0,0,0,0,1.485963813036038,1558192909,6,47471,49,30,1.126428621179608,1553998828,6,47336,49,35,0.9000026460320016,1553999560,11,47232,49,8191
0,0,0,0,0,0,0,0,0,0,0,0,1.3813173961012026,1556097870,12,47425,49,9,0.6099257242185202,1547707048,6,47120,49,8155,0.5562789266990544,1549805479,10,47090,49,6
0,0,0,0,0,0,0,0,0,0,0,0,1.8177536627960618,1545609168,6,47098,49,8172,1.0863441629508612,1553997555,5,47321,49,8138,0.7002959884419389,1547708352,11,47150,49,8132
0,0,0,0,0,0,0,0,0,0,0,0,1.7120867689695711,1562389432,12,47566,49,26,0.6069682651087303,1547705685,5,47117,49,8181,1.5989732376717751,1560291219,10,47531,49,8191
0,0,0,0,0,0,0,0,0,0,0,0,0.954162395097055,1551903625,12,47245,49,78,1.0902198875126425,1553997285,5,47323,49,10,0.5257824622902918,1547707987,10,47077,49,20
0,0,0,0,0,0,0,0,0,0,0,0,1.3937606099076996,1558195686,13,47431,49,59,1.2301567479791382,1556094560,5,47383,49,6,1.6565997670048438,1564485251,10,47558,49,8131
0,0,0,0,0,0,0,0,0,0,0,0,1.3482705760034261,1556097915,12,47413,49,25,0.8341116760288485,1549804110,6,47210,49,8140,1.456894952573645,1560291322,10,47468,49,1
0,0,0,0,0,0,0,0,0,0,0,0,0.7033574758249013,1547707027,6,47136,49,39,1.4313932445209476,1558192379,5,47466,49,6,0.5385323648572659,1564482510,4,47592,49,8164
0,0,0,0,0,0,0,0,0,0,0,0,0.657662993905367,1547709808,13,47120,49,0,1.043506722479614,1551900280,5,47301,49,8169,1.5038125928385635,1562388467,10,47488,49,30
0,0,0,0,0,0,0,0,0,0,0,0,1.2254686716848153,1554001022,13,47361,49,8186,1.6629217342057043,1562386164,5,47564,49,8166,0.6239005834509644,1549802367,4,47123,49,29
0,0,0,0,0,0,0,0,0,0,0,0,1.2001733054260624,1554000843,12,47353,49,27,1.3054294345342108,1556094651,5,47413,49,8,1.6703702157790232,1564485289,10,47559,49,2
0,0,0,0,0,0,0,0,0,0,0,0,1.7769553980789057,1562388934,12,47594,49,8140,0.7474162820525669,1547706373,6,47172,49,8174,0.8658331027984153,1549805458,11,47223,49,0
0,0,0,0,0,0,0,0,0,0,0,0,1.780117317939529,1562389503,12,47595,49,12,1.5839777971151643,1560288912,5,47527,49,16,0.7231414251048925,1551902324,10,47166,49,8147
0,0,0,0,0,0,0,0,0,0,0,0,1.1730432285878813,1554001538,13,47339,49,8164,1.052380913947761,1551900764,5,47299,49,8171,1.189464403063611,1556096567,10,47354,49,3
0,0,0,0,0,0,0,0,0,0,0,0,1.189873338108223,1556097466,12,47342,49,8170,0.7150832847509403,1547707026,6,47158,49,8167,1.0131143207265043,1553999595,10,47283,49,8181
0,0,0,0,0,0,0,0,0,0,0,0,0.6292075140577048,1547709301,12,47103,49,24,1.3583642013102504,1558191942,5,47435,49,6,1.4656669152401551,1560291016,10,47470,49,8152
0,0,0,0,0,0,0,0,0,0,0,0,0.6292075140577048,1547709301,12,47103,49,24,1.0522786802084034,1551900230,5,47300,49,57,1.3782558602916268,1558194083,11,47439,49,8188
0,0,0,0,0,0,0,0,0,0,0,0,1.4257869193153754,1558192953,6,47445,49,8182,1.47922915869524,1558192263,5,47482,49,8160,1.6851574928314181,1564482209,4,47573,49,8187
0,0,0,0,0,0,0,0,0,0,0,0,0.9000026461596712,1551903492,12,47224,49,8134,1.0485051888693964,1551900342,5,47297,49,8149,0.9445744036932029,1553999902,11,47250,49,26
0,0,0,0,0,0,0,0,0,0,0,0,1.6743481780628646,1560292433,13,47552,49,20,1.5309389244053466,1560289850,6,47511,49,18,1.2876847409524566,1558193862,10,47398,49,8175
0,0,0,0,0,0,0,0,0,0,0,0,1.7275896437917073,1562386688,6,47574,49,11,1.3205252391197622,1556095166,5,47414,49,20,1.2356682391601597,1556096605,10,47372,49,8174
0,0,0,0,0,0,0,0,0,0,0,0,1.2599430977997836,1556095965,7,47375,49,18,0.9713959630293244,1551900950,5,47269,49,8177,0.5806560112162865,1549805271,10,47098,49,30
0,0,0,0,0,0,0,0,0,0,0,0,1.2599430977997836,1556095965,7,47375,49,18,0,1549803325,5,47178,49,8176,0.5460793626530813,1545611020,10,47085,49,8170
0,0,0,0,0,0,0,0,0,0,0,0,0.9525303193427658,1551904003,13,47245,49,0,1.686889986112581,1545609601,5,47062,49,8154,1.2037441639622184,1558194026,10,47357,49,6
0,0,0,0,,0,0,0,0,0,0,0,1.092569434820126,1554001824,13,47304,49,8190,1.5560298210720465,1560289756,5,47521,49,8189,1.2380141211893643,1558193944,10,47373,49,8190
0,0,0,0,0,0,0,0,0,0,0,0,0.7023369809515841,1547710901,14,47138,49,8178,1.3501034255718931,1556094664,5,47428,49,8104,0.7858704664181441,1549805295,10,47182,49,3
0,0,0,0,0,0,0,0,0,0,0,0,0.8577767704957572,1549806796,13,47206,49,1,1.2196523235297607,1556094195,5,47371,49,8172,0.8440063600945407,1551902429,11,47212,49,8190
0,0,0,0,0,0,0,0,0,0,0,0,1.7228978995975281,1562389542,13,47572,49,58,0.9642560847492836,1551901126,6,47267,49,8188,0,1562388510,10,47556,49,38
0,0,0,0,0,0,0,0,0,0,0,0,0.689179954628596,1547709845,12,47131,49,21,0.8458410862147683,1549803988,5,47212,49,12,0.5921827546108073,1564485828,10,47609,49,64
0,0,0,0,0,0,0,0,0,0,0,0,1.556135798866377,1560290058,7,47503,49,6,0.5928929770987186,1545609077,5,47108,49,8150,1.314814812749048,1558194380,10,47412,49,8185
0,0,0,0,0,0,0,0,0,0,0,0,1.7604319924239904,152389208,12,47588,49,28,1.640176719051651,1560288230,5,47552,49,2,14.498736351414228,1560291284,10,47467,49,8122
0,0,0,0,0,0,0,0,0,0,0,0,1.423338800937973,1558194968,11,47445,49,8182,1.3787633339206147,1558191689,5,47443,49,8140,1.0984843422567272,1556096994,10,47317,49,8182
0,0,0,0,0,0,0,0,0,0,0,0,1.423338800937973,1558194968,11,47445,49,8182,1.2372966309742746,1556095015,5,47382,49,8164,1.2997226996288123,1558194624,10,47392,49,8169
0,0,0,0,0,0,0,0,0,0,0,0,1.3193039525338255,1556096219,7,47401,49,46,1.0234142942662476,1551901517,6,47287,49,8175,0.8891896895735009,1549804935,10,47233,49,2
0,0,0,0,0,0,0,0,0,0,0,0,1.5325747412238477,1560293084,13,47494,49,20,0.8329889444914034,1549804085,6,47210,49,8182,1.0666624999387777,1553999292,10,47301,49,8189
0,0,0,0,0,0,0,0,0,0,0,0,1.2498457653296797,1556097914,12,47370,49,8182,1.784907676858002,1545610000,6,47101,49,10,0.6525623134988896,1549805283,10,47128,49,6
0,0,0,0,0,0,0,0,0,0,0,0,1.4506733457224394,1558195577,12,47457,49,1,1.628040228466822,1560288962,5,47543,49,8132,0.8472705113263073,1551902185,10,47211,49,8191
0,0,0,0,0,0,0,0,0,0,0,0,1.1634552327606933,1554001127,12,47337,49,8189,1.3706047956174283,1558192329,6,47435,49,8176,1.6915835641482417,1564486155,11,47573,49,32
0,0,0,0,0,0,0,0,0,0,0,0,1.1634552327606933,1554001127,12,47337,49,8189,1.2031289158798155,1553998024,6,47365,49,8139,0.6465451630988883,1549805448,10,47123,49,8182
0,0,0,0,0,0,0,0,0,0,0,0,1.111234257815421,1554001288,12,47313,49,14,0.937942047203882,1551900650,5,47253,49,8163,1.5059539994174385,1560290927,9,47489,49,22
0,0,0,0,0,0,0,0,0,0,0,0,1.111234257815421,1554001288,12,47313,49,14,0.7838276607471555,1549804584,6,47188,49,30,1.6613937707260253,1564485365,11,47557,49,8145
0,0,0,0,0,0,0,0,0,0,0,0,1.1309195857546674,1554001041,12,47320,49,2,1.778788302466291,1545609278,5,47097,49,8163,1.353164962594593,1558194482,11,47427,49,1
0,0,0,0,0,0,0,0,0,0,0,0,1.3889666098448998,1556098306,13,47430,49,18,1.6161063406160463,1560289271,5,47540,49,8149,1.5182949732721616,1560290709,10,47496,49,8189
0,0,0,0,0,0,0,0,0,0,0,0,1.1361206877278305,1554001293,13,47325,49,8170,0.8268695690392174,1549804430,6,47206,49,8136,1.1859957787135806,1556096639,10,47354,49,8175
0,0,0,0,0,0,0,0,0,0,0,0,1.3569403005520577,1556098017,12,47416,49,8151,0.6133943341525195,1547706426,5,47115,49,6,1.397227389463859,1558193839,10,47443,49,8169
0,0,0,0,0,0,0,0,0,0,0,0,1.0385119156521574,1551901383,7,47282,49,55,1.4503647756575644,1558192156,5,47469,49,8156,1.1007261558002126,1556097065,10,47326,49,8177
0,0,0,0,0,0,0,0,0,0,0,0,1.2068038496616085,1554000631,12,47352,49,61,1.2069024047715804,1553997056,5,47368,49,8165,1.309613717783528,1558194494,10,47406,49,18
0,0,0,0,0,0,0,0,0,0,0,0,0.8523711996802071,1549801925,3,47203,49,5,0.7914768806591002,1549803925,6,47193,49,8191,0.9786398978122757,1553999192,9,47267,49,5
0,0,0,0,0,0,0,0,0,0,0,0,0.6609271414464811,1547709212,12,47120,49,40,1.369788755573008,1558191694,5,47436,49,8147,0.9131596683330364,1553999735,11,47237,49,30
0,0,0,0,0,0,0,0,0,0,0,0,0.8202426587945003,1549807610,13,47190,49,8171,1.1161268219052394,1553997624,5,47331,49,8119,1.092772072409898,1556093645,4,47316,49,37
0,0,0,0,0,0,0,0,0,0,0,0,1.6272260603715223,1560292801,13,47534,49,11,0.7466002454448144,1547706353,5,47170,49,8166,0.7981092221518977,1551902608,10,47189,49,49
0,0,0,0,0,0,0,0,0,0,0,0,1.7547197280023037,1562387533,7,47588,49,8169,1.665776936750717,1562385647,5,47566,49,8142,1.0025076476023422,1551902499,11,47273,49,43
0,0,0,0,0,0,0,0,0,0,0,0,1.3585723789908704,1556098070,12,47416,49,8160,1.3231778296677696,1556095278,5,47413,49,1,0.6939721503139059,1549805220,10,47147,49,8184
0,0,0,0,0,0,0,0,0,0,0,0,1.5117685155328338,1558195062,12,47482,49,8189,1.0706367968357287,1553997722,5,47313,49,8182,0.9694608350391116,1553999704,10,47262,49,8152
0,0,0,0,0,0,0,0,0,0,0,0,1.1286759370009192,1554000731,12,47318,49,0,0.7489461272107009,1547706005,5,47171,49,8182,0.727630534172469,1549805303,11,47161,49,28
0,0,0,0,0,0,0,0,0,0,0,0,1.268306117228254,1556098164,12,47381,49,40,1.6812799520786532,1562387462,6,47574,49,8134,0.9648713034499165,1553999650,10,47259,49,8155
0,0,0,0,0,0,0,0,0,0,0,0,0.8903142351009777,1549807062,12,47215,49,8160,1.3151196721898346,1556095113,5,47412,49,17,0.7505800065204632,1549805206,10,47168,49,8128
0,0,0,0,0,0,0,0,0,0,0,0,1.0285168142292003,1551903860,13,47276,49,8182,1.060846168165967,1551900264,5,47305,49,0,1.023416119875569,1556096825,11,47285,49,0
0,0,0,0,0,0,0,0,0,0,0,0,0.6476678860947777,1547709527,13,47114,49,8164,0.6577616257008279,1547707377,6,47137,49,8160,0.8069815942404522,1551902452,10,47199,49,8189
0,0,0,0,0,0,0,0,0,0,0,0,0.7921943050991672,1549806368,12,47177,49,8165,1.5926475225741743,1560289242,5,47531,49,8176,1.1033805735016518,1556096735,11,47317,49,8176
0,0,0,0,0,0,0,0,0,0,0,0,1.6204951297262122,1560290155,6,47528,49,4,1.156211280689758,1553998358,5,47346,49,8186,0.9242775037873098,1551902428,10,47241,49,40
0,0,0,0,0,0,0,0,0,0,0,0,1.6204951297262122,1560290155,6,47528,49,4,0.8600186080598894,1549802891,4,47218,49,8130,1.1812017800519965,1556096572,10,47354,49,17
0,0,0,0,0,0,0,0,0,0,0,0,1.373973042405277,1556098660,13,47425,49,44,1.6232462250065054,1560289876,6,47543,49,1,0.9638508006027617,1553999356,10,47261,49,16
0,0,0,0,0,0,0,0,0,0,0,0,1.504730869397344,1558196017,13,47479,49,50,1.3235849232641805,1556095363,5,47417,49,8121,1.2266918104752285,1556097295,11,47372,49,16
0,0,0,0,0,0,0,0,0,0,0,0,1.079207948058045,1554000668,12,47299,49,29,0.8975527164417405,1549803337,5,47234,49,8099,0.9711933206452665,1553999664,11,47269,49,8188
0,0,0,0,0,0,0,0,0,0,0,0,1.2035396947600783,1556097802,12,47352,49,7,0.5972798493869311,1545609840,6,47106,49,8187,1.2665718034795699,1558194244,10,47389,49,22
0,0,0,0,0,0,0,0,0,0,0,0,0.7711835968190969,1549806818,12,47167,49,3,1.3276651204940302,1556095304,5,47417,49,11,1.0602364259492865,1553999424,10,47300,49,8151
0,0,0,0,0,0,0,0,0,0,0,0,0.9026552214645736,1549804224,6,47222,49,8180,0.9752716873756636,1551900884,5,47272,49,8176,1.3030854033211656,1556096801,11,47407,49,6
0,0,0,0,0,0,0,0,0,0,0,0,1.6751642183813393,1560291771,12,47552,49,51,1.6511923265572148,1560289098,5,47557,49,8172,1.0682945767095664,1556096420,10,47301,49,15
0,0,0,0,0,0,0,0,0,0,0,0,1.8075540965293482,1545612780,13,47094,49,33,1.3143036327893127,1556094828,5,47412,49,8133,1.3187927733593272,1560290698,10,47413,49,8191
0,0,0,0,0,0,0,0,0,0,0,0,1.4898395375395608,1558195581,13,47474,49,8164,1.6047840133272264,1560290090,6,47540,49,8134,1.347963868294823,1558194348,10,47423,49,21
0,0,0,0,0,0,0,0,0,0,0,0,1.05666739888287,1551903581,12,47289,49,53,1.061355504493366,1553997616,5,47308,49,8188,1.110111518367499,1553999975,10,47321,49,8169
0,0,0,0,0,0,0,0,0,0,0,0,1.1573358593435061,1554000555,12,47334,49,8182,0.7574113859150295,1547706183,5,47176,49,22,1.3572451599673252,1558194262,11,47426,49,8190
0,0,0,0,0,0,0,0,0,0,0,0,0.6897915339070998,1547707481,7,47134,49,31,1.5056454204728218,1558191127,5,47496,49,4,1.1343863762893365,1554000121,11,47331,49,24
0,0,0,0,0,0,0,0,0,0,0,0,1.5625618806922628,1560292491,13,47505,49,21,0.9181544893143165,1551900042,5,47248,49,8171,1.2299559665022124,1556096497,10,47370,49,8161
0,0,0,0,0,0,0,0,0,0,0,0,1.7000506411692482,1562389826,12,47565,49,10,0.7613893427386115,1547705640,5,47177,49,8164,1.5563402749494897,1560291112,10,47506,49,0
0,0,0,0,0,0,0,0,0,0,0,0,1.5281896899606875,1560292114,12,47490,49,8174,1.5111532240184886,1560288729,5,47498,49,8137,0.6191083878358827,1549805505,11,47111,49,8143
0,0,0,0,0,0,0,0,0,0,0,0,1.3967180592980935,1558195260,12,47435,49,8130,1.1878304875384784,1553998086,5,47356,49,8172,0.967523881613509,1553999499,11,47255,49,6
0,0,0,0,0,0,0,0,0,0,0,0,1.0840019451067409,1551903541,12,47301,49,28,0.9221324473181578,1551900692,5,47249,49,3,0.9370274150263864,1553999648,11,47242,49,81
0,0,0,0,0,0,0,0,0,0,0,0,1.2762620372185778,1556098574,12,47384,49,41,0.8269718001495648,1549804886,6,47206,49,8185,1.3479638684224924,1558194616,12,47421,49,37
0,0,0,0,0,0,0,0,0,0,0,0,0.9801715610959608,1551905023,14,47255,49,2,0.6514377878398953,1547705875,5,47135,49,8152,1.3885576646255304,1558194075,10,47439,49,8165
0,0,0,0,0,0,0,0,0,0,0,0,1.1878323253082403,1554000913,12,47347,49,8170,1.7644063134443162,1545608867,5,47095,49,8136,0.5278216600863672,1547708049,10,47078,49,79
0,0,0,0,0,0,0,0,0,0,0,0,0.9346815325343801,1551903625,12,47237,49,8177,1.5649040249349442,1560290043,6,47523,49,8186,0.5575020867206611,1547708016,10,47091,49,8188
0,0,0,0,0,0,0,0,0,0,0,0,1.1214338243443476,1553998114,6,47318,49,8159,1.454954300813287,1558192734,6,47473,49,8155,1.0030169880159956,1556096570,11,47275,49,41
0,0,0,0,0,0,0,0,0,0,0,0,0.8952086509014584,1549806873,13,47224,49,8171,1.3008399087994738,1556095209,5,47408,49,8188,1.0578905440796686,1554000030,10,47297,49,16
0,0,0,0,0,0,0,0,0,0,0,0,1.1340815063732579,1554001534,12,47322,49,53,0.9863895242042151,1551901254,6,47275,49,8128,1.0885896457381405,1556097060,10,47316,49,8188
0,0,0,0,0,0,0,0,0,0,0,0,1.4343544081541566,1558195697,13,47450,49,8169,0.9118306496819699,1551900323,5,47246,49,8154,1.6130485296076225,1562388232,10,47534,49,45
0,0,0,0,0,0,0,0,0,0,0,0,1.2621867451391022,1556097936,12,47378,49,8190,0.8141196587065017,1549804049,6,47204,49,15,0.5331267926082165,,,,,21
0,0,0,0,0,0,0,0,0,0,0,0,1.5500164305948148,1560292586,13,47500,49,8160,0.7642445689912982,1549803417,5,47181,49,15,1.06197073586441,1553999593,10,47297,49,8184
0,0,0,0,0,0,0,0,0,0,0,0,1.3795830817919161,1556098382,13,47427,49,8151,0.643176988354675,1547706667,5,47128,49,4,1.2065993813503728,1558193792,10,47359,49,15
0,0,0,0,0,0,0,0,0,0,0,0,1.6283488161635225,1560290018,6,47532,49,8183,1.7895994398152653,1545609549,6,47104,49,8172,1.7007626283509731,1564485960,10,47578,49,15
0,0,0,0,0,0,0,0,0,0,0,0,1.67608249769021,1560292630,13,47552,49,32,1.5071752620596757,1558191731,5,47497,49,16,1.0687016821526658,1556096444,10,47303,49,20
0,0,0,0,0,0,0,0,0,0,0,0,1.635998025463069,1560292505,12,47537,49,5,1.2114919318926363,1556095530,6,47372,49,8164,1.62814246657399,1562387953,10,47546,49,6
0,0,0,0,0,0,0,0,0,0,0,0,1.3661193571020698,1558195547,13,47423,49,8187,1.0156628435086403,1551900875,5,47284,49,12,1.6884215936089937,1564485665,11,47571,49,32
0,0,0,0,0,0,0,0,0,0,0,0,1.5860207010641019,1560292488,13,47515,49,8141,0.8961251046954569,1549803351,5,47232,49,8139,0.9737454897421044,1551902071,10,47258,49,8182
0,0,0,0,0,0,0,0,0,0,0,0,1.293090309065084,1556098348,12,47395,49,8,0.6548041669827088,1547706101,5,47134,49,8167,1.0149508631649768,1554000113,11,47278,49,8186
0,0,0,0,0,0,0,0,0,0,0,0,1.505240197326479,1558195262,12,47483,49,9,1.7190185232388324,1545609426,5,47076,49,4,1.443533463076383,1558194151,11,47460,49,32
0,0,0,0,0,0,0,0,0,0,0,0,1.2237343595670527,1556097734,12,47363,49,17,1.5031973001105743,1558192063,6,47496,49,8183,1.5009555220801132,1558193787,11,47489,49,8167
0,0,0,0,0,0,0,0,0,0,0,0,1.2237343595670527,1556097734,12,47363,49,17,1.3611190311353538,1558191822,5,47433,49,15,0.7364024849074754,1547708241,11,47161,49,22
0,0,0,0,0,0,0,0,0,0,0,0,1.1087861424819536,1553997860,6,47314,49,77,1.1555997115669672,1553998779,6,47344,49,2,0.7116164782914376,1549804940,9,47156,49,8157
0,0,0,0,0,0,0,0,0,0,0,0,1.3264438340766465,1556099408,14,47404,49,8176,0.9912857542315237,1551901026,5,47275,49,8183,1.182936092595117,1556096768,10,47351,49,8167
0,0,0,0,0,0,0,0,0,0,0,0,0.9845566295629434,1551899350,3,47260,49,8153,0.7604710742551903,1549803456,5,47178,49,8151,1.2057833425042568,1558193832,10,47359,49,8156
0,0,0,0,0,0,0,0,0,0,0,0,1.1683514646092656,1554001100,13,47338,49,8165,0.6102324147953353,1547706296,5,47115,49,19,1.604785887514927,1562388307,10,47535,49,8165
0,0,0,0,0,0,0,0,0,0,0,0,0.7986203743617536,1549806826,13,47183,49,46,1.6170246200717449,1560289253,5,47540,49,13,1.640689789824693,1562388449,11,47544,49,39
0,0,0,0,0,0,0,0,0,0,0,0,0.9392710654145082,1551901412,7,47244,49,8182,1.494834290426409,1558193008,6,47490,49,8144,0.7923969592023293,1551902645,10,47189,49,8134
0,0,0,0,0,0,0,0,0,0,0,0,1.7769553988768372,1562387003,6,47599,49,46,1.3276651204940302,1556094895,5,47417,49,31,0.8415582470313415,1551903096,11,7211,49,30
0,0,0,0,0,0,0,0,0,0,0,0,0.7289577206923813,1547710476,13,47154,49,11,1.1929293494039501,1553997937,5,47362,49,8141,1.2909488977773744,1558193829,10,47397,49,6
0,0,0,0,0,0,0,0,0,0,0,0,0,1558191610,6,47497,49,39,1.0163766485217456,1551900919,5,47285,49,8153,1.3624481046465415,1558194365,12,47424,49,38
0,0,0,0,0,0,0,0,0,0,0,0,1.700968921269123,1562387222,6,47568,49,8189,0.9020400153812336,1549803401,5,47238,49,10,0.5941179288748291,1547707861,10,47109,49,8171
0,0,0,0,0,0,0,0,0,0,0,0,1.327973677356878,1556093121,3,47409,49,10,0.745784207969742,1547706307,5,47170,49,8151,0.7210018079278744,1549805853,10,47153,49,8181
0,0,0,0,0,0,0,0,0,0,0,0,1.4988159750030812,1558196019,13,47478,49,8182,0.612476066860436,1547705964,5,47117,49,1,1.1947677368700567,1556096760,10,47356,49,8142
0,0,0,0,0,0,0,0,0,0,0,0,0.8751162131450309,1549806630,13,47217,49,4,1.3562227935103213,1558191702,5,47433,49,8136,0.753946385801548,1551902201,10,47166,49,8148
0,0,0,0,0,0,0,0,0,0,0,0,1.0066900705407185,1551903955,12,47271,49,8150,1.2152654202060569,1556094860,5,47375,49,8131,1.237298475327205,1558193800,10,47379,49,8134
0,0,0,0,0,0,0,0,0,0,0,0,1.7892963836813172,1545611905,12,47094,49,15,1.0234142938194046,1551901327,6,47288,49,43,1.382540531162874,1558194354,11,47435,49,8148
0,0,0,0,0,0,0,0,0,0,0,0,0.7181465770227188,1547707409,7,47148,49,13,0.8267673366820062,1549803814,5,47208,49,8182,0.6317542667496372,1549805343,10,47124,49,11
0,0,0,0,0,0,0,0,0,0,0,0,1.5686812490019892,1560292477,13,47513,49,8102,1.5430772887741542,1560289822,6,47513,49,18,1.2445405917684746,1558194261,11,47380,49,8149
0,0,0,0,0,0,0,0,0,0,0,0,1.12867593771906,1553998491,6,47323,49,8159,1.3108350018509531,1556095470,5,47414,49,8139,1.3758077419814994,1560291518,11,47437,49,55
0,0,0,0,0,0,0,0,0,0,0,0,1.243419689224639,1556098880,13,47374,49,8183,1.1082731380556379,1553997524,5,47328,49,8167,0.6602133338088312,1547707919,10,47125,49,8146
0,0,0,0,0,0,0,0,0,0,0,0,0.8017822938177886,1549804192,7,47184,49,8170,0.9000008303490296,1549803334,5,47234,49,8139,0.7602684199263504,1551902178,10,47176,49,8185
0,0,0,0,0,0,0,0,0,0,0,0,0.9024507595062828,1551903556,12,47229,49,4,0.7441521330029425,1547706435,5,47170,49,8157,1.2484163164888182,1558194038,10,47382,49,29
0,0,0,0,0,0,0,0,0,0,0,0,1.6361002644850409,1562389400,12,47540,49,8167,1.6860739475432218,1545609687,5,47063,49,6,1.404980689733517,1560291003,10,47437,49,1
0,0,0,0,0,0,0,0,0,0,0,0,1.7175945403864075,1562390291,13,47573,49,5,1.5373650067850702,1560289091,5,47513,49,3,0.6349161864311923,1549804877,10,47123,49,23
0,0,0,0,0,0,0,0,0,0,0,0,1.1814080832356109,1554001188,13,47342,49,8191,1.246068589883324,1556094761,5,47385,49,8133,0.7303853358851059,1549805915,11,47155,49,30
0,0,0,0,0,0,0,0,0,0,0,0,1.2137392618978626,1556098260,13,47361,49,9,1.057786481771375,1553996951,5,47303,49,8189,1.1398941789295063,1554000312,11,47332,49,38
0,0,0,0,0,0,0,0,0,0,0,0,0.6234952577789501,1547710285,13,47108,49,1,0.7233458884135225,1547705953,5,47158,49,8171,1.0997093144392305,1556096841,10,47310,49,8178
0,0,0,0,0,0,0,0,0,0,0,0,1.8079612078545635,1547709242,12,47103,49,13,1.673121302814482,1562385740,5,47566,49,14,1.5230889753395336,1560291625,11,47495,49,8161
0,0,0,0,0,0,0,0,0,0,0,0,1.1576425610571726,1553998482,6,47335,49,8177,0.9903674826202005,1551900432,5,47276,49,8168,0.6300217607087569,1549805127,10,47115,49,8130
0,0,0,0,0,0,0,0,0,0,0,0,1.706578965226874,1562387298,7,47569,49,25,1.7915382143349547,1545609212,5,47101,49,8160,0.6413440486550666,1547708708,10,47116,49,18
0,0,0,0,0,0,0,0,0,0,0,0,1.6969909582702645,1562386957,6,47567,49,64,1.4878988834649032,1558191895,5,47486,49,8187,0.9840454675051543,1554000262,11,47268,49,8158
0,0,0,0,0,0,0,0,0,0,0,0,1.104401078673185,1554001588,13,47313,49,31,1.051462641198174,1551900886,6,47301,49,8169,0.9718048940762186,1553999475,9,47268,49,8170
0,0,0,0,0,0,0,0,0,0,0,0,1.1175580990276275,1554000965,11,47320,49,8188,0.7550655041810607,1547706594,6,47175,49,8182,1.3681585302972175,1558190381,4,47430,49,8187
0,0,0,0,0,0,0,0,0,0,0,0,1.7204497671132886,1562387357,6,47577,49,8120,1.5087051036250196,1560289004,5,47498,49,30,1.3310315139385314,1558190849,4,47418,49,17
0,0,0,0,0,0,0,0,0,0,0,0,1.7493141577229006,1562389930,13,47590,49,21,1.2061886006771487,1556094511,5,47368,49,3,1.6806701476875499,1564485061,10,47566,49,8178
0,0,0,0,0,0,0,0,0,0,0,0,1.1880367938588565,1553998511,7,47349,49,8182,0.7493532413042574,1547705602,5,47175,49,8175,1.6773037452871173,1562387484,10,47567,49,8170
0,0,0,0,0,0,0,0,0,0,0,0,1.204662436605559,1554001151,13,47354,49,8169,1.655577368746283,1562386179,5,47563,49,8181,0.8695061803385652,1553999566,10,47215,49,19
0,0,0,0,0,0,0,0,0,0,0,0,1.8222409641963584,1547709276,12,47107,49,6,1.1999669940552824,1553997493,5,47366,49,8108,0.8533898882911524,1551902434,10,47213,49,8190
0,0,0,0,0,0,0,0,0,0,0,0,1.8222409641963584,1547709276,12,47107,49,6,0.9074455838563716,1549802721,5,47242,49,38,1.2941108189590333,1556096937,11,47396,49,27
0,0,0,0,0,0,0,0,0,0,0,0,1.2827903497415436,1556095834,7,47388,49,6,1.6495602448385016,1562386478,6,47558,49,8145,1.336948262009782,1560290719,10,47416,49,4
0,0,0,0,0,0,0,0,0,0,0,0,1.3359295983088704,1556098108,12,47411,49,8181,1.3623421609769184,1558191744,5,47438,49,8158,0.5297604183395115,1547707949,10,47074,49,1
0,0,0,0,0,0,0,0,0,0,0,0,0.8531872373956848,1549804411,6,47208,49,6,0.9526289083915559,1551901038,6,47263,49,8179,0.5761669125603711,1547707707,10,47099,49,31
0,0,0,0,0,0,0,0,0,0,0,0,0.9166282833479222,1551900870,6,47238,49,64,0.7151855141929099,1547706633,5,47159,49,15,1.0726814662227564,1556096938,10,47295,49,51
0,0,0,0,0,0,0,0,0,0,0,0,0,1562389308,13,47549,49,26,1.5407314064816315,1560289584,5,47513,49,9,1.1476456293027393,1553999845,11,47336,49,3
0,0,0,0,0,0,0,0,0,0,0,0,1.7705293277668541,1562386677,6,47602,49,6,1.3442907658160859,1556095178,5,47423,49,56,1.6484412371491355,1564485279,11,47546,49,23
0,0,0,0,0,0,0,0,0,0,0,0,1.3623458688967944,1558194959,12,47428,49,21,1.0020968906676568,1551900812,5,47282,49,8114,0.5768825129858615,1547708794,11,47092,49,35
0,0,0,0,0,0,0,0,0,0,0,0,1.509320396827583,1560291730,12,47491,49,3,0.779747471047693,1549803864,6,47190,49,8167,1.0612551026029822,1553999470,10,47303,49,8166
0,0,0,0,0,0,0,0,0,0,0,0,1.1523392265186767,1554000971,12,47335,49,35,1.7033111565268386,1545609377,5,47071,49,8162,1.252598747253244,1558193869,10,47379,49,17
0,0,0,0,0,0,0,0,0,0,0,0,1.3117569745447315,1556099159,13,47404,49,8155,1.5328777211718108,1560289465,5,47510,49,10,0.6011573692209347,1547708780,11,47102,49,8182
0,0,0,0,0,0,0,0,0,0,0,0,1.0099542237131476,1551901486,6,47275,49,23,1.3221573170805472,1556094272,5,47416,49,8157,0.8097364012528359,1551902687,10,47193,49,45
0,0,0,0,0,0,0,0,0,0,0,0,1.0099542237131476,1551901486,6,47275,49,23,1.202721817054167,1553998407,6,47363,49,8181,1.479435495483989,1560291665,10,47475,49,2
0,0,0,0,0,0,0,0,0,0,0,0,0.9844543973438707,1551904079,12,47269,49,7,1.0492189927973115,1551900638,5,47300,49,8146,1.7599208345896997,1564485785,10,47597,49,8168
0,0,0,0,0,0,0,0,0,0,0,0,1.237198082365454,1556095558,6,47375,49,21,0.9100963395911771,1551900647,5,47248,49,18,1.1605981786183024,1556096653,10,47345,49,8148
0,0,0,0,0,0,0,0,0,0,0,0,1.0549330899762794,1554001875,14,47298,49,8150,0.867056252950602,1549804055,6,47222,49,12,1.5385918708196349,1562388524,11,47503,49,8179
0,0,0,0,0,0,0,0,0,0,0,0,1.3700973181314224,1558195782,13,47432,49,8170,0.8394150142654736,1549803937,5,47213,49,8126,1.0097479352589533,1556096728,11,47280,49,8
0,0,0,0,0,0,0,0,0,0,0,0,1.5884688222734742,1560292820,13,47523,49,8151,0.7687318690485577,1549802932,5,47186,49,8186,0.982515623795783,1553999995,11,47267,49,8190
0,0,0,0,0,0,0,0,0,0,0,0,1.5250277688633365,1560292141,12,47497,49,56,0.7953526048507085,1549803837,5,47197,49,8160,1.4627076096724958,1560291320,11,47471,49,8157
0,0,0,0,0,0,0,0,0,0,0,0,0.7031530186903044,1547706555,6,47147,49,17,0.822993842295257,1549803560,5,47206,49,13,0.9598728429510855,1553999548,10,47257,49,8152
0,0,0,0,0,0,0,0,0,0,0,0,0.7026418701918664,1547709352,12,47152,49,57,0.8821520453610321,1549803157,5,47226,49,3,1.5640917230094222,1562389276,11,47509,49,8187
0,0,0,0,0,0,0,0,0,0,0,0,1.098179471498987,1553998639,7,47314,49,8180,0.8996941331286074,1549803910,6,47238,49,8188,1.106133559426293,1556097036,10,47319,49,19
0,0,0,0,0,0,0,0,0,0,0,0,1.147238526873061,1554002298,13,47337,49,8155,0.9393696566090702,1551900610,5,47257,49,35,1.683220509166858,1564485342,11,47565,49,35
0,0,0,0,0,0,0,0,0,0,0,0,1.597036310343811,1560290029,6,47527,49,8171,1.0062793159663341,1551900264,5,47281,49,8180,1.3087976787125999,1556097051,11,47404,49,8170
0,0,0,0,0,0,0,0,0,0,0,0,1.6483389980438927,1560292294,12,47553,49,2,1.0571730761038518,1553997945,5,47310,49,8178,0.7280376513388654,1549805979,10,47162,49,30
0,0,0,0,0,0,0,0,0,0,0,0,0.8979634586349826,1551903736,12,47230,49,8159,1.1442774015319246,1553997811,5,47344,49,8095,1.5275743949593708,1560291269,10,47507,49,8144
0,0,0,0,0,0,0,0,0,0,0,0,0.9766007132209104,1551903774,12,47267,49,4,1.2286269062340887,1556094772,5,47381,49,14,1.0092385956998222,1554000219,11,47277,49,8173
0,0,0,0,0,0,0,0,0,0,0,0,1.454141979164694,1558192317,6,47465,49,40,1.346432174333865,1556095108,5,47426,49,8158,0.6418533993117768,1547707831,10,47119,49,8185
0,0,0,0,0,0,0,0,0,0,0,0,1.537470981146121,1560292235,12,47504,49,21,1.4547498240708856,1558192181,5,47476,49,30,1.2752415278072207,1558193872,10,47389,49,8165
0,0,0,0,0,0,0,0,0,0,0,0,0.8095337476179896,1549806437,12,47193,49,8182,1.532571003477018,1560289592,5,47513,49,46,0.9554877756522717,1553999544,10,47252,49,8162
0,0,0,0,0,0,0,0,0,0,0,0,0.9331516894321218,1551903794,12,47245,49,2,1.6656746955895096,1545608567,5,47056,49,8139,1.6884234705572656,1564485298,10,47562,49,8190
0,0,0,0,0,0,0,0,0,0,0,0,1.5343090591065123,1560292510,12,47503,49,8169,0.742315595647528,1547706121,5,47173,49,1,0.9164238199651363,1551903720,12,47235,49,8144
0,0,0,0,0,0,0,0,0,0,0,0,0.8228952329344191,1549804258,6,47198,49,7,0.8616506833493274,1549804147,6,47219,49,8169,0.6217609556665963,1549805013,10,47108,49,49
0,0,0,0,0,0,0,0,0,0,0,0,0.9758869075520833,1551901649,7,47266,49,8127,1.041365309003224,1551900377,5,47297,49,8126,1.4411857227226361,1560291614,11,47466,49,9
0,0,0,0,0,0,0,0,0,0,0,0,1.748498119961209,1562389752,12,47595,49,8155,1.4021199113671177,1558192555,6,47456,49,38,0.8866393446773114,1551902895,10,47231,49,8186
0,0,0,0,0,0,0,0,0,0,0,0,1.1216382922538344,1554002045,13,47325,49,8159,1.6349756343306563,1560288989,5,47547,49,6,0.672247635510902,1549805613,10,47133,49,8190
0,0,0,0,0,0,0,0,0,0,0,0,1.379378609713041,1558195328,13,47438,49,4,0.717838087822994,1547706878,5,47155,49,15,1.6321204295999356,1562389292,11,47546,49,8168
0,0,0,0,0,0,0,0,0,0,0,0,1.0318832009813377,1551904473,13,47285,49,35,1.2031289158798155,1553997434,5,47365,49,8095,1.2808497201097797,1556096956,11,47398,49,8152
0,0,0,0,0,0,0,0,0,0,0,0,1.6106004082216427,1560292666,13,47539,49,15,1.4423066148605397,1558193086,6,47468,49,21,1.1732458614007857,1556097244,10,47349,49,8177
0,0,0,0,0,0,0,0,0,0,0,0,0.7245726457478951,1547709649,13,47154,49,8131,1.7929658257652537,1545610101,6,47102,49,18,0.9574265472571576,1553996611,5,47250,49,8159
0,0,0,0,0,0,0,0,0,0,0,0,1.327362110083803,1556098126,12,47412,49,6,0.77036394577152,1549804531,7,47184,49,8178,0.7910715765031476,1551902907,10,47185,49,8169
0,0,0,0,0,0,0,0,0,0,0,0,1.616822013631357,1560289423,6,47542,49,8139,1.0800203241226956,1553998300,6,47316,49,8190,0.609113280395137,1549805210,10,47105,49,8167
0,0,0,0,0,0,0,0,0,0,0,0,0.9687470291562333,1551901567,7,47264,49,3,1.3072659879384967,1556094297,4,47408,49,8177,1.653133001191586,1564485508,10,47549,49,23
0,0,0,0,0,0,0,0,0,0,0,0,1.2175127524507963,1556097764,12,47369,49,79,1.5726554714995655,1560289514,5,47526,49,8170,1.3925337694347495,1560292047,11,47448,49,33
0,0,0,0,0,0,0,0,0,0,0,0,1.2175127524507963,1556097764,12,47369,49,79,1.7775633330216118,1545609291,5,47101,49,18,1.215267264543079,1556097186,10,47370,49,8188
0,0,0,0,0,0,0,0,0,0,0,0,0.7952539943753756,1549807468,13,47189,49,34,0.8765420127540007,1549804148,6,47223,49,8141,0.906834009797846,1551899049,4,47242,49,30
0,0,0,0,0,0,0,0,0,0,0,0,1.3741775154229323,1558195104,13,47433,49,21,1.061048802142848,1553997915,5,47310,49,8174,0.7774033999380158,1549805589,11,47183,49,5
0,0,0,0,0,0,0,0,0,0,0,0,1.627023453006693,1560289875,6,47538,49,8177,1.3655040836118797,1558192138,5,47437,49,34,1.667511256789297,1562388340,10,47568,49,8179
0,0,0,0,0,0,0,0,0,0,0,0,0.9437583655940215,1551904231,13,47253,49,27,1.5516447758414966,1560289535,5,47516,49,11,1.4819839911891741,1560292022,12,47483,49,26
0,0,0,0,0,0,0,0,0,0,0,0,1.200480008961471,1556097787,12,47360,49,24,0.658782123710197,1547705724,5,47134,49,18,1.2085381620360762,1556096627,10,47356,49,38
0,0,0,0,0,0,0,0,0,0,0,0,1.7454384317717213,1562390561,13,47593,49,28,0.9018355510040299,1549803652,5,47239,49,14,0.9688474395735829,1553999596,10,47266,49,6
0,0,0,0,0,0,0,0,0,0,0,0,0.7925009965094197,1549807339,13,47184,49,29,1.2146538533275726,1556095301,6,47372,49,8180,0.7254891124599343,1547708484,11,47156,49,8157
0,0,0,0,0,0,0,0,0,0,0,0,1.3599999869473833,1558195721,13,47428,49,44,1.4627057484193962,1558192271,5,47476,49,8134,1.7368691255613404,1564485836,11,47592,49,0
0,0,0,0,0,0,0,0,0,0,0,0,1.5786763401524002,1560289719,6,47524,49,21,0.5976869698851294,1545609139,5,47109,49,1,1.4531196068532812,,10,47470,49,8149
0,0,0,0,0,0,0,0,0,0,0,0,1.1747775409058105,1553998405,6,47348,49,8171,1.1919088400219446,1553997693,5,47363,49,8170,1.0269851464034887,1554000275,10,47288,49,8180
0,0,0,0,0,0,0,0,0,0,0,0,1.6857708699675553,1562387177,7,47570,49,39,1.3967143474363979,1558192970,6,47451,49,13,0.8179990073166863,1551902554,11,47193,49,8177
0,0,0,0,0,0,0,0,0,0,0,0,0.7184532658729575,1547710120,13,47150,49,8151,1.7835822986059533,1545609849,5,47098,49,8152,0.604114830630605,1547708852,11,47106,49,2
0,0,0,0,0,0,0,0,0,0,0,0,1.2441334933867618,1556098704,13,47380,49,63,0.7907630744289869,1549804148,6,47192,49,8168,1.625796584744269,1564485888,10,47545,49,8177
0,0,0,0,0,0,0,0,0,0,0,0,1.4292536968843252,1558192924,6,47461,49,6,1.1788540595746486,1553998165,5,47355,49,27,1.492285796530574,1560291450,10,47486,49,8184
0,0,0,0,0,0,0,0,0,0,0,0,0.7809742413159202,1549807149,13,47185,49,45,1.4099735975265675,1558191735,5,47457,49,8159,1.3806017426799018,1558194154,10,47437,49,8162
0,0,0,0,0,0,0,0,0,0,0,0,0.9882278903950209,1551904034,13,47273,49,8170,0.5970753915292156,1545608951,5,47107,49,8119,1.1958886410159695,1558194343,10,47360,49,1
0,0,0,0,0,0,0,0,0,0,0,0,1.5319631770932662,1560292440,12,47502,49,8175,0.8528787314645512,1549803609,5,47215,49,8170,1.1458090829786445,1556096768,10,47339,49,52
0,0,0,0,0,0,0,0,0,0,0,0,1.7243254936525092,1562387334,6,47584,49,8160,1.2257716940944414,1556095408,6,47375,49,8161,1.056767805750562,1553999887,10,47300,49,9
0,0,0,0,0,0,0,0,0,0,0,0,1.025150429327549,1551903707,12,47287,49,41,1.4860623273157236,1558191627,5,47487,49,8185,0.950693779603409,1553999729,11,47252,49,8182
0,0,0,0,0,0,0,0,0,0,0,0,1.219144830376857,1556098221,13,47369,49,58,0.638994573137688,1547706221,5,47128,49,8179,0.8926583055008874,1551903142,11,47229,49,19
0,0,0,0,0,0,0,0,0,0,0,0,1.745336200045072,1562386726,6,47594,49,7,0.9125444556921266,1551900975,6,47246,49,8119,0.8674651792694789,1551902192,10,47220,49,15
0,0,0,0,0,0,0,0,0,0,0,0,0.7288554912761432,1547709428,12,47160,49,8163,1.362444399551428,1558191954,5,47435,49,8182,0.8064722506594164,1549804987,10,47194,49,14
0,0,0,0,0,0,0,0,0,0,0,0,0.7288554912761432,1547709428,12,47160,49,8163,1.650171806322268,1560289610,6,47558,49,8138,0.8131027821374508,1549805662,11,47193,49,8170
0,0,0,0,0,0,0,0,0,0,0,0,1.469031452326547,1558195813,13,47479,49,8186,0.9112190777164844,1551900466,6,47243,49,8143,0.7694474860820226,1549805786,11,47181,49,8164
0,0,0,0,0,0,0,0,0,0,0,0,1.469031452326547,1558195813,13,47479,49,8186,1.2150609489367508,1556095472,6,47376,49,9,0.7681221032548543,1549805771,11,47178,49,8176
0,0,0,0,0,0,0,0,0,0,0,0,0.9973065430143713,1551904695,12,47272,49,8184,1.7245263252355392,1545608671,5,47077,49,8161,0.7627165325978664,1549805599,11,47175,49,8168
0,0,0,0,0,0,0,0,0,0,0,0,1.0962406938617202,1554001105,12,47318,49,8189,0.6064589184331742,1547706630,6,47111,49,25,0.8269736120344817,1549805141,10,47201,49,5
0,0,0,0,0,0,0,0,0,0,0,0,1.0143392904128898,1551901619,7,47281,49,23,1.111944393584074,1553998149,5,47331,49,8184,1.203130756474389,1556096371,9,47361,49,36
0,0,0,0,0,0,0,0,0,0,0,0,1.602135159806099,1560292411,13,47534,49,20,1.55317461722262,1560290054,6,47517,49,34,1.2513737667523748,1558194106,11,47384,49,2
0,0,0,0,0,0,0,0,0,0,0,0,0.6804080062850003,1547710239,13,47139,49,8141,1.016581115484914,1551901123,6,47282,49,8157,1.4743347820055621,1560291154,11,47475,49,8182
0,0,0,0,0,0,0,0,0,0,0,0,1.2656553720618948,1556099118,13,47385,49,8149,1.4063023494459685,1558192132,5,47453,49,8114,1.6239618993238014,1560290906,9,47536,49,34
0,0,0,0,0,0,0,0,0,0,0,0,1.5145214870780466,1560293085,13,47497,49,9,0.8522653391821909,1549804211,6,47221,49,8139,0.5738228226751206,1547708299,10,47088,49,8120
0,0,0,0,0,0,0,0,0,0,0,0,0.8872545484412848,1549806713,12,47223,49,8182,1.268506895799334,1556094825,5,47396,49,8153,0.7216133859907242,1549805414,10,47151,49,0
0,0,0,0,0,0,0,0,0,0,0,0,1.6930129954407045,1562389892,13,47571,49,19,1.1285700349283196,1553998145,5,47336,49,8099,1.1446881769419819,1556097629,10,47331,49,8187
0,0,0,0,0,0,0,0,0,0,0,0,0.73721852172823,1549807100,13,47167,49,31,0.5933018941685876,1545609494,6,47104,49,8111,1.318181206669831,1558193866,9,47406,49,46
0,0,0,0,0,0,0,0,0,0,0,0,1.3051264253321886,1556098038,12,47407,49,8148,1.0084207319603893,1551901461,6,47282,49,8156,1.4757623863775688,1562387861,10,47477,49,8138
0,0,0,0,0,0,0,0,0,0,0,0,1.5502209075820081,1560289952,6,47508,49,40,1.652619928161389,1560288639,5,47558,49,28,0.5734139095048798,1545610767,11,47092,49,8150
0,0,0,0,0,0,0,0,0,0,0,0,0.9141801697241199,1551903853,13,47240,49,27,0.916115306263808,1549803489,5,47243,49,8163,0.8059629059411167,1549805420,10,47188,49,21
0,0,0,0,0,0,0,0,0,0,0,0,1.7394212867287384,1562387087,6,47589,49,8156,0.8982665226964996,1549803955,6,47234,49,8137,1.39263786220675,1560291403,11,47436,49,6
0,0,0,0,0,0,0,0,0,0,0,0,0.7599635341904386,1549806691,12,47176,49,8172,1.5592939825320131,1560290014,6,47521,49,8158,1.7209591112083198,1564485587,10,47577,49,38
0,0,0,0,0,0,0,0,0,0,0,0,1.306554032121619,1556098182,13,47409,49,8174,0.8268695690392174,1549804126,5,47206,49,8183,0.7167153590280513,1551902290,10,47159,49,21
0,0,0,0,0,0,0,0,0,0,0,0,1.5399191013036113,1560293463,13,47505,49,13,1.5109487471602034,1560289341,6,47499,49,4,1.0802266252287152,1553999345,10,47307,49,8181
0,0,0,0,0,0,0,0,0,0,0,0,0.8838881664437964,1549804153,6,47225,49,0,0.7596550372415286,1549802849,5,47177,49,8165,1.3595910422359099,1558194667,10,47424,49,8184
0,0,0,0,0,0,0,0,0,0,0,0,1.1291852755356462,1553999087,7,47332,49,8137,1.4619919465338511,1558192005,5,47475,49,8184,1.724018799591385,1564485173,10,47579,49,8162
0,0,0,0,0,0,0,0,0,0,0,0,1.1291852755356462,1553999087,7,47332,49,8137,0.7182452038736,1547705733,5,47159,49,8171,0.8155508947999258,1551903185,10,47190,49,28
0,0,0,0,0,0,0,0,0,0,0,0,0.7508866967841434,1549807015,13,47169,49,4,1.4220097192766923,1558191760,5,47459,49,8170,1.1945614274570222,1558193951,10,47362,49,8182
0,0,0,0,0,0,0,0,0,0,0,0,1.322261402623265,1558194759,12,47415,49,21,0.7243645809341481,1547707338,6,47163,49,1,1.4803519122590827,1562388201,11,47480,49,8153
0,0,0,0,0,0,0,0,0,0,0,0,1.5878553900816086,1560289829,6,47531,49,0,1.4468961402507736,1558192517,5,47471,49,18,0.7835245844288361,1549805801,10,47176,49,27
0,0,0,0,0,0,0,0,0,0,0,0,1.5878553900816086,1560289829,6,47531,49,0,0.7065157952835485,1547706506,5,47154,49,8172,1.0722725350165734,1553999510,10,47297,49,8134
0,0,0,0,0,0,0,0,0,0,0,0,1.2684083525193723,1556097921,12,47391,49,41,1.4326163740683011,1558192329,5,47467,49,8149,1.5388985849859775,1562388488,11,47498,49,4
0,0,0,0,0,0,0,0,0,0,0,0,0.6576629940809124,1547706721,6,47131,49,8190,0.7513942400255156,1547707166,6,47170,49,8158,0.6178834358840315,1547708902,11,47112,49,6
0,0,0,0,0,0,0,0,0,0,0,0,0.9491639352830935,1551904146,13,47257,49,8,1.4533222215154376,1558193231,6,47472,49,8145,1.0571749108018789,1553999487,11,47301,49,8189
0,0,0,0,0,0,0,0,0,0,0,0,1.7656330999366696,1545611972,12,47092,49,8168,1.4302704924300844,1558192753,5,47466,49,8136,0.6397101801712807,1547708086,10,47122,49,11
0,0,0,0,0,0,0,0,0,0,0,0,1.3177741105014937,1556098785,13,47411,49,51,1.4106873994703832,1558192841,6,47458,49,38,1.4651557292412727,1560291480,10,47469,49,8184
0,0,0,0,0,0,0,0,0,0,0,0,0.6365500561053273,1547710173,13,47122,49,8191,0.7173269358758694,1547706771,5,47160,49,6,0.5628072215287746,1547707888,10,47084,49,8172
0,0,0,0,0,0,0,0,0,0,0,0,0.8002524500237557,1549807233,13,47189,49,45,1.4485282200828975,1558192110,5,47471,49,8152,1.0661513339152564,1554000058,11,47301,49,46
0,0,0,0,0,0,0,0,0,0,0,0,1.2926832117900595,1556097543,12,47401,49,0,0.7476207443065332,1547706479,5,47167,49,8158,1.3774398217754336,1560291189,10,47433,49,8164
0,0,0,0,0,0,0,0,0,0,0,0,1.4567927153602014,1558195430,12,47472,49,8182,1.4925906474435189,1558192285,5,47487,49,44,0.6859140091773439,1547707845,11,47141,49,5
0,0,0,0,0,0,0,0,0,0,0,0,0.7670011800865482,1549807123,12,47179,49,8159,0.7524129301252527,1547706551,6,47176,49,8190,1.096038054227064,1554000174,11,47304,49,8149
0,0,0,0,0,0,0,0,0,0,0,0,0.9237681613472208,1551903771,13,47242,49,4,1.496771218435828,1558192302,6,47494,49,8188,1.6002986024212729,1560291506,10,47528,49,8184
0,0,0,0,0,0,0,0,0,0,0,0,1.4246641700986928,1558192376,6,47459,49,52,0.7804612800483702,1549803929,6,47187,49,8144,0.7195723922050187,1549805097,11,47155,49,8151
0,0,0,0,0,0,0,0,0,0,0,0,1.5420605070581992,1560290260,7,47508,49,4,0.819525230086803,1549803811,5,47204,49,8171,1.598666521941115,1562388088,10,47528,49,8190
0,0,0,0,0,0,0,0,0,0,0,0,0.9150984393870186,1551903838,13,47239,49,8184,1.5195162349585218,1560290191,6,47501,49,17,0.9513071699349253,1551902942,11,47243,49,27
0,0,0,0,0,0,0,0,0,0,0,0,1.3718316334974592,1558195368,13,47433,49,8182,0.7693434468198682,1549803338,5,47184,49,22,1.2639210579038744,1558194912,11,47378,49,39
0,0,0,0,0,0,0,0,0,0,0,0,1.4206862087185907,1558193198,7,47458,49,8176,1.4649493931462843,1558193035,6,47476,49,8097,1.7313613252045654,1545610864,11,47074,49,13
0,0,0,0,0,0,0,0,0,0,0,0,1.4206862087185907,1558193198,7,47458,49,8176,0.7018240329327182,1547706756,5,47150,49,8174,0.9069380606884111,1551903087,10,47229,49,8159
0,0,0,0,0,0,0,0,0,0,0,0,0.7031530188498911,1547707076,6,47149,49,8164,1.3743782834809075,1558191393,5,47436,49,11,1.4116093908717438,1558191156,5,47441,49,7
0,0,0,0,0,0,0,0,0,0,0,0,0.7031530188498911,1547707076,6,47149,49,8164,0.6026854221258192,1545609003,5,47106,49,8,1.7167766911609512,1564485254,10,47577,49,8115
0,0,0,0,0,0,0,0,0,0,0,0,1.1126618676432476,1553998058,6,47326,49,8150,1.2339302394096991,1556095929,6,47381,49,8167,1.0199475017521562,1556096630,11,47281,49,8190
0,0,0,0,0,0,0,0,0,0,0,0,1.5438970633994136,1560292323,12,47506,49,8173,1.6835236037050045,1562386460,5,47573,49,8173,1.35214445138748,1558194068,11,47424,49,25
0,0,0,0,0,0,0,0,0,0,0,0,1.5319631771411424,1560292780,13,47503,49,15,1.1916039783917953,1553998161,5,47356,49,8170,0.643381448192658,1547708343,10,47125,49,8178
0,0,0,0,0,0,0,0,0,0,0,0,0.699072832813752,1547709449,12,47149,49,8141,1.0696162914048508,1553998088,5,47312,49,8191,1.545017953098636,1562388627,10,47501,49,8186
0,0,0,0,0,0,0,0,0,0,0,0,1.0779829753950116,1553998710,7,47314,49,57,1.540526930830642,1560289261,5,47511,49,8137,0.6835681276428585,1549805155,10,47139,49,8159
0,0,0,0,0,0,0,0,0,0,0,0,1.0953224213720365,1554000541,12,47320,49,47,1.0512581750523382,1551900479,5,47300,49,8142,1.2325044776647585,1556097293,11,47373,49,8166
0,0,0,0,0,0,0,0,0,0,0,0,1.5443041507395026,1560289847,6,47510,49,8127,1.5085006280392559,1560289372,6,47497,49,8164,1.5919337219368712,1562388219,10,47529,49,8184
0,0,0,0,0,0,0,0,0,0,0,0,1.5962202702758193,1560293035,13,47528,49,8176,1.0234142951599339,1551901214,6,47285,49,8171,1.0001617655252617,1554000150,10,47267,49,8170
0,0,0,0,0,0,0,0,0,0,0,0,1.5962202702758193,1560293035,13,47528,49,8176,1.47831088159413,1558191760,5,47481,49,28,1.3389874360201754,1560291175,11,47417,49,8128
0,0,0,0,0,0,0,0,0,0,0,0,0.9323356514946137,1551903741,12,47245,49,8132,0.9556885977919195,1551901558,6,47261,49,8190,0.6172700604680235,1547707853,10,47117,49,14
0,0,0,0,0,0,0,0,0,0,0,0,0.9323356514946137,1551903741,12,47245,49,8132,1.4649493931462843,1558192322,5,47476,49,8142,0.9610959900850319,1553999604,10,47258,49,6
0,0,0,0,0,0,0,0,0,0,0,0,1.475866483483249,1558195321,12,47476,49,6,0.962012437625482,1551900905,5,47263,49,8102,1.5121756056951683,1562388276,10,47487,49,74
0,0,0,0,0,0,0,0,0,0,0,0,1.475866483483249,1558195321,12,47476,49,6,1.4774948416281117,1558192148,5,47481,49,8178,0.6509284413853453,1549805139,10,47131,49,8158
0,0,0,0,0,0,0,0,0,0,0,0,0.8125934365875181,1549807290,12,47195,49,18,1.0287176301645842,1551901462,6,47289,49,29,1.2212862429787423,1556096618,10,47363,49,16
0,0,0,0,0,0,0,0,0,0,0,0,1.2597386282583383,1556095845,7,47387,49,44,1.5205367525183153,1560288915,5,47499,49,8129,1.4967730853863037,1560290936,9,47486,49,8189
0,0,0,0,0,0,0,0,0,0,0,0,1.3352139461434367,1558194987,12,47423,49,12,1.0744102890961413,1553997922,5,47313,49,8119,0.7921924985844941,1551902489,10,47187,49,8137
0,0,0,0,0,0,0,0,0,0,0,0,1.8032694440036168,1547709367,12,47106,49,9,1.6347711559514653,1560289667,6,47547,49,8168,1.1716137842226841,1556097153,10,47347,49,8180
0,0,0,0,0,0,0,0,0,0,0,0,0.709476857204103,1547709539,13,47150,49,8169,1.2060863668611088,1553997712,5,47366,49,41,1.713614771284357,1562388396,10,47577,49,8137
0,0,0,0,0,0,0,0,0,0,0,0,1.2927854472778793,1556099390,13,47399,49,8133,1.3495940972286669,1556095073,5,47423,49,8177,1.3159357115848052,1558193856,10,47412,49,8147
0,0,0,0,0,0,0,0,0,0,0,0,1.739623934457686,1562388842,12,47594,49,8180,0.6547019388378943,1547706249,5,47132,49,8188,1.662412414635239,1562388100,10,47559,49,8113
0,0,0,0,0,0,0,0,0,0,0,0,0.650625348073092,1547707029,6,47127,49,6,1.4815750414026887,1558192543,5,47481,49,8138,0.9184611874631612,1553999795,10,47245,49,8149
0,0,0,0,0,0,0,0,0,0,0,0,1.1017484963943398,1554000878,13,47320,49,49,0.7561864260703893,1549802736,5,47177,49,10,1.236277966534001,1558193925,10,47377,49,8178
0,0,0,0,0,0,0,0,0,0,0,0,1.1981341269322665,1554001318,13,47359,49,8182,1.5757151554038953,1560290367,6,47526,49,8168,0.5511800397034042,1547708330,10,47078,49,27
0,0,0,0,0,0,0,0,0,0,0,0,1.6352842247067332,1562389180,12,47545,49,2,0.9005101732191713,1549803432,5,47234,49,6,0.8205475425952637,1551902562,10,47197,49,8128
0,0,0,0,0,0,0,0,0,0,0,0,1.7014782486704318,1562389469,12,47576,49,36,1.6604736150105273,1560288588,5,47559,49,30,1.2514760028757976,1558194247,10,47380,49,19
0,0,0,0,0,0,0,0,0,0,0,0,0.9561011675511789,1551904772,13,47252,49,14,0.9995465443476301,1551901281,5,47279,49,8181,1.561743974804055,1562388364,10,47514,49,27
0,0,0,0,0,0,0,0,0,0,0,0,1.4590363599185368,1558195568,12,47473,49,39,1.1051112195036716,1553998194,5,47324,49,8181,1.1363251550059252,1556096772,10,47325,49,18
0,0,0,0,0,0,0,0,0,0,0,0,1.5478750253293818,1560290178,7,47506,49,69,0.7370122587028728,1547706200,5,47165,49,8176,1.5200274266053235,1562388205,10,47499,49,3
0,0,0,0,0,0,0,0,0,0,0,0,1.5478750253293818,1560290178,7,47506,49,69,1.2346440410090125,1556095373,6,47384,49,8152,0.6611298047616453,1549805651,11,47128,49,8182
0,0,0,0,0,0,0,0,0,0,0,0,0.8657326853793035,1549804240,6,47219,49,8124,0.8543063435181978,1549804086,6,47217,49,8123,1.113476073949168,1556097475,11,47325,49,8161
0,0,0,0,0,0,0,0,0,0,0,0,1.307574543129881,1556096125,6,47407,49,8145,1.3607100829564467,1558191968,5,47436,49,8171,1.4115052995243145,1560290965,10,47451,49,8179
0,0,0,0,0,0,0,0,0,0,0,0,1.359795514324522,1558195254,12,47431,49,6,0.9540565198720559,1551902015,6,47263,49,8175,0.7046828631004789,1549805438,10,47141,49,8186
0,0,0,0,0,0,0,0,0,0,0,0,1.359795514324522,1558195254,12,47431,49,6,1.4831048822113861,1558192491,5,47484,49,44,1.0062811409851597,1553999356,10,47272,49,8172
0,0,0,0,0,0,0,0,0,0,0,0,0.6734725895570738,1547707569,6,47136,49,8170,1.0301452386247452,1551900043,5,47293,49,8178,1.4731097909684225,1562388175,11,47479,49,8142
0,0,0,0,0,0,0,0,0,0,0,0,1.1018507301454457,1554001123,12,47320,49,8169,1.5554182595907338,1560289652,5,47519,49,8168,0.6064607130188798,1547708505,10,47104,49,1
0,0,0,0,0,0,0,0,0,0,0,0,1.1795715394032689,1554001225,13,47350,49,32,1.6593508522755631,1562386559,5,47564,49,8191,1.3799883222341307,1560290802,10,47440,49,8185
0,0,0,0,0,0,0,0,0,0,0,0,1.7330974469429616,1562389494,12,47587,49,8176,1.2512696848775124,1556094806,5,47389,49,8105,0.7492528187952555,1549802886,5,47168,49,8179
0,0,0,0,0,0,0,0,0,0,0,0,1.0152575614197825,1551904217,12,47281,49,24,0.6100279561736529,1547706558,5,47116,49,34,1.1378549984849449,1556097308,11,47326,49,8150
0,0,0,0,0,0,0,0,0,0,0,0,1.14529974648358,1554000996,12,47342,49,6,1.4760672369855412,1558191776,5,47481,49,3,1.7197359602254971,1564485306,10,47573,49,8188
0,0,0,0,0,0,0,0,0,0,0,0,1.6578247653936233,1560291963,12,47557,49,8167,0.8226871481319102,1549804366,6,47207,49,16,0.9049992899015042,1553999599,10,47233,49,8175
0,0,0,0,0,0,0,0,0,0,0,0,0.6422623149701077,1547706987,6,47122,49,8161,1.6619012147128358,1562386054,5,47563,49,8188,1.5223733083871684,1560291625,11,47500,49,8159
0,0,0,0,0,0,0,0,0,0,0,0,0.6422623149701077,1547706987,6,47122,49,8161,1.0467708782089964,1551900632,5,47298,49,8191,0.7146761683225356,1549805771,11,47155,49,8188
0,0,0,0,0,0,0,0,0,0,0,0,1.3986568484422253,1558192603,6,47442,49,20,0.6909106605688017,1547707122,6,47147,49,38,1.3523489239555857,1558194659,12,47423,49,8128
0,0,0,0,0,0,0,0,0,0,0,0,0.736402484332963,1547709890,13,47167,49,7,1.2308705531816484,1556095155,5,47381,49,8131,0.5727001011827636,1547708221,11,47091,49,4
0,0,0,0,0,0,0,0,0,0,0,0,0.9773145187717799,1551901651,7,47269,49,16,0.8932680623328398,1549803540,6,47235,49,11,1.259331528444101,1556093948,4,47375,49,11
0,0,0,0,0,0,0,0,0,0,0,0,1.5427743088681491,1560290149,7,47509,49,6,1.4886126856949509,1558193221,6,47486,49,8155,1.6347730297241383,1562388479,10,47542,49,8182
0,0,0,0,0,0,0,0,0,0,0,0,1.8003119884205767,1545612114,12,47104,49,8181,1.1617190835644646,1553998591,6,47347,49,8169,1.0485051884544707,1556097212,10,47298,49,8183
0,0,0,0,0,0,0,0,0,0,0,0,1.1723294246908094,1553998180,6,47349,49,8158,1.6992309678934612,1545609102,5,47069,49,8154,1.5413467047632419,1562388698,11,47498,49,8178
0,0,0,0,0,0,0,0,0,0,0,0,1.4890234986334292,1558193084,6,47484,49,8187,1.3975303872178544,1558193077,6,47451,49,8184,1.0307586393193064,1551902475,11,47288,49,8170
0,0,0,0,0,0,0,0,0,0,0,0,0.8523711998557527,1549806605,12,47214,49,8148,0.7609804191548177,1549802728,5,47180,49,8153,1.491367519433662,1560291389,11,47484,49,8177
0,0,0,0,0,0,0,0,0,0,0,0,1.7914378017312842,1547709504,13,47103,49,8173,0.9644605511907213,1551901224,5,47265,49,38,1.5068722769552625,1560290864,10,47484,49,8182
0,0,0,0,0,0,0,0,0,0,0,0,0.944778867857964,1551904256,12,47252,49,8179,0.604111236272341,1547706440,6,47118,49,8160,1.0311675714408473,1553999377,10,47285,49,11
0,0,0,0,0,0,0,0,0,0,0,0,1.5993821926522924,1560290304,7,47530,49,8189,1.2060863656801664,1556094554,5,47368,49,6,1.5257397067708813,1560291048,10,47500,49,3
0,0,0,0,0,0,0,0,0,0,0,0,0.7892368468513649,1549807426,13,47185,49,27,0.8965322144423833,1549803500,5,47235,49,8181,1.0466704734834316,1556096945,11,47293,49,5
0,0,0,0,0,0,0,0,0,0,0,0,0.7892368468513649,1549807426,13,47185,49,27,1.4821866039310658,1558192299,5,47485,49,2,1.5435884827245325,1560291322,11,47509,49,8157
0,0,0,0,0,0,0,0,0,0,0,0,0.6258411405981094,1547709432,12,47115,49,27,1.1041929447179368,1553998843,6,47327,49,8124,1.1062357933113276,1554000167,11,47317,49,8146
0,0,0,0,0,0,0,0,0,0,0,0,0.6258411405981094,1547709432,12,47115,49,27,1.6673067783656694,1562386021,5,47566,49,8122,1.589794186985554,1562388320,9,47520,49,8149
0,0,0,0,0,0,0,0,0,0,0,0,1.6059086442430268,1560291989,12,47538,49,8158,1.3257263320778527,1556095867,6,47419,49,8181,1.166412684834194,1553999925,11,47343,49,8188
0,0,0,0,0,0,0,0,0,0,0,0,1.0427965734306235,1551903663,12,47291,49,8187,0.6687772275820054,1547706726,5,47140,49,14,1.64201327884634,1562388201,10,47552,49,8189
0,0,0,0,0,0,0,0,0,0,0,0,1.3875390047866196,1558194870,12,47439,49,9,1.496771218435828,1558192115,5,47494,49,8180,1.1960931110091635,1558193998,10,47356,49,18
0,0,0,0,0,0,0,0,0,0,0,0,0.8089221712245297,1549807248,13,47192,49,8177,0.8739916672139003,1549803712,5,47224,49,8112,1.7229982986192023,1562388693,11,47582,49,26
0,0,0,0,0,0,0,0,0,0,0,0,1.1804898123054128,1554001955,13,47349,49,8187,1.66720453788999,1562386164,5,47567,49,8174,1.300025718849228,1558193405,10,47401,49,8179
0,0,0,0,0,0,0,0,0,0,0,0,0.6083994721378805,1547709400,12,47110,49,8169,1.0281060577980203,1551901052,5,47289,49,8142,0.5882030085596954,1547708613,11,47100,49,8162
0,0,0,0,0,0,0,0,0,0,0,0,0.9731339166201736,1551904373,12,47262,49,8161,0.618595445607041,1547706171,5,47120,49,8172,1.3366415536717973,1558194036,10,47418,49,8153
0,0,0,0,0,0,0,0,0,0,0,0,1.6058082757600571,1560292380,13,47531,49,8162,1.1820159802740946,1553997303,5,47356,49,8175,0.577289636154833,1547708562,11,47095,49,8181
0,0,0,0,0,0,0,0,0,0,0,0,0.7681239084448954,1549807510,13,47176,49,42,0.7587367686391004,1547706109,5,47178,49,8119,1.2744254887817403,1556096984,11,47388,49,8178
0,0,0,0,0,0,0,0,0,0,0,0,1.4037557060001162,1558195992,13,47448,49,18,1.2740146984766434,1556095966,6,47398,49,18,1.6827093097878603,1562388464,11,47569,49,8177
0,0,0,0,0,0,0,0,0,0,0,0,1.7952131140162966,1545609743,6,47098,49,8186,0.8534903056427672,1549805021,7,47217,49,8187,1.1865051140162588,1556097678,11,47354,49,8177
0,0,0,0,0,0,0,0,0,0,0,0,1.7952131140162966,1545609743,6,47098,49,8186,1.3488784374321523,1558191248,5,47432,49,8156,1.6260010640004534,1562388774,10,47541,49,8180
0,0,0,0,0,0,0,0,0,0,0,0,1.609581761110828,1560292614,13,47534,49,63,0.9209074777598272,1551900818,5,47252,49,8183,1.0435085532197383,1553999598,10,47292,49,6
0,0,0,0,0,0,0,0,0,0,0,0,1.0775758715953272,1553998568,7,47310,49,66,1.4914678922865396,1558192763,6,47490,49,8158,1.4574042808358134,1560291583,11,47466,49,8181
0,0,0,0,0,0,0,0,0,0,0,0,1.4665851925416973,1558194938,12,47472,49,8187,1.061253270889291,1553998001,6,47308,49,12,0.8472705111507617,1553999161,10,47212,49,8190
0,0,0,0,0,0,0,0,0,0,0,0,0.919585739808694,1551900898,6,47243,49,15,1.608864216272738,1560289604,5,47539,49,8154,1.2396443569335047,1558193921,10,47381,49,8183
0,0,0,0,0,0,0,0,0,0,0,0,1.3116547393483404,1556097894,12,47407,49,8159,1.1976211133825658,1553998280,6,47363,49,8184,0.6026854184234053,1549805459,11,47114,49,8174
0,0,0,0,0,0,0,0,0,0,0,0,0.7676127564823993,1549803937,6,47181,49,8170,1.7274837800521,1545609139,5,47080,49,8165,1.0286190475757753,1553999414,10,47282,49,0
0,0,0,0,0,0,0,0,0,0,0,0,1.1772256573261881,1554001375,13,47349,49,8180,1.3316430815279225,1556094925,5,47417,49,0,1.5607234551211246,1560290948,10,47521,49,8188
0,0,0,0,0,0,0,0,0,0,0,0,1.1772256573261881,1554001375,13,47349,49,8180,0.6132921045960574,1547706337,5,47116,49,16,0.7314040303528868,1551902471,11,47164,49,8190
0,0,0,0,0,0,0,0,0,0,0,0,1.062991240869414,1554000958,13,47301,49,46,1.376926779220843,1558192486,6,47445,49,8178,1.2330138079501132,1556097081,11,47382,49,14
0,0,0,0,0,0,0,0,0,0,0,0,1.7468660440860408,1562389996,13,47596,49,31,0.7207955464669077,1547706943,6,47158,49,8191,1.6301835044015074,1562387944,9,47544,49,19
0,0,0,0,0,0,0,0,0,0,0,0,0.979864865871584,1551901595,7,47268,49,31,1.5088073428430735,1558191641,5,47496,49,8187,0.8937792210544256,1551902639,11,47236,49,18
0,0,0,0,0,0,0,0,0,0,0,0,0.979864865871584,1551901595,7,47268,49,31,0.7624080318676016,1549803720,5,47182,49,8154,1.2539241192469457,1558194462,11,47385,49,8174
0,0,0,0,0,0,0,0,0,0,0,0,0.8842952783550418,1549803952,6,47229,49,42,1.4908563291312718,1558192120,5,47488,49,17,0.5690288301038592,1547708244,10,47092,49,8182
0,0,0,0,0,0,0,0,0,0,0,0,1.5474660728308063,1560292720,12,47511,49,42,0.7441521334976616,1547707112,6,47169,49,8136,14.128809923624953,1549805305,11,47230,49,8170
0,0,0,0,0,0,0,0,0,0,0,0,0.7453788953755738,1547710217,13,47167,49,10,1.3802931758571688,1558192357,5,47444,49,8144,1.4287443683668184,1560290958,10,47455,49,8159
0,0,0,0,0,0,0,0,0,0,0,0,1.3962087299898982,1558192786,6,47442,49,8162,0.6339961196330774,1547706935,5,47129,49,8166,0.6224747640577691,1547705390,5,47112,49,52
0,0,0,0,0,0,0,0,0,0,0,0,1.7853184260447765,1545612239,12,47099,49,49,1.3179748842288985,1556094257,4,47415,49,39,1.1298990802181585,1556097095,10,47329,49,30
0,0,0,0,0,0,0,0,0,0,0,0,1.6266144980165154,1560290026,7,47543,49,8150,1.1962957411256339,1553997773,5,47360,49,8146,0.8087159009045686,1551902295,10,47198,49,13
0,0,0,0,0,0,0,0,0,0,0,0,1.0719658355846318,1553998433,7,47309,49,18,1.6254898676476741,1560289379,5,47544,49,8182,1.277485174006518,1558194671,10,47394,49,5
0,0,0,0,0,0,0,0,0,0,0,0,1.0140325917587507,1551901418,7,47285,49,8179,1.5024834992300848,1558191842,5,47494,49,8175,1.0837974790602465,1556096891,10,47309,49,8145
0,0,0,0,0,0,0,0,0,0,0,0,1.4753552958839966,1560291986,12,47482,49,8189,0.9398789968900247,1551901351,6,47258,49,8182,0.5360842552546848,1564485643,11,47589,49,18
0,0,0,0,0,0,0,0,0,0,0,0,1.011586300457558,1551904420,13,47277,49,8158,1.3912065443569976,1558191475,4,47449,49,38,0.9889416964152805,1553999555,10,47269,49,8186
0,0,0,0,0,0,0,0,0,0,0,0,1.508402119124975,1560292568,13,47494,49,8141,0.8921471474149784,1549803298,5,47230,49,11,1.651499045056454,1564485725,11,47557,49,8178
0,0,0,0,0,0,0,0,0,0,0,0,1.0606453588082918,1554001453,13,47300,49,19,1.3353143324686414,1556095169,5,47421,49,8175,0.9314155631468277,1551903096,11,47249,49,8173
0,0,0,0,0,0,0,0,0,0,0,0,1.5636846361036445,1560290160,6,47512,49,4,0.7844392356965735,1549803694,5,47190,49,8143,1.6086616108558818,1564485194,10,47537,49,8184
0,0,0,0,0,0,0,0,0,0,0,0,1.11052045334696,1554001954,13,47323,49,8172,1.242804433560688,1556094921,5,47384,49,8149,0.9009190993604536,1551902805,10,47236,49,9
0,0,0,0,0,0,0,0,0,0,0,0,1.6164149296179953,1560289652,6,47539,49,36,0.7409902142879246,1547706422,5,47168,49,36,1.5877531521416783,1562388064,10,47526,49,58
0,0,0,0,0,0,0,0,0,0,0,0,1.6164149296179953,1560289652,6,47539,49,36,1.2015990731775863,1553997007,5,47364,49,8130,0.8802150896711283,1551902513,10,47223,49,8186
0,0,0,0,0,0,0,0,0,0,0,0,1.684343268323067,1562387075,7,47569,49,8122,0.6916244676506306,1547706538,5,47148,49,8132,1.626103302811523,1562388428,11,47542,49,8160
0,0,0,0,0,0,0,0,0,0,0,0,1.7355455604059966,1562390981,14,47587,49,8182,0.6250215129866252,1547706078,5,47121,49,8165,1.619779458288915,1560290658,10,47540,49,8182
0,0,0,0,0,0,0,0,0,0,0,0,1.2685105878881977,1556096049,7,47390,49,8185,1.0605394664944263,1553997010,5,47307,49,2,0.9114253607770034,1551902440,10,47237,49,17
0,0,0,0,0,0,0,0,0,0,0,0,1.7530876520521985,1547709330,13,47087,49,14,1.7546156791047638,1545609357,5,47086,49,23,1.6306928273088046,1562388190,10,47545,49,8185
0,0,0,0,0,0,0,0,0,0,0,0,1.7530876520521985,1547709330,13,47087,49,14,0.9843503425056557,1551900826,5,47270,49,8167,0.9669104884801455,1554000407,11,47261,49,8182
0,0,0,0,0,0,0,0,0,0,0,0,1.3435788128227446,1558195421,13,47422,49,8178,0.8431885090511899,1549803618,5,47214,49,8182,0.9652784122130796,1553999612,10,47261,49,8142
0,0,0,0,0,0,0,0,0,0,0,0,0.6171714206646595,1547709608,13,47112,49,8130,1.4528128951830053,1558192069,5,47469,49,8158,1.6533356055914383,1564482421,4,47555,49,8159
0,0,0,0,0,0,0,0,0,0,0,0,1.3160397960017278,1556097965,13,47412,49,8186,0.6295088166012804,1547706801,6,47125,49,8169,0.9890421043298494,1553999873,10,47276,49,8134
0,0,0,0,0,0,0,0,0,0,0,0,0,,,,,,1.2370921588328048,1556094371,4,47384,49,8160,0.5634188014160993,1549805171,10,47089,49,8173
0,0,0,0,0,0,0,0,0,0,0,0,1.3237912452446765,1556095911,7,47416,49,8186,1.6619012147128358,1562386275,5,47563,49,8182,1.1043992481008755,1553999535,11,47321,49,12
0,0,0,0,0,0,0,0,0,0,0,0,0.6249228749533329,1547709735,12,47116,49,35,1.0590096234376412,1553997214,5,47306,49,8189,0.7156966647068276,1551902624,11,47157,49,1
0,0,0,0,0,0,0,0,0,0,0,0,1.368874184363087,1558196302,14,47430,49,8191,1.496261894191252,1558191489,5,47491,49,8141,1.287173561631473,1558193914,10,47402,49,31
0,0,0,0,0,0,0,0,0,0,0,0,1.417321668755438,1558193045,7,47451,49,44,1.3585686757948647,1558191570,5,47433,49,24,1.458934122772734,1560291124,10,47470,49,8180
0,0,0,0,0,0,0,0,0,0,0,0,0.7607795716408655,1549806431,12,47176,49,20,0.7990238682190065,1549803974,5,47199,49,8175,1.144483708393415,1556097097,11,47337,49,8172
0,0,0,0,0,0,0,0,0,0,0,0,1.5255370949527087,1560289901,7,47502,49,42,1.242497725131998,1556094838,5,47387,49,8166,0.5406737907162756,1564485677,10,47593,49,8158
0,0,0,0,0,0,0,0,0,0,0,0,0.9005138037711365,1549807475,14,47231,49,8130,0.7538405430038704,1547705464,5,47178,49,8143,1.3554086079105987,1558193720,10,47429,49,34
0,0,0,0,0,0,0,0,0,0,0,0,1.662516529436074,1562387046,7,47560,49,14,1.2441298037235176,1556095094,5,47387,49,8169,0.7308928780745101,1551902619,9,47168,49,27
0,0,0,0,0,0,0,0,0,0,0,0,1.069824420579574,1554001066,13,47307,49,62,0.8063682083548157,1549803799,5,47199,49,8186,1.6625146531101522,1564485949,10,47562,49,8185
0,0,0,0,0,0,0,0,0,0,0,0,0.6926467646096238,1547706929,6,47149,49,8169,1.3555089915893939,1558191050,5,47431,49,28,1.0324929482981149,1553999416,9,47291,49,8176
0,0,0,0,0,0,0,0,0,0,0,0,1.3364389307040203,1556098670,13,47421,49,8135,0.9777198030321858,1551900716,5,47271,49,38,0.7784238986734192,1551902437,10,47182,49,8162
0,0,0,0,0,0,0,0,0,0,0,0,0.9730316845908851,1551903910,12,47264,49,18,1.527165440723776,1560289628,5,47508,49,4,1.4571998057254465,1562388314,11,47471,49,8191
0,0,0,0,0,0,0,0,0,0,0,0,1.6154966502733756,1560292668,13,47541,49,8187,1.20068079872735,1553997691,5,47365,49,8174,1.2855414829872465,1558193714,10,47402,49,8165
0,0,0,0,0,0,0,0,0,0,0,0,1.2779963514994241,1556095851,6,47394,49,8184,0.591363132467575,1545609200,6,47107,49,8157,0.8100430932407857,1549805495,11,47192,49,56
0,0,0,0,0,0,0,0,0,0,0,0,0.7512938133449036,1547708966,12,47174,49,8134,1.4953436155667705,1558192230,5,47492,49,8184,0.6652081890765351,1549805371,10,47140,49,8172
0,0,0,0,0,0,0,0,0,0,0,0,1.6249824173518088,1560292379,12,47544,49,19,0.894186332724373,1549804096,6,47234,49,30,1.4642374514300518,1560291628,11,47474,49,8179
0,0,0,0,0,0,0,0,0,0,0,0,1.1237797068842297,1554000608,12,47330,49,17,0.594729509803226,1545608452,4,47106,49,9,1.4355775404563422,1560291555,11,47459,49,22
0,0,0,0,0,0,0,0,0,0,0,0,0.7969883000978681,1549806710,13,47190,49,25,1.204658758560535,1553997695,5,47366,49,8167,1.0509551312099359,1553999897,11,47294,49,8181
0,0,0,0,0,0,0,0,0,0,0,0,1.5209475690985725,1560292847,13,47500,49,25,0.9289656270479341,1551900365,5,47253,49,8181,1.099911951961032,1554000199,11,47318,49,16
0,0,0,0,0,0,0,0,0,0,0,0,1.2152691054008204,1554001107,13,47369,49,1,1.6063138551496416,1560289851,6,47540,49,0,0.7424196328758521,1549805371,10,47167,49,8155
0,0,0,0,0,0,0,0,0,0,0,0,0.7538441559856476,1549806807,13,47173,49,89,1.3679522025711537,1558191874,5,47437,49,8147,0.8608346446620905,1553999705,11,47221,49,17
0,0,0,0,0,0,0,0,0,0,0,0,1.661700488935807,1562389795,12,47560,49,23,0.8704208189014344,1549803249,5,47227,49,8180,0.5218045077828172,1547708138,10,47073,49,32
0,0,0,0,0,0,0,0,0,0,0,0,1.2122094192670807,1556098289,13,47367,49,39,0.6342005798617555,1547705709,5,47127,49,8163,0.6999892992939017,1549805408,10,47150,49,1
0,0,0,0,0,0,0,0,0,0,0,0,0.9067354122418068,1549806841,12,47234,49,8178,1.3461254647492702,1556094481,5,47427,49,35,1.5429769191768483,1562388283,10,47509,49,8174
0,0,0,0,0,0,0,0,0,0,0,0,1.6419147865245203,1562389591,13,47546,49,8160,1.1700821012918068,1553998561,6,47353,49,8153,0.5220089637975979,1562388459,11,47583,49,8150
0,0,0,0,0,0,0,0,0,0,0,0,1.3263415993635177,1558195242,13,47416,49,49,0.6342005798617555,1547705650,5,47127,49,8159,1.436393580156943,1560290788,10,47458,49,36
0,0,0,0,0,0,0,0,0,0,0,0,0.8872527345538617,1549807035,13,47233,49,1,1.7347258900562896,1545610130,6,47081,49,19,1.6125373341593676,1560291553,11,47539,49,9
0,0,0,0,0,0,0,0,0,0,0,0,1.4351704490599793,1558193062,6,47461,49,14,1.1987420136076274,1556094695,5,47368,49,8148,1.5683745339780513,1560291442,11,47516,49,24
0,0,0,0,0,0,0,0,0,0,0,0,1.167026090450685,1554001844,13,47346,49,23,0.7583278434982365,1549803625,5,47182,49,8102,1.300841757756409,1558194926,11,47403,49,61
0,0,0,0,0,0,0,0,0,0,0,0,0.7874003108643964,1549807005,12,47188,49,8183,0.7478233977950776,1547706242,5,47173,49,8149,1.4706616697746042,1562388469,11,47482,49,8177
0,0,0,0,0,0,0,0,0,0,0,0,1.7327907521821109,1562389417,13,47591,49,38,1.5140084301451764,1560289185,5,47501,49,8183,1.218429185425696,1556097317,11,47371,49,2
0,0,0,0,0,0,0,0,0,0,0,0,1.3951882175450387,1558196041,13,47445,49,8185,1.5029928232148078,1560288374,5,47497,49,8131,1.42333694504718,1560291223,10,47458,49,8177
0,0,0,0,0,0,0,0,0,0,0,0,1.2000729082274981,1553998090,6,47358,49,8163,1.1570273200805679,1553998461,6,47345,49,9,1.1769171163447432,1558193813,10,47354,49,8164
0,0,0,0,0,0,0,0,0,0,0,0,0.8682830299399203,1549807466,13,47219,49,8170,1.1969073096936897,1553998067,5,47362,49,62,1.4341480769302581,1560291871,10,47464,49,8181
0,0,0,0,0,0,0,0,0,0,0,0,0.6445059681995697,1547707030,7,47125,49,68,0.8046339018023487,1549803767,5,47199,49,8183,1.156110883727409,1556097322,12,47342,49,20
0,0,0,0,0,0,0,0,0,0,0,0,1.3511257894157707,1556097921,12,47429,49,4,1.6946414375638879,1545609733,6,47065,49,27,1.0666606707228814,1554000117,11,47307,49,20
0,0,0,0,0,0,0,0,0,0,0,0,1.0348406562795787,1551903529,12,47290,49,8153,1.7714439597074747,1545609727,5,47096,49,8168,1.2527009822904147,1556096997,11,47379,49,18
0,0,0,0,0,0,0,0,0,0,0,0,0.8218747339069774,1549806596,12,47202,49,40,1.3683592933341018,1558192192,6,47440,49,8134,0.9518146940655468,1553996583,4,47257,49,8154
0,0,0,0,0,0,0,0,0,0,0,0,1.6749597403658354,1562389466,12,47566,49,8156,1.4617874709245164,1558192512,5,47476,49,8183,1.1917062107559242,1558194061,10,47362,49,8146
0,0,0,0,0,0,0,0,0,0,0,0,1.4588318844758197,1558195216,12,47477,49,8175,1.0713506024850823,1553997504,5,47312,49,14,1.0153579699225561,1553999722,10,47283,49,17
0,0,0,0,0,0,0,0,0,0,0,0,1.141119153737566,1553998310,6,47336,49,14,1.1875237832206156,1553997512,5,47357,49,8170,1.2214888706227043,1558193681,10,47374,49,84
0,0,0,0,0,0,0,0,0,0,0,0,0.9297853057821901,1551901519,7,47248,49,8164,0.7983100630033189,1549803727,5,47197,49,8130,0.9734369697757266,1551902921,11,47270,49,8169
0,0,0,0,0,0,0,0,0,0,0,0,0.6187012658783194,1547709837,12,47114,49,5,0.8941863332669683,1549804299,6,47233,49,8178,1.1894625640969736,1556096474,10,47360,49,8142
0,0,0,0,0,0,0,0,0,0,0,0,1.57082265392775,1560292121,13,47523,49,76,1.6865832902541695,1545609277,5,47064,49,8183,0.8760344819638523,1553999466,11,47217,49,8173
0,0,0,0,0,0,0,0,0,0,0,0,0.9219316217980018,1551903631,12,47244,49,8138,1.3449023332500512,1556095601,6,47422,49,8174,0.6030943357311904,1547708190,10,47109,49,8
0,0,0,0,0,0,0,0,0,0,0,0,1.70872035739017,1562387480,7,47578,49,27,1.340719899194571,1556094692,5,47423,49,8154,0.6480732094902152,1549805189,10,47132,49,8156
0,0,0,0,0,0,0,0,0,0,0,0,1.3982479023861254,1558194925,12,47446,49,9,0.8955117121710084,1549803755,5,47236,49,8180,1.447000238336825,1560287480,4,47467,49,50
0,0,0,0,0,0,0,0,0,0,0,0,0.9516120495733537,1551904515,13,47257,49,8161,0.8746032415915997,1549803887,5,47225,49,8167,1.4505692492755038,1558194056,11,47472,49,8182
0,0,0,0,0,0,0,0,0,0,0,0,0.6366522850594591,1547709655,12,47121,49,6,1.6486419658611964,1560289673,6,47556,49,8149,1.0340227917729619,1554000018,11,47292,49,30
0,0,0,0,0,0,0,0,0,0,0,0,1.8070429374392316,1547709565,13,47110,49,30,1.1364237194377784,1553998359,5,47338,49,8175,1.7030062778295358,1564485163,9,47581,49,1
0,0,0,0,0,0,0,0,0,0,0,0,1.4934085493976972,1558195246,13,47489,49,3,0.6876465106997207,1547706778,6,47148,49,8182,1.3065540323609992,1556096811,10,47404,49,7
0,0,0,0,0,0,0,0,0,0,0,0,1.0006711054122785,1551903930,13,47280,49,51,0.5991145843464386,1545609285,5,47112,49,8157,1.1564157487596396,1558194771,11,47348,49,8187
0,0,0,0,0,0,0,0,0,0,0,0,0.6884661481944356,1547709876,14,47141,49,33,1.347553069223225,1556094690,5,47430,49,8188,0.7415031681566474,1551902482,11,47160,49,19
0,0,0,0,0,0,0,0,0,0,0,0,1.4085497067744681,1558192951,7,47449,49,66,1.2465779208988965,1556094775,5,47388,49,8177,0.626757612582003,1547708171,11,47117,49,24
0,0,0,0,0,0,0,0,0,0,0,0,1.0845112839630568,1554000986,12,47314,49,25,0.8171793463021433,1549803222,5,47206,49,8174,1.377235347438696,1558194650,11,47439,49,25
0,0,0,0,0,0,0,0,0,0,0,0,0.6231885721873565,1547709448,12,47117,49,8182,0.7451708221548213,1549803199,5,47176,49,8115,1.2753419168486,1560291125,10,47397,49,10
0,0,0,0,0,0,0,0,0,0,0,0,1.0719658355846318,1554000996,12,47309,49,9,1.5254311201165514,1560289208,5,47510,49,8174,0.8362549085063737,1551899159,4,47206,49,2
0,0,0,0,0,0,0,0,0,0,0,0,1.5496074778401665,1560292628,12,47514,49,8180,1.1890536249653239,1553997951,5,47360,49,1,1.6892395110832032,1564485392,11,47563,49,8170
0,0,0,0,0,0,0,0,0,0,0,0,1.2831974481514172,1556096111,7,47398,49,54,0.7859690789521468,1549804252,6,47192,49,8114,1.2593278392439087,1558194163,10,47394,49,18
0,0,0,0,0,0,0,0,0,0,0,0,0.8736886004772426,1549807069,13,47221,49,67,0.8731756288101007,1549803540,5,47225,49,34,1.3841707562829972,1560291680,10,47442,49,21
0,0,0,0,0,0,0,0,0,0,0,0,0.6272687569745581,1547709946,13,47117,49,14,1.7179980202172334,1545609181,5,47078,49,8183,1.0578905440796686,1553999997,11,47297,49,8171
0,0,0,0,0,0,0,0,0,0,0,0,1.4763758111341567,1558196228,13,47480,49,8167,0.6020720436838107,1547705639,5,47115,49,34,1.180690605967509,1553999461,10,47357,49,13
0,0,0,0,0,0,0,0,0,0,0,0,1.2534147860442002,1556095978,7,47386,49,23,1.501360742144836,1560289657,6,47498,49,20,0.924175272053586,1551903198,11,47240,49,8164
0,0,0,0,0,0,0,0,0,0,0,0,0.9774167513679679,1551901839,7,47268,49,0,1.6506811252664617,1562386524,6,47562,49,8154,1.0880803088142903,1556096771,10,47313,49,8190
0,0,0,0,0,0,0,0,0,0,0,0,0.7828107774291918,1549806734,13,47184,49,39,1.3458187527520942,1558192079,5,47431,49,8182,0.8224863099670131,1551902765,11,47197,49,5
0,0,0,0,0,0,0,0,0,0,0,0,1.7071905131379201,1562390824,13,47577,49,8153,1.5092144272222194,1560289284,6,47501,49,8144,1.02015196690987,1554000340,11,47283,49,8187
0,0,0,0,0,0,0,0,0,0,0,0,1.5396123867928042,1560289811,6,47508,49,29,1.2197527113514157,1556095428,6,47379,49,18,0.7389510226068429,1549805792,10,47168,49,18
0,0,0,0,0,0,0,0,0,0,0,0,1.2855433301407253,1556095927,7,47399,49,8138,1.4451618215332878,1558192206,5,47473,49,8182,0.9346797154311841,1553999267,9,47249,49,8178
0,0,0,0,0,0,0,0,0,0,0,0,1.0967500306711275,1554001267,12,47322,49,21,1.149173635487851,1553998215,5,47343,49,8158,0.7641459511304501,1549805374,11,47169,49,8191
0,0,0,0,0,0,0,0,0,0,0,0,0.8647121848170344,1549806602,12,47221,49,8191,1.3635671498729263,1556094929,5,47433,49,1,0.9330476393001087,1553999715,10,47249,49,8182
0,0,0,0,0,0,0,0,0,0,0,0,1.6679220943979116,1562389805,13,47562,49,8165,1.3365374633475202,1556094553,5,47426,49,8131,0.9133623142750044,1551903029,11,47242,49,8175
0,0,0,0,0,0,0,0,0,0,0,0,1.5130938831035907,1560292737,13,47496,49,8134,1.0512581732809245,1551900905,6,47303,49,8182,0.6739819388184487,1547708246,11,47133,49,8159
0,0,0,0,0,0,0,0,0,0,0,0,1.2996186220765726,1556096193,7,47405,49,8174,1.2699345009379897,1556094845,5,47399,49,8180,0.8351321773780477,1551902554,10,47207,49,0
0,0,0,0,0,0,0,0,0,0,0,0,1.1219431614316655,1554001121,13,47331,49,8154,1.041670178387536,1551900563,5,47301,49,8163,0.609827088789775,1547709075,11,47104,49,8175
0,0,0,0,0,0,0,0,0,0,0,0,0.8867433919583835,1549806859,13,47229,49,8190,1.243313763696434,1556094561,5,47388,49,8142,0.8184061222926566,1549805269,10,47195,49,8173
0,0,0,0,0,0,0,0,0,0,0,0,0.731812950606,1547709760,13,47164,49,33,0,1551901289,6,47299,49,8,0.568621705933249,1547708180,10,47084,49,8153
0,0,0,0,0,0,0,0,0,0,0,0,1.6796515043444513,1562387147,6,47567,49,25,1.2362761188296592,1556094892,5,47385,49,8150,0.8043290200837315,1549805271,10,47197,49,8142
0,0,0,0,0,0,0,0,0,0,0,0,1.5327792171675052,1560292278,12,47503,49,50,0.9847574474840346,1551900016,5,47275,49,32,0.5735161377367347,1547707928,9,47092,49,8128
0,0,0,0,0,0,0,0,0,0,0,0,1.3105319927166226,1556095342,6,47410,49,8172,1.2091460502145226,1556095457,6,47371,49,8169,0.9030605175651526,1551902235,10,47237,49,38
0,0,0,0,0,0,0,0,0,0,0,0,1.1621298578139154,1554001575,13,47345,49,13,0.97843360740138,1551900465,5,47273,49,8181,0.7211022364396354,1549806206,11,47157,49,8168
0,0,0,0,0,0,0,0,0,0,0,0,0.9424329858287595,1551901576,7,47251,49,38,1.1957845636182256,1556094294,5,47366,49,8169,1.0438134244758548,1553999956,11,47297,49,8156
0,0,0,0,0,0,0,0,0,0,0,0,0.7993341820472795,1549806624,12,47190,49,29,0.9391651910744957,1551900830,5,47258,49,8179,0.8308493385421977,1549805605,11,47201,49,12
0,0,0,0,0,0,0,0,0,0,0,0,1.76910171568635,1545612172,13,47090,49,8180,1.1922155457150738,1553998027,6,47361,49,8188,1.1569269228555836,1556096626,11,47340,49,8150
0,0,0,0,0,0,0,0,0,0,0,0,1.6210044546117537,1560292588,13,47542,49,8147,0.9142787641596358,1551900240,5,47246,49,8185,0.9606888811959814,1551902618,11,47256,49,8174
0,0,0,0,0,0,0,0,0,0,0,0,1.4122209575633513,1558196564,14,47453,49,6,1.1483575966101467,1553997005,4,47343,49,8148,1.3054312860365935,1560290964,11,47404,49,8187
0,0,0,0,0,0,0,0,0,0,0,0,1.2895212905667714,1556098084,12,47400,49,8183,0.8933702941547398,1549803722,6,47235,49,8187,1.0722707072769047,1556093152,4,47306,49,8147
0,0,0,0,0,0,0,0,0,0,0,0,1.0837974790602465,1554001853,13,47313,49,8179,1.0648222912219192,1553997073,5,47314,49,50,1.3866188756672249,1560291076,10,47440,49,8176
0,0,0,0,0,0,0,0,0,0,0,0,0.9413102513270036,1551904381,12,47254,49,48,0.8345187883006748,1549803196,5,47211,49,8178,1.1855868403043197,1556096581,10,47355,49,8181
0,0,0,0,0,0,0,0,0,0,0,0,0.7476225473501933,1547709447,13,47169,49,48,1.0396309992410122,1551900835,5,47296,49,8095,1.511868891967323,1560291581,11,47492,49,8126
0,0,0,0,0,0,0,0,0,0,0,0,0.6231885721873565,1547710080,13,47117,49,31,0.7673042577276442,1549803261,5,47182,49,8164,1.2631031765712448,1558194119,10,47387,49,8185
0,0,0,0,0,0,0,0,0,0,0,0,1.6101933238679385,1560292448,13,47536,49,8170,0.904588539784344,1551899712,4,47244,49,8158,1.5335933923686413,1560291666,11,47503,49,8180
0,0,0,0,0,0,0,0,0,0,0,0,1.4668900456189786,1558195349,12,47477,49,21,0.6176771785522391,1547706785,6,47121,49,8164,1.3229752062622164,1558194277,11,47408,49,19
0,0,0,0,0,0,0,0,0,0,0,0,1.2629005493810186,1556098319,12,47389,49,23,0.7639378758191102,1549803835,6,47183,49,8152,1.6078455716968263,1562388224,10,47533,49,41
0,0,0,0,0,0,0,0,0,0,0,0,1.1320404936856192,1553998654,7,47336,49,8123,1.66557245643701,156238543,4,47567,49,8153,1.3992665618745779,1560291285,10,47442,49,8188
0,0,0,0,0,0,0,0,0,0,0,0,0.9563038135360108,1551901202,6,47259,49,66,0.6850961688519323,1547706793,5,47148,49,8165,1.6744485433755192,1562388463,11,47560,49,8169
0,0,0,0,0,0,0,0,0,0,0,0,0.8727703314190413,1549804116,6,47222,49,3,1.63313907389762,1560289531,5,47549,49,8149,1.5103390504203529,1560291805,11,47489,49,8102
0,0,0,0,0,0,0,0,0,0,0,0,0.6628641069951167,1547707622,7,47136,49,8174,1.5896882040452693,1560289747,5,47535,49,4,0,1562388228,11,47576,49,8142
0,0,0,0,0,0,0,0,0,0,0,0,1.7861344639629304,1545613354,14,47097,49,10,0.6238987861600666,1547705987,5,47124,49,9,0.9377394041404933,1551902700,11,47247,49,8173
0,0,0,0,0,0,0,0,0,0,0,0,1.7291194890444943,1562389755,12,47584,49,25,1.6527221682245576,1560289610,6,47557,49,8153,0.8168762781940303,1551902626,10,47192,49,8160
0,0,0,0,0,0,0,0,0,0,0,0,1.636507348926189,1562389327,13,47548,49,8,0.745375285138788,1547706102,5,47173,49,8158,1.3231778299869432,1560290782,10,47412,49,8190
0,0,0,0,0,0,0,0,0,0,0,0,1.5761259807813957,1560292466,12,47524,49,8184,1.759102977784333,1545609596,5,47090,49,8158,1.2514760030832606,1558194079,11,47379,49,38
0,0,0,0,0,0,0,0,0,0,0,0,1.5037103551463593,1558194804,12,47490,49,8182,0.861548452420089,1549804142,6,47218,49,14,0.5656624557733936,1545611081,11,47087,49,8173
0,0,0,0,0,0,0,0,0,0,0,0,1.4615867166480132,1558195919,13,47471,49,0,0.6529676329036558,1547707672,6,47135,49,8168,1.7693043626746003,1564485616,10,47598,49,8154
0,0,0,0,0,0,0,0,0,0,0,0,1.3967180598087712,1558195582,13,47443,49,8182,0.9683362762878139,1551900809,5,47267,49,8107,1.0752281608289742,1553999725,11,47307,49,8162
0,0,0,0,0,0,0,0,0,0,0,0,1.3606115537985777,1558195005,12,47429,49,5,0.7810728532475183,1549804520,6,47191,49,31,1.0512600044359997,1553999360,10,47294,49,8161
0,0,0,0,0,0,0,0,0,0,0,0,1.278607919614832,1556096352,7,47393,49,41,1.0641084879275207,1553997436,5,47312,49,40,1.6489505605074743,1564485842,11,47546,49,6
0,0,0,0,0,0,0,0,0,0,0,0,1.1362229214955906,1553998569,6,47333,49,8190,1.2054747996564958,1553997739,5,47362,49,34,1.0320858426521042,1551902383,11,47282,49,8157
0,0,0,0,0,0,0,0,0,0,0,0,1.0791057150816306,1554000748,12,47309,49,26,0.9813910640094751,1551900328,5,47271,49,8175,1.0201519674843824,1553999429,10,47279,49,26
0,0,0,0,0,0,0,0,0,0,0,0,1.0393279542637488,1551904119,12,47291,49,25,1.347655309192728,1556094929,5,47424,49,29,1.6335480325044263,1564486003,10,47545,49,8144
0,0,0,0,0,0,0,0,0,0,0,0,1.0384096829144276,1554001111,13,47292,49,8158,1.1970095467292103,1553997665,5,47357,49,8130,1.7370735903475876,1564486000,11,47586,49,8183
0,0,0,0,0,0,0,0,0,0,0,0,1.0704359921867963,1554000424,12,47306,49,8166,1.5568458644455974,1560289546,5,47517,49,8141,1.2346458871334698,1556096514,10,47380,49,8177
0,0,0,0,0,0,0,0,0,0,0,0,1.1025645349747095,1553998565,6,47319,49,8183,1.414767601238088,1558192933,6,47454,49,8122,1.3219546949420395,1558193928,10,47412,49,45
0,0,0,0,0,0,0,0,0,0,0,0,1.1501959792806695,1554001256,12,47340,49,9,0.6128849870235076,1545609465,5,47108,49,8171,0.8376825213683987,1551902794,11,47208,49,8171
0,0,0,0,0,0,0,0,0,0,0,0,1.1711044479191237,1553998547,7,47351,49,24,1.6636355384021349,1560289309,6,47558,49,8189,0.9883282992019099,1553999643,10,47275,49,25
0,0,0,0,0,0,0,0,0,0,0,0,1.195481540936769,1554000801,12,47360,49,8167,0.8587936454162692,1549803248,5,47217,49,8153,0.5644392946540544,1545611576,12,47087,49,39
0,0,0,0,0,0,0,0,0,0,0,0,1.2286305932321326,1556098083,12,47371,49,8133,0.7393581415060735,1547705828,5,47164,49,8170,0.645625098356955,1547708778,11,47131,49,53
0,0,0,0,0,0,0,0,0,0,0,0,1.259024824498306,1556097856,11,47387,49,8149,1.202312878941091,1553998488,6,47361,49,8147,1.4348637378227878,1560291300,11,47457,49,8128
0,0,0,0,0,0,0,0,0,0,0,0,1.2636143530900512,1556095065,6,47390,49,8170,1.0564592761770766,1553996874,5,47303,49,45,1.5403261889285162,1562388407,11,47503,49,24
0,0,0,0,0,0,0,0,0,0,0,0,1.2971705042601396,1556099425,14,47405,49,30,1.5153337966496352,1560288246,5,47500,49,8164,1.090528424434685,1556096816,10,47313,49,8173
0,0,0,0,0,0,0,0,0,0,0,0,1.3200177566352367,1556098187,12,47413,49,8178,1.4712732375252893,1558192293,5,47476,49,8162,1.2283238885955752,1558194222,11,47370,49,25
0,0,0,0,0,0,0,0,0,0,0,0,1.3537783803404138,1556098194,12,47426,49,8172,0.7403786397471606,1547707082,6,47162,49,8172,0.8051450568094416,1549805585,10,47199,49,8150
0,0,0,0,0,0,0,0,0,0,0,0,1.3676491997665015,1558195338,13,47434,49,3,0.6114555738912165,1547705561,5,47114,49,8188,0.9363117915400541,1553999204,10,47249,49,11
0,0,0,0,0,0,0,0,0,0,0,0,1.4576087551558587,1558195251,13,47472,49,18,1.0881788763767948,1553998305,6,47320,49,8142,0.778728782297514,1549806169,11,47186,49,8178
0,0,0,0,0,0,0,0,0,0,0,0,1.5296172951278963,1560292707,12,47502,49,8172,1.6549658121614907,1560288840,5,47555,49,8169,1.6748556229623188,1564485262,10,47568,49,52
0,0,0,0,0,0,0,0,0,0,0,0,1.5897941872408927,1560292836,12,47528,49,8161,1.6136582213671002,1560290107,6,47536,49,8159,0.6760211326897866,1547708662,11,47137,49,8157
0,0,0,0,0,0,0,0,0,0,0,0,1.639669271204141,1562389382,13,47551,49,43,0.9315159771904312,1551901336,6,47248,49,8143,14.583796137433437,1560291717,11,47527,49,8134
0,0,0,0,0,0,0,0,0,0,0,0,1.7567589137219382,1562387980,7,47603,49,8157,1.369991374968874,1558191722,5,47437,49,8160,1.4433271285725333,1562388714,11,47470,49,67
0,0,0,0,0,0,0,0,0,0,0,0,0.6412418200999018,1547709400,12,47124,49,31,1.7455370304193454,1545609020,5,47083,49,8168,1.3693835146652347,1558193657,10,47427,49,8127
0,0,0,0,0,0,0,0,0,0,0,0,0.6859158075051893,1547709963,13,47142,49,8176,1.6577187738595884,1562386464,5,47560,49,8140,1.5568477325850463,1560291128,10,47517,49,8182
0,0,0,0,0,0,0,0,0,0,0,0,0.7389528266319862,1547709522,13,47166,49,51,0.9166246490933205,1551899987,5,47242,49,8191,1.2233254196264913,1558194276,10,47371,49,3
0,0,0,0,0,0,0,0,0,0,0,0,0.8469656292733363,1549804243,7,47211,49,8167,1.2582050963775055,1556095362,5,47389,49,8159,1.0624782438987836,1556096945,10,47308,49,7
0,0,0,0,0,0,0,0,0,0,0,0,0.8836837036556545,1551903938,13,47227,49,8182,1.1684500258739912,1553997686,5,47349,49,8160,1.2463752960825918,1558193814,10,47385,49,7
0,0,0,0,0,0,0,0,0,0,0,0,0.9187697018187952,1551903791,12,47244,49,8191,1.5924430465367367,1560289556,6,47528,49,8184,0.8654259916862274,1551902338,10,47216,49,8191
0,0,0,0,0,0,0,0,0,0,0,0,0.9313151497552334,1551903708,12,47249,49,17,1.495752570931915,1558192694,5,47484,49,8177,1.0452410330435786,1553996860,4,47301,49,8183
0,0,0,0,0,0,0,0,0,0,0,0,0.9349864111638974,1551900951,6,47253,49,8183,0.7157970939809443,1547706185,5,47155,49,8121,0.6332841118231216,1549806222,11,47124,49,13
0,0,0,0,0,0,0,0,0,0,0,0,0.9753775666440276,1551904343,12,47265,49,6,0.6071727283237311,1545609170,6,47108,49,8168,0.7458864373516836,1551902448,10,47172,49,8139
0,0,0,0,0,0,0,0,0,0,0,0,0.974764171216787,1551904272,12,47271,49,6,1.0446276339628184,1551899843,5,47299,49,8128,1.560621216866851,1560291926,12,47520,49,9
0,0,0,0,0,0,0,0,0,0,0,0,1.0088314882351803,1551902976,12,47281,49,29,0.9506901365074499,1551900888,5,47260,49,22,1.7023947041033527,1564485451,10,47578,49,8172
0,0,0,0,0,0,0,0,0,0,0,0,1.0300466593047832,1551903425,12,47289,49,8191,1.3825368227800954,1558192075,5,47442,49,8125,1.2674882321910113,1558193880,11,47394,49,12
0,0,0,0,0,0,0,0,0,0,0,0,1.0416738364206228,1551903645,12,47295,49,10,1.2715665831458831,1556094384,5,47394,49,8181,1.3980434290583001,1560291400,11,47442,49,37
0,0,0,0,0,0,0,0,0,0,0,0,1.0666625000983645,1551903334,12,47306,49,91,1.6495602475514775,1560289261,5,47553,49,8113,1.0782896766608476,1556096511,10,47305,49,13
0,0,0,0,0,0,0,0,0,0,0,0,1.095526889006786,1554002180,14,47319,49,9,0.9207048388448199,1551899618,4,47243,49,8142,0,1549806163,11,47162,49,8142
0,0,0,0,0,0,0,0,0,0,0,0,1.1289808072001057,1554000792,12,47335,49,14,0.83604863409923,1549803436,5,47209,49,8166,0.8676696422727709,1551901938,9,47218,49,8182
0,0,0,0,0,0,0,0,0,0,0,0,1.1917080505684094,1553997807,6,47360,49,8182,1.3504082816389995,1556093948,5,47430,49,8142,1.681995508531634,1564485382,11,47570,49,5
0,0,0,0,0,0,0,0,0,0,0,0,1.2277123194376685,1556098000,12,47375,49,15,1.3100189648629617,1556094564,5,47410,49,8174,0.6560291222284175,1549805176,10,47133,49,8145
0,0,0,0,0,0,0,0,0,0,0,0,1.3060447004352644,1556095657,6,47407,49,14,0.6264491297556966,1547706371,5,47120,49,25,1.519313623820187,1560290911,11,47501,49,8155
0,0,0,0,0,0,0,0,0,0,0,0,1.325218851536606,1558195188,13,47419,49,75,0.6053361949399304,1545608714,5,47111,49,8171,1.7007626283509731,1562388195,11,47578,49,23
0,0,0,0,0,0,0,0,0,0,0,0,1.3831520973365075,1558193269,7,47443,49,8175,1.1168406284926904,1553997126,5,47328,49,5,1.3684633861449105,1560291394,10,47436,49,8170
0,0,0,0,0,0,0,0,0,0,0,0,1.431804053201658,1558195261,12,47462,49,30,1.066454371911664,1553997933,5,47310,49,8178,1.5653129803986239,1560291776,11,47522,49,10
0,0,0,0,0,0,0,0,0,0,0,0,1.4637281237535242,1558194918,12,47477,49,9,1.61447426124465,1560288994,5,47537,49,8139,1.170186175088744,1556096508,10,47348,49,8158
0,0,0,0,0,0,0,0,0,0,0,0,1.506056237135667,1560292551,13,47494,49,8153,1.5254311233721225,1560290027,6,47506,49,8184,1.291764936961746,1558193964,10,47396,49,8183
0,0,0,0,0,0,0,0,0,0,0,0,1.5184994490326613,1560289920,6,47499,49,8185,0.8550201511873744,1549803164,5,47215,49,8190,0.8031058690281715,1551902573,10,47195,49,9
0,0,0,0,0,0,0,0,0,0,0,0,1.5349206228461056,1560290169,7,47506,49,18,0.7616942276448171,1549803632,6,47178,49,8172,0.907754098295997,1551902577,10,47233,49,8161
0,0,0,0,0,0,0,0,0,0,0,0,1.5223751729356474,1560293228,14,47501,49,8185,1.263610661910682,1556095753,6,47393,49,8165,1.5725551039422396,1560290882,10,47523,49,8186
0,0,0,0,0,0,0,0,0,0,0,0,1.520947569082614,1560292619,13,47499,49,8189,1.1933364490767246,1553998349,6,47362,49,0,1.6267148646145266,1564485406,11,47544,49,8188
0,0,0,0,0,0,0,0,0,0,0,0,1.485045536876224,1558195310,12,47483,49,35,1.6572094532237744,1560289588,6,47558,49,8102,1.061459569521715,1556096650,10,47302,49,8180
0,0,0,0,0,0,0,0,0,0,0,0,1.4317018160187402,1558195439,13,47462,49,46,1.5481761382441421,1560289508,5,47515,49,8146,1.1140894774780037,1556097252,10,47322,49,14
0,0,0,0,0,0,0,0,0,0,0,0,1.35826567180927,1556097838,12,47430,49,50,0.774035210798484,1549802978,5,47185,49,8182,1.7351348174335222,1562387964,10,47593,49,13
0,0,0,0,0,0,0,0,0,0,0,0,1.2792194877510414,1556097502,12,47397,49,8156,0.6623511615790282,1547707412,6,47136,49,28,0.5331267926082165,1547708312,10,47074,49,8151
0,0,0,0,0,0,0,0,0,0,0,0,1.1870162865897937,1556097861,12,47357,49,8158,1.0623760133737097,1551899919,5,47302,49,8178,1.1851778990050716,1556097006,10,47361,49,8150
0,0,0,0,0,0,0,0,0,0,0,0,1.096954498598697,1554001142,12,47320,49,8151,0.8745010112698159,1549803487,5,47223,49,6,1.2256713015120677,1558194546,11,47372,49,27
0,0,0,0,0,0,0,0,0,0,0,0,0.8528805436047702,1549804427,7,47217,49,16,1.0242303343849102,1551901672,6,47283,49,8183,0.6040126018343033,1549801909,4,47107,49,18
0,0,0,0,0,0,0,0,0,0,0,0,0.6926467646894172,1547707191,7,47148,49,10,1.3188931622538793,1556096124,6,47410,49,8175,1.213940047579685,1556096946,11,47375,49,8127
0,0,0,0,0,0,0,0,0,0,0,0,1.7781785478953827,1547709446,13,47097,49,8162,1.0916475006306396,1553998961,6,47318,49,8190,1.2225075351767876,1556097436,11,47379,49,18
0,0,0,0,0,0,0,0,0,0,0,0,1.6055015598254878,1560290088,7,47534,49,6,1.365197374357144,1558192401,6,47436,49,8179,0.6023805275239084,1549805453,11,47109,49,9
0,0,0,0,0,0,0,0,0,0,0,0,1.4763758111341567,1558195663,13,47480,49,8151,1.1762014746249525,1553997774,5,47353,49,8146,0.6052375532414364,1547708461,10,47105,49,23
0,0,0,0,0,0,0,0,0,0,0,0,1.280035526959351,1556095633,6,47397,49,8181,1.3995695585379964,1558192088,5,47451,49,8168,1.0762486651867018,1556097252,11,47311,49,27
0,0,0,0,0,0,0,0,0,0,0,0,1.1433628016441133,1554000972,12,47337,49,11,1.2093505241190603,1553997725,5,47364,49,8182,1.0630916460919955,1556096712,10,47304,49,8161
0,0,0,0,0,0,0,0,0,0,0,0,0.8985750335647462,1549806651,13,47233,49,8186,1.4869806077327747,1558191863,5,47482,49,8176,1.5461388406308543,1562388382,11,47512,49,8173
0,0,0,0,0,0,0,0,0,0,0,0,1.679753744023511,1562387058,6,47567,49,8190,1.4953436180563247,1558191678,5,47488,49,8184,0.6742868282786386,1549805600,11,47140,49,9
0,0,0,0,0,0,0,0,0,0,0,0,1.5226818871134087,1560292989,14,47499,49,14,1.233930240877898,1556094861,5,47379,49,8142,0.5468953994120875,1549805845,11,47085,49,8174
0,0,0,0,0,0,0,0,0,0,0,0,1.2284261233541642,1556098227,12,47376,49,8128,1.5002398581417766,1558192463,5,47488,49,30,0.9513053529195761,1553999632,10,47256,49,8176
0,0,0,0,0,0,0,0,0,0,0,0,1.0229067803146557,1551901447,7,47287,49,12,1.2322981624667801,1556094739,5,47379,49,8130,0.7901533079496941,1551902052,10,47188,49,45
0,0,0,0,0,0,0,0,0,0,0,0,0.6994817509185923,1547707254,7,47146,49,14,1.4650516322519318,1558192325,5,47473,49,8165,1.159679904017875,1558193815,11,47349,49,2
0,0,0,0,0,0,0,0,0,0,0,0,1.6594568463775035,1562389970,14,47558,49,28,1.194968527858357,1553997196,5,47361,49,8109,0.987614493285748,1551902092,10,47276,49,16
0,0,0,0,0,0,0,0,0,0,0,0,1.042694340788317,1551904698,14,47293,49,40,1.0854258944209298,1553997718,5,47315,49,66,1.1142921107980335,1556097211,11,47330,49,8170
0,0,0,0,0,0,0,0,0,0,0,0,1.5905079887507512,1560292487,12,47530,49,28,0.9172362204048418,1551899968,5,47246,49,8115,1.2505577270698067,1558194366,11,47386,49,18
0,0,0,0,0,0,0,0,0,0,0,0,1.1959927141183788,1556098493,13,47358,49,6,1.0576842493950938,1551900501,5,47301,49,26,1.5051360937185343,1562388361,11,47498,49,66
0,0,0,0,0,0,0,0,0,0,0,0,0.9194835077877139,1551904135,13,47245,49,8158,0.7488438979709964,1547705817,5,47169,49,8135,1.2953339543439757,1558193810,11,47403,49,10
0,0,0,0,0,0,0,0,0,0,0,0,1.745540663592036,1562389655,13,47594,49,10,0.8306430640979637,1549804641,6,47207,49,8159,1.603765367775104,1562389104,11,47539,49,8181
0,0,0,0,0,0,0,0,0,0,0,0,1.5053424350832134,1558195122,12,47493,49,3,1.664756417202309,1562386720,6,47565,49,8132,1.3075726946518822,1560291232,10,47411,49,8189
0,0,0,0,0,0,0,0,0,0,0,0,1.1537668367309275,1553995936,3,47340,49,25,1.7409474982749904,1545609904,6,47082,49,8136,1.575207702048036,1562388481,10,47523,49,8122
0,0,0,0,0,0,0,0,0,0,0,0,0.9046944099308241,1551904423,13,47238,49,8170,1.3617305982560126,1556093970,4,47432,49,1,1.3215457491674807,1558193978,10,47418,49,65
0,0,0,0,0,0,0,0,0,0,0,0,0.9784372544867369,1551904853,13,47267,49,8177,0.7065157963687387,1547707009,6,47152,49,8182,1.1980300520701546,1556096813,10,47365,49,8157
0,0,0,0,0,0,0,0,0,0,0,0,1.6618027284625634,1562389890,12,47560,49,47,1.5185979558975915,1560288385,5,47502,49,8150,1.0440178903350927,1553999718,11,47299,49,8191
0,0,0,0,0,0,0,0,0,0,0,0,1.3675469631254837,1558192875,7,47437,49,8191,1.5450142155432596,1560289084,5,47515,49,8138,1.2198567920582712,1556096507,9,47375,49,8141
0,0,0,0,0,0,0,0,0,0,0,0,1.1799786406218702,1554001510,13,47356,49,8153,1.1795678644541792,1553998100,5,47354,49,8173,0.9727231641659031,1554000286,10,47270,49,8142
0,0,0,0,0,0,0,0,0,0,0,0,0.9071425237721548,1551901202,7,47239,49,37,1.1842596278742412,1553998159,5,47356,49,11,1.1181678356297338,1556096915,10,47332,49,8149
0,0,0,0,0,0,0,0,0,0,0,0,0.7276323361308162,1547710398,13,47159,49,8172,0.7607759580685431,1549803199,5,47180,49,8128,0.8837841199663211,1551902743,10,47230,49,8188
0,0,0,0,0,0,0,0,0,0,0,0,1.6313062621866352,1562390318,14,47547,49,8177,0.7508830873133989,1547706028,5,47173,49,18,1.0253530691185322,1553999655,10,47290,49,60
0,0,0,0,0,0,0,0,0,0,0,0,1.4485319389024265,1558195841,12,47467,49,42,1.5326732456790169,1560289367,5,47508,49,8128,1.0253530691185322,1553999655,10,47290,49,60
0,0,0,0,0,0,0,0,0,0,0,0,1.1760006808598416,1554001129,12,47355,49,8171,1.5063592237023609,1558192130,6,47494,49,8168,0.9606888805576342,1551903504,12,47260,49,8187
0,0,0,0,0,0,0,0,0,0,0,0,1.0032214531306647,1551901661,7,47281,49,13,0,1553996993,5,47305,49,0,0.732524952615281,1549802821,4,47169,49,8134
0,0,0,0,0,0,0,0,0,0,0,0,0.7641459517687973,1549806505,12,47177,49,8190,1.03432766558071,1551900939,6,47290,49,45,0.8561428802685489,1554000413,11,47221,49,8175
0,0,0,0,0,0,0,0,0,0,0,0,1.7915400340730359,1545612159,12,47104,49,8121,1.7973508918820287,1545609028,5,47105,49,8155,0.6514413850065943,1547709102,11,47124,49,42
0,0,0,0,0,0,0,0,0,0,0,0,1.5288012551677967,1560292236,12,47504,49,30,1.6932138265110814,1562386916,6,47574,49,8133,0.8168762774280137,1551902665,11,47198,49,14
0,0,0,0,0,0,0,0,0,0,0,0,1.3627529625037633,1558195554,12,47436,49,8187,1.233828003287263,1556095080,5,47382,49,8185,1.729015441459809,1564485582,10,47591,49,8181
0,0,0,0,0,0,0,0,0,0,0,0,1.090937358746663,1553998337,6,47317,49,22,1.145909481667263,1553998328,6,47340,49,8167,0.7078429815403385,1549805727,10,47155,49,33
0,0,0,0,0,0,0,0,0,0,0,0,0.9266233857766176,1551901401,7,47248,49,8182,0.6540903614072427,1547707040,6,47130,49,8174,1.5874464344792838,1560291194,11,47531,49,8190
0,0,0,0,0,0,0,0,0,0,0,0,0.6941766091956854,1547710156,13,47151,49,8,1.7369695405072665,1545609372,5,47081,49,8182,0.5356753415570754,1547708181,10,47083,49,9
0,0,0,0,0,0,0,0,0,0,0,0,1.4872891812212041,1558195095,12,47487,49,8,1.0776744438090493,1553997667,5,47313,49,8116,1.6234507022762006,1562388178,11,47546,49,8164
0,0,0,0,0,0,0,0,0,0,0,0,1.3258322678211074,1556098261,13,47414,49,8127,1.7927613612495703,1545609251,5,47102,49,8176,1.36305781917716,1558194014,10,47435,49,8158
0,0,0,0,0,0,0,0,0,0,0,0,1.0743117174542494,1554000578,12,47312,49,8137,1.581427437912674,1560288771,5,47526,49,30,1.4490394069965211,1558194038,11,47472,49,32
0,0,0,0,0,0,0,0,0,0,0,0,0.9087745996492577,1549806529,12,47239,49,4,1.0634969196315078,1553997253,5,47308,49,8103,1.1784487974148434,1553999639,11,47349,49,10
0,0,0,0,0,0,0,0,0,0,0,0,0.6709222489420573,1547709417,12,47139,49,8162,0.901326211197638,1549803472,5,47234,49,7,1.32430057653238,1558194793,11,47415,49,8178
0,0,0,0,0,0,0,0,0,0,0,0,1.6924014344626455,1562387123,6,47572,49,30,1.5262471628205332,1560288787,5,47507,49,8182,1.0010782122503095,1551903024,11,47280,49,8172
0,0,0,0,0,0,0,0,0,0,0,0,1.438332370936182,1558192610,6,47463,49,8182,1.3336822545432385,1556094821,5,47419,49,8140,1.1174540313701515,1556097359,10,47331,49,8151
0,0,0,0,0,0,0,0,0,0,0,0,1.2497435318141477,1556098004,12,47384,49,37,0.7538405444401517,1547706127,5,47176,49,8135,0.7793421666204428,1549805547,11,47182,49,9
0,0,0,0,0,0,0,0,0,0,0,0,0.9494706320759602,1551903593,12,47256,49,8158,1.7519631011825225,1545610027,6,47086,49,8162,0.9213182294971973,1551902329,10,47246,49,8184
0,0,0,0,0,0,0,0,0,0,0,0,0.7593519574403609,1547709777,13,47176,49,6,1.1997625253692341,1553997938,5,47364,49,8147,0.9213182294971973,1551902329,10,47246,49,8184
0,0,0,0,0,0,0,0,0,0,0,0,1.641403591420592,1562390079,13,47552,49,8159,0.9352894681706849,1551900557,5,47253,49,8131,0.804228599311029,1551903237,10,47194,49,8171
0,0,0,0,0,0,0,0,0,0,0,0,1.4325178557137896,1558192992,6,47464,49,8175,1.5875468018524022,1560290288,6,47532,49,8135,1.68985107282346,1562388229,10,47567,49,8160
0,0,0,0,0,0,0,0,0,0,0,0,1.1329587665884964,1554001222,13,47337,49,6,1.3553045172990659,1556094137,5,47433,49,8133,0.6507257800957629,1549806124,11,47131,49,6
0,0,0,0,0,0,0,0,0,0,0,0,0.6343064031659033,1547707640,7,47122,49,8130,1.7339098520118323,1545608459,5,47081,49,72,1.673325781032695,1562388546,11,47569,49,8176
0,0,0,0,0,0,0,0,0,0,0,0,1.6338566223614284,1560292378,12,47546,49,8133,1.1892580957800987,1553998367,6,47357,49,8188,1.673325781032695,1562388546,11,47569,49,8176
0,0,0,0,0,0,0,0,0,0,0,0,1.3052286612363253,1556095003,6,47408,49,8183,0.8864348817940019,1549803380,5,47230,49,8182,1.6098866072283673,1560291133,10,47535,49,22
0,0,0,0,0,0,0,0,0,0,0,0,1.089509748855685,1554001101,12,47315,49,3,1.4728030770909422,1558191719,5,47481,49,8182,1.348166488661626,1560291507,10,47429,49,8187
0,0,0,0,0,0,0,0,0,0,0,0,0.7412987086212941,1549806659,13,47169,49,27,1.1389740702328244,1553997470,5,47338,49,8134,1.5604186092174477,1562388003,10,47516,49,45
0,0,0,0,0,0,0,0,0,0,0,0,1.6990301350387698,1562387201,6,47579,49,96,1.6740377014161374,1545610132,6,47060,49,8185,1.373870806276328,1558194014,11,47433,49,28
0,0,0,0,0,0,0,0,0,0,0,0,1.379787555777487,1558194888,12,47437,49,28,1.3432702539071075,1556094520,5,47423,49,8141,1.6172309698677794,1562388604,11,47538,49,8179
0,0,0,0,0,0,0,0,0,0,0,0,1.6615982493431287,1562389533,12,47562,49,12,0.6906039695295505,1547706773,5,47150,49,8175,1.3803972678657948,1560291478,10,47444,49,9
0,0,0,0,0,0,0,0,0,0,0,0,1.2154735751295969,1556097838,12,47368,49,8164,1.356936596558068,1556093765,4,47433,49,7,1.6212070591340528,1564485617,10,47547,49,8134
0,0,0,0,0,0,0,0,0,0,0,0,0.8854180109264805,1551903750,13,47228,49,8136,0.5946272805361065,1545609071,5,47107,49,5,1.3525515398903019,1558194030,10,47437,49,1
0,0,0,0,0,0,0,0,0,0,0,0,1.5671514074355832,1560290065,6,47520,49,46,1.1928271145592704,1553997682,5,47362,49,8183,1.4952432407582716,1562388989,10,47494,49,8163
0,0,0,0,0,0,0,0,0,0,0,0,1.2341383966355373,1556098760,13,47377,49,22,1.6018265711426452,1560289454,5,47536,49,8175,1.216694869988465,1558193497,10,47377,49,41
0,0,0,0,0,0,0,0,0,0,0,0,0.6593972975254744,1547707511,7,47132,49,2,0.9164201807472363,1551901119,5,47248,49,19,1.3264419850481106,1560290818,10,47421,49,8183
0,0,0,0,0,0,0,0,0,0,0,0,1.463014321471061,1558195686,13,47477,49,37,1.2874784219984958,1556095606,6,47402,49,6,1.0128076206169396,1551902385,11,47288,49,31
0,0,0,0,0,0,0,0,0,0,0,0,0.8422738653425964,1549804887,7,47211,49,8173,1.7544112143163932,1545609076,5,47088,49,8140,1.1057246212480667,1556096838,10,47329,49,8190
0,0,0,0,0,0,0,0,0,0,0,0,1.5904057498356214,1560292193,12,47532,49,8142,0.8481869674859354,1549803360,5,47214,49,54,0.7184496606794336,1549805366,10,47166,49,8141
0,0,0,0,0,0,0,0,0,0,0,0,0.9174443216157068,1551904762,13,47242,49,8186,1.2183251050727635,1556094066,4,47377,49,15,0.7620045295073717,1551902645,11,47171,49,3
0,0,0,0,0,0,0,0,0,0,0,0,1.6247779388838974,1560291875,12,47547,49,11,1.4682135513076338,1558192682,5,47479,49,34,1.5419582687980709,1560291001,10,47508,49,8188
0,0,0,0,0,0,0,0,0,0,0,0,0.874809518685938,1551903307,12,47228,49,37,1.7517586340835913,1545609995,6,47091,49,8144,1.4629102204962987,1560290977,11,47483,49,56
0,0,0,0,0,0,0,0,0,0,0,0,0.7610862625328272,1549807101,13,47175,49,8150,0.927435782923308,1551900968,5,47253,49,8,0.8764415946678217,1551903176,12,47225,49,6
0,0,0,0,0,0,0,0,0,0,0,0,1.3929445722310818,1558195644,12,47444,49,21,1.0598256614390087,1553998287,6,47307,49,,1.5800017041906995,1560291832,11,47527,49,8166
0,0,0,0,0,0,0,0,0,0,0,0,1.6913809142909906,1562389474,13,47574,49,9,1.2130217744148055,1556094474,5,47373,49,8159,1.3705025541453941,1560291393,9,47445,49,8173
0,0,0,0,0,0,0,0,0,0,0,0,1.0805333247692939,1554001611,13,47315,49,8163,1.3399038586037362,1556095355,5,47425,49,8120,0.8053513291664178,1549805284,10,47194,49,8139
0,0,0,0,0,0,0,0,0,0,0,0,1.3416400250308769,1556098181,12,47427,49,35,1.4414905744022302,1558192591,5,47469,49,8170,0.5361864827003918,1547708513,11,47081,49,28
0,0,0,0,0,0,0,0,0,0,0,0,0.8527801243093656,1549806708,13,47212,49,15,1.569493548781688,1560289555,5,47526,49,8163,0.8145303948641932,1549805376,11,47202,49,8186
0,0,0,0,0,0,0,0,0,0,0,0,1.5267620871622927,1560289761,6,47500,49,26,1.6905612462976787,1562387161,6,47579,49,8146,1.0385100865160544,1553999422,10,47302,49,8148
0,0,0,0,0,0,0,0,0,0,0,0,0.794642418148457,1549807618,13,47190,49,32,1.7480873741760123,1545608942,5,47087,49,8080,1.5932609549612124,1562388757,11,47535,49,8150
0,0,0,0,0,0,0,0,0,0,0,0,0.9269300816115972,1551903653,12,47245,49,28,0.620736866555169,1547706257,5,47124,49,14,1.1968069136017718,1558193856,11,47366,49,15
0,0,0,0,0,0,0,0,0,0,0,0,1.4070198645499372,1558196456,13,47450,49,19,0.713655670357614,1547706619,5,47157,49,8143,1.1968069136017718,1558193856,11,47366,49,15
0,0,0,0,0,0,0,0,0,0,0,0,1.5372665047556204,1560292808,12,47509,49,24,0.8441067782440894,1549804073,5,47214,49,8098,1.3177722599807968,1558194355,11,47420,49,0
0,0,0,0,0,0,0,0,0,0,0,0,0.8410489022148744,1549806794,12,47215,49,8154,0.9360032711806094,1551900774,5,47257,49,8179,0.6685745658640033,1549805200,10,47145,49,7
0,0,0,0,0,0,0,0,0,0,0,0,1.0213769366680698,1551904789,13,47287,49,8177,1.1419315204522615,1553998404,6,47342,49,8167,1.4696430161597809,1560292181,11,47483,49,0
0,0,0,0,0,0,0,0,0,0,0,0,1.5302288588355726,1560292495,12,47506,49,21,1.231686591043207,1556094637,5,47383,49,8171,0.748641239768333,1551902626,10,47176,49,18
0,0,0,0,0,0,0,0,0,0,0,0,1.7353410976479597,1562387182,6,47591,49,8155,1.4603598656401338,1558191517,5,47477,49,8132,1.5180904956201915,1560292374,11,47504,49,13
0,0,0,0,0,0,0,0,0,0,0,0,1.0692128488974013,1554001288,12,47306,49,56,1.5891788814465369,1560289854,6,47534,49,8184,0.8812355901175385,1551902515,10,47228,49,8184
0,0,0,0,0,0,0,0,0,0,0,0,1.308799525051972,1556098038,12,47405,49,8190,0.5982985465702251,1545608180,4,47113,49,29,1.6586389281261489,1564485604,11,47566,49,8178
0,0,0,0,0,0,0,0,0,0,0,0,0.6438943892006846,1547710535,13,47124,49,8175,0.7596550361244208,1547706146,5,47179,49,6,1.017703850667087,1551902607,11,47290,49,27
0,0,0,0,0,0,0,0,0,0,0,0,0.8865389283930972,1551904367,14,47233,49,8180,0.9911835204422038,1551901079,5,47277,49,8150,0.6139054767807984,1549805370,10,47121,49,8179
0,0,0,0,0,0,0,0,0,0,0,0,1.7863389284299311,1545612388,12,47099,49,3,1.4713754725122064,1558192705,6,47481,49,12,0.8802150887774421,1551902799,11,47230,49,33
0,0,0,0,0,0,0,0,0,0,0,0,1.2105773414222047,1556097994,12,47368,49,35,1.6454800417212634,1560288289,5,47558,49,8130,1.4608710525672626,1560291152,11,47481,49,8117
0,0,0,0,0,0,0,0,0,0,0,0,1.5248232930501302,1560293078,13,47503,49,8165,0.7252828479424406,1547706438,5,47164,49,8182,1.0795128185250142,1556097106,11,47316,49,24
0,0,0,0,0,0,0,0,0,0,0,0,0.9541623961343692,1551901680,6,47258,49,8128,0.9070366527900047,1551900125,5,47246,49,8164,1.6546609649662871,1564485631,10,47565,49,8175
0,0,0,0,0,0,0,0,0,0,0,0,1.3195084251018556,1556098452,13,47412,49,98,1.2537178014762924,1556094721,5,47391,49,8169,1.3352139456168002,1558194905,11,47426,49,42
0,0,0,0,0,0,0,0,0,0,0,0,1.773486783916767,1545612288,12,47097,49,19,0.8950023696766282,1549803402,5,47236,49,15,0.8464544722460086,1549805405,10,47218,49,8182
0,0,0,0,0,0,0,0,0,0,0,0,0.9854749006940408,1551904911,13,47271,49,18,1.2741169336273201,1556095942,6,47399,49,8154,0.5330245636797432,1564486602,11,47595,49,11
0,0,0,0,0,0,0,0,0,0,0,0,1.6820996260846328,1562389560,12,47569,49,8184,1.553379094400079,1560289745,5,47517,49,8165,1.065335293020524,1556097089,11,47312,49,8110
0,0,0,0,0,0,0,0,0,0,0,0,0.9525303199651542,1551901342,6,47258,49,15,0.7692430250860104,1549803555,5,47181,49,8181,0.7567998052700703,1551902877,10,47185,49,8187
0,0,0,0,0,0,0,0,0,0,0,0,1.6838339468207653,1562390869,14,47568,49,8166,1.0510537042860977,1553997739,5,47306,49,8167,1.3953908353380684,1560291203,10,47452,49,16
0,0,0,0,0,0,0,0,0,0,0,0,0.9705835703388013,1551901500,7,47265,49,45,1.5007491790440586,1560288830,5,47497,49,8164,1.0934858755516896,1556097098,10,47324,49,8177
0,0,0,0,0,0,0,0,0,0,0,0,1.732892983941373,1562387550,7,47591,49,8161,0.5993190427911846,1545608470,5,47111,49,8167,1.6817929065384956,1562388797,11,47572,49,15
0,0,0,0,0,0,0,0,0,0,0,0,1.0722725360698462,1554001408,13,47308,49,8182,1.7070846493968728,1545609094,5,47074,49,8175,1.4927951194655904,1560291149,11,47497,49,8152
0,0,0,0,0,0,0,0,0,0,0,0,1.130408415883055,1554001567,13,47338,49,16,1.2074117353951157,1556095233,6,47373,49,8175,1.647623319173909,1562388609,11,47563,49,8148
0,0,0,0,0,0,0,0,0,0,0,0,0.7045806340585744,1547709518,12,47153,49,8160,1.506461460039873,1560289273,5,47497,49,2,1.0108706712889854,1551902283,10,47286,49,58
0,0,0,0,0,0,0,0,0,0,0,0,1.2230205554590525,1556095695,7,47374,49,18,0.689585275417254,1547706216,5,47146,49,8137,0.6061540233601652,1549805435,10,47118,49,8178
0,0,0,0,0,0,0,0,0,0,0,0,0.7996408736507563,1549804397,6,47189,49,8,0.9722120001026607,1551900140,5,47271,49,15,1.1473389238810205,1558193780,10,47348,49,8190
0,0,0,0,0,0,0,0,0,0,0,0,1.378869279912226,1558195443,13,47438,49,8169,1.4752511959988628,1558192363,5,47483,49,8158,0.7704679830737816,1551902644,10,47187,49,8189
0,0,0,0,0,0,0,0,0,0,0,0,1.639669271108389,1562389574,13,47553,49,8162,1.1540698682225716,1553997773,5,47344,49,8118,1.0371828772117786,1556096546,10,47307,49,13
0,0,0,0,0,0,0,0,0,0,0,0,1.2878892121300332,1556097961,12,47402,49,8154,1.5202300335253436,1560289322,5,47506,49,15,1.0371828772117786,1556096546,10,47307,49,13
0,0,0,0,0,0,0,0,0,0,0,0,0.7397688640178829,1549806642,12,47168,49,3,0.8903106062246489,1549802975,5,47234,49,8184,1.2998193898263004,1560288268,4,47420,49,8187
0,0,0,0,0,0,0,0,0,0,0,0,1.0972611999158493,1553998744,6,47319,49,8190,0.724059695130742,1547706445,5,47160,49,8173,1.542467593319294,1562388540,11,47513,49,8158
0,0,0,0,0,0,0,0,0,0,0,0,0.7813831634590387,1549807151,12,47184,49,8160,1.142135989775266,1553998428,6,47341,49,8120,0.9472251611608223,1551902253,11,47261,49,8155
0,0,0,0,0,0,0,0,0,0,0,0,1.4803537729454845,1560292758,13,47483,49,17,0.5800426396200401,1545609273,5,47100,49,8182,0.6433832436719887,1547708497,11,47128,49,8167
0,0,0,0,0,0,0,0,0,0,0,0,1.1296946115287452,1554001323,13,47337,49,23,0.9675202367464335,1551901166,6,47269,49,8181,1.2334227492541927,1558194205,11,47383,49,8177
0,0,0,0,0,0,0,0,0,0,0,0,0.6438943892006846,1547709334,12,47124,49,17,1.5764289533229996,1560289351,5,47531,49,13,0.9425315710700626,1554000027,10,47267,49,8179
0,0,0,0,0,0,0,0,0,0,0,0,1.5039148309116892,1558195111,12,47492,49,8160,0.7587367686391004,1549804089,6,47178,49,8183,1.5384896310364768,1560291172,11,47512,49,8108
0,0,0,0,0,0,0,0,0,0,0,0,0.995979341321952,1551904181,12,47280,49,17,1.333988963325726,1556094856,5,47418,49,8176,1.2617778034063378,1556096878,11,47393,49,8157
0,0,0,0,0,0,0,0,0,0,0,0,0.6564380388679879,1547709146,11,47137,49,8160,1.6836258344190507,1562386538,5,47574,49,8168,1.2617778034063378,1556096878,11,47393,49,8157
0,0,0,0,0,0,0,0,0,0,0,0,1.3403146553234146,1556098155,12,47424,49,33,1.0426906856279667,1551901214,6,47298,49,8172,1.5014648455348363,1562388345,10,47499,49,8108
0,0,0,0,0,0,0,0,0,0,0,0,1.5977501123990467,1560293267,13,47532,49,39,0.7426222892179506,1547706593,5,47168,49,8130,0.5697426377456574,1549805719,11,47098,49,8155
0,0,0,0,0,0,0,0,0,0,0,0,1.1939516976881128,1556097718,12,47363,49,32,1.0697185243834262,1553997361,5,47313,49,8170,1.155190765394024,1556096780,10,47358,49,8136
0,0,0,0,0,0,0,0,0,0,0,0,0.6046259737828851,1545612498,13,47109,49,8128,1.606620574122482,1560289278,5,47537,49,11,0.8498208552201737,1551902455,10,47216,49,8131
0,0,0,0,0,0,0,0,0,0,0,0,1.385804689508014,1558195984,13,47442,49,8147,0.7480278594898314,1547706031,5,47171,49,8154,1.4640329743962976,1562388363,11,47482,49,8178
0,0,0,0,0,0,0,0,0,0,0,0,0.7634321445779905,1549807647,14,47176,49,34,1.2295451826208892,1556095091,5,47378,49,8157,1.1161286557733032,1553999871,11,47333,49,8183
0,0,0,0,0,0,0,0,0,0,0,0,1.5201315290715143,1560290102,7,47501,49,8160,1.5619465820721188,1560289610,5,47519,49,8145,1.7253423569284632,1564486155,10,47600,49,8161
0,0,0,0,0,0,0,0,0,0,0,0,0.865121110146325,1549806942,13,47218,49,49,0.8833751942136111,1549804044,6,47228,49,8146,1.3691790422338774,1560291203,10,47436,49,8157
0,0,0,0,0,0,0,0,0,0,0,0,1.6202906533412758,1560293098,13,47542,49,8160,1.2085344829377542,1556094731,6,47368,49,8167,0.6783670133625034,1547707854,10,47145,49,16
0,0,0,0,0,0,0,0,0,0,0,0,1.687505190905966,1562390029,12,47571,49,8182,0.8683816338262595,1549803777,5,47223,49,8189,0.842578746469964,1551902601,11,47215,49,8189
0,0,0,0,0,0,0,0,0,0,0,0,0.9933285848922803,1551904171,12,47273,49,20,1.3657085580444448,1558191878,5,47435,49,8142,1.6696545368327618,1562388611,10,47570,49,6
0,0,0,0,0,0,0,0,0,0,0,0,1.697602522462182,1562389531,12,47576,49,8165,1.6686321381744234,1562386761,6,47569,49,8156,1.6696545368327618,1562388611,10,47570,49,6
0,0,0,0,0,0,0,0,0,0,0,0,0.957833657370282,1551903371,12,47261,49,55,0.9517106382338391,1551901045,5,47262,49,30,0.5336361438147692,1547708335,10,47084,49,8190
0,0,0,0,0,0,0,0,0,0,0,0,1.687505190905966,1562389925,12,47571,49,8155,1.2906403430681148,1556095305,5,47403,49,8118,1.0519738067257345,1553999067,10,47306,49,8144
0,0,0,0,0,0,0,0,0,0,0,0,0.9681354558771684,1551904188,12,47264,49,49,0.60574511072271,1545609311,6,47110,49,8161,0.6991732597702249,1549806365,11,47157,49,0
0,0,0,0,0,0,0,0,0,0,0,0,1.7094341638567903,1562387332,7,47580,49,35,0.9572184398106949,1551901098,5,47264,49,8112,1.1886465231075258,1558194448,10,47366,49,8148
0,0,0,0,0,0,0,0,0,0,0,0,1.0256597681567787,1551904151,13,47292,49,21,1.5038088633744164,1558191289,5,47497,49,8153,0.8271780734349511,1549805509,11,47206,49,26
0,0,0,0,0,0,0,0,0,0,0,0,1.785625122193661,1545609819,6,47097,49,18,0.6468482553282816,1547707143,6,47131,49,8184,0.8271780734349511,1549805509,11,47206,49,26
0,0,0,0,0,0,0,0,0,0,0,0,1.7810337708976083,1547709423,12,47102,49,46,1.5074801085019383,1560289664,5,47501,49,8150,1.4679086981043021,1562388308,10,47484,49,30
0,0,0,0,0,0,0,0,0,0,0,0,1.7931721102181095,1547709227,12,47103,49,8176,1.2140422854644932,1553998141,6,47370,49,8172,1.6526218032347455,1562387947,10,47561,49,8182
0,0,0,0,0,0,0,0,0,0,0,0,1.030658231665541,1551903529,13,47291,49,10,1.7259539364541783,1545609756,6,47079,49,7,1.2396443556568102,1558194521,10,47386,49,8178
0,0,0,0,0,0,0,0,0,0,0,0,1.7156557720311056,1562386972,6,47583,49,18,0.90204001590787,1549803681,6,47237,49,8134,1.2396443556568102,1558194521,10,47386,49,8178
0,0,0,0,0,0,0,0,0,0,0,0,0.9430445597017729,1551900978,6,47254,49,44,1.4360850095847542,1558193175,6,47465,49,16,1.3243005757344464,1560291847,10,47420,49,19
0,0,0,0,0,0,0,0,0,0,0,0,1.6336521441440257,1562389214,12,47547,49,8188,0.5986052362550743,1545609111,5,47108,49,38,0.6346112943371859,1549805611,10,47126,49,8181
0,0,0,0,0,0,0,0,0,0,0,0,0.8228952335727665,1549804406,7,47203,49,8166,1.060437232243329,1553998098,6,47308,49,8178,1.4378211847253348,1558194094,10,47467,49,8155
0,0,0,0,0,0,0,0,0,0,0,0,1.4635255086858758,1558196519,13,47474,49,13,1.3911043066328004,1558192809,6,47450,49,14,0.7270189564714834,1549805282,10,47164,49,4
0,0,0,0,0,0,0,0,0,0,0,0,0.6068696271618683,1547709712,13,47113,49,46,0.6499079441589889,1547706479,5,47133,49,34,1.3981438074625356,1558194367,11,47456,49,8146
0,0,0,0,0,0,0,0,0,0,0,0,1.2288350637241439,1556097885,13,47375,49,8187,0.9539542865756979,1551901053,5,47264,49,39,0.6856091187613902,1549805330,10,47146,49,8160
0,0,0,0,0,0,0,0,0,0,0,0,0.9289692677659256,1551904041,13,47251,49,8138,1.6519061276417022,1560289834,6,47557,49,8156,1.2787083079572281,1556096858,11,47403,49,8182
0,0,0,0,0,0,0,0,0,0,0,0,1.7788923536313712,1547709345,12,47102,49,2,1.0528902509953992,1551900335,5,47302,49,8163,1.0549330900720315,1553996095,4,47301,49,8168
0,0,0,0,0,0,0,0,0,0,0,0,0.807187866059566,1549807412,13,47197,49,8183,1.4029359525879785,1558192699,6,47454,49,8167,0.7352797556598827,1549806318,11,47170,49,12
0,0,0,0,0,0,0,0,0,0,0,0,1.360509317133622,1558195300,13,47436,49,13,1.6508856067305848,1562386660,6,47559,49,8154,1.0281060533295896,1556097243,10,47299,49,9
0,0,0,0,0,0,0,0,0,0,0,0,1.6062153614054282,1560292554,13,47539,49,8,0.8527764996620874,1549803976,5,47216,49,8117,1.5590913727939077,1562388735,11,47525,49,25
0,0,0,0,0,0,0,0,0,0,0,0,1.2295488677835846,1556098831,13,47376,49,38,1.5278792417964524,1560289973,6,47509,49,0,0,1556096913,10,47403,49,8161
0,0,0,0,0,0,0,0,0,0,0,0,0.6061558190388697,1547709416,12,47112,49,10,0.6231849789623785,1547706841,6,47123,49,8181,1.2818702294216413,1556096913,10,47403,49,8161
0,0,0,0,0,0,0,0,0,0,0,0,0.8568585008290271,1549806741,12,47222,49,28,1.0775722079766517,1553998302,6,47316,49,8144,0.9907764120226178,1551902484,10,47281,49,8158
0,0,0,0,0,0,0,0,0,0,0,0,1.4196656937209748,1558194956,12,47464,49,17,1.3747853728336241,1558192521,5,47442,49,8170,1.3292990485672507,1558193897,10,47418,49,39
0,0,0,0,0,0,0,0,0,0,0,0,1.689035032301683,1562389931,12,47575,49,8187,0.6248170533408052,1547705968,5,47123,49,8141,0.6082954468565582,1549805385,10,47119,49,8156
0,0,0,0,0,0,0,0,0,0,0,0,1.0509551312099359,1554000978,13,47303,49,8173,0.9132582609459785,1551900425,5,47247,49,8126,0.9923080814772386,1553999427,9,47274,49,8184
0,0,0,0,0,0,0,0,0,0,0,0,1.293601487008311,1556095628,6,47404,49,30,1.3593847154049359,1556094541,5,47433,49,8155,1.3967162032716387,1560291061,11,47453,49,8136
0,0,0,0,0,0,0,0,0,0,0,0,0.8202426585710788,1549804183,6,47204,49,13,0.848900774050498,1549803970,6,47214,49,1,0.9479389668625914,1551902591,11,47261,49,8111
0,0,0,0,0,0,0,0,0,0,0,0,1.3536761442780814,1558195816,13,47430,49,14,1.1166361568285905,1553998009,5,47333,49,8146,1.1984371473050994,1558193942,10,47373,49,8185
0,0,0,0,0,0,0,0,0,0,0,0,1.5203360052677288,1560292879,13,47500,49,8154,1.5155382716053978,1560289135,5,47502,49,8160,1.6181454972712594,1564485351,10,47554,49,1
0,0,0,0,0,0,0,0,0,0,0,0,0.8252411154982395,1549804442,7,47203,49,29,0.6067656060065727,1545608929,5,47108,49,8126,0.7159011239626113,1549805284,10,47160,49,91
0,0,0,0,0,0,0,0,0,0,0,0,0.9790488277571392,1551905239,14,47271,49,1,1.0540129909128606,1551901291,6,47299,49,8185,1.0899168527265255,1556096923,10,47317,49,28
0,0,0,0,0,0,0,0,0,0,0,0,1.6139668086438301,1560291713,12,47542,49,8186,0.5996257315916812,1545609696,6,47106,49,0,0.549139051740543,1545611038,10,47091,49,8180
0,0,0,0,0,0,0,0,0,0,0,0,1.0339223852071187,1551901523,6,47293,49,8190,1.3497967143528864,1558191370,5,47431,49,8153,1.1164353588449232,1556096755,10,47329,49,51
0,0,0,0,0,0,0,0,0,0,0,0,1.5015689489702575,1558195016,12,47492,49,8170,1.6890314041398526,1562386603,5,47576,49,14,1.385497979357733,1560291363,10,47443,49,23
0,0,0,0,0,0,0,0,0,0,0,0,1.5968318333524445,1560292712,12,47534,49,8164,0.9814932953175861,1551900316,5,47273,49,8157,0.49722475406901284,1564485664,10,47576,49,8164
0,0,0,0,0,0,0,0,0,0,0,0,1.3653033177771936,155194943,12,47436,49,46,1.0177020259034886,1551900244,5,47286,49,23,0.9967953798318986,1553999744,10,47278,49,8187
0,0,0,0,0,0,0,0,0,0,0,0,1.4515916236873163,1558193014,6,47470,49,31,0,1560289289,5,47508,49,9,1.5545037187747917,1562388903,11,47514,49,8182
0,0,0,0,0,0,0,0,0,0,0,0,0.6811218141016608,1547707238,7,47144,49,8158,0.6884625491926841,1547705718,5,47146,49,8191,1.5545037187747917,1562388903,11,47514,49,8182
0,0,0,0,0,0,0,0,0,0,0,0,0.7126387769473943,1547709716,13,47155,49,8171,1.2177135390317686,1556095347,6,47373,49,8,0.7827067370117682,1551902357,10,47193,49,8180
0,0,0,0,0,0,0,0,0,0,0,0,1.1213315908891726,1553998732,6,47332,49,8188,1.5726554721698303,1560289579,5,47525,49,8147,0.7827067370117682,1551902357,10,47193,49,8180
0,0,0,0,0,0,0,0,0,0,0,0,1.5259460473423558,1560289275,6,47501,49,4,1.2519834886277827,1556095453,5,47389,49,23,1.4942227232706966,1562388277,10,47497,49,8153
0,0,0,0,0,0,0,0,0,0,0,0,1.5068722771308078,1558194722,13,47495,49,8163,1.778583837595345,1545608903,5,47098,49,8147,0.6184968082246993,1549805413,10,47115,49,8162
0,0,0,0,0,0,0,0,0,0,0,0,0.6803057768992888,1547709280,12,47143,49,8170,0.9080571585740469,1551900860,5,47241,49,8175,0.8285034552362985,1551902532,10,47208,49,8178
0,0,0,0,0,0,0,0,0,0,0,0,0.6297168680036841,1547706532,6,47119,49,8161,1.381618543199459,1558192817,6,47446,49,8147,1.04534326431732,1556096789,10,47306,49,30
0,0,0,0,0,0,0,0,0,0,0,0,0.9782327895413913,1551901593,7,47270,49,24,1.674955983660142,1545609087,5,47058,49,8187,1.2557606680175493,1556097444,11,47387,49,8145
0,0,0,0,0,0,0,0,0,0,0,0,1.1907897767666489,1554000690,12,47362,49,4,1.2182228705309328,1556095516,6,47376,49,8148,1.6425244750689962,1562388041,10,47555,49,0
0,0,0,0,0,0,0,0,0,0,0,0,1.073088574539542,1554000707,12,47308,49,8189,1.6573116921400046,1560289630,6,47559,49,8168,0.6589883802657118,1549806178,11,47134,49,69
0,0,0,0,0,0,0,0,0,0,0,0,1.3574496323112761,1558194961,12,47432,49,5,0.7522102778534117,1547706338,5,47169,49,8115,0.8317676062036976,1551902596,10,47208,49,8
0,0,0,0,0,0,0,0,0,0,0,0,1.4442472656204326,1558192819,6,47469,49,1,1.3679522025711537,1558192412,6,47437,49,19,1.254637922107728,1556096993,10,47390,49,10
0,0,0,0,0,0,0,0,0,0,0,0,1.2457655716208933,1556099279,14,47383,49,55,1.7791954094685578,1545609853,6,47101,49,8187,1.489633198255125,1562387958,10,47494,49,16
0,0,0,0,0,0,0,0,0,0,0,0,1.5122778430789605,1560292032,12,47498,49,8160,0.8237076495463844,1549803757,5,47205,49,12,1.489633198255125,1562387958,10,47494,49,16
0,0,0,0,0,0,0,0,0,0,0,0,1.32970799268752,1556098218,12,47416,49,8170,1.2119008745706283,1556094756,5,47367,49,8142,0.721202655565397,1551902879,11,47172,49,8188
0,0,0,0,0,0,0,0,0,0,0,0,1.6095817613980843,1560290105,7,47536,49,48,1.4832071203799737,1558192000,5,47483,49,6,0.9287648035303748,1551902407,10,47249,49,8162
0,0,0,0,0,0,0,0,0,0,0,0,1.414669076574599,1558192937,6,47455,49,26,0.6476642925507972,1547706563,5,47131,49,18,1.1833431914881654,1556097857,12,47360,49,8174
0,0,0,0,0,0,0,0,0,0,0,0,1.6968887160687665,1562390555,13,47576,49,2,0.9096892341354904,1551900846,6,47242,49,8133,1.3625484894027995,1558193907,11,47435,49,8170
0,0,0,0,0,0,0,0,0,0,0,0,1.5194177271467302,1560293462,14,47500,49,46,1.3328662139923004,1556095757,6,47421,49,3,1.6207980999666443,1560291130,11,47551,49,0
0,0,0,0,0,0,0,0,0,0,0,0,0.603809936889975,1545612033,12,47109,49,8174,1.5908109635080208,1560289228,5,47532,49,8147,0.5794310579783463,1547708377,11,47105,49,6
0,0,0,0,0,0,0,0,0,0,0,0,1.6110093643116545,1560293006,13,47538,49,8163,0.7649583760575099,1549803267,5,47181,49,8126,0.8684856794054151,1551903069,11,47223,49,8177
0,0,0,0,0,0,0,0,0,0,0,0,0.6795919692612974,1547709717,12,47142,49,8151,1.0467708782089964,1551900984,5,47298,49,22,1.0337179189358119,1556097094,10,47291,49,25
0,0,0,0,0,0,0,0,0,0,0,0,1.661904967875523,1562390456,14,47559,49,14,1.3661156484958696,1558192655,6,47439,49,8182,1.2945179144896808,1558193621,9,47406,49,8141
0,0,0,0,0,0,0,0,0,0,0,0,0.697645217738985,1547710141,12,47149,49,50,1.643338641320599,1560288728,5,47553,49,8127,1.440879006403844,1560291096,11,47475,49,8163
0,0,0,0,0,0,0,0,0,0,0,0,1.655581122866542,1562389740,13,47557,49,1,0.7819911225667209,1549803932,5,47190,49,8181,1.6575161673808994,1564485641,10,47567,49,8159
0,0,0,0,0,0,0,0,0,0,0,0,0.6827538884418743,1547709845,13,47143,49,39,1.0390194281709204,1551901161,6,47294,49,8181,0.6250233084182144,1549805604,11,47122,49,0
0,0,0,0,0,0,0,0,0,0,0,0,1.57796253855616,1560292549,12,47526,49,8130,1.3512243190544106,1556094433,5,47433,49,16,0.8941881486548283,1551902311,10,47235,49,8156
0,0,0,0,0,0,0,0,0,0,0,0,1.7814427001758184,1545612592,12,47099,49,5,1.5908109635080208,1560289165,5,47532,49,8151,1.0283123496363364,1553999366,9,47288,49,12
0,0,0,0,0,0,0,0,0,0,0,0,1.4576087551877759,1558192591,6,47474,49,14,0.7041699135655383,1547707009,6,47153,49,0,1.212105341995208,1556096940,11,47374,49,18
0,0,0,0,0,0,0,0,0,0,0,0,1.645993116014688,1560292807,13,47555,49,8177,0.8980620581333556,1549804367,6,47236,49,8183,1.212105341995208,1556096940,11,47374,49,18
0,0,0,0,0,0,0,0,0,0,0,0,1.312470778894552,1556098615,13,47409,49,20,1.2025173474751656,1553997578,5,47363,49,8181,1.584795706953665,1562388694,10,47528,49,18
0,0,0,0,0,0,0,0,0,0,0,0,1.460056874637192,1558194910,12,47474,49,0,1.3699913720324766,1558191802,5,47441,49,8143,1.6425244752445416,1562388822,11,47554,49,7
0,0,0,0,0,0,0,0,0,0,0,0,1.0808400257114172,1554000880,12,47312,49,8164,1.688522061926038,1545608888,5,47062,49,8170,0.6377732136402348,1549806057,11,47125,49,8191
0,0,0,0,0,0,0,0,0,0,0,0,1.22465263350168,1556097529,11,47374,49,6,0.7084545605998616,1547706655,5,47151,49,8108,0.7471113958171536,1549805566,10,47173,49,8166
0,0,0,0,0,0,0,0,0,0,0,0,0.8228952333174274,1549804293,7,47201,49,0,0.9997510100348368,1551900771,5,47279,49,8167,0.912241397987013,1554000072,11,47242,49,8151
0,0,0,0,0,0,0,0,0,0,0,0,0.8971474211522968,1549806788,13,47233,49,8141,1.1774264518874344,1553998242,6,47353,49,8181,1.0437130187562877,1554000620,11,47297,49,22
0,0,0,0,0,0,0,0,0,0,0,0,1.5681719244265924,1560292984,13,47518,49,8189,1.389676702473871,1558192549,5,47448,49,8130,1.1092954790564948,1554000575,11,47326,49,25
0,0,0,0,0,0,0,0,0,0,0,0,1.5725569730548505,1560289872,6,47523,49,8161,1.5266561175779336,1560289786,6,47505,49,10,1.166310449232906,1558193770,10,47351,49,8188
0,0,0,0,0,0,0,0,0,0,0,0,0,1551901740,7,47260,49,29,1.7032089255203398,1545609136,5,47070,49,41,1.2287309859937174,1556096487,10,47379,49,8158
0,0,0,0,0,0,0,0,0,0,0,0,0.9313151497552334,1551903711,12,47250,49,8163,0.6047246149434082,1545608644,5,47112,49,58,1.2830952125157964,1558193919,10,47398,49,8154
0,0,0,0,0,0,0,0,0,0,0,0,1.4237458929809916,1558195351,13,47462,49,8171,0.7191634717186739,1547706447,5,47158,49,27,1.3215457481142077,1560290875,11,47421,49,8186
0,0,0,0,0,0,0,0,0,0,0,0,1.3678536727550217,1558195256,12,47434,49,5,0.7680180641173443,1549803298,5,47183,49,3,1.3650988447324517,1558191284,4,47434,49,54
0,0,0,0,0,0,0,0,0,0,0,0,0.6204355688288455,1547710472,14,47116,49,8182,0.8199341554982323,1549803589,5,47202,49,8163,1.3964113495925685,1560291850,10,47447,49,8
0,0,0,0,0,0,0,0,0,0,0,0,1.6850570746974007,1562389347,12,47574,49,8152,0.8417608970926123,1549803961,5,47212,49,16,1.3964113495925685,1560291850,10,47447,49,8
0,0,0,0,0,0,0,0,0,0,0,0,0.9066331812592026,1551904021,13,47238,49,16,0.8607324145699874,1549804273,6,47218,49,8123,1.3429653947535771,1558194123,10,47427,49,8174
0,0,0,0,0,0,0,0,0,0,0,0,0.757006075498929,1549807090,13,47177,49,8185,0.8560406510541733,1549803070,5,47216,49,2,1.3025760716161208,1558193809,10,47407,49,8184
0,0,0,0,0,0,0,0,0,0,0,0,1.1238819410793968,1554000631,12,47332,49,8130,0.8606301827203429,1549803718,5,47219,49,0,1.2517827078503068,1556096839,10,47385,49,8182
0,0,0,0,0,0,0,0,0,0,0,0,0.9833334837853609,1551904125,12,47270,49,8191,0.8717480173601022,1549803808,5,47222,49,8178,1.200580403558304,1558194557,10,47367,49,8175
0,0,0,0,0,0,0,0,0,0,0,0,1.3373572064631345,1556098325,13,47423,49,8169,0.8499212751981395,1549804527,6,47212,49,8147,1.164882840865665,1556097733,11,47349,49,8159
0,0,0,0,0,0,0,0,0,0,0,0,1.181203617749794,1553998573,6,47354,49,28,0.7993305633683511,1549803366,5,47196,49,8125,1.0973616012951213,1556096813,10,47323,49,8179
0,0,0,0,0,0,0,0,0,0,0,0,1.4836179326665357,1560291911,12,47485,49,60,0.7788292032234091,1549803235,5,47189,49,8163,1.0296358969740766,1553999673,10,47299,49,24
0,0,0,0,0,0,0,0,0,0,0,0,1.2956406614368163,1556095781,6,47408,49,15,0.7788292032234091,1549803235,5,47189,49,8163,1.0224978481092233,1553999838,10,47289,49,8169
0,0,0,0,0,0,0,0,0,0,0,0,1.6401804676021514,1560288889,6,47550,49,8179,0.7620009211857749,1547706655,6,47174,49,8158,0.9226454278338786,1553999699,11,47244,49,8185
0,0,0,0,0,0,0,0,0,0,0,0,1.4405760160992274,1558192728,6,47467,49,8133,0.7434383285258436,1547705712,5,47164,49,8169,0.8850090846209285,1553999777,11,47229,49,8189
0,0,0,0,0,0,0,0,0,0,0,0,1.7821565061158042,1547709264,13,47102,49,8158,0.7120235982092544,1547706219,5,47152,49,8161,0.798720797299836,1549806046,11,47195,49,18
0,0,0,0,0,0,0,0,0,0,0,0,1.6052989520286864,1560290447,7,47532,49,31,0.636853153471086,1547706492,5,47121,49,8158,0.7243663840258927,1549805963,11,47164,49,8182
0,0,0,0,0,0,0,0,0,0,0,0,0.6757162424978888,1547709579,12,47142,49,8189,1.6939276336763673,1562387219,6,47573,49,8189,0.5901435573027165,1547707869,10,47096,49,8156
0,0,0,0,0,0,0,0,0,0,0,0,1.6499710789972466,1562389402,12,47558,49,30,1.629977153897232,1560289344,5,47544,49,8183,1.6759783824322392,1562388833,11,47570,49,33
0,0,0,0,0,0,0,0,0,0,0,0,0.6865273856193926,1547710595,13,47148,49,21,1.3958983103942832,1558192662,6,47447,49,8177,1.4584247949140474,1560291013,10,47471,49,18
0,0,0,0,0,0,0,0,0,0,0,0,1.6555811230261288,1562390016,13,47559,49,52,1.2371943976335174,1556095043,5,47379,49,8149,1.299107442082251,1558194727,11,47409,49,7
0,0,0,0,0,0,0,0,0,0,0,0,0.6971358694080448,1547707644,7,47148,49,2,0.9502830305515054,1551900479,5,47256,49,8174,1.0360619715575785,1553999555,10,47300,49,8188
0,0,0,0,0,0,0,0,0,0,0,0,1.663639288452751,1562389912,12,47560,49,0,0.7603688461683177,1547705269,5,47174,49,8182,0.9017351358200636,1551902814,10,47241,49,9
0,0,0,0,0,0,0,0,0,0,0,0,0.7206969198993288,1547709745,12,47157,49,8188,1.6638400181405952,1560289624,6,47556,49,20,0.6370594058388498,1549805800,10,47124,49,0
0,0,0,0,0,0,0,0,0,0,0,0,1.717799004778446,1562390141,12,47581,49,49,1.4556681053479732,1558192034,5,47469,49,13,1.6554770063043978,1562387979,10,47563,49,8158
0,0,0,0,0,0,0,0,0,0,0,0,0.8239139221830777,1549804807,7,47209,49,8157,1.086446401644365,1553997405,5,47313,49,8143,1.4627076087149748,1560290730,9,47477,49,70
0,0,0,0,0,0,0,0,0,0,0,0,0.9745615288661063,1551903556,12,47268,49,34,1.692295557920498,1562387007,6,47573,49,8184,1.0315746753823776,1556096594,10,47296,49,8153
0,0,0,0,0,0,0,0,0,0,0,0,0.7695515230277252,1549806851,12,47182,49,8177,1.4038542326098944,1558192316,5,47449,49,8177,0.8578771869122045,1551902436,10,47223,49,6
0,0,0,0,0,0,0,0,0,0,0,0,1.0506502589065945,1553997777,6,47298,49,17,0.9160130760152291,1551899996,5,47240,49,51,1.7299337107268522,1564486381,10,47593,49,8165
0,0,0,0,0,0,0,0,0,0,0,0,0.7969883003372484,1549804560,7,47193,49,8182,1.7765446548323405,1545609229,5,47091,49,16,1.4255805877737069,1560290820,10,47465,49,8158
0,0,0,0,0,0,0,0,0,0,0,0,1.0198470931116845,1551903683,12,47288,49,81,1.2119008762941659,1553997807,5,47363,49,8191,0.9841476991740187,1553999389,10,47273,49,8152
0,0,0,0,0,0,0,0,0,0,0,0,0.7807715870017441,1549806015,11,47184,49,14,0.7830116255121913,1549803380,5,47184,49,8182,0.7018258327289458,1547708364,11,47153,49,8175
0,0,0,0,0,0,0,0,0,0,0,0,0.9758869075520833,1551901442,6,47271,49,31,1.358773151867001,1556095378,6,47427,49,8172,1.391821822503721,1558194024,11,47444,49,8118
0,0,0,0,0,0,0,0,0,0,0,0,0.7186559260742151,1547710361,13,47161,49,8169,0.8997963683781466,1549803168,5,47231,49,8102,1.0145419307728714,1551902456,11,47287,49,8179
0,0,0,0,0,0,0,0,0,0,0,0,0.898270153727151,1551900728,6,47232,49,0,1.3612212703412552,1556094968,5,47427,49,8175,1.5940769956477865,1564485624,10,47533,49,2
0,0,0,0,0,0,0,0,0,0,0,0,0.6010569323404317,1547709048,12,47106,49,36,0.8598141469466024,1549803621,5,47215,49,8137,1.2111889105558318,1558193770,10,47367,49,8179
0,0,0,0,0,0,0,0,0,0,0,0,0.766900754729578,1549807101,12,47176,49,8188,1.3300110043505038,1556094714,5,47413,49,8185,0.6003395352770928,1547705635,5,47116,49,8178
0,0,0,0,0,0,0,0,0,0,0,0,0.6114591622168788,1547709466,13,47116,49,46,1.2489238059043952,1556094790,5,47384,49,30,0.6692901747121635,1547708576,10,47136,49,8164
0,0,0,0,0,0,0,0,0,0,0,0,1.6782239027388097,1562389699,12,47569,49,30,1.2318910666768463,1556095541,6,47375,49,8181,0.5885096933728643,1549805572,10,47104,49,27
0,0,0,0,0,0,0,0,0,0,0,0,1.3890688479398772,1558195771,13,47444,49,8176,0.7769944798638146,1549803444,5,47179,49,8163,1.310225284596533,1558190882,4,47412,49,29
0,0,0,0,0,0,0,0,0,0,0,0,1.5596044357147851,1560292702,12,47511,49,8156,1.3174655561181223,1556095637,6,47408,49,3,0.575352667298651,1545610752,10,47097,49,17
0,0,0,0,0,0,0,0,0,0,0,0,1.2798328996940496,1556095385,6,47390,49,8188,0.8922493807598706,1549804242,6,47225,49,11,0.575352667298651,1545610752,10,47097,49,17
0,0,0,0,0,0,0,0,0,0,0,0,1.4039601791107417,1558193087,7,47445,49,8122,1.4983029286044205,1558192940,6,47483,49,8152,0.5632143431337953,1547708984,12,47096,49,8157
0,0,0,0,0,0,0,0,0,0,0,0,1.0926716690458194,1554001569,13,47313,49,8190,1.066863309529437,1553997541,5,47305,49,10,1.2446428266030507,1558193729,10,47383,49,22
0,0,0,0,0,0,0,0,0,0,0,0,1.22383659438739,1556097859,12,47371,49,8189,1.695048548698316,1562386495,5,47578,49,20,0.5363891486253859,1564485475,11,47599,49,31
0,0,0,0,0,0,0,0,0,0,0,0,0.885315779245501,1549807116,12,47226,49,5,1.3558157039507996,1556095073,5,47424,49,8189,1.232708946131483,1556096557,10,47380,49,6
0,0,0,0,0,0,0,0,0,0,0,0,0.9400871037197616,1551903721,12,47249,49,36,0.7794425924014389,1549802776,5,47179,49,8172,1.6035627624212851,1564485874,11,47536,49,6
0,0,0,0,0,0,0,0,0,0,0,0,1.7576771840134326,1562389400,13,47601,49,53,1.6191660252232658,1560289464,5,47538,49,8163,1.6035627624212851,1564485874,11,47536,49,6
0,0,0,0,0,0,0,0,0,0,0,0,1.7811378209314281,1545610014,7,47091,49,1,1.0555428358746344,1551901009,6,47296,49,8189,1.411200443878179,1558194157,11,47454,49,8151
0,0,0,0,0,0,0,0,0,0,0,0,1.3317471666296525,1556097929,12,47417,49,8150,0.654701940114589,1547706778,6,47130,49,21,0.8034125610709889,1551902328,10,47197,49,8163
0,0,0,0,0,0,0,0,0,0,0,0,1.208333693939258,1554000884,13,47363,49,15,1.2452525534521537,1556095550,6,47380,49,8180,1.0339205572280574,1556096656,11,47297,49,8116
0,0,0,0,0,0,0,0,0,0,0,0,0.7204924598019814,1547707126,6,47154,49,8176,0.8489007760932092,1549803984,5,47210,49,8189,1.0339205572280574,1556096656,11,47297,49,8116
0,0,0,0,0,0,0,0,0,0,0,0,1.1090928434178176,1554000711,12,47320,49,6,0.9297816688623898,1551900725,5,47248,49,8165,1.0084225566042604,1553999766,10,47283,49,8175
0,0,0,0,0,0,0,0,0,0,0,0,0.829014610736095,1549806463,12,47202,49,8148,1.4730075556977271,1558191571,5,47474,49,8139,1.0807377920661292,1553999320,10,47310,49,47
0,0,0,0,0,0,0,0,0,0,0,0,1.4577109924244624,1558193015,6,47470,49,13,0.9879193710838002,1551900896,5,47270,49,8179,0,1560291738,11,47497,49,32
0,0,0,0,0,0,0,0,0,0,0,0,1.153869070234307,1553998528,6,47337,49,28,1.4954458569964928,1558192018,5,47486,49,22,0,1562384982,4,47487,49,8166
0,0,0,0,0,0,0,0,0,0,0,0,1.735545560230452,1562389936,13,47586,49,8170,0.9918973293273633,1551900081,5,47271,49,8169,0.755269962404435,1549805180,10,47181,49,23
0,0,0,0,0,0,0,0,0,0,0,0,1.4197697871838273,1558192923,6,47450,49,8179,1.480147438803512,1558191888,5,47476,49,8142,0.7947446482967078,1549804953,10,47186,49,8139
0,0,0,0,0,0,0,0,0,0,0,0,0.7562922680781122,1547706435,6,47171,49,8187,0.9941409778669859,1551901109,5,47273,49,8136,1.2128209884721803,1556097194,10,47367,49,8190
0,0,0,0,0,0,0,0,0,0,0,0,1.610397801351242,1560289551,6,47534,49,1,1.5051360984582625,1558191870,5,47487,49,39,1.171918645145871,1558193955,10,47360,49,8182
0,0,0,0,0,0,0,0,0,0,0,0,1.1270438613548759,1554001614,12,47329,49,26,1.0686998548516993,1553997337,5,47302,49,8146,1.6269193423809896,1564485219,10,47547,49,33
0,0,0,0,0,0,0,0,0,0,0,0,0.7368114045610399,1549806323,12,47163,49,84,1.5917292459820092,1560290259,6,47526,49,27,0.8576745390086974,1551902536,10,47217,49,8169
0,0,0,0,0,0,0,0,0,0,0,0,1.28228101711426,1556095871,7,47391,49,8150,1.0938911484611251,1553997570,5,47319,49,8178,1.2464775300738107,1558193599,10,47389,49,30
0,0,0,0,0,0,0,0,0,0,0,0,0.837684332159949,1549806918,13,47206,49,8164,1.5540928995477832,1560289871,6,47511,49,8125,1.2303630642459067,1556094092,5,47379,49,24
0,0,0,0,0,0,0,0,0,0,0,0,1.3262393633077736,1556097726,12,47416,49,8159,1.5540928995477832,1560289871,6,47511,49,8125,1.5536876786648166,1562388455,10,47513,49,8187
0,0,0,0,0,0,0,0,0,0,0,0,0.8480883597083613,1549804375,7,47208,49,8183,1.3827412981292606,1558192217,5,47439,49,8141,1.4637281238492763,1562388073,11,47475,49,8158
0,0,0,0,0,0,0,0,0,0,0,0,1.2823814089406798,1556098103,13,47398,49,63,0.8418631314019801,1549803820,5,47206,49,8165,0.568008335640197,1547707770,10,47097,49,8157
0,0,0,0,0,0,0,0,0,0,0,0,0.7594541875508014,1549806552,12,47173,49,8167,1.1926244879399257,1553997265,4,47351,49,31,1.649257277755562,1560290763,10,47552,49,42
0,0,0,0,0,0,0,0,0,0,0,0,1.1683514650880262,1554001070,13,47348,49,8182,0.5997279625282033,1545610021,6,47100,49,7,0.7474180870113425,1549805337,10,47170,49,8170
0,0,0,0,0,0,0,0,0,0,0,0,1.7769553998343546,1545609105,6,47093,49,30,0.9077522840333225,1549802863,4,47232,49,8172,0.5583199134552784,1547708244,10,47088,49,11
0,0,0,0,0,0,0,0,0,0,0,0,0.9641574976055438,1551903984,13,47262,49,8191,0.9077522840333225,1549802863,4,47232,49,8172,0.8364593701823133,1551902741,10,47209,49,8185
0,0,0,0,0,0,0,0,0,0,0,0,1.5863274171620643,1560289714,6,47522,49,86,0.631038664691639,1547706709,5,47121,49,8180,0.6081950145904077,1549802066,4,47111,49,7
0,0,0,0,0,0,0,0,0,0,0,0,0.7698582132788873,1549806678,12,47175,49,25,0.631038664691639,1547706709,5,47121,49,8180,0.6081950145904077,1549802066,4,47111,49,7
0,0,0,0,0,0,0,0,0,0,0,0,1.3406213634045936,1556097799,12,47419,49,41,1.666797461213678,1562386135,5,47558,49,8188,0.727937224045894,1547708195,10,47161,49,8182
0,0,0,0,0,0,0,0,0,0,0,0,1.7104546641583076,1562387371,6,47577,49,37,1.1144947480992506,1553997462,5,47325,49,14,0.9514075849214865,1553999888,10,47258,49,8155
0,0,0,0,0,0,0,0,0,0,0,0,1.0794124152972675,1554001457,13,47308,49,8191,1.5413429731446728,1560288881,5,47508,49,8160,0.7815858173811411,1549805373,11,47187,49,28
0,0,0,0,0,0,0,0,0,0,0,0,1.448327464403396,1558192985,7,47467,49,55,1.0665584402911437,1551900822,5,47299,49,8134,1.024027691635765,1556097349,10,47290,49,35
0,0,0,0,0,0,0,0,0,0,0,0,0.8091266318936078,1549804496,6,47190,49,38,1.493508927491421,1558192215,5,47481,49,19,0.8082065559604318,1551902599,10,47198,49,0
0,0,0,0,0,0,0,0,0,0,0,0,1.1802853439255114,1556094654,6,47351,49,9,0.942122649219468,1551900471,5,47255,49,8178,1.064009917727207,1553999393,10,47306,49,8180
0,0,0,0,0,0,0,0,0,0,0,0,1.782565433738416,1545610039,6,47094,49,46,1.3813136931925036,1558192024,5,47437,49,8189,0.8552264257616443,1551902675,10,47216,49,3
0,0,0,0,0,0,0,0,0,0,0,0,0.9598746621687446,1551902025,7,47256,49,8184,0.8574682657472492,1549803921,5,47213,49,8177,0.8552264257616443,1551902675,10,47216,49,3
0,0,0,0,0,0,0,0,0,0,0,0,1.5503231455298798,1560292865,13,47507,49,68,1.2265877357728943,1556094875,5,47370,49,8158,0.7825040858246164,1549805260,10,47185,49,8168
0,0,0,0,0,0,0,0,0,0,0,0,0.7261024908703173,1547707159,6,47156,49,2,1.2265877357728943,1556094875,5,47370,49,8158,0.9639530328433569,1553999763,10,47262,49,4
0,0,0,0,0,0,0,0,0,0,0,0,1.2999253290427308,1556097985,12,47402,49,8185,1.0044427761838333,1551901119,5,47276,49,8172,0.5947295055901342,1549805312,10,47114,49,8190
0,0,0,0,0,0,0,0,0,0,0,0,1.6768985397443619,1562389375,12,47562,49,35,1.6010105335888158,1560289029,5,47531,49,10,0.5947295055901342,1549805312,10,47114,49,8190
0,0,0,0,0,0,0,0,0,0,0,0,1.0322903083197632,1554000552,12,47290,49,8170,0.7066180281000839,1547706770,5,47148,49,8188,1.6192720046331255,1562388090,10,47533,49,8179
0,0,0,0,0,0,0,0,0,0,0,0,1.4414942923759493,1558195188,12,47462,49,8170,1.2852347791221195,1556095348,5,47395,49,0,0.5476092072394846,1547707936,10,47088,49,8167
0,0,0,0,0,0,0,0,0,0,0,0,0.8286074959557154,1549804854,7,47199,49,8176,1.5363463631612164,1560290004,6,47501,49,8171,1.3727480567435446,1558193393,9,47438,49,26
0,0,0,0,0,0,0,0,0,0,0,0,1.217105652636559,1556098033,13,47366,49,30,1.5363463631612164,1560290004,6,47501,49,8171,1.5174789328440499,1560288096,5,47499,49,32
0,0,0,0,0,0,0,0,0,0,0,0,1.7782807800050389,1547709172,12,47096,49,7,1.1428497975464416,1553998982,6,47335,49,8170,1.1477478630347755,1556096961,10,47340,49,26
0,0,0,0,0,0,0,0,0,0,0,0,0.9564060458189182,1551903682,12,47258,49,10,1.1428497975464416,1553998982,6,47335,49,8170,1.2441334933708035,1556096568,10,47379,49,8168
0,0,0,0,0,0,0,0,0,0,0,0,1.5511391855270944,1560292515,12,47507,49,51,0.772609408609079,1547707039,6,47173,49,21,0.8426809783528796,1551902441,10,47211,49,5
0,0,0,0,0,0,0,0,0,0,0,0,0.7291621806037883,1549806477,12,47158,49,8173,1.342658689353343,1556095249,6,47416,49,8178,0.9467158211662922,1551902098,10,47255,49,24
0,0,0,0,0,0,0,0,0,0,0,0,1.2851362328718972,1556095829,6,47395,49,35,1.5907087271365046,1560289077,5,47528,49,8153,0.5407760184353665,1545611004,11,47083,49,8155
0,0,0,0,0,0,0,0,0,0,0,0,1.6649646508237737,1562389637,13,47559,49,12,0.984757451122614,1551900879,5,47269,49,8136,0.6669442927707318,1549805301,11,47134,49,28
0,0,0,0,0,0,0,0,0,0,0,0,1.446288293433384,1558195618,12,47463,49,8166,0.7403786401780451,1547706412,5,47161,49,8183,1.4775989402466547,1560291464,10,47482,49,8168
0,0,0,0,0,0,0,0,0,0,0,0,1.1788577350343663,1554001065,12,47350,49,8130,1.6767925485200315,1562386262,5,47564,49,8128,1.2467842376524045,1556096919,10,47385,49,8142
0,0,0,0,0,0,0,0,0,0,0,0,1.6971954380675762,1562390423,12,47572,49,9,0.8536947716102751,1549804098,5,47210,49,8171,0.8057584431640281,1549805782,11,47197,49,38
0,0,0,0,0,0,0,0,0,0,0,0,0.8457424778227847,1549806549,12,47208,49,0,0.8536947716102751,1549804098,5,47210,49,8171,0.9019396004726635,1553999393,10,47238,49,8162
0,0,0,0,0,0,0,0,0,0,0,0,1.363366380990563,1556098371,13,47429,49,3,0.6326707389472522,1547706079,5,47121,49,3,1.6509897227642996,1564485247,11,47558,49,18
0,0,0,0,0,0,0,0,0,0,0,0,1.690973832382391,1562387012,7,47569,49,8189,1.3180771233976851,1556095814,6,47409,49,5,0.5937125999098118,1547707851,9,47098,49,28
0,0,0,0,0,0,0,0,0,0,0,0,0.956814974195584,1551901437,6,47255,49,9,1.6770992686356374,1560288994,5,47561,49,8151,1.2662650966257427,1556096986,11,47392,49,8182
0,0,0,0,0,0,0,0,0,0,0,0,1.2826881156057095,1556098759,13,47396,49,25,1.1159223564199312,1553998264,5,47327,49,8170,1.3695861356579797,1560291111,11,47435,49,8115
0,0,0,0,0,0,0,0,0,0,0,0,0.8445175161508415,1549807695,13,47212,49,26,0.9346778976095633,1551900444,5,47248,49,8169,1.057379376546624,1553999663,10,47304,49,8103
0,0,0,0,0,0,0,0,0,0,0,0,1.2957428973589982,1556095929,7,47404,49,8146,1.3332751620982932,1556095107,5,47412,49,8136,0.6207386649711661,1547705639,5,47121,49,8140
0,0,0,0,0,0,0,0,0,0,0,0,1.578473730965525,1560292102,12,47520,49,8180,0.7631236509694727,1547706438,5,47170,49,8164,0.78005777818037,1549802399,4,47175,49,15
0,0,0,0,0,0,0,0,0,0,0,0,0.7934192645601257,1549806184,12,47185,49,39,1.1036836127538716,1553998288,6,47319,49,8184,1.4696430171970951,1562388417,11,47478,49,30
0,0,0,0,0,0,0,0,0,0,0,0,1.077168766613247,1554000676,12,47307,49,61,1.7841938738488887,1545610047,6,47095,49,46,1.592547154491109,1560290862,11,47529,49,8161
0,0,0,0,0,0,0,0,0,0,0,0,1.4776008006217232,1558195318,12,47477,49,9,0.9120351188537329,1551899813,5,47238,49,25,1.163148529025068,1558193860,11,47347,49,13
0,0,0,0,0,0,0,0,0,0,0,0,1.7251415316025804,1562389786,13,47586,49,6,1.5344075670532824,1560289319,6,47504,49,5,1.2478047479481151,1558193911,10,47381,49,8169
0,0,0,0,0,0,0,0,0,0,0,0,0.9222383173457251,1551904414,13,47242,49,36,0.7278331939987821,1547706431,5,47156,49,8140,0.7964771468916197,1551902201,10,47190,49,35
0,0,0,0,0,0,0,0,0,0,0,0,1.1662100517024077,1553998393,7,47346,49,2,1.3643831920263205,1556094879,5,47427,49,8177,0.8891896895735009,1551902362,11,47233,49,8173
0,0,0,0,0,0,0,0,0,0,0,0,1.547263461540142,1560291697,11,47506,49,8,1.690051797962142,1562386061,5,47570,49,8191,1.6004008405360532,1562388295,11,47532,49,2
0,0,0,0,0,0,0,0,0,0,0,0,0.59973154244308,1545612137,12,47100,49,38,1.1169428642577757,1553998405,6,47325,49,8186,1.6804675448343112,1564485255,10,47563,49,8181
0,0,0,0,0,0,0,0,0,0,0,0,0.970074228753868,1551904398,13,47261,49,8187,1.5179882613712183,1558192157,5,47489,49,8142,1.2187377295787203,1556096472,9,47362,49,59
0,0,0,0,0,0,0,0,0,0,0,0,1.2153713402423139,1556095517,7,47368,49,8189,0.9313115123406891,1551900483,5,47249,49,8132,1.2707542343969693,1558193808,10,47388,49,8173
0,0,0,0,0,0,0,0,0,0,0,0,1.5956087074114995,1560292486,12,47528,49,30,1.314303635470371,1556094992,5,47406,49,8170,0.8002506421925776,1551902812,11,47193,49,44
0,0,0,0,0,0,0,0,0,0,0,0,0.6494021901585925,1547709922,13,47125,49,8169,0.7575136195360875,1547706095,5,47169,49,8172,0.9041850666175222,1551902574,11,47230,49,8188
0,0,0,0,0,0,0,0,0,0,0,0,1.005976265874848,1551903031,12,47277,49,17,1.111639530808414,1553998424,6,47321,49,17,1.6423199966308777,1562388668,11,47553,49,5
0,0,0,0,0,0,0,0,0,0,0,0,1.2593315301995558,1556098027,12,47385,49,8158,1.802042656945831,1545609432,5,47104,49,8187,0.5453655542799657,1547708160,10,47084,49,8158
0,0,0,0,0,0,0,0,0,0,0,0,1.6575199210380762,1562389288,12,47553,49,8183,0.987103332808707,1551901152,6,47270,49,8147,1.3258304190639325,1556096724,11,47416,49,8162
0,0,0,0,0,0,0,0,0,0,0,0,0.6909142596821907,1547709770,12,47142,49,8177,1.6592504946823856,1560289050,5,47552,49,8170,1.4113026811443676,1560290452,10,47450,49,8142
0,0,0,0,0,0,0,0,0,0,0,0,1.0558513617138066,1554001577,13,47300,49,3,0.8364575616088598,1549804140,6,47203,49,8189,0.9958771092003514,1553999888,10,47275,49,8181
0,0,0,0,0,0,0,0,0,0,0,0,1.3122663072361662,1556095907,6,47410,49,8180,1.5256374708268106,1558192339,5,47494,49,8141,1.108379037925219,1556096481,10,47316,49,8180
0,0,0,0,0,0,0,0,0,0,0,0,1.6447699921712853,1562389255,12,47550,49,5,0.7033538789935547,1547706292,5,47148,49,8159,0.6141099368719972,1549805414,10,47114,49,8168
0,0,0,0,0,0,0,0,0,0,0,0,0.6869363033918825,1547707473,6,47141,49,64,1.3657085607574204,1556094617,5,47430,49,10,0.7546601932383236,1549805191,10,47168,49,33
0,0,0,0,0,0,0,0,0,0,0,0,1.0073016444768834,1551901749,7,47280,49,8183,1.7071868864284485,1562386740,5,47578,49,8184,1.4495505949112546,1560291168,11,47467,49,35
0,0,0,0,0,0,0,0,0,0,0,0,1.2118023188123848,1554000964,12,47363,49,6,1.7071868864284485,1562386740,5,47578,49,8184,1.4495505949112546,1560291168,11,47467,49,35
0,0,0,0,0,0,0,0,0,0,0,0,1.4979999370836183,1560292085,12,47485,49,2,1.4501603026057917,1558192703,5,47466,49,8153,0.9602817716671306,1553999861,10,47256,49,5
0,0,0,0,0,0,0,0,0,0,0,0,1.691280550384962,1562389116,12,47566,49,2,1.4501603026057917,1558192703,5,47466,49,8153,1.0380007502510245,1553999520,10,47294,49,8133
0,0,0,0,0,0,0,0,0,0,0,0,0.7542530761942519,1549806578,13,47169,49,16,1.1207163543551042,1553998410,6,47328,49,25,1.6710821394180786,1564485325,10,47567,49,8165
0,0,0,0,0,0,0,0,0,0,0,0,0.9129570206590494,1551901047,6,47237,49,8189,1.705657042665389,1562386006,5,47577,49,7,0.5440401655185593,1547707777,10,47081,49,19
0,0,0,0,0,0,0,0,0,0,0,0,1.194565105198781,1554000543,12,47356,49,15,0.7841343563800547,1549803196,5,47180,49,8175,1.2070064810566559,1558193758,10,47365,49,8182
0,0,0,0,0,0,0,0,0,0,0,0,1.3837655165809772,1558195754,13,47437,49,21,0.7841343563800547,1549803196,5,47180,49,8175,1.2945197604780376,1558193937,10,47395,49,8173
0,0,0,0,0,0,0,0,0,0,0,0,1.6657806912858764,1562389375,12,47559,49,8,1.6303861121078536,1560290076,6,47539,49,54,0.7679194478895777,1551902631,9,47174,49,22
0,0,0,0,0,0,0,0,0,0,0,0,0.6809191520332378,1547709238,12,47135,49,8171,0.9755783902382126,1551901059,5,47263,49,8166,0.8280963422256862,1551902330,10,47200,49,8160
0,0,0,0,0,0,0,0,0,0,0,0,1.0108724946398808,1551903662,12,47276,49,8171,1.2510652145511594,155609126,5,47388,49,8137,1.5917311142170325,1560291065,10,47529,49,15
0,0,0,0,0,0,0,0,0,0,0,0,1.245970041636926,1556098473,12,47379,49,8163,0.6299177372729803,1547706474,5,47118,49,8190,1.746152237916046,1564482655,4,47591,49,8178
0,0,0,0,0,0,0,0,0,0,0,0,1.581737891080662,1560289907,6,47519,49,8163,0.9252943696523318,1551901005,6,47246,49,8150,1.336846025484281,1558193967,10,47420,49,13
0,0,0,0,0,0,0,0,0,0,0,0,0.6156415755092829,1547709266,12,47111,49,8173,1.543791092457125,1560289385,5,47510,49,8175,1.4737232165605019,1560290912,10,47478,49,8169
0,0,0,0,0,0,0,0,0,0,0,0,1.2146575359369045,1556098482,13,47366,49,8191,1.3278695946039065,1556095526,5,47411,49,8182,1.0808400252326569,1556093966,4,47306,49,19
0,0,0,0,0,0,0,0,0,0,0,0,1.5783714925069756,1560293123,13,47520,49,8187,1.628040229567971,1560289868,5,47540,49,8181,0.9513053529195761,1551903133,11,47256,49,5
0,0,0,0,0,0,0,0,0,0,0,0,1.2398506692459252,1556095548,6,47375,49,13,0.6796906005613683,1547706542,5,47142,49,8150,0.8657326851877993,1551902916,10,47215,49,8186
0,0,0,0,0,0,0,0,0,0,0,0,0,1560292949,13,47524,49,8179,0.9200932656279438,1551900229,5,47241,49,8182,0.7323222979755392,1549805961,11,47163,49,8168
0,0,0,0,0,0,0,0,0,0,0,0,0.6439966176139416,1547709812,12,47121,49,6,1.4935089267254045,1558192519,6,47483,49,16,0.9504893148183083,1551902769,11,47256,49,36
0,0,0,0,0,0,0,0,0,0,0,0,1.0092404183485602,1551904246,13,47276,49,8173,1.6783223883267968,1562386326,5,47567,49,36,0.6604159961397793,1549805497,11,47132,49,8149
0,0,0,0,0,0,0,0,0,0,0,0,1.2882981540771399,1556095606,6,47396,49,34,1.6783223883267968,1562386326,5,47567,49,36,0.6604159961397793,1549805497,11,47132,49,8149
0,0,0,0,0,0,0,0,0,0,0,0,1.6228410131837183,1560292653,12,47540,49,26,1.2303612235156343,1556094497,5,47375,49,43,0.6621502996662454,1549805221,10,47131,49,8182
0,0,0,0,0,0,0,0,0,0,0,0,0.6572558731960089,1547707462,7,47127,49,8182,1.7166726439784494,1545609586,5,47071,49,24,0.6621502996662454,1549805221,10,47131,49,8182
0,0,0,0,0,0,0,0,0,0,0,0,0.986800279293282,1551903901,13,47272,49,81,0.6885647804227214,1547706855,5,47143,49,8178,0.608908822972552,1547708509,11,47109,49,25
0,0,0,0,0,0,0,0,0,0,0,0,1.231078710308903,1556098245,13,47373,49,26,1.2008852708549098,1553997934,5,47360,49,8170,0.8871505034768593,1551902489,10,47229,49,6
0,0,0,0,0,0,0,0,0,0,0,0,1.5668465577120143,1560292778,12,47511,49,8162,1.2531062372077353,1556095333,6,47384,49,36,0.5804533443849909,1547708164,10,47092,49,8186
0,0,0,0,0,0,0,0,0,0,0,0,1.7534965788241716,1562389674,13,47593,49,0,1.683014151683024,1562386226,5,47569,49,18,0.7998435277932305,1551902329,10,47189,49,8157
0,0,0,0,0,0,0,0,0,0,0,0,0.8422738651510923,1549804488,7,47207,49,5,1.6791384289932647,1562386531,5,47567,49,8163,0.5274163212726725,1564485707,10,47580,49,8153
0,0,0,0,0,0,0,0,0,0,0,0,1.021785866571205,1551901279,6,47279,49,22,0.8875576164301638,1549803918,5,47225,49,6,0.7316084907708724,1549805161,10,47162,49,8154
0,0,0,0,0,0,0,0,0,0,0,0,1.3041077597168682,1556095732,6,47399,49,8187,0.767406490069592,1549802506,5,47179,49,0,1.6927062762276128,1562388730,11,47571,49,22
0,0,0,0,0,0,0,0,0,0,0,0,1.456181150064978,1558193148,7,47468,49,19,1.0924635379312164,1553998730,6,47320,49,14,0.7286510315437222,1551902089,10,47159,49,8172
0,0,0,0,0,0,0,0,0,0,0,0,1.6705746944127426,1562389232,12,47558,49,66,0.9305977048942512,1551901056,5,47251,49,8173,1.6348752682843708,1564484924,10,47546,49,3
0,0,0,0,0,0,0,0,0,0,0,0,0.6045237449650978,1545612611,13,47106,49,9,0.9305977048942512,1551901056,5,47251,49,8173,0.6143143948961808,1549805597,11,47112,49,8184
0,0,0,0,0,0,0,0,0,0,0,0,0.785361119956468,1549807329,14,47181,49,30,1.055033496998994,1551901224,6,47295,49,17,1.4561792903121844,1560290633,10,47474,49,45
0,0,0,0,0,0,0,0,0,0,0,0,1.0591155147932656,1551903538,12,47297,49,21,1.0548290301531003,1551900737,5,47297,49,8166,1.2621867454263584,1558194338,9,47384,49,8182
0,0,0,0,0,0,0,0,0,0,0,0,1.1243931078587195,1553998526,6,47321,49,14,1.282072856571466,1556094998,5,47397,49,8162,1.2621867454263584,1558194338,9,47384,49,8182
0,0,0,0,0,0,0,0,0,0,0,0,1.17640961824833,1553998470,6,47347,49,8170,1.0494234615797697,1551900737,5,47294,49,24,0.9075496353010505,1549805247,11,47232,49,16
0,0,0,0,0,0,0,0,0,0,0,0,1.199154634461853,1554001433,13,47356,49,8170,1.2380104354999317,1556095388,6,47381,49,8173,0.9075496353010505,1549805247,11,47232,49,16
0,0,0,0,0,0,0,0,0,0,0,0,1.1939535338617693,1554000747,12,47351,49,8185,0.9851663815894317,1551900890,5,47268,49,5,1.675162343938593,1562388720,11,47562,49,9
0,0,0,0,0,0,0,0,0,0,0,0,1.165598480515979,1554000784,12,47341,49,8175,1.1892580966099502,1553997546,5,47355,49,18,1.675162343938593,1562388720,11,47562,49,9
0,0,0,0,0,0,0,0,0,0,0,0,1.1017503246684253,1554000475,12,47311,49,8185,0.8664446801063022,1549803617,5,47216,49,8177,1.2226116162741132,1558193618,10,47367,49,22
0,0,0,0,0,0,0,0,0,0,0,0,1.0218880988662273,1551904507,13,47278,49,8159,0.8664446801063022,1549803617,5,47216,49,8177,1.2864616043643413,1558193854,10,47389,49,8186
0,0,0,0,0,0,0,0,0,0,0,0,0.8669576468507018,1549807214,13,47213,49,31,0.7468047076044195,1547705593,4,47165,49,8147,0.7160033552710144,1551902043,10,47150,49,8157
0,0,0,0,0,0,0,0,0,0,0,0,0.7769980888396191,1549806617,12,47174,49,14,1.4957525700701466,1558192018,5,47486,49,8161,1.3314404590344797,1558193460,9,47412,49,8191
0,0,0,0,0,0,0,0,0,0,0,0,0.6930556826645385,1547709589,12,47141,49,11,1.526962834741183,1560288280,5,47500,49,9,1.3271557902360782,1558194343,11,47414,49,30
0,0,0,0,0,0,0,0,0,0,0,0,1.786543390973551,1545612170,12,47092,49,7,1.0006692826675154,1551901669,6,47276,49,8167,0.6909124617614016,1547707923,11,47140,49,8182
0,0,0,0,0,0,0,0,0,0,0,0,1.712188970037606,1562387604,7,47573,49,0,1.0006692826675154,1551901669,6,47276,49,8167,0.6909124617614016,1547707923,11,47140,49,8182
0,0,0,0,0,0,0,0,0,0,0,0,1.6018303127511453,1560292207,12,47527,,33,1.6327319928124875,1560288687,5,47543,49,30,1.1552948455671623,1556097573,12,47339,49,8170
0,0,0,0,0,0,0,0,0,0,0,0,1.5132983585816648,1560292228,12,47491,49,17,1.649764726651591,1560289637,5,47552,49,8141,1.101952963096531,1554000449,11,47310,49,8182
0,0,0,0,0,0,0,0,0,0,0,0,1.3890688469344805,1558195364,12,47437,49,8147,1.0242303339540255,1551901219,6,47284,49,19,1.5677648331619831,1560291420,11,47503,49,8189
0,0,0,0,0,0,0,0,0,0,0,0,1.2948264659450668,1556098332,12,47393,49,8135,1.0242303339540255,1551901219,6,47284,49,19,1.5677648331619831,1560291420,11,47503,49,8189
0,0,0,0,0,0,0,0,0,0,0,0,1.1275550281307212,1554000939,12,47321,49,4,1.5013626120556856,1558192312,5,47486,49,8165,0.6724520939388842,1549805316,10,47129,49,8182
0,0,0,0,0,0,0,0,0,0,0,0,1.0201537900294013,1551901764,7,47278,49,8158,1.3929408632899258,1558192525,6,47445,49,8172,1.69678467198346,1564485421,10,47574,49,0
0,0,0,0,0,0,0,0,0,0,0,0,0.8073923260653342,1549804707,7,47188,49,8186,0.6328751969958133,1547706475,5,47121,49,8170,0.9232570026137423,1551902324,10,47238,49,8188
0,0,0,0,0,0,0,0,0,0,0,0,0.6729632390786421,1547709299,12,47130,49,1,1.6993332022127658,1545609398,5,47065,49,60,0.9232570026137423,1551902324,10,47238,49,8188
0,0,0,0,0,0,0,0,0,0,0,0,1.6523188313356703,1562388955,12,47544,49,3,0.9358006322114171,1551900482,5,47247,49,8187,1.0733934463547032,1553999140,10,47302,49,45
0,0,0,0,0,0,0,0,0,0,0,0,1.4889212609186782,1558193280,7,47482,49,8108,0.7693452580746138,1547706067,5,47175,49,24,0.9064287169258506,1551902758,10,47227,49,45
0,0,0,0,0,0,0,0,0,0,0,0,1.222511220594822,1556098392,13,47366,49,19,1.078388248804097,1553997755,5,47313,49,8169,1.203437460514949,1556096680,10,47355,49,8182
0,0,0,0,0,0,0,0,0,0,0,0,1.0521801011803924,1551904550,13,47292,49,59,0.9203999621739284,1549803437,5,47238,49,8186,1.203437460514949,1556096680,10,47355,49,8182
0,0,0,0,0,0,0,0,0,0,0,0,0.7722040947894349,1547709118,12,47173,49,8159,1.1909924096211197,1553997887,5,47353,49,8169,1.2104751064828727,1558193768,10,47358,49,8158
0,0,0,0,0,0,0,0,0,0,0,0,1.7763438246381469,1562387527,7,47600,49,2,0.9157081985464036,1549803270,5,47236,49,8150,0.9591590374859147,1553999629,10,47254,49,8178
0,0,0,0,0,0,0,0,0,0,0,0,1.4625049934780912,1558195837,13,47469,49,32,1.0990940824709101,1553998445,6,47318,49,8173,1.1641690372392075,1556096952,10,47340,49,8125
0,0,0,0,0,0,0,0,0,0,0,0,1.2428081201916075,1556095249,6,47375,49,19,0.8372735983793225,1549802845,5,47205,49,8142,0.8874571984889792,1551902441,10,47221,49,5
0,0,0,0,0,0,0,0,0,0,0,0,0.9067354116194182,1549806009,12,47231,49,0,1.0245370332924135,1551899909,4,47281,49,8136,1.038919022680705,1556096571,10,47288,49,8149
0,0,0,0,0,0,0,0,0,0,0,0,0.675411350228483,1547707344,7,47131,49,35,0.722529852535709,1547706713,5,47154,49,46,0.7849521988402687,1551902529,11,47178,49,8177
0,0,0,0,0,0,0,0,0,0,0,0,1.5103409119205466,1560292559,12,47489,49,8186,0.8545108084629592,1549803843,5,47212,49,8167,0.9960815750054166,1554000170,10,47268,49,58
0,0,0,0,0,0,0,0,0,0,0,0,1.2641255287587623,1556095910,7,47383,49,8154,1.72054836938285,1545609404,5,47073,49,8187,0.6640890605465692,1547708238,11,47123,49,20
0,0,0,0,0,0,0,0,0,0,0,0,1.7693061785505335,1562387015,6,47598,49,6,1.5377739652309743,1560289156,5,47505,49,8158,1.686484671474632,1564485355,10,47563,49,8185
0,0,0,0,0,0,0,0,0,0,0,0,1.2874821145978868,1556097961,12,47394,49,6,1.6750601054026273,1560289275,5,47559,49,8157,0.6584790308628073,1549805723,10,47122,49,6
0,0,0,0,0,0,0,0,0,0,0,0,0.9670145399078361,1551903823,12,47256,49,8139,1.6750601054026273,1560289275,5,47559,49,8157,1.4866757557423027,1560291297,10,47482,49,8170
0,0,0,0,0,0,0,0,0,0,0,0,1.6795511386829678,1562389485,13,47558,49,50,1.5130920214516508,1558192094,5,47490,49,8156,1.6122324895767455,1560291328,10,47531,49,5
0,0,0,0,0,0,0,0,0,0,0,0,1.343069480924729,1556098047,13,47417,49,8190,1.2066997786629132,1553998288,6,47358,49,8185,1.2752415279348899,1556097793,11,47387,49,8167
0,0,0,0,0,0,0,0,0,0,0,0,0.8096359779809872,1549804619,7,47191,49,41,1.3709115073019433,1556094555,5,47428,49,8168,1.3720342549648292,1560290994,10,47430,49,21
0,0,0,0,0,0,0,0,0,0,0,0,1.670065371210108,1560291645,12,47555,49,6,1.0725755793493046,1553998113,6,47305,49,8185,1.3720342549648292,1560290994,10,47430,49,21
0,0,0,0,0,0,0,0,0,0,0,0,1.1083790382443925,1553998462,6,47318,49,8156,1.3058383832841147,1556094763,5,47402,49,8171,1.059318154753988,1556097321,10,47296,49,8169
0,0,0,0,0,0,0,0,0,0,0,0,0.7622089888518795,1547706712,6,47168,49,38,1.0611528713507636,1551901128,6,47297,49,8190,0.7182488056840307,1549805683,10,47144,49,8187
0,0,0,0,0,0,0,0,0,0,0,0,1.3851931223983447,1558195857,13,47436,49,48,1.27442364500346,1556095870,6,47390,49,8183,0.7691426021689144,1551902817,10,47173,49,31
0,0,0,0,0,0,0,0,0,0,0,0,1.0002639982217036,1551902020,7,47274,49,36,1.0141330020817143,1551900627,5,47278,49,8176,0.7691426021689144,1551902817,10,47173,49,31
0,0,0,0,0,0,0,0,0,0,0,0,1.637529736793646,1560291839,12,47538,49,8170,1.2343391840062485,1556094413,5,47375,49,8148,1.533797869164407,1560291133,10,47500,49,11
0,0,0,0,0,0,0,0,0,0,0,0,1.2581083908005386,1556098293,12,47378,49,0,0.9566068702830689,1551900438,5,47258,49,16,1.1187830699462094,1556096866,10,47313,49,8130
0,0,0,0,0,0,0,0,0,0,0,0,1.0493248788387508,1551901235,6,47289,49,8177,1.063294286073688,1551900427,5,47300,49,8184,0.7628187637487692,1551902409,10,47170,49,43
0,0,0,0,0,0,0,0,0,0,0,0,0.7201875688695906,1547709679,12,47148,49,8160,0.7911720012308706,1549803350,5,47184,49,9,1.5995848011053588,1560291024,11,47526,49,30
0,0,0,0,0,0,0,0,0,0,0,0,1.4179332347316997,1558193154,7,47451,49,1,1.0014853218956152,1551901067,5,47274,49,8148,1.6670038148829438,1562388421,10,47553,49,48
0,0,0,0,0,0,0,0,0,0,0,0,1.0842064122939146,1553998366,6,47307,49,9,0.7427245215210264,1547706069,5,47163,49,8177,1.3049219542836727,1556096359,10,47399,49,8163
0,0,0,0,0,0,0,0,0,0,0,0,1.770631559537902,1562387104,6,47601,49,85,0.9224391478646112,1551899871,5,47241,49,8159,1.3658126487547526,1560291255,11,47426,49,8151
0,0,0,0,0,0,0,0,0,0,0,0,1.4453700165450352,1558193244,7,47462,49,8181,0.651846710439814,1547706789,5,47126,49,8162,1.3658126487547526,1560291255,11,47426,49,8151
0,0,0,0,0,0,0,0,0,0,0,0,1.1779394615771333,1553999039,7,47348,49,8154,0.6337934641956097,1547706906,6,47119,49,59,0.734565950960387,1551902657,10,47159,49,19
0,0,0,0,0,0,0,0,0,0,0,0,0.7947446481690383,1549807352,12,47185,49,8170,0.6337934641956097,1547706906,6,47119,49,59,1.5804106589006528,1560290907,10,47514,49,8183
0,0,0,0,0,0,0,0,0,0,0,0,1.3956993986667119,1558194635,12,47437,49,35,1.641401720736064,1560290078,6,47541,49,8174,1.5569536990154536,1560290825,10,47496,49,10
0,0,0,0,0,0,0,0,0,0,0,0,1.5566469892420345,1560292589,12,47507,49,8165,1.3684633900069112,1556094659,5,47425,49,11,1.182833858567845,1556097508,10,47348,49,8
0,0,0,0,,0,0,0,0,0,0,0,1.1739615020347198,1553998975,7,47347,49,17,1.0366735496526258,1551900888,5,47286,49,8179,0.7431352419785455,1551902215,10,47155,49,8162
0,0,0,0,0,0,0,0,0,0,0,0,1.7732841363889726,1562387456,7,47599,49,10,1.0844072233071944,1553997353,5,47306,49,8097,0.7304875652701219,1551902133,10,47151,49,8187
0,0,0,0,0,0,0,0,0,0,0,0,1.3838677519653948,1558194765,12,47433,49,83,0.7303835366635376,1547706355,5,47153,49,1,1.4992212051854572,1560290678,9,47486,49,23
0,0,0,0,0,0,0,0,0,0,0,0,0.7722040949809389,1547709723,13,47174,49,8,0.7739347927670401,1547705931,5,47174,49,1,1.5011599981972679,1560290798,10,47483,49,20
0,0,0,0,0,0,0,0,0,0,0,0,1.5653167155755976,1560292213,12,47510,49,8,1.568474907214405,1560289311,5,47512,49,8173,1.042183175949619,1556096355,10,47287,49,8182
0,0,0,0,0,0,0,0,0,0,0,0,0.9185670534242028,1549806232,12,47235,49,6,1.556336543554444,1560289864,6,47511,49,7,0.9999573008602176,1551902610,11,47269,49,8136
0,0,0,0,0,0,0,0,0,0,0,0,1.6984204349408238,1562388819,12,47565,49,8171,1.1775286897753534,1553997953,5,47345,49,8191,0.546590503508739,1547708484,10,47074,49,12
0,0,0,0,0,0,0,0,0,0,0,0,1.0501409173927423,1553997747,6,47290,49,7,1.1491736395732735,1553997644,5,47335,49,8166,1.7115755720733639,1564485778,11,47572,49,8186
0,0,0,0,0,0,0,0,0,0,0,0,0.6118680765742115,1545612662,13,47107,49,27,0.7702635274974985,1547706991,6,47170,49,8190,1.7115755720733639,1564485778,11,47572,49,8186
0,0,0,0,0,0,0,0,0,0,0,0,0.6839788419818094,1547707022,6,47136,49,1,0.7469069393832746,1547706816,6,47159,49,8177,0.8054553617644767,1551902222,10,47177,49,8154
0,0,0,0,0,0,0,0,0,0,0,0,1.1537668363798366,1554000979,12,47338,49,8140,1.5122759826398675,1558191924,5,47487,49,8181,0.6670465219264333,1549805396,11,47126,49,16
0,0,0,0,0,0,0,0,0,0,0,0,0.6516458430550087,1547710318,13,47125,49,47,1.089098986838967,1553997095,5,47308,49,8174,1.391516964096241,1560291021,10,47431,49,8174
0,0,0,0,0,0,0,0,0,0,0,0,1.093487707520371,1554001768,13,47313,49,20,1.0918519712879515,1553997993,5,47313,49,8152,1.2364842776194485,1558193973,10,47367,49,8159
0,0,0,0,0,0,0,0,0,0,0,0,1.8037806042846998,1547709285,12,47101,49,47,1.0918519712879515,1553997993,5,47313,49,8152,0.7593519570892698,1549805409,11,47165,49,12
0,0,0,0,0,0,0,0,0,0,0,0,0.9917987407606871,1551904075,13,47270,49,8190,0.7458864419158663,1547706422,5,47161,49,8131,1.7566566831599022,1564485571,10,47595,49,26
0,0,0,0,0,0,0,0,0,0,0,0,1.643342389041223,1560292539,13,47546,49,25,1.5214550335452612,1558192163,5,47493,49,8170,1.18691405231864,1553999527,11,47349,49,8183
0,0,0,0,0,0,0,0,0,0,0,0,0.8039255200041259,1549806935,12,47184,49,48,1.4841254010662228,1558192489,5,47475,49,8188,0.9566086910330955,1553999695,10,47255,49,15
0,0,0,0,0,0,0,0,0,0,0,0,1.3868252014581546,1558193268,7,47437,49,4,1.0203546103917358,1551900889,5,47278,49,8166,1.5717427950385114,1562387894,10,47504,49,17
0,0,0,0,0,0,0,0,0,0,0,0,1.6398756194053423,1560292275,13,47540,49,18,0.925398422440371,1549803215,5,47233,49,46,1.2951313285490464,1558194116,10,47392,49,8175
0,0,0,0,0,0,0,0,0,0,0,0,0.9898617872271058,1551903984,12,47265,49,4,1.5586824252325577,1560289789,6,47512,49,8178,0.6944832979814676,1549805277,10,47137,49,34
0,0,0,0,0,0,0,0,0,0,0,0,1.1171509951230871,1554000553,12,47321,49,46,1.3942680899582978,1558191560,5,47436,49,10,1.5765349349619306,1562388815,11,47513,49,42
0,0,0,0,0,0,0,0,0,0,0,0,1.5846953367152403,1560292067,11,47521,49,8182,0.7987189926361855,1549803032,5,47187,49,8145,1.023313887508,1553999852,10,47281,49,8184
0,0,0,0,0,0,0,0,0,0,0,0,1.6150895653298578,1560292626,13,47535,49,8,1.7303408263534397,1545609393,5,47069,49,8177,0.613704604224454,1549805287,10,47097,49,8163
0,0,0,0,0,0,0,0,0,0,0,0,0.8085150544128467,1549804542,7,47187,49,8190,1.1146992180155082,1553998165,5,47321,49,8098,1.1697790739805372,1556097232,11,47341,49,8165
0,0,0,0,0,0,0,0,0,0,0,0,0.7293666393737838,1547709387,13,47155,49,8132,0.7524147403425853,1547706605,5,47161,49,11,0.7404826713974122,1549805117,10,47158,49,8148
0,0,0,0,0,0,0,0,0,0,0,0,0.9324378829022093,1551903454,12,47242,49,20,0.7851548558003273,1547705661,5,47176,49,8173,0.6839770454015862,1549805709,10,47136,49,42
0,0,0,0,0,0,0,0,0,0,0,0,1.0046508855166374,1551901194,6,47270,49,8182,0.7696519505965579,1547706615,5,47168,49,8138,0.5688243743805075,1547708715,10,47088,49,8175
0,0,0,0,0,0,0,0,0,0,0,0,1.2346495688966659,1556098641,14,47367,49,6,1.1824249224378935,1553998279,6,47345,49,8165,0.9734387935178573,1553999538,11,47257,49,8129
0,0,0,0,0,0,0,0,0,0,0,0,0.9413120679273652,1551903672,12,47243,49,8157,1.7741987742394123,1545608801,5,47087,49,1,1.6092750446652144,1562388257,10,47527,49,18
0,0,0,0,0,0,0,0,0,0,0,0,1.1348975457470472,1553999335,8,47329,49,8191,0.9258055331889371,1549803197,5,47237,49,8180,0.7618000687820718,1551902239,10,47164,49,8190
0,0,0,0,0,0,0,0,0,0,0,0,0.8304440306256776,1549806184,12,47194,49,8189,1.396205024176745,1558191858,5,47441,49,8182,1.3621413964654372,1558193833,10,47422,49,8179
0,0,0,0,0,0,0,0,0,0,0,0,1.0676848272332387,1551903843,12,47292,49,5,1.7004558470559863,1562387229,6,47570,49,8170,0.5696421976068511,1547707956,10,47080,49,8179
0,0,0,0,0,0,0,0,0,0,0,0,0.7731223619162699,1549806194,12,47172,49,8188,0.9274376090195795,1549803378,5,47237,49,8182,1.1606000137468526,1556096708,10,47334,49,8191
0,0,0,0,0,0,0,0,0,0,0,0,0.9794577562961738,1551903376,11,47261,49,7,1.1837502963004305,1553997562,5,47348,49,8147,1.1606000137468526,1556096708,10,47334,49,8191
0,0,0,0,0,0,0,0,0,0,0,0,1.017605262099878,1551903988,12,47271,49,8164,1.7608372894137034,1545609541,5,47082,49,8164,1.3433743406148089,1560290632,10,47414,49,31
0,0,0,0,0,0,0,0,0,0,0,0,0.8692012979233266,1549806340,12,47214,49,8183,0.8874553866280988,1549803368,5,47221,49,8182,0.8026987560748667,1551902562,10,47187,49,8147
0,0,0,0,0,0,0,0,0,0,0,0,1.1376523619691234,1554000875,12,47326,49,8143,1.3700954684964068,1556094145,4,47426,49,0,0.6195173017443225,1547708420,10,47103,49,3
0,0,0,0,0,0,0,0,0,0,0,0,1.7185128095812217,1562389951,13,47575,49,8179,1.6945409617687945,1562386215,5,47565,49,8188,0.6101319826486554,1549805133,10,47107,49,21
0,0,0,0,0,0,0,0,0,0,0,0,1.5722521237899358,1560291736,12,47513,49,8175,1.707493582701052,1545609295,5,47062,49,15,1.1273487309358219,1556096918,10,47324,49,37
0,0,0,0,0,0,0,0,0,0,0,0,1.6277372537463877,1560292145,12,47535,49,11,1.6431360401993844,1560289229,5,47541,49,8186,1.7345250589853016,1562388377,11,47579,49,8151
0,0,0,0,0,0,0,0,0,0,0,0,0.6438943880835771,1547709614,12,47117,49,8185,1.5411403655464089,1560289033,5,47501,49,8,0.6987661447877276,1549805483,10,47142,49,8174
0,0,0,0,0,0,0,0,0,0,0,0,1.5283941656524458,1558194657,11,47493,49,8181,1.3801927987246323,1556094601,5,47431,49,18,0.8979616445320311,1551902039,10,47229,49,15
0,0,0,0,0,0,0,0,0,0,0,0,1.6888324273958684,1562389608,12,47560,49,19,1.2395421249971492,1556094070,5,47370,49,6,1.0737001456992383,1553999429,10,47296,49,31
0,0,0,0,0,0,0,0,0,0,0,0,1.2967634071585485,1556098030,12,47396,49,8134,1.054421925939614,1551901069,5,47289,49,8142,1.2036419288116174,1556097181,11,47350,49,18
0,0,0,0,0,0,0,0,0,0,0,0,1.4445558281839068,1558194908,12,47451,49,8152,0.9206044268147423,1549803299,5,47233,49,8183,1.2388283199718915,1558193684,10,47373,49,8157
0,0,0,0,0,0,0,0,0,0,0,0,1.01179076332337,1551903928,12,47270,49,8174,0.6560291260585008,1547706438,5,47123,49,16,1.378662955025327,1558193752,9,47434,49,8142
0,0,0,0,0,0,0,0,0,0,0,0,1.1410187482559817,1554001511,12,47323,49,52,1.6889309178026461,1562385595,5,47564,49,8128,1.403960177355287,1558193581,10,47434,49,8156
0,0,0,0,0,0,0,0,0,0,0,0,0.7299782168753471,1547709418,12,47153,49,61,1.5045245348540397,1558192177,5,47484,49,8191,1.419258603531275,1558194902,11,47444,49,8166
0,0,0,0,0,0,0,0,0,0,0,0,0.874199753624377,1549806634,13,47211,49,55,1.34908476817906,1556094694,5,47416,49,19,1.4335383684556424,1558194316,11,47448,49,8174
0,0,0,0,0,0,0,0,0,0,0,0,1.6560923162365002,1560293285,13,47545,49,12,1.0937907499238968,1553997814,5,47311,49,0,1.3933516654148166,1560290966,10,47434,49,6
0,0,0,0,0,0,0,0,0,0,0,0,1.773284135575083,1562389731,12,47596,49,35,0.9333543373988794,1549802948,5,47236,49,8170,1.3366434011682866,1558193838,10,47406,49,13
0,0,0,0,0,0,0,0,0,0,0,0,1.3028846203837348,1556098205,12,47392,49,33,0.6346112970501614,1545609093,5,47109,49,30,1.226896280408028,1556097297,10,47362,49,53
0,0,0,0,0,0,0,0,0,0,0,0,1.3573492441074764,1556097793,12,47418,49,26,1.5568477364151299,1560289888,6,47507,49,8163,1.0837974790602465,1556096538,10,47301,49,61
0,0,0,0,0,0,0,0,0,0,0,0,0.8067807484121634,1549806683,12,47184,49,44,1.0849165579884334,1553997132,5,47313,49,8141,0.7901533094817274,1551902553,10,47180,49,20
0,0,0,0,0,0,0,0,0,0,0,0,0.8057602508515661,1549806596,12,47186,49,13,0.7741392522629363,1549803273,5,47176,49,2,0.5932032456332146,1547707890,10,47087,49,8156
0,0,0,0,0,0,0,0,0,0,0,0,1.3683648511682205,1556098253,13,47422,49,6,1.3886580484817042,1558192565,6,47439,49,36,1.3486795173780695,1558193280,9,47408,49,8168
0,0,0,0,0,0,0,0,0,0,0,0,1.2724885475964447,1556097359,11,47386,49,54,0.9302928306484458,1551900340,5,47245,49,8150,1.00383484500944,1553999755,10,47261,49,30
0,0,0,0,0,0,0,0,0,0,0,0,1.7186150938084386,1562389976,12,47572,49,37,1.3763170735387176,1558191661,5,47432,49,47,1.5334911552602821,1562388369,10,47500,49,8171
0,0,0,0,0,0,0,0,0,0,0,0,1.560624950447957,1560290533,8,47505,49,8185,0.8200363884018451,1549803749,5,47198,49,8141,1.100727991431623,1556096679,10,47311,49,8172
0,0,0,0,0,0,0,0,0,0,0,0,0.680000885381698,1547709902,12,47133,49,8,1.1174540345299704,1553997949,5,47322,49,1,1.5547063301287847,1560291252,10,47508,49,8161
0,0,0,0,0,0,0,0,0,0,0,0,1.67006537093881,1562389409,12,47554,49,0,1.6789358285434028,1560288790,5,47561,49,0,0.9876163174986228,1553999659,10,47260,49,22
0,0,0,0,0,0,0,0,0,0,0,0,0.6678643522562925,1547707418,7,47124,49,8178,0.6363438042355279,1547705803,4,47119,49,36,1.3034961873349045,1558194009,10,47387,49,7
0,0,0,0,0,0,0,0,0,0,0,0,1.5724565994865247,1560292350,12,47511,49,8174,1.160393711437276,1553997333,4,47341,49,48,0.677959894909981,1549805414,10,47130,49,8172
0,0,0,0,0,0,0,0,0,0,0,0,1.7060696432645015,1562389811,13,47569,49,14,1.280135918847306,1556094337,5,47391,49,28,0.8512484694248266,1551903132,10,47207,49,21
0,0,0,0,0,0,0,0,0,0,0,0,1.382644616207005,1558195726,13,47428,49,3,1.76736559157395,1545610027,6,47086,49,8190,1.2350548298842252,1558193893,10,47372,49,3
0,0,0,0,0,0,0,0,0,0,0,0,1.4142619830005336,1558195307,12,47446,49,3,0.598504802730018,1545609049,5,47098,49,8130,1.2710609386539586,1558193872,10,47379,49,5
0,0,0,0,0,0,0,0,0,0,0,0,1.0213787566754977,1551901626,7,47274,49,31,0.9734369730951323,1551900859,5,47262,49,8,1.631715214942598,1560291201,11,47531,49,44
0,0,0,0,0,0,0,0,0,0,0,0,0.948451945758036,1551903125,12,47245,49,39,0.8909239996413183,1549803747,5,47223,49,16,1.4783146010519557,1560290697,9,47467,49,8185
0,0,0,0,0,0,0,0,0,0,0,0,1.6834268623011381,1562389027,12,47559,49,8147,0.8909239996413183,1549803747,5,47223,49,16,0.5575038768697437,1564485403,11,47591,49,8149
0,0,0,0,0,0,0,0,0,0,0,0,1.5283941660673717,1558191807,6,47495,49,7,0.9744574764273561,1551901383,6,47260,49,12,1.4625049926961158,1558193352,10,47462,49,29
0,0,0,0,0,0,0,0,0,0,0,0,0,1551903178,12,47269,49,37,0,1553997004,4,47366,49,8160,1.6650668888635909,1562388333,11,47548,49,19
0,0,0,0,0,0,0,0,0,0,0,0,0.7644526410183692,1547709532,12,47169,49,7,0.9252961897720025,1549802651,5,47238,49,8155,1.3256277949366855,1556096478,10,47404,49,35
0,0,0,0,0,0,0,0,0,0,0,0,1.046162958162231,1551904220,13,47287,49,20,0.8381918674459188,1549804174,5,47204,49,25,1.0612569302628825,1556096705,10,47292,49,10
0,0,0,0,0,0,0,0,0,0,0,0,1.6070332678207009,1560292593,12,47524,49,8182,1.0640099192911578,1551900510,5,47292,49,66,1.1689630353228022,1556096385,10,47340,49,8177
0,0,0,0,0,0,0,0,0,0,0,0,1.1899755740185813,1554001068,12,47349,49,8162,0.7783216703784248,1547705898,5,47173,49,8141,0.7091701685463564,1549804986,10,47144,49,49
0,0,0,0,0,0,0,0,0,0,0,0,1.2502547051160682,1556097843,12,47374,49,46,0.8217706957150821,1549803606,5,47195,49,4,1.4671967567864426,1558193479,10,47464,49,8190
0,0,0,0,0,0,0,0,0,0,0,0,1.7272847621517666,1562387582,7,47577,49,23,1.1150059194431297,1553997496,5,47320,49,9,1.5069745142956803,1560291802,11,47482,49,8188
0,0,0,0,0,0,0,0,0,0,0,0,1.2229201587825607,1556094800,6,47364,49,11,0.9469184686031539,1551900666,5,47248,49,8165,0.9126503251654614,1551902378,10,47229,49,8168
0,0,0,0,0,0,0,0,0,0,0,0,1.6679239670610486,1562389849,13,47553,49,25,1.2589207477110487,1556095447,6,47381,49,60,0.9677283443787376,1551902376,10,47249,49,9
0,0,0,0,0,0,0,0,0,0,0,0,1.0942033386027743,1554001308,13,47306,49,71,1.0922609062578996,1553997495,5,47311,49,8162,1.5289034923319733,1562388124,10,47491,49,8191
0,0,0,0,0,0,0,0,0,0,0,0,1.494737633420914,1558193004,7,47475,49,25,1.4137489463660944,1558191683,5,47447,49,8191,1.505137959759162,1562388366,10,47485,49,8160
0,0,0,0,0,0,0,0,0,0,0,0,0.8834810528554372,1549806522,12,47220,49,11,1.3318475556509755,1556095254,5,47410,49,21,0.9126503252133373,1553999411,10,47230,49,41
0,0,0,0,0,0,0,0,0,0,0,0,1.3186942284317948,1556097596,11,47401,49,8191,1.6969890830455172,1562386506,5,47566,49,8157,0.9522254390742864,1551902259,10,47242,49,49
0,0,0,0,0,0,0,0,0,0,0,0,0.7296733270583069,1547707015,6,47152,49,28,1.7060659699579974,1545608727,5,47061,49,8174,1.5316583239385817,1560291553,10,47489,49,37
0,0,0,0,0,0,0,0,0,0,0,0,1.1439762039868764,1554000975,12,47330,49,6,0.9413084346944405,1551900032,5,47247,49,8159,1.530331096928135,1560291086,10,47494,49,8186
0,0,0,0,0,0,0,0,0,0,0,0,1.739218635448495,1562389721,12,47582,49,22,1.0871620387357332,1551900299,5,47305,49,8157,0.926521154162584,1551902086,10,47238,49,8180
0,0,0,0,0,0,0,0,0,0,0,0,0.9477381400014115,1551902962,11,47246,49,50,1.5874464381657392,1560290347,6,47520,49,8190,0.9427378640634579,1551902496,10,47247,49,13
0,0,0,0,0,0,0,0,0,0,0,0,1.537166130267622,1560291910,12,47499,49,44,0.6300217616024428,1545608442,5,47107,49,14,1.569292812673929,1562388088,10,47512,49,8184
0,0,0,0,0,0,0,0,0,0,0,0,0.7464011897423776,1547709796,13,47156,49,8179,1.1502963806248259,1553997350,5,47334,49,19,1.5816356507896465,1560291056,10,47511,49,17
0,0,0,0,0,0,0,0,0,0,0,0,1.30206858307036,1556095796,7,47396,49,86,1.3702999409063168,1556093872,4,47425,49,8110,1.0182150158094034,1551902738,10,47275,49,18
0,0,0,0,0,0,0,0,0,0,0,0,1.0243362135793554,1551901333,6,47279,49,32,1.007299822761592,1551900411,5,47272,49,24,1.6627210069381178,1564485659,11,47548,49,8158
0,0,0,0,0,0,0,0,0,0,0,0,1.3935579887444178,1558195532,12,47435,49,8190,1.602440008102946,1560290284,6,47525,49,58,1.6675150098561302,1564485390,10,47549,49,6
0,0,0,0,0,0,0,0,0,0,0,0,0.7098857744277021,1547709672,13,47146,49,2,0.6620462750030655,1547706826,5,47129,49,19,1.08940751458142,1553999606,10,47305,49,30
0,0,0,0,0,0,0,0,0,0,0,0,1.5364523279195659,1560289560,6,47498,49,8176,1.5252303826254208,1558191703,5,47490,49,8186,1.7007644422482222,1562387811,9,47567,49,39
0,0,0,0,0,0,0,0,0,0,0,0,0.661438286381851,1547709573,12,47125,49,8191,0.9065291353895728,1549803238,5,47228,49,8178,1.6976025197794617,1564485336,10,47566,49,8184
0,0,0,0,0,0,0,0,0,0,0,0,1.1236793029638636,1553998528,6,47321,49,24,1.1062339628505422,1553997549,5,47318,49,8176,1.069924825694543,1556096959,10,47304,49,42
0,0,0,0,0,0,0,0,0,0,0,0,1.3980452811347799,1558194994,12,47439,49,15,1.6713888616387629,1560289000,5,47553,49,8184,1.0443264155073662,1553999639,10,47283,49,8188
0,0,0,0,0,0,0,0,0,0,0,0,1.778791938798493,1545612625,13,47090,49,7,0.6381803373042546,1547706054,5,47115,49,16,1.6126414436982761,1562388331,11,47527,49,58
0,0,0,0,0,0,0,0,0,0,0,0,0.825854497125906,1549807388,13,47193,49,2,1.1205137216406296,1553997207,5,47322,49,8188,1.5628667298561518,1562388334,10,47515,49,8168
0,0,0,0,0,0,0,0,0,0,0,0,1.1668234542317693,1554001221,12,47338,49,29,1.233320518132425,1553997149,5,47368,49,8188,0.9282554615961325,1553999888,11,47241,49,41
0,0,0,0,0,0,0,0,0,0,0,0,1.714025507515494,1562389466,12,47573,49,2,1.6610870544444238,1560288920,5,47550,49,8188,1.3737704190938835,1558194466,11,47425,49,21
0,0,0,0,0,0,0,0,0,0,0,0,0.7368132027529306,1547709387,13,47154,49,28,0.854715272090763,1549804191,6,47208,49,8142,1.2504573353122528,1556096770,9,47378,49,2
0,0,0,0,0,0,0,0,0,0,0,0,1.051875226199017,1554001197,13,47289,49,30,0.7937223449329406,1549803562,5,47182,49,25,1.6765918212761692,1562387504,9,47560,49,23
0,0,0,0,0,0,0,0,0,0,0,0,1.272490387983067,1556098835,12,47382,49,5,1.1817111175274702,1553998119,5,47346,49,8156,1.5567492260852802,1560291234,10,47503,49,8139
0,0,0,0,0,0,0,0,0,0,0,0,1.594385579638721,1560292298,12,47522,49,74,1.1150059194431297,1553997242,5,47320,49,8177,0.7631272546947243,1549805807,10,47164,49,71
0,0,0,0,0,0,0,0,0,0,0,0,0.6388977299908886,1547707129,7,47114,49,8185,1.5086047339565816,1558192154,5,47485,49,8177,0.7631272546947243,1549805807,10,47164,49,71
0,0,0,0,0,0,0,0,0,0,0,0,0.9940442090583537,1551903899,12,47264,49,8189,1.4105870249610015,1558191995,5,47446,49,8124,0.9706858017717259,1553999530,10,47257,49,8138
0,0,0,0,0,0,0,0,0,0,0,0,1.248419995219515,1556095733,7,47370,49,56,1.737582934445668,1545609445,5,47072,49,8124,0.7691426015944017,1551902634,10,47177,49,0
0,0,0,0,0,0,0,0,0,0,0,0,1.5825539308482084,1560290082,7,47518,49,8168,1.6454819218056842,1560289565,5,47543,49,8190,1.1374478946334907,1554000308,11,47326,49,45
0,0,0,0,0,0,0,0,0,0,0,0,0.62574070165984,1545612413,12,47107,49,18,1.6454819218056842,1560289565,5,47543,49,8190,0.9638508007463898,1554000266,10,47260,49,34
0,0,0,0,0,0,0,0,0,0,0,0,0.9485541778580769,1551903742,12,47246,49,33,1.8050019338740289,1545609228,5,47099,49,8165,1.26280015410889,1558193804,11,47377,49,6
0,0,0,0,0,0,0,0,0,0,0,0,1.1784506315776562,1554001594,13,47344,49,8182,0.9121391681381337,1549803656,5,47231,49,8147,1.0811467242090433,1556096857,11,47302,49,8164
0,0,0,0,0,0,0,0,0,0,0,0,1.5394097747427244,1560292382,13,47501,49,8186,0.7620027269505617,1547705846,5,47167,49,8175,1.3390915197670243,1558194443,11,47413,49,58
0,0,0,0,0,0,0,0,0,0,0,0,1.7984772654501926,1545609329,6,47097,49,8183,1.074107252017625,1551901244,6,47299,49,4,1.1276572604614672,1556096827,10,47318,49,66
0,0,0,0,0,0,0,0,0,0,0,0,0.96997381183401,1551901807,7,47252,49,1,0.8611413418040728,1549804028,6,47211,49,8167,1.0285168148994646,1553999686,10,47282,49,59
0,0,0,0,0,0,0,0,0,0,0,0,1.2147616047860006,1554000904,12,47356,49,8181,1.0918538019483326,1553997116,4,47309,49,8185,0.621149375853477,1547708333,10,47108,49,42
0,0,0,0,0,0,0,0,0,0,0,0,1.5677648358430412,1560290238,6,47511,49,5,0.840537749235743,1549803369,5,47205,49,8125,1.6995413191791569,1564482223,4,47567,49,8183
0,0,0,0,0,0,0,0,0,0,0,0,0.5998337695792767,1547709073,12,47097,49,46,1.0754326289168632,1551900179,5,47302,49,16,1.2451540019894114,1558193866,10,47374,49,8176
0,0,0,0,0,0,0,0,0,0,0,0,0.9396799927323376,1551900833,6,47245,49,18,0.794538381746765,1549803135,5,47184,49,8188,1.162232091473771,1553999156,10,47339,49,8180
0,0,0,0,0,0,0,0,0,0,0,0,1.2137410983267705,1556098006,12,47358,49,8173,1.0002621766420607,1551900431,5,47271,49,8147,0.6991750621994635,1549805438,11,47143,49,54
0,0,0,0,0,0,0,0,0,0,0,0,1.554607820417365,1560289853,6,47504,49,8166,0.6819360543031613,1547706260,5,47136,49,8182,0.5569945238216474,1547707548,10,47081,49,31
0,0,0,0,0,0,0,0,0,0,0,0,1.7781803638111138,1562387292,7,47600,49,26,0.8738912513418792,1549803300,5,47214,49,8166,1.292584653897508,1558193811,10,47381,49,40
0,0,0,0,0,0,0,0,0,0,0,0,0.9031663787175902,1549804148,6,47227,49,50,1.7031084473530291,1562386487,5,47572,49,38,1.1058286889853357,1553998998,10,47316,49,6
0,0,0,0,0,0,0,0,0,0,0,0,1.0985884044682377,1554000975,12,47311,49,27,0.6411377971006708,1547705862,5,47120,49,8135,0.6115631789273657,1545610711,10,47098,49,22
0,0,0,0,0,0,0,0,0,0,0,0,1.4006978712134996,1558191751,6,47437,49,0,1.43873760564096,1558192113,5,47460,49,8147,1.610295562099956,1562388363,10,47530,49,30
0,0,0,0,0,0,0,0,0,0,0,0,1.6055034265200283,1560292418,12,47525,49,8184,1.5361418849374395,1560288819,5,47505,49,8179,1.0110751373917017,1553999668,11,47277,49,5
0,0,0,0,0,0,0,0,0,0,0,0,0.6642953103419111,1547707067,7,47121,49,16,1.1004212908773017,1553997642,5,47313,49,63,0.7217174129089089,1549805129,10,47146,49,8152
0,0,0,0,0,0,0,0,0,0,0,0,0.8097382085334025,1549806721,12,47191,49,28,1.1652899440331994,1553997967,5,47341,49,8156,1.338377716116262,1558193651,10,47412,49,2
0,0,0,0,0,0,0,0,0,0,0,0,0.9910849349489149,1551904010,12,47269,49,8173,0.6401173012592913,1547706891,6,47122,49,8164,0.9069380603692374,1551902235,10,47234,49,8185
0,0,0,0,0,0,0,0,0,0,0,0,1.3341971299041147,1556096083,7,47409,49,8134,1.4068135372213604,1558192180,5,47445,49,8154,1.043612610592745,1553999155,9,47286,49,30
0,0,0,0,0,0,0,0,0,0,0,0,1.4147731645377521,1558195593,13,47443,49,8123,1.4687247427156747,1558191907,5,47467,49,35,1.5410418535235986,1560290726,10,47497,49,30
0,0,0,0,0,0,0,0,0,0,0,0,1.5460403315345137,1560292536,13,47500,49,8179,0.9361073299980059,1551900439,5,47241,49,8168,1.0292324404619226,1553999999,10,47275,49,8169
0,0,0,0,0,0,0,0,0,0,0,0,1.6288600102935664,1560290206,7,47536,49,0,0.9858801886931243,1551900950,5,47265,49,8174,1.4301719738441718,1558194140,10,47456,49,16
0,0,0,0,0,0,0,0,0,0,0,0,1.7352406778966278,1562389811,12,47581,49,8176,1.6487460832891707,1560289595,5,47542,49,8161,0.8813378214908011,1549805609,10,47221,49,49
0,0,0,0,0,0,0,0,0,0,0,0,1.802250760127848,1564487150,13,47612,49,8186,1.677508227691335,1560288083,4,47556,49,8182,1.2734068216087666,1558194022,10,47385,49,65
0,0,0,0,0,0,0,0,0,0,0,0,0,154770419,12,47140,49,8152,0,1553997855,5,47319,49,8182,0.7386461366669821,1551902326,10,47164,49,38
0,0,0,0,0,0,0,0,0,0,0,0,0.7399751220708767,1547710034,12,47155,49,8188,1.141015087813731,1553997305,5,47328,49,8157,1.1984408292599755,1556096330,9,47352,49,8161
0,0,0,0,0,0,0,0,0,0,0,0,0.7905640344216209,1549806540,12,47179,49,6,1.8114280060536427,1545609564,5,47099,49,8115,0.5702537793464684,1549804799,10,47086,49,8189
0,0,0,0,0,0,0,0,0,0,0,0,0.8111676262625847,1549804359,6,47185,49,8,0.6355295623834265,1545609081,5,47108,49,8170,0.9874136717625289,1551902382,10,47260,49,8189
0,0,0,0,0,0,0,0,0,0,0,0,0.8939873115404152,1549804597,7,47221,49,30,1.2427040458024006,1556094325,5,47371,49,6,1.579899466234115,1560291788,11,47523,49,21
0,0,0,0,0,0,0,0,0,0,0,0,1.0699284780935696,1554000713,12,47296,49,39,0.7955588811184416,1549803321,5,47179,49,8183,0.6099275232887744,1549805761,11,47113,49,6
0,0,0,0,0,0,0,0,0,0,0,0,1.1884457311744314,1554000984,12,47350,49,8159,1.4915719964209315,1558192184,5,47475,49,8150,1.325322932923177,1558194348,10,47403,49,35
0,0,0,0,0,0,0,0,0,0,0,0,1.300232034841086,1556098214,12,47398,49,63,1.556949974818229,1560288747,5,47506,49,8174,0.5875932182655594,1547707863,9,47092,49,11
0,0,0,0,0,0,0,0,0,0,0,0,1.4912690013199978,1558195717,13,47477,49,8180,1.1182700741525224,1553997548,5,47319,49,20,1.2433192919430829,1558193958,10,47367,49,8164
0,0,0,0,0,0,0,0,0,0,0,0,1.5808196126197007,1560290243,7,47519,49,5,1.258411414890679,1556094657,5,47377,49,8168,1.7461540492037642,1564485448,10,47581,49,8182
0,0,0,0,0,0,0,0,0,0,0,0,1.7999048779949125,1545610099,7,47099,49,39,0.913566781229827,1549803989,5,47230,49,6,1.2353615344677469,1558194091,11,47373,49,18
0,0,0,0,0,0,0,0,0,0,0,0,0.7209013772115208,1547710220,13,47150,49,12,1.076350901261553,1551900570,5,47298,49,8172,0.5958558122412594,1564485918,10,47603,49,15
0,0,0,0,0,0,0,0,0,0,0,0,0.8794008644151258,1549804155,6,47220,49,8169,0.7156966676911007,1547706456,5,47146,49,8160,1.232097378492104,1558193806,10,47373,49,8164
0,0,0,0,0,0,0,0,0,0,0,0,0.9761936044642737,1551902060,7,47263,49,8177,0,1549803644,5,47219,49,12,1.6833227487172244,1564485362,10,47565,49,6
0,0,0,0,0,0,0,0,0,0,0,0,1.1207218485457406,1554001285,13,47318,49,13,1.7172860361412707,1562386613,5,47574,49,30,1.2369954500481435,1556096631,10,47365,49,8168
0,0,0,0,0,0,0,0,0,0,0,0,1.2143526689324773,1554001051,13,47360,49,8157,0.71804254954476,1547706630,5,47147,49,8159,1.6619049669818369,1562387959,10,47551,49,8158
0,0,0,0,0,0,0,0,0,0,0,0,1.3712200660412006,1558195556,13,47429,49,6,1.7438045423885704,1545609258,5,47074,49,8142,1.6068287907905383,1562387978,10,47523,49,68
0,0,0,0,0,0,0,0,0,0,0,0,1.4813761423798586,1558192769,6,47469,49,20,1.3976344841969015,1558191883,5,47436,49,24,1.0894075147729243,1553999557,10,47308,49,3
0,0,0,0,0,0,0,0,0,0,0,0,1.5625637439796,1560292997,12,47505,49,8190,1.535020998432951,1560288482,5,47497,49,19,1.5519533604438835,1560291259,10,47509,49,8185
0,0,0,0,0,0,0,0,0,0,0,0,1.6475248288416253,1560292118,12,47544,49,13,1.2019057808786897,1553998256,5,47355,49,23,1.030249299646049,1556096662,10,47289,49,8181
0,0,0,0,0,0,0,0,0,0,0,0,1.6475248288416253,1560292118,12,47544,49,13,1.3539810039889002,1556095006,5,47416,49,8174,1.5313497481319331,1560291371,10,47504,49,8146
0,0,0,0,0,0,0,0,0,0,0,0,0.6419574203571675,1547709181,12,47115,49,41,0.9665015614382965,1551901312,6,47255,49,8,1.0695177204950463,1553999831,11,47304,49,36
0,0,0,0,0,0,0,0,0,0,0,0,0.715598033462757,1547709649,12,47145,49,62,1.1683496311403934,1553997784,5,47340,49,8186,1.5850001846118564,1560290752,10,47522,49,8187
0,0,0,0,0,0,0,0,0,0,0,0,0.8230996937672569,1549804927,7,47195,49,8173,0.8170789325344003,1549803284,5,47192,49,8126,1.1356113504035477,1556096258,10,47328,49,12
0,0,0,0,0,0,0,0,0,0,0,0,0.9201991290181974,1551904459,13,47235,49,24,1.0253530723741031,1551900969,5,47278,49,9,1.6713907343499417,1562388390,10,47555,49,4
0,0,0,0,0,0,0,0,0,0,0,0,0.9950628930616358,1551904136,13,47269,49,8136,0.7140645933522536,1547707094,6,47146,49,8188,1.1963998145470254,1556097246,11,47356,49,5
0,0,0,0,0,0,0,0,0,0,0,0,1.0964469876583836,1554000850,12,47307,49,2,0.921216001126216,1549803441,5,47235,49,8169,1.6677194882712585,1564485842,10,47551,49,8183
0,0,0,0,0,0,0,0,0,0,0,0,1.1845700052661905,1554000472,13,47347,49,8173,0.6382825665203502,1547705534,5,47113,49,8152,1.188036793970567,1558193698,10,47350,49,17
0,0,0,0,0,0,0,0,0,0,0,0,1.2721836837417828,1556098717,13,47384,49,8158,0.8506350839806172,1549803612,5,47207,49,18,1.679551137725447,1562388049,10,47555,49,11
0,0,0,0,0,0,0,0,0,0,0,0,1.4130388492758512,1558195309,12,47443,49,8182,0.6291034964145384,1545609233,5,47107,49,8188,1.1654962460630576,1556096499,9,47339,49,44
0,0,0,0,0,0,0,0,0,0,0,0,1.5013663324228779,1558194809,12,47481,49,10,0.8688927946404817,1549803647,5,47212,49,8154,1.5485888268035168,1562388233,10,47503,49,34
0,0,0,0,0,0,0,0,0,0,0,0,1.7420738621234018,1562387023,6,47585,49,8170,0.9137712446015596,1549803250,5,47226,49,8190,1.4012053505247875,1558194401,10,47444,49,8186
0,0,0,0,0,0,0,0,0,0,0,0,0.7118245348478597,1547707686,7,47142,49,12,0.9553837266302879,1551900426,5,47250,49,25,1.1199039811126872,1556096944,10,47322,49,8162
0,0,0,0,0,0,0,0,0,0,0,0,0.9633432769420772,1551903602,12,47252,49,40,0.7862775841684845,1547706374,5,47172,49,2,1.7170852521077618,1564485076,10,47571,49,54
0,0,0,0,0,0,0,0,0,0,0,0,1.0772709990307414,1554000743,12,47303,49,14,1.0684972176679983,1551900822,5,47293,49,8167,0.8597155384408957,1551902535,10,47209,49,8135
0,0,0,0,0,0,0,0,0,0,0,0,1.2974790530395144,1556098355,12,47392,49,8154,0.8916378072581291,1549802692,4,47219,49,8172,1.4304786841876773,1560291139,10,47453,49,30
0,0,0,0,0,0,0,0,0,0,0,0,1.4491453578810116,1558193148,7,47457,49,39,1.1998666032602807,1553997076,4,47349,49,8143,0.5877958856831901,1549805120,10,47099,49,18
0,0,0,0,0,0,0,0,0,0,0,0,1.7329970260366792,1562390346,13,47578,49,17,1.096443333503853,1553997688,5,47307,49,54,1.2115978492848494,1556096533,10,47362,49,30
0,0,0,0,0,0,0,0,0,0,0,0,0.7247771040828336,1547707264,7,47151,49,8144,1.4749463490992096,1558192243,5,47468,49,23,1.5549126713850783,1562388233,10,47508,49,31
0,0,0,0,0,0,0,0,0,0,0,0,1.0339242062279104,1551904386,12,47280,49,70,1.412116868374783,1558191337,4,47444,49,8126,1.0060784976467112,1553999592,10,47273,49,48
0,0,0,0,0,0,0,0,0,0,0,0,0.7825058906395181,1549807135,13,47177,49,9,0.9238685785634335,1549803022,5,47231,49,64,0.7815876233211788,1549805361,10,47178,49,8186
0,0,0,0,0,0,0,0,0,0,0,0,0.7825058906395181,1549807135,13,47177,49,9,0.9238685785634335,1549803022,5,47231,49,64,1.1632507633024813,1558193817,10,47348,49,8151
0,0,0,0,0,0,0,0,0,0,0,0,1.1229654972807854,1554001219,12,47319,49,46,1.184159234540443,1553998221,5,47343,49,8186,0.5940192845771567,1549805231,10,47097,49,46
0,0,0,0,0,0,0,0,0,0,0,0,1.1229654972807854,1554001219,12,47319,49,46,1.5281878294897784,1558192112,5,47490,49,8104,1.0552397889669047,1553999632,10,47295,49,30
0,0,0,0,0,0,0,0,0,0,0,0,1.3858065381373181,1556098163,13,47430,49,8176,1.3881487208090586,1556095343,6,47431,49,8167,1.6307969381128868,1562388113,10,47540,49,3
0,0,0,0,0,0,0,0,0,0,0,0,1.3858065381373181,1556098163,13,47430,49,8176,1.3881487208090586,1556095343,6,47431,49,8167,1.6307969381128868,1562388113,10,47540,49,3
0,0,0,0,0,0,0,0,0,0,0,0,1.5552193847915496,1560292047,12,47505,49,30,1.533286681037304,1560289063,5,47496,49,8146,1.3920262957663203,1560291220,10,47441,49,8161
0,0,0,0,0,0,0,0,0,0,0,0,1.5552193847915496,1560292047,12,47505,49,30,0.6436881388276706,1547705779,5,47114,49,16,0.6033005848566212,1547708103,10,47102,49,35
0,0,0,0,0,0,0,0,0,0,0,0,1.7314671814437343,1562389495,12,47577,49,8173,1.6997420470185252,1545608460,5,47056,49,8172,1.22251122073845,1556096403,10,47367,49,12
0,0,0,0,0,0,0,0,0,0,0,0,1.7314671814437343,1562389495,12,47577,49,8173,0.8744005966051895,1549803031,5,47212,49,62,1.5946904282906682,1562388383,10,47526,49,8173
0,0,0,0,0,0,0,0,0,0,0,0,0.689486642978223,1547707627,7,47137,49,8158,0.7929063085444491,1549803775,6,47179,49,8163,1.0725792348127454,1553998924,9,47301,49,8170
0,0,0,0,0,0,0,0,0,0,0,0,0.9312147331855654,1549806517,12,47239,49,8161,1.1208204240607627,1553998146,6,47316,49,32,0.914486864342067,1553999428,10,47235,49,8127
0,0,0,0,0,0,0,0,0,0,0,0,0.9312147331855654,1549806517,12,47239,49,8161,1.5141125383199476,1558192213,5,47484,49,8144,0.914486864342067,1553999428,10,47235,49,8127
0,0,0,0,0,0,0,0,0,0,0,0,1.19252592427952,1554000777,12,47349,49,13,1.4914697594603734,1558192511,6,47474,49,8139,0.8536983917251892,1551902452,10,47207,49,53
0,0,0,0,0,0,0,0,0,0,0,0,1.19252592427952,1554000777,12,47349,49,13,0.6490937104744383,1547706025,5,47117,49,8183,1.268205723662338,1556093021,4,47383,49,58
0,0,0,0,0,0,0,0,0,0,0,0,1.442005474956412,1558195094,12,47455,49,20,0.6458295626751547,1547706202,5,47117,49,30,0.728039453967612,1551902549,11,47159,49,8162
0,0,0,0,0,0,0,0,0,0,0,0,1.442005474956412,1558195094,12,47455,49,20,1.064314792922727,1551900670,5,47294,49,8184,0.728039453967612,1551902549,11,47159,49,8162
0,0,0,0,0,0,0,0,0,0,0,0,1.7540077350079877,1562387217,6,47588,49,63,1.0879780778861137,1551899934,4,47302,49,8180,0.5862678294801298,1547708532,10,47093,49,8179
0,0,0,0,0,0,0,0,0,0,0,0,1.7540077350079877,1562387217,6,47588,49,63,1.507890932547698,1558192018,5,47481,49,8177,0.9415147157207501,1553999544,10,47250,49,8166
0,0,0,0,0,0,0,0,0,0,0,0,0.8846037821947786,1549807189,13,47216,49,8184,1.5402239521171501,1558191368,5,47492,49,8187,1.5666420817704816,1562388273,10,47513,49,8180
0,0,0,0,0,0,0,0,0,0,0,0,0.8846037821947786,1549807189,13,47216,49,8184,0.7336476858644035,1547706352,5,47152,49,3,0.7331401367345097,1549805113,10,47157,49,0
0,0,0,0,0,0,0,0,0,0,0,0,1.1870181212632966,1553998456,6,47347,49,29,0.7593501560963003,1547707339,6,47164,49,8179,1.3115525034795987,1556096669,11,47406,49,8160
0,0,0,0,0,0,0,0,0,0,0,0,1.1870181212632966,1553998456,6,47347,49,29,1.1314270931688013,1553998121,5,47324,49,6,1.3115525034795987,1556096669,11,47406,49,8160
0,0,0,0,0,0,0,0,0,0,0,0,1.478723550338588,1558193057,7,47471,49,8184,1.5117666564583092,1558193055,6,47483,49,9,1.530944523444856,1560290885,10,47495,49,8179
0,0,0,0,0,0,0,0,0,0,0,0,0.732630787995891,1547707504,7,47155,49,5,1.6500714472011535,1560289209,5,47543,49,18,0.6632730241938263,1549805173,10,47130,49,8188
0,0,0,0,0,0,0,0,0,0,0,0,0.732630787995891,1547707504,7,47155,49,5,0.7812791298747617,1547706394,5,47173,49,8170,1.0687035089107515,1556096367,10,47299,49,66
0,0,0,0,0,0,0,0,0,0,0,0,0.9410071870436701,1549806636,12,47240,49,19,0.673266336449513,1547706000,5,47128,49,8137,1.6715952129739235,1562387952,10,47556,49,36
0,0,0,0,0,0,0,0,0,0,0,0,0.9410071870436701,1549806636,12,47240,49,19,0.987614498791493,1551900539,5,47261,49,8113,0.8695061802587717,1549805276,10,47220,49,39
0,0,0,0,0,0,0,0,0,0,0,0,1.1816125523995367,1553998961,7,47345,49,30,0.879908398261131,1549803485,5,47213,49,8164,1.4895346846224986,1558193527,10,47477,49,8167
0,0,0,0,0,0,0,0,0,0,0,0,1.1816125523995367,1553998961,7,47345,49,30,0.879908398261131,1549803485,5,47213,49,8164,0.7012142554029893,1547708074,10,47150,49,8173
0,0,0,0,0,0,0,0,0,0,0,0,1.4756638656313925,1558195947,12,47470,49,18,1.0901194932970186,1553996787,5,47304,49,8148,0.6575625586407903,1547708082,10,47122,49,8182
0,0,0,0,0,0,0,0,0,0,0,0,1.8026596863973425,1562389317,12,47608,49,8177,1.3436792019138328,1556094915,5,47410,49,8177,1.3817263416084102,1558193629,9,47430,49,85
0,0,0,0,0,0,0,0,0,0,0,0,1.8026596863973425,1562389317,12,47608,49,8177,1.6774059891473898,1562385317,5,47554,49,8154,1.3817263416084102,1558193629,9,47430,49,85
0,0,0,0,0,0,0,0,0,0,0,0,0.9570194371425803,1551903769,13,47251,49,15,1.602337770596315,1560289639,5,47522,49,8072,1.4173198128727125,1558194155,11,47457,49,24
0,0,0,0,0,0,0,0,0,0,0,0,0.9570194371425803,1551903769,13,47251,49,15,0.7806675532055635,1547705853,5,47170,49,8182,0.7494572779101929,1551902508,10,47173,49,8161
0,0,0,0,0,0,0,0,0,0,0,0,1.425891008240488,1558193140,7,47446,49,11,0.7479274367382518,1547706618,6,47155,49,4,1.5777580612650182,1560291148,11,47524,49,8187
0,0,0,0,0,0,0,0,0,0,0,0,1.425891008240488,1558193140,7,47446,49,11,1.104908589080646,1553997755,5,47311,49,8172,0.932437883061796,1551902353,10,47243,49,27
0,0,0,0,0,0,0,0,0,0,0,0,0.687447447516434,1547710040,13,47134,49,8185,1.0560540030205725,1551900865,5,47286,49,3,0.5148708747617666,1547708062,10,47065,49,8163
0,0,0,0,0,0,0,0,0,0,0,0,0.687447447516434,1547710040,13,47134,49,8185,1.4035493811873967,1558192001,5,47439,49,8153,0.5148708747617666,1547708062,10,47065,49,8163
0,0,0,0,0,0,0,0,0,0,0,0,1.1221494592381673,1553998700,7,47320,49,8189,1.3523489260302142,1556094785,5,47413,49,8178,0.6465451629073841,1547708290,10,47126,49,8
0,0,0,0,0,0,0,0,0,0,0,0,1.1221494592381673,1553998700,7,47320,49,8189,1.3523489260302142,1556094785,5,47413,49,8178,1.1797760070941654,1556096766,10,47346,49,1
0,0,0,0,0,0,0,0,0,0,0,0,1.6065220772563975,1560292851,12,47531,49,50,1.6852596750698747,1560288954,5,47557,49,44,0.7939268027115218,1549805630,11,47193,49,8170
0,0,0,0,0,0,0,0,0,0,0,0,1.0545259836883574,1551904285,13,47295,49,8188,0.9494688159541984,1551900089,5,47243,49,8159,1.0759437946156842,1556096845,10,47308,49,8173
0,0,0,0,0,0,0,0,0,0,0,0,1.0545259836883574,1551904285,13,47295,49,8188,1.4253761198703665,1558192167,5,47449,49,10,0.5765794021011256,1564485320,10,47596,49,6
0,0,0,0,0,0,0,0,0,0,0,0,0.6975447845111894,1547710175,13,47139,49,10,1.6172291017765625,1560289995,5,47528,49,8182,1.5718431712705707,1562388036,10,47518,49,68
0,0,0,0,0,0,0,0,0,0,0,0,0.6975447845111894,1547710175,13,47139,49,10,1.6172291017765625,1560289995,5,47528,49,8182,1.5718431712705707,1562388036,10,47518,49,68
0,0,0,0,0,0,0,0,0,0,0,0,1.74788835745149,1562389939,13,47585,49,35,1.2572886711879363,1556094927,5,47377,49,8167,1.1289826388495015,1553999249,10,47324,49,8191
0,0,0,0,0,0,0,0,0,0,0,0,1.74788835745149,1562389939,13,47585,49,35,0.68244540513427,1547706315,5,47133,49,50,0.7603724546974262,1551902337,11,47170,49,19
0,0,0,0,0,0,0,0,0,0,0,0,1.7438081689379876,1562389748,12,47585,49,8190,1.0802266273033436,1551901239,6,47297,49,11,0.905919373829357,1551902061,10,47231,49,58
0,0,0,0,0,0,0,0,0,0,0,0,1.7438081689379876,1562389748,12,47585,49,8190,1.7083095338908982,1562385563,4,47571,49,18,0.5386345928674197,1547708375,10,47080,49,13
0,0,0,0,0,0,0,0,0,0,0,0,0.6427734575331613,1547710344,13,47116,49,69,0.9396763605207191,1551900280,5,47243,49,8170,0.7567011873527675,1549805480,10,47166,49,8
0,0,0,0,0,0,0,0,0,0,0,0,0.6427734575331613,1547710344,13,47116,49,69,0.9396763605207191,1551900280,5,47243,49,8170,0.7567011873527675,1549805480,10,47166,49,8
0,0,0,0,0,0,0,0,0,0,0,0,0.7747544370634216,1549807020,13,47174,49,26,0.9042854858851084,1549803694,5,47222,49,26,0.6361429340474609,1547708336,10,47116,49,1
0,0,0,0,0,0,0,0,0,0,0,0,0.7747544370634216,1549807020,13,47174,49,26,0.9042854858851084,1549803694,5,47222,49,26,1.547670549203957,1560291465,10,47507,49,40
0,0,0,0,0,0,0,0,0,0,0,0,0.9497773274456851,1551903423,11,47250,49,9,0.9298857233303377,1549803013,5,47235,49,8185,0.5314947189451975,1547708077,10,47078,49,8158
0,0,0,0,0,0,0,0,0,0,0,0,0.9497773274456851,1551903423,11,47250,49,9,1.6876055569075754,1560288107,4,47558,49,8176,1.5624615064969831,1562388372,10,47506,49,8177
0,0,0,0,0,0,0,0,0,0,0,0,1.2625956858809622,1556098104,12,47383,49,8,1.0947090233968217,1553997710,5,47307,49,29,0.6845904207881655,1549805812,10,47137,49,19
0,0,0,0,0,0,0,0,0,0,0,0,1.2625956858809622,1556098104,12,47383,49,8,0.7792399386394245,1547706642,5,47168,49,8144,0.5388390486580468,1562388455,10,47585,49,8168
0,0,0,0,0,0,0,0,0,0,0,0,1.7552308861359274,1562387351,6,47593,49,77,1.5337978710794486,1558191820,5,47490,49,33,0.9806809036932209,1551902923,11,47261,49,30
0,0,0,0,0,0,0,0,0,0,0,0,1.7552308861359274,1562387351,6,47593,49,77,1.2642240810952097,1556094999,5,47381,49,11,0.9806809036932209,1551902923,11,47261,49,30
0,0,0,0,0,0,0,0,0,0,0,0,1.2359749437699599,1556097715,12,47372,49,8179,0.9551792622759976,1551900864,5,47251,49,8174,1.4013075871092544,1560290816,10,47441,49,8149
0,0,0,0,0,0,0,0,0,0,0,0,1.2359749437699599,1556097715,12,47372,49,8179,0.8004532997568936,1549803727,5,47184,49,8165,1.4168123364108958,1558194217,10,47441,49,8158
0,0,0,0,0,0,0,0,0,0,0,0,0.8223858868834715,1549807143,12,47195,49,2,1.8033698589431766,1545609513,6,47095,49,8173,0.739055056328892,1549805283,10,47158,49,8157
0,0,0,0,0,0,0,0,0,0,0,0,0.8223858868834715,1549807143,12,47195,49,2,1.6712866233050627,1560288633,5,47550,49,8,0.739055056328892,1549805283,10,47158,49,8157
0,0,0,0,0,0,0,0,0,0,0,0,1.6751660910364203,1560292591,13,47554,49,0,1.537775832692001,1558192110,5,47491,49,8185,1.416198918627745,1560291213,10,47447,49,19
0,0,0,0,0,0,0,0,0,0,0,0,1.6751660910364203,1560292591,13,47554,49,0,1.4685202689770207,1558192199,5,47466,49,8106,1.5258438082506567,1560290399,9,47492,49,8165
0,0,0,0,0,0,0,0,0,0,0,0,1.44271927846911,1558194830,12,47457,49,8,1.4012034993975722,1558192930,6,47438,49,8187,1.0629912398640171,1553999492,10,47294,49,8129
0,0,0,0,0,0,0,0,0,0,0,0,1.44271927846911,1558194830,12,47457,49,8,1.394879656810112,1558191418,4,47436,49,8127,1.2180239243737194,1556096433,9,47358,49,8133
0,0,0,0,0,0,0,0,0,0,0,0,1.253416626821923,1556095780,7,47377,49,11,1.4019173021317093,1558191631,5,47439,49,8173,0.7964789522092568,1549805206,10,47179,49,8147
0,0,0,0,0,0,0,0,0,0,0,0,1.253416626821923,1556095780,7,47377,49,11,1.4181340003653211,1558192208,5,47448,49,7,0.7964789522092568,1549805206,10,47179,49,8147
0,0,0,0,0,0,0,0,0,0,0,0,1.1173554617232295,1554001406,13,47319,49,8143,1.5140103009177437,1558191517,5,47484,49,8169,0.5765776165884285,1545610961,10,47087,49,5
0,0,0,0,0,0,0,0,0,0,0,0,1.1173554617232295,1554001406,13,47319,49,8143,1.5140103009177437,1558191517,5,47484,49,8169,0.7021325225305567,1549805054,10,47144,49,32
0,0,0,0,0,0,0,0,0,0,0,0,1.0387163818235392,1551903725,12,47290,49,24,1.6872988366931452,1562386614,5,47564,49,2,1.5811244607935198,1560291138,11,47518,49,28
0,0,0,0,0,0,0,0,0,0,0,0,1.0387163818235392,1551903725,12,47290,49,24,0.6210453566972622,1545609670,5,47106,49,8178,1.5811244607935198,1560291138,11,47518,49,28
0,0,0,0,0,0,0,0,0,0,0,0,0.9509000600388889,1551904249,13,47247,49,8167,0.792599615499309,1549803071,5,47184,49,8183,1.509013683643066,1560291234,10,47489,49,43
0,0,0,0,0,0,0,0,0,0,0,0,0.9509000600388889,1551904249,13,47247,49,8167,0.9672153670831608,1551900820,5,47256,49,8150,1.509013683643066,1560291234,10,47489,49,43
0,0,0,0,0,0,0,0,0,0,0,0,0.9310102706375359,1551903843,12,47242,49,8184,1.2688136074950143,1556094497,5,47387,49,1,1.4727045608889053,1558193759,10,47469,49,28
0,0,0,0,0,0,0,0,0,0,0,0,0.9310102706375359,1551903843,12,47242,49,8184,1.5223733112916484,1558191944,5,47493,49,8143,0.5026321590809236,1564485178,10,47564,49,34
0,0,0,0,0,0,0,0,0,0,0,0,1.0031210420421195,1551903996,12,47271,49,8191,0.7564949264714022,1547706223,5,47162,49,8169,1.5513436587341296,1562388365,11,47498,49,8183
0,0,0,0,0,0,0,0,0,0,0,0,1.0031210420421195,1551903996,12,47271,49,8191,0.7564949264714022,1547706223,5,47162,49,8169,1.5513436587341296,1562388365,11,47498,49,8183
0,0,0,0,0,0,0,0,0,0,0,0,1.2405644732318197,1556096033,7,47375,49,8182,1.6304883515954474,1560290270,6,47537,49,8182,0.6687808248124414,1549805212,10,47127,49,8157
0,0,0,0,0,0,0,0,0,0,0,0,1.2405644732318197,1556096033,7,47375,49,8182,1.6304883515954474,1560290270,6,47537,49,8182,1.093792578597285,1556096791,10,47312,49,49
0,0,0,0,0,0,0,0,0,0,0,0,1.6171305993895062,1560292867,13,47531,49,30,1.5324706401446457,1558191843,5,47498,49,8150,1.1976229538973582,1558193835,10,47358,49,38
0,0,0,0,0,0,0,0,0,0,0,0,0.8383981388209959,1549804682,7,47206,49,18,1.6005012113553498,1560289447,5,47527,49,8150,0.6972362996118903,1551902492,10,47144,49,8157
0,0,0,0,0,0,0,0,0,0,0,0,0.8383981388209959,1549804682,7,47206,49,18,0.9366166716095108,1551900332,5,47244,49,8138,1.262288980219976,1558194180,10,47380,49,39
0,0,0,0,0,0,0,0,0,0,0,0,1.2903391720865065,1556095846,6,47391,49,15,1.7924564868398665,1545608987,5,47093,49,8159,1.6041761941260444,1562388307,9,47524,49,4
0,0,0,0,0,0,0,0,0,0,0,0,1.2903391720865065,1556095846,6,47391,49,15,1.7924564868398665,1545608987,5,47093,49,8159,0.9351908758157647,1553999567,10,47243,49,21
0,0,0,0,0,0,0,0,0,0,0,0,1.68709810834583,1562389896,13,47565,49,42,0.8004532982727363,1549802647,4,47187,49,21,1.2966611716800989,1558194380,10,47395,49,16
0,0,0,0,0,0,0,0,0,0,0,0,1.68709810834583,1562389896,13,47565,49,42,0.8004532982727363,1549802647,4,47187,49,21,0.7407893603084114,1549805370,10,47157,49,13
0,0,0,0,0,0,0,0,0,0,0,0,0.9159144771784707,1549806443,12,47238,49,8170,1.219856796462867,1553997995,5,47363,49,8174,1.0772709978338404,1553999945,10,47298,49,1
0,0,0,0,0,0,0,0,0,0,0,0,0.9159144771784707,1549806443,12,47238,49,8170,1.219856796462867,1553997995,5,47363,49,8174,0.5960584816597396,1547707956,9,47096,49,0
0,0,0,0,0,0,0,0,0,0,0,0,1.5101382958588185,1558195987,13,47484,49,8135,1.7880695997445417,1545609581,6,47096,49,8132,1.0202541999164816,1553999525,10,47281,49,8126
0,0,0,0,0,0,0,0,0,0,0,0,1.5101382958588185,1558195987,13,47484,49,8135,1.3597936653996174,1556094854,5,47423,49,8165,0.6117658473855677,1547708295,10,47102,49,8148
0,0,0,0,0,0,0,0,0,0,0,0,0.9944513194938867,1551901750,7,47268,49,8188,1.3339889656237762,1556095393,5,47412,49,8167,1.0660509273986554,1556096447,10,47296,49,8191
0,0,0,0,0,0,0,0,0,0,0,0,0.9944513194938867,1551901750,7,47268,49,8188,0.9201954992483065,1549803469,5,47237,49,8120,0.6020756344671102,1547707998,10,47101,49,8158
0,0,0,0,0,0,0,0,0,0,0,0,1.7249388806651555,1562387272,6,47578,49,25,0.9428382788735433,1551901427,6,47247,49,8156,1.1049104169640174,1556096082,10,47315,49,7
0,0,0,0,0,0,0,0,0,0,0,0,1.7249388806651555,1562387272,6,47578,49,25,0.9428382788735433,1551901427,6,47247,49,156,0.6965224919988859,1547708194,10,47143,49,8181
0,0,0,0,0,0,0,0,0,0,0,0,1.3464358738590971,1556098247,12,47417,49,11,0.7165127048521974,1547705887,4,47146,49,8191,1.2122075792232572,1558193894,10,47367,49,8
0,0,0,0,0,0,0,0,0,0,0,0,1.3464358738590971,1556098247,12,47417,49,11,1.6015217290961896,1560289256,5,47526,49,18,0.8111658219026896,1551902276,10,47187,49,39
0,0,0,0,0,0,0,0,0,0,0,0,1.0653371227869077,1554001144,13,47301,49,8176,1.767874933873537,1545609834,6,47087,49,14,1.3909035466627142,1560291097,10,47439,49,8188
0,0,0,0,0,0,0,0,0,0,0,0,1.0653371227869077,1554001144,13,47301,49,8176,1.469947871850277,1558192139,5,47472,49,8181,1.0195403944516523,1554000040,11,47280,49,62
0,0,0,0,0,0,0,0,0,0,0,0,0.8424783269803227,1549807146,13,47206,49,3,1.3781517718939116,1558191876,5,47436,49,8155,1.258515489868941,1558193774,10,47377,49,8158
0,0,0,0,0,0,0,0,0,0,0,0,0.6866314105645575,1547707673,7,47134,49,2,1.6210025848847214,1560288754,5,47535,49,8142,0.7707746769393291,1549805400,10,47173,49,8162
0,0,0,0,0,0,0,0,0,0,0,0,0.6866314105645575,1547707673,7,47134,49,2,1.3698909950567952,1556094180,5,47429,49,8174,1.638548384744176,1562387890,10,47537,49,14
0,0,0,0,0,0,0,0,0,0,0,0,1.6753686979205302,1560288879,6,47560,49,0,1.5548067008431985,1560289668,5,47512,49,8178,1.1329605957562927,1556097126,10,47318,49,1
0,0,0,0,0,0,0,0,0,0,0,0,1.6753686979205302,1560288879,6,47560,49,0,1.3434747287045976,1556094361,5,47416,49,6,1.1329605957562927,1556097126,10,47318,49,1
0,0,0,0,0,0,0,0,0,0,0,0,1.487291039752931,1558192789,6,47476,49,21,1.5456276515926775,1560289336,5,47506,49,8163,1.4935107874038775,1558194098,11,47479,49,8118
0,0,0,0,0,0,0,0,0,0,0,0,1.487291039752931,1558192789,6,47476,49,21,1.5456276515926775,1560289336,5,47506,49,8163,1.227407452330951,1556096771,10,47360,49,5
0,0,0,0,0,0,0,0,0,0,0,0,1.247704354275053,1556098085,12,47377,49,46,1.5573570602625222,1560289786,5,47511,49,8154,0.7277327648983803,1549805112,10,47155,49,8167
0,0,0,0,0,0,0,0,0,0,0,0,1.247704354275053,1556098085,12,47377,49,46,1.3750920876294621,1558192112,6,47434,49,8181,1.7455424715283816,1564485428,10,47576,49,6
0,0,0,0,0,0,0,0,0,0,0,0,1.115621151505637,1554000856,13,47320,49,23,1.7230987164335823,1545609379,5,47070,49,8167,1.368770097154621,1558193610,10,47430,49,5
0,0,0,0,0,0,0,0,0,0,0,0,1.115621151505637,1554000856,13,47320,49,23,1.7230987164335823,1545609379,5,47070,49,8167,1.368770097154621,1558193610,10,47430,49,5
0,0,0,0,0,0,0,0,0,0,0,0,1.113784607524103,1553997663,6,47322,49,8186,0.7821955885321794,1549802592,4,47183,49,8159,0.9500822056696966,1551902677,11,47247,49,1
0,0,0,0,0,0,0,0,0,0,0,0,1.113784607524103,1553997663,6,47322,49,8186,0.7821955885321794,1549802592,4,47183,49,8159,0.8055539829000657,1551902609,10,47192,49,6
0,0,0,0,0,0,0,0,0,0,0,0,1.3251184636086684,1556095901,7,47410,49,0,1.2703434495214274,1556094836,5,47389,49,18,0.7069265158803162,1547708678,11,47143,49,7
0,0,0,0,0,0,0,0,0,0,0,0,1.3251184636086684,1556095901,7,47410,49,0,0,1556094935,5,47375,49,8121,0.6170691915443525,1547708145,10,47104,49,37
0,0,0,0,0,0,0,0,0,0,0,0,1.5042215431077546,1560292205,12,47486,49,53,0.6208408987084367,1545608993,5,47109,49,8142,1.6576202869895469,1562388344,10,47550,49,8186
0,0,0,0,0,0,0,0,0,0,0,0,1.5042215431077546,1560292205,12,47486,49,53,1.800003473129557,1545609449,5,47100,49,8130,1.5705159393141976,1562388396,10,47516,49,71
0,0,0,0,0,0,0,0,0,0,0,0,1.6863843071655398,1562387250,6,47564,49,40,1.1035813784337425,1553998322,6,47320,49,8124,1.506974514359515,1560290686,10,47483,49,8
0,0,0,0,0,0,0,0,0,0,0,0,1.6863843071655398,1562387250,6,47564,49,40,1.0796132250698687,1553998057,6,47307,49,8150,1.4302742105955097,1560291197,11,47451,49,27
0,0,0,0,0,0,0,0,0,0,0,0,0.64715853641428,1547709988,12,47121,49,8185,1.5416496863526226,1560289021,5,47511,49,9,1.3723409637451174,1558194650,11,47427,49,40
0,0,0,0,0,0,0,0,0,0,0,0,0.7325285586705736,1547709276,12,47156,49,38,0.8254419562001303,1549804258,6,47205,49,8150,1.1598862089817648,1553999414,10,47334,49,8185
0,0,0,0,0,0,0,0,0,0,0,0,0.7325285586705736,1547709276,12,47156,49,38,0.8254419562001303,1549804258,6,47205,49,8150,1.1598862089817648,1553999414,10,47334,49,8185
0,0,0,0,0,0,0,0,0,0,0,0,0.8410507132217804,1549804718,7,47204,49,8,1.2204683621538586,1556095669,6,47372,49,8144,0.9927151899236685,1551903005,11,47269,49,12
0,0,0,0,0,0,0,0,0,0,0,0,0.8410507132217804,1549804718,7,47204,49,8,1.1610052791192835,1553997723,5,47347,49,57,0.9950610718252038,1553999315,9,47270,49,8190
0,0,0,0,0,0,0,0,0,0,0,0,1.1069514282139343,1554001045,12,47317,49,1,1.6845441038041007,1545608887,5,47062,49,8174,0.9950610716496582,1553999568,10,47271,49,8175
0,0,0,0,0,0,0,0,0,0,0,0,1.5512414230652378,1560292019,11,47505,49,29,1.0787971834687813,1553997981,5,47313,49,8124,1.046873111031425,1556096615,10,47299,49,8182
0,0,0,0,0,0,0,0,0,0,0,0,1.5512414230652378,1560292019,11,47505,49,29,1.0831822438347898,1553998061,6,47318,49,8172,1.1534601340059714,1553999783,11,47334,49,35
0,0,0,0,0,0,0,0,0,0,0,0,0.92397262433448,1551903626,12,47239,49,49,1.6994354317902725,1562386797,6,47580,49,8167,1.2599412555696332,1558194023,10,47386,49,8174
0,0,0,0,0,0,0,0,0,0,0,0,0.92397262433448,1551903626,12,47239,49,49,1.7268722063391433,1545608698,5,47079,49,8172,1.4166060112535837,1560290888,10,47450,49,8140
0,0,0,0,0,0,0,0,0,0,0,0,1.654460236914422,1560292428,12,47549,49,19,1.2155721275491902,1556094975,6,47372,49,8167,1.6812835851909502,1564485309,11,47559,49,26
0,0,0,0,0,0,0,0,0,0,0,0,1.654460236914422,1560292428,12,47549,49,19,1.2821750912225551,1556095517,5,47399,49,2,0.684079274608641,1547707808,10,47136,49,7
0,0,0,0,0,0,0,0,0,0,0,0,1.3432739524748436,1556095762,7,47416,49,10,0.8497168113906174,1549803847,5,47215,49,5,1.0265780403876588,1553999306,10,47282,49,8164
0,0,0,0,0,0,0,0,0,0,0,0,1.3432739524748436,1556095762,7,47416,49,10,0.8497168113906174,1549803847,5,47215,49,5,1.3318494020383742,1558194070,10,47409,49,51
0,0,0,0,0,0,0,0,0,0,0,0,1.196808752568297,1556098102,13,47356,49,8189,0.6844845916641383,1547706410,5,47147,49,8152,0.589836872118801,1547708476,10,47092,49,25
0,0,0,0,0,0,0,0,0,0,0,0,1.196808752568297,1556098102,13,47356,49,8189,0.9069362435372033,1549803540,5,47238,49,8182,0.589836872118801,1547708476,10,47092,49,25
0,0,0,0,0,0,0,0,0,0,0,0,1.2131276926375907,1556098173,13,47364,49,42,1.0157650767903932,1551900793,5,47283,49,8099,0,1560291160,10,47451,49,56
0,0,0,0,0,0,0,0,0,0,0,0,1.3712200662486635,1558195356,13,47430,49,22,1.3432702534762233,1556095157,5,47424,49,8146,0.5895301878417119,1547708162,10,47095,49,8174
0,0,0,0,0,0,0,0,0,0,0,0,1.6926059129950486,1562389775,12,47567,49,37,1.3711141227661692,1558192236,6,47440,49,8179,1.3738708063401626,1560290693,10,47429,49,18
0,0,0,0,0,0,0,0,0,0,0,0,1.6926059129950486,1562389775,12,47567,49,37,0.6209413258408939,1547706877,6,47123,49,8151,0.7572087318762033,1549802761,5,47171,49,4
0,0,0,0,0,0,0,0,0,0,0,0,0.9381501484949266,1551901328,7,47244,49,1,0.7574113854043518,1549803148,5,47177,49,8159,1.5833681044182721,1562387701,10,47519,49,8187
0,0,0,0,0,0,0,0,0,0,0,0,0.9381501484949266,1551901328,7,47244,49,1,1.224853418051802,1556095167,5,47378,49,8141,0.9754797972928905,1551902581,11,47255,49,2
0,0,0,0,0,0,0,0,0,0,0,0,1.38968041380893,1558195785,13,47441,49,18,0,1558192563,6,47452,49,8178,0.6398142034230201,1549801992,4,47114,49,37
0,0,0,0,0,0,0,0,0,0,0,0,1.38968041380893,1558195785,13,47441,49,18,0.7621031488722898,1547706133,5,47179,49,8183,1.2567811771038273,1558193827,11,47377,49,14
0,0,0,0,0,0,0,0,0,0,0,0,0.74446242812743,1547709151,12,47159,49,12,1.6714892209792023,1562386525,5,47567,49,8190,1.6768966644798073,1562388633,11,47562,49,46
0,0,0,0,0,0,0,0,0,0,0,0,1.343069481132192,1556097996,12,47418,49,7,0.8864348807726462,1549802986,5,47232,49,8168,1.4411875810471786,1560290899,10,47457,49,20
0,0,0,0,0,0,0,0,0,0,0,0,1.343069481132192,1556097996,12,47418,49,7,0.8864348807726462,1549802986,5,47232,49,8168,0.8967384949265383,1553999589,10,47227,49,7
0,0,0,0,0,0,0,0,0,0,0,0,0.7536414978669976,1549806245,12,47165,49,8140,0.871034210508625,1549803851,5,47223,49,52,0.6958086843955937,1547708253,11,47141,49,8186
0,0,0,0,0,0,0,0,0,0,0,0,0.7536414978669976,1549806245,12,47165,49,8140,1.6233484641211566,1560289794,6,47543,49,8148,1.3538806152995109,1560291051,11,47417,49,56
0,0,0,0,0,0,0,0,0,0,0,0,1.4159962988432195,1558193029,7,47447,49,8189,0.9222346795164779,1551901310,6,47249,49,27,1.1496848084476552,1556096356,10,47339,49,8150
0,0,0,0,0,0,0,0,0,0,0,0,1.4159962988432195,1558193029,7,47447,49,8189,1.7207528310211493,1545609581,5,47076,49,8110,0.662661444157627,1547708134,10,47122,49,27
0,0,0,0,0,0,0,0,0,0,0,0,0.9324378832213828,1551904495,13,47244,49,41,1.096034393800473,1553997938,5,47321,49,8155,0.5203786743392488,1562388153,11,47573,49,2
0,0,0,0,0,0,0,0,0,0,0,0,0.9324378832213828,1551904495,13,47244,49,41,0.7317089169594981,1547706198,5,47165,49,8173,1.2448491346179344,1558193717,10,47366,49,8187
0,0,0,0,0,0,0,0,0,0,0,0,1.6509915976937606,1562389236,12,47551,49,44,1.3507149899081035,1556094392,5,47432,49,8176,1.103789506189943,1556094155,5,47309,49,8173
0,0,0,0,0,0,0,0,0,0,0,0,1.6509915976937606,1562389236,12,47551,49,44,1.009236769348385,1551900809,5,47284,49,8158,0.5954469008058288,1547707875,10,47093,49,12
0,0,0,0,0,0,0,0,0,0,0,0,1.1677398947463826,1554000763,12,47345,49,8186,1.6551702889822948,1560289119,6,47559,49,30,1.5970363095777944,1562388308,10,47521,49,8155
0,0,0,0,0,0,0,0,0,0,0,0,1.1677398947463826,1554000763,12,47345,49,8186,1.2768717601482427,1556096033,6,47396,49,8111,1.5970363095777944,1562388308,10,47521,49,8155
0,0,0,0,0,0,0,0,0,0,0,0,0.6873434228672125,1547707349,6,47143,49,52,0.7496599335102128,1547705808,5,47173,49,8127,0.9059175593913225,1551899509,4,47233,49,4
0,0,0,0,0,0,0,0,0,0,0,0,0.6873434228672125,1547707349,6,47143,49,52,0.7496599335102128,1547705808,5,47173,49,8127,1.5941792354694506,1560291062,10,47525,49,8146
0,0,0,0,0,0,0,0,0,0,0,0,1.4717862845518142,1558195409,12,47476,49,39,1.0320840155666298,1551899818,5,47292,49,18,1.4682154134384482,1558193907,11,47472,49,19
0,0,0,0,0,0,0,0,0,0,0,0,1.4717862845518142,1558195409,12,47476,49,39,1.0320840155666298,1551899818,5,47292,49,18,0.9725205231045345,1551902346,10,47260,49,8
0,0,0,0,0,0,0,0,0,0,0,0,1.1123569975061383,1554001215,13,47320,49,7,1.2906403419829247,1556095069,5,47405,49,4,0.8593066147768714,1551902309,9,47210,49,8189
0,0,0,0,0,0,0,0,0,0,0,0,1.1123569975061383,1554001215,13,47320,49,7,0.8954112984059985,1549803823,5,47232,49,8167,1.54226311810622,1560290659,10,47506,49,31
0,0,0,0,0,0,0,0,0,0,0,0,0.7417076280666636,1547706804,6,47162,49,39,1.4425110896053237,1558193101,6,47468,49,15,1.3973314753334023,1560291037,11,47431,49,8190
0,0,0,0,0,0,0,0,0,0,0,0,0.7417076280666636,1547706804,6,47162,49,39,0.988021600359595,1551900573,5,47276,49,8182,0.8776647450469689,1551902378,10,47222,49,41
0,0,0,0,0,0,0,0,0,0,0,0,1.5384914970210593,1560292468,12,47502,49,14,1.5052383337993813,1558192115,5,47493,49,6,0.6176807715219024,1549805415,10,47107,49,8191
0,0,0,0,0,0,0,0,0,0,0,0,1.5384914970210593,1560292468,12,47502,49,14,0.9604825917120926,1551900909,5,47266,49,11,0.6176807715219024,1549805415,10,47107,49,8191
0,0,0,0,0,0,0,0,0,0,0,0,1.0546282164642264,1551903627,12,47294,49,8158,1.3714208343317267,1558191920,5,47437,49,8179,0.8874571984570618,1549805131,10,47222,49,27
0,0,0,0,0,0,0,0,0,0,0,0,1.0546282164642264,1551903627,12,47294,49,8158,0.7829093904246548,1549804091,6,47191,49,8176,1.4068153905747611,1558194243,11,47442,49,8165
0,0,0,0,0,0,0,0,0,0,0,0,1.6554807545353938,1562389038,12,47547,49,28,1.0777766756177727,1553997353,5,47316,49,8175,0.8931694625771158,1551902053,10,47222,49,16
0,0,0,0,0,0,0,0,0,0,0,0,1.6554807545353938,1562389038,12,47547,49,28,1.6652676164503513,1562386354,6,47564,49,0,1.3127756391893037,1558193852,10,47404,49,30
0,0,0,0,0,0,0,0,0,0,0,0,0.8916396189194271,1549806777,12,47228,49,8171,0.7106982114538594,1547706830,6,47155,49,8173,0.7090679389736427,1549805108,10,47147,49,6
0,0,0,0,0,0,0,0,0,0,0,0,0.8916396189194271,1549806777,12,47228,49,8171,1.2224053004569955,1556094602,5,47378,49,25,1.11092938548431,1553999833,11,47311,49,46
0,0,0,0,0,0,0,0,0,0,0,0,1.245256237385981,1556095389,6,47377,49,8187,0.7036605661083243,1547706079,5,47152,49,9,0.7197768519090365,1549805413,10,47154,49,9
0,0,0,0,0,0,0,0,0,0,0,0,1.512993506430619,1558193222,7,47488,49,8171,0.8370691325554428,1549804146,6,47212,49,8114,1.1444837088242994,1556096673,10,47334,49,22
0,0,0,0,0,0,0,0,0,0,0,0,1.512993506430619,1558193222,7,47488,49,8171,1.34112884453693,1556094334,4,47422,49,8179,1.1444837088242994,1556096673,10,47334,49,22
0,0,0,0,0,0,0,0,0,0,0,0,1.6697586541189013,1562389829,12,47559,49,11,1.43832865221238,1558193355,6,47469,49,8157,0.6362451611028391,1547708119,10,47109,49,8184
0,0,0,0,0,0,0,0,0,0,0,0,1.6697586541189013,1562389829,12,47559,49,11,0.6680634192550577,1547706952,5,47141,49,8174,0.8651211089973001,1549805237,10,47209,49,8189
0,0,0,0,0,0,0,0,0,0,0,0,1.7707337913866563,1562387632,7,47601,49,10,0.7522102767043867,1547706519,5,47172,49,8173,1.1117454238426367,1553999429,10,47311,49,8184
0,0,0,0,0,0,0,0,0,0,0,0,1.7707337913866563,1562387632,7,47601,49,10,1.1791607642876725,1553998187,6,47353,49,8156,1.1117454238426367,1553999429,10,47311,49,8184
0,0,0,0,0,0,0,0,0,0,0,0,1.766246490285401,1562390061,13,47597,49,8148,1.1898696639731254,1553997593,5,47360,49,19,1.425889156092371,1560291455,11,47447,49,22
0,0,0,0,0,0,0,0,0,0,0,0,1.766246490285401,1562390061,13,47597,49,8148,1.6143720196109421,1560290451,6,47542,49,53,1.458220320547517,1560291088,11,47466,49,8167
0,0,0,0,0,0,0,0,0,0,0,0,1.6464020725667683,1560292478,12,47548,49,8172,1.61865670087664,1560290471,6,47540,49,27,1.4783127433658994,1560291185,10,47477,49,8163
0,0,0,0,0,0,0,0,0,0,0,0,1.3946788871790565,1558195495,13,47440,49,6,1.2103710314017784,1553997312,5,47367,49,8133,1.3715249243588339,1558194158,11,47428,49,48
0,0,0,0,0,0,0,0,0,0,0,0,1.3946788871790565,1558195495,13,47440,49,6,1.1955819368722984,1553998113,6,47360,49,10,1.226896280408028,1558193891,10,47366,49,8178
0,0,0,0,0,0,0,0,0,0,0,0,1.2526005879033097,1556097615,12,47377,49,38,1.5421590093250188,1560289229,5,47514,49,8143,1.1492777067909858,1554000125,11,47335,49,3
0,0,0,0,0,0,0,0,0,0,0,0,1.2476021194630615,1556098166,12,47378,49,30,1.519413993980144,1560288972,5,47505,49,4,0.9672171855509352,1551902642,10,47256,49,8180
0,0,0,0,0,0,0,0,0,0,0,0,1.6724112536063618,1562389308,12,47557,49,36,0.7685292188791271,1549802895,5,47179,49,8177,0.6745935175560653,1547708620,11,47133,49,11
0,0,0,0,0,0,0,0,0,0,0,0,1.6724112536063618,1562389308,12,47557,49,36,1.1986416224925531,1553997533,5,47362,49,8166,0.5826969980606005,1545611064,10,47090,49,52
0,0,0,0,0,0,0,0,0,0,0,0,0.9257069313919134,1551903868,13,47238,49,8169,1.1955819368722984,1553997551,5,47360,49,2,1.5450179529709667,1560290964,10,47503,49,8153
0,0,0,0,0,0,0,0,0,0,0,0,0.9257069313919134,1551903868,13,47238,49,8169,1.5533790949426745,1560289614,5,47516,49,8139,1.415485115595565,1560291291,10,47445,49,8180
0,0,0,0,0,0,0,0,0,0,0,0,1.3400097954778956,1556095895,7,47416,49,6,1.4510785772173473,1558192584,5,47471,49,8174,1.131531157405264,1553999080,10,47325,49,26
0,0,0,0,0,0,0,0,0,0,0,0,1.3400097954778956,1556095895,7,47416,49,6,1.666388496448135,1562386968,6,47568,49,55,0.9115275928347691,1553999246,10,47234,49,0
0,0,0,0,0,0,0,0,0,0,0,0,1.5228863623916322,1560292354,13,47495,49,20,1.366117505384421,1556094590,5,47432,49,0,1.7318742941289966,1564485413,10,47575,49,45
0,0,0,0,0,0,0,0,0,0,0,0,1.5228863623916322,1560292354,13,47495,49,20,1.4723959890131377,1558191915,5,47478,49,8171,1.4829041286612181,1560291215,9,47472,49,6
0,0,0,0,0,0,0,0,0,0,0,0,1.5878572589227564,1560292092,12,47522,49,9,0.9624213679063593,1551900591,5,47262,49,8152,0.9687488456528387,1551902832,11,47249,49,8159
0,0,0,0,0,0,0,0,0,0,0,0,1.5878572589227564,1560292092,12,47522,49,9,1.037796284225978,1551900672,5,47293,49,8142,0.5758638076008794,1547707889,10,47085,49,15
0,0,0,0,0,0,0,0,0,0,0,0,1.5934673014580858,1560291948,12,47523,49,35,1.6630239743857813,1560289044,5,47563,49,8105,1.1700857759058394,1553999307,10,47339,49,7
0,0,0,0,0,0,0,0,0,0,0,0,1.5934673014580858,1560291948,12,47523,49,35,1.6486419634354768,1562385655,5,47560,49,20,0.710904472122065,1549805242,11,47145,49,8185
0,0,0,0,0,0,0,0,0,0,0,0,1.473520601422127,1558195268,12,47475,49,45,1.0330022871279778,1551900237,5,47292,49,8181,1.2206746733021785,1558194116,10,47363,49,13
0,0,0,0,0,0,0,0,0,0,0,0,1.473520601422127,1558195268,12,47475,49,45,0.9346778926304544,1551900287,5,47256,49,18,0.709781746557853,1547708510,11,47148,49,8160
0,0,0,0,0,0,0,0,0,0,0,0,1.2351589048523837,1556097989,12,47372,49,8176,1.3916154927912439,1558192271,5,47448,49,8151,1.0902235530303015,1553999230,10,47306,49,8171
0,0,0,0,0,0,0,0,0,0,0,0,1.2351589048523837,1556097989,12,47372,49,8176,1.2829911296048446,1556095202,5,47401,49,23,1.6265122588328698,1562388048,10,47536,49,8181
0,0,0,0,0,0,0,0,0,0,0,0,0.8709356045137977,1549807063,12,47215,49,30,1.6545587279110008,1560289101,5,47558,49,3,0.6444037388312079,1549805107,10,47116,49,32
0,0,0,0,0,0,0,0,0,0,0,0,0.8709356045137977,1549807063,12,47215,49,30,1.4943249644360386,1558192792,6,47489,49,8146,1.1619253893708372,1556096652,10,47338,49,30
0,0,0,0,0,0,0,0,0,0,0,0,1.5824516927841241,1560292442,12,47519,49,8174,0.5877940922864429,1545608521,5,47105,49,8173,1.2769776801076955,1558193919,10,47378,49,6
0,0,0,0,0,0,0,0,0,0,0,0,1.5824516927841241,1560292442,12,47519,49,8174,1.5809181128590357,1560289408,5,47528,49,44,1.2769776801076955,1558193919,10,47378,49,6
0,0,0,0,0,0,0,0,0,0,0,0,1.014748220475612,1551901463,7,47277,49,29,0.6343028078185429,1547706464,5,47129,49,26,0.5980976790108017,1547708045,10,47098,49,8182
0,0,0,0,0,0,0,0,0,0,0,0,1.014748220475612,1551901463,7,47277,49,29,1.6524173257034898,1560289312,5,47555,49,21,1.0554442525723795,1551902283,10,47286,49,8163
0,0,0,0,0,0,0,0,0,0,0,0,1.6412009858871663,1562389965,13,47548,49,16,0.756392694202001,1547706346,5,47172,49,8,1.0842064109533855,1556096251,10,47300,49,4
0,0,0,0,0,0,0,0,0,0,0,0,1.6412009858871663,1562389965,13,47548,49,16,0.5569927359627328,1545609162,5,47087,49,18,1.5222747954387552,1560290566,10,47485,49,24
0,0,0,0,0,0,0,0,0,0,0,0,0.9908804705198109,1551901810,7,47276,49,8170,0.912444044277607,1551900404,5,47242,49,12,1.5541970044627345,1562387780,10,47508,49,8169
0,0,0,0,0,0,0,0,0,0,0,0,0.9908804705198109,1551901810,7,47276,49,8170,0.7565953473166023,1549802951,5,47178,49,8168,0.808411018414174,1549805637,10,47188,49,35
0,0,0,0,0,0,0,0,0,0,0,0,1.4532237033598026,1558194977,12,47471,49,8149,1.2018035424748954,1553998091,6,47365,49,8132,0.8339090272431858,1551902724,10,47202,49,8187
0,0,0,0,0,0,0,0,0,0,0,0,1.4532237033598026,1558194977,12,47471,49,8149,1.0655379306604258,1553996962,4,47309,49,8181,1.2427058848488066,1558193877,10,47370,49,5
0,0,0,0,0,0,0,0,0,0,0,0,0.630941820042088,1547709199,12,47117,49,18,1.5192113856543816,1560289393,5,47501,49,8191,1.253212155529929,1558194088,10,47371,49,6
0,0,0,0,0,0,0,0,0,0,0,0,0.630941820042088,1547709199,12,47117,49,18,1.3859032145930679,1558192023,5,47448,49,10,1.670370215491767,1564485638,10,47553,49,8161
0,0,0,0,0,0,0,0,0,0,0,0,0.9451877962262843,1551903878,12,47252,49,3,0.6165562512539781,1547706780,6,47119,49,22,1.6522147218008225,1562388653,10,47547,49,8187
0,0,0,0,0,0,0,0,0,0,0,0,1.7575767694418218,1562387536,7,47599,49,46,1.7089211896101788,1545609198,5,47073,49,8170,0.831564952973333,1549805420,11,47193,49,58
0,0,0,0,0,0,0,0,0,0,0,0,0.7477265789559832,1547707107,6,47164,49,17,0.9115257737764618,1551900980,6,47243,49,8174,0.7531303483126154,1549805620,10,47162,49,8182
0,0,0,0,0,0,0,0,0,0,0,0,0.7477265789559832,1547707107,6,47164,49,17,0.7729142881684924,1549803897,6,47186,49,20,1.0418783010266635,1553999557,10,47283,49,11
0,0,0,0,0,0,0,0,0,0,0,0,0.5957535878086678,1545613062,13,47102,49,30,1.1689611974173542,1553997249,5,47351,49,8176,0.8409484812497382,1549806149,11,47197,49,17
0,0,0,0,0,0,0,0,0,0,0,0,1.5040170689348527,1560292412,12,47493,49,84,1.0354504023882776,1551901101,6,47292,49,8156,1.1063398538166753,1556096989,10,47307,49,61
0,0,0,0,0,0,0,0,0,0,0,0,1.657417682636773,1562389229,12,47557,49,18,1.381313688724073,1558192360,5,47445,49,8122,0.8538006200378259,1551902634,10,47199,49,8165
0,0,0,0,0,0,0,0,0,0,0,0,1.657417682636773,1562389229,12,47557,49,18,1.2099620881360973,1556093979,5,47373,49,8142,0.8538006200378259,1551902634,10,47199,49,8165
0,0,0,0,0,0,0,0,0,0,0,0,1.5143188749613754,1560291941,12,47496,49,5,1.5243102340725512,1560288522,4,47507,49,8190,0.7197786507155566,1549805226,10,47145,49,8
0,0,0,0,0,0,0,0,0,0,0,0,1.2180239270069013,1556098010,12,47369,49,8164,1.3511239374826294,1556094406,5,47429,49,20,0.8804195525689317,1553999191,10,47218,49,2
0,0,0,0,0,0,0,0,0,0,0,0,1.358165286199438,1558195938,13,47427,49,33,1.658536690840853,1560288275,5,47559,49,8132,1.7297310638552426,1564485555,11,47579,49,32
0,0,0,0,0,0,0,0,0,0,0,0,1.0328014731226627,1551903378,12,47289,49,56,1.400896782186814,1558192513,6,47453,49,2,0.6022800908759531,1549805047,10,47097,49,56
0,0,0,0,0,0,0,0,0,0,0,0,1.1471381265274385,1553998833,7,47336,49,20,1.6499692041474898,1560288454,5,47555,49,6,1.021070238325125,1556096480,10,47279,49,8185
0,0,0,0,0,0,0,0,0,0,0,0,0.8718538746193419,1549804767,7,47219,49,8186,1.5362441205713788,1560289275,5,47510,49,8152,1.3269531667295507,1558193587,9,47408,49,65
0,0,0,0,0,0,0,0,0,0,0,0,1.6952585144828698,1562389892,13,47570,49,55,1.231177259282091,1556094650,5,47381,49,8141,1.3269531667295507,1558193587,9,47408,49,65
0,0,0,0,0,0,0,0,0,0,0,0,1.7038259429289502,1562387247,7,47574,49,8119,1.36356714897924,1558191430,5,47435,49,7,1.652012114059586,1562388402,10,47541,49,20
0,0,0,0,0,0,0,0,0,0,0,0,1.3285870930646677,1556097662,12,47413,49,22,1.1398923423725167,1553997969,5,47340,49,4,0.6776550019401504,1549805649,10,47126,49,20
0,0,0,0,0,0,0,0,0,0,0,0,1.3285870930646677,1556097662,12,47413,49,22,0.7815840075469024,1549804486,6,47191,49,8178,0.6776550019401504,1549805649,10,47126,49,20
0,0,0,0,0,0,0,0,0,0,0,0,0.8883772811944171,1549806585,12,47226,49,8178,0.8991847907896164,1549803564,5,47238,49,6,0.9564078590838294,1551903175,11,47241,49,4
0,0,0,0,0,0,0,0,0,0,0,0,1.2489293339833267,1556098548,12,47379,49,27,1.5740849450985634,1560289459,5,47525,49,8170,1.2870750132342037,1558193917,10,47383,49,22
0,0,0,0,0,0,0,0,0,0,0,0,0.8090244027250956,1549804196,6,47196,49,8173,1.3570388308303216,1558192008,5,47437,49,8141,1.6293674645829488,1564485199,10,47539,49,8127
0,0,0,0,0,0,0,0,0,0,0,0,1.6118272738540949,1560293221,13,47533,49,7,1.2056792661783855,1553998035,6,47369,49,8186,0.9562033967980935,1551902404,10,47243,49,20
0,0,0,0,0,0,0,0,0,0,0,0,1.5892848635272643,1560290254,7,47530,49,31,1.3598958981054672,1556094393,5,47433,49,8191,1.5089133054107091,1560290946,10,47480,49,8142
0,0,0,0,0,0,0,0,0,0,0,0,1.5892848635272643,1560290254,7,47530,49,31,1.0570726753410704,1553997204,5,47306,49,8134,1.4816809963631297,1558191392,5,47467,49,27
0,0,0,0,0,0,0,0,0,0,0,0,1.1463220882582754,1554001172,13,47337,49,8185,1.208943422457976,1553997444,5,47369,49,8166,0.7819947397935075,1551902583,10,47175,49,8172
0,0,0,0,0,0,0,0,0,0,0,0,0.6920369853649454,1547710115,13,47143,49,21,1.0488118879264208,1551900971,6,47299,49,8142,1.3256277950324378,1558193799,10,47405,49,9
0,0,0,0,0,0,0,0,0,0,0,0,1.4591404558812362,1558192885,7,47470,49,19,0.7368096013897595,1547705570,4,47166,49,2,1.3256277950324378,1558193799,10,47405,49,9
0,0,0,0,0,0,0,0,0,0,0,0,1.4175261432114232,1558195809,12,47454,49,7,0.9069362418136656,1549803143,5,47242,49,8164,0.7722040936404099,1549805541,10,47167,49,8165
0,0,0,0,0,0,0,0,0,0,0,0,1.0207671864257255,1551901759,7,47280,49,26,0.6308359999810911,1547706912,6,47125,49,46,0.8131045862022578,1551902450,10,47182,49,8132
0,0,0,0,0,0,0,0,0,0,0,0,1.0161758331677047,1551903674,12,47285,49,47,0.8970433733575226,1549802896,5,47235,49,8165,1.5242117283533576,1560291136,10,47490,49,8175
0,0,0,0,0,0,0,0,0,0,0,0,0.6403253489568402,1547709376,12,47122,49,75,0.6761215605075643,1547706398,5,47145,49,8179,1.5160513296508866,1562387908,10,47490,49,8166
0,0,0,0,0,0,0,0,0,0,0,0,0.6752068937086613,1547709218,12,47140,49,8190,1.0070953531215379,1551901128,6,47284,49,3,1.0793101811281252,1553999805,10,47300,49,54
0,0,0,0,0,0,0,0,0,0,0,0,0.6752068937086613,1547709218,12,47140,49,8190,0.8399261724260526,1549803327,5,47208,49,8158,1.1549899773621775,1553999605,11,47334,49,39
0,0,0,0,0,0,0,0,0,0,0,0,1.3411325436311519,1556098159,12,47419,49,24,1.0553383656184137,1553997720,5,47304,49,8151,0.8346246421787767,1551902305,10,47195,49,16
0,0,0,0,0,0,0,0,0,0,0,0,1.4388435559458415,1558195255,12,47461,49,14,1.5070748901816433,1558192000,5,47491,49,8140,1.6313062614844533,1564484996,10,47536,49,8182
0,0,0,0,0,0,0,0,0,0,0,0,1.0601360206204582,1554001188,12,47302,49,8163,1.3505123718238967,1556094844,5,47426,49,1,1.7174923346297848,1564485205,10,47571,49,6
0,0,0,0,0,0,0,0,0,0,0,0,1.0672759000556717,1554000500,12,47304,49,50,1.682300453561281,1562386077,5,47573,49,8171,1.255965138088413,1556096256,10,47376,49,8098
0,0,0,0,0,0,0,0,0,0,0,0,0.6341037394179758,1547706822,6,47119,49,3,1.493304448237285,1558192083,6,47490,49,8128,1.255965138088413,1556096256,10,47376,49,8098
0,0,0,0,0,0,0,0,0,0,0,0,1.3358292110302068,1556097798,12,47415,49,6,0.58412282415926,1545609553,6,47100,49,8137,0.9126503252133373,1551902227,10,47230,49,8180
0,0,0,0,0,0,0,0,0,0,0,0,1.2518867856766764,1556095737,6,47382,49,33,0.5990141519330242,1545609049,5,47106,49,30,1.553280590351248,1560290728,10,47501,49,32
0,0,0,0,0,0,0,0,0,0,0,0,0.7944397635302721,1549807115,12,47187,49,8178,1.5090118189110373,1558191862,5,47496,49,8108,1.538287020528585,1562388345,10,47496,49,28
0,0,0,0,0,0,0,0,0,0,0,0,1.3214472113820628,1556098158,12,47412,49,8153,1.368870478326537,1558192022,5,47438,49,16,0.9492679814953207,1551902584,10,47239,49,8182
0,0,0,0,0,0,0,0,0,0,0,0,1.1195991123285511,1553999041,7,47327,49,47,1.5215572678591314,1560289135,5,47501,49,0,1.5349206231333619,1560291163,10,47497,49,32
0,0,0,0,0,0,0,0,0,0,0,0,1.1195991123285511,1553999041,7,47327,49,47,1.207922913814622,1556094686,5,47368,49,8175,1.5532824488110475,1560291373,10,47493,49,8135
0,0,0,0,0,0,0,0,0,0,0,0,0.9453922600308764,1551903668,12,47251,49,24,0.9396763552543543,1551900504,5,47254,49,8185,0.8669576455740073,1549805163,11,47208,49,8185
0,0,0,0,0,0,0,0,0,0,0,0,0.6639886280382808,1547710162,12,47130,49,8150,0.9363099696809115,1551901222,6,47255,49,8157,1.374177514656916,1560290713,10,47427,49,8174
0,0,0,0,0,0,0,0,0,0,0,0,1.2599449407477863,1556098106,12,47383,49,6,1.7672633577174826,1545610335,6,47092,49,8151,1.3519436753998377,1558194126,10,47413,49,26
0,0,0,0,0,0,0,0,0,0,0,0,0.9256047015625067,1551904405,13,47245,49,59,1.7561455219880246,1545609448,5,47089,49,11,0.6561349397164679,1547708322,10,47115,49,9
0,0,0,0,0,0,0,0,0,0,0,0,1.5014685722854242,1560292025,12,47487,49,30,1.339599002156644,1556094458,5,47421,49,8117,0.5760682630688193,1547708396,10,47084,49,27
0,0,0,0,0,0,0,0,0,0,0,0,1.0938966421652832,1553998292,6,47315,49,53,1.2124102050432894,1556094267,5,47374,49,5,1.019438161661874,1553999588,9,47281,49,30
0,0,0,0,0,0,0,0,0,0,0,0,1.0938966421652832,1553998292,6,47315,49,53,0.7590434595524025,1549803212,5,47179,49,8190,0.9663007323666214,1551902600,10,47250,49,36
0,0,0,0,0,0,0,0,0,0,0,0,1.2057851812153058,1553997615,6,47362,49,65,0.6152308652146493,1547706225,5,47117,49,8170,1.3491870022205705,1560291379,11,47424,49,8175
0,0,0,0,0,0,0,0,0,0,0,0,1.6965838348472644,1562386618,6,47574,49,51,1.3505123711536327,1556095205,5,47428,49,8165,1.2454588662939394,1556096761,11,47377,49,5
0,0,0,0,0,0,0,0,0,0,0,0,1.2360771799922081,1556095323,6,47377,49,8184,1.1884420551084338,1553998339,6,47361,49,8182,0.5515907313682452,1562388419,11,47580,49,28
0,0,0,0,0,0,0,0,0,0,0,0,1.2360771799922081,1556095323,6,47377,49,8184,0.6321613854708823,1547706972,6,47127,49,23,1.6117231652563713,1560291435,11,47530,49,13
0,0,0,0,0,0,0,0,0,0,0,0,1.2310805490996446,1556095589,7,47369,49,29,1.6598620515246294,1562385752,5,47563,49,8142,0.8443148618688749,1549805158,10,47198,49,27
0,0,0,0,0,0,0,0,0,0,0,0,1.2310805490996446,1556095589,7,47369,49,29,1.1062339585416983,1553998115,6,47327,49,8158,0.6661282559107758,1549805472,10,47129,49,20
0,0,0,0,0,0,0,0,0,0,0,0,1.0765571952238573,1554001497,13,47308,49,31,0.895309065604397,1549802808,5,47235,49,8173,1.1093995419889777,1554000020,10,47311,49,8115
0,0,0,0,0,0,0,0,0,0,0,0,1.510954337900818,1558195392,12,47489,49,21,1.5099300966289722,1560288198,5,47497,49,59,0.9709906791464128,1553999537,10,47260,49,11
0,0,0,0,0,0,0,0,0,0,0,0,0.9239726254515876,1551904480,13,47244,49,8130,1.2135329510250505,1556094766,5,47371,49,8116,1.3848864131282437,1558193675,10,47434,49,8184
0,0,0,0,0,0,0,0,0,0,0,0,1.326648307518231,1556097737,12,47416,49,8174,0.6077860997098061,1545608633,5,47110,49,8158,1.2446446664073563,1558193801,10,47369,49,39
0,0,0,0,0,0,0,0,0,0,0,0,0.7247771059978751,1549806514,12,47157,49,8191,1.444959208341505,1558192484,5,47470,49,8178,1.6793466595219548,1562387708,9,47555,49,17
0,0,0,0,0,0,0,0,0,0,0,0,1.1410187521339403,1554000702,11,47332,49,51,1.444959208341505,1558192484,5,47470,49,8178,1.5669487939401554,1560290796,10,47505,49,8136
0,0,0,0,0,0,0,0,0,0,0,0,1.7356477926117337,1562387509,7,47590,49,61,1.6676134971629646,1562385514,5,47567,49,8139,0.8223858853514383,1549805125,10,47189,49,8181
0,0,0,0,0,0,0,0,0,0,0,0,0.9483497163369667,1551904940,14,47253,49,20,1.0688020846412833,1553998322,6,47310,49,3,0.7271211870103925,1549804905,10,47155,49,1
0,0,0,0,0,0,0,0,0,0,0,0,1.5736797290549962,1560292482,13,47522,49,8,0.7598594971287788,1549802819,5,47179,49,8170,1.245356631132906,1558194133,10,47378,49,8161
0,0,0,0,0,0,0,0,0,0,0,0,0.8123907830052688,1549807157,13,47194,49,49,1.3674428724266956,1558191924,5,47438,49,39,1.2332201222169523,1558193919,10,47369,49,8158
0,0,0,0,0,0,0,0,0,0,0,0,1.462404614184697,1558195429,12,47469,49,8164,1.06084616668181,1553998489,6,47308,49,8,0.5944264082305616,1549805116,10,47096,49,34
0,0,0,0,0,0,0,0,0,0,0,0,0.6683737054813983,1547707381,6,47134,49,8172,1.06084616668181,1553998489,6,47308,49,8,0.6029938995606291,1547708405,11,47100,49,3
0,0,0,0,0,0,0,0,0,0,0,0,1.278200822705403,1556096029,6,47395,49,8179,1.3482687259854276,1556095603,6,47426,49,8123,1.1966042831788257,1558193799,10,47352,49,36
0,0,0,0,0,0,0,0,0,0,0,0,1.711781858003549,1562389326,11,47576,49,25,1.3482687259854276,1556095603,6,47426,49,8123,1.1939516981189975,1556096494,9,47354,49,8182
0,0,0,0,0,0,0,0,0,0,0,0,1.5523641779221626,1560290314,7,47507,49,18,0.9052019336230426,1551900255,5,47242,49,8160,0.6459335839827655,1549805672,10,47119,49,8161
0,0,0,0,0,0,0,0,0,0,0,0,0.9784390737999374,1551903792,12,47262,49,63,1.7003537002105085,1545609804,6,47070,49,8145,1.3691790423615469,1558193484,10,47428,49,8155
0,0,0,0,0,0,0,0,0,0,0,0,1.4201787344991963,1558195428,12,47451,49,8190,1.0534014182923241,1551900647,5,47301,49,39,1.378969663806715,1558193642,9,47436,49,8170
0,0,0,0,0,0,0,0,0,0,0,0,0.8819512099738186,1549806585,12,47224,49,43,0.5996257298681437,1545608414,5,47110,49,6,0.8502297792436346,1551902710,11,47204,49,8137
0,0,0,0,0,0,0,0,0,0,0,0,0.8819512099738186,1549806585,12,47224,49,43,1.1210230531481897,1553998006,5,47334,49,8144,0.8811333589656111,1549805083,10,47221,49,22
0,0,0,0,0,0,0,0,0,0,0,0,0.8812374032787554,1551903417,12,47223,49,8182,0.6479709800989034,1547705620,5,47132,49,8142,1.474948205899648,1562387798,10,47471,49,8163
0,0,0,0,0,0,0,0,0,0,0,0,1.3720361067461488,1558195643,12,47435,49,8190,1.1732458611773642,1553997957,5,47350,49,8111,1.488819023409303,1560290804,10,47479,49,8158
0,0,0,0,0,0,0,0,0,0,0,0,0.921831206505028,1551903533,12,47241,49,51,0.6477665201290782,1547706625,5,47134,49,7,0.8969447675821625,1551902346,10,47218,49,8158
0,0,0,0,0,0,0,0,0,0,0,0,1.4905552006416973,1558193069,7,47481,49,17,1.0284127565719614,1551900315,5,47290,49,8186,1.5412463275257857,1560291287,10,47493,49,9
0,0,0,0,0,0,0,0,0,0,0,0,1.053405072287293,1551904045,13,47295,49,25,1.6453796798871734,1560288859,5,47553,49,49,0.9346815328695124,1553999556,10,47240,49,8183
0,0,0,0,0,0,0,0,0,0,0,0,1.5843904888316993,1560292637,12,47521,49,6,0.860936876507562,1549803163,5,47220,49,30,0.9775207991819188,1551901923,10,47251,49,1
0,0,0,0,0,0,0,0,0,0,0,0,1.1674350273908647,1554000946,12,47345,49,8182,1.4081389020842379,1558192704,6,47455,49,19,1.613150768435675,1562388126,10,47531,49,8185
0,0,0,0,0,0,0,0,0,0,0,0,1.7251433443744135,1562390175,12,47581,49,7,0.6006462251561546,1545609394,6,47108,49,8158,1.613150768435675,1562388126,10,47531,49,8185
0,0,0,0,0,0,0,0,0,0,0,0,1.394067321594807,1558195733,13,47443,49,29,1.1660037461189363,1553997601,5,47349,49,41,1.120515552356679,1556096652,10,47321,49,28
0,0,0,0,0,0,0,0,0,0,0,0,0.8032117146499334,1549806366,12,47188,49,8158,1.5246169502064655,1560288948,5,47505,49,6,1.2075176544905313,1556097029,11,47356,49,8163
0,0,0,0,0,0,0,0,0,0,0,0,1.7529872367724781,1562387237,6,47596,49,46,0.9010213314171946,1549802763,5,47235,49,8,0.7108022427602915,1549805424,11,47146,49,8188
0,0,0,0,0,0,0,0,0,0,0,0,1.2252660426150959,1556098278,12,47370,49,1,1.234032471316957,1556094673,5,47386,49,8,0.7938263799708732,1551902283,10,47180,49,29
0,0,0,0,0,0,0,0,0,0,0,0,1.0821672310457806,1554000590,12,47309,49,12,0.6106413310401847,1547706489,5,47114,49,8170,1.5932628236029023,1562387852,10,47518,49,29
0,0,0,0,0,0,0,0,0,0,0,0,0.63889773190593,1547707217,7,47119,49,10,1.023007188621361,1551901006,5,47284,49,8,1.7516600396643325,1564485180,9,47589,49,67
0,0,0,0,0,0,0,0,0,0,0,0,0.6096244239150892,1547709591,12,47110,49,7,1.5730644282135866,1560289727,5,47523,49,8168,1.3704040255222054,1558194218,10,47423,49,43
0,0,0,0,0,0,0,0,0,0,0,0,1.4231361833598803,1558195224,12,47454,49,15,0.7624098417658224,1547706212,5,47175,49,8146,1.5165625173104962,1562388113,10,47486,49,8183
0,0,0,0,0,0,0,0,0,0,0,0,1.4627094689145106,1558194919,12,47474,49,0,1.3559179386289373,1556094953,5,47428,49,8150,1.2397484331565438,1556094436,5,47368,49,8180
0,0,0,0,0,0,0,0,0,0,0,0,1.1220472277126392,1554001484,13,47326,49,8181,0.5968727281212644,1545609419,5,47102,49,8161,1.3583679077779367,1558193441,9,47421,49,8142
0,0,0,0,0,0,0,0,0,0,0,0,1.248215529181441,1556098657,12,47377,49,18,1.2576957623592853,1556095813,6,47391,49,14,1.0424898742207498,1553999363,10,47286,49,0
0,0,0,0,0,0,0,0,0,0,0,0,0.925604701307168,1551903959,12,47244,49,46,0.6044197238257606,1545608912,5,47108,49,8173,1.2897257606161123,1556096582,11,47390,49,8180
0,0,0,0,0,0,0,0,0,0,0,0,1.0938966418301508,1554001049,12,47314,49,15,1.4562796663887156,1558192187,5,47476,49,8180,1.0858366608869536,1556096673,10,47309,49,8174
0,0,0,0,0,0,0,0,0,0,0,0,0.8137161667037114,1549804684,7,47197,49,5,1.4562796663887156,1558192187,5,47476,49,8180,1.0858366608869536,1556096673,10,47309,49,8174
0,0,0,0,0,0,0,0,0,0,0,0,0.988841286120571,1551904088,12,47272,49,5,1.7876624887987123,1545608631,5,47099,49,8170,0.8033121382286585,1551902560,10,47183,49,55
0,0,0,0,0,0,0,0,0,0,0,0,0.7344673228462302,1547710138,13,47158,49,7,1.2231209500107414,1556094566,5,47370,49,8155,0.9048988727231388,1551902048,10,47227,49,10
0,0,0,0,0,0,0,0,0,0,0,0,0.9257069329079878,1551903482,12,47243,49,14,0.9252943671627774,1551899922,5,47250,49,19,1.6296741810750857,1562388265,10,47537,49,63
0,0,0,0,0,0,0,0,0,0,0,0,0.9257069329079878,1551903482,12,47243,49,14,1.5691887049951039,1560290074,6,47521,49,8186,1.671797817968889,1562388314,10,47556,49,8124
0,0,0,0,0,0,0,0,0,0,0,0,0.7727152459881828,1549806941,13,47175,49,27,1.2290358500985867,1556094944,5,47376,49,8103,0.824017959844284,1549805073,10,47188,49,8165
0,0,0,0,0,0,0,0,0,0,0,0,1.6532371130695263,1560292736,13,47550,49,28,0.6160469035778567,1547705948,5,47114,49,34,0.6651077602779818,1549805076,10,47132,49,8170
0,0,0,0,0,0,0,0,0,0,0,0,1.7406462508810425,1562389527,12,47589,49,8155,1.4764761884823876,1558192358,5,47478,49,38,0.8752184441803794,1551899885,4,47216,49,15
0,0,0,0,0,0,0,0,0,0,0,0,1.389477793596277,1558192909,6,47440,49,8188,0.7956593000253449,1549803746,5,47193,49,3,0.579637307495204,1547708423,10,47090,49,12
0,0,0,0,0,0,0,0,0,0,0,0,1.4825992772425138,1558195627,13,47479,49,24,1.6107007756969127,1560288861,5,47538,49,8158,0.7282439130068553,1549805157,9,47153,49,8163
0,0,0,0,0,0,0,0,0,0,0,0,1.099302211335723,1554000851,12,47317,49,30,0.9207048365467697,1551900569,5,47247,49,10,1.7037237602697968,1564485226,10,47565,49,13
0,0,0,0,0,0,0,0,0,0,0,0,1.1973199250479414,1553998777,7,47356,49,1,1.687910487383916,1545608593,5,47061,49,8182,1.6706769327928896,1564485117,10,47553,49,56
0,0,0,0,0,0,0,0,0,0,0,0,0.857064774721449,1549807613,14,47212,49,8183,1.729627017041011,1545609491,5,47076,49,13,1.339805323220035,1558194471,10,47413,49,8172
0,0,0,0,0,0,0,0,0,0,0,0,1.674654897777554,1562389768,12,47564,49,39,0.9639512114550943,1551900222,5,47263,49,8167,0.9273390053407731,1551902408,10,47233,49,14
0,0,0,0,0,0,0,0,0,0,0,0,1.6945447132713447,1562389074,12,47569,49,8169,1.653233366785566,1560289235,5,47553,49,8148,0.9403937979245031,1551902125,10,47241,49,8178
0,0,0,0,0,0,0,0,0,0,0,0,1.6945447132713447,1562389074,12,47569,49,8169,0.8726662866376262,1549803652,5,47222,49,8183,0.5458766947057639,1547708245,11,47077,49,21
0,0,0,0,0,0,0,0,0,0,0,0,1.3302191715062368,1556098201,13,47413,49,11,1.5119711300914735,1558192054,5,47490,49,37,0.5282323573686859,1547708015,10,47066,49,12
0,0,0,0,0,0,0,0,0,0,0,0,0.944678453326443,1551903810,12,47249,49,50,0.7210000065997603,1547706715,5,47157,49,8159,1.3435769622940679,1558193818,10,47424,49,8191
0,0,0,0,0,0,0,0,0,0,0,0,0.968748849163748,1551904127,12,47260,49,15,1.3445974751539411,1556095013,5,47419,49,8169,1.4330290391384184,1558190515,4,47451,49,8167
0,0,0,0,0,0,0,0,0,0,0,0,1.7765482894568956,1545612356,12,47092,49,8183,1.7107577308087225,1545609353,5,47069,49,28,1.055749128164966,1553996904,4,47294,49,27
0,0,0,0,0,0,0,0,0,0,0,0,0.6098288803828622,1547709604,13,47107,49,46,1.1477460274113813,1553997879,5,47341,49,18,1.1622320913620603,1556093102,4,47338,49,8174
0,0,0,0,0,0,0,0,0,0,0,0,1.4627094687070477,1558192889,6,47473,49,13,1.6015217270853959,1560289503,5,47532,49,41,0.9066331796633347,1551902311,10,47228,49,30
0,0,0,0,0,0,0,0,0,0,0,0,1.577352841786565,1560290368,7,47517,49,1,1.0722688742067503,1553997466,5,47313,49,8142,1.1334699353141573,1553999436,10,47324,49,8182
0,0,0,0,0,0,0,0,0,0,0,0,1.2793235668846066,1556095693,6,47391,49,28,1.6140671765531844,1560289882,6,47537,49,8176,0.9010231465894026,1551902843,10,47227,49,30
0,0,0,0,0,0,0,0,0,0,0,0,1.476479906982313,1558195915,13,47474,49,8184,1.2190407548503357,1553997475,5,47370,49,8162,1.1734521645421379,1558193676,10,47340,49,3
0,0,0,0,0,0,0,0,0,0,0,0,1.4848429219205774,1558195833,13,47480,49,13,1.4624008974561853,1558192545,5,47472,49,10,1.2837086231862826,1556097210,10,47385,49,4
0,0,0,0,0,0,0,0,0,0,0,0,1.2746318025229826,1556095888,6,47389,49,8162,0.8578771895932629,1549803576,5,47215,49,8163,1.048098083708809,1553999837,10,47295,49,8187
0,0,0,0,0,0,0,0,0,0,0,0,1.398656849160366,1558195805,12,47445,49,38,1.7781767290429806,1545610071,6,47096,49,8164,1.2194496952364242,1556096556,10,47367,49,8181
0,0,0,0,0,0,0,0,0,0,0,0,1.778180365279307,1545610089,7,47092,49,31,0.9521195698344558,1551901746,6,47259,49,8175,1.660884448429988,1564485213,10,47551,49,1
0,0,0,0,0,0,0,0,0,0,0,0,1.778180365279307,1545610089,7,47092,49,31,0.9521195698344558,1551901746,6,47259,49,8175,1.5797990951777008,1562388743,11,47514,49,8172
0,0,0,0,0,0,0,0,0,0,0,0,0.8760344828575382,1549806762,13,47225,49,96,1.4906537174055132,1558192375,5,47483,49,8160,0.8593066147768714,1551902799,10,47210,49,43
0,0,0,0,0,0,0,0,0,0,0,0,0.7869931955754501,1549806813,12,47186,49,64,1.4906537174055132,1558192375,5,47483,49,8160,0.8593066147768714,1551902799,10,47210,49,43
0,0,0,0,0,0,0,0,0,0,0,0,1.2179216920998535,1556095383,6,47369,49,8158,0.7430312106618162,1547706804,5,47165,49,8152,1.2652482695866434,1558193610,10,47374,49,8170
0,0,0,0,0,0,0,0,0,0,0,0,1.0969563288915927,1553998378,6,47315,49,66,0.7430312106618162,1547706804,5,47165,49,8152,1.1408142809460444,1556096081,10,47322,49,42
0,0,0,0,0,0,0,0,0,0,0,0,1.5262527606790997,1560292546,12,47498,49,23,1.0778789094352035,1553997891,5,47316,49,8188,1.5588887681221768,1562388320,10,47511,49,15
0,0,0,0,0,0,0,0,0,0,0,0,1.3760140675114751,1558192791,7,47435,49,1,1.0778789094352035,1553997891,5,47316,49,8188,1.4083470826161775,1558193670,10,47435,49,8128
0,0,0,0,0,0,0,0,0,0,0,0,1.7539055057223492,1562389988,13,47594,49,8161,1.4005900688831123,1558191983,5,47456,49,7,1.777260278121861,1564485343,9,47602,49,8190
0,0,0,0,0,0,0,0,0,0,0,0,1.7539055057223492,1562389988,13,47594,49,8161,1.4005900688831123,1558191983,5,47456,49,7,1.5746983783063728,1562388377,10,47516,49,18
0,0,0,0,0,0,0,0,0,0,0,0,0.6863247258861588,1547706992,6,47144,49,5,1.6570068495887773,1560288195,5,47558,49,4,0.7136592706997726,1549805634,10,47142,49,8179
0,0,0,0,0,0,0,0,0,0,0,0,1.7322832228880367,1562388069,7,47585,49,8189,1.6570068495887773,1560288195,5,47558,49,4,1.6814880634909284,1562388065,10,47557,49,6
0,0,0,0,0,0,0,0,0,0,0,0,0.8419689832707864,1549804699,7,47210,49,14,0.6374647267167441,1547707060,6,47130,49,8178,0.7965811818093489,1551902502,11,47177,49,8158
0,0,0,0,0,0,0,0,0,0,0,0,0.6567465243182766,1547709506,12,47130,49,70,0.6374647267167441,1547707060,6,47130,49,8178,0.5986088195374766,1547707741,10,47094,49,8171
0,0,0,0,0,0,0,0,0,0,0,0,0.9718085382408391,1551901539,7,47265,49,6,0.6374647267167441,1547707060,6,47130,49,8178,0.8903142357233661,1553999074,10,47218,49,1
0,0,0,0,0,0,0,0,0,0,0,0,0.7859745026852832,1549807437,14,47183,49,8179,1.1477460265176953,1553998236,5,47343,49,8149,0.734363292254524,1549805362,10,47155,49,8183
0,0,0,0,0,0,0,0,0,0,0,0,1.088593306068705,1553998468,6,47312,49,6,1.1477460265176953,1553998236,5,47343,49,8149,0.9703791055516516,1551902616,11,47257,49,8158
0,0,0,0,0,0,0,0,0,0,0,0,0.9142842169534554,1551904377,13,47237,49,14,0.7134530133917483,1547706840,6,47153,49,32,0.8040277475930584,1551902552,11,47178,49,8177
0,0,0,0,0,0,0,0,0,0,0,0,1.2182283968147383,1556097729,12,47369,49,34,0.7134530133917483,1547706840,6,47153,49,32,1.1648846746854662,1556093986,5,47336,49,8184
0,0,0,0,0,0,0,0,0,0,0,0,1.03402461861094,1554000846,12,47295,49,8188,1.1754895085666077,1553997863,5,47351,49,8128,0.9585474634956639,1553999323,10,47255,49,8182
0,0,0,0,0,0,0,0,0,0,0,0,1.4380275166927918,1558193454,7,47462,49,61,1.493611162615011,1558192033,5,47488,49,40,1.4245619333844697,1560291123,9,47454,49,30
0,0,0,0,0,0,0,0,0,0,0,0,1.3351154077190661,1558195322,12,47415,49,8184,1.493611162615011,1558192033,5,47488,49,40,1.2878892121300332,1558193543,10,47394,49,66
0,0,0,0,0,0,0,0,0,0,0,0,1.7531917003422814,1562390010,12,47596,49,53,0.9849619130886661,1551901085,5,47275,49,8144,0.5926921065258373,1545610829,10,47098,49,49
0,0,0,0,0,0,0,0,0,0,0,0,1.6581314841809895,1562389032,12,47560,49,33,0.9849619130886661,1551901085,5,47275,49,8144,1.7100457389794148,1564485358,10,47575,49,29
0,0,0,0,0,0,0,0,0,0,0,0,0.9741544203737752,1551904326,13,47266,49,0,0.6636783455173928,1547706676,5,47137,49,8118,1.106544320363378,1556096597,10,47308,49,19
0,0,0,0,0,0,0,0,0,0,0,0,0.9293781962119899,1551903698,12,47249,49,24,0.6636783455173928,1547706676,5,47137,49,8118,1.0924672019328752,1553999315,10,47310,49,8161
0,0,0,0,0,0,0,0,0,0,0,0,1.4995297805654197,1560292648,13,47491,49,48,1.786030411876497,1545608789,5,47101,49,8133,1.69321747401198,1564485414,10,47564,49,28
0,0,0,0,0,0,0,0,0,0,0,0,1.5115659039340228,1560292218,12,47493,49,6,1.786030411876497,1545608789,5,47101,49,8133,0.5858589169109012,1549805196,10,47093,49,5
0,0,0,0,0,0,0,0,0,0,0,0,0.9210151692325869,1551904023,12,47243,49,8172,0.6245121631741393,1547707235,6,47121,49,1,1.3419467337809674,1558193222,9,47416,49,23
0,0,0,0,0,0,0,0,0,0,0,0,0.9620178991805799,1551901995,7,47257,49,8156,0.6245121631741393,1547707235,6,47121,49,1,1.4552628730628197,1560290600,10,47465,49,19
0,0,0,0,0,0,0,0,0,0,0,0,1.6041761962325898,1560292002,12,47536,49,39,0.90550863118449,1549803404,5,47238,49,8175,1.1075629991689622,1553999328,10,47314,49,8170
0,0,0,0,0,0,0,0,0,0,0,0,1.663843767169703,1562389812,13,47559,49,8186,0.90550863118449,1549803404,5,47238,49,8175,1.34378328374564,1556097175,11,47414,49,38
0,0,0,0,0,0,0,0,0,0,0,0,1.1659051842771497,1554001231,12,47345,49,8175,1.342863159611613,1556095517,6,47422,49,8183,1.0934858773390619,1556097400,11,47316,49,67
0,0,0,0,0,0,0,0,0,0,0,0,1.2451540032661055,1556095666,6,47384,49,4,1.342863159611613,1556095517,6,47422,49,8183,1.354083238616709,1558194375,10,47425,49,8179
0,0,0,0,0,0,0,0,0,0,0,0,0.7833219298755721,1549806519,12,47184,49,8159,0.6736734496036186,1547706748,5,47143,49,18,1.2200631036464171,1556096555,10,47363,49,0
0,0,0,0,0,0,0,0,0,0,0,0,0.8693035307550511,1549806995,13,47221,49,8170,0.6736734496036186,1547706748,5,47143,49,18,0,1556096555,10,47363,,0
0,0,0,0,0,0,0,0,0,0,0,0,1.5695995282400959,1560292765,13,47523,49,20,1.2744236418755586,1556095098,5,47397,49,8090,1.4157918249790964,1560290945,10,47444,49,23
0,0,0,0,0,0,0,0,0,0,0,0,1.6515027940535174,1560292408,12,47552,49,8131,1.2744236418755586,1556095098,5,47397,49,8090,0.5921827543873857,1549805129,10,47095,49,5
0,0,0,0,0,0,0,0,0,0,0,0,1.1470358931180906,1553999006,7,47338,49,8191,0.7051904101229844,1547706141,5,47154,49,8187,0.5415938409747549,1562385372,5,47584,49,8191
0,0,0,0,0,0,0,0,0,0,0,0,1.2282234946525816,1556095670,7,47374,49,8180,0.7051904101229844,1547706141,5,47154,49,8187,0.9273390056759054,1553999274,10,47234,49,8186
0,0,0,0,0,0,0,0,0,0,0,0,0.7604746858961682,1549806630,13,47176,49,51,1.4355756816290508,1558192522,5,47465,49,36,0.9227476596945763,1551901936,10,47239,49,8180
0,0,0,0,0,0,0,0,0,0,0,0,0.8969447721782619,1549806929,12,47230,49,68,1.4355756816290508,1558192522,5,47465,49,36,1.405081074906534,1560290839,10,47446,49,8144
0,0,0,0,0,0,0,0,0,0,0,0,1.706987863127474,1562389295,12,47576,49,5,1.202926286864203,1553997401,5,47362,49,8182,1.5357366630039568,1560291063,10,47501,49,6
0,0,0,0,0,0,0,0,0,0,0,0,0.6926485641341988,1547709583,12,47145,49,8182,1.202926286864203,1553997401,5,47362,49,8182,0.829830648027972,1551902235,10,47198,49,32
0,0,0,0,0,0,0,0,0,0,0,0,0,1560292573,13,47526,49,11,0,1553997768,5,47315,49,8166,1.030249299646049,1556096844,10,47289,49,8135
0,0,0,0,0,0,0,0,0,0,0,0,0.5971812051856816,1545612353,12,47105,49,8189,1.074716989040705,1553997768,5,47315,49,8166,1.6569064856198517,1562387964,9,47553,49,8170
0,0,0,0,0,0,0,0,0,0,0,0,1.5331881698596335,1560292472,12,47504,49,101,1.039326127952345,1551899987,5,47293,49,10,0.692544535505605,1549805254,10,47144,49,7
0,0,0,0,0,0,0,0,0,0,0,0,0.6117658489176008,1547708737,11,47114,49,8164,0.9494669884376538,1551900739,5,47262,49,8143,1.0447335235535125,1553999286,9,47291,49,63
0,0,0,0,0,0,0,0,0,0,0,0,1.6608863227448483,1562389421,12,47556,49,8171,0.9098936981123362,1551900044,5,47242,49,8152,1.4225227618507448,1558193391,10,47451,49,16
0,0,0,0,0,0,0,0,0,0,0,0,0.7606791459893429,1549807027,12,47174,49,16,0.9098936981123362,1551900044,5,47242,49,8152,0.8859273541759476,1551902314,10,47224,49,29
0,0,0,0,0,0,0,0,0,0,0,0,0.6422623156084548,1547709486,12,47127,49,46,0.8469638179152159,1549803717,5,47211,49,8159,1.2983936397574756,1558194126,11,47404,49,8150
0,0,0,0,0,0,0,0,0,0,0,0,0.9789484164784562,1551901594,6,47266,49,6,0.8469638179152159,1549803717,5,47211,49,8159,0.8389092909651862,1549805433,10,47197,49,35
0,0,0,0,0,0,0,0,0,0,0,0,0.9146913288731452,1551903614,12,47240,49,21,0.7522102767043867,1547705647,5,47172,49,8177,1.2769758412849486,1556096880,11,47390,49,26
0,0,0,0,0,0,0,0,0,0,0,0,1.2650438045705832,1556095216,6,47389,49,25,0.7522102767043867,1547705647,5,47172,49,8177,0.7516005037803228,1551903346,11,47165,49,8136
0,0,0,0,0,0,0,0,0,0,0,0,1.2001751436982975,1556098036,12,47361,49,20,1.7578798304624306,1545609256,5,47088,49,8144,1.1909942461859888,1558193637,10,47353,49,17
0,0,0,0,0,0,0,0,0,0,0,0,1.5478750263826548,1560290093,6,47512,49,8182,1.7578798304624306,1545609256,5,47088,49,8144,0.7564967274004389,1549805683,10,47165,49,39
0,0,0,0,0,0,0,0,0,0,0,0,1.513707310661799,1560292162,12,47495,49,82,1.4510785767385872,1558192536,5,47472,49,8159,1.091855630118873,1556096727,10,47309,49,40
0,0,0,0,0,0,0,0,0,0,0,0,0.6934646012605841,1547709764,12,47145,49,8137,1.4510785767385872,1558192536,5,47472,49,8159,0.603605479586055,1547708111,10,47104,49,21
0,0,0,0,0,0,0,0,0,0,0,0,0.6591946349452877,1547710201,13,47129,49,8141,1.0509533035100895,1551899452,4,47299,49,8168,1.0316787351534338,1553999950,10,47283,49,8161
0,0,0,0,0,0,0,0,0,0,0,0,1.0345357825985189,1551903552,12,47289,49,6,1.0509533035100895,1551899452,4,47299,49,8168,1.6960726782696065,1564485253,10,47569,49,16
0,0,0,0,0,0,0,0,0,0,0,0,1.01811460738869,1551901456,7,47282,49,8169,0.6819360526274999,1547707260,6,47141,49,12,0.92213608501981,1551902206,10,47237,49,12
0,0,0,0,0,0,0,0,0,0,0,0,1.4122228124245826,1558195448,12,47450,49,49,0.6819360526274999,1547707260,6,47141,49,12,1.6533374792362252,1562388631,10,47548,49,8157
0,0,0,0,0,0,0,0,0,0,0,0,1.3555126960620434,1558195081,12,47430,49,6,1.5007510465291247,1558191469,5,47489,49,8104,0.8588976893559274,1551902086,10,47217,49,8157
0,0,0,0,0,0,0,0,0,0,0,0,1.710047552006672,1562389695,12,47578,49,1,1.5007510465291247,1558191469,5,47489,49,8104,1.5833681042746441,1562387838,10,47522,49,8177
0,0,0,0,0,0,0,0,0,0,0,0,0.6627636753955704,1547709519,12,47134,49,4,1.643747599541615,1560289756,6,47551,49,22,0.7904599999796271,1549804995,10,47184,49,8162
0,0,0,0,0,0,0,0,0,0,0,0,0.977723449207848,1551904301,12,47270,49,8159,1.643747599541615,1560289756,6,47551,49,22,1.4714795722929006,1558193804,10,47475,49,7
0,0,0,0,0,0,0,0,0,0,0,0,0.8657344961307106,1549804589,7,47214,49,8143,0.7730165199251665,1549803145,5,47184,49,8114,0.686731844246492,1547708528,10,47137,49,8177
0,0,0,0,0,0,0,0,0,0,0,0,1.173349932483714,1554000560,12,47350,49,8168,0.7730165199251665,1549803145,5,47184,49,8114,1.3443948517129176,1558193632,10,47417,49,8151
0,0,0,0,0,0,0,0,0,0,0,0,1.0060784987638187,1551901684,7,47278,49,15,0.9394718895886702,1551901362,6,47256,49,8155,0.5631139054312007,1547707950,10,47085,49,14
0,0,0,0,0,0,0,0,0,0,0,0,1.3126752503530874,1556098425,13,47408,49,9,0.9394718895886702,1551901362,6,47256,49,8155,1.2172078860681248,1558193874,10,47360,49,8142
0,0,0,0,0,0,0,0,0,0,0,0,1.1813058518023571,1553997605,6,47352,49,9,1.0662517356738725,1553997080,5,47309,49,14,1.6932174741396495,1562387744,10,47565,49,31
0,0,0,0,0,0,0,0,0,0,0,0,1.5223770363028921,1560292536,12,47496,49,8188,1.0662517356738725,1553997080,5,47309,49,14,1.2333223570511618,1556096276,9,47370,49,24
0,0,0,0,0,0,0,0,0,0,0,0,1.413343708025494,1558195092,12,47453,49,8190,1.2262810245719336,1556094610,5,47380,49,37,0.5723952053911258,1564485382,10,47602,49,23
0,0,0,0,0,0,0,0,0,0,0,0,1.77940351431735,1545612237,12,47096,49,8186,1.2262810245719336,1556094610,5,47380,49,37,1.2992096790428094,1556096403,10,47404,49,8143
0,0,0,0,0,0,0,0,0,0,0,0,1.7358522550061624,1562387235,6,47587,49,39,1.3851894129784785,1558192093,5,47446,49,8180,0.6918325242892871,1547708234,10,47135,49,24
0,0,0,0,0,0,0,0,0,0,0,0,0.8988817285316978,1551903262,12,47233,49,6,1.3851894129784785,1558192093,5,47446,49,8180,1.4422080944533904,1560290814,10,47458,49,8144
0,0,0,0,0,0,0,0,0,0,0,0,0.8232019254572402,1549804755,7,47199,49,9,1.530838556236128,1560289042,5,47506,49,6,0.8129001272754576,1551902614,10,47188,49,8158
0,0,0,0,0,0,0,0,0,0,0,0,1.163966404143474,1553997450,6,47346,49,51,1.530838556236128,1560289042,5,47506,49,6,1.5635823970480356,1562388038,10,47508,49,8170
0,0,0,0,0,0,0,0,0,0,0,0,1.0888981774215551,1554001226,12,47314,49,4,1.6574139306232643,1562386527,6,47561,49,9,0.9265229679302552,1553999183,10,47234,49,8151
0,0,0,0,0,0,0,0,0,0,0,0,1.0888981774215551,1554001226,12,47314,49,4,1.6574139306232643,1562386527,6,47561,49,9,1.7003573596374408,1564484934,10,47567,49,8182
0,0,0,0,0,0,0,0,0,0,0,0,1.7803217841203245,1545612375,12,47095,49,57,0.6360371128396594,1547707160,6,47127,49,8173,0.7479274340571936,1551902299,10,47169,49,43
0,0,0,0,0,0,0,0,0,0,0,0,1.784706852495101,1545612032,12,47100,49,32,1.0267806804235362,1551901052,5,47288,49,8144,1.4941242110244652,1560290813,9,47477,49,4
0,0,0,0,0,0,0,0,0,0,0,0,1.0076083426574225,1551903865,12,47279,49,13,1.0267806804235362,1551901052,5,47288,49,8144,1.127043860796322,1553999834,10,47324,49,11
0,0,0,0,0,0,0,0,0,0,0,0,0.9950628940191565,1551903710,12,47274,49,8122,1.4041609417400338,1558192393,5,47452,49,8122,0.6285941443691059,1547708845,11,47115,49,16
0,0,0,0,0,0,0,0,0,0,0,0,1.3931490454318953,1558192274,6,47443,49,3,1.4041609417400338,1558192393,5,47452,49,8122,1.45281475393847,1560291183,10,47466,49,24
0,0,0,0,0,0,0,0,0,0,0,0,1.3782577133576328,1558195089,12,47437,49,52,0.6730618730118227,1547706834,5,47140,49,34,0.9238685760738794,1553999359,10,47244,49,34
0,0,0,0,0,0,0,0,0,0,0,0,1.7558424620103765,1545612880,13,47089,49,76,0.6730618730118227,1547706834,5,47140,49,34,0.6533801449487846,1547707902,10,47120,49,72
0,0,0,0,0,0,0,0,0,0,0,0,1.7468678599299705,1562387728,7,47593,49,8191,1.2097594625193924,1553997510,5,47366,49,8181,1.3386825765723582,1556096775,10,47417,49,22
0,0,0,0,0,0,0,0,0,0,0,0,0.935090461774864,1551903757,12,47248,49,47,1.2097594625193924,1553997510,5,47366,49,8181,1.0083221468986556,1553999530,10,47272,49,29
0,0,0,0,0,0,0,0,0,0,0,0,0.9090812951646974,1551904317,13,47239,49,6,0.6289994677574425,1547706487,5,47124,49,6,1.6931134081746306,1564485628,10,47574,49,8153
0,0,0,0,0,0,0,0,0,0,0,0,1.283810861634071,1556096128,7,47397,49,20,0.6289994677574425,1547706487,5,47124,49,6,1.4278279445297688,1560291140,10,47447,49,39
0,0,0,0,0,0,0,0,0,0,0,0,1.2393413358914722,1556098281,13,47377,49,8174,1.3663201220257453,1558191377,5,47439,49,8174,0.9535508212049473,1551902376,10,47249,49,8183
0,0,0,0,0,0,0,0,0,0,0,0,1.6278394948599704,1560292136,12,47544,49,115,1.3663201220257453,1558191377,5,47439,49,8174,0.6573563066235074,1547708767,11,47129,49,49
0,0,0,0,0,0,0,0,0,0,0,0,1.6175376872625677,1560292482,12,47541,49,38,1.0762468326352295,1553997984,5,47315,49,8139,1.438434606563457,1560290893,10,47455,49,8191
0,0,0,0,0,0,0,0,0,0,0,0,0.8135117054878654,1549801740,3,47200,49,6,1.0762468326352295,1553997984,5,47315,49,8139,1.1659033486860229,1556096825,10,47343,49,8155
0,0,0,0,0,0,0,0,0,0,0,0,0.7963767241710288,1549804789,7,47192,49,21,0.9009190999988007,1549803092,5,47234,49,8166,0.790357769464656,1549805677,11,47185,49,8183
0,0,0,0,0,0,0,0,0,0,0,0,1.1850793432920221,1554001081,13,47357,49,44,0.9009190999988007,1549803092,5,47234,49,8166,1.701376017546733,1564482227,4,47573,49,8131
0,0,0,0,0,0,0,0,0,0,0,0,1.1141935430335652,1553998434,6,47324,49,48,0.7082500993804278,1547706488,5,47155,49,8178,1.3064517965796636,1558194138,11,47405,49,8158
0,0,0,0,0,0,0,0,0,0,0,0,1.4955518184245238,1558192885,7,47489,49,8182,0.7082500993804278,1547706488,5,47155,49,8178,0.9740503665623856,1553999802,10,47264,49,56
0,0,0,0,0,0,0,0,0,0,0,0,1.3862136359894344,1558195521,13,47441,49,8170,1.66761349818432,1560289073,5,47565,49,8174,0.5775981090960302,1547707932,9,47087,49,8162
0,0,0,0,0,0,0,0,0,0,0,0,1.7195333116926024,1562390313,12,47581,49,34,1.66761349818432,1560289073,5,47565,49,8174,1.435884251163091,1560291003,10,47456,49,44
0,0,0,0,0,0,0,0,0,0,0,0,1.6386506260999216,1562389566,12,47550,49,3,1.420275400622358,1558191853,5,47462,49,8173,1.0107684390962666,1551901981,10,47280,49,8187
0,0,0,0,0,0,0,0,0,0,0,0,0.7904618064860996,1549806344,12,47186,49,62,1.420275400622358,1558191853,5,47462,49,8173,0.7267122668530314,1549805454,11,47161,49,13
0,0,0,0,0,0,0,0,0,0,0,0,0.7416053992138474,1549806038,12,47169,49,46,1.2090438137618227,1556095198,6,47373,49,8178,1.5482839747783828,1562388041,10,47498,49,42
0,0,0,0,0,0,0,0,0,0,0,0,1.122149461536217,1553998387,6,47326,49,8156,1.2090438137618227,1556095198,6,47373,49,8178,1.3065540323609992,1556096818,10,47404,49,8185
0,0,0,0,0,0,0,0,0,0,0,0,1.1048100144379864,1554001308,12,47320,49,2,1.0824684389739998,1553997508,5,47318,49,8175,0.9232570021668994,1551902841,11,47242,49,8173
0,0,0,0,0,0,0,0,0,0,0,0,1.1048100144379864,1554001308,12,47320,49,2,1.0824684389739998,1553997508,5,47318,49,8175,0.6604159962993661,1547707882,10,47131,49,2
0,0,0,0,0,0,0,0,0,0,0,0,1.5003458204772897,1560292889,13,47491,49,18,0.9732325049294989,1551900346,5,47269,49,16,1.578780443025208,1562388423,10,47511,49,8177
0,0,0,0,0,0,0,0,0,0,0,0,0.707642123781789,1547709901,13,47151,49,23,0.9732325049294989,1551900346,5,47269,49,16,1.346434025772287,1558194360,10,47421,49,14
0,0,0,0,0,0,0,0,0,0,0,0,0.7516005044825047,1547709379,12,47176,49,66,0.9169313433142432,1551900252,5,47245,49,8158,1.029944426067137,1554000121,10,47284,49,49
0,0,0,0,0,0,0,0,0,0,0,0,1.2127205936063155,1556095416,6,47367,49,18,0.9169313433142432,1551900252,5,47245,49,8158,0.7739365958746329,1551902486,10,47178,49,8186
0,0,0,0,0,0,0,0,0,0,0,0,1.2940104296381258,1556095610,6,47402,49,11,0.8199341544449594,1549804107,6,47204,49,8172,1.4744370189008946,1562388094,10,47478,49,10
0,0,0,0,0,0,0,0,0,0,0,0,0.6940761799986035,1547707172,6,47148,49,13,0.7665904500709612,1549803227,5,47183,49,8172,1.3119595996531457,1558194174,10,47408,49,8188
0,0,0,0,0,0,0,0,0,0,0,0,1.2148620064247424,1556098321,12,47370,49,10,0.7665904500709612,1549803227,5,47183,49,8172,1.0924672019967099,1556096686,10,47312,49,10
0,0,0,0,0,0,0,0,0,0,0,0,1.3901915974156547,1558195053,12,47443,49,8190,0.7653672991250623,1549803551,6,47179,49,8117,0.9226454279296304,1551898602,4,47241,49,17
0,0,0,0,0,0,0,0,0,0,0,0,0.7410960518976498,1547709645,12,47167,49,33,0.7653672991250623,1549803551,6,47179,49,8117,0.7778141258948857,1551902709,10,47173,49,21
0,0,0,0,0,0,0,0,0,0,0,0,0.9097951015922694,1551903492,12,47241,49,45,0.8398239409896138,1549804322,6,47209,49,8154,0.5689283898068326,1547708147,10,47085,49,13
0,0,0,0,0,0,0,0,0,0,0,0,1.4219111970828409,1558193215,7,47460,49,8138,0.8398239409896138,1549804322,6,47209,49,8154,1.6553766440357545,1564485097,10,47553,49,19
0,0,0,0,0,0,0,0,0,0,0,0,1.587143458805451,1560292435,12,47528,49,2,1.0663539697504487,1553997433,5,47308,49,8176,1.455365110211733,1560290552,9,47466,49,8
0,0,0,0,0,0,0,0,0,0,0,0,0.9121409836693501,1551901327,6,47242,49,49,1.0663539697504487,1553997433,5,47308,49,8176,1.3504119864630426,1558194316,10,47423,49,8184
0,0,0,0,0,0,0,0,0,0,0,0,1.0818605317408878,1553998576,6,47314,49,22,1.5040152070356672,1558192089,5,47486,49,8163,1.1245957452189725,1556096588,9,47325,49,8189
0,0,0,0,0,0,0,0,0,0,0,0,1.6046873893582612,1560292751,12,47532,49,8189,1.5040152070356672,1558192089,5,47486,49,8163,0.9571198516376201,1553999684,10,47255,49,18
0,0,0,0,0,0,0,0,0,0,0,0,1.7756300206843019,1545613080,13,47096,49,8189,0.8921471478139454,1549803441,5,47229,49,8077,0.8300351092160735,1549801696,4,47197,49,8191
0,0,0,0,0,0,0,0,0,0,0,0,1.074109080363624,1553998508,6,47310,49,8170,0.8921471478139454,1549803441,5,47229,49,8077,0.755169540247426,1549805033,10,47171,49,8140
0,0,0,0,0,0,0,0,0,0,0,0,1.2342406321930848,1556097727,12,47380,49,8165,1.6366077156254146,1560289592,5,47546,49,8151,0.6215564984251202,1547707970,10,47113,49,8158
0,0,0,0,0,0,0,0,0,0,0,0,1.2342406321930848,1556097727,12,47380,49,8165,1.6366077156254146,1560289592,5,47546,49,8151,1.7116778144299472,1562387987,10,47577,49,36
0,0,0,0,0,0,0,0,0,0,0,0,0.6800008873924914,1547706669,6,47142,49,4,1.2112893063782844,1553997060,5,47364,49,8191,1.541039990627097,1560288189,5,47506,49,8177
0,0,0,0,0,0,0,0,0,0,0,0,1.2439308656614152,1556097444,11,47381,49,13,0.7744441345613376,1549802932,5,47183,49,8130,1.284727290985843,1558193875,10,47395,49,14
0,0,0,0,0,0,0,0,0,0,0,0,1.710454664876446,1562387332,7,47582,49,33,0.7744441345613376,1549802932,5,47183,49,8130,1.2267940454905475,1556096864,10,47371,49,37
0,0,0,0,0,0,0,0,0,0,0,0,1.7587999181793836,1545612297,12,47092,49,8133,1.670775422061972,1562386053,5,47563,49,6,1.1704928783216706,1556097502,10,47347,49,8180
0,0,0,0,0,0,0,0,0,0,0,0,1.7587999181793836,1545612297,12,47092,49,8133,1.670775422061972,1562386053,5,47563,49,6,1.0203564325379986,1553999699,10,47283,49,8189
0,0,0,0,0,0,0,0,0,0,0,0,1.305637604512833,1556098276,13,47407,49,8189,1.3509194656305397,1556095261,6,47427,49,8149,0.8612453830384139,1551902819,10,47211,49,8175
0,0,0,0,0,0,0,0,0,0,0,0,1.1835495000502962,1554000912,12,47356,49,8190,0.8679745237601595,1549803690,5,47218,49,6,0.6718405151224989,1549804934,10,47132,49,8176
0,0,0,0,0,0,0,0,0,0,0,0,1.1835495000502962,1554000912,12,47356,49,8190,0.8679745237601595,1549803690,5,47218,49,6,0.5995252952387419,1547705137,4,47105,49,19
0,0,0,0,0,0,0,0,0,0,0,0,1.3502093647354023,1556098591,13,47426,49,17,1.3937569017964202,1558192249,5,47447,49,8147,1.4700519675107986,1560291091,10,47474,49,18
0,0,0,0,0,0,0,0,0,0,0,0,1.420992920185463,1558194552,12,47460,49,8177,0.6036036876655466,1545609446,6,47106,49,8116,1.2410738073071452,1556096189,10,47375,49,25
0,0,0,0,0,0,0,0,0,0,0,0,1.724938882675942,1562387543,7,47584,49,8182,0.6036036876655466,1545609446,6,47106,49,8116,1.1058286890491706,1553999355,10,47317,49,6
0,0,0,0,0,0,0,0,0,0,0,0,1.5169714703051058,1558195124,12,47495,49,8143,0.9165242358070711,1549802790,5,47238,49,8190,0.9064305282118611,1554000091,10,47224,49,7
0,0,0,0,0,0,0,0,0,0,0,0,1.7576790013256045,1562386740,6,47599,49,8170,0.9165242358070711,1549802790,5,47238,49,8190,0.7692448318960171,1551902166,10,47177,49,8190
0,0,0,0,0,0,0,0,0,0,0,0,1.4988159779873542,1560292289,12,47489,49,8172,1.1744690014580816,1553997411,5,47349,49,6,0.5432241288358817,1545610750,10,47081,49,8189
0,0,0,0,0,0,0,0,0,0,0,0,1.7132094718915747,1562390583,13,47579,49,42,1.1744690014580816,1553997411,5,47349,49,6,1.5818382624407596,1560290904,10,47522,49,5
0,0,0,0,0,0,0,0,0,0,0,0,1.644669624944017,1560290116,6,47547,49,13,1.4958548077571914,1558192815,6,47486,49,8174,1.1390781399328198,1553999801,10,47335,49,2
0,0,0,0,0,0,0,0,0,0,0,0,1.3155304648603836,1556098026,12,47414,49,8,0.6173722905417518,1547706295,5,47115,49,18,0.7894395011630762,1549805421,11,47187,49,8185
0,0,0,0,0,0,0,0,0,0,0,0,1.410692969776097,1558195641,12,47449,49,10,1.0369802470801446,1551900831,6,47289,49,8181,1.2072127873921092,1556096761,9,47355,49,8136
0,0,0,0,0,0,0,0,0,0,0,0,1.0725792364884066,1554000965,13,47308,49,8170,1.4140537972519025,1558192615,5,47456,49,8080,0.7832178929557366,1551902517,10,47184,49,8134
0,0,0,0,0,0,0,0,0,0,0,0,1.2511729814808787,1556095951,7,47381,49,6,1.4140537972519025,1558192615,5,47456,49,8080,0.5645415227179773,1547707838,9,47088,49,8177
0,0,0,0,0,0,0,0,0,0,0,0,0.8838881678481603,1549803382,6,47236,49,8172,0.6014622636265585,1545609107,5,47103,49,0,1.341946733733091,1558194397,10,47415,49,17
0,0,0,0,0,0,0,0,0,0,0,0,1.0634001761367142,1554001168,13,47308,49,23,0.6014622636265585,1545609107,5,47103,49,0,1.0178060851360042,1554000153,11,47281,49,8191
0,0,0,0,0,0,0,0,0,0,0,0,0.6948922183760122,1547709702,13,47153,49,8164,0.8269718012028379,1549803293,5,47204,49,8188,1.660984812509259,1562388197,10,47559,49,8160
0,0,0,0,0,0,0,0,0,0,0,0,0.8506387065212011,1549806927,12,47218,49,8167,0.8269718012028379,1549803293,5,47204,49,8188,1.3166513637913482,1556097490,11,47407,49,
0,0,0,0,0,0,0,0,0,0,0,0,1.693626378879448,1562389900,13,47577,49,8168,0,1551901060,6,47247,49,8179,0.7113115911647292,1547708311,11,47150,49,9
0,0,0,0,0,0,0,0,0,0,0,0,0.6558282596421479,1547709770,12,47136,49,8153,0.9327409439114946,1551901060,6,47247,49,8179,1.5097293456257939,1558193854,10,47482,49,8182
0,0,0,0,0,0,0,0,0,0,0,0,1.4988159796151392,1560292750,13,47495,49,8148,1.0133169625566465,1551901003,5,47281,49,8147,0.8265664977738825,1551902203,10,47196,49,8149
0,0,0,0,0,0,0,0,0,0,0,0,1.6427308296968164,1560292048,12,47556,49,8170,1.0133169625566465,1551901003,5,47281,49,8147,1.5755144183532088,1562388336,10,47517,49,35
0,0,0,0,0,0,0,0,0,0,0,0,1.2822810204496238,1556095669,7,47402,49,8165,1.028412758391251,1551899759,4,47284,49,8181,0.9041850662823899,1553996723,5,47227,49,8167
0,0,0,0,0,0,0,0,0,0,0,0,1.4309898720095415,1558195279,12,47464,49,16,1.028412758391251,1551899759,4,47284,49,8181,1.6318155853305818,1560290968,10,47541,49,8182
0,0,0,0,0,0,0,0,0,0,0,0,1.0409600319330796,1554000734,12,47304,49,8164,0.9254988342210396,1551900221,5,47245,49,8170,0.8916396183449148,1551902892,10,47222,49,8118
0,0,0,0,0,0,0,0,0,0,0,0,1.0409600319330796,1554000734,12,47304,49,8164,0.9254988342210396,1551900221,5,47245,4,8170,1.6120298804748863,1562388384,10,47527,49,8169
0,0,0,0,0,0,0,0,0,0,0,0,0.8459469422393705,1549807611,13,47216,49,8160,0.6713275705985842,1547706882,6,47137,49,8078,1.4897373005675836,1560291450,10,47478,49,1
0,0,0,0,0,0,0,0,0,0,0,0,0.6859176074286212,1547709925,13,47145,49,8147,1.5737782308682717,1560289008,5,47521,49,8182,0.6299195317948513,1549802129,4,47116,49,20
0,0,0,0,0,0,0,0,0,0,0,0,0.8737908334088921,1549806245,12,47231,49,39,1.5737782308682717,1560289008,5,47521,49,8182,1.2960496029745616,1558194043,10,47393,49,8168
0,0,0,0,0,0,0,0,0,0,0,0,1.749418207334718,1562386646,6,47598,49,7,1.2239351455270024,1556095077,5,47375,49,22,1.6394647932718698,1564485253,10,47546,49,8145
0,0,0,0,0,0,0,0,0,0,0,0,0.7271229903809847,1547709563,12,47165,49,36,1.2239351455270024,1556095077,5,47375,49,22,1.0933854735427329,1554000167,10,47308,49,8176
0,0,0,0,0,0,0,0,0,0,0,0,1.5397146252364573,1560291866,11,47518,49,45,0.7650624158159928,1547706492,5,47170,49,8151,1.2940085834663446,1558193635,11,47397,49,41
0,0,0,0,0,0,0,0,0,0,0,0,1.7365660638527165,1562389636,12,47596,49,0,0.7650624158159928,1547706492,5,47170,49,8151,0.644301510131024,1547707959,10,47119,49,29
0,0,0,0,0,0,0,0,0,0,0,0,1.3706085022762404,1558194939,12,47440,49,8191,1.4347596439496384,1558192382,5,47460,49,0,0.8206533822913157,1551902547,10,47183,49,8174
0,0,0,0,0,0,0,0,0,0,0,0,1.5380844118953314,1560289790,6,47510,49,3,1.4347596439496384,1558192382,5,47460,49,0,1.272181842022498,1558193959,10,47388,49,4
0,0,0,0,0,0,0,0,0,0,0,0,1.2266936531201666,1556095312,6,47379,49,31,0.9544654531004583,1551901458,6,47257,49,9,1.4290510780317132,1560291133,10,47450,49,8142
0,0,0,0,0,0,0,0,0,0,0,0,1.2266936531201666,1556095312,6,47379,49,31,0.9544654531004583,1551901458,6,47257,49,9,0.7144753082258203,1547708185,10,47144,49,8156
0,0,0,0,0,0,0,0,0,0,0,0,1.1396915460238983,1554000902,12,47344,49,20,0.9544654531004583,1551901458,6,47257,49,9,0.7814835876186434,1549805289,10,47183,49,8151
0,0,0,0,0,0,0,0,0,0,0,0,1.1396915460238983,1554000902,12,47344,49,20,0.964665018230243,1551900104,4,47261,49,8190,1.2864616045558455,1558194424,10,47392,49,13
0,0,0,0,0,0,0,0,0,0,0,0,1.159376875957613,1554001223,13,47351,49,70,0.7359935659865458,1547705956,5,47159,49,8118,1.366526451222815,1558194460,10,47431,49,4
0,0,0,0,,0,0,0,0,0,0,0,1.4520005743894402,1558192552,6,47474,49,22,0.7359935659865458,1547705956,5,47159,49,8118,0.6497070821053108,1549805500,10,47123,49,3
0,0,0,0,0,0,0,0,0,0,0,0,1.2893186668723697,1556097870,12,47405,49,30,1.2051699351224991,1553998277,6,47359,49,8168,0.747418087330516,1549805288,10,47165,49,78
0,0,0,0,0,0,0,0,0,0,0,0,1.2893186668723697,1556097870,12,47405,49,30,1.2051699351224991,1553998277,6,47359,49,8168,1.2288350619686892,1558193843,10,47365,49,90
0,0,0,0,0,0,0,0,0,0,0,0,1.511972994320576,1560292655,12,47502,49,8142,1.7277904783056595,1545609255,5,47075,49,8186,1.312980110427933,1558193515,10,47404,49,19
0,0,0,0,0,0,0,0,0,0,0,0,1.511972994320576,1560292655,12,47502,49,8142,1.7277904783056595,1545609255,5,47075,49,8186,0.5657664707296453,1562387984,10,47594,49,47
0,0,0,0,0,0,0,0,0,0,0,0,1.7471727406661748,1545610349,7,47092,49,8184,1.0684953854995596,1553997728,5,47307,49,8177,0.5925898781427408,1547707776,9,47099,49,8162
0,0,0,0,0,0,0,0,0,0,0,0,0.8897026650243602,1551901070,7,47235,49,8168,1.0684953854995596,1553997728,5,47307,49,8177,1.0895115717515962,1556096403,10,47299,49,4
0,0,0,0,0,0,0,0,0,0,0,0,0.7682261402993342,1549807016,12,47186,49,12,1.6406879180310623,1560289207,5,47545,49,8172,1.1167420605093599,1556096824,10,47320,49,8127
0,0,0,0,0,0,0,0,0,0,0,0,1.021174297312982,1551903660,12,47290,49,55,0.9607892929187452,1551900977,5,47259,49,8160,1.62375929109169,1562388321,10,47533,49,8155
0,0,0,0,0,0,0,0,0,0,0,0,1.3839699920714945,1558195557,12,47445,49,8186,0.9607892929187452,1551900977,5,47259,49,8160,0.8858251228165573,1551902292,9,47224,49,46
0,0,0,0,0,0,0,0,0,0,0,0,1.3273621121903487,1556098362,13,47424,49,8170,1.6625146554560783,1560289146,5,47555,49,8160,0.9556922395630849,1553999982,10,47251,49,75
0,0,0,0,0,0,0,0,0,0,0,0,1.717085200368389,1562389912,12,47587,49,2,1.6625146554560783,1560289146,5,47555,49,8160,1.4134459428860568,1558194422,11,47443,49,3
0,0,0,0,0,0,0,0,0,0,0,0,1.7859318207654375,1545611672,12,47104,49,0,1.2861530529392058,1556094909,5,47397,49,8142,1.5781670151846496,1560290998,10,47515,49,8191
0,0,0,0,0,0,0,0,0,0,0,0,1.0615636324570292,1554001638,13,47310,49,8168,1.2861530529392058,1556094909,5,47397,49,8142,0.8844997411501386,1551902693,11,47220,49,8151
0,0,0,0,0,0,0,0,0,0,0,0,1.2163918505976234,1556098368,13,47376,49,17,1.0471798130928545,1551901041,5,47292,49,8169,1.0255575361940696,1556096518,10,47285,49,10
0,0,0,0,0,0,0,0,0,0,0,0,1.7742024099810705,1545612621,13,47099,49,13,1.0471798130928545,1551901041,5,47292,49,8169,1.5654170887230672,1560290657,10,47512,49,25
0,0,0,0,0,0,0,0,0,0,0,0,0.8140228605545431,1549807058,13,47201,49,6,0.8773580513503414,1549803866,5,47221,49,8188,0.5964656053221121,1547708619,11,47100,49,10
0,0,0,0,0,0,0,0,0,0,0,0,1.4228294747850823,1558193480,7,47464,49,8191,0.8773580513503414,1549803866,5,47221,49,8188,1.1502982133995203,1556096836,10,47334,49,8150
0,0,0,0,0,0,0,0,0,0,0,0,1.7484999378956934,1545611947,12,47087,49,1,0.862466722733195,1549803794,5,47215,49,8170,1.4782123646826022,1560291499,10,47471,49,12
0,0,0,0,0,0,0,0,0,0,0,0,1.1812036196169593,1554000559,12,47363,49,8188,0.862466722733195,1549803794,5,47215,49,8170,0.8656304540546124,1551902310,10,47213,49,8170
0,0,0,0,0,0,0,0,0,0,0,0,1.0476928069645195,1554000981,12,47304,49,30,0.9346778957423975,1551900794,5,47251,49,8181,0.6216587271665915,1547708539,10,47109,49,9
0,0,0,0,0,0,0,0,0,0,0,0,1.478416843260099,1560292164,12,47489,49,0,1.2183269521706628,1553998246,6,47366,49,8189,0.9903711279339951,1551899472,5,47262,49,102
0,0,0,0,0,0,0,0,0,0,0,0,1.0104653908032613,1551903920,12,47285,49,50,1.2183269521706628,1553998246,6,47366,49,8189,1.6181492481837472,1562387787,10,47531,49,29
0,0,0,0,0,0,0,0,0,0,0,0,1.4605680637656193,1558196150,13,47480,49,0,1.553685812943388,1560288631,5,47510,49,8102,0.8150415485661856,1551902625,10,47189,49,8151
0,0,0,0,0,0,0,0,0,0,0,0,1.4605680637656193,1558196150,13,47480,49,0,1.553685812943388,1560288631,5,47510,49,8102,1.501568948012737,1560290854,10,47482,49,8187
0,0,0,0,0,0,0,0,0,0,0,0,1.4889212614293557,1560292593,12,47498,49,12,0.7884171940355471,1549803664,5,47189,49,8158,0.7350770998796804,1551902371,10,47157,49,6
0,0,0,0,0,0,0,0,0,0,0,0,1.059931555754248,1553998670,7,47312,49,45,0.7884171940355471,1549803664,5,47189,49,8158,1.459036360205793,1558193628,10,47467,49,28
0,0,0,0,0,0,0,0,0,0,0,0,1.6096840022199095,1560292100,12,47546,49,8171,1.2907425803610613,1556095536,6,47400,49,8124,0.7767936284071394,1551902799,11,47172,49,58
0,0,0,0,0,0,0,0,0,0,0,0,1.6096840022199095,1560292100,12,47546,49,8171,1.2907425803610613,1556095536,6,47400,49,8124,1.5223733075573174,1560291316,11,47502,49,8172
0,0,0,0,0,0,0,0,0,0,0,0,0.6136023820472337,1547709418,12,47120,49,17,0.6129872152238112,1545608403,5,47109,49,8167,0.9215245096955815,1553999203,10,47233,49,6
0,0,0,0,0,0,0,0,0,0,0,0,1.4703586813891514,1558192816,7,47488,49,28,0.6129872152238112,1545608403,5,47109,49,8167,1.6940316382273484,1562388415,11,47571,49,42
0,0,0,0,0,0,0,0,0,0,0,0,0.9511027094198704,1551901732,7,47267,49,8156,1.2035378573095155,1553998634,6,47359,49,50,1.0885896460573141,1556096615,10,47315,49,64
0,0,0,0,0,0,0,0,0,0,0,0,0.6677621294369184,1547707293,6,47141,49,8169,1.2035378573095155,1553998634,6,47359,49,50,0.7704697897080836,1549802481,4,47170,49,8122
0,0,0,0,0,0,0,0,0,0,0,0,1.445881205552344,1558192635,6,47472,49,49,0.6138032521660004,1545608887,5,47109,49,18,1.3028827786405877,1558193896,10,47398,49,8187
0,0,0,0,0,0,0,0,0,0,0,0,1.1765118554308809,1554000548,12,47361,49,8186,0.6138032521660004,1545608887,5,47109,49,18,0.9219316217980018,1551902386,10,47237,49,8166
0,0,0,0,0,0,0,0,0,0,0,0,0.8263620347685411,1549804770,7,47218,49,24,1.3024719890708027,1556095056,5,47405,49,0,1.5604204746035668,1562388399,10,47505,49,8182
0,0,0,0,0,0,0,0,0,0,0,0,0.6246179845771047,1547709511,12,47124,49,8189,1.3024719890708027,1556095056,5,47405,49,0,1.1336725717372753,1553999102,10,47329,49,8165
0,0,0,0,0,0,0,0,0,0,0,0,1.5822472185966547,1560290134,6,47535,49,7,0.9108119703973887,1549804206,6,47237,49,8150,0.5954469009813743,1549805169,10,47094,49,29
0,0,0,0,0,0,0,0,0,0,0,0,1.4629139459065346,1560292230,13,47481,49,59,0,1549804206,,47237,49,8150,0,,,,,
0,0,0,0,0,0,0,0,0,0,0,0,1.3319516402537377,1558195288,12,47429,49,37,0.7160015535837199,1547706019,5,47155,49,18,0.946715821724846,1551902725,11,47250,49,8156
0,0,0,0,0,0,0,0,0,0,0,0,1.2884003924312626,1556098300,12,47408,49,8186,0.7160015535837199,1547706019,5,47155,49,18,0.6223707403882736,1549805455,10,47118,49,64
0,0,0,0,0,0,0,0,0,0,0,0,1.3298102309386068,1558195301,13,47426,49,8187,0.7192657029206007,1547706503,5,47155,49,8159,1.2092519664178139,1556096754,10,47356,49,8189
0,0,0,0,0,0,0,0,0,0,0,0,1.6753686664939003,1562388880,11,47574,49,8170,0.9834320721658296,1551901389,6,47269,49,8175,1.5113595655924774,1560290893,10,47490,49,8188
0,0,0,0,0,0,0,0,0,0,0,0,0.6119703080269013,1547709102,11,47120,49,8151,0.9834320721658296,1551901389,6,47269,49,8175,1.2643299967327417,1558194320,10,47376,49,28
0,0,0,0,0,0,0,0,0,0,0,0,0.7956629187041009,1549805968,11,47199,49,44,1.0865486346864086,1553998086,5,47314,49,17,0.9272349601890904,1551902278,10,47241,49,8186
0,0,0,0,0,0,0,0,0,0,0,0,0.9533463587547193,1551903930,12,47269,49,15,1.0865486346864086,1553998086,5,47314,49,17,0.7083541312874336,1549805222,10,47147,49,19
0,0,0,0,0,0,0,0,0,0,0,0,1.2339339263759517,1556095947,7,47390,49,8182,1.3308270429100715,1556095173,6,47415,49,8179,1.6304902213623382,1564485120,10,47538,49,27
0,0,0,0,0,0,0,0,0,0,0,0,1.4655646793786976,1558195021,12,47487,49,61,1.3308270429100715,1556095173,6,47415,49,8179,1.4544468333708935,1560290844,10,47464,49,6
0,0,0,0,0,0,0,0,0,0,0,0,0.6343064038680851,1547709113,11,47133,49,8145,1.6908679448249877,1562386824,5,47573,49,18,1.267592313263882,1558194047,10,47384,49,8170
0,0,0,0,0,0,0,0,0,0,0,0,0.9256047036052176,1551901754,7,47253,49,38,1.6908679448249877,1562386824,5,47573,49,18,1.1481567989793702,1556096930,10,47331,49,6
0,0,0,0,0,0,0,0,0,0,0,0,1.3610205012035528,1558195774,12,47440,49,8190,1.058093183866808,1551900197,5,47297,49,8174,0.9986319216902949,1551902153,10,47269,49,8136
0,0,0,0,0,0,0,0,0,0,0,0,1.3610205012035528,1558195774,12,47440,49,8190,1.058093183866808,1551900197,5,47297,49,8174,0.9153010868219175,1553999357,10,47238,49,3
0,0,0,0,0,0,0,0,0,0,0,0,0.9135685966972581,1551904256,12,47251,49,8164,1.6932138265110814,1562385771,5,47574,49,37,0.8100430933046204,1549805623,11,47190,49,44
0,0,0,0,0,0,0,0,0,0,0,0,1.2107818125872623,1556095706,7,47377,49,8151,0.8394150164996891,1549803972,5,47209,49,4,0.7412987086212941,1549805602,11,47160,49,26
0,0,0,0,0,0,0,0,0,0,0,0,1.6291648599786805,1562389436,12,47555,49,84,0.8883736549515672,1549804147,6,47223,49,45,0.6326743288687098,1547708943,11,47113,49,72
0,0,0,0,0,0,0,0,0,0,0,0,0.703969057285242,1547709469,12,47162,49,30,1.0718617746328256,1551900005,5,47304,49,8177,0.6152326609174017,1547708265,10,47108,49,74
0,0,0,0,0,0,0,0,0,0,0,0,1.1277576671732363,1553998904,7,47343,49,8187,0.9076500515793346,1549804194,6,47234,49,5,1.6768985385155435,1560290934,11,47555,49,24
0,0,0,0,0,0,0,0,0,0,0,0,1.3969225351376529,1558195498,12,47456,49,8190,0.9370237786652883,1551901450,6,47250,49,8149,1.6120298804748863,1562387781,10,47527,49,30
0,0,0,0,0,0,0,0,0,0,0,0,0.598404365611965,1547709516,12,47117,49,40,0.6065611496371872,1545609428,5,47106,49,8113,1.5264553728752737,1560291232,11,47494,49,4
0,0,0,0,0,0,0,0,0,0,0,0,1.3180808204335137,1558194935,13,47421,49,16,1.2231209515268162,1553997567,5,47365,49,8169,1.4633210326763348,1560290954,10,47465,49,8176
0,0,0,0,0,0,0,0,0,0,0,0,1.624370856381729,1562386512,6,47554,49,2,1.0648241293591048,1551899875,5,47301,49,8168,1.478721693019733,1560290858,10,47474,49,12
0,0,0,0,0,0,0,0,0,0,0,0,0.9004115745127653,1551901437,7,47244,49,8190,1.6414017197306672,1560290125,6,47544,49,8174,1.5383892583768983,1560291520,11,47497,49,6
0,0,0,0,0,0,0,0,0,0,0,0,1.2305693788122696,1556099052,13,47383,49,12,1.3822319692864844,1558192396,6,47437,49,8186,1.5775554512667165,1560290801,10,47513,49,11
0,0,0,0,0,0,0,0,0,0,0,0,1.6839361569923126,1562389282,12,47578,49,7,0.6054402200265275,1545609458,5,47101,49,8173,1.5705159388992718,1562388303,10,47518,49,6
0,0,0,0,0,0,0,0,0,0,0,0,0.791480499290177,1549806796,12,47200,49,40,1.425987682649581,1558192888,6,47456,49,8186,1.6347748996026004,1562387818,10,47536,49,8180
0,0,0,0,0,0,0,0,0,0,0,0,1.2858500385431646,1556098001,12,47409,49,8173,1.6747533864149284,1562385475,4,47561,49,13,1.6915835163716115,1564485534,9,47571,49,17
0,0,0,0,0,0,0,0,0,0,0,0,1.541551183205457,1560292071,12,47518,49,3,1.2325026343251664,1556094661,5,47377,49,3,0.5436330403054251,1562388153,10,47586,49,8137
0,0,0,0,0,0,0,0,0,0,0,0,0.7252864561523019,1549806363,12,47169,49,17,1.3816204035510948,1558192042,5,47435,49,17,0.5585225802403698,1547705329,4,47091,49,5
0,0,0,0,0,0,0,0,0,0,0,0,0.917648787127219,1551903642,12,47251,49,8155,1.074921461091253,1553997692,5,47306,49,13,0.5616862880236848,1545611119,11,47084,49,6
0,0,0,0,0,0,0,0,0,0,0,0,1.182631227853799,1556095489,6,47365,49,14,1.2968619510728352,1556094733,5,47402,49,8146,0.5762709326246201,1547705121,4,47093,49,8176
0,0,0,0,0,0,0,0,0,0,0,0,1.347659011686526,1558192618,6,47435,49,8190,1.0525853824734892,1551900855,5,47293,49,6,1.6561926844513724,1564485998,11,47553,49,42
0,0,0,0,0,0,0,0,0,0,0,0,1.5743935320611642,1560288816,6,47532,49,42,1.0558495359290763,1551900715,7,47293,49,8158,1.3258322666720828,1558190938,4,47408,49,8172
0,0,0,0,0,0,0,0,0,0,0,0,1.705456206226838,1562387941,7,47591,49,5,1.238928711759063,1556094969,5,47378,49,3,0.8956157612261321,1551901835,9,47234,49,8110
0,0,0,0,0,0,0,0,0,0,0,0,1.7661442619357577,1545612756,13,47100,49,8149,1.238928711759063,1556094969,5,47378,49,3,0.6321649778976575,1549805286,9,47113,49,1
0,0,0,0,0,0,0,0,0,0,0,0,0.6166620722289387,1547709851,12,47122,49,94,1.2158788360066108,1553996825,5,47364,49,8156,1.36571041139003,1558193937,10,47433,49,5
0,0,0,0,0,0,0,0,0,0,0,0,0.6064625068223294,1547707304,7,47118,49,8182,1.0140307689900745,1551900585,5,47279,49,37,1.0252526620885212,1556096367,10,47283,49,42
0,0,0,0,0,0,0,0,0,0,0,0,0.6000364396732433,1547707149,7,47117,49,21,1.3363348466555636,1556095432,6,47415,49,44,1.6745507818202348,1564485614,10,47565,49,8153
0,0,0,0,0,0,0,0,0,0,0,0,0.5969767495741137,1547709136,12,47115,49,21,1.3363348466555636,1556095432,6,47415,49,44,1.3557153172539802,1558193744,10,47427,49,8179
0,0,0,0,0,0,0,0,0,0,0,0,0.560156444769819,1547709341,12,47100,49,12,1.5550111780178753,1560288956,5,47511,49,8111,0.7152895472430846,1549804875,10,47154,49,30
0,0,0,0,0,0,0,0,0,0,0,0,0.5775981134048734,1547708865,12,47105,49,9,1.5550111780178753,1560288956,5,47511,49,8111,1.5139099230269177,1560291048,10,47492,49,24
0,0,0,0,0,0,0,0,0,0,0,0,0.5931010224152031,1547709872,12,47113,49,8170,0.7352797592346271,1547706296,5,47156,49,8145,0.8106546692494679,1551902786,10,47195,49,8175
0,0,0,0,0,0,0,0,0,0,0,0,0.6128885739124246,1547709073,12,47119,49,8170,0.6462366802792924,1547705832,5,47125,49,8190,1.5947926663443581,1560291249,11,47523,49,0
0,0,0,0,0,0,0,0,0,0,0,0,0.6368567447488356,1547709734,13,47132,49,8,1.2104732685056354,1553997470,5,47361,49,28,0.8257504602363782,1551902533,10,47199,49,23
0,0,0,0,0,0,0,0,0,0,0,0,0.6695968640002781,1547709232,11,47147,49,28,1.1768148844049104,1553997916,5,47347,49,8112,1.5483843510423596,1560290526,9,47506,49,8144
0,0,0,0,0,0,0,0,0,0,0,0,0.74017778612557,1549805705,11,47175,49,3,1.741151963916123,1545609718,5,47078,49,8174,0.7608818018977159,1549805019,10,47171,49,8171
0,0,0,0,0,0,0,0,0,0,0,0,0.7791395133408235,1549804602,7,47193,49,4,1.6939276336763673,1545608751,5,47061,49,8169,1.399879981204481,1560291247,10,47442,49,8184
0,0,0,0,0,0,0,0,0,0,0,0,0.8176941262242609,1549806966,11,47207,49,8188,1.0943000853711524,1553997678,5,47316,49,1,1.6956655956588251,1562388303,11,47566,49,7
0,0,0,0,0,0,0,0,0,0,0,0,0.8625725803094476,1551903821,12,47223,49,10,1.120716353700798,1553997748,5,47329,49,8162,1.0861433610495543,1553998938,10,47310,49,8141
0,0,0,0,0,0,0,0,0,0,0,0,0.905205570654232,1551904274,13,47245,49,8191,1.7151428008211225,1545608532,4,47069,49,8161,1.376318924633965,1560290731,11,47433,49,8170
0,0,0,0,0,0,0,0,0,0,0,0,0.9075514527552506,1551903685,11,47246,49,8159,1.0818568723355781,1553997478,6,47310,49,8161,1.0439174852420123,1553999858,11,47292,49,10
0,0,0,0,0,0,0,0,0,0,0,0,0.9068376466693991,1551901659,6,47245,49,8184,1.0642125581103319,1551899707,5,47299,49,8136,1.6339588600466772,1560290770,10,47539,49,8183
0,0,0,0,0,0,0,0,0,0,0,0,0.8989839623375973,1551904456,12,47242,49,8167,1.6171268612124534,1560288609,4,47534,49,8166,0.6459335840306416,1549805078,10,47122,49,41
0,0,0,0,0,0,0,0,0,0,0,0,0.8803191370671288,1551903571,10,47233,49,16,1.619574982098188,1560289296,5,47534,49,,1.2494386659285857,1556096844,10,47373,49,43
0,0,0,0,0,0,0,0,0,0,0,0,0.8117773996970361,1549804522,6,47209,49,54,0.969356782703578,1551900553,5,47261,49,8185,1.501568948299993,1560291009,10,47485,49,0
0,0,0,0,0,0,0,0,0,0,0,0,0.768837716704934,1549802330,3,47190,49,8121,0.969356782703578,1551900553,5,47261,49,8185,0.8923534251176726,1551902435,10,47226,49,32
0,0,0,0,0,0,0,0,0,0,0,0,0.7635343745652636,1549806981,11,47174,49,40,1.637423756057004,1560289296,5,47546,49,28,1.1352042461773937,1553999724,11,47325,49,8165
0,0,0,0,0,0,0,0,0,0,0,0,0.7615974118179615,1547709510,11,47169,49,8163,1.658637052709591,1545608302,5,47050,49,8161,0.5442446215194311,1564485178,10,47591,49,8139
0,0,0,0,0,0,0,0,0,0,0,0,0.7424214359433521,1547709496,12,47165,49,52,1.1848730370664344,1553997577,4,47351,49,8170,0.8172852004384645,1549805230,10,47194,49,32
0,0,0,0,0,0,0,0,0,0,0,0,0.714066391823727,1547710351,12,47155,49,65,1.2068001697811865,1556094467,4,47368,49,8146,1.3565313566919586,1558193577,9,47427,49,5
0,0,0,0,0,0,0,0,0,0,0,0,0.6593972974297222,1547709108,10,47131,49,8164,0.6949908474890008,1547706255,5,47146,49,8189,1.6008097955276985,1562387949,10,47528,49,10
0,0,0,0,0,0,0,0,0,0,0,0,0.6267594062817335,1547710331,12,47115,49,38,0.7247735033897066,1547706242,5,47158,49,8143,0.9131596682532429,1551902158,9,47238,49,8158
0,0,0,0,0,0,0,0,0,0,0,0,1.7699177537866377,1564486485,11,47603,49,8145,1.3626488743003848,1556094497,5,47432,49,8186,1.0878776713202705,1553999089,9,47309,49,7
0,0,0,0,0,0,0,0,0,0,0,0,1.7170851971766643,1562389505,12,47577,49,73,1.37254172926063,1558191240,5,47439,49,8139,1.6095817605363156,1560291095,10,47530,49,8187
0,0,0,0,0,0,0,0,0,0,0,0,1.6034623938744805,1560293112,13,47531,49,8176,0.7597572686703542,1547706236,6,47175,49,8177,1.6939331474136852,1564485674,12,47559,49,8191
0,0,0,0,0,0,0,0,0,0,0,0,1.5401235773624193,1560292842,12,47504,49,7,0.7485390122858404,1547706436,6,47165,49,37,0.8854180102562159,1551902020,10,47222,49,75
0,0,0,0,0,0,0,0,0,0,0,0,1.3898848870153073,1558195080,11,47441,49,8169,1.1770193526870858,1553997465,6,47348,49,30,0.8488021660082639,1553999493,11,47206,49,8187
0,0,0,0,0,0,0,0,0,0,0,0,1.1044010795668713,1554001529,12,47320,49,8163,1.3608123209099583,1556093982,5,47434,49,8164,1.1848748733759147,1556096954,11,47351,49,6
0,0,0,0,0,0,0,0,0,0,0,0,0.8692012987531779,1549804657,6,47218,49,8185,1.4370032876753023,1558192484,5,47463,49,8144,1.4738254540827245,1560290602,9,47478,49,17
0,0,0,0,0,0,0,0,0,0,0,0,0.7598631075408154,1547709542,12,47170,49,11,1.1846685675408728,1553996640,5,47353,49,8160,0.6140077074258917,1547704749,4,47116,49,2
0,0,0,0,0,0,0,0,0,0,0,0,1.773793479952221,1545612726,10,47093,49,8179,1.3403128061352165,1556094161,5,47419,49,18,0.562807220954262,1549805148,11,47090,49,4
0,0,0,0,0,0,0,0,0,0,0,0,1.37530026366955,1558194660,11,47432,49,14,0.9021422486917928,1549803010,5,47235,49,29,0.7642463762881556,1549804889,9,47179,49,2
0,0,0,0,0,0,0,0,0,0,0,0,1.1630481308954366,1554001352,11,47345,49,34,1.6116190561933903,1560289019,4,47535,49,8129,0,1553999646,10,47289,49,8163
0,0,0,0,0,0,0,0,0,0,0,0,0.8926601196835708,1549805588,7,47228,49,39,1.3932475740776817,1558192786,6,47444,49,8185,0.791684958756132,1549806704,11,47182,49,8186
0,0,0,0,0,0,0,0,0,0,0,0,0.6811236096285135,1547709571,11,47133,49,8146,0.7549632743800205,1547706797,6,47174,49,8118,1.0104635644363122,1553998817,9,47277,49,8178
0,0,0,0,0,0,0,0,0,0,0,0,1.5007529087794522,1560292584,12,47489,49,8155,1.571432348623625,1560289352,5,47521,49,17,0.7056011300219498,1549805819,9,47146,49,8145
0,0,0,0,0,0,0,0,0,0,0,0,1.5007529087794522,1560292584,12,47489,49,8155,0.7856641987797646,1553996974,5,47185,49,8150,0.7987226049634358,1553999456,10,47185,49,8166
0,0,0,0,0,0,0,0,0,0,0,0,0.7736317099460939,1547706588,6,47178,49,61,1.4632150744124977,1564484365,6,47478,49,8185,1.6212089322921257,1564484541,7,47537,49,8173
0,0,0,0,0,0,0,0,0,0,0,0,1.6556833619277151,1549801233,4,47042,49,27,0.7572087325943438,1547703595,3,47168,49,8129,0.594121512252837,1549802030,5,47095,49,8129
0,0,0,0,0,0,0,0,0,0,0,0,1.216391848315532,1553995352,3,47365,49,8186,1.364485427080183,1556091482,2,47430,49,2,1.484536208897114,1558191894,5,47477,49,8151
0,0,0,0,0,0,0,0,0,0,0,0,0.8442126331232677,1556093371,4,47206,49,23,0.5926903156027588,1545605989,2,47101,49,2,1.64833899807581,1560289293,7,47551,49,42
0,0,0,0,0,0,0,0,0,0,0,0,1.554505583187305,1560288443,6,47506,49,79,1.1900741351216415,1560285728,2,47356,49,8141,1.1761029154335148,1553998191,6,47349,49,8179
0,0,0,0,0,0,0,0,0,0,0,0,1.244849137426662,1556098159,10,47374,49,28,1.6188611799933696,1562385295,4,47536,49,8169,1.230874240339355,1558192061,7,47372,49,44
0,0,0,0,0,0,0,0,0,0,0,0,0.7360975970958121,1547709352,13,47162,49,31,1.0493212277321788,1551899251,4,47296,49,42,0.922849891393601,1553998154,9,47239,49,3
0,0,0,0,0,0,0,0,0,0,0,0,1.642017024939,1562389953,12,47544,49,8129,1.50666593848568,1558190470,4,47492,49,20,1.1700857764165171,1560290044,10,47343,49,8155
0,0,0,0,0,0,0,0,0,0,0,0,1.23893239545356,1556099008,12,47376,49,2,1.0063815503013602,1551899971,5,47277,49,8188,0.8825609713412624,1551901166,9,47226,49,8139
0,0,0,0,0,0,0,0,0,0,0,0,1.025254484266342,1551901148,5,47279,49,6,1.0063815503013602,1551899971,5,47277,49,8188,1.1773278905742293,1553998737,10,47344,49,46
0,0,0,0,0,0,0,0,0,0,0,0,0.6984612547914819,1547707552,6,47147,49,7,0.9405946273194502,1551899132,4,47250,49,8146,1.00169160943447,1551901713,10,47274,49,23
0,0,0,0,0,0,0,0,0,0,0,0,1.7036215226119633,1562389733,11,47572,49,8187,1.467908701551377,1558191347,4,47472,49,10,1.2693266266187837,1560289431,8,47386,49,8177
0,0,0,0,0,0,0,0,0,0,0,0,1.4391484103068475,1558193297,6,47461,49,8130,0.9799652776499853,1551899428,4,47264,49,8187,1.1284714706713415,1556095139,8,47327,49,8157
0,0,0,0,0,0,0,0,0,0,0,0,1.2444401985714408,1556096042,6,47378,49,8184,1.5019741749539073,1558190962,4,47490,49,8135,1.4678083228393612,1558193214,9,47472,49,8175
0,0,0,0,0,0,0,0,0,0,0,0,0.9801715628514155,1551904101,11,47265,49,29,1.0596230269333176,1551899946,4,47299,49,17,1.3196106595794104,1556095679,9,47405,49,8185
0,0,0,0,0,0,0,0,0,0,0,0,0.8105542462197324,1549804034,6,47192,49,61,1.5267583569802081,1560287579,5,47503,49,1,1.61488508765505,1560290096,9,47534,49,29
0,0,0,0,0,0,0,0,0,0,0,0,1.7449290887143178,1562389669,11,47591,49,8179,1.1801812733591162,1553997042,4,47349,49,8136,1.4692359277199973,1560289865,9,47474,49,39
0,0,0,0,0,0,0,0,0,0,0,0,1.5895915775741694,1560290211,6,47522,49,8177,1.1801812733591162,1553997042,4,47349,49,8136,0.597893221473724,1545609714,9,47105,49,33
0,0,0,0,0,0,0,0,0,0,0,0,1.28870709445883,1556098471,11,47392,49,31,1.368156676855918,1558191024,4,47435,49,24,1.6022373986972906,1560290486,9,47530,49,11
0,0,0,0,0,0,0,0,0,0,0,0,1.0751295832346297,1554001058,11,47302,49,8152,0.7584318853949888,1547706108,5,47173,49,8157,0.6678625590434604,1547707150,9,47131,49,57
0,0,0,0,0,0,0,0,0,0,0,0,0.7190648445911995,1547709696,12,47153,49,63,1.6419110399530235,1560288079,4,47551,49,8136,1.6603732507215312,1562387437,9,47560,49,3
0,0,0,0,0,0,0,0,0,0,0,0,1.6959723143635776,1562389550,11,47567,49,1,1.0460570734446415,1551899894,4,47297,49,8171,0.7363020555827239,1549804457,9,47156,49,8
0,0,0,0,0,0,0,0,0,0,0,0,0.8127978978568038,1549804870,6,47194,49,8178,1.2635102735956736,1556094020,4,47389,49,8185,0.6498093110382863,1547707442,9,47124,49,8178
0,0,0,0,0,0,0,0,0,0,0,0,0.6472607652715983,1547709257,11,47121,49,30,0.7719960210679127,1549802806,4,47184,49,8181,0.9256046992644571,1553998002,8,47236,49,8180
0,0,0,0,0,0,0,0,0,0,0,0,1.6248820481329054,1560291712,11,47536,49,26,0.6691861476174078,1547706054,5,47136,49,8170,0.7609840319290585,1549803724,8,47170,49,12
0,0,0,0,0,0,0,0,0,0,0,0,1.5170737057956698,1558195056,11,47489,49,10,0.6691861476174078,1547706054,5,47136,49,8170,1.0163784740273354,1553998262,9,47282,49,7
0,0,0,0,0,0,0,0,0,0,0,0,1.337052345582692,1556097757,11,47414,49,8186,1.2800336819762406,1556094069,4,47395,49,8159,0.8802150894157893,1549804065,9,47225,49,6
0,0,0,0,0,0,0,0,0,0,0,0,1.1748797752491076,1553998641,6,47348,49,33,0.6621485023197488,1547705535,4,47133,49,18,0.9955722340515836,1553998093,8,47270,49,6
0,0,0,0,0,0,0,0,0,0,0,0,1.0760460280875135,1554001167,11,47309,49,8110,1.205985973478069,1553997275,5,47361,49,8178,1.22352988953711,1556095281,9,47371,49,8145
0,0,0,0,0,0,0,0,0,0,0,0,1.0967518615705276,1554001419,12,47314,49,20,0.698459455881157,1547705856,4,47145,49,8187,1.5735774895570458,1562386763,8,47515,49,8188
0,0,0,0,0,0,0,,,,,,1.138875505461883,1553998437,6,47333,49,37,0.5625005371766871,1545608596,4,47086,49,8183,1.5619503172652291,1560290503,9,47509,49,3
0,0,0,0,0,0,0,0,0,0,0,0,1.2112929824920329,1556098456,12,47359,49,15,1.3098163422052147,1556095093,5,47407,49,8179,0.7819965418713978,1549804003,9,47172,49,33
0,0,0,0,0,0,0,0,0,0,0,0,1.3243024245953403,1556098954,13,47411,49,8159,1.2227120088551213,1556093820,4,47373,49,8141,0.8147348571555668,1549804747,9,47195,49,32
0,0,0,0,0,0,0,0,0,0,0,0,1.4260936307572099,1558193440,7,47453,49,100,0.8312564521976842,1549802781,4,47203,49,8134,1.256781177423001,1556095814,9,47381,49,8161
0,0,0,0,0,0,0,0,0,0,0,0,1.5892848627293303,1560293103,12,47525,49,8164,0.7966798005963999,1549802164,4,47190,49,5,1.2621867454263584,1560289804,9,47384,49,8167
0,0,0,0,0,0,0,0,0,0,0,0,1.7112707018995261,1562387507,6,47577,49,8159,1.6634329354841901,1560288164,4,47554,49,8179,0.48396549322870286,1562386701,9,47566,49,9
0,0,0,0,0,0,0,0,0,0,0,0,0.6431805806856492,1547709516,12,47121,49,36,1.6491531654529692,1560288884,4,47550,49,8124,0.4918191784544796,1562387068,9,47569,49,8187
0,0,0,0,0,0,0,0,0,0,0,0,0.714882428995914,1547707626,6,47154,49,37,0.7871940434240972,1549802660,4,47185,49,8173,0.9270323122118885,1553998286,9,47238,49,8188
0,0,0,0,0,0,0,0,0,0,0,0,0.6604177922652168,1547709664,11,47128,49,8169,1.5157427504786498,1560287687,4,47498,49,8162,1.163966402802945,1553999095,9,47339,49,15
0,0,0,0,0,0,0,0,0,0,0,0,1.7797102084824603,1545611922,11,47090,49,35,1.4088527071549306,1558191200,4,47450,49,8152,0.8994933023037741,1549804890,10,47226,49,8129
0,0,0,0,0,0,0,0,0,0,0,0,1.7019894415746686,1562389157,11,47572,49,8179,0.9151988559822091,1549802986,5,47234,49,38,1.0682945765818972,1551901031,9,47299,49,8175
0,0,0,0,0,0,0,0,0,0,0,0,1.5409396171258052,1560292240,11,47503,49,72,0.6316520402569122,1547705611,5,47118,49,8170,0.727632334598783,1549803957,8,47151,49,10
0,0,0,0,0,0,0,0,0,0,0,0,1.4449629244318467,1558195321,11,47460,49,40,1.2384193785186204,1556093789,5,47377,49,8112,0.8665487227565254,1549804082,9,47213,49,44
0,0,0,0,0,0,0,0,0,0,0,0,1.2531099228012401,1556098390,12,47381,49,8141,0.9053041688958241,1549802480,4,47235,49,21,1.6828152985372018,1560289757,9,47554,49,8189
0,0,0,0,0,0,0,0,0,0,0,0,1.158254132515582,1553998814,6,47343,49,18,1.2089415807062356,1556093732,4,47370,49,8168,0.5694377427064692,1545610447,9,47086,49,8184
0,0,0,0,0,0,0,0,0,0,0,0,1.030353357329542,1551900872,5,47285,49,8191,0.6181883281163955,1547705569,5,47114,49,2,1.327157638139552,1556095669,9,47409,49,42
0,0,0,0,0,0,0,0,0,0,0,0,0.9527347839966822,1551903997,12,47254,49,8182,0.7746485971324282,1549801719,4,47180,49,8156,1.399879981044894,1560289386,8,47440,49,8182
0,0,0,0,0,0,0,0,0,0,0,0,0.8552282367764928,1549804400,6,47210,49,2,1.186402880357061,1553997250,4,47351,49,12,0.965891805642045,1551901572,9,47255,49,51
0,0,0,0,0,0,0,0,0,0,0,0,0.7871976553841504,1549807228,12,47181,49,8174,1.186402880357061,1553997250,4,47351,49,12,1.0384096829782623,1553998403,8,47288,49,8184
0,0,0,0,0,0,0,0,0,0,0,0,0.7144753097578534,1547709634,12,47150,49,46,0.6472571755260526,1547705857,5,47125,49,8186,0.635836247793948,1547707619,10,47115,49,8188
0,0,0,0,0,0,0,0,0,0,0,0,0.667557667418307,1547710088,12,47130,49,40,0.9482438460366046,1551900476,5,47254,49,43,0.7906662620997171,1547706991,9,47173,49,59
0,0,0,0,0,0,0,0,0,0,0,0,1.8134690100600988,1547709897,12,47108,49,83,1.4688269790951316,1558191582,4,47470,49,8102,1.5485888266598888,1560289772,9,47502,49,41
0,0,0,0,0,0,0,0,0,0,0,0,1.7834837024898536,1545612210,12,47090,49,8186,0.6087025718974413,1545608040,4,47111,49,8113,1.6797537436883787,1564483849,9,47560,49,8108
0,0,0,0,0,0,0,0,0,0,0,0,1.7457451259816337,1562389547,11,47588,49,60,1.2466820048164702,1556093741,4,47375,49,8191,1.2954361904798797,1558192548,9,47400,49,38
0,0,0,0,0,0,0,0,0,0,0,0,1.7563518038344519,1562387395,6,47596,49,11,1.6889309165578692,1545608112,4,47055,49,8163,1.4876962706209491,1558192593,9,47483,49,4
0,0,0,0,0,0,0,0,0,0,0,0,1.7941926118063702,1545612314,11,47097,49,8125,1.2256694601115308,1556093864,4,47373,49,8189,1.1709018148192547,1553998551,9,47341,49,8164
0,0,0,0,0,0,0,0,0,0,0,0,0.6305329043213863,1547706425,6,47114,49,8164,0.5833067891775604,1545608463,4,47095,49,8166,1.3888643740458855,1558192831,9,47436,49,1
0,0,0,0,0,0,0,0,0,0,0,0,0.7076403235630603,1547710112,12,47150,49,8174,1.395286744976019,1558191175,4,47446,49,8181,1.1550922113672313,1553998561,9,47336,49,8189
0,0,0,0,0,0,0,0,0,0,0,0,0.7076403235630603,1547710112,12,47150,49,8174,0.7658766465094127,1549802119,4,47177,49,8124,1.4383323697871573,1558193131,9,47455,49,8160
0,0,0,0,0,0,0,0,0,0,0,0,0.9702786914628749,1551902285,7,47255,49,8170,1.713205846108098,1545608039,4,47065,49,8167,1.2932947797507237,1556095638,9,47398,49,8155
0,0,0,0,0,0,0,0,0,0,0,0,0.9702786914628749,1551902285,7,47255,49,8170,1.2138396587535318,1553997376,5,47361,49,8189,1.6159037346728438,1560289929,9,47539,49,12
0,0,0,0,0,0,0,0,0,0,0,0,1.3782577121128559,1558195160,12,47431,49,48,1.0120938186526254,1551899363,4,47275,49,8155,1.5402239506649102,1560290035,9,47505,49,8150
0,0,0,0,0,0,0,0,0,0,0,0,0.7815876231296747,1549806936,11,47177,49,30,1.7325844743929442,1545608776,4,47075,49,8166,0.775570473160472,1547706793,9,47170,49,8182
0,0,0,0,0,0,0,0,0,0,0,0,1.0436126110395878,1551903227,11,47288,49,39,1.3299087675397958,1556094076,4,47415,49,16,1.2061922801425204,1553998173,8,47356,49,2
0,0,0,0,0,0,0,0,0,0,0,0,1.46515758642458,1558193296,6,47467,49,40,1.2991074449548135,1556094276,4,47397,49,28,1.2416872146970235,1558192394,9,47368,49,8139
0,0,0,0,0,0,0,0,0,0,0,0,0.8690990670364743,1549804546,6,47215,49,8160,0.7895399256527853,1549802095,4,47185,49,9,0.5348610935621995,1545610026,8,47074,49,8189
0,0,0,0,0,0,0,0,0,0,0,0,1.3859069254333065,1558195262,11,47436,49,7,1.5071771292334841,1558191397,4,47485,49,8165,0.9360087276690495,1551901286,8,47237,49,26
0,0,0,0,0,0,0,0,0,0,0,0,1.5735774896847154,1560292757,11,47516,49,8188,1.0591118592658655,1551899947,4,47302,49,25,1.3549011264159683,1556095823,9,47418,49,20
0,0,0,0,0,0,0,0,0,0,0,0,0.6500137688979782,1547709927,11,47123,49,8188,0.9700705875414793,1551899726,4,47263,49,25,1.3549011264159683,1556095160,8,47418,49,12
0,0,0,0,0,0,0,0,0,0,0,0,1.1498911106755936,1553998798,6,47335,49,39,0.5718840648945385,1545608799,4,47089,49,11,0.5091586191265447,1547706732,8,47062,49,8172
0,0,0,0,0,0,0,0,0,0,0,0,1.3107364642542936,1556098479,12,47406,49,32,1.3613235057788213,1556093725,4,47429,49,23,0.9346815330929339,1551901367,9,47242,49,8139
0,0,0,0,0,0,0,0,0,0,0,0,1.5957109451192957,1560290194,6,47524,49,8176,1.3534679640196166,1556093567,4,47434,49,8178,0.9285621562779144,1549804279,9,47238,49,8152
0,0,0,0,0,0,0,0,0,0,0,0,1.5957109451192957,1560290194,6,47524,49,8176,0.9958771103174592,1551899959,4,47268,49,8154,1.3149188951858688,1556096489,9,47402,49,8187
0,0,0,0,0,0,0,0,0,0,0,0,0.8786870574355884,1549806432,11,47218,49,63,1.0487096562287501,1551899809,4,47294,49,8147,1.2855433301407253,1556095638,9,47394,49,8191
0,0,0,0,0,0,0,0,0,0,0,0,1.070640458858461,1554000658,11,47304,49,2,0.6635761175776256,1547705915,4,47134,49,8158,0.5034481988182217,1564484168,9,47566,49,3
0,0,0,0,0,0,0,0,0,0,0,0,1.3798897910914814,1558195773,12,47432,49,8169,1.6456863992529733,1560288411,4,47545,49,8171,0.9770096415767865,1551901427,9,47257,49,8177
0,0,0,0,0,0,0,0,0,0,0,0,0.6353268971694723,1547708886,11,47116,49,6,0.5617867289312408,1545609109,5,47084,49,8163,1.038205217129494,1551901629,9,47289,49,8178
0,0,0,0,0,0,0,0,0,0,0,0,0.823915731258959,1549804458,6,47195,49,34,1.474946347088416,1558191487,4,47475,49,8163,1.5174807945516682,1558192865,9,47486,49,18
0,0,0,0,0,0,0,0,0,0,0,0,1.1170487614847542,1554001424,11,47321,49,37,1.6143738941815746,1560288475,4,47532,49,8184,1.5541988682609522,1560289923,9,47502,49,8175
0,0,0,0,0,0,0,0,0,0,0,0,1.098077238095861,1554001520,11,47315,49,4,1.3994691796764596,1558191879,5,47447,49,8181,0.8191217357246176,1549804050,8,47189,49,17
0,0,0,0,0,0,0,0,0,0,0,0,1.1437717366540259,1553998484,6,47331,49,20,1.0573775468596975,1551899509,5,47305,49,8165,1.2650438011235086,1556096159,9,47377,49,8155
0,0,0,0,0,0,0,0,0,0,0,0,1.2298555705657495,1556098681,13,47367,49,17,1.1817111163784453,1553996688,4,47350,49,44,1.2658579999776585,1556095898,9,,49,8159
0,0,0,0,0,0,0,0,0,0,0,0,1.2697355668256616,1556096229,7,47384,49,3,0.8454339747474028,1549803144,5,47207,49,5,1.644158428006675,1560290007,9,47540,49,8185
0,0,0,0,0,0,0,0,0,0,0,0,1.3080838748915145,1556098523,13,47408,49,20,0.9211137672952796,1549802251,4,47241,49,8173,1.520743093390122,1562387202,9,47494,49,8
0,0,0,0,0,0,0,0,0,0,0,0,1.4500617806672793,1558195310,12,47464,49,36,0.5682110033462557,1545607731,4,47093,49,16,0.4976336887144369,1564484072,9,47565,49,38
0,0,0,0,0,0,0,0,0,0,0,0,1.6589475231336062,1562389149,11,47552,49,59,1.4510785791323892,1558191325,4,47467,49,8148,0.6364478272767786,1549804406,9,47116,49,8168
0,0,0,0,0,0,0,0,0,0,0,0,1.765328220721806,1562389168,11,47597,49,8184,1.0492189950315267,1551899441,4,47295,49,8163,0.9372318777916151,1551901433,9,47239,49,37
0,0,0,0,0,0,0,0,0,0,0,0,0.7134548134749873,1547710302,12,47150,49,17,1.0434044920620777,1551899276,4,47296,49,8169,0.7456837827067198,1549804424,9,47165,49,8177
0,0,0,0,0,0,0,0,0,0,0,0,0.8238135008522582,1549807858,12,47196,49,8142,1.0434044920620777,1551899276,4,47296,49,8169,1.0383074501107767,1553998755,10,47288,49,8130
0,0,0,0,0,0,0,0,0,0,0,0,1.0022027715428057,1551901578,6,47271,49,8169,0.6587821253858586,1547705571,4,47131,49,8117,0.8980656889247753,1549804944,9,47223,49,11
0,0,0,0,0,0,0,0,0,0,0,0,1.127248328365113,1553998716,6,47325,49,21,0.6587821253858586,1547705571,4,47131,49,8117,1.2163918468632924,1553998559,8,47358,49,42
0,0,0,0,0,0,0,0,0,0,0,0,1.3905986896672613,1558195375,11,47439,49,6,1.546239213092061,1560288594,4,47510,49,0,1.125921121219023,1553998677,9,47323,49,36
0,0,0,0,,0,0,0,0,0,0,0,1.5602159994210953,1560292998,12,47512,49,4,1.546239213092061,1560288594,4,47510,49,0,1.4888190234412204,1558192871,9,47477,49,18
0,0,0,0,0,0,0,0,0,0,0,0,0.6571536440080606,1547709042,11,47126,49,8179,1.3639760978983924,1556094011,4,47425,49,18,1.4406782514173948,1558193430,10,47453,49,70
0,0,0,0,0,0,0,0,0,0,0,0,1.781137820644173,1545612123,11,47090,49,8158,1.0086251998228077,1551899665,4,47277,49,8,0.5980976790108017,1547707046,9,47098,49,8159
0,0,0,0,0,0,0,0,0,0,0,0,0.6573581015201022,1547709309,11,47124,49,7,0,1553996905,4,47319,49,8130,0.5462856042831062,1545610023,9,47070,49,66
0,0,0,0,0,0,0,0,0,0,0,0,0.6573581015201022,1547709309,11,47124,49,7,0.790967538759705,1549802581,,47187,49,8172,0.9303968801984815,,,,,8158
0,0,0,0,0,0,0,0,0,0,0,0,0.7908689214920116,1549806773,11,47183,49,8127,0.9164220044656889,1549802866,5,47237,49,29,0.8158575857536359,1549804607,9,47187,49,8143
0,0,0,0,0,0,0,0,0,0,0,0,0.7908689214920116,1549806773,11,47183,49,8127,0.5869780582712806,1545608549,4,47099,49,42,1.1106226860333361,1553998991,9,47313,49,37
0,0,0,0,0,0,0,0,0,0,0,0,0.9750726877663441,1551903803,12,47257,49,32,0.7144717096550998,1547705330,4,47153,49,8181,0.92356369745793,1551901587,9,47235,49,88
0,0,0,0,0,0,0,0,0,0,0,0,1.0559535943987919,1551904076,12,47296,49,40,1.6610870539018283,1560288370,4,47552,49,8171,1.1951748376219622,1553998097,8,47356,49,53
0,0,0,0,0,0,0,0,0,0,0,0,1.1922192223716426,1554001276,12,47352,49,8181,0.5792266050095508,1545608146,4,47095,49,8154,0.9631388118593999,1553998314,8,47247,49,8181
0,0,0,0,0,0,0,0,0,0,0,0,1.1922192223716426,1554001276,12,47352,49,8181,1.519925189930264,1558191431,4,47496,49,8186,1.2380159556074661,1556095771,9,47360,49,8
0,0,0,0,0,0,0,0,0,0,0,0,1.4636277442139214,1558193549,7,47467,49,3,1.6626150170042775,1562385234,4,47561,49,8187,1.335215794054802,1556095842,9,47407,49,46
0,0,0,0,0,0,0,0,0,0,0,0,0.6345108602859324,1547709453,11,47116,49,8184,1.6233484659564048,1560288512,4,47538,49,8145,1.177225655746279,1558192606,8,47340,49,54
0,0,0,0,0,0,0,0,0,0,0,0,0.8033121388989231,1549804548,6,47189,49,24,1.3474508347095044,1556093647,4,47427,49,22,1.5323702653356785,1560289942,9,47498,49,8166
0,0,0,0,0,0,0,0,0,0,0,0,1.8004142202061921,1545612757,12,47101,49,8185,1.1251032502302507,1553996826,4,47327,49,8186,0.6737774806124973,1547707155,9,47132,49,11
0,0,0,0,0,0,0,0,0,0,0,0,0.973338379555384,1551903816,12,47256,49,63,1.325319240371888,1556094093,4,47412,49,46,0.5063034129666526,1562387324,9,47566,49,2
0,0,0,0,0,0,0,0,0,0,0,0,1.5912217903341566,1560290417,6,47526,49,41,1.3444933874018448,1556093197,4,47424,49,8094,0.6359384761003621,1547706846,8,47111,49,8162
0,0,0,0,0,0,0,0,0,0,0,0,0.640936926278356,1547710302,12,47115,49,8183,1.1837502945768932,1553997434,5,47352,49,13,0.9032667971603537,1549804874,9,47226,49,26
0,0,0,0,0,0,0,0,0,0,0,0,1.0103613318123799,1551901411,6,47277,49,8172,1.5087051059869043,1558190954,4,47494,49,8144,0.658683488193081,1549803849,9,47120,49,8170
0,0,0,0,0,0,0,0,0,0,0,0,1.2751411346940782,1556096102,6,47385,49,8,1.3660152701564043,1556093925,4,47429,49,15,0.942025872806604,1551901590,9,47238,49,35
0,0,0,0,0,0,0,0,0,0,0,0,1.652012115256487,1560291770,11,47546,49,2,0.5671923016340633,1545608374,4,47085,49,8118,0.740687130599024,1547707785,9,47156,49,8177
0,0,0,0,0,0,0,0,0,0,0,0,0.7212062670947871,1547707207,6,47152,49,6,1.6390558375737931,1560288543,4,47544,49,8188,0.9784372535292162,1551900915,8,47257,49,17
0,0,0,0,0,0,0,0,0,0,0,0,1.1609067158670987,1553998560,6,47337,49,8183,0.8768487084236115,1549803275,5,47217,49,8175,0.8047397526040254,1549804343,9,47184,49,8191
0,0,0,0,0,0,0,0,0,0,0,0,0.6839788412157928,1547709114,11,47133,49,8158,1.2310750269495132,1556094406,5,47376,49,8154,0.8642028405437959,1549803986,8,47209,49,30
0,0,0,0,0,0,0,0,0,0,0,0,0.9654846952530716,1551904373,12,47253,49,38,1.1099052179946165,1553996357,4,47324,49,72,1.1121525296487,1553998606,8,47314,49,39
0,0,0,0,0,0,0,0,0,0,0,0,1.393862847138822,1558193211,7,47437,49,8136,1.5827546738519913,1560288150,4,47520,49,8130,0.8603271140884582,1549804774,10,47207,49,40
0,0,0,0,0,0,0,0,0,0,0,0,1.403144139157584,1558196630,13,47442,49,8143,1.4917746088353796,1558191092,4,47484,49,6,1.0686012745868907,1553998454,10,47293,49,62
0,0,0,0,0,0,0,0,0,0,0,0,1.6424241093920229,1560290295,7,47544,49,40,0.7613893446536533,1547705222,4,47173,49,8123,0.8050464428312495,1549804072,9,47181,49,42
0,0,0,0,0,0,0,0,0,0,0,0,1.791235154952167,1545612469,12,47093,49,8185,0.6529694354050144,1547705387,4,47124,49,16,1.0228045473382412,1551901393,8,47278,49,8149
0,0,0,0,0,0,0,0,0,0,0,0,0.8064740581794126,1549806938,12,47188,49,42,1.159170571475732,1553996510,4,47337,49,8182,0.7286510318628958,1547707087,8,47154,49,8191
0,0,0,0,0,0,0,0,0,0,0,0,1.1726361263721918,1554001298,12,47342,49,8177,1.5173748312571922,1558191047,4,47497,49,43,0.5517916204878924,1545610126,9,47080,49,8175
0,0,0,0,0,0,0,0,0,0,0,0,1.1726361263721918,1554001298,12,47342,49,8177,1.42853803877307,1558191157,4,47456,49,8097,0.7570060750840033,1547707357,9,47164,49,3
0,0,0,0,0,0,0,0,0,0,0,0,1.062175201971957,1551904308,12,47297,49,8191,0.6581705476568357,1547704805,4,47129,49,8114,1.6256962185903696,1560290054,8,47528,49,27
0,0,0,0,0,0,0,0,0,0,0,0,1.062175201971957,1551904308,12,47297,49,8191,0.605133533345461,1545608476,4,47105,49,8162,0.6407324675694134,1547707126,9,47105,49,8180
0,0,0,0,0,0,0,0,0,0,0,0,0.684999335543001,1547707282,6,47131,49,31,1.0628871812187561,1551900290,4,47297,49,10,1.5162558048327006,1558193265,9,47481,49,8181
0,0,0,0,0,0,0,0,0,0,0,0,1.5833699693015917,1560290222,6,47513,49,30,0.9169313458676321,1549802375,4,47240,49,8181,0.5233361546991413,1562387243,9,47568,49,8189
0,0,0,0,0,0,0,0,0,0,0,0,1.2584132552137546,1556098428,12,47379,49,5,1.263203567344357,1556093803,4,47389,49,8175,1.6795492653814454,1560289843,9,47552,49,20
0,0,0,0,0,0,0,0,0,0,0,0,1.1548895745575527,1553998511,6,47330,49,8171,1.7163677657321361,1545608793,5,47066,49,8191,1.4267051940316116,1560289573,8,47439,49,43
0,0,0,0,0,0,0,0,0,0,0,0,0.8431921332198555,1549807062,12,47202,49,2,1.6023377686812734,1560288326,4,47528,49,8184,1.6932155997687428,1562387160,9,47562,49,46
0,0,0,0,0,0,0,0,0,0,0,0,0.6316556255180444,1547709839,12,47108,49,8175,0.7799519367217224,1549802689,5,47183,49,8187,1.5011599987717803,1560289644,9,47477,49,8146
0,0,0,0,0,0,0,0,0,0,0,0,1.6793466597453763,1562389933,12,47556,49,41,0.6429725311255704,1547705428,4,47126,49,33,0.5485292578598525,1562387715,9,47577,49,27
0,0,0,0,0,0,0,0,0,0,0,0,1.4822925632598098,1558195343,11,47472,49,8141,1.0662517383070549,1553997051,5,47304,49,8166,1.5623574048790565,1560290008,9,47501,49,8133
0,0,0,0,0,0,0,0,0,0,0,0,1.0985884027925763,1553998291,6,47306,49,34,0.9639512133063013,1551900092,4,47259,49,8175,0.6502182238767626,1545609569,9,47108,49,8120
0,0,0,0,0,0,0,0,0,0,0,0,0.751702733458488,1547710154,12,47163,49,8184,1.4315977228710028,1558191446,4,47458,49,8166,1.6377323435462416,1562386867,9,47530,49,8119
0,0,0,0,0,0,0,0,0,0,0,0,1.47372507449388,1558193418,7,47468,49,8169,1.3097141072006193,1556093792,4,47405,49,8169,0.7447673152994779,1547707167,9,47149,49,18
0,0,0,0,0,0,0,0,0,0,0,0,0.9440650611618763,1551903766,11,47245,49,26,0.5702519919503434,1545608774,4,47087,49,8170,0.554037058389304,1562387270,8,47579,49,0
0,0,0,0,0,0,0,0,0,0,0,0,0.6290030587000847,1547709666,12,47110,49,8188,1.6336502728211757,1560288192,4,47541,49,8141,0.8118796282188924,1549804341,9,47179,49,8173
0,0,0,0,0,0,0,0,0,0,0,0,1.3747890819664101,1558196315,13,47430,49,22,0.8698110628147581,1549803585,5,47214,49,12,0.6382825665203502,1547706901,8,47113,49,24
0,0,0,0,0,0,0,0,0,0,0,0,0.8296279921410723,1549806660,11,47191,49,47,0.7310973424391949,1547705412,4,47158,49,33,0.9355998005781561,1549804494,9,47230,49,8
0,0,0,0,0,0,0,0,0,0,0,0,1.4597520184444528,1558193409,6,47461,49,45,1.0927702417415872,1553997258,4,47316,49,8174,0.7498661994344371,1547707434,9,47155,49,8137
0,0,0,0,0,0,0,0,0,0,0,0,1.2981928555433504,1556098567,11,47389,49,8154,1.299514540771593,1556093992,4,47401,49,8181,0.8352362184410901,1549804748,9,47190,49,8159
0,0,0,0,0,0,0,0,0,0,0,0,1.2981928555433504,1556098567,11,47389,49,8154,1.1253077186123508,1553997149,4,47325,49,8134,1.0845112844737346,1553998299,9,47298,49,8189
0,0,0,0,0,0,0,0,0,0,0,0,0.9012276088932205,1549804322,6,47225,49,8191,1.4531196086406535,1558191377,4,47463,49,8175,0.8609386900759965,1549804522,9,47202,49,8175
0,0,0,0,0,0,0,0,0,0,0,0,1.2695310962476354,1556098644,12,47382,49,6,1.241581299834208,1556094363,5,47377,49,8173,1.0895097468448915,1551901195,8,47297,49,21
0,0,0,0,0,0,0,0,0,0,0,0,1.4854544847994897,1558196107,12,47472,49,8191,1.5975437660927914,1560288668,4,47527,49,8182,0.843803709055445,1549804388,9,47194,49,33
0,0,0,0,0,0,0,0,0,0,0,0,0.8308511461499174,1549804773,7,47194,49,69,1.384475613416313,1558191172,4,47440,49,8178,1.1021574280508806,1553998483,9,47301,49,42
0,0,0,0,0,0,0,0,0,0,0,0,1.7701222151333609,1562386686,5,47593,49,11,1.5589891396290623,1560288752,4,47513,49,10,1.0090359511655593,1551901533,9,47262,49,8187
0,0,0,0,0,0,0,0,0,0,0,0,0.9552851281659452,1551901051,6,47246,49,0,0.6981527673866936,1547705154,4,47145,49,8169,0.7898484229343137,1549803824,8,47171,49,8178
0,0,0,0,0,0,0,0,0,0,0,0,1.3907009251117073,1556097725,11,47433,49,8159,1.7170815718400048,1545608412,4,47067,49,8093,1.0230090115654462,1551901780,9,47269,49,8176
0,0,0,0,0,0,0,0,0,0,0,0,1.6685355279885006,1560290208,6,47549,49,26,0.8718502503074183,1549803842,5,47218,49,54,0.7494590794376803,1547707500,9,47151,49,8160
0,0,0,0,0,0,0,0,0,0,0,0,0.7516005036526534,1547709434,12,47163,49,8141,0.6586798955428356,1547705527,4,47132,49,8168,0.9529374306374909,1551901639,9,47244,49,1
0,0,0,0,0,0,0,0,0,0,0,0,0.8620614201908233,1549807052,12,47208,49,39,1.0433040880578515,1551900096,4,47289,49,49,0.6569491854344007,1549803817,8,47114,49,8
0,0,0,0,0,0,0,0,0,0,0,0,1.11633495527748,1554001044,11,47315,49,16,0.8680767559785736,1549803093,4,47215,49,8186,0.9120387490387969,1549804563,9,47221,49,8166
0,0,0,0,0,0,0,0,0,0,0,0,1.1149073446156044,1553998750,6,47313,49,8183,1.2076162100885834,1553996792,4,47366,49,8161,0.6167625068519716,1545609493,9,,49,5
0,0,0,0,0,0,0,0,0,0,0,0,1.5611342767830072,1560292805,11,47506,49,8190,1.262489764079777,1556093420,4,47388,49,28,0.7301808771566908,1547707218,9,47148,49,15
0,0,0,0,0,0,0,0,0,0,0,0,1.558074592518507,1560292580,11,47504,49,29,1.658025493818428,1560288069,4,47558,49,8189,1.604992232496169,1560290020,9,47515,49,40
0,0,0,0,0,0,0,0,0,0,0,0,1.7179012918721843,1562390114,12,47569,49,8168,1.5160494664429116,1558190957,4,47494,49,8175,1.737278054199889,1562387514,9,47578,49,4
0,0,0,0,0,0,0,0,0,0,0,0,1.576943887050411,1560290197,6,47511,49,24,0.6951953080527378,1547706575,5,47142,49,8173,1.3709133564262685,1556096223,9,47414,49,8160
0,0,0,0,0,0,0,0,0,0,0,0,1.576943887050411,1560290197,6,47511,49,24,0.5615822729920811,1545609493,5,47084,49,8172,1.5062607108423278,1558192775,8,47471,49,8156
0,0,0,0,0,0,0,0,0,0,0,0,1.419769785747546,1558195800,11,47444,49,8167,0.9451841592430451,1551899528,4,47251,49,8169,1.1280625371253798,1553998333,9,47315,49,43
0,0,0,0,0,0,0,0,0,0,0,0,1.1141935392034823,1554001633,12,47312,49,13,1.2618781965604922,1556094377,4,47386,49,8155,0.9361091448191601,1549803895,8,47229,49,8184
0,0,0,0,0,0,0,0,0,0,0,0,1.1141935392034823,1554001633,12,47312,49,13,1.1776309228576232,1553997363,4,47348,49,8163,1.051771169305994,1551901435,9,47279,49,29
0,0,0,0,0,0,0,0,0,0,0,0,1.8132663633662887,1545612484,12,47100,49,54,1.6101914544441716,1560288134,4,47531,49,15,0.6454242311171448,1547707291,9,47103,49,8166
0,0,0,0,0,0,0,0,0,0,0,0,1.6879141479791187,1562389548,11,47561,49,4,1.47851535818873,1558190626,4,47478,49,14,0.7922965343637977,1551901282,9,47167,49,6
0,0,0,0,0,0,0,0,0,0,0,0,1.1742682034087144,1553999097,7,47341,49,8175,0.7552699673835437,1547705437,4,47169,49,8181,1.5901008993814691,1560290063,9,47505,49,35
0,0,0,0,0,0,0,0,0,0,0,0,1.2759571734034958,1556095396,6,47384,49,40,0.6308360036835052,1547704654,4,47117,49,7,1.7345250697161825,1562387002,8,47569,49,6
0,0,0,0,0,0,0,0,0,0,0,0,0.9368247654219838,1549806713,11,47237,49,4,1.1117417640544431,1553997524,5,47322,49,8149,1.2826881129246515,1556095676,9,47375,49,8161
0,0,0,0,0,0,0,0,0,0,0,0,0.8337063745232066,1549806971,11,47200,49,9,1.04320185485139,1551899873,5,47290,49,25,1.4053877832434187,1558192583,9,47428,49,8186
0,0,0,0,0,0,0,0,0,0,0,0,1.5873479317397972,1560290408,6,47515,49,33,1.515131188029725,1558191082,4,47495,49,50,0.9494706303205052,1551901342,9,47234,49,3
0,0,0,0,0,0,0,0,0,0,0,0,1.4626072301999264,1558192949,6,47466,49,71,1.3907994561293682,1558191826,5,47442,49,8158,1.0455495613807007,1551901207,9,47276,49,5
0,0,0,0,0,0,0,0,0,0,0,0,0.9246864299353242,1551904340,12,47236,49,11,0.6589865847783893,1547705458,4,47129,49,8182,0.628289247778412,1545609880,9,47095,49,30
0,0,0,0,0,0,0,0,0,0,0,0,0.7498679988871491,1547709909,12,47158,49,41,0.5988096959813463,1545608280,4,47103,49,8184,0.7445628567591261,1547707003,8,47147,49,20
0,0,0,0,0,0,0,0,0,0,0,0,1.333379245044185,1556096285,7,47413,49,8153,1.0536040573368817,1551899215,4,47300,49,8175,1.440473777667031,1558192985,9,47444,49,41
0,0,0,0,0,0,0,0,0,0,0,0,1.0909391837012936,1551903849,12,47302,49,26,0.9952637144161405,1551900001,4,47272,49,8180,1.522784121976754,1558192971,9,47477,49,22
0,0,0,0,0,0,0,0,0,0,0,0,1.5793920075114452,1560290723,7,47513,49,5,1.5072775033197456,1558191044,4,47491,49,8153,1.0221929732258477,1551901779,9,47265,49,8152
0,0,0,0,0,0,0,0,0,0,0,0,1.5793920075114452,1560290723,7,47513,49,5,1.451996857006446,1558191609,5,47465,49,8108,1.091956036938689,1553998371,9,47301,49,8145
0,0,0,0,0,0,0,0,0,0,0,0,1.7908262278138773,1545612559,11,47096,49,8178,0.7705684104880285,1547705286,4,47178,49,8180,0.6625592142900439,1547707165,9,47112,49,8190
0,0,0,0,0,0,0,0,0,0,0,0,1.5042215421502338,1558195256,12,47482,49,6,0.7705684104880285,1547705286,4,47178,49,8180,0.8127978948246547,1549804103,8,47175,49,0
0,0,0,0,0,0,0,0,0,0,0,0,0.7626179053295199,1547709559,11,47161,49,57,1.3563250333427843,1556093974,4,47427,49,8145,1.5953019905891375,1560290245,9,47511,49,6
0,0,0,0,0,0,0,0,0,0,0,0,0.7085603856276681,1547707046,6,47139,49,51,1.359180243650647,1556093998,5,47431,49,8132,0.5709675872522924,1545610334,9,47074,49,8188
0,,,,,,0,0,0,0,0,0,1.3671417143738829,1556098188,11,47418,49,12,0.8397217119448906,1549803211,5,47204,49,8175,1.4552628728553565,1558192977,9,47452,49,8178
0,0,0,0,0,0,0,0,0,0,0,0,1.1652936088002268,1553998501,6,47333,49,30,0.896532216612764,1549802450,4,47231,49,8137,1.6870981048987554,1562386951,9,47547,49,23
0,0,0,0,0,0,0,0,0,0,0,0,1.746663394474268,1562389812,11,47585,49,4,1.6350778753523698,1560288702,4,47542,49,8157,1.4578132276003923,1558193542,10,47451,49,46
0,0,0,0,0,0,0,0,0,0,0,0,1.5278848381707861,1558195425,12,47491,49,26,1.7017813165803188,1545608344,4,47064,49,46,0.5248659973258274,1564483869,9,47566,49,3
0,0,0,0,0,0,0,0,0,0,0,0,0.8248339984229089,1549806705,11,47192,49,0,1.2610621578670083,1556094591,5,47385,49,8183,1.5692928131526895,1560289656,9,47502,49,8184
0,0,0,0,0,0,0,0,0,0,0,0,1.7821583204755447,1562387676,6,47598,49,8189,1.3581597295621834,1556093762,4,47433,49,15,0.7444606276773251,1547707024,8,47149,49,5
0,0,0,0,0,0,0,0,0,0,0,0,1.0222952070685327,1551903607,11,47280,49,3,0.943143152678411,1551899794,4,47254,49,8156,0.5841246153376652,1549804010,8,47081,49,8159
0,0,0,0,0,0,0,0,0,0,0,0,0.7254909114099969,1547710075,12,47150,49,2,1.084814324386445,1553996445,4,47313,49,10,0.9740521821653669,1551901731,9,47242,49,2
0,0,0,0,0,0,0,0,0,0,0,0,1.149688472209261,1554001636,13,47327,49,5,0.7443565962519105,1547705054,4,47163,49,8190,0.8601226526047552,1549803990,8,47199,49,8182
0,0,0,0,0,0,0,0,0,0,0,0,0.8019867544112459,1549806186,11,47184,49,8176,0.8888829975160785,1549802770,4,47226,49,2,1.2371980812802637,1553998722,9,47358,49,1
0,0,0,0,0,0,0,0,0,0,0,0,1.1414258540263709,1554001280,11,47328,49,9,1.7085140829274135,1545608107,4,47062,49,8148,1.157335859199878,1553998272,8,47325,49,47
0,0,0,0,0,0,0,0,0,0,0,0,1.521663231474994,1558192749,6,47488,49,2,1.4700501091303755,1558191944,5,47472,49,8180,1.4109978224454833,1558192982,8,47430,49,21
0,0,0,0,0,0,0,0,0,0,0,0,1.1787554999982577,1554000989,11,47346,49,6,1.5998896482656237,1560288365,4,47527,49,8158,1.709434168903058,1564483827,8,47560,49,1
0,0,0,0,0,0,0,0,0,0,0,0,1.535227336766442,1560292318,11,47499,49,8145,1.1944591948000731,1553996875,4,47358,49,8142,1.591324028698016,1560290109,9,47510,49,8188
0,0,0,0,0,0,0,0,0,0,0,0,1.1484635003773027,1553998804,6,47331,49,8145,1.3542858608083153,1556094524,5,47425,49,8180,0.6866296146068326,1549803527,8,47124,49,39
0,0,0,0,0,0,0,0,0,0,0,0,1.3971270047768989,1558195628,12,47437,49,8179,0.9145854636229853,1551899422,4,47240,49,8162,0.544144230357402,1562387223,8,47570,49,5
0,0,0,0,0,0,0,0,0,0,0,0,0.9443717562002758,1551903881,12,47244,49,2,1.0503399025275388,1551899705,4,47301,49,8171,0.8370727529896788,1549804597,9,47186,49,46
0,0,0,0,0,0,0,0,0,0,0,0,0.6395093092905971,1547709348,11,47113,49,38,0.7864802368054118,1549802389,4,47184,49,8180,0.9585474642616806,1553998131,9,47243,49,8184
0,0,0,0,0,0,0,0,0,0,0,0,0.7785279334010595,1549806729,11,47174,49,8186,1.6271219494066256,1560288248,4,47542,49,8176,0.8765438264580965,1549804298,8,47207,49,35
0,0,0,0,0,0,0,0,0,0,0,0,1.709945366791776,1562390510,12,47570,49,8158,0.602278300782799,1545608712,4,47102,49,8153,1.1981341255757787,1553998849,8,47342,49,6
0,0,0,0,0,0,0,0,0,0,0,0,0.7753660139942915,1549806976,12,47173,49,17,1.3727462042836662,1558190851,4,47436,49,20,1.0937925794750125,1553998702,9,47301,49,45
0,0,0,0,0,0,0,0,0,0,0,0,1.5357385237619323,1560292389,11,47492,49,8186,1.5190069108964206,1560287739,4,47498,49,89,1.427826092070306,1560289623,8,47442,49,8141
0,0,0,0,0,0,0,0,0,0,0,0,1.6957678344525067,1562389413,11,47563,49,20,1.2106777377279825,1553996779,4,47361,49,1,1.37672602009247,1556095450,8,47423,49,8172
0,0,0,0,0,0,0,0,0,0,0,0,1.195790077118866,1553999266,7,47345,49,8190,1.3451049523850644,155609401,4,47427,49,8151,1.7059674004121181,1562386991,9,47555,49,8159
0,0,0,0,0,0,0,0,0,0,0,0,1.2705516045903937,1556096076,6,47380,49,8150,1.0520742135851981,1551899588,4,47300,49,8191,1.6158033647262406,1560290306,9,47519,49,8166
0,0,0,0,0,0,0,0,0,0,0,0,0.7020320895061245,1547707757,7,47138,49,5,1.2727915656591258,1556094496,5,47392,49,8165,0.7779145535426096,1551901220,9,47166,49,58
0,0,0,0,0,0,0,0,0,0,0,0,0.6957082512900017,1547709426,11,47136,49,30,0.9811884233739793,1551899888,4,47267,49,42,0.7216133865652367,1547707000,9,47142,49,34
0,0,0,0,0,0,0,0,0,0,0,0,1.2855451710540713,1556097987,11,47385,49,8183,1.2002718575750946,1553996954,4,47367,49,8141,1.100627583825268,1553998651,9,47298,49,8138
0,0,0,0,0,0,0,0,0,0,0,0,1.2275096872837887,1556098788,13,47362,49,38,0.9250899034474926,1551899629,4,47249,49,8112,1.0589110477309795,1553998196,8,47283,49,30
0,0,0,0,0,0,0,0,0,0,0,0,1.7469700868457536,1562389846,11,47581,49,5,1.1884420576937402,1553996381,4,47355,49,22,1.468726598438889,1558192727,9,47457,49,41
0,0,0,0,0,0,0,0,0,0,0,0,1.6227406398356146,1560290506,6,47527,49,8171,0.938962551588025,1551899137,4,47249,49,8162,1.4985092620691103,1558193427,9,47469,49,54
0,0,0,0,0,0,0,0,0,0,0,0,0.8684874903723999,1549807060,12,47210,49,8169,1.2015990741670246,1553996840,4,47362,49,8165,0.7047850912146936,1547706963,9,47131,49,12
0,0,0,0,0,0,0,0,0,0,0,0,0.665314012234236,1547709866,12,47122,49,16,0.9616053310855925,1551900486,5,47259,49,8191,0.7702653296634433,1547706643,8,47161,49,18
0,0,0,0,0,0,0,0,0,0,0,0,1.0953242495105353,1554000763,10,47306,49,53,1.2094527584110786,1553997124,4,47365,49,8163,1.131531157245677,1553998407,8,47315,49,2
0,0,0,0,0,0,0,0,0,0,0,0,0.8051486734294544,1549807063,12,47183,49,8158,0.9352912907161374,1551898960,4,47245,49,10,1.1573358592158367,1553998432,8,47326,49,8190
0,0,0,0,0,0,0,0,0,0,0,0,1.1852838088909408,1554000752,11,47344,49,13,1.1872170779583706,1553997135,4,47359,49,58,1.5724547349942055,1560289948,9,47504,49,31
0,0,0,0,0,0,0,0,0,0,0,0,1.2276119214206471,1554000770,11,47361,49,8156,1.105315688430491,1553996860,4,47322,49,7,0.8056580191567142,1547706517,8,47174,49,8176
0,0,0,0,0,0,0,0,0,0,0,0,0.8216720782858606,1549807265,12,47189,49,45,0.8285016457052747,1549802605,4,47204,49,8153,0.8311560314158544,1549804227,9,47188,49,13
0,0,0,0,0,0,0,0,0,0,0,0,1.1611111825005493,1553999005,7,47333,49,6,1.0651308293559711,1551899832,5,47300,49,8102,1.2957428970557832,1556095580,8,47385,49,18
0,0,0,0,0,0,0,0,0,0,0,0,0.7724085534942047,1547709840,12,47168,49,8176,0.7577162700912841,1547705144,4,47178,49,8163,1.3319516362959851,1556096306,9,47398,49,37
0,0,0,0,0,0,0,0,0,0,0,0,1.089918679133483,1554001056,11,47301,49,4,0.9688474417758809,1551899789,4,47260,49,8129,0.5590337225073456,1562387145,8,47584,49,30
0,0,0,0,0,0,0,0,0,0,0,0,0.6316556249435321,1547709800,12,47106,49,28,0.7116164803979835,1547705360,4,47150,49,46,0.5621956409600701,1545609601,9,47073,49,8184
0,0,0,0,0,0,0,0,0,0,0,0,0,149804939,7,47215,49,8181,0.6842819357897707,1547705755,4,47138,49,8190,1.0741072527357656,1551901286,9,47294,49,8149
0,0,0,0,0,0,0,0,0,0,0,0,1.2595359977149068,1556098096,11,47374,49,8190,0.9098937001550473,1549802564,5,47238,49,8172,1.5494048646820462,1560289708,8,47490,49,8176
0,0,0,0,0,0,0,0,0,0,0,0,0.8279959167191581,1549806771,11,47189,49,43,0.6023787344701751,1545607822,4,47109,49,,1.5571563133976758,1560290636,10,47494,49,8161
0,0,0,0,0,0,0,0,0,0,0,0,1.3864181037517782,1558195531,12,47426,49,8165,0.7775038233087863,1549802589,4,47184,49,0,0.8022916403432993,1549803993,9,47175,49,8151
0,0,0,0,0,0,0,0,0,0,0,0,1.0704378162398238,1554000820,12,47292,49,8178,1.6548635709232722,1562385200,4,47558,49,7,0.8524734298631573,1549804358,9,47195,49,8167
0,0,0,0,0,0,0,0,0,0,0,0,1.4119160997824076,1558195418,12,47440,49,8163,0.6224711731468492,1547704808,4,47120,49,8170,1.3186923829464003,1556096594,9,47392,49,8182
0,0,0,0,0,0,0,0,0,0,0,0,0.9750726856597985,1551903702,11,47251,49,8164,1.500851420243771,1558190966,4,47492,49,8153,1.3649966105050009,1558192939,9,47418,49,4
0,0,0,0,0,0,0,0,0,0,0,0,1.5254367175921484,1558195085,11,47487,49,11,1.659862054397192,1560288342,4,47557,49,8172,0.6416507317865715,1545610407,9,47102,49,8132
0,0,0,0,0,0,0,0,0,0,0,0,1.2056829426912012,1553998880,7,47350,49,8181,1.216285932728812,1556094408,5,47370,49,8180,0.6769394006066254,1547707111,9,47124,49,33
0,0,0,0,0,0,0,0,0,0,0,0,1.5264572313590996,1558194844,11,47485,49,42,1.3502056648430205,1556093997,4,47422,49,8112,1.1525418617646963,1553998572,9,47325,49,8181
0,0,0,0,0,0,0,0,0,0,0,0,1.0618703257593727,1551903890,12,47288,49,8191,0.8874553858301648,1549802886,5,47223,49,8156,1.2237343596947223,1553998590,9,47355,49,6
0,0,0,0,0,0,0,0,0,0,0,0,1.3189990898937802,1556098205,11,47399,49,10,0.9739463138496994,1551899873,4,47263,49,11,1.6757757806163152,1562386925,8,47547,49,3
0,0,0,0,0,0,0,0,0,0,0,0,0.9708902647909023,1551904114,12,47252,49,8166,1.7437023101737552,1545608897,5,47076,49,8172,1.0111773693387813,1551901974,9,47263,49,8165
0,0,0,0,0,0,0,0,0,0,0,0,0.8603289198048777,1549806761,11,47200,49,47,1.3259308079744436,1556093947,4,47412,49,18,1.6273282987506454,1560290168,9,47526,49,5
0,0,0,0,0,0,0,0,0,0,0,0,1.6253913709751044,1560292434,11,47531,49,53,0.8341116798589321,1549802395,4,47202,49,8187,0.5607680227955661,1545610184,9,47071,49,18
0,0,0,0,0,0,0,0,0,0,0,0,0.7194737580159009,1547710366,13,47140,49,0,0.9082616257454108,1549802511,4,47235,49,8109,1.081144898488247,1553998857,9,47297,49,30
0,0,0,0,0,0,0,0,0,0,0,0,1.365814496761832,1556098713,12,47419,49,51,1.6241645070048314,1560288729,4,47536,49,2,1.1650873101615085,1553998798,9,47330,49,8170
0,0,0,0,0,0,0,0,0,0,0,0,1.5631753061667633,1560292164,11,47500,49,29,1.6653698598461024,1560287931,4,47556,49,8188,1.6538468024620643,1564483851,8,47538,49,8178
0,0,0,0,0,0,0,0,0,0,0,0,1.2119045501578654,1554000948,12,47352,49,30,1.1770193538361107,1553997168,4,47344,49,8161,1.102566357168526,1551901196,9,47295,49,19
0,0,0,0,0,0,0,0,0,0,0,0,0.7212080604112895,1547707297,6,47139,49,16,0.6825476329761989,1547705964,4,47136,49,8088,0.5402666667205519,1562387307,8,47576,49,64
0,0,0,0,0,0,0,0,0,0,0,0,1.130003141054391,1554000361,11,47315,49,8153,1.372645822783914,1556094287,4,47426,49,27,0.6938717178411954,1547707508,9,47126,49,11
0,0,0,0,0,0,0,0,0,0,0,0,1.1608044812067146,1553999132,6,47333,49,8185,1.3654018496799556,1558190590,4,47433,49,8182,1.2088430291250776,1553998634,9,47349,49,10
0,0,0,0,0,0,0,0,0,0,0,0,1.434661117371842,1558195103,11,47448,49,7,0.8060633298462846,1549802167,4,47189,49,5,1.3772371989887155,1556095533,9,47418,49,5
0,0,0,0,0,0,0,0,0,0,0,0,1.3802987314169493,1556098077,11,47421,49,20,0.871850251073435,1549802908,4,47216,49,6,0.700909364000623,1547707667,9,47129,49,5
0,0,0,0,0,0,0,0,0,0,0,0,1.6967883517900537,1560292393,11,47558,49,8168,1.540731410120211,1560288171,4,47507,49,9,1.4550602507315062,1558193254,9,47447,49,8146
0,0,0,0,0,0,0,0,0,0,0,0,0.7670029805287228,1547709394,11,47162,49,8186,1.0526876157278269,1551899962,4,47292,49,8172,1.6783261399574507,1564483962,9,47546,49,8179
0,0,0,0,0,0,0,0,0,0,0,0,0.710192457743354,1547707379,6,47135,49,8184,1.086548635771599,1553996880,5,47312,49,8151,1.054219283688529,1551901642,9,47281,49,2
0,0,0,0,0,0,0,0,0,0,0,0,0.7530299167199012,1547709560,11,47155,49,40,1.3069611299877728,1556093689,4,47399,49,8181,0.912038748783458,1551900868,8,47219,49,14
0,0,0,0,0,0,0,0,0,0,0,0,0.8257522640777145,1549804889,7,47186,49,8184,1.3490829144743288,1556093832,4,47426,49,24,1.4447584469624537,1558193207,9,47444,49,8176
0,0,0,0,0,0,0,0,0,0,0,0,0.9923098983488359,1551901605,6,47257,49,14,0.781584012430259,1549802499,5,47182,49,8170,1.6366095884085476,1562386886,8,47531,49,8191
0,0,0,0,0,0,0,0,0,0,0,0,0.8873567765717874,1549806348,11,47212,49,25,0,1549802146,4,,49,0,0,1551901653,8,47261,49,57
0,0,0,0,0,0,0,0,0,0,0,0,0.970890264120638,1551904421,12,47249,49,17,1.4723959909281794,1558191656,4,47473,49,18,1.1919125180511851,1553999133,9,47339,49,8179
0,0,0,0,0,0,0,0,0,0,0,0,1.0609520544090516,1554000717,11,47286,49,8168,1.506461463295444,1558191807,5,47491,49,8168,0.5365954075516447,1562387493,9,47572,49,30
0,0,0,0,0,0,0,0,0,0,0,0,1.2885026213038437,1556097898,11,47383,49,26,0.9359028650005374,1551899386,4,47245,49,28,0,1547706743,8,47143,49,6
0,0,0,0,0,0,0,0,0,0,0,0,1.4831086017329707,1558193296,6,47467,49,6,0.985166382419283,1551899747,4,47266,49,4,1.2703471327211053,1556095542,9,47370,49,8182
0,0,0,0,0,0,0,0,0,0,0,0,1.805719370609693,1562389290,11,47600,49,8178,1.6477255641505932,1560289101,5,47546,49,8161,1.445063305413662,1558193188,9,47449,49,1
0,0,0,0,0,0,0,0,0,0,0,0,1.7525801172649054,1562387244,6,47577,49,0,1.6497647275452771,1560288356,4,47550,49,8188,0.7408915878293729,1547707323,9,47145,49,93
0,0,0,0,0,0,0,0,0,0,0,0,0.8726699068002693,1549806951,12,47204,49,5,1.0296359029904996,1551900638,5,47286,49,8181,1.3794808454183896,1558192575,8,47420,49,8188
0,0,0,0,0,0,0,0,0,0,0,0,1.1383661647959396,1554001426,11,47319,49,39,1.5559294569098228,1560287570,4,47510,49,8190,1.4896350632105118,1558192927,9,47468,49,8155
0,0,0,0,0,0,0,0,0,0,0,0,1.35755371256922,1556097754,11,47410,49,6,1.5225759192888797,1560287650,4,47501,49,24,0.7667967215440735,1547707213,9,47163,49,36
0,0,0,0,0,0,0,0,0,0,0,0,1.6917898706009087,1562389177,11,47557,49,40,0.9110146151023487,1551900123,5,47241,49,8182,0.888375467091675,1549804322,9,47211,49,88
0,0,0,0,0,0,0,0,0,0,0,0,0.7068260809189543,1547707085,5,47134,49,8175,1.520434515047737,1560288703,5,47498,49,19,1.563379776201461,1558192956,9,47489,49,8181
0,0,0,0,0,0,0,0,0,0,0,0,1.8007209129173474,1545612511,11,47089,49,7,1.521759879129271,1560288353,4,47501,49,8165,0.8082065586734073,1549804079,9,47181,49,8180
0,0,0,0,0,0,0,0,0,0,0,0,0.7226356763187384,1547707280,6,47139,49,8177,0.9056090463392713,1549802118,4,47238,49,8184,0.992410313232814,1553998018,8,47255,49,8141
0,0,0,0,0,0,0,0,0,0,0,0,0.840950282673212,1549806658,11,47187,49,57,0.9245805647533774,1551899851,4,47244,49,8170,1.5364504655896354,1558192840,8,47489,49,60
0,0,0,0,0,0,0,0,0,0,0,0,1.0278030083726755,1551901148,5,47275,49,15,1.495038768995712,1560287779,4,47483,49,8177,0.5449584306672504,1545610293,9,47066,49,8187
0,0,0,0,0,0,0,0,0,0,0,0,0.9512067485466377,1551903926,11,47234,49,25,1.515640513053861,1558191084,4,47497,49,8169,1.0974656635456284,1556095326,8,47297,49,44
0,0,0,0,0,0,0,0,0,0,0,0,1.0372905854613497,1551903742,11,47270,49,19,0.8991847943803196,1549802756,4,47229,49,8188,1.3340930480923239,1556095661,9,47401,49,0
0,0,0,0,0,0,0,0,0,0,0,0,1.1125614613336436,1554001810,13,47308,49,5,0.8501257393324485,1549802640,4,47206,49,8148,0.6936672606545496,1547707404,9,47128,49,8183
0,0,0,0,0,0,0,0,0,0,0,0,1.3234882222286897,1556098383,11,47392,49,8170,1.3570388360009344,1556093957,4,47428,49,8182,0.9798648652970714,1551901439,9,47250,49,44
0,0,0,0,0,0,0,0,0,0,0,0,1.4744388762677647,1558195465,12,47464,49,50,1.28064525108655,1556094821,4,47393,49,8158,1.5601137604383248,1558192864,9,47497,49,42
0,0,0,0,0,0,0,0,0,0,0,0,1.7533961548073242,1562387630,6,47577,49,41,1.7562477566778179,1545608751,4,47082,49,8182,0.6397119745334184,1547706940,9,47105,49,8
0,0,0,0,0,0,0,0,0,0,0,0,0.7560896062133088,1549806630,11,47155,49,4,1.6612896566841242,1560288499,4,47557,49,8182,1.1948699711724327,1553998879,9,47342,49,8160
0,0,0,0,0,0,0,0,0,0,0,0,1.0726814650737317,1554000968,12,47291,49,10,0.9151970379770882,1549802720,4,47240,49,8169,1.4591385973495092,1558192819,9,47455,49,8177
0,0,0,0,0,0,0,0,0,0,0,0,1.309106225511416,1556098288,11,47389,49,8186,0.7791358997208958,1549801973,4,47182,49,8183,0.8342175227415619,1549804247,9,47182,49,8150
0,0,0,0,0,0,0,0,0,0,0,0,1.6864865436431264,1562389590,12,47553,49,82,1.2325026343251664,1556093402,4,47377,49,8184,1.104094378646966,1553998455,9,47304,49,3
0,0,0,0,0,0,0,0,0,0,0,0,0.7866883035519638,1549806664,11,47167,49,8170,1.150296380273735,1553997237,4,47335,49,8173,1.6663922526271662,1560290076,9,47543,49,35
0,0,0,0,0,0,0,0,0,0,0,0,1.2190444297512746,1554001717,13,47352,49,12,1.5527675350037637,1560288425,4,47509,49,8176,0.7313036017640652,1547707321,9,47143,49,8190
0,0,0,0,0,0,0,0,0,0,0,0,1.2768754450393403,1556098253,11,47377,49,8186,1.4561792931847466,1558191488,4,47464,49,8173,1.2825858786271438,1556095644,9,47378,49,8187
0,0,0,0,0,0,0,0,0,0,0,0,1.5818401254329626,1560292048,11,47507,49,8154,0.6423609539741956,1547705528,4,47123,49,8173,1.523191213553872,1560290291,9,47483,49,16
0,0,0,0,0,0,0,0,0,0,0,0,1.8030667950582624,1562389820,11,47602,49,30,1.7047405879358821,1545608231,4,47061,49,8153,0.8720565235163406,1549803986,8,47203,49,24
0,0,0,0,0,0,0,0,0,0,0,0,0.9896591332839055,1551904175,11,47249,49,12,0.8978575944874694,1549802366,4,47236,49,8151,1.0392257212633964,1556095509,8,47276,49,56
0,0,0,0,0,0,0,0,0,0,0,0,1.2495408978943683,1554000742,11,47365,49,3,0.766794914382939,1547705381,4,47177,49,26,1.5662331289686908,1560290373,9,47501,49,4
0,0,0,0,0,0,0,0,0,0,0,0,0.8031094788176482,1549806718,12,47174,49,8174,0.9908786489880441,1551899556,4,47268,49,8185,1.06360281177343,1551901498,9,47285,49,48
0,0,0,0,0,0,0,0,0,0,0,0,1.2948264633916782,1556095729,6,47385,49,8175,1.3592824794809588,1556093426,5,47432,49,8162,1.1845681707841542,1556095323,8,47339,49,8
0,0,0,0,0,0,0,0,0,0,0,0,1.6543579956898238,1560292788,13,47540,49,10,1.2139400510267602,1556093493,4,47369,49,8126,0.5185421550840758,1564483922,9,47565,49,12
0,0,0,0,0,0,0,0,0,0,0,0,1.0500386818282774,1551904390,12,47281,49,11,1.6141694165573486,1560288245,4,47533,49,8171,0.7368114028375026,1547707007,9,47145,49,8163
0,0,0,0,0,0,0,0,0,0,0,0,1.4478181341376806,1558192644,5,47455,49,10,1.4211936805873686,1558190823,4,47457,49,8138,1.277894114568735,1556095530,9,47376,49,8185
0,0,0,0,0,0,0,0,0,0,0,0,0.9031663757811934,1549804866,7,47219,49,8175,0.5846321760346133,1545608268,4,47099,49,8190,1.4505711088767406,1560289291,8,47451,49,8188
0,0,0,0,0,0,0,0,0,0,0,0,1.3214472066902112,1556098468,11,47398,49,1,1.62498054630821,1560288309,4,47539,49,5,0.8011689129448639,1549804349,9,47178,49,24
0,0,0,0,0,0,0,0,0,0,0,0,0.7836286142646283,1547709311,11,47167,49,6,0.7427245206592575,1547705684,4,47165,49,17,1.0299444254447485,1556095650,9,47271,49,1
0,0,0,0,0,0,0,0,0,0,0,0,0.730284903157959,1547709457,11,47146,49,25,0.8259531137278886,1549802594,4,47197,49,8111,0.6441992819713491,1547706955,9,47109,49,1
0,0,0,0,0,0,0,0,0,0,0,0,1.1962994137764489,1553998019,5,47345,49,14,0.6211457879589185,1547705060,4,47117,49,13,1.2443379616022456,1553998298,9,47361,49,13
0,0,0,0,0,0,0,0,0,0,0,0,0.6980541326409625,1547707157,5,47134,49,25,0.904488130920481,1549802231,4,47235,49,8147,1.5421627441033814,1560290211,10,47489,49,8188
0,0,0,0,0,0,0,0,0,0,0,0,1.189975572295044,1553998946,6,47343,49,12,0.6763260235490695,1547705530,4,47136,49,8140,0.9530396625103409,1551901338,9,47241,49,8170
0,0,0,0,0,0,0,0,0,0,0,0,1.2074172532845062,1556097793,11,47348,49,8174,0.644706834567119,1547705397,4,47126,49,19,0.6554193400802361,1547706969,9,47111,49,8179
0,0,0,0,0,0,0,0,0,0,0,0,1.2324059186722665,1556098115,11,47359,49,8168,0.6173722916269423,1545607882,4,47113,49,32,1.5576656409004408,1560290070,10,47497,49,8187
0,0,0,0,0,0,0,0,0,0,0,0,0.7787323912731963,1547710004,12,47167,49,6,0.7934156515627339,1549802834,5,47187,49,8172,0.6645984113080602,1551901095,9,47117,49,8
0,0,0,0,0,0,0,0,0,0,0,0,0,,,,,,0,1547705707,4,47162,49,8129,1.6092750446652144,1560290050,9,,49,8121
0,0,0,0,0,0,0,0,0,0,0,0,1.2954380334918925,1556095468,5,47389,49,8191,1.629672310286826,1560288885,4,47540,49,9,0.9701746422881895,1551901415,9,47249,49,8163
0,0,0,0,0,0,0,0,0,0,0,0,0.8317694133086698,1549804169,6,47191,49,18,1.7530858365351243,1545608495,4,47082,49,8159,1.2596363936759902,1556096274,9,47371,49,8188
0,0,0,0,0,0,0,0,0,0,0,0,1.3418463421009073,1556098554,11,47406,49,0,1.4122191034359293,1558191274,4,47448,49,10,0.6451175470596705,1547706790,9,47108,49,8182
0,0,0,0,0,0,0,0,0,0,0,0,0.8927623483500804,1549804617,6,47217,49,36,1.5409358871033836,1560288365,4,47506,49,8131,0.9681354552707386,1551901490,9,47245,49,8172
0,0,0,0,0,0,0,0,0,0,0,0,1.4136504130637253,1558195727,11,47434,49,29,1.1942547236071208,1553996176,4,47361,49,8187,1.561848077503961,1560289857,9,47496,49,47
0,0,0,0,0,0,0,0,0,0,0,0,0.9622205417642506,1551904656,12,47244,49,8186,1.330113240233522,1556093822,4,47413,49,8132,0.6184968085119554,1549804429,9,47097,49,27
0,0,0,0,0,0,0,0,0,0,0,0,1.4713791907092204,1558192785,5,47460,49,23,0.9925107256089828,1551900249,4,47267,49,12,1.2214907118395284,1553998703,9,47353,49,8164
0,0,0,0,0,0,0,0,0,0,0,0,1.0292306198720151,1551901797,6,47275,49,8190,1.0970549028965755,1553996639,4,47314,49,18,1.5391030595544068,1558192827,9,47487,49,30
0,0,0,0,0,0,0,0,0,0,0,0,1.542571693731443,1560292697,12,47490,49,93,0.7807679743074688,1549802783,4,47183,49,46,0.9233592349008225,1549804169,9,47228,49,15
0,0,0,0,0,0,0,0,0,0,0,0,1.0904298384627733,1554001094,11,47291,49,16,0.9008168697752217,1549802929,4,47230,49,4,1.1886483637657965,1558192820,10,47339,49,8161
0,0,0,0,0,0,0,0,0,0,0,0,1.568376397018194,1560290151,6,47501,49,3,0.5499550919098508,1545608180,4,47078,49,8165,0.5637254864540441,1562387392,9,47586,49,3
0,0,0,0,0,0,0,0,0,0,0,0,1.1023618939863227,1553997951,5,47302,49,8173,0.6088048017390734,1547705220,4,47109,49,8146,0.8374798701829177,1549804250,9,47190,49,6
0,0,0,0,0,0,0,0,0,0,0,0,1.1011387473281562,1554001219,11,47298,49,61,1.5275743982149417,1560288174,4,47501,49,8105,1.600095992521189,1560289989,9,47513,49,24
0,0,0,0,0,0,0,0,0,0,0,0,1.5709267537770961,1560292626,11,47500,49,8145,1.1863006459776366,1553996795,4,47351,49,8164,0.9588541585969105,1551901049,9,47240,49,8186
0,0,0,0,0,0,0,0,0,0,0,0,1.0745180050044938,1551901878,6,47287,49,47,1.2150627966251712,1553996915,5,47365,49,8167,1.1244935112538155,1556095184,9,47312,49,67
0,0,0,0,0,0,0,0,0,0,0,0,1.530639663892006,1560292041,11,47479,49,8168,0.8460455505315773,1549802891,4,47207,49,8162,1.6696564134459015,1560289753,9,47543,49,4
0,0,0,0,0,0,0,0,0,0,0,0,0.9963900859089673,1551904659,11,47253,49,44,0.8248303831754414,1549802555,4,47199,49,8164,0.6513391562505552,1549804039,9,47111,49,55
0,0,0,0,0,0,0,0,0,0,0,0,1.4452696278533455,1558192991,6,47444,49,8191,1.6200843045159128,1560288380,4,47538,49,8164,1.1730432282527492,1558192822,9,47332,49,23
0,0,0,0,0,0,0,0,0,0,0,0,0.8685897189337871,1549806458,11,47202,49,52,1.528390438327016,1560288344,5,47501,49,8179,1.3086972851033722,1556095599,9,47386,49,48
0,0,0,0,0,0,0,0,0,0,0,0,0.7015227357179507,1547707525,6,47128,49,8183,0.9189705301011695,1551899436,4,47244,49,8189,0.709374626568417,1551901254,9,47134,49,8174
0,0,0,0,0,0,0,0,0,0,0,0,1.0975678971288017,1554001073,11,47301,49,8191,1.6509878487601493,1560288262,4,47555,49,8186,1.211902715659858,1553998407,10,47351,49,8180
0,0,0,0,0,0,0,0,0,0,0,0,1.683017904606331,1560292555,11,47553,49,5,1.4878988852522752,1558191445,4,47482,49,8129,1.2727934117035635,1556095904,10,47378,49,18
0,0,0,0,0,0,0,0,0,0,0,0,1.4511845276215856,1558193464,6,47451,49,13,0.760675537827505,1547705417,4,47172,49,5,0.6153348898677268,1545609804,9,47096,49,8168
0,0,0,0,0,0,0,0,0,0,0,0,0.6394070789505129,1547709409,11,47106,49,38,1.3883513372054888,1558191508,4,47442,49,33,1.0627867736301915,1551901304,9,47285,49,8186
0,0,0,0,0,0,0,0,0,0,0,0,1.2524983502548466,1556098079,11,47367,49,54,1.2112893070804664,1553996646,4,47362,49,28,1.1387732695698987,1558192845,9,47316,49,26
0,0,0,0,0,0,0,0,0,0,0,0,1.5089133046925685,1558192650,6,47477,49,18,1.0643147912470656,1551899915,4,47299,49,8166,1.0527916719720147,1551901937,10,47279,49,84
0,0,0,0,0,0,0,0,0,0,0,0,0.9468198673247875,1549806608,11,47236,49,46,0.7711799853854099,1549802523,4,47181,49,8179,1.203437460514949,1553998652,9,47346,49,8164
0,0,0,0,0,0,0,0,0,0,0,0,1.3816241025816078,1556097894,11,47421,49,8174,1.3808043635816116,1558190331,4,47436,49,8130,1.6749597403658354,1562386700,8,47547,49,33
0,0,0,0,0,0,0,0,0,0,0,0,0.8130023556068345,1549807237,12,47180,49,52,1.1008283938810266,1553997034,4,47317,49,8121,0.6617431776476168,1547706845,9,47113,49,18
0,0,0,0,0,0,0,0,0,0,0,0,1.2528050523739933,1556097606,10,47364,49,8144,1.7014763661012906,1545608540,4,47060,49,8189,1.148259030865726,1553998524,9,47319,49,58
0,0,0,0,0,0,0,0,0,0,0,0,1.1550940384682915,1554000951,11,47322,49,8,0.7717915598248332,1549802720,4,47184,49,23,0.6458313555212665,1547706929,9,47109,49,26
0,0,0,0,0,0,0,0,0,0,0,0,0.6461398276569904,1545612310,11,47104,49,54,1.6746511454289383,1562384987,4,47564,49,8171,0.8112680497907008,1551900967,9,47173,49,8159
0,0,0,0,0,0,0,0,0,0,0,0,1.0978745950251583,1551904154,12,47299,49,8156,1.0782878481311373,1553996757,5,47307,49,24,1.327769205948267,1556095654,9,47397,49,8155
0,0,0,0,0,0,0,0,0,0,0,0,1.7520689637441298,1562389803,11,47581,49,26,0.7517009317554185,1547705835,4,47165,49,55,1.5009573804524055,1558193047,9,47467,49,8150
0,0,0,0,0,0,0,0,0,0,0,0,1.0080172660403386,1551904020,11,47260,49,43,1.3316430822939394,1556094622,5,47415,49,29,0.8284030318846568,1549804025,9,47181,49,22
0,0,0,0,0,0,0,0,0,0,0,0,1.7115774452631884,1562390350,12,47562,49,15,0.9482438460366046,1551899836,4,47254,49,8181,0.9971020771635538,1551901307,9,47255,49,8189
0,0,0,0,0,0,0,0,0,0,0,0,0.9687488443761444,1551903507,11,47245,49,8165,1.522780395560867,1560288347,4,47501,49,2,1.5474660731499799,1560290087,9,47491,49,4
0,0,0,0,0,0,0,0,0,0,0,0,0.9609973912663147,1551904405,11,47241,49,46,1.7240169848322962,1545608643,4,47072,49,47,1.0613591618560891,1551901529,9,47281,49,8139
0,0,0,0,0,0,0,0,0,0,0,0,0.9300919993968267,1549804308,6,47232,49,36,0.7249779640464139,1547706038,4,47155,49,8182,1.7256508644560544,1562387573,10,47568,49,72
0,0,0,0,0,0,0,0,0,0,0,0,1.6150895635744027,1560292268,11,47524,49,1,1.503504017162113,1558190922,4,47490,49,31,0.7216133866929062,1547707050,9,47140,49,38
0,0,0,0,0,0,0,0,0,0,0,0,0.8949037683603075,1549806260,10,47217,49,44,0.8444134746787294,1549802650,4,47208,49,8182,1.2605546670645575,1553998308,8,47368,49,6
0,0,0,0,0,0,0,0,0,0,0,0,1.6316129762939355,1560290323,6,47530,49,8178,1.6336502725179611,1560287802,4,47542,49,8188,1.4638303613281252,1560289479,8,47455,49,8181
0,0,0,0,0,0,0,0,0,0,0,0,0.9065309477689993,1549807336,12,47223,49,19,0.957627373004398,1551899487,4,47258,49,8146,0.8109613608540435,1549803808,8,47176,49,6
0,0,0,0,0,0,0,0,0,0,0,0,1.6278394902479123,1560292984,11,47527,49,5,1.7632854013052168,1545608703,4,47087,49,8149,1.0658464612897174,1551901473,9,47285,49,8174
0,0,0,0,0,0,0,0,0,0,0,0,0.9414142962712237,1549806859,11,47233,49,14,1.0575820155325688,1551899486,4,47302,49,24,1.5850001848512365,1564484166,9,47507,49,8146
0,0,0,0,0,0,0,0,0,0,0,0,1.6548673201760824,1560292331,11,47542,49,29,0.634916188346234,1547705182,4,47118,49,8136,0.6451175470596705,1545609550,9,47106,49,8191
0,0,0,0,0,0,0,0,0,0,0,0,0.9654846932103606,1551904198,11,47245,49,12,1.1768148836388936,1553997206,4,47349,49,8163,1.207722120817327,1556095161,8,47342,49,42
0,0,0,0,0,0,0,0,0,0,0,0,0.9646686554050362,1551903647,10,47245,49,8100,1.2446409846599937,1556093981,4,47380,49,8161,0.7701631001726096,1549804330,8,47160,49,8156
0,0,0,0,0,0,0,0,0,0,0,0,1.7159643623761025,1562389674,11,47559,49,8116,0.8265646892723413,1549802209,4,47199,49,8178,1.0187243570938542,1556095590,9,47269,49,8190
0,0,0,0,0,0,0,0,0,0,0,0,1.7303445023905106,1562387630,7,47570,49,8144,0.9498759222960574,1551899741,4,47254,49,8172,0.6842837326334834,1547706750,8,47124,49,8
0,0,0,0,0,0,0,0,0,0,0,0,1.0331081638212891,1551904089,11,47270,49,44,1.5068704152634385,1558192068,5,47489,49,8190,1.2738139201941856,1558192333,8,47376,49,8170
0,0,0,0,0,0,0,0,0,0,0,0,1.782565431057367,1562389227,10,47594,49,24,1.0640080899155626,1553996005,4,47303,49,8154,1.575107329970267,1560289786,9,47502,49,8174
0,0,0,0,0,0,0,0,0,0,0,0,1.0993022064842846,1554000552,11,47301,49,31,1.6170246212686457,1560288960,4,47537,49,8177,0.9452900209721562,1549804585,9,47229,49,33
0,0,0,0,0,0,0,0,0,0,0,0,0.6591946287054445,1547709557,11,47112,49,12,1.2112893067293755,1553996689,4,47363,49,8174,1.200582241319999,1556095241,9,47342,49,30
0,0,0,0,0,0,0,0,0,0,0,0,1.1697809042893543,1554001481,11,47331,49,14,1.7213662238812446,1545608609,4,47066,49,8150,0.599629308650028,1545610413,9,47082,49,8185
0,0,0,0,0,0,0,0,0,0,0,0,1.246583444884428,1556098078,11,47362,49,30,0.6101301871053435,1547704784,4,47113,49,16,1.4591385973495092,1558192786,9,47455,49,18
0,0,0,0,0,0,0,0,0,0,0,0,0.8211627285831082,1549807116,11,47181,49,20,1.3602007561265634,1556093696,4,47431,49,2,1.722897898815553,1562387144,9,47565,49,8181
0,0,0,0,0,0,0,0,0,0,0,0,1.3377661460954995,1556098297,11,47404,49,8178,0.6874438547708764,1547705693,4,47139,49,8154,1.0658464613216347,1553998152,9,47287,49,17
0,0,0,0,0,0,0,0,0,0,0,0,0.9367225322926079,1551904187,11,47232,49,8154,1.4092616556966389,1558191083,4,47446,49,9,1.3146121880445318,1556095611,9,47392,49,1
0,0,0,0,0,0,0,0,0,0,0,0,1.0158691337004055,1551901123,6,47272,49,58,1.3830480079057266,1558190543,4,47439,49,8172,0.861040920491043,1549805408,10,47199,49,8191
0,0,0,0,0,0,0,0,0,0,0,0,1.5609316603209342,1560292804,11,47496,49,8183,0.6416471453762921,1547705229,4,47124,49,0,1.4052855475640944,1558192515,9,47431,49,8182
0,0,0,0,0,0,0,0,0,0,0,0,1.1193946418462768,1553998751,6,47313,49,37,1.3505123731644262,1556094263,4,47422,49,8159,1.574086814825596,1560290034,9,47504,49,12
0,0,0,0,0,0,0,0,0,0,0,0,1.6334495328841911,1560292822,11,47529,49,18,0.566274036364267,1545607906,4,47087,49,26,0.8674669897737484,1549804504,10,47200,49,9
0,0,0,0,0,0,0,0,0,0,0,0,1.2079265901519673,1554001646,12,47349,49,22,1.2053725632645196,1553996914,4,47365,49,16,1.034942885443589,1551901889,9,47270,49,21
0,0,0,0,0,0,0,0,0,0,0,0,1.7232046172493747,1562390153,12,47569,49,57,1.6634329354841901,1560288171,4,47554,49,8169,1.525434858166672,1560290167,9,47485,49,8191
0,0,0,0,0,0,0,0,0,0,0,0,1.2966630100320147,1556098370,11,47383,49,17,1.0662517377804184,1551900064,5,47305,49,25,1.6402808349287998,1560289676,9,47536,49,8189
0,0,0,0,0,0,0,0,0,0,0,0,1.830912499485278,1547709137,11,47097,49,7,1.5157446166470745,1558191415,4,47490,49,8176,0.9543668570192556,1551901604,10,47237,49,8184
0,0,0,0,0,0,0,0,0,0,0,0,1.3956993957941495,1558195508,11,47428,49,43,0.9012239789635944,1549802107,4,47235,49,8147,1.0909373578370183,1553998216,9,47298,49,64
0,0,0,0,0,0,0,0,0,0,0,0,0.7351811242489175,1547707697,7,47144,49,13,1.3343979087866755,1556094775,5,47412,49,8191,1.5858162247721355,1560290297,9,47510,49,18
0,0,0,0,0,0,0,0,0,0,0,0,1.5057513831528888,1558195308,11,47477,49,32,0.7472136280685098,1547705512,4,47161,49,19,0.5356771299506788,1562387061,9,47574,49,25
0,0,0,0,0,0,0,0,0,0,0,0,0.8247317664470603,1549807154,11,47186,49,11,1.081856871250388,1553996610,4,47312,49,8186,1.0706404579009403,1551901217,9,47289,49,42
0,0,0,0,0,0,0,0,0,0,0,0,0.9429441413766502,1551904099,11,47236,49,49,0.7996372586585048,1549802712,4,47191,49,8147,1.6795492654293211,1562387366,9,47551,49,8185
0,0,0,0,0,0,0,0,0,0,0,0,1.7233068565741947,1562389878,11,47569,49,12,1.3202203815419935,1556094244,4,47407,49,11,0.603198354447834,1549804147,9,47088,49,8190
0,0,0,0,0,0,0,0,0,0,0,0,1.0346380089041685,1551903763,11,47273,49,40,1.660780334760803,1560288198,4,47556,49,8187,1.080637379918381,1551901808,9,47287,49,8185
0,0,0,0,0,0,0,0,0,0,0,0,1.1095017739481723,1553998012,5,47307,49,39,1.217611303910923,1556094449,5,47373,49,8180,1.6333454277597934,1560289867,9,47532,49,6
0,0,0,0,0,0,0,0,0,0,0,0,0.6644979742301237,1547709813,11,47118,49,69,1.6635332972052037,1562385459,5,47561,49,18,0.5278234475942758,1566581367,9,47571,49,8191
0,0,0,0,0,0,0,0,0,0,0,0,0.7109062657498105,1547707294,6,47135,49,31,1.206088208804253,1553997029,4,47358,49,8176,1.116537593740552,1553998475,9,47311,49,8189
0,0,0,0,0,0,0,0,0,0,0,0,1.207926590423265,1554000977,11,47350,49,41,1.4975891259313363,1558191564,4,47484,49,8182,1.63722115147058,1560290103,9,47534,49,8167
0,0,0,0,0,0,0,0,0,0,0,0,0.7829148058911222,1547709333,11,47165,49,8174,0.6536832427286637,1547705917,4,47126,49,8181,0.5762709328320829,1545610464,9,47080,49,75
0,0,0,0,0,0,0,0,0,0,0,0,1.2848313651156544,1556098521,11,47380,49,0,0.9016310871451171,1551899448,4,47239,49,61,1.079003482294634,1551901205,9,47295,49,16
0,0,0,0,0,0,0,0,0,0,0,0,0.8288119534115355,1549804483,6,47187,49,53,1.2848276821556572,1556094031,4,47394,49,9,1.2152691045390516,1556095561,8,47351,49,8181
0,0,0,0,0,0,0,0,0,0,0,0,0.9021458765626508,1549807814,13,47220,49,8158,0.609416378922024,1545608037,4,47113,49,6,0.642362750953728,1547707014,9,47113,49,8136
0,0,0,0,0,0,0,0,0,0,0,0,1.4232384142543453,1558195066,10,47439,49,8146,0.847677625245112,1549803007,4,47209,49,8182,1.1752868766432543,1556095270,8,47336,49,8153
0,0,0,0,0,0,0,0,0,0,0,0,0.9942468535584446,1551904121,11,47261,49,8131,1.0833867137843556,1553997186,5,47314,49,8172,1.2952335626224372,1560289856,9,47384,49,8148
0,0,0,0,0,0,0,0,0,0,0,0,1.1195991080197076,1553998864,6,47312,49,42,1.5072775017398363,1560287835,4,47494,49,8150,0.7770985161449145,1547706999,9,47168,49,8178
0,0,0,0,0,0,0,0,0,0,0,0,1.6560923146406323,1560293299,12,47540,49,34,1.6857689933223838,1562385669,5,47568,49,8155,1.291764937121333,1556095563,9,47386,49,37
0,0,0,0,0,0,0,0,0,0,0,0,1.2751411331620448,1556098564,11,47379,49,8154,0.7561882345083782,1547705334,4,47170,49,8143,1.446288290113979,1562386992,9,47447,49,8148
0,0,0,0,0,0,0,0,0,0,0,0,0.6394070794611906,1547709652,11,47108,49,11,0.8970433751768122,1549802075,4,47229,49,2,0.7795466279383368,1551901044,9,47168,49,8159
0,0,0,0,0,0,0,0,0,0,0,0,1.4490431183310504,1558193350,6,47450,49,8156,1.0655379326393022,1551899752,4,47305,49,8138,0.9548762011166314,1556095449,9,47241,49,30
0,0,0,0,0,0,0,0,0,0,0,0,0.7906662604400145,1547707102,6,47169,49,8177,1.219959029798389,1553997340,5,47367,49,40,1.434354407483892,1562387076,9,47444,49,8158
0,0,0,0,0,0,0,0,0,0,0,0,1.5749047166878154,1560289411,5,47504,49,69,1.3552041364727774,1556093837,4,47425,49,8136,1.5664376043204864,1564484369,9,47501,49,16
0,0,0,0,0,0,0,0,0,0,0,0,0.9047984505314522,1549804694,6,47218,49,3,1.4654605820946391,1558191183,4,47472,49,8183,0.8813378211397102,1549804843,9,47210,49,8
0,0,0,0,0,0,0,0,0,0,0,0,1.7000525125317272,1562390266,12,47557,49,8167,1.561232781437598,1560288948,5,47517,49,8173,1.016991867087786,1551901985,9,47264,49,54
0,0,0,0,0,0,0,0,0,0,0,0,1.810818248217899,1545612349,11,47095,49,9,0.5970771856999956,1545608774,5,47098,49,8178,1.7056606843859698,1562387566,10,47560,49,9
0,0,0,0,0,0,0,0,0,0,0,0,1.1572354553738977,1553998186,5,47327,49,10,0.6928494255367932,1547705719,4,47143,49,,1.0363704978553552,1551901510,9,47274,49,8163
0,0,0,0,0,0,0,0,0,0,0,0,0.7841379630098596,1547709708,11,47169,49,8163,0.806063328122747,1549802898,5,47193,49,3,1.2608613705017613,1556096258,10,47369,49,16
0,0,0,0,0,0,0,0,0,0,0,0,1.3403164986066116,1556098382,11,47404,49,46,0.8925542572711752,1549802484,4,47233,49,8184,0.6368567401208186,1545609792,9,47103,49,8185
0,0,0,0,0,0,0,0,0,0,0,0,0.9654846937210383,1551901237,5,47247,49,42,1.01138001274027,1551899613,4,47276,49,8182,0.9008186838942308,1551901474,10,47219,49,4
0,0,0,0,0,0,0,0,0,0,0,0,1.552568645429825,1560292445,11,47491,49,29,1.0657424002609495,1551899356,4,47303,49,39,1.4792310216239632,1558192977,9,47468,49,8126
0,0,0,0,0,0,0,0,0,0,0,0,1.1592746374838003,1554001103,11,47331,49,8173,1.1636578658850834,1553997014,4,47343,49,23,0.5362887118037152,1545610095,9,47065,49,6
0,0,0,0,0,0,0,0,0,0,0,0,1.7405440151547087,1562387459,6,47576,49,6,1.1861984104471002,1553996682,4,47354,49,8191,1.1706973463352555,1553998503,9,47333,49,8187
0,0,0,0,0,0,0,0,0,0,0,0,1.3628570460287974,1558195083,11,47415,49,12,1.218631813856351,1556094075,4,47372,49,8168,1.4042650360382125,1558193174,10,47435,49,5
0,0,0,0,0,0,0,0,0,0,0,0,0.7101924572965111,1547709533,11,47134,49,45,1.2195500885282762,1556093900,4,47371,49,24,0.7755686714575496,1549803861,8,47167,49,8162
0,0,0,0,0,0,0,0,0,0,0,0,1.541553037077136,1560292585,11,47487,49,6,1.2314839682682353,1556094631,5,47374,49,10,1.054525980576415,1551901680,9,47280,49,8168
0,0,0,0,0,0,0,0,0,0,0,0,1.6366114554462627,1560292444,11,47531,49,17,1.1481549661169774,1553996823,4,47335,49,8162,0.6674554352249293,1547707562,10,47115,49,26
0,0,0,0,0,0,0,0,0,0,0,0,0.958549278635794,1551904424,12,47243,49,7,1.100726158768527,1553996893,4,47320,49,21,0,1553998323,9,4753,49,18
0,0,0,0,0,0,0,0,0,0,0,0,1.7400346691001336,1562390386,11,47573,49,8186,1.0550334967117379,1551899714,4,47296,49,8189,1.5154397650928986,1558192793,9,47481,49,16
0,0,0,0,0,0,0,0,0,0,0,0,1.1208240770502105,1554001251,11,47308,49,8152,0.7872962739318214,1549803115,5,47185,49,1,1.6369163034598633,1560290005,9,,49,8190
0,0,0,0,0,0,0,0,0,0,0,0,0.6505249094891101,1547709528,11,47111,49,8142,0.6679629921745763,1547705578,4,47131,49,8116,0.662966337502804,1547707553,9,47119,49,8168
0,0,0,0,0,0,0,0,0,0,0,0,0.682755679388562,1547709865,11,47123,49,8179,1.6338547506396879,1560288271,4,47541,49,8179,1.4772940872107116,1558193369,10,47463,49,8189
0,0,0,0,0,0,0,0,0,0,0,0,1.1344904392044446,1553999261,6,47318,49,18,1.5048293815066491,1558191088,4,47494,49,8170,0.8225885408556223,1549804477,9,47186,49,40
0,0,0,0,0,0,0,0,0,0,0,0,0.6686803862079377,1547709225,11,47117,49,8149,1.3379669243214543,1556094297,4,47418,49,10,1.0900190867270774,1558192670,9,47300,49,45
0,0,0,0,0,0,0,0,0,0,0,0,1.1328583624246518,1554000992,11,47318,49,18,1.2277104790746214,1556094014,4,47371,49,8135,1.660579600703012,1564484079,9,47538,49,8134
0,0,0,0,0,0,0,0,0,0,0,0,0.6403253441692366,1547710425,13,47107,49,8157,1.045241035437381,1551899901,4,47296,49,8184,0.7552717710257154,1547707073,9,47158,49,32
0,0,0,0,0,0,0,0,0,0,0,0,1.1220472230207874,1554001497,11,47312,49,46,0.9207048376957947,1551899538,4,47245,49,8185,1.3372549692757154,1556096101,10,47404,49,8176
0,0,0,0,0,0,0,0,0,0,0,0,1.168455527198121,1554000917,11,47329,49,4,0.7165127035755028,1547706133,5,47151,49,8184,1.0423876413806799,1551901644,10,47279,49,8177
0,0,0,0,0,0,0,0,0,0,0,0,0.73456775087606,1547707495,6,47151,49,18,0.5970771856999956,1545608569,4,47098,49,8104,1.3759118273228,1556095931,10,47417,49,8177
0,0,0,0,0,0,0,0,0,0,0,0,0.8335037177252834,1549806879,11,47189,49,8174,1.566435739069927,1560288280,4,47514,49,8162,1.1340815057029934,1553998961,10,47316,49,16
0,0,0,0,0,0,0,0,0,0,0,0,1.3431717145543876,1556095535,6,47408,49,57,1.5075842167462101,1558191103,4,47491,49,8125,0.5569945225928291,1545610273,10,47070,49,8189
0,0,0,0,0,0,0,0,0,0,0,0,0.8831743583339746,1549806859,11,47214,49,18,1.3506146092673885,1556093710,4,47422,49,8133,0.9231565833662138,1551901858,10,47224,49,19
0,0,0,0,0,0,0,0,0,0,0,0,1.4058989619917504,1558195619,11,47427,49,8140,1.213328482382047,1556093698,4,47368,49,8131,1.5414489417830948,1558192878,9,47490,49,8190
0,0,0,0,0,0,0,0,0,0,0,0,0.9547757810141656,1549806701,11,47234,49,33,1.0698225926962397,1551898891,4,47303,49,8121,0.6770416292471472,1551901274,9,47125,49,8143
0,0,0,0,0,0,0,0,0,0,0,0,1.4466972337484572,1558195940,11,47443,49,24,0.957627372509679,1551900035,4,47259,49,8133,1.2964567010839898,1556095799,9,47388,49,15
0,0,0,0,0,0,0,0,0,0,0,0,0.9381501444254636,1551903708,11,47229,49,25,0.7732209832886272,1549802409,4,47179,49,24,1.6491550384834486,1560290297,9,47538,49,6
0,0,0,0,0,0,0,0,0,0,0,0,1.4149776279107265,1558195890,12,47426,49,9,0.6284901209999947,1547705370,4,47118,49,31,1.0696199543852785,1553998241,8,47292,49,56
0,0,0,0,0,0,0,0,0,0,0,0,1.3393982226248093,1556099109,12,47399,49,42,1.5179882602860277,1558191323,5,47493,49,8135,0.8846019713715944,1549804224,9,47210,49,8158
0,0,0,0,0,0,0,0,0,0,0,0,0.831667181737681,1549807232,12,47185,49,16,1.3412310818846696,1556093907,4,47418,49,8158,1.2365865110943883,1556095980,10,47359,49,8174
0,0,0,0,0,0,0,0,0,0,0,0,0.827791454841393,1549806707,11,47183,49,8184,0.9586478760601392,1551899760,4,47257,49,46,1.0413671382511371,1551901460,9,47281,49,0
0,0,0,0,0,0,0,0,0,0,0,0,1.3229770475825466,1556096375,6,47392,,41,0.8186087746635083,1549803002,4,47198,49,8187,0,1564484017,9,47541,49,8183
0,0,0,0,0,0,0,0,0,0,0,0,0.8414596290402835,1549807010,11,47185,49,7,0.6022783004955428,1545607698,4,47103,49,8131,0.8501275479696014,1549804489,9,47196,49,8152
0,0,0,0,0,0,0,0,0,0,0,0,1.3624499444586384,1556098928,12,47405,49,8164,1.2328093403256835,1556093977,4,47376,49,8099,1.2473976484284552,1553998232,9,47366,49,8130
0,0,0,0,0,0,0,0,0,0,0,0,0.9037779500660584,1549807015,11,47214,49,8166,1.0591136888809154,1551899669,4,47295,49,8177,1.6141712850315486,1560290166,9,47522,49,29
0,0,0,0,0,0,0,0,0,0,0,0,0.9382523751638193,1549807230,12,47228,49,0,0.6252259732943645,1547705175,4,47117,49,33,1.4662784800521163,1558193127,10,47460,49,33
0,0,0,0,0,0,0,0,0,0,0,0,1.4340495478742386,1558195455,11,47439,49,23,1.669857141850651,1562385292,4,47563,49,10,0.9048988721645851,1549804362,10,47220,49,8189
0,0,0,0,0,0,0,0,0,0,0,0,0.974970451802912,1551904163,11,47244,49,8150,1.4733142677274402,1558191587,4,47474,49,8166,1.2951313279745342,1556095896,10,47386,49,3
0,0,0,0,0,0,0,0,0,0,0,0,1.480151150920143,1558195568,11,47457,49,8178,1.3147125785486462,1556094484,4,47405,49,31,0.7069265157845641,1549803706,8,47137,49,1
0,0,0,0,0,0,0,0,0,0,0,0,1.0313738541053696,1551903759,11,47265,49,18,1.0620711425360334,1553996483,4,47298,49,8180,1.1155189152028997,1558192500,9,47307,49,34
0,0,0,0,0,0,0,0,0,0,0,0,1.5102386723348236,1558195522,11,47474,49,8188,0.9077522827885455,1549802795,5,47235,49,8182,0.5347588662330713,1549803992,9,47065,49,27
0,0,0,0,0,0,0,0,0,0,0,0,1.0661549752388608,1551903976,11,47276,49,23,0.6330796555467064,1547705634,5,47120,49,8169,0.956508276807086,1551901246,9,47242,49,6
0,0,0,0,0,0,0,0,0,0,0,0,1.555423853267861,1558195430,12,47487,49,5,1.6827093113837286,1562385211,4,47565,49,8165,1.6404853121255807,1562386660,8,47536,49,27
0,0,0,0,0,0,0,0,0,0,0,0,1.092366790391557,1551904052,11,47291,49,8156,1.408648232297045,1558191318,4,47452,49,8170,0.8846019714673464,1549804351,9,47211,49,8191
0,0,0,0,0,0,0,0,0,0,0,0,1.1254136053748685,1554000596,11,47303,49,37,0.9273353750602782,1551899347,4,47243,49,8143,0.7333427961606853,1547707003,9,47150,49,11
0,0,0,0,0,0,0,0,0,0,0,0,1.085838485506601,1551903246,10,47291,49,8155,1.6280402292009215,1560288346,4,47541,49,45,0.5938148264906025,1549803880,9,47086,49,8188
0,0,0,0,0,0,0,0,0,0,0,0,1.5519552209226584,1558195602,11,47489,49,8153,1.3760103626559435,1558190611,4,47436,49,8131,1.2711631721573384,1556095548,9,47373,49,18
0,0,0,0,0,0,0,0,0,0,0,0,1.016073597061669,1551901141,5,47263,49,60,1.0751259278192142,1551900022,5,47306,49,26,1.6782239015259501,1564483983,9,47550,49,5
0,0,0,0,0,0,0,0,0,0,0,0,1.505548759905912,1558195549,11,47464,49,0,0.8612435725740536,1549803115,4,47212,49,8170,1.1456064492772766,1553998972,10,47324,49,7
0,0,0,0,0,0,0,0,0,0,0,0,0.9954718149631767,1551904848,12,47249,49,60,1.6945409600133396,1545607909,4,47058,49,8130,1.5483843505157233,1560289710,8,47495,49,18
0,0,0,0,0,0,0,0,0,0,0,0,1.480967190341454,1558193106,6,47457,49,0,1.5012603731804146,1558191311,4,47489,49,6,1.0769642985164287,1553998256,9,47293,49,8161
0,0,0,0,0,0,0,0,0,0,0,0,0.9999591169419221,1551904708,12,47253,49,37,1.176203313863163,1553996902,4,47348,49,8176,1.4433289896979,1562387165,10,47453,49,32
0,0,0,0,0,0,0,0,0,0,0,0,1.4803556229711983,1558195362,11,47455,49,8157,0.921520875792219,1551899121,4,47245,49,2,0.9518165127486768,1549804136,9,47240,49,8187
0,0,0,0,0,0,0,0,0,0,0,0,0.9923098950453895,1551901743,6,47248,49,26,0.6140077097239417,1545608177,4,47108,49,8146,1.3748913172387878,1556095286,9,47420,49,8169
0,0,0,0,0,0,0,0,0,0,0,0,1.465259818647788,1558193223,6,47451,49,17,1.5552156541628503,1560289185,5,47512,49,23,0.7991297210263781,1553998131,9,47177,49,8184
0,0,0,0,0,0,0,0,0,0,0,0,0.9279505778066903,1549806414,11,47223,49,19,1.1842614674075995,1553996902,4,47349,49,8180,1.2278145534507017,1556095251,8,47358,49,8183
0,0,0,0,0,0,0,0,0,0,0,0,1.3817263361026664,1556098028,11,47415,49,8131,0.9186656532683005,1549802084,4,47241,49,8167,0.6773483153317397,1547707664,10,47123,49,6
0,0,0,0,0,0,0,0,0,0,0,0,0.8489043935271393,1549807066,12,47191,49,30,1.7068820060294778,1545608275,4,47065,49,8187,1.0605431242561412,1551901173,9,47286,49,8190
0,0,0,0,0,0,0,0,0,0,0,0,1.2838108553144345,1556098376,12,47375,49,8120,1.4650534922203577,1558191441,4,47468,49,8164,1.705456206226838,1566581019,9,47563,49,8182
0,0,0,0,0,0,0,0,0,0,0,0,0.7373225469475231,1547710087,12,47141,49,8178,1.010359508676741,1551899552,4,47278,49,27,0.9189741643398126,1549803900,9,47226,49,8189
0,0,0,0,0,0,0,0,0,0,0,0,1.1714129789070875,1554001199,11,47325,49,71,0.7415013667248632,1547705469,4,47162,49,8119,1.558583918443462,1560290090,9,47499,49,8144
0,0,0,0,0,0,0,0,0,0,0,0,1.8157144727036532,1562389361,11,47600,49,8169,1.4907559556195233,1558191899,5,47480,49,18,0.6607226841279933,1549803679,9,47118,49,16
0,0,0,0,0,0,0,0,0,0,0,0,1.6159056027559926,1560290267,6,47519,49,8186,0.7040694867750459,1547705874,5,47145,49,8184,1.6398737490323136,1562386722,8,47534,49,8173
0,0,0,0,0,0,0,0,0,0,0,0,0.8547188844974631,1549807314,11,47190,49,8142,1.5836729521884827,1560288742,4,47521,49,8139,1.0619707355771535,1553998278,9,47288,49,8182
0,0,0,0,0,0,0,0,0,0,0,0,1.4387413118528543,1558196180,11,47440,49,12,1.0639058555277923,1553996343,4,47305,49,6,1.403041901684995,1558192887,9,47432,49,8191
0,0,0,0,0,0,0,0,0,0,0,0,1.8141846282342171,1545612823,12,47087,49,47,0.7591456926454331,1547705524,5,47173,49,8191,0.7883185782240477,1551901276,10,47171,49,8163
0,0,0,0,0,0,0,0,0,0,0,0,1.5516503655367808,1558194701,11,47485,49,63,1.086855335970402,1553996760,4,47313,49,12,1.6984185602589144,1564484407,9,47560,49,8168
0,0,0,0,0,0,0,0,0,0,0,0,0.9223423509493746,1549804989,7,47215,49,8163,0.5906511196121006,1545607935,4,47098,49,46,0.7999457583539914,1549803770,9,47179,49,8164
0,0,0,0,0,0,0,0,0,0,0,0,1.2759571701479255,1556098307,11,47372,49,58,1.4184407080466601,1558191004,4,47454,49,26,1.3790719012918233,1558192584,10,47429,49,8170
0,0,0,0,0,0,0,0,0,0,0,0,0.9683417282037964,1551903353,10,47236,49,8170,0.5759642483547783,1545608724,4,47090,49,8133,1.1059309214961666,1553998291,9,47307,49,6
0,0,0,0,0,0,0,0,0,0,0,0,1.4678101730486128,1558195462,11,47451,49,8169,1.2125124428156917,1556093760,4,47369,49,8153,1.4249708796383715,1558192758,9,47443,49,32
0,0,0,0,0,0,0,0,0,0,0,0,1.8352975678615195,1562387793,7,47608,49,25,0.8809288965916623,1549803311,4,47220,49,8189,0.8492092801294572,1549804329,9,47200,49,24
0,0,0,0,0,0,0,0,0,0,0,0,1.1078696953442344,1554001290,11,47300,49,21,1.502076412769317,1558191308,4,47490,49,8174,1.1740637344237739,1553999105,10,47335,49,58
0,0,0,0,0,0,0,0,0,0,0,0,1.4292555481309788,1558195675,11,47439,49,8184,1.121534226746341,1553997620,5,47325,49,8184,0.5584221410217005,1549804200,9,47075,49,3
0,0,0,0,0,0,0,0,0,0,0,0,0.6833672580096851,1547710039,12,47120,49,8161,1.695866402811802,1545608143,4,47062,49,8134,0.9126503250218332,1551901236,9,47226,49,5
0,0,0,0,0,0,0,0,0,0,0,0,0.9812942919326852,1551901653,6,47247,49,6,1.3297061446165557,1556094593,4,47412,49,23,1.4975909860192749,1558192526,9,47475,49,8170
0,0,0,0,0,0,0,0,0,0,0,0,1.4018187662021262,1558195715,11,47428,49,19,0.6538877008132414,1547705632,4,47126,49,8163,0.6117658466195511,1545609652,9,47096,49,8185
0,0,0,0,0,0,0,0,0,0,0,0,0.9196897791877755,1549804962,7,47219,49,8138,0.7801563972167934,1549802206,4,47184,49,8176,1.5554219966512128,1560289417,9,47500,49,4
0,0,0,0,0,0,0,0,0,0,0,0,1.1682510591089903,1554001847,12,47326,49,43,1.5459343652644146,1560288828,5,47508,49,8183,0.9634436914197921,1553998086,9,47248,49,54
0,0,0,0,0,0,0,0,0,0,0,0,0.6327783420422264,1545612646,11,47096,49,55,1.659862053439671,1560287662,4,47559,49,5,0.682344971796155,1547707212,10,47132,49,8179
0,0,0,0,0,0,0,0,0,0,0,0,1.0032232691804022,1551903900,11,47256,49,8157,1.0367757799601711,1551899794,4,47292,49,8143,1.0374914122901768,1551901101,10,47282,49,30
0,0,0,0,0,0,0,0,0,0,0,0,1.2564763090159676,1556098477,11,47365,49,10,1.774198771446653,1545608365,4,47094,49,10,1.6636392851971804,1562386962,8,47543,49,6
0,0,0,0,0,0,0,0,0,0,0,0,1.6304920848093005,1560290529,6,47522,49,44,1.0684953843505347,1553995941,4,47309,49,8190,0.8266687279488532,1549804588,10,47189,49,8170
0,0,0,0,0,0,0,0,0,0,0,0,0.6674554354323923,1547709738,12,47116,49,18,0.6228800905151018,1547704859,4,47118,49,8126,1.4944290643068194,1558192443,9,47474,49,8189
0,0,0,0,0,0,0,0,0,0,0,0,1.0361678511089343,1551904095,11,47269,49,8180,1.208536325040448,1553996635,4,47360,49,8178,0.654501075016902,1547707007,9,47118,49,8189
0,0,0,0,0,0,0,0,0,0,0,0,1.2870750111276583,1556096185,6,47377,49,1,0.7554744271944408,1547705270,4,47170,49,8103,1.2998230923361582,1556095545,9,47391,49,3
0,0,0,0,0,0,0,0,0,0,0,0,1.624370853253828,1560292515,11,47526,49,58,1.2063930720053835,1556093113,4,47365,49,3,1.6873025836157076,1562387610,10,47552,49,50
0,0,0,0,0,0,0,0,0,0,0,0,0.9883319384033075,1551903437,10,47250,49,8180,1.2746281149987784,1556093659,4,47392,49,8173,1.4961633807819843,1560289430,8,47474,49,8191
0,0,0,0,0,0,0,0,0,0,0,0,1.1962994118614074,1553998423,5,47339,49,29,0.8070838274483045,1549802812,4,47192,49,8176,0.9331498730550584,1556095329,9,47242,49,8110
0,0,0,0,0,0,0,0,0,0,0,0,1.5108520927739946,1558193435,6,47471,49,8,1.2967615623670552,1556093844,4,47399,49,4,14.437236250849242,1556095838,9,47406,49,8186
0,0,0,0,0,0,0,0,0,0,0,0,1.6727179639362477,1560292083,10,47539,49,3,0.8129987417157808,1549802725,4,47198,49,30,0.78515665905145,1547706846,9,47173,49,11
0,0,0,0,0,0,0,0,0,0,0,0,0.7257975932754955,1547710206,12,47135,49,25,1.2672837619521398,1556093693,4,47392,49,8189,1.1770211877916976,1553998558,9,47339,49,43
0,0,0,0,0,0,0,0,0,0,0,0,0.901636528496712,1549807324,12,47211,49,33,0.7685292193100114,1547705152,4,47178,49,16,0.6311444834801998,1545609493,9,47107,49,8166
0,0,0,0,0,0,0,0,0,0,0,0,1.1315329822162914,1554001817,12,47309,49,2,1.2277104787235302,1556094173,5,47372,49,36,1.038002574575486,1551901307,9,47278,49,9
0,0,0,0,0,0,0,0,0,0,0,0,1.2792213255205533,1556097994,11,47373,49,33,0.7562904646115717,1547704931,4,47170,49,0,1.7048446443627308,1562387080,9,47564,49,10
0,0,0,0,0,0,0,0,0,0,0,0,1.4963678536317069,1558193403,6,47468,49,19,1.2029262875823434,1553996812,4,47359,49,8189,0.9194835084101024,1549804151,10,47232,49,9
0,0,0,0,0,0,0,0,0,0,0,0,1.8072492129229827,1562387157,6,47596,49,8190,1.1580478284904472,1553997296,5,47343,49,36,0.8040259451481678,1549804528,10,47180,49,8190
0,0,0,0,0,0,0,0,0,0,0,0,0.7108040350395654,1547709961,11,47130,49,67,0.6207386675564726,1545607626,4,47115,49,7,1.4435334629806313,1562386785,9,47454,49,18
0,0,0,0,0,0,0,0,0,0,0,0,0.8626747984428633,1549806855,11,47193,49,44,1.0587047544925094,1551899841,4,47301,49,6,0.6555215689365295,1547706593,8,47116,49,18
0,0,0,0,0,0,0,0,0,0,0,0,0.948451941401317,1549806657,12,47232,49,8189,1.7283016372961109,1545607686,4,47072,49,8189,1.3304217941137786,1558192449,9,47403,49,8184
0,0,0,0,0,0,0,0,0,0,0,0,1.1006294039203695,1554000865,11,47292,49,57,0.9129533864684555,1551899735,5,47242,49,8174,0.533126793086977,1549804085,9,47068,49,8179
0,0,0,0,0,0,0,0,0,0,0,0,1.1620294505668478,1554000711,10,47322,49,37,1.6058064071104006,1560289075,5,47526,49,8156,1.22455039841872,1553998557,9,47361,49,21
0,0,0,0,0,0,0,0,0,0,0,0,1.2816694417882613,1556098572,11,47373,49,8176,0.7873985055864842,1549802746,5,47182,49,18,1.6602728858078435,1562387188,10,47545,49,3
0,0,0,0,0,0,0,0,0,0,0,0,1.3500048891276102,1556098246,11,47407,49,8165,1.456383767443082,1558191220,4,47463,49,8157,1.0881825433789598,1553998395,9,47306,49,8185
0,0,0,0,0,0,0,0,0,0,0,0,1.552873498174225,1558195349,12,47490,49,3,1.2549427869165368,1556094513,5,47382,49,8156,1.0010800356013534,1551901194,9,47264,49,8173
0,0,0,0,0,0,0,0,0,0,0,0,1.6757776481646829,1560291942,10,47541,49,8176,1.668124699462806,1560288323,4,47555,49,8179,1.4332316588261045,1562386640,8,47451,49,8176
0,0,0,0,0,0,0,0,0,0,0,0,1.765125563556967,1562387246,6,47577,49,8172,1.0889967510482237,1553997497,5,47313,49,8161,0.975377564984325,1551901327,9,47252,49,33
0,0,0,0,0,0,0,0,0,0,0,0,0.68438775027543,1547709690,11,47117,49,39,1.4649512552931079,1558191646,4,47467,49,8176,1.422624997704919,1558192785,9,47443,49,46
0,0,0,0,0,0,0,0,0,0,0,0,0.875934054810383,1549806588,10,47200,49,12,1.2365846734364374,1553996589,4,47370,49,8170,1.4389439355524782,1558193008,9,47451,49,8124
0,0,0,0,0,0,0,0,0,0,0,0,0.9629361577032226,1551903919,11,47235,49,8174,0.636446033521022,1547705456,5,47118,49,8141,0.9467176362745421,1553998288,9,47237,49,40
0,0,0,0,0,0,0,0,0,0,0,0,1.0714583158226216,1551904703,12,47283,49,33,0.9405946281493016,1551899551,4,47248,49,8135,1.3865184917453834,1558192663,8,47429,49,36
0,0,0,0,0,0,0,0,0,0,0,0,1.1503000400457957,1553998505,6,47318,49,8182,1.5481780096471667,1560287751,4,47507,49,8187,0.8931694622579422,,,,,8173
0,0,0,0,0,0,0,0,0,0,0,0,1.2924805799660892,1556098441,11,47380,49,37,0.6544992801680001,1547704528,4,47125,49,8169,1.3371527339054987,1556095445,9,47409,49,71
0,0,0,0,0,0,0,0,0,0,0,0,1.40283927639226,1556097840,11,47426,49,8178,1.2709568625194,1556093250,4,47385,49,8176,0.8490048186707169,1549804640,10,47203,49,68
0,0,0,0,0,0,0,0,0,0,0,0,1.557158170596752,1558195419,12,47489,49,28,1.6461957223975516,1560288929,4,47546,49,8161,1.3637734750728652,1558192358,8,47420,49,19
0,0,0,0,0,0,0,0,0,0,0,0,1.6827130568380164,1560289754,6,47546,49,8169,1.0675789449260742,1551899566,4,47299,49,5,0.8438037091831144,1553998544,9,47198,49,8162
0,0,0,0,0,0,0,0,0,0,0,0,0.7319169749621092,1547709450,11,47140,49,8175,0.7540450071500391,1547704650,4,47173,49,8142,0.8217725033309533,1553998003,8,47190,49,8126
0,0,0,0,0,0,0,0,0,0,0,0,0.9040846412673836,1549807628,12,47212,49,18,1.0987892138254787,1553996719,4,47313,49,8117,1.3727480584989995,1560289555,9,47428,49,43
0,0,0,0,0,0,0,0,0,0,0,0,1.0135250670586038,1551901921,6,47259,49,8182,1.68872643634343,1545608036,4,47057,49,44,0.940189334187186,1549804058,8,47237,49,8173
0,0,0,0,0,0,0,0,0,0,0,0,1.171412979673104,1554001113,11,47327,49,8149,0.7713844474673449,1549802222,4,47179,49,22,1.470154204653124,1562386883,8,47467,49,8146
0,0,0,0,0,0,0,0,0,0,0,0,1.2950309306710892,1556095161,5,47379,49,8156,1.38029503434953,1556093644,4,47433,49,8127,1.0495275201567562,1553998827,10,47287,49,8182
0,0,0,0,0,0,0,0,0,0,0,0,1.4783164497210686,1558193240,6,47454,49,8165,1.6630239771625916,1560288179,4,47557,49,8187,1.5637850087577603,1564483939,8,47509,49,31
0,0,0,0,0,0,0,0,0,0,0,0,1.5758229915594397,1560293317,12,47498,49,8172,1.0564611073721477,1551899043,4,47296,49,8140,1.1887505980973074,1556095225,8,47346,49,8152
0,0,0,0,0,0,0,0,0,0,0,0,1.7281008581200892,1562390156,11,47565,49,26,1.350921318281897,1556094887,5,47417,49,8174,0.5587288237084488,1562387099,9,47587,49,8146
0,0,0,0,0,0,0,0,0,0,0,0,1.8184674683204403,1545612684,12,47095,49,24,0.6879532030850278,1547705706,4,47141,49,8165,1.2581065503100721,1556095575,9,47378,49,30
0,0,0,0,0,0,0,0,0,0,0,0,0.7608835980309984,1547707633,6,47152,49,8169,0.9205021941602464,1549802391,4,47237,49,8190,0.5837157024658076,1549803883,9,47094,49,1
0,0,0,0,0,0,0,0,0,0,0,0,0.8224881132498447,1549806468,11,47181,49,59,1.5041174451605135,1558191613,4,47483,49,8108,0.5837157024658076,1549803883,9,47094,49,1
0,0,0,0,0,0,0,0,0,0,0,0,0.9614063135868803,1551903831,11,47235,49,39,1.7376851655405978,1545608440,4,47073,49,8146,0.7313036024024123,1547707080,10,47151,49,8155
0,0,0,0,0,0,0,0,0,0,0,0,1.0069967644897548,1551901919,6,47260,49,8156,1.1016444324915937,1553997076,4,47317,49,9,1.4587296487621253,1558192633,10,47467,49,20
0,0,0,0,0,0,0,0,0,0,0,0,1.106442084785041,1554000516,11,47301,49,3,1.3544903341348253,1556093599,4,47422,49,8179,0.8266687281403572,1549803771,8,47192,49,5
0,0,0,0,0,0,0,0,0,0,0,0,1.1349997774811003,1553999011,6,47317,49,22,0.7284465729519807,1547705512,4,47152,49,8108,1.6407920281285246,1560289805,9,47538,49,7
0,0,0,0,0,0,0,0,0,0,0,0,1.251784545037352,1554000930,11,47364,49,8190,0,1551899797,4,47249,49,7,0.9897577349651239,,,,,8181
0,0,0,0,0,0,0,0,0,0,0,0,1.3168576752664582,1556099004,12,47390,49,6,1.5068704156145294,1558191373,4,47488,49,8160,0.5993226279727188,1545610413,9,47093,49,38
0,0,0,0,0,0,0,0,0,0,0,0,1.4258910011867525,1558195682,11,47433,49,8,1.7353392836949173,1545608584,4,47072,49,8150,1.1593750393131135,1556095312,8,47338,49,74
0,0,0,0,0,0,0,0,0,0,0,0,1.6297782828990586,1560290238,6,47522,49,44,0.6608231179074856,1547705422,4,47127,49,8156,0.9349882262003333,1553997996,8,47234,49,17
0,0,0,0,0,0,0,0,0,0,0,0,1.7171874879188902,1562389658,11,47561,49,8190,0.9150966244382323,1549802656,4,47234,49,8180,1.5024872245767145,1560289849,9,47478,49,8170
0,0,0,0,0,0,0,0,0,0,0,0,1.8347882246614389,1545612461,11,47096,49,29,1.6593527331579947,1560287900,4,47554,49,8178,1.6847503510520838,1562387077,10,47563,49,8157
0,0,0,0,0,0,0,0,0,0,0,0,0.6797982145778632,1547709366,11,47116,49,8117,1.0254553042292742,1551900213,4,47281,49,8169,1.2783012137612415,1556096536,10,47388,49,8158
0,0,0,0,0,0,0,0,0,0,0,0,0.7358949313426058,1547709942,11,47142,49,8144,1.2148583255710161,1553996251,4,47368,49,2,0.7118227382438693,1547707008,8,47142,49,8129
0,0,0,0,0,0,0,0,0,0,0,0,0.7890341845837511,1547706988,6,47165,49,87,0.6157420125069625,1545608890,5,47106,49,1,0.7118227382438693,1547707008,8,47142,49,8129
0,0,0,0,0,0,0,0,0,0,0,0,0.8488039650778204,1549804396,6,47187,49,67,0.8039219086985997,1549802784,4,47189,49,8144,0.9290714992581827,1549804158,9,47236,49,42
0,0,0,0,0,0,0,0,0,0,0,0,0.9039824114435407,1549804925,6,47214,49,36,1.3619350721563774,1558190522,4,47430,49,8157,0.55587180368202,1545610031,9,47079,49,6
0,0,0,0,0,0,0,0,0,0,0,0,0.9465131735613622,1551904187,11,47237,49,8185,1.6509897251581018,1560288400,4,47548,49,8177,1.2292421623973357,1556095452,9,47365,49,12
0,0,0,0,0,0,0,0,0,0,0,0,0.9874136695921486,1551903898,11,47252,49,41,1.0000577105448338,1551899910,4,47274,49,52,0.8575723085887829,1549804214,9,47209,49,6
0,0,0,0,0,0,0,0,0,0,0,0,1.0360656198394402,1551904350,11,47271,49,2,1.213839658498193,1553996475,4,47362,49,4,1.532370265463348,1560290207,10,47497,49,6
0,0,0,0,0,0,0,0,0,0,0,0,1.0790053047358472,1551904587,12,47290,49,5,0.5720885215303169,1545608464,4,47086,49,8162,1.2217974150352655,1556095627,9,47358,49,1
0,0,0,0,0,0,0,0,0,0,0,0,1.1521365824230667,1554001521,11,47317,49,27,0.7645512634214033,1547705159,4,47175,49,8134,0.6490955028098238,1547706743,9,47117,49,8141
0,0,0,0,0,0,0,0,0,0,0,0,1.1862020783900549,1553999086,6,47335,49,7,1.3391919085508,1556094673,5,47413,49,17,1.515133052075581,1558192712,9,47490,49,31
0,0,0,0,0,0,0,0,0,0,0,0,1.2398524974240839,1554001116,11,47353,49,8168,1.5231893496756708,1558190197,4,47497,49,8159,0.9766007135081668,1551901432,9,47258,49,8188
0,0,0,0,0,0,0,0,0,0,0,0,1.363468613455933,1556097924,10,47413,49,18,1.6457867638976258,1560287827,4,47551,49,6,1.0245388560529862,1553998059,8,47276,49,8177
0,0,0,0,0,0,0,0,0,0,0,0,1.5405325220980461,1560292047,10,47485,49,8132,1.2604505892153404,1556094128,4,47385,49,0,1.4041627990832184,1558192781,9,47442,49,26
0,0,0,0,0,0,0,0,0,0,0,0,1.6191697633367133,1560292876,11,47522,49,4,1.5107461389117682,1558191689,5,47491,49,8183,0.9284581088370624,1551901471,9,47242,49,8142
0,0,0,0,0,0,0,0,0,0,0,0,1.679960087468583,1560292504,11,47542,49,15,0.8767464767273317,1549802520,4,47219,49,8181,0.9284581088370624,1551901471,9,47242,49,8142
0,0,0,0,0,0,0,0,0,0,0,0,1.7642072965401878,1562387917,7,47580,49,4,1.0744121230361188,1551899706,4,47305,49,31,1.3695879858913451,1558192752,8,47421,49,8187
0,0,0,0,0,0,0,0,0,0,0,0,0.6393066346236765,1545612585,11,47097,49,18,1.6454819210396676,1560288418,4,47546,49,17,1.061561803624278,1551901058,9,47297,49,8182
0,0,0,0,0,0,0,0,0,0,0,0,0.7281434763420143,1547709786,11,47138,49,27,0.6400168682941555,1547705201,4,47116,49,36,0.6103364401489842,1545609614,9,47105,49,8160
0,0,0,0,0,0,0,0,0,0,0,0,0.8117791985512486,1549807024,11,47174,49,34,1.2058837391392365,1553997349,4,47360,49,18,1.5183990700443155,1560289874,8,47480,49,8158
0,0,0,0,0,0,0,0,0,0,0,0,0.9151002455103721,1549806587,11,47217,49,20,1.4013057336441301,1558192039,5,47444,49,7,1.043203679630773,1553998303,9,47283,49,13
0,0,0,0,0,0,0,0,0,0,0,0,1.0740086620959404,1551901593,6,47283,49,8191,0.9634418725770383,1551900217,5,47257,49,8182,1.558176828981526,1562387009,9,47498,49,8169
0,0,0,0,0,0,0,0,0,0,0,0,1.1276572568707646,1554000931,11,47309,49,8167,1.5270650731956357,1558191392,5,47499,49,49,1.2716725078899511,1560289950,9,47379,49,31
0,0,0,0,0,0,0,0,0,0,0,0,1.2339357603153553,1554000779,10,47355,49,26,1.7558406458471263,1545608288,4,47080,49,6,0.8508413551989141,1549804636,10,47201,49,8183
0,0,0,0,0,0,0,0,0,0,0,0,1.284524660608599,1556095666,6,47379,49,8182,1.0761464336101119,1551899421,4,47304,49,8182,0.557503876901661,1545609972,9,47077,49,20
0,0,0,0,0,0,0,0,0,0,0,0,1.4099791587277795,1558195027,11,47429,49,35,1.3224640274064876,1556094562,4,47409,49,8185,1.4001866883836285,1558192526,8,47431,49,1
0,0,0,0,0,0,0,0,0,0,0,0,1.487393271221213,1558193118,6,47462,49,29,0.6505213238610013,1547705326,4,47125,49,8182,1.0833885461762038,1553998185,9,47305,49,2
0,0,0,0,0,0,0,0,0,0,0,0,1.60937914545329,1560292659,11,47514,49,3,0.8878643112338331,1549803024,5,47222,49,8115,0.6905053418514296,1551901176,9,47133,49,8152
0,0,0,0,0,0,0,0,0,0,0,0,1.7068856803749275,1562389784,11,47558,49,8169,1.4679087018386332,1558191244,4,47471,49,8154,1.6568042468549384,1562387073,9,47547,49,20
0,0,0,0,0,0,0,0,0,0,0,0,0.6683737005980426,1547709318,11,47116,49,8160,1.6892376358744403,1562385338,4,47565,49,8190,1.2912556031757756,1560290223,9,47387,49,5
0,0,0,0,0,0,0,0,0,0,0,0,0.7941330686639777,1549806314,10,47171,49,8174,1.0454455029618852,1551899069,4,47293,49,8182,14.283738560479472,1553998745,,47303,49,8170
0,0,0,0,0,0,0,0,0,0,0,0,0.9865976317524788,1551904026,11,47252,49,31,1.3092047755816647,1556094307,4,47403,49,8140,0.7535392655952177,1549803902,9,47155,49,8190
0,0,0,0,0,0,0,0,0,0,0,0,1.1231699573080018,1554001279,12,47305,49,56,0.65133736093086,1547705387,4,47125,49,8170,0.5420009669768552,1562387085,9,47581,49,8161
0,0,0,0,0,0,0,0,0,0,0,0,1.3187964560158592,1556096034,6,47387,49,26,0.9157081981953126,1549802727,5,47237,49,8173,1.4513871485471566,1558192807,9,47457,49,27
0,0,0,0,0,0,0,0,0,0,0,0,1.4437397844534114,1558196388,12,47442,49,8179,1.4961615217633277,1558191222,4,47482,49,31,1.2234276556999515,1556095255,8,47364,49,37
0,0,0,0,0,0,0,0,0,0,0,0,1.6049922328791775,1560290035,6,47517,49,8185,1.7079025075456942,1545607707,4,47062,49,8138,0.9562015819212818,1551901225,9,47248,49,15
0,0,0,0,0,0,0,0,0,0,0,0,0.7727152382322652,1547709048,10,47157,49,6,1.3557134664139712,1556094046,4,47427,49,14,0.5145641948971994,1564484282,9,47570,49,22
0,0,0,0,0,0,0,0,0,0,0,0,0.9046962186076523,1549806855,11,47215,49,18,0.7580247701832014,1547705699,4,47167,49,8173,0.5145641948971994,1564484282,9,47570,49,22
0,0,0,0,0,0,0,0,0,0,0,0,1.6492591432133177,1560290354,6,47532,49,8145,1.175896609942547,1553997129,4,47350,49,8110,0.7865842737307153,1549804104,9,47175,49,8161
0,0,0,0,0,0,0,0,0,0,0,0,0.6517498557295607,1545611848,11,47104,49,8136,1.414462747667074,1558191519,4,47451,49,8164,0.5933036870546449,1547706996,9,47094,49,8186
0,0,0,0,0,0,0,0,0,0,0,0,0.7913800671475715,1549806487,11,47167,49,38,0.7773011711833308,1547705364,4,47178,49,8151,1.6237574219632607,1564483974,9,47535,49,6
0,0,0,0,0,0,0,0,0,0,0,0,0.981396523793346,1551902049,7,47248,49,72,1.0120938183972863,1551900098,4,47276,49,6,1.4630143216944824,1558193192,10,47463,49,8182
0,0,0,0,0,0,0,0,0,0,0,0,1.1306147123307038,1554001668,12,47313,49,2,1.548178009232241,1560287854,4,47508,49,8190,1.317569638852112,1556095645,9,47401,49,5
0,0,0,0,0,0,0,0,0,0,0,0,1.3373590457007443,1556096007,6,47398,49,11,0.6127845509332032,1545608579,4,47103,49,8144,1.114293944921249,1553998688,10,47314,49,8175
0,0,0,0,0,0,0,0,0,0,0,0,1.5095267236183714,1558193496,6,47470,49,24,1.1238801091425952,1553997358,4,47324,49,8181,1.0008755713727575,1551901593,10,47266,49,8178
0,0,0,0,0,0,0,0,0,0,0,0,1.6967883504495251,1562389957,12,47554,49,3,1.3727480584989995,1556093738,4,47428,49,8167,0.8136139332721453,1549803953,9,47182,49,8163
0,0,0,0,0,0,0,0,0,0,0,0,0.8443148602410897,1549804553,6,47192,49,22,0.9321293708916495,1551899429,4,47244,49,8174,1.7100457307397499,1562386979,9,47569,49,4
0,0,0,0,0,0,0,0,0,0,0,0,1.26443222892923,1556098414,11,47369,49,3,1.6879103951676755,1545608183,4,47058,49,29,1.4160966820679115,1558193152,9,47443,49,0
0,0,0,0,0,0,0,0,0,0,0,0,1.423545119468742,1558195620,11,47433,49,8185,1.0700270599036197,1551900058,4,47300,49,8180,1.3411306942996275,1556095968,9,47410,49,8186
0,0,0,0,0,0,0,0,0,0,0,0,1.6429352987823393,1560292516,11,47530,49,0,1.2816657611422473,1556094589,4,47393,49,8144,1.2357704728831547,1556095775,9,47363,49,28
0,0,0,0,0,0,0,0,0,0,0,0,1.801741412103432,1545612754,11,47085,49,23,0.6375687574832167,1547705204,4,47116,49,8160,1.2357704728831547,1556095775,9,47363,49,28
0,0,0,0,0,0,0,0,0,0,0,0,0.8398275556465123,1549806866,11,47188,49,8179,0.8849068542880911,1549803158,4,47219,49,8186,1.0337179191113572,1551901456,10,47280,49,28
0,0,0,0,0,0,0,0,0,0,0,0,1.257394582410732,1556097829,10,47366,49,8184,1.653640449668162,1560288114,4,47554,49,8187,0.8604293443803371,1549804087,9,47203,49,8187
0,0,0,0,0,0,0,0,0,0,0,0,1.425379823768302,1558195497,11,47439,49,8156,1.0403466337963037,1551900307,4,47287,49,8171,0.8217725033309533,1549804376,9,47190,49,37
0,0,0,0,0,0,0,0,0,0,0,0,1.6867932583616487,1560289387,6,47548,49,13,1.2316884392661684,1556093475,4,47371,49,8183,0.7703675595032817,1547707766,9,47166,49,5
0,0,0,0,0,0,0,0,0,0,0,0,0.6717400759261577,1547707308,6,47116,49,8158,0.6035014590662761,1545608034,4,47106,49,82,0.7051922124804948,1551901496,9,47141,49,8
0,0,0,0,0,0,0,0,0,0,0,0,0.9555918198044137,1551903895,11,47237,49,8162,0.8705248689474117,1549802177,4,47216,49,8186,0.6615387209848257,1549804485,9,47121,49,71
0,0,0,0,0,0,0,0,0,0,0,0,1.1233726002400068,1554001167,11,47312,49,70,1.4064045880489175,1558191106,4,47450,49,8159,0.6481772373031116,1547707177,9,47116,49,2
0,0,0,0,0,0,0,0,0,0,0,0,1.441496138292215,1558195347,11,47441,49,51,1.6877059144168625,1562385520,4,47572,49,8151,0.6214542703518271,1547706931,9,47106,49,8142
0,0,0,0,0,0,0,0,0,0,0,0,1.6154985149093102,1560292357,10,47519,49,8191,1.0727800460293897,1551899392,4,47305,49,8179,0.6281870211192188,1545610384,9,47104,49,22
0,0,0,0,0,0,0,0,0,0,0,0,0.7122316529300387,1547709486,10,47135,49,24,1.3345001447158122,1556094784,5,47411,49,8133,0.581472049200292,1545610472,9,47090,49,8152
0,0,0,0,0,0,0,0,0,0,0,0,0.9158140531529024,1549807371,12,47219,49,8191,0.6968273820897609,1547704831,4,47143,49,8174,0.5841246153376652,1545610349,9,47088,49,8157
0,0,0,0,0,0,0,0,0,0,0,0,1.2121090160662211,1554001331,11,47346,49,8163,0.9773126980458273,1551900363,4,47265,49,8156,0.5975883265781637,1545609717,10,47092,49,8160
0,0,0,0,0,0,0,0,0,0,0,0,1.4159962952046405,1558195200,11,47435,49,6,1.5404265622984705,1560287980,4,47504,49,8184,0.5776985501257896,1547706647,9,47087,49,8185
0,0,0,0,0,0,0,0,0,0,0,0,1.702907717975228,1562389182,11,47558,49,8177,0.6194132817089649,1545607943,4,47110,49,8177,0.6394070789505129,1545609574,9,47106,49,8148
0,0,0,0,0,0,0,0,0,0,0,0,0.7006044706165013,1547709514,11,47129,49,27,1.2027218183946962,1553996990,4,47359,49,8101,0.6394070789505129,1545609574,9,47106,49,8148
0,0,0,0,0,0,0,0,0,0,0,0,1.014545568314269,1551902071,6,47259,49,6,1.4569953323621885,1558191366,4,47466,49,8188,0.6458313553297623,1547707241,9,47115,49,42
0,0,0,0,0,0,0,0,0,0,0,0,1.2073150182248262,1554001171,11,47345,49,37,0.7737303286188221,1549802079,4,47181,49,8190,0.6458313553297623,1547707241,9,47115,49,42
0,0,0,0,0,0,0,0,0,0,0,0,1.5122796996557624,1558195036,11,47475,49,8157,1.0198452693137978,1551899107,4,47280,49,8169,0.6483816943995687,1549803988,9,47114,49,8164
0,0,0,0,0,0,0,0,0,0,0,0,0.8236108393655335,1549807019,11,47179,49,51,0.6140077100111979,1545608083,4,47107,49,8146,0.7066198279521301,1547707034,9,47143,49,8180
0,0,0,0,0,0,0,0,0,0,0,0,1.0096493413429044,1551901818,6,47259,49,13,1.2111870716290283,1553997116,5,47364,49,5,0.7781190130356503,1549803977,9,47170,49,8173
0,0,0,0,0,0,0,0,0,0,0,0,1.5614409879413915,1560291856,11,47497,49,38,0.7809724357267525,1549801912,4,47182,49,8135,0.7892368455108358,1547706869,9,47173,49,14
0,0,0,0,0,0,0,0,0,0,0,0,0.7271229827208189,1547707286,6,47141,49,8170,1.0564592747407953,1553996531,4,47305,49,21,0.8360522560975888,1549804326,9,47194,49,8157
0,0,0,0,0,0,0,0,0,0,0,0,0.9685443813493548,1551904804,12,47245,49,8182,1.6618008545703662,1560288105,4,47554,49,8159,0.8614480350333595,1553998252,8,47209,49,50
0,0,0,0,0,0,0,0,0,0,0,0,1.3528619469947363,1556095560,6,47405,49,5,0.7635325712982802,1547704954,4,47169,49,8153,0.9939401575201751,1551901446,9,47262,49,8182
0,0,0,0,0,0,0,0,0,0,0,0,1.6037691037339523,1560292935,11,47513,49,8146,1.3367437906802315,1556094712,4,47413,49,60,1.0895097461746268,,,,,36
0,0,0,0,0,0,0,0,0,0,0,0,0.7892386426494415,1549806767,11,47163,49,44,1.5450160873213261,1560287861,4,47507,49,8167,1.14081245202562,1553998278,9,47316,49,27
0,0,0,0,0,0,0,0,0,0,0,0,1.7004614637291513,1560292479,11,47549,49,53,0.593608581582033,1545608118,4,47099,49,8183,1.3196088155859138,1558192286,8,47395,49,8185
0,0,0,0,0,0,0,0,0,0,0,0,0.8616543022672428,1549807496,11,47197,49,49,0.8415582490421354,1549802910,4,47204,49,8171,1.5124823171700206,1558193248,10,47472,49,40
0,0,0,0,0,0,0,0,0,0,0,0,1.1348993684913389,1553998788,6,47310,49,8,1.3956956934123135,1558190968,4,47443,49,8175,1.5124823171700206,1558193248,10,47472,49,40
0,0,0,0,0,0,0,0,0,0,0,0,1.7846064293546113,1562387714,6,47588,49,48,1.0504439665359477,1551900030,4,47292,49,8166,0.5504662311172622,1562387342,9,47576,49,2
0,0,0,0,0,0,0,0,0,0,0,0,0.9531437063853294,1551903364,10,47236,49,47,1.2655512948116447,1556093881,4,47383,49,19,0.6443015103704043,1549803916,9,47104,49,8133
0,0,0,0,0,0,0,0,0,0,0,0,1.2195555953977484,1554001833,12,47344,49,8183,0.6302244247506266,1547705514,4,47116,49,8132,0.7113115930797708,1547706803,9,47135,49,9
0,0,0,0,0,0,0,0,0,0,0,0,1.6013209840337372,1560292294,10,47513,49,18,0.8795012839093308,1549803177,4,47216,49,8147,0.8454357835441426,1549803976,9,47188,49,8191
0,0,0,0,0,0,0,0,0,0,0,0,0.65735809864754,1547709868,12,47112,49,8174,1.3990620887479182,1558191773,5,47442,49,8186,0.9282554610535374,1551901243,9,47224,49,8183
0,0,0,0,0,0,0,0,0,0,0,0,1.0462651864887398,1551901521,6,47275,49,8187,1.6477255635441634,1560288538,4,47548,49,8177,1.0182150151870148,1551901372,9,47262,49,8186
0,0,0,0,0,0,0,0,0,0,0,0,1.706069640104683,1562390130,12,47558,49,8175,1.2081273859657533,1553996623,4,47362,49,24,1.2278145530038587,1556095237,9,47351,49,5
0,0,0,0,0,0,0,0,0,0,0,0,1.1569287546327238,1553998848,6,47326,49,24,0.7335454540463474,1547705349,4,47159,49,56,1.4242570751223755,1558192947,10,47433,49,8171
0,0,0,0,0,0,0,0,0,0,0,0,1.4419032343590708,1558195281,11,47444,49,8179,1.2834000751914145,1556094328,4,47392,49,20,1.4242570751223755,1558192947,10,47433,49,8171
0,0,0,0,0,0,0,0,0,0,0,0,0.6661300465303837,1547709076,10,47114,49,8140,1.5000372456180837,1558190987,4,47484,49,8141,1.6581314792657165,1560290567,9,47532,49,8186
0,0,0,0,0,0,0,0,0,0,0,0,0.9531437063853294,1551904172,12,47236,49,8177,0.8220773876045719,1549802784,4,47195,49,8158,1.6968868456891026,1564483822,9,47560,49,4
0,0,0,0,0,0,0,0,0,0,0,0,1.3821352772676472,1556097777,10,47414,49,8158,1.0276989531425718,1551899026,4,47283,49,8189,0.6669442934090789,1547707095,9,47114,49,41
0,0,0,0,0,0,0,0,0,0,0,0,1.6610907916957467,1560292959,12,47535,49,11,1.6013172498941028,1560289007,5,47531,49,12,0.7469069408993492,1549803700,8,47154,49,1
0,0,0,0,0,0,0,0,0,0,0,0,0.9072465613784076,1549806334,11,47214,49,32,0.6043174960011813,1545608036,4,47106,49,8162,0.9667078420985195,1551901086,9,47239,49,8154
0,0,0,0,0,0,0,0,0,0,0,0,1.2240428934847,1556098015,11,47348,49,8140,1.1263282249659508,1553996543,4,47324,49,8188,1.0770647077706264,1551901431,9,47293,49,8178
0,0,0,0,0,0,0,0,0,0,0,0,1.6502777942917488,1560290292,6,47537,49,39,1.3755010336927438,1558191105,4,47433,49,6,1.2661647041035382,1556095586,9,47367,49,8185
0,0,0,0,0,0,0,0,0,0,0,0,0.7528254570964824,1547710346,12,47152,49,8170,0.7305879950006725,1547705123,4,47156,49,12,1.383763666419464,1556095882,9,47422,49,8175
0,0,0,0,0,0,0,0,0,0,0,0,1.1842633010997936,1553998848,6,47338,49,8187,0.9499781548617562,1551899727,4,47253,49,8181,1.5751073295234237,1564484013,9,47498,49,8185
0,0,0,0,0,0,0,0,0,0,0,0,1.5013663280182823,1558195902,12,47469,49,7,1.5179882605573256,1558191059,4,47492,49,8150,1.6902581572892035,1560289922,9,47553,49,0
0,0,0,0,0,0,0,0,0,0,0,0,0.7562940627990149,1547709921,11,47150,49,2,1.7006603989521598,1545608317,4,47061,49,38,0.6882616881220509,1547707182,9,47121,49,14
0,0,0,0,0,0,0,0,0,0,0,0,1.0626863616985687,1551904294,12,47282,49,8191,1.0632942851800018,1551899519,4,47302,49,8173,0.836766062848141,1549804558,10,47185,49,23
0,0,0,0,0,0,0,0,0,0,0,0,1.547263457710059,1560292494,11,47491,49,8189,1.2760557225382168,1556094303,4,47392,49,8153,1.0575838472621315,1556095492,9,47284,49,8170
0,0,0,0,0,0,0,0,0,0,0,0,0.6674554356398552,1547709726,11,47117,49,7,0.6168629418397606,1545607298,4,47111,49,8175,1.0575838472621315,1556095492,9,47284,49,8170
0,0,0,0,0,0,0,0,0,0,0,0,1.137652358458214,1553998697,6,47315,49,16,0.8566540401612662,1549802631,4,47208,49,8158,1.4778034166468927,1558193344,10,47460,49,18
0,0,0,0,0,0,0,0,0,0,0,0,1.4732157419442902,1558195327,11,47457,49,8155,1.3855983636434248,1558190921,4,47438,49,8150,1.6291629891506263,1560289575,9,47528,49,2
0,0,0,0,0,0,0,0,0,0,0,0,0.76078136952166,1547709130,10,47154,49,44,1.6495621228801474,1560288540,4,47546,49,8179,0.7493568496259526,1547707415,10,47146,49,12
0,0,0,0,0,0,0,0,0,0,0,0,1.1087879669498941,1554000674,10,47302,49,21,0.9563019946453437,1551899529,4,47255,49,8142,0.9422285219991305,1551900685,8,47231,49,27
0,0,0,0,0,0,0,0,0,0,0,0,1.2420943141085379,1554001013,11,47362,49,30,0.7593501540855065,1547705032,4,47170,49,8161,1.6744504155441284,1560290213,10,47540,49,13
0,0,0,0,0,0,0,0,0,0,0,0,0.932949034802114,1549804693,6,47225,49,8122,1.534613909704925,1558191008,4,47497,49,15,0.9489594738826242,1549804103,9,47237,49,9
0,0,0,0,0,0,0,0,0,0,0,0,1.270960537723329,1556097708,11,47367,49,2,0.86093687870986,1549803371,5,47214,49,0,1.1455042159723183,1553998383,9,47318,49,24
0,0,0,0,0,0,0,0,0,0,0,0,0.9710947255675185,1551903952,11,47243,49,8175,1.6422177594673584,1560287638,4,47546,49,8148,1.7420720496546842,1562386964,9,47573,49,8167
0,0,0,0,0,0,0,0,0,0,0,0,1.5267620841780196,1558195303,11,47483,49,8182,0.661741383971751,1547705442,4,47127,49,8158,0.8859273543993692,1553998312,9,47210,49,8117
0,0,0,0,0,0,0,0,,0,0,0,0,1547709247,11,47131,49,32,0,,,,,46,1.1296946138746713,1553998536,9,7316,49,40
0,0,0,0,0,0,0,0,0,0,0,0,1.2815672080125593,1556095502,6,47375,49,8187,1.4829022703607144,1558191054,4,47476,49,8180,1.5411422295682513,1560290144,9,47490,49,18
0,0,0,0,0,0,0,0,0,0,0,0,1.6671079218339018,1560292576,11,47539,49,8131,0.7730165220317123,1549801733,4,47180,49,3,0.6118680734143931,1545609969,9,47089,49,19
0,0,0,0,0,0,0,0,0,0,0,0,1.052282330772505,1551904409,12,47279,49,8171,1.0504439665359477,1551899644,4,47292,49,4,0.9655851101976868,1551901129,9,47245,49,4
0,0,0,0,0,0,0,0,0,0,0,0,1.4600587237931448,1558193280,6,47449,49,67,1.5566432574003741,1560287672,4,47513,49,8133,1.2590229844624243,1556095333,9,47376,49,8141
0,0,0,0,0,0,0,0,0,0,0,0,0.8345242123369536,1549807640,12,47182,49,40,0.591467156873805,1545608511,4,47096,49,8184,1.623554812797276,1560290312,10,47522,49,8160
0,0,0,0,0,0,0,0,0,0,0,0,1.2338335262437223,1554001169,11,47355,49,8167,1.1067451314067747,1553997122,4,47316,49,8182,1.623554812797276,1560290312,10,47522,49,8160
0,0,0,0,0,0,0,0,0,0,0,0,0.6566442897019619,1547709463,11,47110,49,8162,1.3547970426327631,1556094045,4,47420,49,8153,1.1010346912649844,1551900937,9,47301,49,3
0,0,0,0,0,0,0,0,0,0,0,0,1.0568718628769171,1551903437,11,47282,49,78,0.6441974861568983,1547705280,4,47123,49,8166,1.389985272392588,1558192586,9,47428,49,8191
0,0,0,0,0,0,0,0,0,0,0,0,1.693933142322867,1560292556,12,47548,49,8184,0.8646099546125618,1549802614,4,47210,49,8165,0.5944264074645449,1545609741,9,47084,49,3
0,0,0,0,0,0,0,0,0,0,0,0,0.9032686038103805,1549806612,11,47212,49,8180,1.3719301646767184,1558190953,4,47436,49,21,0.8778692094053577,1549804372,9,47209,49,41
0,0,0,0,0,0,0,0,0,0,0,0,1.5493044842656136,1560292001,10,47486,49,8191,1.6305905895329624,1560288078,4,47540,49,8182,1.3262393630045586,1556095656,9,47397,49,6
0,0,0,0,0,0,0,0,0,0,0,0,1.4229317052549222,1558195785,11,47437,49,8163,1.2397447497493281,1556094561,5,47380,49,8157,0.8299328767957972,1549804193,9,47183,49,8142
0,0,0,0,0,0,0,0,0,0,0,0,0.6771456482657858,1547707210,6,47117,49,1,0.6350184175331941,1545607988,4,47117,49,8141,0.8299328767957972,1549804193,9,47183,49,8142
0,0,0,0,0,0,0,0,0,0,0,0,1.7846046189047704,1562387710,6,47595,49,32,1.5164584186495529,1558191125,4,47491,49,28,0.6739819392333745,1549803619,8,47120,49,8178
0,0,0,0,0,0,0,0,0,0,0,0,1.2683079538088315,1556098323,11,47369,49,10,0.609213717494035,1545608554,5,47106,49,6,1.1611093511783315,1553998602,9,47328,49,26
0,0,0,0,0,0,0,0,0,0,0,0,1.7147393667671316,1562389928,12,47560,49,8176,1.1808950778417788,1553995869,4,47349,49,8175,1.1611093511783315,1553998602,9,47328,49,26
0,0,0,0,0,0,0,0,0,0,0,0,1.2041530968357168,1554001402,11,47342,49,9,1.5234960642344682,1558191599,4,47494,49,36,0.8100430936876288,1549804398,9,47178,49,8150
0,0,0,0,0,0,0,0,0,0,0,0,1.6679239619223543,1560292879,12,47539,49,8,0.9173402740835428,1549802111,4,47237,49,19,1.1784487971754631,1553998456,9,47334,49,24
0,0,0,0,0,0,0,0,0,0,0,0,1.1458127409312668,1553999142,7,47314,49,8165,1.2121053456816633,1553996525,4,47363,49,8141,1.665778819236932,1562387052,9,47548,49,9
0,0,0,0,0,0,0,0,0,0,0,0,1.6108067498774215,1560289951,5,47515,49,8178,0.6230845501921071,1545607888,4,47114,49,8149,1.665778819236932,1562387052,9,47548,49,9
0,0,0,0,0,0,0,0,0,0,0,0,1.106748781156611,1551903427,11,47297,49,8179,0.9068340126704086,1551899129,4,47236,49,22,1.3941677050196655,1558192435,8,47428,49,0
0,0,0,0,0,0,0,0,0,0,0,0,1.552669024279576,1560293076,12,47493,49,6,1.5016674609046876,1558190473,4,47491,49,6,1.3941677050196655,1558192435,8,47428,49,0
0,0,0,0,0,0,0,0,0,0,0,0,0.9997546547422018,1551901532,6,47258,49,8181,0.6152308683425508,1545607999,4,47110,49,43,1.1195972809185355,1553998442,9,47312,49,8182
0,0,0,0,0,0,0,0,0,0,0,0,1.4648508741827253,1558193417,6,47458,49,8190,1.2329115763891159,1556093573,4,47374,49,4,1.51931548934212,1558192891,9,47481,49,10
0,0,0,0,0,0,0,0,0,0,0,0,0.8539028479494093,1549806592,10,47192,49,13,1.213125854660466,1553996870,4,47360,49,8142,0.5339428299739941,1545609561,9,47062,49,36
0,0,0,0,0,0,0,0,0,0,0,0,1.2885026201548186,1556095895,6,47379,49,45,0.6040126032865432,1545608221,4,47100,49,8180,0.5339428299739941,1545609561,9,47062,49,36
0,0,0,0,0,0,0,0,0,0,0,0,0.7671052075545997,1547709416,11,47155,49,8180,0.8894963869583038,1549802469,4,47221,49,42,1.5463433202658736,1560289619,8,47496,49,8179
0,0,0,0,0,0,0,0,0,0,0,0,1.2359767707990812,1554001490,12,47350,49,28,1.479128783996618,1558190954,4,47472,49,15,0.71070001377944,1549803785,8,47137,49,8170
0,0,0,0,0,0,0,0,0,0,0,0,0.7005022416190323,1547707496,6,47128,49,30,1.7814408826001558,1545608975,5,47092,49,20,1.302678308059046,1556095870,10,47389,49,37
0,0,0,0,0,0,0,0,0,0,0,0,1.1574399193803886,1554001204,11,47320,49,27,1.1479504981088815,1553996668,4,47335,49,8166,1.6787332251805742,1564484155,9,47550,49,20
0,0,0,0,0,0,0,0,0,0,0,0,1.824281964348317,1547708998,10,47094,49,8168,1.3932475750032849,1558190706,4,47442,49,8179,1.057788312032664,1553998584,9,47286,49,43
0,0,0,0,0,0,0,0,0,0,0,0,1.040348456165827,1551903704,11,47276,49,15,0.7832160870313998,1549802990,5,47183,49,8170,1.057788312032664,1553998584,9,47286,49,43
0,0,0,0,0,0,0,0,0,0,0,0,1.7105569265153717,1562389734,11,47561,49,81,1.050443966775328,1551899904,4,47291,49,31,0.7715907151779783,1551901329,9,47164,49,11
0,0,0,0,0,0,0,0,0,0,0,0,0.9586515080481887,1551903408,11,47237,49,8161,1.6174335778555782,1560288111,4,47532,49,10,1.1267371600578553,1558193203,10,47314,49,29
0,0,0,0,0,0,0,0,0,0,0,0,1.6175376831133113,1560290907,7,47521,49,52,0.6622507332090903,1547706057,4,47129,49,8186,1.6905648739791042,1560289889,10,47554,49,8145
0,0,0,0,0,0,0,0,0,0,0,0,0.8570647674442918,1549807171,11,47193,49,4,1.2362779680021996,1556094091,4,47373,49,8166,0.8201404287756391,1553997796,8,47184,49,18
0,0,0,0,0,0,0,0,0,0,0,0,1.5098315802348243,1558195727,12,47473,49,8168,1.46087105658885,1558190821,4,47467,49,8184,1.3450064189988151,1560289960,9,47406,49,8139
0,0,0,0,0,0,0,0,0,0,0,0,1.3976381785033687,1558195566,12,47421,49,8166,1.0064837839321177,1551899706,4,47274,49,24,0.9653806466108784,1551901690,9,47248,49,0
0,0,0,0,0,0,0,0,0,0,0,0,1.825811808718878,1545610465,7,47095,49,60,1.536039646141595,1560288826,5,47506,49,8158,1.26351211872245,1558192068,9,47373,49,8186
0,0,0,0,0,0,0,0,0,0,0,0,1.2452562349283443,1556098217,11,47363,49,14,1.7411519634214054,1545608546,4,47079,49,8165,0.5404711210401988,1562387168,9,47574,49,8190
0,0,0,0,0,0,0,0,0,0,0,0,1.659049758950299,1560292516,11,47538,49,8,1.0709453317410964,1551900314,5,47298,49,8162,0.8210586962577625,1551900746,8,47184,49,8170
0,0,0,0,0,0,0,0,0,0,0,0,1.1032801640901342,1554001321,11,47299,49,8158,1.2233235784094794,1556093505,4,47372,49,8142,1.3034943470439342,1556095863,10,47390,49,5
0,0,0,0,0,0,0,0,0,0,0,0,1.535024717698969,1560292348,11,47482,49,8161,0.5835112463046173,1545608407,4,47093,49,8143,1.5927516327106361,1560289869,9,47514,49,27
0,0,0,0,0,0,0,0,0,0,0,0,0.9727268010373086,1551904181,11,47243,49,8179,0.770772871653364,1547705553,5,47177,49,8142,0.8287079191117542,1553998207,9,47189,49,13
0,0,0,0,0,0,0,0,0,0,0,0,1.4049806875631368,1558195576,11,47429,49,73,1.2841138790038122,1556093412,4,47392,49,12,1.164373505223657,1553998268,9,47330,49,8173
0,0,0,0,0,0,0,0,0,0,0,0,0.8524752327628825,1549807255,11,47190,49,8151,1.4868802320593073,1558191629,5,47476,49,8180,1.5684767731193845,1560290080,9,47504,49,8164
0,0,0,0,0,0,0,0,0,0,0,0,1.2770799122535255,1556097940,11,47372,49,46,0.7837272406333222,1549802293,4,47178,49,40,1.5684767731193845,1560290080,9,47504,49,8164
0,0,0,0,0,0,0,0,0,0,0,0,0.6768389640120124,1547710158,12,47121,49,39,0.9165242364773358,1549802492,4,47236,49,16,1.0508528987101955,1556095611,9,47283,49,18
0,0,0,0,0,0,0,0,0,0,0,0,1.0757411521976172,1554001264,11,47290,49,8182,1.381111073835738,1556093883,4,47433,49,8176,1.3368460273514466,1556096036,9,47407,49,3
0,0,0,0,0,0,0,0,0,0,0,0,1.6694538043498464,1560292726,11,47541,49,8181,1.4877985092623658,1558191098,4,47475,49,8189,0.5314947206208589,1545610495,10,47063,49,33
0,0,0,0,0,0,0,0,0,0,0,0,0.8704262534705163,1549804982,7,47199,49,10,0.7495595101376111,1547706166,4,47161,49,15,0.8084110189248517,1553998723,10,47180,49,8158
0,0,0,0,0,0,0,0,0,0,0,0,1.4563874705746231,1558194853,10,47446,49,14,0.7943339201151873,1549802465,4,47186,49,5,1.2391350256728875,1556096144,10,47365,49,8129
0,0,0,0,0,0,0,0,0,0,0,0,1.8359091441214284,1545612860,12,47101,49,8170,0,1556094006,5,47372,49,9,1.2391350256728875,1556096144,10,,49,8129
0,0,0,0,0,0,0,0,0,0,0,0,1.2106814053196713,1554000942,11,47343,49,8189,1.2556565904295263,1556094175,4,47383,49,8095,0.6723498653962009,1549803603,8,47122,49,8160
0,0,0,0,0,0,0,0,0,0,0,0,1.579596479517406,1560290106,6,47502,49,8178,1.6716937035409583,1560287865,4,47560,49,8143,0.6723498653962009,1549803603,8,47122,49,8160
0,0,0,0,0,0,0,0,0,0,0,0,0.9392728747695186,1551903961,11,47228,49,45,1.6643493383951846,1562385030,4,47560,49,8185,1.3723409637451174,1556095943,9,47419,49,4
0,0,0,0,0,0,0,0,0,0,0,0,1.3028846165057761,1556098461,11,47383,49,5,0.9143828183374961,1549802890,4,47233,49,8185,1.3723409637451174,1556095943,9,47419,49,4
0,0,0,0,0,0,0,0,0,0,0,0,0.6440988426737896,1545612511,11,47106,49,8182,0.8615502660843374,1549802884,4,47207,49,8182,0.8303399939654275,1549804453,9,47189,49,8188
0,0,0,0,0,0,0,0,0,0,0,0,0.999550191385111,1551901731,6,47261,49,72,1.2369917717160634,1556093431,4,47374,49,16,1.1131730326949347,1553998109,9,47304,49,8170
0,0,0,0,0,0,0,0,0,0,0,0,1.5871434536986737,1560292517,11,47508,49,8179,1.2088411902381706,1553997078,4,47362,49,40,1.5050357230036515,1558193420,9,47478,49,4
0,0,0,0,0,0,0,0,0,0,0,0,0.7638410597269613,1547709802,11,47156,49,41,1.5757170283867659,1560288574,4,47517,49,8187,0.5354726754353551,1545609552,8,47064,49,8149
0,0,0,0,0,0,0,0,0,0,0,0,1.3460287697914048,1556097927,11,47400,49,13,1.5086047334139867,1558191032,4,47487,49,8169,0.9528351990019348,1551901153,9,47244,49,37
0,0,0,0,0,0,0,0,0,0,0,0,1.706069640104683,1562389900,11,47558,49,4,0.6470545141663271,1547705760,5,47118,49,8170,1.174470838070864,1558192583,9,47335,49,11
0,0,0,0,0,0,0,0,0,0,0,0,1.0460607227160652,1551901290,6,47277,49,31,1.7596141400747427,1545608327,4,47082,49,20,1.5197225793351055,1558192997,9,47486,49,18
0,0,0,0,0,0,0,0,0,0,0,0,1.4037575513100282,1556097646,11,47426,49,32,0.8838863540324648,1549802596,4,47220,49,8175,0.5531187947803081,1545609804,9,47067,49,10
0,0,0,0,0,0,0,0,0,0,0,0,0.7194737560210662,1547706902,5,47135,49,2,0.7813813587796632,1547705319,4,47177,49,59,0.880624014181695,1549804277,9,47208,49,32
0,0,0,0,0,0,0,0,0,0,0,0,1.037595464032794,1551903535,11,47272,49,8161,1.0712502031207347,1551898953,4,47303,49,8122,0.880624014181695,1549804277,9,47208,49,32
0,0,0,0,0,0,0,0,0,0,0,0,1.5325765991332114,1560292185,11,47483,49,82,0.9414106661981915,1551899873,4,47248,49,33,1.3437814373184196,1560289927,9,47411,49,14
0,0,0,0,0,0,0,0,0,0,0,0,0.679695986743657,1547709343,10,47117,49,8188,1.252699140642681,1556094207,4,47380,49,9,1.3437814373184196,1560289927,9,47411,49,14
0,0,0,0,0,0,0,0,0,0,0,0,1.1490768944353136,1554000739,10,47315,49,8185,1.0750236944562768,1553996670,4,47306,49,8170,0.6393030610287772,1547707556,10,47110,49,8180
0,0,0,0,0,0,0,0,0,0,0,0,0.7157002567501304,1547710050,11,47132,49,29,1.2007848755622919,1553997345,4,47353,49,8180,1.1106226851396501,1553998435,9,47305,49,8187
0,0,0,0,0,0,0,0,0,0,0,0,1.4442491165239242,1558195680,11,47445,49,3,1.1888509970827776,1553997052,4,47350,49,8189,1.5168673700567927,1558193188,9,47482,49,8156
0,0,0,0,0,0,0,0,0,0,0,0,1.7194311313840944,1562389850,11,47563,49,8169,1.4254783545890963,1558191375,4,47454,49,8162,1.6386487544819506,1564484071,9,47536,49,8191
0,0,0,0,0,0,0,0,0,0,0,0,0.942230333245306,1549806690,11,47231,49,9,1.1667175526189806,1553997088,4,47343,49,14,0.699175061624951,1547707490,9,47131,49,8145
0,0,0,0,0,0,0,0,0,0,0,0,1.2009911764783705,1554000840,11,47342,49,8189,1.376010363134704,1556094157,5,47435,49,33,0.8332974525660285,1551900901,9,47192,49,8150
0,0,0,0,0,0,0,0,0,0,0,0,1.6282484406058244,1560292517,11,47521,49,27,1.1050108207804035,1553997140,4,47316,49,8169,1.1058286882193191,1553998550,9,47304,49,8182
0,0,0,0,0,0,0,0,0,0,0,0,1.1180692630051776,1554001531,11,47307,49,6,1.0780833804151286,1553997079,4,47309,49,8187,1.4870847072189413,1562387093,9,47470,49,20
0,0,0,0,0,0,0,0,0,0,0,0,1.411304530619595,1558195376,11,4743,49,18,0,1556093896,4,47413,49,8176,1.6934219498938516,1562386948,9,47551,49,8163
0,0,0,0,0,0,0,0,0,0,0,0,0.8934761541167581,1549806834,11,47213,49,8144,1.3559179397300862,1556093675,4,47425,49,15,0.9785394842273459,1556095592,9,47248,49,8191
0,0,0,0,0,0,0,0,0,0,0,0,1.341234770733344,1556098479,11,47399,49,92,1.1018489000598013,1553996160,4,47316,49,8178,1.276771371449292,1556095623,9,47380,49,8169
0,0,0,0,0,0,0,0,0,0,0,0,0,,,,,,1.125512186363717,1553996821,4,47324,49,4,0.632367643759317,1547706830,9,47106,49,8185
0,0,0,0,0,0,0,0,0,0,0,0,1.1245975689447725,1553998851,6,47307,49,1,1.3602007561265634,1556093567,4,47431,49,8161,0.8310538010611654,1549804471,9,47190,49,8131
0,0,0,0,0,0,0,0,0,0,0,0,1.830096460172147,1562389671,11,47606,49,7,1.385087177940208,1558191367,4,47443,49,8147,1.3929427206970462,1558192509,9,47433,49,8
0,0,0,0,0,0,0,0,0,0,0,0,1.0200515557041496,1551903997,11,47268,49,8189,1.1933382911077293,1553997121,4,47355,49,8179,0.5878981149301415,1545610050,9,47086,49,46
0,0,0,0,0,0,0,0,0,0,0,0,1.3082901854077003,1556096429,6,47386,49,8185,1.4610755310386891,1558191940,4,47466,49,8159,0.7919898452231181,1549804109,9,47173,49,8170
0,0,0,0,0,0,0,0,0,0,0,0,1.7097427547200077,1562389762,11,47554,49,2,1.2192452261965776,1553996674,4,47365,49,8154,1.1164371856508724,1553999021,10,47304,49,8166
0,0,0,0,0,0,0,0,0,0,0,0,0.7469105339800147,1547709977,11,47146,49,8166,1.4955499572036328,1558191296,4,47480,49,15,1.3289923424260377,1556095794,9,47404,49,8184
0,0,0,0,0,0,0,0,0,0,0,0,1.1555029678925177,1553998536,6,47316,49,13,1.2164904036608617,1553996416,4,47368,49,8174,1.642422239154427,1560289678,9,47539,49,2
0,0,0,0,0,0,0,0,0,0,0,0,1.393251277209651,1558195151,11,47425,49,8185,1.4735187428503258,1558191044,4,47472,49,8,0.6579696785831434,1547706900,9,47111,49,8190
0,0,0,0,0,0,0,0,0,0,0,0,1.198747527722865,1554000514,11,47340,49,8152,1.2183269521706628,1553996422,4,47366,49,8171,1.503403643493509,1560289459,8,47478,49,50
0,0,0,0,0,0,0,0,0,0,0,0,1.815510011382625,1545612892,12,47093,49,16,1.2080251496199332,1553996184,4,47366,49,8167,0.8232001177937268,1549803803,9,47187,49,18
0,0,0,0,0,0,0,0,0,0,0,0,0.8546166557966206,1549804136,6,47194,49,8160,1.4923880349506558,1558191975,4,47482,49,16,1.0358593363131492,1553998766,9,47278,49,7
0,0,0,0,0,0,0,0,0,0,0,0,1.2214925444224196,1556097775,11,47349,49,33,1.218836283974508,1556093545,4,47372,49,49,1.3845815517187745,1558192970,10,47419,49,3
0,0,0,0,0,0,0,0,0,0,0,0,1.460568055578817,1558193938,7,47453,49,8190,1.4875940334456443,1558190231,4,47481,49,34,1.5945881885911481,1560290200,9,47512,49,1
0,0,0,0,0,0,0,0,0,0,0,0,1.8079630205625865,1562390271,12,47599,49,40,1.2385216127839187,1556094020,4,47379,49,8166,0.6503186623791211,,,,,18
0,0,0,0,0,0,0,0,0,0,0,0,0.8265682994767436,1549806997,11,47181,49,8164,1.4986096407610698,1558191276,4,47485,49,8179,0.6503186623791211,1547706753,9,47114,49,18
0,0,0,0,0,0,0,0,0,0,0,0,1.1424463555748803,1554001578,11,47316,49,3,1.2264873411085957,1553996456,4,47369,49,8178,1.113375673385621,1558193074,10,47310,49,27
0,0,0,0,0,0,0,0,0,0,0,0,1.3406213614895521,1556098382,11,47407,49,41,1.4368006718363386,1558191484,4,47459,49,8191,1.3112457968662512,1556096072,9,47394,49,3
0,0,0,0,0,0,0,0,0,0,0,0,1.6451789433334287,1560292743,11,47533,49,3,1.1688608011380301,1553996861,4,47342,49,66,1.5797972301904852,1562386789,8,47513,49,60
0,0,0,0,0,0,0,0,0,0,0,0,0.6539935109639596,1547709863,11,47107,49,16,1.3654037026027495,1556093662,4,47431,49,4,0.5646437503968056,1545610450,9,47074,49,27
0,0,0,0,0,0,0,0,0,0,0,0,0.9115294045198822,1549806714,11,47222,49,16,0,1551899699,4,47297,49,17,0.8205493488385656,1549804096,9,47181,49,25
0,0,0,0,0,0,0,0,0,0,0,0,1.5928557334928566,1560290458,6,47510,49,3,1.1924200161135319,1553996873,4,47359,49,8158,1.4046739800710752,1558192453,9,47430,49,6
0,0,0,0,0,0,0,0,0,0,0,0,0.6563393932006271,1547706004,5,47108,49,25,0.894697492732682,1549802808,4,47230,49,8187,1.6297745506268184,1562386791,8,47535,49,11
0,0,0,0,0,0,0,0,0,0,0,0,0.8429894755084444,1549807134,11,47190,49,8,1.064824127045096,1551898846,4,47306,49,8155,0.6212498141032297,1545610102,10,47103,49,8187
0,0,0,0,0,0,0,0,0,0,0,0,1.1172532253122596,1554001471,11,47309,49,46,0.7918858054876713,1549802559,4,47190,49,8175,0.8332974525660285,1553998243,9,47192,49,5
0,0,0,0,0,0,0,0,0,0,0,0,1.3090039905801008,1556096159,6,47389,49,8163,1.0349410641513013,1551899537,4,47287,49,26,0.8332974525660285,1553998243,9,47192,49,5
0,0,0,0,0,0,0,0,0,0,0,0,1.555219381599814,1558192445,6,47495,49,17,0.7009075672447564,1547705725,4,47146,49,8163,1.1899737393210779,1556095625,9,47343,49,29
0,0,0,0,0,0,0,0,0,0,0,0,1.7138210885261267,1562386758,6,47564,49,8181,0.8884758848067056,1549802467,4,47228,49,8182,1.3537783787126283,1556095575,9,47409,49,8170
0,0,0,0,0,0,0,0,0,0,0,0,0.7700626696377312,1547709924,11,47161,49,8160,0.5611751480621157,1545608423,4,47085,49,6,1.561743977102105,1560290163,9,47506,49,33
0,0,0,0,0,0,0,0,0,0,0,0,0.9540619756981372,1549806599,11,47237,49,8183,0.7570042709232356,1547705342,4,47173,49,8170,1.684036551140534,1566580985,9,47555,49,30
0,0,0,0,0,0,0,0,0,0,0,0,1.2184328579965429,1554001753,12,47349,49,8155,1.6223298186708806,1560288287,4,47537,49,1,0.6861184701115709,1547706648,8,47131,49,8175
0,0,0,0,0,0,0,0,0,0,0,0,1.6579288703454973,1562389053,10,47536,49,8184,1.4867779933273355,1558191501,4,47482,49,8189,0.9998550692746238,1551901094,9,47263,49,8151
0,0,0,0,0,0,0,0,0,0,0,0,0.8988835310562956,1549804319,6,47210,49,35,1.2572886666237535,1556094681,4,47388,49,8154,1.395290451858505,1556095766,10,47426,49,8191
0,0,0,0,0,0,0,0,0,0,0,0,1.0341268483421788,1551901722,6,47275,49,8160,1.4145649834064642,1558191233,4,47454,49,4,1.4777011794532136,1558193746,10,47466,49,11
0,0,0,0,0,0,0,0,0,0,0,0,1.2720814457987795,1556098325,11,47374,49,40,1.0287194565719016,1551899814,4,47285,49,8188,1.6358957866783908,1562386794,9,47531,49,7
0,0,0,0,0,0,0,0,0,0,0,0,1.4255842952462359,1558195271,11,47437,49,10,1.1543765721549732,1553996861,4,47341,49,6,0.5638277139181256,1545609419,8,47074,49,8180
0,0,0,0,0,0,0,0,0,0,0,0,1.6109089881607541,1560292765,11,47516,49,15,0.7332405658923782,1547705247,4,47158,49,11,0.749254620993081,1547706819,9,47152,49,8182
0,0,0,0,0,0,0,0,0,0,0,0,1.733506424596636,1562389534,10,47570,49,45,0.8508395437929054,1549803055,4,47213,49,8191,0.785563776740396,1551900923,9,47172,49,8164
0,0,0,0,0,0,0,0,0,0,0,0,0.7217174101001813,1547710225,11,47138,49,31,1.629979026608691,1560288481,4,47542,49,20,0.9094865923526397,1549803936,9,47229,49,8189
0,0,0,0,0,0,0,0,0,0,0,0,1.019337749803214,1551904242,11,47268,49,27,1.2091478937535605,1553996469,4,47364,49,8174,1.0487096581437918,1553998012,9,47288,49,23
0,0,0,0,0,0,0,0,0,0,0,0,1.144894470907615,1554001941,12,47317,49,58,1.265244587041547,1556094361,4,47390,49,8137,1.1091932479628386,1556095246,8,47311,49,8162
0,0,0,0,0,0,0,0,0,0,0,0,1.3402142626046742,1556096098,6,47402,49,8189,0.7741392504276879,1549802177,4,47181,49,8175,1.1813040161872048,1553998877,9,47340,49,10
0,0,0,0,0,0,0,0,0,0,0,0,1.5572585515311586,1560289459,6,47498,49,17,1.553481333480398,1560288219,4,47516,49,8175,1.308186111006591,1556095499,9,47392,49,31
0,0,0,0,0,0,0,0,0,0,0,0,1.6700653682258348,1560290501,6,47544,49,8182,1.6588434102868133,1560287919,4,47555,49,8191,1.336336694782534,1556095888,10,47404,49,8189
0,0,0,0,0,0,0,0,0,0,0,0,0.6942806326362936,1547707217,6,47127,49,26,1.2270989096184057,1556093859,4,47372,49,8191,1.4174220520088485,1558192645,8,47441,49,48
0,0,0,0,0,0,0,0,0,0,0,0,0.8437032826725559,1549806282,10,47190,49,6,0.7467024756479328,1547705752,4,47170,49,64,1.4795377324507688,1560289564,9,47464,49,8186
0,0,0,0,0,0,0,0,0,0,0,0,0.9493702109215875,1551903905,11,47234,49,16,0.8031058697303533,1549803317,5,47193,49,5,1.5633779198561613,1560289747,9,47498,49,8152
0,0,0,0,0,0,0,0,0,0,0,0,1.0578923657149686,1551901688,6,47282,49,28,1.5135009718889265,1558190766,4,47492,49,8189,1.6203928909123986,1560290849,10,47523,49,8155
0,0,0,0,0,0,0,0,0,0,0,0,1.126841219003692,1554001931,12,47310,49,8184,1.536653075853215,1560288281,4,47505,49,8122,1.6317133474100873,1560289926,10,47532,49,6
0,0,0,0,0,0,0,0,0,0,0,0,1.2280208533032422,1554000903,11,47350,49,23,0.9920013841872003,1551899778,4,47269,49,29,1.686586911325431,1562387628,10,47554,49,38
0,0,0,0,0,0,0,0,0,0,0,0,1.299008891351058,1556098243,11,47382,49,29,1.0417742431793362,1551900200,4,47293,49,8168,1.7138210872494324,1566581397,10,47559,49,17
0,0,0,0,0,0,0,0,0,0,0,0,1.3607156330105201,1556098280,11,47409,49,37,1.653028887061016,1560288408,4,47556,49,8184,1.7103524483645858,1562387084,10,47561,49,8184
0,0,0,0,0,0,0,0,0,0,0,0,1.4233406486257159,1558195656,11,47435,49,7,1.6596575721185187,1560288231,4,47563,49,8169,1.7078020882161458,1566581122,9,47562,49,33
0,0,0,0,0,0,0,0,0,0,0,0,1.4854544833632084,1558193421,6,47466,49,54,1.084407219285607,1553996536,4,47315,49,8178,0.5754548962888727,1562387296,9,47592,49,19
0,0,0,0,0,0,0,0,0,0,0,0,1.5448171939519284,1558192985,6,47484,49,15,1.0946067850155745,1553997344,4,47319,49,20,0.5754548962888727,1562387296,9,47592,49,19
0,0,0,0,0,0,0,0,0,0,0,0,1.5567492236595608,1560292500,11,47495,49,8171,1.6847503507009927,1545607684,4,47053,49,8118,0.5171145481680818,1566581318,9,47569,49,4
0,0,0,0,0,0,0,0,0,0,0,0,1.6298805209228795,1560290414,6,47522,49,97,1.067883812897093,1553996948,5,47309,49,8131,0.5387368210510326,1549803974,9,47069,49,8158
0,0,0,0,0,0,0,0,0,0,0,0,1.6258003212456102,1560292377,11,47522,49,17,1.072677810456175,1553996654,4,47310,49,8163,0.5613796042891908,1545609832,9,47079,49,34
0,0,0,0,0,0,0,0,0,0,0,0,1.6461994588350073,1560290699,7,47530,49,1,1.6528244072323672,1562385444,5,47558,49,8159,0.5176238803767633,1549803649,8,47060,49,11
0,0,0,0,0,0,0,0,0,0,0,0,1.6464020704602227,1560290319,6,47536,49,68,1.6504785254824395,1560288008,4,47557,49,8180,0.5693355145669254,1545609898,9,47081,49,8181
0,0,0,0,0,0,0,0,0,0,0,0,1.6115205528541126,1560292023,10,47518,49,8189,1.0553401959595337,1551900043,4,47296,49,22,0.5700493234018179,1545610171,9,47082,49,8142
0,0,0,0,0,0,0,0,0,0,0,0,1.586022561095869,1560293245,11,47504,49,8167,1.4963659958738618,1558191081,4,47488,49,8170,0.6117658467472206,1545609537,9,47097,49,12
0,0,0,0,0,0,0,0,0,0,0,0,1.551139182415152,1560292595,11,47494,49,6,0.800759986512227,1549803284,5,47196,49,8118,0.5584221410695765,1545609791,9,47076,49,8127
0,0,0,0,0,0,0,0,0,0,0,0,1.5176852668983258,1558194639,11,47478,49,22,0.7501710853098291,1547704706,4,47172,49,33,0.5584221410695765,1545609791,9,47076,49,8127
0,0,0,0,0,0,0,0,0,0,0,0,1.4677079385235485,1558193492,6,47456,49,4,1.2418880031962702,1556094154,4,47383,49,0,0.5388390484984601,1562386487,8,47580,49,5
0,0,0,0,0,0,0,0,0,0,0,0,1.4081426095090672,1558195234,11,47432,49,27,1.160088842866366,1553997022,4,47345,49,8174,1.7055584455468276,1564483462,8,47565,49,38
0,0,0,0,0,0,0,0,0,0,0,0,1.2709605426705193,1556095766,6,47377,49,16,1.508197643447051,1558191116,5,47492,49,8185,1.7083132839573971,1562386888,9,47562,49,21
0,0,0,0,0,0,0,0,0,0,0,0,1.1777368249818099,1556097659,11,47339,49,18,0.7499666241174812,1547705193,4,47174,49,42,1.701784961079348,1562387004,9,47562,49,38
0,0,0,0,0,0,0,0,0,0,0,0,1.1184781972871383,1554000910,11,47312,49,8189,0.6273691910458696,1547705590,5,47120,49,35,1.668942612447062,1564483971,9,47548,49,13
0,0,0,0,0,0,0,0,0,0,0,0,1.047387924064125,1551901595,6,47281,49,47,1.0490163546827849,1551899661,4,47298,49,8090,1.6685336566019944,1562387511,10,47552,49,30
0,0,0,0,0,0,0,0,0,0,0,0,0.9718085350810208,1551904066,11,47254,49,15,0.8977571788872111,1551898925,4,47237,49,20,1.6522147218965748,1560290255,9,47544,49,44
0,0,0,0,0,0,0,0,0,0,0,0,0.8770549814204212,1549804614,6,47215,49,48,1.306756655263854,1556093802,4,47411,49,8121,1.6239618995631817,1560290040,10,47533,49,8166
0,0,0,0,0,0,0,0,0,0,0,0,0.8007635989348857,1549806599,11,47179,49,8165,1.1887487599046909,1553997111,4,47360,49,17,1.6239618995631817,1560290040,10,47533,49,8166
0,0,0,0,0,0,0,0,0,0,0,0,0.6649068888378173,1547707817,7,47119,49,53,1.5239031479094598,1560287623,4,47506,49,60,1.533390781134339,1560290282,10,47493,49,0
0,0,0,0,0,0,0,0,0,0,0,0,1.7873594283248202,1562387487,6,47602,49,30,1.3610167913528533,1558191001,4,47439,49,17,1.50850249549243,1560289524,9,47488,49,2
0,0,0,0,0,0,0,0,0,0,0,0,1.6645594327029702,1562389430,11,47542,49,2,0.5430196723943893,1545608471,4,47083,49,37,1.4762735739273012,1558192906,9,47468,49,28
0,0,0,0,0,0,0,0,0,0,0,0,1.5633797824253453,1560292351,11,47502,49,23,1.5864277877342554,1560288485,4,47525,49,13,1.4363935803803647,1558192826,9,47451,49,7
0,0,0,0,0,0,0,0,0,0,0,0,1.4194649271279627,1558193349,6,47441,49,46,0.6690857161232037,1547705116,4,47135,49,42,1.385804688311113,1558192418,8,47427,49,55
0,0,0,0,0,0,0,0,0,0,0,0,1.295540269426189,1556098405,11,47392,49,20,1.706474892876477,1545608300,4,47068,49,37,1.3575518683045766,1558192098,8,47416,49,8154
0,0,0,0,0,0,0,0,0,0,0,0,1.025968288292841,1551901293,6,47275,49,8189,0.6160469014234348,1547705551,4,47119,49,8147,1.2629005491735554,1556096169,10,47376,49,8175
0,0,0,0,0,0,0,0,0,0,0,0,0.840848055989422,1549804361,6,47194,49,4,0.9499781515423504,1551899907,4,47261,49,3,1.1639645694379164,1556095024,8,47338,49,20
0,0,0,0,0,0,0,0,0,0,0,0,0.7111107250255788,1547704649,3,47138,49,24,0.7515986991168812,1547705321,4,47174,49,8184,1.1135801397568528,1553998447,10,47312,49,8155
0,0,0,0,0,0,0,0,0,0,0,0,1.7071923999407153,1562389323,11,47564,49,8140,1.0541152223985666,1551899430,5,47304,49,20,1.0470794054231303,1551901674,9,47284,49,8142
0,0,0,0,0,0,0,0,0,0,0,0,1.5558309485481896,1560291791,10,47504,49,3,0.8782763183527041,1549802902,4,47228,49,63,0.9837405914963748,1556095593,9,47257,49,8190
0,0,0,0,0,0,0,0,0,0,0,0,1.2393413325401497,1556097470,11,47367,49,88,0.9660944499663799,1551899866,4,47263,49,8172,0.9050011032623773,1551901647,10,47221,49,9
0,0,0,0,0,0,0,0,0,0,0,0,0.8657344928113055,1549805255,7,47206,49,36,1.060541296923419,1551899332,4,47305,49,8133,0.8097364023061087,1549804187,9,47187,49,23
0,0,0,0,0,0,0,0,0,0,0,0,1.8164282834426948,1545612180,11,47101,49,38,1.3547970413560688,1556093647,4,47428,49,8190,0.7523143109458007,1547707448,10,47158,49,8166
0,0,0,0,0,0,0,0,0,0,0,0,1.6736362471736845,1560291951,11,47549,49,48,1.150705315228308,1553996894,4,47341,49,20,0.7217156156106185,1547707617,9,47146,49,30
0,0,0,0,0,0,0,0,0,0,0,0,1.4450651591737442,1558196045,12,47454,49,8,1.4628098467492665,1558191244,4,47473,49,9,0.6435877018897262,1547706848,9,47112,49,8172
0,0,0,0,0,0,0,0,0,0,0,0,1.0073034625852286,1551901560,6,47266,49,28,1.5033014035906607,1558190639,4,47492,49,20,1.693829035432722,1562387658,10,47559,49,4
0,0,0,0,0,0,0,0,0,0,0,0,0.8141250844823499,1549807211,11,47184,49,8151,1.2512715305470719,1556094245,4,47387,49,29,1.6279398619996803,1560289916,9,47533,49,51
0,0,0,0,0,0,0,0,0,0,0,0,1.530128482719789,1560292834,12,47492,49,8187,1.212819146640922,1556093497,4,47372,49,13,1.4850455362538355,1558192516,9,47470,49,8131
0,0,0,0,0,0,0,0,0,0,0,0,1.238220425221675,1556098673,12,47362,49,11,1.4359846310213995,1558190871,4,47464,49,6,1.2840134871491407,1556095793,10,47385,49,8145
0,0,0,0,0,0,0,0,0,0,0,0,1.0287212798350736,1551902029,7,47280,49,8162,1.2068020108705666,1553996334,4,47367,49,48,1.1979296578203147,1553998415,9,47349,49,5
0,0,0,0,0,0,0,0,0,0,0,0,0.7013182816363661,1547709857,11,47138,49,8182,1.3880464796312355,1558191295,4,47446,49,18,0.9922058493844444,1553997924,8,47262,49,8191
0,0,0,0,0,0,0,0,0,0,0,0,1.3331766188151104,1556097902,11,47407,49,57,1.3350094738015343,1556093978,4,47422,49,8189,0.7511915846637899,1547706890,9,47161,49,32
0,0,0,0,0,0,0,0,0,0,0,0,1.102668594685147,1553998807,6,47307,49,13,1.0514644699753308,1551899507,4,47298,49,11,0.6222703072443957,1545609974,10,47105,49,2
0,0,0,0,0,0,0,0,0,0,0,0,0.734262860805438,1547710112,12,47151,49,44,1.2100661668961843,1553996582,4,47367,49,8173,1.6516031591942955,,,,,42
0,0,0,0,0,0,0,0,0,0,0,0,1.7029077201456084,1562389349,10,47566,49,62,0.9197883857038723,1551899302,4,47245,49,8184,1.6516031591942955,1560289807,9,47541,49,42
0,0,0,0,0,0,0,0,0,0,0,0,1.3341971281167428,1556097746,11,47405,49,36,1.0798176882071266,1553996509,4,47316,49,8180,1.3301150879375752,1556095960,10,47405,49,8175
0,0,0,0,0,0,0,0,0,0,0,0,1.0778843938749005,1554000729,10,47295,49,4,0.7979047603149804,1549802197,4,47192,49,34,1.3301150879375752,1556095960,10,47405,49,8175
0,0,0,0,0,0,0,0,0,0,0,0,0.6719445360026418,1547707763,7,47123,49,25,0.9266215663353885,1551899665,4,47250,49,8179,0.9531418938704266,1556095462,9,47245,49,8162
0,0,0,0,0,0,0,0,0,0,0,0,1.5841860099357623,1560292551,11,47515,49,43,0.6171696265818475,1547704766,4,47116,49,8144,0.8428854411230136,1549804444,9,47198,49,8136
0,0,0,0,0,0,0,0,0,0,0,0,0.905818951841936,1551903622,11,47222,49,7,1.6470117603381957,1560288350,4,47555,49,8167,1.689035032301683,1562387398,9,47558,49,8184
0,0,0,0,0,0,0,0,0,0,0,0,1.6960745520338922,1562388785,10,47562,49,62,0.5394506296371746,1545607807,4,47078,49,8187,1.4802515352532803,1558192664,9,47469,49,8165
0,0,0,0,0,0,0,0,0,0,0,0,0.9870065610796366,1551902054,6,47258,49,75,1.5063610873493134,1558190911,4,47494,49,8173,1.1274509648746254,1553998733,10,47320,49,8119
0,0,0,0,0,0,0,0,0,0,0,0,1.1800827075935063,1554000493,11,47341,49,27,0.8809288956341415,1549802614,4,47226,49,8188,0.6037077079358434,1545609785,9,47095,49,18
0,0,0,0,0,0,0,0,0,0,0,0,0.7484403833876957,1547707357,6,47157,49,4,0.9010213308745996,1549803003,5,47237,49,8160,1.5590932450344834,1560290071,10,47504,49,8134
0,0,0,0,0,0,0,0,0,0,0,0,1.6439558187953551,1560292716,12,47537,49,8182,1.7199386099627665,1545608390,4,47071,49,8190,1.4260917763587047,1558193334,10,47448,49,30
0,0,0,0,0,0,0,0,0,0,0,0,1.198747531393361,1554001280,11,47350,49,18,1.7075976256183536,1545607873,4,47064,49,8186,1.1825289903812095,1553998744,9,47340,49,8158
0,0,0,0,0,0,0,0,0,0,0,0,0.877973250050837,1549807568,12,47215,49,50,1.341537789462897,1556093823,4,47421,49,8176,0.9915942754829911,1551900651,8,47260,49,63
0,0,0,0,0,0,0,0,0,0,0,0,1.2987021908878076,1556098521,11,47394,49,26,0.8825609714689319,1549803142,5,47225,49,8183,0.5793306234793468,1545610012,10,47086,49,7
0,0,0,0,0,0,0,0,0,0,0,0,0.8021912143580109,1549806325,11,47182,49,18,0.8227911922659035,1549803011,4,47203,49,8168,1.5167651322240712,1558193136,9,47487,49,13
0,0,0,0,0,0,0,0,0,0,0,0,1.6921988280264666,1562389257,11,47560,49,8167,1.6040720860900846,1560288261,4,47535,49,10,1.3560220255253106,1560289678,9,47415,49,1
0,0,0,0,0,0,0,0,0,0,0,0,1.205887411757984,1554000918,11,47352,49,8176,1.588262475149558,1560288642,4,47530,49,8163,1.1112342577515864,1553998878,10,47311,49,75
0,0,0,0,0,0,0,0,0,0,0,0,0.8899071221887512,1549804702,6,47218,49,8177,1.0908332931072526,1553997600,5,47319,49,8148,0.9169331635455381,1551901430,9,47232,49,8155
0,0,0,0,0,0,0,0,0,0,0,0,1.5717427968737594,1560292446,11,47509,49,8175,1.016071775154935,1551900063,4,47284,49,11,0.6380799010917468,1551900880,9,47110,49,8150
0,0,0,0,0,0,0,0,0,0,0,0,1.2412801128264195,1556095693,6,47365,49,8166,0.572597871633622,1545608926,4,47096,49,7,1.6428311940350953,1564484121,9,47539,49,8182
0,0,0,0,0,0,0,0,0,0,0,0,0.679389305686158,1547709548,11,47130,49,49,1.6317133460695583,1560288149,4,47544,49,8135,1.2938041131449731,1556095480,9,47393,49,8182
0,0,0,0,0,0,0,0,0,0,0,0,1.5381866438989242,1558194940,11,47494,49,8178,1.1336725715776883,1553996665,4,47331,49,8129,1.1079719290741468,1553997996,9,47303,49,8136
0,0,0,0,0,0,0,0,0,0,0,0,0.9870065610796366,1551901876,6,47258,49,8157,0.9959793421039272,1551899404,4,47273,49,6,0.8047397524125213,1549804496,9,47180,49,8142
0,0,0,0,0,0,0,0,0,0,0,0,0.9870065610796366,1551901876,6,47258,49,8157,1.6960708643723574,1545608320,4,47065,49,8158,0.596874517695737,1545610290,9,47090,49,58
0,0,0,0,0,0,0,0,0,0,0,0,1.2739179954643347,1556095321,5,47381,49,6,1.5563384085100342,1560288131,4,47515,49,9,1.4964682346016602,1560290078,10,47478,49,12
0,0,0,0,0,0,0,0,0,0,0,0,0.9137748667267993,1549807145,12,47224,49,40,1.0439156569915913,1551899453,4,47299,49,7,1.2933970151382894,1556095848,10,47389,49,40
0,0,0,0,0,0,0,0,0,0,0,0,1.5265594700073954,1560292934,12,47488,49,40,0.9073451708136011,1549802484,4,47238,49,2,1.0042419555552309,1551901424,9,47264,49,8188
0,0,0,0,0,0,0,0,0,0,0,0,1.1340833350541903,1554001645,11,47320,49,8161,1.6247779393307407,1560288572,4,47540,49,8183,0.7738361671882288,1551901272,9,47163,49,74
0,0,0,0,0,0,0,0,0,0,0,0,1.7189218114512053,1562389908,11,47570,49,12,1.3927382436098512,1558191327,4,47447,49,8142,1.6301835052632758,1560289848,9,47535,49,5
0,0,0,0,0,0,0,0,0,0,0,0,0.6842855271788651,1547709571,11,47130,49,27,0.7182470062152374,1547705451,4,47159,49,6,1.085938894851086,1553998106,9,47303,49,15
0,0,0,0,0,0,0,0,0,0,0,0,1.4695444937565831,1558195977,12,47463,49,37,0,1558191447,4,47441,49,,0,1553998106,9,47303,49,15
0,0,0,0,0,0,0,0,0,0,0,0,0.8141250848972754,1549807138,11,47185,49,8181,1.1809973098818658,1553996905,4,47358,49,8182,1.7012737644804248,1562387099,9,47566,49,8166
0,0,0,0,0,0,0,0,0,0,0,0,0.8141250848972754,1549807138,11,47185,49,8181,0.6430765559467267,1547705720,4,47128,49,2,1.4990185911677434,1560287164,4,47477,49,6
0,0,0,0,0,0,0,0,0,0,0,0,0.9024525707364626,1551903338,10,47223,49,8168,1.6213092989047297,1560287899,4,47545,49,8184,1.1417307238200516,1558192404,9,47324,49,61
0,0,0,0,0,0,0,0,0,0,0,0,1.6562967935379604,1560291958,10,47544,49,8191,1.4957544314827573,1558191441,4,47488,49,49,1.5253326200699366,1564483890,9,47491,49,8190
0,0,0,0,0,0,0,0,0,0,0,0,0.9360087280360991,1551904458,12,47238,49,13,1.2129213814366637,1556093607,4,47373,49,8156,1.1548877435784588,1553998616,9,47331,49,8163
0,0,0,0,0,0,0,0,0,0,0,0,1.6664963625508766,1560290216,6,47548,49,18,0.6697995234586637,1547705723,4,47138,49,8183,0.9364158388285909,1551901258,9,47233,49,8130
0,0,0,0,0,0,0,0,0,0,0,0,0.9395795717690042,1551904244,12,47235,49,19,1.6414017157090797,1560288002,4,47556,49,24,0.5519960764277112,1545610260,9,47074,49,24
0,0,0,0,0,0,0,0,0,0,0,0,1.6184559639184661,1560292389,11,47531,49,27,1.068190512578959,1553996563,4,47312,49,1,1.4926947477407455,1558192684,9,47475,49,8133
0,0,0,0,0,0,0,0,0,0,0,0,1.5835744454380682,1560292850,11,47513,49,6,1.5402239503297779,1560288480,4,47508,49,8183,1.137957231674715,1553998468,9,47321,49,30
0,0,0,0,0,0,0,0,0,0,0,0,0.8156549297511819,1549804160,6,47186,49,41,1.3355206551752574,1556094064,4,47419,49,48,1.6882189919179824,1562386952,10,47558,49,8173
0,0,0,0,0,0,0,0,0,0,0,0,0.6890795200630045,1547710263,12,47131,49,24,0.5281283439444674,1545608798,4,47079,49,8177,1.0440178932076551,1556095560,10,47290,49,8181
0,0,0,0,0,0,0,0,0,0,0,0,1.3618383815505406,1556099116,13,47415,49,8148,1.1750824075722235,1553996814,4,47352,49,38,0.8420712080166581,1551901135,9,47190,49,3
0,0,0,0,0,0,0,0,0,0,0,0,1.7443175126126294,1562387633,6,47585,49,8179,0.9047948236821718,1551899269,4,47242,49,18,1.6271238217988089,1560289917,9,47533,49,8189
0,0,0,0,0,0,0,0,0,0,0,0,1.2208809775156486,1554001575,12,47357,49,4,1.5700066140085835,1560288537,4,47519,49,8177,1.383867748981122,1556095226,9,47422,49,11
0,0,0,0,0,0,0,0,0,0,0,0,1.5837789205448434,1560289956,6,47511,49,34,1.3149170487347355,1556094345,4,47412,49,8177,0.9599750760309022,1556095251,9,47250,49,31
0,0,0,0,0,0,0,0,0,0,0,0,1.0299462470001808,1551903899,11,47277,49,30,0.7384416757223599,1547705346,4,47168,49,63,0.9599750760309022,1556095251,9,47250,49,31
0,0,0,0,0,0,0,0,0,0,0,0,1.4118157130490707,1558195677,12,47437,49,0,1.6681246967498302,1562385374,4,47565,49,8151,1.537470980380104,1558192238,8,47492,49,8149
0,0,0,0,0,0,0,0,0,0,0,0,0.8327899124314607,1549804757,6,47194,49,8182,1.1154148522675853,1553996841,4,47328,49,8187,1.2518849433429955,1560289469,9,47375,49,61
0,0,0,0,0,0,0,0,0,0,0,0,1.1759002809337091,1554001377,11,47342,49,66,0.8064722499412758,1549802492,4,47197,49,4,0.8912306934249861,1549804222,9,47223,49,11
0,0,0,0,0,0,0,0,0,0,0,0,1.1759002809337091,1554001377,11,47342,49,66,1.389474084064978,1558190951,4,47449,49,8135,0.6012595977722925,1545610236,9,47098,49,6
0,0,0,0,0,0,0,0,0,0,0,0,0.9612018567396133,1551901593,6,47247,49,8191,1.1027671700179853,1553996763,4,47324,49,8181,1.3868233495571194,1558192477,9,47436,49,1
0,,,,,0,0,0,0,0,0,0,1.5818401277788883,1560292575,11,47514,49,33,1.7006603952178414,1545608226,4,47070,49,8182,1.1330610008357123,1553999155,9,47324,49,8167
0,0,0,0,0,0,0,0,0,0,0,0,0.7225334503083239,1547709397,11,47147,49,8182,1.417522427807254,1558191306,4,47462,49,36,0.7191652745150846,1547707189,9,47150,49,8182
0,0,0,0,0,0,0,0,0,0,0,0,1.3262412078197894,1556098559,11,47404,49,18,0.7735276729321158,1549802215,4,47184,49,30,1.655581121909021,1560289709,9,47545,49,0
0,0,0,0,0,0,0,0,0,0,0,0,1.6336540116843759,1560292372,11,47534,49,8175,1.6971935968405467,1545608614,4,47064,49,4,1.2311791050872114,1556095327,9,47370,49,45
0,0,0,0,0,0,0,0,0,0,0,0,1.0377999316778637,1551901383,6,47280,49,22,1.0746165877740759,1553996579,5,47312,49,8106,1.2311791050872114,1556095327,9,47370,49,45
0,0,0,0,0,0,0,0,0,0,0,0,1.3224677174999389,1556097817,11,47401,49,11,0.7553721941461753,1549802545,4,47178,49,8182,0.5006933740753599,1564484104,9,47564,49,51
0,0,0,0,0,0,0,0,0,0,0,0,0.7217174132599997,1547709520,11,47147,49,1,1.341026606038079,1556093796,4,47428,49,6,1.4122209575633513,1558192861,9,47443,49,8182
0,0,0,0,0,0,0,0,0,0,0,0,1.0033255048544916,1551904089,11,47266,49,29,1.0209680048165102,1551900169,4,47286,49,8188,0.9439628292016199,1551900786,8,47242,49,8185
0,0,0,0,0,0,0,0,0,0,0,0,0.7100902312555702,1547709475,11,47141,49,11,1.235157063811243,1556093308,4,47378,49,25,1.439046172244483,1558192812,9,47452,49,18
0,0,0,0,0,0,0,0,0,0,0,0,1.3287915600352995,1556097770,10,47403,49,35,0.6229823166203162,1547705224,4,47124,49,8148,1.095526889006786,1553998270,9,47308,49,8160
0,0,0,0,0,0,0,0,0,0,0,0,1.618558202173359,1560290661,6,47530,49,8,1.505952133424699,1560288210,4,47499,49,8168,0.7195741922563894,1547707235,9,47146,49,8172
0,0,0,0,0,0,0,0,0,0,0,0,1.0046508852293812,1551904027,11,47269,49,18,0.872564051496687,1549801925,4,47231,49,8142,1.5843886209961136,1564484107,9,47515,49,8
0,0,0,0,0,0,0,0,0,0,0,0,1.3227744218223698,1556098260,11,47398,49,8175,0.5886119221185082,1545608349,4,47103,49,18,1.2027236560527346,1556095385,9,47353,49,8191
0,0,0,0,0,0,0,0,0,0,0,0,0.7098857735180574,1547709964,11,47143,49,51,1.1438721378103425,1553996888,4,47339,49,8160,0.8922511936500489,1549804131,9,47221,49,33
0,0,0,0,0,0,0,0,0,0,0,0,0.9919027884007011,1551900420,5,47258,49,8182,0.7560860000144611,1547704697,4,47181,49,16,1.6600684080941635,1562387080,9,47549,49,7
0,0,0,0,0,0,0,0,0,0,0,0,1.5827584054859605,1560292938,11,47513,49,35,1.3382736309824241,1556094348,4,47425,49,8168,1.3661193571020698,1556095532,9,47423,49,8142
0,0,0,0,0,0,0,0,0,0,0,0,0.6685781603331721,1547707573,6,47124,49,59,0.9582407655190359,1551900016,5,47263,49,18,0.9190745813585911,1551901680,10,47238,49,3
0,0,0,0,0,0,0,0,0,0,0,0,0.6685781603331721,1547707573,6,47124,49,59,1.5094207702559095,1560288083,4,47499,49,8191,0.9190745813585911,1551901680,10,47238,49,3
0,0,0,0,0,0,0,0,0,0,0,0,1.5492022523133744,1560292066,11,47498,49,8175,1.1732458600602567,1553997215,4,47355,49,8150,1.4313969593507563,1560289847,9,47447,49,34
0,0,0,0,0,0,0,0,0,0,0,0,1.2107836436460122,1554001788,13,47352,49,47,1.334295670126518,1556093587,4,47424,49,8155,0.6771438579174999,1551901102,8,47130,49,33
0,0,0,0,0,0,0,0,0,0,0,0,1.8002115714793283,1545612215,11,47093,49,8178,0.7291603781427306,1547705156,4,47165,49,29,0.6771438579174999,1551901102,8,47130,49,33
0,0,0,0,0,0,0,0,0,0,0,0,0.8651229162217778,1549806553,10,47205,49,11,1.511868890515083,1558190511,4,47499,49,8175,1.2063967469383399,1558192623,9,47349,49,8166
0,0,0,0,0,0,0,0,0,0,0,0,1.4305827711339139,1558193100,6,47445,49,8191,0.8685879109750502,1549801794,4,47222,49,8184,0.920197314580237,1551901575,9,47235,49,8177
0,0,0,0,0,0,0,0,0,0,0,0,1.6609885579315018,1560292939,12,47546,49,58,1.6610870506462578,1562384834,4,47564,49,8141,1.651807636774742,1562386629,8,47542,49,34
0,0,0,0,0,0,0,0,0,0,0,0,1.2363838803160032,1556097913,11,47365,49,18,0.6107435585441995,1547705239,4,47118,49,2,0.9247868467657964,1551901571,9,47238,49,8165
0,0,0,0,0,0,0,0,0,0,0,0,1.2363838803160032,1556097913,11,47365,49,18,1.1755917419378537,1553996738,4,47356,49,8167,0.6424667702014492,1547706801,9,47110,49,19
0,0,0,0,0,0,0,0,0,0,0,0,0.8007635993178941,1549806950,11,47180,49,8173,0.7640419140425347,1549802905,5,47183,49,10,1.3740752784044703,1560289734,9,47425,49,8157
0,0,0,0,0,0,0,0,0,0,0,0,1.3703036362819905,1558195271,11,47420,49,12,1.3281763004388314,1556093569,4,47420,49,8154,1.3740752784044703,1560289734,9,47425,49,8157
0,0,0,0,0,0,0,0,0,0,0,0,1.5758229964747126,1560292876,12,47509,49,8174,0.9188701142774899,1551899369,4,47249,49,8165,0.6693924039077618,1547707721,10,47126,49,6
0,0,0,0,0,0,0,0,0,0,0,0,0.9282572748131677,1549807061,12,47234,49,39,1.4952432410614864,1558190982,4,47493,49,52,1.5577678788080869,1560289200,8,47504,49,18
0,0,0,0,0,0,0,0,0,0,0,0,1.156828352019137,1554001722,12,47329,49,8163,1.09817764020057,1553996617,4,47322,49,8190,1.1762051493029198,1553998384,10,47341,49,8183
0,0,0,0,0,0,0,0,0,0,0,0,1.6999502760038492,1562390384,12,47564,49,13,1.6501736822095556,1560287785,4,47558,49,8184,0.9119365186511658,1549803950,9,47228,49,8160
0,0,0,0,0,0,0,0,0,0,0,0,0.7165162983477151,1547709446,11,47142,49,69,0.628082998212714,1547705218,4,47123,49,8186,1.388150570579698,1562387256,10,47431,49,8184
0,0,0,0,0,0,0,0,0,0,0,0,1.497592843808873,1558194671,10,47476,49,31,1.4792310200600125,1558190874,4,47482,49,8185,0.9852704355093149,1551901831,9,47261,49,18
0,0,0,0,0,0,0,0,0,0,0,0,1.497592843808873,1558194671,10,47476,49,31,0.8174878525919107,1549802872,4,47202,49,8168,0.6968291799468375,1547706636,8,47137,49,4
0,0,0,0,0,0,0,0,0,0,0,0,1.8243841998737769,1547709944,12,47104,49,8181,0.6109480175037227,1547705693,5,47115,49,8178,0.7858704664181441,1549804223,10,47177,49,37
0,0,0,0,0,0,0,0,0,0,0,0,1.3615316759333704,1558194731,10,47418,49,52,0.7781172053081176,1549802792,4,47188,49,23,1.265960235215008,1556095861,10,47382,49,8162
0,0,0,0,0,0,0,0,0,0,0,0,0.6861220576863455,1547710862,13,47128,49,23,1.3511257895593987,1556094445,4,47426,49,14,0.9295808422980884,1556095261,9,47240,49,8154
0,0,0,0,0,0,0,0,0,0,0,0,0.8979652675351214,1549804338,6,47219,49,50,0.8985732162540381,1549802481,4,47239,49,12,1.6991323612678069,1562387376,9,47567,49,8151
0,0,0,0,0,0,0,0,0,0,0,0,1.4071239485278597,1558195339,11,47435,49,8,1.444042791058225,1558191388,4,47467,49,8147,1.3953926889147772,1562386425,8,47433,49,8184
0,0,0,0,0,0,0,0,0,0,0,0,1.584697197824129,1560292742,11,47510,49,10,0.9928174215831627,1551900153,4,47275,49,25,0.9224409647126536,1556095456,10,47238,49,8161
0,0,0,0,0,0,0,0,0,0,0,0,0.8956193857931731,1551903594,11,47219,49,2,1.4962637575269848,1558191438,4,47491,49,8177,0.9224409647126536,1556095456,10,47238,49,8161
0,0,0,0,0,0,0,0,0,0,0,0,0,,,,,,1.0139303589124211,1551899888,4,47284,49,8171,1.3702999395657876,1558192718,9,47431,49,8189
0,0,0,0,0,0,0,0,0,0,0,0,0,1560293013,12,47528,49,13,1.4996301554464546,1558191113,4,47490,49,59,1.0784941428044852,1556095235,9,47300,49,8164
0,0,0,0,0,0,0,0,0,0,0,0,1.8056171427624172,1545612595,11,47097,49,36,0.9918991504124856,1551899427,4,47276,49,37,0.6190079494146842,1549803834,8,47101,49,41
0,0,0,0,0,0,0,0,0,0,0,0,1.1140913073240812,1553998753,6,47317,49,50,1.4838205460601923,1558191075,4,47485,49,8164,1.5142147740603622,1560290380,10,47492,49,56
0,0,0,0,0,0,0,0,0,0,0,0,1.3514343436530132,1556098281,12,47414,49,8162,0.9778238590511507,1551899785,4,47270,49,42,14.241614676566037,1551901743,9,47287,49,71
0,0,0,0,0,0,0,0,0,0,0,0,0.704786887683035,1547709772,11,47138,49,7,1.458015845055533,1558191517,4,47474,49,30,0.722429423175405,1547707379,9,47151,49,24
0,0,0,0,0,0,0,0,0,0,0,0,0.9053077982029384,1551904610,12,47228,49,11,0.9329454055430727,1551899658,4,47254,49,18,1.4590363603015453,1558192971,10,47465,49,8170
0,0,0,0,0,0,0,0,0,0,0,0,1.0463674227925015,1551903983,12,47285,49,8190,1.3540832381060313,1556093787,4,47429,49,8145,1.544201913043821,1560289525,9,47502,49,39
0,0,0,0,0,0,0,0,0,0,0,0,1.3000275639279273,1556095991,6,47398,49,16,0.8299310683980734,1549802491,4,47208,49,8185,1.0990977417964016,1556095254,9,47306,49,8185
0,0,0,0,0,0,0,0,0,0,0,0,1.3000275639279273,1556095991,6,47398,49,16,1.312673402784884,1556094064,4,47411,49,30,1.0990977417964016,1556095254,9,47306,49,8185
0,0,0,0,0,0,0,0,0,0,0,0,0,1551902227,7,47251,49,8182,0.7766895920880716,1549802288,4,47186,49,8184,1.625084655609155,1560289677,9,47533,49,25
0,0,0,0,0,0,0,0,0,0,0,0,1.5536895422315324,1560290290,6,47503,49,22,1.2003759332216315,1556093665,4,47368,49,8188,1.3486776719084455,1558192718,9,47419,49,37
0,0,0,0,0,0,0,0,0,0,0,0,0.6474652211447275,1547707032,6,47116,49,8167,0.6972362989735431,1547705364,4,47149,49,20,0.9003093397944394,1553998425,9,47224,49,8175
0,0,0,0,0,0,0,0,0,0,0,0,1.2534166261516584,1556098147,11,47375,49,8185,1.1601910771104709,1553996858,4,47346,49,8158,0.9003093397944394,1553998425,9,47224,49,8175
0,0,0,0,0,0,0,0,0,0,0,0,1.556953701808222,1560292494,11,47503,49,8188,0.5992186081955305,1545607933,4,47110,49,8158,1.4168104848770111,1558193446,9,47448,49,8169
0,0,0,0,0,0,0,0,0,0,0,0,0.9728290367991708,1551904234,11,47254,49,8182,1.0489141207710302,1551899661,4,47301,49,8166,1.1662100504097548,1553998083,8,47337,49,37
0,0,0,0,0,0,0,0,0,0,0,0,1.3078830897640787,1556098285,11,47393,49,8143,1.6821999876004872,1545607930,4,47060,49,66,0.734974870189363,1547706864,9,47157,49,8155
0,0,0,0,0,0,0,0,0,0,0,0,0.739975121113356,1547707887,7,47153,49,26,0.9262144573929227,1551899620,4,47248,49,8111,1.6866891503123749,1562386830,9,47562,49,10
0,0,0,0,0,0,0,0,0,0,0,0,1.0900209134930674,1554000856,11,47305,49,8191,1.580715505694994,1560288645,4,47527,49,8132,1.2660624702587666,1560289766,9,47382,49,25
0,0,0,0,0,0,0,0,0,0,0,0,1.7275914541218342,1562390584,12,47574,49,8128,0.804840174331981,1549802917,4,47198,49,8168,1.0182150158572796,1551901563,10,47276,49,8170
0,0,0,0,0,0,0,0,0,0,0,0,0.8956193857931731,1549804180,6,47219,49,15,1.4478162775926695,1558191397,4,47470,49,8164,0.6213538317391243,1547706747,9,47103,49,17
0,0,0,0,0,0,0,0,0,0,0,0,1.5402276720211354,1560292484,11,47491,49,35,0.6395075170352125,1547705140,4,47123,49,23,1.5485869620397479,1564484289,10,47508,49,63
0,0,0,0,0,0,0,0,0,0,0,0,0.71478199603212,1547707570,6,47144,49,18,1.2444383557668282,1556093800,4,47384,49,8161,1.1932378937778643,1553998202,9,47352,49,8142
0,0,0,0,0,0,0,0,0,0,0,0,1.3688741837406984,1556095694,6,47427,49,4,1.6482348810625729,1560288137,4,47561,49,8182,0.9130574368830915,1549803637,9,47235,49,57
0,0,0,0,0,0,0,0,0,0,0,0,1.2223085875503046,1556097835,11,47360,49,53,0,1558190524,,47458,49,8183,0,1558192837,9,47484,49,8183
0,0,0,0,0,0,0,0,0,0,0,0,1.639161816665249,1560290351,6,47537,49,49,0.7992301417037933,1549802695,4,47197,49,8142,1.0474865118480177,1553998235,10,47293,49,14
0,0,0,0,0,0,0,0,0,0,0,0,1.1190897708923935,1553998730,6,47316,49,8160,1.2007848739823825,1553996998,5,47364,49,8149,0.772406751607745,1553997979,9,47174,49,8169
0,0,0,0,0,0,0,0,0,0,0,0,1.5468563705395084,1560290425,6,47498,49,39,0.5526076563462702,1545608880,5,47087,49,31,1.620799977018788,1562387122,10,47536,49,70
0,0,0,0,0,0,0,0,0,0,0,0,1.0380043961068937,1551904604,12,47279,49,46,0.8973482482427989,1551898839,4,47243,49,8178,1.355919789819962,1556095359,9,47421,49,47
0,0,0,0,0,0,0,0,0,0,0,0,1.4715836667409419,1558195798,11,47468,49,35,1.4971820355598948,1558191004,4,47490,49,25,0.9560993495703669,1556095464,9,47253,49,8184
0,0,0,0,0,0,0,0,0,0,0,0,1.4715836667409419,1558195798,11,47468,49,35,0.6743890575717459,1547705455,4,47141,49,1,0.7344655217578394,1547706655,9,47154,49,8179
0,0,0,0,0,0,0,0,0,0,0,0,1.4825992746731664,1558195754,12,47472,49,4,1.2154717340804264,1556093380,4,47372,49,8155,1.5416515547073486,1564483839,9,47504,49,47
0,0,0,0,0,0,0,0,0,0,0,0,0.9845584477431276,1551904204,12,47259,49,25,1.6088660884176638,1560287802,4,47539,49,22,1.318997245820553,1558192698,10,47407,49,16
0,0,0,0,0,0,0,0,0,0,0,0,1.4692377845840678,1558195134,10,47467,49,8166,0.9331498706612562,1551899626,4,47252,49,8180,0.9302946483023893,1551901466,9,47242,49,8184
0,0,0,0,0,0,0,0,0,0,0,0,0.9909845195829787,1551904144,11,47260,49,59,1.3508190801265245,1556093528,4,47429,49,8178,0.6927489946690772,1547707434,9,47139,49,8185
0,0,0,0,0,0,0,0,0,0,0,0,1.4791306421135462,1558195732,12,47474,49,32,0.6605182252850856,1547705752,4,47133,49,8170,1.5276785013570628,1560289929,9,47497,49,59
0,0,0,0,0,0,0,0,0,0,0,0,1.029334673283215,1551901415,6,47276,49,49,1.04575220040291,1551899431,4,47300,49,10,1.5276785013570628,1560289929,9,47497,49,59
0,0,0,0,0,0,0,0,0,0,0,0,1.5272732731304968,1560292598,11,47490,49,8187,1.5903035112056614,1560288113,4,47529,49,8158,0.9443717551789202,1553998261,9,47240,49,8
0,0,0,0,0,0,0,0,0,0,0,0,1.6304920906182594,1560292420,11,47536,49,8179,1.3470455923296116,1556093874,4,47426,49,8181,1.5982594363818734,1560290101,9,47525,49,8150
0,0,0,0,0,0,0,0,0,0,0,0,1.2096609046027704,1556097864,11,47358,49,49,0.5517916195942063,1545608434,4,47087,49,8189,1.4212996281864823,1558192903,9,47444,49,28
0,0,0,0,0,0,0,0,0,0,0,0,1.7789964016501578,1562389778,11,47600,49,50,1.0772673368965717,1553996985,4,47319,49,50,1.0993003810667654,1553998417,9,47313,49,30
0,0,0,0,0,0,0,0,0,0,0,0,1.3731588525850549,1556097416,10,47427,49,8170,1.4768851381265602,1558191241,4,47481,49,1,0.9328449938503948,1551901687,9,47241,49,8178
0,0,0,0,0,0,0,0,0,0,0,0,0.7509907252272842,1547709489,11,47159,49,78,0.8192221590981479,1549802788,4,47201,49,8122,0.6427734549638141,1549803868,9,47109,49,0
0,0,0,0,0,0,0,0,0,0,0,0,1.5343109205506604,1560292704,11,47495,49,8158,1.197520718055299,1553996909,4,47364,49,8154,1.6316111073171258,1560290022,10,47542,49,4
0,0,0,0,0,0,0,0,0,0,0,0,0.8961287321990923,1549806367,10,47224,49,8171,1.6970913649192456,1545608137,4,47066,49,1,1.3423538292446822,1556095608,10,47418,49,8159
0,0,0,0,0,0,0,0,0,0,0,0,1.7055603209149222,1562389594,11,47568,49,8171,0.8835814721467431,1549802665,4,47226,49,17,1.197113618939158,1556095672,9,47354,49,14
0,0,0,0,0,0,0,0,0,0,0,0,1.1107267469915747,1554001379,12,47312,49,20,1.396002401454076,1558190928,4,47450,49,8156,0.9247868465104574,1551901501,10,47240,49,31
0,0,0,0,0,0,0,0,0,0,0,0,1.1107267469915747,1554001379,12,47312,49,20,0.5719862914659953,1545608226,4,47097,49,8162,0.7749570938176046,1549804071,9,47173,49,36
0,0,0,0,0,0,0,0,0,0,0,0,0.9562033992238127,1551903890,11,47251,49,11,1.4298652621413588,1558191361,4,47462,49,5,1.5569518389118218,1560289887,10,47506,49,8151
0,0,0,0,0,0,0,0,0,0,0,0,1.5803102866496006,1560292604,11,47516,49,4,0.7368096005758668,1547706054,5,47169,49,28,1.3297079909320653,1556095389,8,47406,49,8188
0,0,0,0,0,0,0,0,0,0,0,0,0.6507293691867586,1547710092,12,47118,49,41,1.5304314686269929,1560288146,4,47508,49,8182,0.9461042477907922,1551901337,9,47247,49,8155
0,0,0,0,0,0,0,0,0,0,0,0,1.4892298292768347,1558194727,10,47473,49,34,0.680712895790675,1547705724,4,47143,49,2,0.7960700317931897,1553997808,8,47182,49,33
0,0,0,0,0,0,0,0,0,0,0,0,0.9447806825910366,1551904370,12,47243,49,8156,1.1924218548009553,1553996863,4,47358,49,8171,0.5903462245764262,1545609692,9,47095,49,8182
0,0,0,0,0,0,0,0,0,0,0,0,1.7702244481175935,1562389856,12,47598,49,36,1.495345479341418,1558190589,4,47492,49,6,1.6122324894969522,1562386698,9,47532,49,15
0,0,0,0,0,0,0,0,0,0,0,0,1.4713791938211631,1558193373,7,47473,49,8158,1.521150179819441,1560288003,4,47503,49,8170,0.9820062831972387,1551901345,9,47263,49,8167
0,0,0,0,0,0,0,0,0,0,0,0,1.0915507583327477,1554000693,11,47309,49,8158,0.6487888156178231,1547705564,5,47128,49,1,0.8407440203953782,1549804380,9,47200,49,8
0,0,0,0,0,0,0,0,0,0,0,0,1.7166781701109206,1562387616,6,47572,49,35,1.137446062210049,1553996783,4,47337,49,8180,0.6419556281656542,1547707331,10,47117,49,74
0,0,0,0,0,0,0,0,0,0,0,0,1.3544940310426572,1558195106,11,47419,49,54,1.4736209785095562,1558191123,4,47481,49,24,1.6844455076191185,1562387704,10,47560,49,40
0,0,0,0,0,0,0,0,0,0,0,0,1.6032597827068442,1560290222,6,47524,49,23,1.051973807491751,1553996296,4,47303,49,8160,1.3496981831529766,1558192545,9,47418,49,8178
0,0,0,0,0,0,0,0,0,0,0,0,1.0151571494197613,1551902391,7,47274,49,40,1.500444329309034,1560288263,4,47498,49,8128,1.1040943784873791,1553998428,10,47314,49,6
0,0,0,0,0,0,0,0,0,0,0,0,0.6200284448010703,1547709102,10,47108,49,5,0.6006462238794601,1545608442,5,47112,49,41,0.9785394855199989,1556095136,8,47257,49,9
0,0,0,0,0,0,0,0,0,0,0,0,1.248011058491046,1556098397,11,47375,49,17,1.0623778408502464,1551899419,4,47305,49,8128,0.7897461929893531,1549804527,10,47180,49,8156
0,0,0,0,0,0,0,0,0,0,0,0,1.248011058491046,1556098397,11,47375,49,17,1.3595910414539345,1556093865,4,47431,49,42,0.6608249128999912,1547706926,9,47124,49,8185
0,0,0,0,0,0,0,0,0,0,0,0,1.5445104896274116,1560293137,12,47500,49,6,0.5796355163807065,1545607789,4,47102,49,8177,1.6528262838057632,1560289753,9,47550,49,8188
0,0,0,0,0,0,0,0,0,0,0,0,1.5445104896274116,1560293137,12,47500,49,6,0.8661397976076114,1549802848,4,47221,49,8179,1.5176834093879161,1560289458,9,47491,49,8165
0,0,0,0,0,0,0,0,0,0,0,0,0.6110538277088565,1545612788,12,47100,49,36,1.23954212075214,1556093592,4,47384,49,8189,1.302780543207232,1556095703,9,47398,49,19
0,0,0,0,0,0,0,0,0,0,0,0,1.4351723017108324,1558193275,6,47452,49,4,1.5351232323023938,1560288600,4,47510,49,8179,1.1656988803810087,1553998078,9,47342,49,6
0,0,0,0,0,0,0,0,0,0,0,0,0.8735881790688975,1549807031,11,47214,49,44,0.7485390098441623,1549802055,4,47174,49,38,0.9023485280771649,1549803898,9,47229,49,15
0,0,0,0,0,0,0,0,0,0,0,0,1.7031122000205887,1562390266,12,47569,49,8185,1.0082180904890254,1551899128,4,47284,49,8178,0.7450722054369602,1547707483,9,47163,49,3
0,0,0,0,0,0,0,0,0,0,0,0,1.1598880414848,1553999311,7,47335,49,8179,1.4408808693485387,1558191200,4,47466,49,8175,1.6798559828387156,1564483915,8,47558,49,28
0,0,0,0,0,0,0,0,0,0,0,0,0.7890341899458669,1549806253,10,47179,49,10,1.6842392223299967,1545607890,4,47064,49,23,1.5116662785296349,1560290081,10,47487,49,8158
0,0,0,0,0,0,0,0,0,0,0,0,1.4349678291879717,1558196109,12,47454,49,8191,0.8945952583605412,1549802804,4,47238,49,8189,1.2379118862274856,1556096157,9,47371,49,8159
0,0,0,0,0,0,0,0,0,0,0,0,1.0768638925952976,1554000570,11,47301,49,48,1.2025191868089404,1553997220,4,47363,49,8179,1.065337121925139,1553998545,9,47295,49,8190
0,0,0,0,0,0,0,0,0,0,0,0,1.7140255078665836,1562389766,11,47574,49,8191,1.5910173125788218,1560288515,4,47530,49,12,0.7740388263177901,1547706618,8,47175,49,19
0,0,0,0,0,0,0,0,0,0,0,0,1.3545962664659095,1556098305,11,47418,49,5,0.6370594059505605,1547705338,4,47123,49,2,0.6248206460071805,1547706694,9,47110,49,8184
0,0,0,0,0,0,0,0,0,0,0,0,0.7932166061416032,1549807527,13,47178,49,8161,1.3236890092406148,1556094723,4,47415,49,8,1.3391919078326595,1556095476,9,47418,49,8188
0,0,0,0,0,0,0,0,0,0,0,0,1.0472856945077733,1551904847,13,47287,49,20,1.664860533926497,1562384889,4,47566,49,8150,1.0651326561700736,1551901338,8,47297,49,25
0,0,0,0,0,0,0,0,0,0,0,0,1.0472856945077733,1551904847,13,47287,49,20,0.7326271825151843,1547704635,4,47170,49,19,0.831258261768457,1549803607,8,47198,49,8151
0,0,0,0,0,0,0,0,0,0,0,0,1.2966630149472878,1556097686,11,47394,49,43,1.1500937449841866,1553997026,4,47341,49,8185,0.5391457311314393,1564484270,9,47582,49,8160
0,0,0,0,0,0,0,0,0,0,0,0,0.9226472430378186,1549806575,11,47237,49,38,1.4013057301332204,1558191107,4,47454,49,8170,1.4978958383152132,1558192986,9,47486,49,1
0,0,0,0,0,0,0,0,0,0,0,0,1.1801849429296811,1554000804,11,47344,49,4,0.8545126193583763,1549802567,4,47215,49,14,0.9458997837120465,1551901235,9,47250,49,8127
0,0,0,0,0,0,0,0,0,0,0,0,0.606769188586549,1547709605,11,47102,49,55,1.2070046360734326,1556093098,4,47375,49,8188,0.7232454602906995,1547706733,8,47153,49,8160
0,0,0,0,0,0,0,0,0,0,0,0,0.606769188586549,1547709605,11,47102,49,55,1.4704590566978708,1558190321,4,47480,49,8190,0.5333312481129783,1562387601,10,47583,49,17
0,0,0,0,0,0,0,0,0,0,0,0,0.854616660488472,1549807820,13,47208,49,25,0.656335810046357,1547704973,4,47134,49,37,1.43884169906585,1558193098,9,47457,49,8155
0,0,0,0,0,0,0,0,0,0,0,0,0.854616660488472,1549807820,13,47208,49,25,0.9109141985418373,1551899616,4,47246,49,8157,1.266062470290684,1556096115,9,47383,49,8170
0,0,0,0,0,0,0,0,0,0,0,0,1.112970396911039,1553998919,6,47315,49,51,1.5651103726694269,1560288310,4,47520,49,30,0.9162211700305312,1549803866,8,47229,49,0
0,0,0,0,0,0,0,0,0,0,0,0,1.3984542252604621,1558195925,12,47436,49,8185,0.7265078052297992,1547705169,4,47166,49,58,0.6341037353963888,1545609633,9,47107,49,22
0,0,0,0,0,0,0,0,0,0,0,0,0.9822125667512371,1551901908,7,47261,49,7,0.9819040501680799,1551899774,4,47270,49,9,1.6588452833889922,1562387149,8,47548,49,47
0,0,0,0,0,0,0,0,0,0,0,0,1.597038176040883,1560290144,6,47521,49,11,1.2985981111841693,1556093418,4,47405,49,8183,1.4106911150984034,1558192827,9,47445,49,5
0,0,0,0,0,0,0,0,0,0,0,0,1.1966061184746424,1553999302,7,47351,49,35,1.5079931669947637,1558190595,4,47496,49,36,1.233015652574191,1556095351,9,47371,49,8146
0,0,0,0,0,0,0,0,0,0,0,0,1.7445219760096693,1562389558,11,47587,49,8165,0.6045219504992285,1547705009,4,47114,49,18,0.9319267240879127,1551900914,9,47243,49,24
0,0,0,0,0,0,0,0,0,0,0,0,1.7445219760096693,1562389558,11,47587,49,8165,0.8149375084315778,1549802604,4,47202,49,8163,0.795051337244785,1549804188,8,47177,49,8178
0,0,0,0,0,0,0,0,0,0,0,0,0.7344673209950235,1547707171,7,47154,49,40,1.125614418536671,1553996930,4,47332,49,8164,1.6827111873905276,1562387226,9,47562,49,72
0,0,0,0,0,0,0,0,0,0,0,0,1.527884839511315,1560292444,11,47495,49,22,1.333888576486645,1556094002,5,47418,49,8128,1.5217636088647406,1562386657,8,47492,49,8175
0,0,0,0,0,0,0,0,0,0,0,0,0.9133659455289048,1551903675,12,47232,49,11,1.6329364689449435,1560288606,4,47550,49,8190,1.2383189853804244,1556096010,10,47375,49,8137
0,0,0,0,0,0,0,0,0,0,0,0,0.9133659455289048,1551903675,12,47232,49,11,0.6133961287542204,1547704808,4,47114,49,8184,1.0562602912922046,1553998316,9,47288,49,12
0,0,0,0,0,0,0,0,0,0,0,0,0.6478741350203717,1547709879,12,47115,49,8159,1.0895079175333051,1553997072,4,47318,49,8149,0.617987456772471,1545609668,9,47105,49,8170
0,0,0,0,0,0,0,0,0,0,0,0,1.2096609049538614,1554001133,11,47359,49,20,1.3595910415656454,1556094268,4,47430,49,8186,1.4877985084963492,1558192931,9,47481,49,8151
0,0,0,0,0,0,0,0,0,0,0,0,0.789747996742929,1549806524,11,47178,49,8182,1.5079931671862679,1558190849,4,47495,49,8168,1.2501506301768033,1558192485,9,47379,49,40
0,0,0,0,0,0,0,0,0,0,0,0,1.3710174411092053,1558195165,11,47423,49,20,0.5957517967581756,1545608177,4,47103,49,8141,0.9476340917551608,1551901714,9,47249,49,26
0,0,0,0,0,0,0,0,0,0,0,0,1.3710174411092053,1558195165,11,47423,49,20,0.7331383351751416,1547705748,4,47164,49,8184,0.7466020500844285,1549804246,10,47164,49,32
0,0,0,0,0,0,0,0,0,0,0,0,1.4681168883887907,1558193142,6,47463,49,8164,0.9190745796829297,1551898795,4,47245,49,8179,1.6028489616195138,1560290255,9,47529,49,12
0,0,0,0,0,0,0,0,0,0,0,0,1.4681168883887907,1558193142,6,47463,49,8164,1.0811448963338253,1553996507,4,47312,49,8176,1.3666286878128457,1558192563,9,47429,49,46
0,0,0,0,0,0,0,0,0,0,0,0,1.545428765844762,1560293546,13,47497,49,8153,1.3204248519181963,1556093595,4,47414,49,8123,1.0286190472566017,1556095599,9,47280,49,46
0,0,0,0,0,0,0,0,0,0,0,0,1.1005271791689708,1554001780,13,47307,49,38,1.3204248519181963,1556093595,4,47414,49,8123,0.7855655792572724,1547706486,9,47175,49,8176
0,0,0,0,0,0,0,0,0,0,0,0,1.617028360802263,1560292874,12,47531,49,8145,1.6596594497213262,1560287874,4,47560,49,21,1.62845105526181,1562386755,9,47535,49,36
0,0,0,0,0,0,0,0,0,0,0,0,1.179164436108586,1554001341,12,47344,49,18,0.6127845497841781,1545608095,4,47112,49,18,1.390291980177545,1558192987,10,47438,49,8186
0,0,0,0,0,0,0,0,0,0,0,0,1.7053558423208093,1562390029,12,47569,49,70,0.86287564645842,1549803209,4,47220,49,8151,1.0530965470007756,1551901080,9,47296,49,6
0,0,0,0,0,0,0,0,0,0,0,0,1.7053558423208093,1562390029,12,47569,49,70,0.9943472653865535,1551900319,5,47275,49,27,0.7810764721660237,1553998044,9,47179,49,8182
0,0,0,0,0,0,0,0,0,0,0,0,1.762472994839999,1562389588,11,47593,49,6,1.2038445600085594,1553997270,4,47365,49,8186,1.6329383421907888,1562386839,9,47539,49,8186
0,0,0,0,0,0,0,0,0,0,0,0,1.762472994839999,1562389588,11,47593,49,6,1.3479638682309882,1556094161,4,47424,49,8181,1.3767260183689325,1558192538,9,47435,49,69
0,0,0,0,0,0,0,0,0,0,0,0,0.6430801414628565,1547709406,11,47112,49,8175,1.5214568950855794,1560287850,4,47498,49,8147,1.0425921070587336,1553997863,8,47287,49,8145
0,0,0,0,0,0,0,0,0,0,0,0,1.3771368129520971,1558195300,11,47427,49,61,1.6628213723524556,1562385004,4,47560,49,56,0.7811787024395282,1549804558,9,47178,49,8158
0,0,0,0,0,0,0,0,0,0,0,0,0.6758202645517021,1547709324,11,47127,49,25,0.6437903640773388,1547705815,5,47127,49,8180,1.6079496799430817,1560290292,10,47528,49,50
0,0,0,0,0,0,0,0,0,0,0,0,0.6758202645517021,1547709324,11,47127,49,25,0.7701612919503085,1549802400,4,47184,49,8175,1.3736663335014927,1558192547,9,47433,49,7
0,0,0,0,0,0,0,0,0,0,0,0,0.7429325826965834,1547710333,13,47157,49,8155,0.9851682030574505,1551899760,4,47268,49,8141,0.9664011474302437,1551901320,9,47258,49,8169
0,0,0,0,0,0,0,0,0,0,0,0,0.7791413116523673,1549807196,12,47170,49,75,1.301148464855143,1556094547,4,47402,49,8172,1.5828587793228523,1560289779,9,47518,49,1
0,0,0,0,0,0,0,0,0,0,0,0,0.7765909705787954,1549806381,11,47171,49,3,1.5377758302981992,1560288363,4,47506,49,8182,0.9217271582805917,1551901714,10,47240,49,20
0,0,0,0,0,0,0,0,0,0,0,0,1.4882093158516414,1558195364,12,47474,49,35,1.6494598818827384,1560288358,4,47555,49,12,0.6580719089274004,1547707092,9,47121,49,7
0,0,0,0,0,0,0,0,0,0,0,0,0.740688929636737,1547709186,11,47155,49,8180,0.5761687043133377,1545607640,4,47094,49,8182,1.4726023239502366,1558192788,9,47471,49,6
0,0,0,0,0,0,0,0,0,0,0,0,1.4485337908430935,1558195669,12,47455,49,44,0.6153330938218994,1547704663,4,47118,49,11,1.1920147533693524,1556095036,8,47350,49,8
0,0,0,0,0,0,0,0,0,0,0,0,0.6648046619843747,1547707713,6,47123,49,8171,0.7325267581485811,1547705589,4,47161,49,8179,0.7235521490282396,1547706959,9,47152,49,46
0,0,0,0,0,0,0,0,0,0,0,0,1.7533961591161522,1562390109,11,47586,49,38,0.7854615441625825,1549802507,4,47186,49,7,1.1170487609102417,1553997838,9,47318,49,2
0,0,0,0,0,0,0,0,0,0,0,0,1.207417256077275,1554000720,11,47355,49,51,0.7854615441625825,1549802507,4,47186,49,7,0.7935196889130655,1549804645,9,47186,49,8185
0,0,0,0,0,0,0,0,0,0,0,0,1.5545055824851228,1560290676,7,47504,49,38,0.7977002982143786,1549803078,4,47194,49,8183,1.5315560876046233,1560289983,9,47494,49,8156
0,0,0,0,0,0,0,0,0,0,0,0,0.9988382047012578,1551903760,11,47264,49,8147,0.7698564084001016,1549802015,4,47179,49,12,1.1442810737042788,1556094993,8,47331,49,8176
0,0,0,0,0,0,0,0,0,0,0,0,1.309922268290638,1556098484,11,47398,49,8189,0.6883621194484691,1547705673,4,47146,49,21,0.6157420110547226,1547707201,9,47113,49,8188
0,0,0,0,0,0,0,0,0,0,0,0,0.7041735145142,1547707792,7,47145,49,8181,0.6346112951351199,1547705319,4,47121,49,8170,1.483106744390064,1560289871,9,47481,49,42
0,0,0,0,0,0,0,0,0,0,0,0,0.9568149735253196,1551901802,7,47252,49,46,0.5652553312562433,1545608284,4,47089,49,8186,0.9676261136195549,1551901380,9,47255,49,51
0,0,0,0,0,0,0,0,0,0,0,0,1.5591973468148297,1560292858,11,47506,49,46,1.6806701479428887,1562385479,4,47565,49,8171,0.6344086313120353,1547707512,9,47114,49,17
0,0,0,0,0,0,0,0,0,0,0,0,0.644916670526394,1547709445,11,47110,49,3,1.6341614673518068,1560288487,4,47541,49,8182,1.2984958756873077,1556095856,10,47403,49,65
0,0,0,0,0,0,0,0,0,0,0,0,0.7522138821052753,1547707043,6,47162,49,71,1.3017600329840562,1556094202,4,47400,49,15,1.2356682390803664,1558192820,9,47371,49,44
0,0,0,0,0,0,0,0,0,0,0,0,0.9328468087989835,1551904530,13,47239,49,8169,1.1559064152141991,1553997250,4,47342,49,41,0.6975429879550019,1547707165,9,47143,49,8
0,0,0,0,0,0,0,0,0,0,0,0,1.4584266502779515,1558193647,7,47462,49,8184,1.0473842786231817,1551899492,4,47294,49,10,0.6975429879550019,1547707165,9,47143,49,8
0,0,0,0,0,0,0,0,0,0,0,0,1.6181511151814516,1560289989,6,47528,49,8147,0.8879665420010321,1549802611,4,47225,49,8182,0.9272349600295036,1551900679,8,47243,49,37
0,0,0,0,0,0,0,0,0,0,0,0,0.9025548023150647,1551903305,11,47224,49,39,0.8879665420010321,1549802611,4,47225,49,8182,0.5676012132694892,1545610323,10,47089,49,8182
0,0,0,0,0,0,0,0,0,0,0,0,1.0471834613586326,1551904117,12,47286,49,8,0.6136005872862998,1545608117,4,47107,49,8187,1.200377774207055,1556095496,9,47357,49,51
0,0,0,0,0,0,0,0,0,0,0,0,1.3286893259286383,1556095991,6,47406,49,26,0.6136005872862998,1545608117,4,47107,49,8187,0.7974976458757368,1549803615,8,47187,49,8167
0,0,0,0,0,0,0,0,0,0,0,0,1.2520912515649003,1556097791,11,47372,49,12,1.6128440520410101,1560288604,4,47534,49,23,1.4443495027547784,1562387419,10,47461,49,28
0,0,0,0,0,0,0,0,0,0,0,0,1.626820841516039,1560292619,11,47530,49,16,1.5282900651663585,1560287684,4,47499,49,8138,1.0534032461995964,1551900916,8,47294,49,24
0,0,0,0,0,0,0,0,0,0,0,0,1.6055034256582597,1560290566,6,47523,49,3,1.4205839723939644,1558191224,4,47451,49,8171,0.49967286372258113,1562387089,9,47571,49,8179
0,0,0,0,0,0,0,0,0,0,0,0,0.8080057057453098,1549806145,11,47182,49,8184,1.3672402545304403,1556093669,4,47430,49,8130,1.35714292342517,1560289435,9,47428,49,6
0,0,0,0,0,0,0,0,0,0,0,0,0.8048437862278802,1549806554,11,47181,49,18,1.256677098954227,1556093701,4,47386,49,8168,0.8360522565444319,1549804543,9,47201,49,8167
0,0,0,0,0,0,0,0,0,0,0,0,1.24362415914492,1556098677,12,47375,49,8184,1.1380576334602504,1553996991,4,47333,49,46,1.1027690018829728,1553997941,8,47314,49,15
0,0,0,0,0,0,0,0,0,0,0,0,1.6992364749519109,1562390386,12,47564,49,8159,1.0960362270699988,1553996345,4,47313,49,8184,0,1553997941,8,47314,49,15
0,0,0,0,0,0,0,0,0,0,0,0,1.7644117629394984,152389494,11,47589,49,5,1.053912585537088,1551900032,4,47294,49,8181,14.489662184148463,1558193054,9,47443,49,63
0,0,0,0,0,0,0,0,0,0,0,0,1.0009796230646673,1551902243,7,47266,49,27,0.9943472661046941,1551900127,4,47270,49,8173,1.0073016440938751,1553998179,9,47274,49,37
0,0,0,0,0,0,0,0,0,0,0,0,1.0728859326750981,1551900879,6,47297,49,12,0.9294786103614037,1549802316,4,47242,49,27,1.6379349514712935,1560290541,10,47547,49,23
0,0,0,0,0,0,0,0,0,0,0,0,1.5148300593905917,1558195524,12,47484,49,81,0.8902101922895582,1549802089,4,47227,49,8191,1.24219470985896,1556096016,10,47379,49,9
0,0,0,0,0,0,0,0,0,0,0,0,1.5937740146345094,1560290289,6,47518,49,33,0.8490048181919564,1549802542,4,47208,49,8185,0.7005004481188705,1547707585,9,47146,49,8171
0,0,0,0,0,0,0,0,0,0,0,0,0.9447806816973506,1551904519,12,47241,49,32,0.7407875585494986,1547704734,4,47165,49,11,0.9540601636540649,1551901471,9,47252,49,8149
0,0,0,0,0,0,0,0,0,0,0,0,0.9447806816973506,1551904519,12,47241,49,32,0.7365047148718721,1547705449,4,47159,49,8145,0.585961145056338,1545609698,9,47093,49,8158
0,0,0,0,0,0,0,0,0,0,0,0,1.4902484870343895,1558195090,11,47477,49,8187,0.6351206451860345,1547705285,4,47121,49,8137,1.1968069146550449,1553998620,10,47360,49,38
0,0,0,0,0,0,0,0,0,0,0,0,1.4902484870343895,1558195090,11,47477,49,8187,0.6173740853269534,1545608066,4,47111,49,8189,0.7868909642476478,1549803947,8,47179,49,6
0,0,0,0,0,0,0,0,0,0,0,0,0.8788915186562655,1549804634,6,47215,49,20,1.7213662226843478,1545608496,4,47071,49,8180,1.389068846647224,1560289559,9,47435,49,8187
0,0,0,0,0,0,0,0,0,0,0,0,1.3620410089957369,1556098266,11,47422,49,22,1.6926040368049162,1562385251,4,47569,49,45,0.9798648657119972,1551901444,9,47263,49,8189
0,0,0,0,0,0,0,0,0,0,0,0,1.458731506049227,1558195591,12,47466,49,37,1.6386487528860827,1560288528,4,47546,49,8182,1.6127436826224093,1560290638,9,47530,49,8191
0,0,0,0,0,0,0,0,0,0,0,0,0.7694510941320276,1547709946,12,47168,49,8158,1.592444916120294,1560288022,4,47527,49,19,1.2395439641951749,1556095521,9,47373,49,52
0,0,0,0,0,0,0,0,0,0,0,0,0.9027592630402905,1549804646,6,47221,49,3,1.5569499718020383,1560288628,4,47515,49,3,0.6318582920469181,1547706917,8,47116,49,6
0,0,0,0,0,0,0,0,0,0,0,0,1.369180891110617,1558195623,12,47424,49,35,1.5451201909611885,1560288242,4,47503,49,8171,1.4602594896547891,1558192500,9,47474,49,8169
0,0,0,0,0,0,0,0,0,0,0,0,1.517175941603321,1558195697,12,47485,49,10,1.5175811715000345,1558190973,4,47493,49,8162,0.9206062409336649,1549804053,9,47237,49,30
0,0,0,0,0,0,0,0,0,0,0,0,0.812697470202686,1549806588,11,47184,49,0,1.5123782171889453,1558191305,5,47496,49,84,0.5374114310173975,1545610167,9,47074,49,8175
0,0,0,0,0,0,0,0,0,0,0,0,0.9429441436108652,1551904248,12,47243,49,8189,1.5103390498458404,1558191068,4,47492,49,8185,1.1433628013887747,1553998528,9,47333,49,13
0,0,0,0,0,0,0,0,0,0,0,0,1.434865591726511,1558193288,6,47452,49,71,1.521354657410358,1558190752,4,47496,49,8160,0.7784257035202996,1549804549,9,47175,49,36
0,0,0,0,0,0,0,0,0,0,0,0,0.829730223282897,1549806834,11,47193,49,46,0,1558190920,4,47475,49,,0.9464109434304611,1551901382,9,,49,8174
0,0,0,0,0,0,0,0,0,0,0,0,0.9493702149112572,1551904072,12,47244,49,8164,1.4471024760373754,1558190658,4,47464,49,18,1.545529142725665,1560290203,9,47502,49,17
0,0,0,0,0,0,0,0,0,0,0,0,1.4131410848687558,1558195538,11,47441,49,5,1.4268055784340468,1558191142,4,47455,49,33,1.0929765398136129,1553998794,9,47315,49,8182
0,0,0,0,0,0,0,0,0,0,0,0,1.498306647088438,1558195436,11,47478,49,8172,1.4224186668081729,1558191904,4,47462,49,8185,0.4771323187300521,1562386623,8,47561,49,8158
0,0,0,0,0,0,0,0,0,0,0,0,0.7608836026270978,1547709269,11,47164,49,33,1.397736718189145,1558191039,4,47448,49,36,1.286359369290056,1558192117,8,47395,49,26
0,0,0,0,0,0,0,0,0,0,0,0,0.8370745597433389,1549806738,11,47193,49,23,1.3560201733688233,1556092932,4,47433,49,8170,1.4487345551485513,1558193142,10,47467,49,3
0,0,0,0,0,0,0,0,0,0,0,0,1.404471359536783,1558195109,11,47438,49,8179,1.3697906088068197,1556093363,4,47434,49,8173,0.866957646340024,1549804470,10,47211,49,8150
0,0,0,0,0,0,0,0,0,0,0,0,0.6751064555464373,1547710188,12,47125,49,54,1.3514306465058508,1556093795,4,47430,49,8106,1.6482367588408113,1562387018,9,47551,49,71
0,0,0,0,0,0,0,0,0,0,0,0,0.7540504144854844,1547710143,12,47159,49,6,1.3530627255622205,1556094000,4,47430,49,1,1.0182150160487835,1553998418,9,47280,49,58
0,0,0,0,0,0,0,0,0,0,0,0,1.1910983140339364,1554001970,13,47346,49,36,1.34949185659655,1556093694,4,47433,49,8182,0.6282892505871395,1549804292,9,47111,49,16
0,0,0,0,0,0,0,0,0,0,0,0,1.2747340347885028,1556099147,12,47382,49,8146,1.3536742915391022,1556093466,4,47432,49,21,1.219349299532512,1556095323,9,47364,49,30
0,0,0,0,0,0,0,0,0,0,0,0,1.727998568974699,1562387808,7,47578,49,23,1.3536742915391022,1556093466,4,47432,49,21,0.7907666910332619,1549803965,8,47182,49,8156
0,0,0,0,0,0,0,0,0,0,0,0,0.6168665249145048,1547709524,12,47104,49,8175,1.3586727655098791,1558190550,4,47431,49,8150,1.3903942166336472,1562386657,9,47438,49,8141
0,0,0,0,0,0,0,0,0,0,0,0,1.1413254469790037,1554001470,11,47320,49,2,1.374991701980453,1558190612,4,47439,49,21,1.6275327766516565,1560290140,9,47537,49,4
0,0,0,0,0,0,0,0,0,0,0,0,1.5774550757974737,1560291861,10,47508,49,8167,1.4077318109936694,1558191351,4,47454,49,8109,1.2073131856179593,1556095549,9,47361,49,8166
0,0,0,0,0,0,0,0,0,0,0,0,1.6431397782007395,1560290070,6,47536,49,69,1.4322111442104601,1558191935,4,47462,49,8119,0.6083994720580871,1549803651,9,47105,49,13
0,0,0,0,0,0,0,0,0,0,0,0,0.8612471886829701,1549804075,5,47202,49,18,1.41803361550695,1558191108,4,47457,49,8179,0.6083994720580871,1549803651,9,47105,49,13
0,0,0,0,0,0,0,0,0,0,0,0,0.9149980189434904,1549804694,7,47227,49,8140,1.4588318850503323,1558191612,4,47473,49,8120,0.7989252596939161,1549804521,9,47189,49,8170
0,0,0,0,0,0,0,0,0,0,0,0,1.3527597152544615,1556096089,7,47415,49,8187,1.4644419262850799,1558190926,4,47474,49,8171,1.664250849138711,1562386525,8,47553,49,0
0,0,0,0,0,0,0,0,0,0,0,0,0.6366540742347212,1547709673,11,47108,49,34,1.4651557285710084,1558190270,4,47475,49,8182,0.6711267070411295,1547707100,10,47130,49,8151
0,0,0,0,0,0,0,0,0,0,0,0,0.657255872238488,1547709861,11,47122,49,49,1.4697452547626924,1558190759,4,47478,49,8118,1.2941108189271158,1556096201,10,47398,49,8183
0,0,0,0,0,0,0,0,0,0,0,0,1.0768638905206696,1554001218,12,47296,49,8158,1.4697452547626924,1558190759,4,47478,49,8118,1.2941108189271158,1556096201,10,47398,49,8183
0,0,0,0,0,0,0,0,0,0,0,0,1.1049122441130037,1553998915,7,47309,49,34,1.4706635317138765,1558191339,4,47483,49,8164,1.5280874528058812,1562386666,8,47496,49,8181
0,0,0,0,0,0,0,0,0,0,0,0,1.1049122441130037,1553998915,7,47309,49,34,1.4972842730980762,1558191322,4,47494,49,8140,1.1495844087426788,1553998432,9,47335,49,6
0,0,0,0,0,0,0,0,0,0,0,0,0.7402800117679097,1547707599,6,47156,49,8140,1.4431245129118717,1558191922,5,47473,49,32,1.3781536238670757,1562386758,9,47438,49,13
0,0,0,0,0,0,0,0,0,0,0,0,0.7266136350198318,1547709991,12,47146,49,6,1.431395103404196,1558191061,4,47468,49,8182,0.7934174583009513,1549804589,10,47187,49,19
0,0,0,0,0,0,0,0,0,0,0,0,1.1240882327503081,1554001059,11,47313,49,20,1.431395103404196,1558191061,4,47468,49,8182,1.6167197750298368,1560290322,9,47539,49,8154
0,0,0,0,0,0,0,0,0,0,0,0,1.4976950800220796,1558195863,12,47474,49,8136,1.3482687234001212,1558190659,4,47435,49,19,0.6250251031313822,1545609456,9,47110,49,12
0,0,0,0,0,0,0,0,0,0,0,0,1.466789665130517,1558195353,11,47465,49,14,1.3663219756746088,1558190933,4,47442,49,8151,1.231792513928089,1556095800,9,47369,49,10
0,0,0,0,0,0,0,0,0,0,0,0,0.6783706017192049,1547709473,11,47123,49,6,1.3663219756746088,1558190933,4,47442,49,8151,0.789439501322663,1549803996,9,47186,49,8150
0,0,0,0,0,0,0,0,0,0,0,0,0.6442010726627831,1547709759,11,47112,49,14,1.3341934323260427,1556093782,4,47429,49,8145,1.3980434290104242,1558192723,9,47443,49,8125
0,0,0,0,0,0,0,0,0,0,0,0,1.03239435978542,1551901929,6,47274,49,30,1.3313382211438163,1556094035,4,47425,49,8166,1.003730793343785,1551901364,9,47277,49,78
0,0,0,0,0,0,0,0,0,0,0,0,1.0096493439282102,1551902153,7,47265,49,8181,1.3359277482669962,1556093753,4,47428,49,8185,1.6455860315898272,1560289785,9,47544,49,1
0,0,0,0,0,0,0,0,0,0,0,0,1.4071239469000745,1558195105,11,47432,49,8167,1.3359277482669962,1556093753,4,47428,49,8185,1.2171056517588317,1558192542,8,47361,49,8181
0,0,0,0,0,0,0,0,0,0,0,0,1.7060696421154764,1562390460,12,47565,49,22,1.3078794020486713,1556093943,4,47415,49,11,1.394065467962331,1558192805,9,47442,49,8
0,0,0,0,0,0,0,0,0,0,0,0,1.6399778549489796,1560293200,12,47533,49,8140,1.2642259208678737,1556094381,4,47395,49,21,0.7854633495759961,1547706328,8,47177,49,8189
0,0,0,0,0,0,0,0,0,0,0,0,1.6399778549489796,1560293200,12,47533,49,8140,1.2254668282098626,1556094530,4,47383,49,8182,1.582961017641947,1560290018,9,47518,49,8147
0,0,0,0,0,0,0,0,0,0,0,0,0.6745971006463052,1547709872,11,47118,49,45,1.1988460888624688,1556093968,4,47372,49,8145,0.9676261136195549,1551901647,10,47255,49,5
0,0,0,0,0,0,0,0,0,0,0,0,1.0062829603543273,1551904204,12,47266,49,5,1.1920129141873477,,,,,28,0.5890208357396919,1545609964,8,47095,49,30
0,0,0,0,0,0,0,0,0,0,0,0,0.907348794997634,1549806273,11,47220,49,8188,1.1416284900130904,1553996699,4,47341,49,8104,1.1243912776695804,1553998034,9,47326,49,8162
0,0,0,0,0,0,0,0,0,0,0,0,1.2358745418758794,1556097723,11,47359,49,25,1.0944041482828526,1553996483,4,47324,49,8191,0.7280394539197359,1547707139,9,47156,49,37
0,0,0,0,0,0,0,0,0,0,0,0,1.0941011032992118,1554001256,12,47301,49,8158,1.039428358341404,1551899285,4,47303,49,8176,1.3120618355375173,1556095736,9,47406,49,8189
0,0,0,0,0,0,0,0,0,0,0,0,1.2711650097910012,1556097941,10,47373,49,63,0.9515098167936409,1551899871,4,47265,49,8187,1.519315489134657,1560290175,9,47494,49,8100
0,0,0,0,0,0,0,0,0,0,0,0,1.5553216205627816,1560291743,11,47499,49,58,0.9126503259793539,1551899512,4,47246,49,8142,1.111336491532523,1553998554,9,47318,49,12
0,0,0,0,0,0,0,0,0,0,0,0,1.4294600226264937,1558193233,6,47445,49,8190,0.8587954545244622,1549802266,4,47230,49,31,0.5050784367053881,1562387395,9,47574,49,8148
0,0,0,0,0,0,0,0,0,0,0,0,1.7298351807864751,1562387163,6,47572,49,8187,0.853696580734291,1549802412,4,47224,49,22,1.361632065312649,1558193086,9,47424,49,46
0,0,0,0,0,0,0,0,0,0,0,0,1.6064217015245197,1560292865,11,47518,49,24,0.7718955945765369,1549802689,4,47194,49,32,0.7629209932698001,1549804163,8,47174,49,8156
0,0,0,0,0,0,0,0,0,0,0,0,0.7296733245687531,1547709498,11,47146,49,45,0.7680198686454198,1549802704,4,47192,49,6,1.6041761944771349,1560290493,9,47526,49,46
0,0,0,0,0,0,0,0,0,0,0,0,1.799802644770605,1545613565,13,47094,49,8180,0.7840339290670254,1549802481,4,47195,49,13,1.0511595970649261,1551901486,8,47292,49,8128
0,0,0,0,0,0,0,0,0,0,0,0,0.9158140561690927,1549806570,11,47226,49,8151,0.7863798109924984,1549802271,4,47196,49,8139,0.6739819387865313,1547707623,9,47134,49,8191
0,0,0,0,0,0,0,0,0,0,0,0,0.795662915065522,1549807177,11,47180,49,17,0.8170807387778252,1549802734,4,47207,49,8169,1.3287897166803633,1556096175,9,47410,49,8143
0,0,0,0,0,0,0,0,0,0,0,0,1.1261274162379287,1554001095,11,47316,49,12,0.8084110173928184,1549801761,4,47204,49,9,1.3287897166803633,1556096175,9,47410,49,8143
0,0,0,0,0,0,0,0,0,0,0,0,1.3645913611304288,1556095753,6,47418,49,20,0.8685879103367029,1549802767,4,47230,49,8190,1.2941108189271158,1556096251,9,47398,49,35
0,0,0,0,0,0,0,0,0,0,0,0,1.2330174903357483,1556098224,11,4764,49,8144,0.8679763360439202,1549802614,4,47228,49,8140,0.7368096013897595,1549804511,9,47166,49,8166
0,0,0,0,0,0,0,0,0,0,0,0,1.5741909158211342,1560292299,10,47507,49,8160,0.8581838807562667,1549802294,4,47228,49,13,1.595199752729367,1560289889,9,47526,49,21
0,0,0,0,0,0,0,0,0,0,0,0,1.4695426392784487,1558192803,6,47469,49,8167,0.8791945855056252,1549802761,4,47238,49,16,1.0721703023055635,1551901092,8,47302,49,20
0,0,0,0,0,0,0,0,0,0,0,0,1.8018436462137717,1545613295,13,47091,49,8190,0.8636898611661211,1549802552,4,47238,49,8144,0.7083541311916814,1547707393,9,47149,49,8188
0,0,0,0,0,0,0,0,0,0,0,0,1.6785324877376684,1560291926,11,47548,49,8189,0.8762371300596576,1549802525,4,47235,49,8177,1.3523507729521662,1560289626,8,47419,49,8188
0,0,0,0,0,0,0,0,0,0,0,0,0.7735312788275766,1547709814,12,47165,49,78,0.8036170222202921,1549802219,4,47203,49,8168,0.9980203483123422,1551901306,9,47269,49,8173
0,0,0,0,0,0,0,0,0,0,0,0,0.7442579678989726,1547707623,7,47156,49,8181,0.6906057680013059,1547706070,5,47159,49,8189,0.6313489409048347,1547707066,8,47112,49,5
0,0,0,0,0,0,0,0,0,0,0,0,1.0577919542657395,1551901299,5,47282,49,75,0.6996844106174442,1547705641,4,47150,49,30,1.454956161284386,1558192634,9,47469,49,8188
0,0,0,0,0,0,0,0,0,0,0,0,0.876240749152749,1549804009,6,47206,49,8167,0.6578656544811528,1547705734,4,47136,49,6,0.938862137680288,1551901773,9,47249,49,55
0,0,0,0,0,0,0,0,0,0,0,0,0.876240749152749,1549804009,6,47206,49,8167,0.6227796558816007,1547704671,4,47120,49,8165,0.938862137680288,1551901773,9,47249,49,55
0,0,0,0,0,0,0,0,0,0,0,0,0.9814987579020938,1551904120,12,47254,49,4,0.6039103716634685,1545607810,4,47113,49,6,1.2153713396678014,1558192369,8,47362,49,48
0,0,0,0,0,0,0,0,0,0,0,0,1.2686146599391328,1556098214,11,47375,49,58,0.5964656048433516,1545607971,4,47106,49,8158,1.2153713396678014,1558192369,8,47362,49,48
0,0,0,0,0,0,0,0,0,0,0,0,1.062074790993291,1551904051,12,47288,49,32,0.5416942832898712,1545608583,4,47083,49,8174,1.5113595654328906,1560289970,9,47492,49,10
0,0,0,0,0,0,0,0,0,0,0,0,1.1434668620539012,1554001080,11,47320,49,46,1.6757739019923306,1562385445,4,47572,49,44,0.5713747121490225,1545610396,9,47092,49,40
0,0,0,0,0,0,0,0,0,0,0,0,1.4188533576605065,1558195059,11,47436,49,8145,1.6757739019923306,1562385445,4,47572,49,44,1.4094679820794431,1558192984,9,47443,49,29
0,0,0,0,0,0,0,0,0,0,0,0,1.2199627032789058,1556097868,11,47354,49,8181,1.6493576413779623,1543510590,4,47047,49,8168,0.8155508947360911,1553998137,8,47194,49,8181
0,0,0,0,0,0,0,0,0,0,0,0,1.4888208797626836,1558195565,12,47470,49,47,1.6584344484147753,1562385646,5,47566,49,8156,1.6760806233352874,1562387418,9,47565,49,13
0,0,0,0,0,0,0,0,0,0,0,0,1.314104694830012,1556099257,13,47391,49,32,1.6649627737159147,1562385468,4,47566,49,8182,1.1516235884451613,1553998799,9,47339,49,24
0,0,0,0,0,0,0,0,0,0,0,0,1.314104694830012,1556099257,13,47391,49,32,1.6796496902636782,1545608369,4,47062,49,8137,1.1516235884451613,1553998799,9,47339,49,24
0,0,0,0,0,0,0,0,0,0,0,0,1.3858065354562603,1556098268,11,47424,49,8182,1.6699612573375209,1560287562,4,47565,49,10,1.4773963252505293,1558193153,9,47473,49,40
0,0,0,0,0,0,0,0,0,0,0,0,1.6548691879078987,1560290133,6,47538,49,32,1.6699612573375209,1560287562,4,47565,49,10,1.0977705374430806,1553998650,9,47315,49,38
0,0,0,0,0,0,0,0,0,0,0,0,1.466791514030955,1558195474,11,47454,49,18,1.6814861868299509,1545607988,4,47060,49,8150,0.6035032510107589,1547706946,9,47105,49,8187
0,0,0,0,0,0,0,0,0,0,0,0,1.7133117661217416,1562389744,11,47565,49,8142,1.7018853601967758,1545608577,4,47068,49,8170,0.6035032510107589,1547706946,9,47105,49,8187
0,0,0,0,0,0,0,0,0,0,0,0,1.4988178269835561,1558195510,12,47468,49,8179,0.5212951544353857,1545608467,4,47075,49,8153,1.0190310542000014,1551901489,8,47279,49,8183
0,0,0,0,0,0,0,0,0,0,0,0,1.5157483334073771,1558194756,11,47478,49,30,0.576882512411349,1545608527,4,47098,49,8185,1.3775439082643426,1556095498,8,47428,49,8175
0,0,0,0,0,0,0,0,0,0,0,0,0,1558194756,11,47478,49,30,0.5851433167703609,1545608049,4,47105,49,6,1.3775439082643426,1556095498,8,47428,49,8175
0,0,0,0,0,0,0,0,0,0,0,0,1.4993271576948504,1558194919,11,47471,49,8174,0.5900395383755841,1545608277,4,47105,49,7,0.4916165528453054,1564484199,9,47562,49,42
0,0,0,0,0,0,0,0,0,0,0,0,1.4993271576948504,1558194919,11,47471,49,8174,0.6224747640896865,1545608160,4,47114,49,8185,1.3093070098545763,1556096143,9,47409,49,8134
0,0,0,0,0,0,0,0,0,0,0,0,1.0429006212027472,1551903963,11,47274,49,8190,0.6104386677310356,1547705261,4,47112,49,14,0.7511915836424342,1549803794,8,47169,49,25
0,0,0,0,0,0,0,0,0,0,0,0,1.0429006212027472,1551903963,11,47274,49,8190,0.6104386677310356,1547705261,4,47112,49,14,1.5968318330971056,1560290110,9,47526,49,31
0,0,0,0,0,0,0,0,0,0,0,0,1.441496140925397,1558195656,12,47446,49,4,0.6291034939569017,1547704951,4,47121,49,8127,1.085022450068017,1553998819,9,47304,49,41
0,0,0,0,0,0,0,0,0,0,0,0,1.441496140925397,1558195656,12,47446,49,4,0.6464429336843706,1547705160,4,47127,49,8,0.7012142556902455,1547707119,9,47147,49,45
0,0,0,0,0,0,0,0,0,0,0,0,1.5179919790093241,1560292246,11,47480,49,8184,0.6777554359886708,1547705419,4,47140,49,8176,1.389068846647224,1558192586,9,47435,49,20
0,0,0,0,0,0,0,0,0,0,0,0,1.5179919790093241,1560292246,11,47480,49,8184,0.6783670138891399,1547705363,4,47142,49,1,1.0457540274722894,1553998714,9,47289,49,8188
0,0,0,0,0,0,0,0,0,0,0,0,1.369794300017077,1556098031,11,47413,49,18,0.7262029194217561,1547705522,4,47161,49,46,1.7058651642602933,1562387172,9,47569,49,8182
0,0,0,0,0,0,0,0,0,0,0,0,1.1265363457926059,1553998929,7,47310,49,18,0.7294670687363823,1547705106,4,47161,49,8178,1.7058651642602933,1562387172,9,47569,49,8182
0,0,0,0,0,0,0,0,0,0,0,0,1.434967825996236,1558193157,6,47446,49,21,0.7488457013339529,1547705551,4,47171,49,16,0.7863798125245318,1549803702,9,47184,49,43
0,0,0,0,0,0,0,0,0,0,0,0,1.2781004220241814,1556098094,11,47376,49,8176,0.7488457013339529,1547705551,4,47171,49,16,1.6373215140378725,1562386885,9,47553,49,40
0,0,0,0,0,0,0,0,0,0,0,0,1.6346745256362047,1560292402,12,47528,49,2,0.7965793774253314,1549802792,4,47191,49,8138,1.1081745710703959,1553998423,9,47318,49,27
0,0,0,0,0,0,0,0,0,0,0,0,1.6346745256362047,1560292402,12,47528,49,2,0.7965793774253314,1549802792,4,47191,49,8138,0.7701630996619319,1551900888,8,47176,49,8186
0,0,0,0,0,0,0,0,0,0,0,0,0.6713329560305579,1547709217,11,47122,49,9,0.8191199279812489,1549802879,4,47202,49,7,1.473111651854384,1558193029,9,47476,49,8167
0,0,0,0,0,0,0,0,0,0,0,0,1.7469700880426502,1562389958,12,47584,49,24,0.7719978283807535,1549802023,4,47184,49,8099,1.1285737043877482,1553998657,9,47326,49,35
0,0,0,0,0,0,0,0,0,0,0,0,0.9732379620158701,1551903903,11,47250,49,8170,0.7703657532120547,1549802214,4,47184,49,8170,0.5877958855714793,1545610121,9,47100,49,38
0,0,0,0,0,0,0,0,0,0,0,0,0.9732379620158701,1551903903,11,47250,49,8170,0.8225867283404483,1549802778,4,47208,49,8173,0.5877958855714793,1545610121,9,47100,49,38
0,0,0,0,0,0,0,0,0,0,0,0,1.3422552848457974,1556096032,6,47408,49,57,0.8037192540525498,1549802557,4,47193,49,8179,0.9238685758823754,1551901048,9,47245,49,2
0,0,0,0,0,0,0,0,0,0,0,0,1.219044432560002,1554000803,11,47360,49,41,0.7776078605371106,1549801785,4,47185,49,30,0.6133961289616834,1547707602,9,47113,49,0
0,0,0,0,0,0,0,0,0,0,0,0,1.697299547673718,1562390273,12,47559,49,32,0.7607777639930768,1549802199,4,47182,49,8187,1.3315426945930893,1556095767,9,47416,49,40
0,0,0,0,0,0,0,0,0,0,0,0,0.885419819292016,1549804645,7,47215,49,8160,0.75282365811449,1547705428,4,47172,49,8189,1.3581634355512604,1560289645,9,47427,49,8156
0,0,0,0,0,0,0,0,0,0,0,0,1.2773866201687458,1556098296,11,47380,49,52,0.7089657098776031,1547705497,4,47144,49,16,0.8555331194647862,1549804515,9,47211,49,18
0,0,0,0,0,0,0,0,0,0,0,0,1.17702302075756,1554001774,13,47340,49,69,0.7089657098776031,1547705497,4,47144,49,16,0.8555331194647862,1549804515,9,47211,49,18
0,0,0,0,0,0,0,0,0,0,0,0,1.649259147362574,1560292660,11,47542,49,7,0.6275736506832708,1545608173,5,47110,49,8168,1.206394911929642,1556095742,10,47363,49,8132
0,0,0,0,0,0,0,0,0,0,0,0,1.5497115802689636,1560289263,6,47502,49,28,0.618394580057045,1545608434,4,47104,49,8130,0.9232588171474797,1549804232,8,47235,49,8174
0,0,0,0,0,0,0,0,0,0,0,0,0.8571670023429943,1549806867,11,47204,49,45,0.5612773764799113,1545607891,4,47080,49,6,1.5875505435408483,1564484065,8,47522,49,8164
0,0,0,0,0,0,0,0,0,0,0,0,0.7878110322706252,1549807121,12,47172,49,17,0.5469976291586263,1545608265,4,47076,49,24,1.2756504688079344,1556095708,9,47388,49,8164
0,0,0,0,0,0,0,0,0,0,0,0,1.230366740822232,1554000546,11,47361,49,71,1.7048427682522898,1545608014,4,47060,49,10,0.5044668551479289,1562387131,9,47573,49,8160
0,0,0,0,0,0,0,0,0,0,0,0,1.7214721719915804,1562389383,11,47570,49,8188,1.6692474577867737,1560287708,4,47553,49,14,1.19813228728741,1558192169,8,47364,49,25
0,0,0,0,0,0,0,0,0,0,0,0,1.6539509117561153,1560290198,6,47544,49,8152,1.6174335776481155,1560288457,4,47533,49,8183,0.9221360851155621,1549804207,9,47238,49,8188
0,0,0,0,0,0,0,0,0,0,0,0,0.9590604372948205,1551904014,11,47245,49,8178,1.6052970824295902,1560288758,4,47524,49,8154,1.6452793148750025,1560290146,9,47548,49,18
0,0,0,0,0,0,0,0,0,0,0,0,0.8954149245690555,1549807423,12,47221,49,14,1.568272296398582,1560288424,4,47511,49,8158,1.6452793148750025,1560290146,9,47548,49,18
0,0,0,0,0,0,0,0,0,0,0,0,1.393557988329492,1558196340,13,47434,49,8155,1.5433858733345454,1560287952,4,47499,49,8169,0.871443136582558,1549803943,8,47222,49,8186
0,0,0,0,0,0,0,0,0,0,0,0,1.330219169016683,1556096181,7,47407,49,12,1.5166628943892633,1558190519,4,47489,49,35,0.5698466537915405,1547706883,8,47083,49,10
0,0,0,0,0,0,0,0,0,0,0,0,1.7860340478095849,1545612042,11,47090,49,40,1.4869824693529112,1558191541,4,47476,49,8175,1.2795261937319347,1558192566,8,47389,49,8188
0,0,0,0,0,0,0,0,0,0,0,0,1.701275640024205,1562389951,11,47569,49,29,1.4673993742894589,1558191276,4,47468,49,10,1.2795261937319347,1558192566,8,47389,49,8188
0,0,0,0,0,0,0,0,0,0,0,0,0.9951669410499095,1551901572,6,47260,49,26,1.3889647586060743,1558191056,4,47437,49,8187,0.5367998494054496,1549803837,8,47071,49,57
0,0,0,0,0,0,0,0,0,0,0,0,0.9317258884020193,1549806483,11,47234,49,8164,1.3729525309761839,1556093026,4,47426,49,8182,1.434863737806829,1558192718,9,47458,49,4
0,0,0,0,0,0,0,0,0,0,0,0,1.3849904988426396,1556097616,11,47430,49,8168,1.307674932963731,1556094475,4,47402,49,8186,0,,,,,12
0,0,0,0,0,0,0,0,0,0,0,0,1.302477521370392,1556095768,6,47391,49,21,1.250455493903937,1556093698,4,47379,49,8181,0.7392595157164444,1547706968,9,47158,49,8161
0,0,0,0,0,0,0,0,0,0,0,0,1.7580879235735267,1562389514,11,47588,49,8190,1.2121053456816633,1553996303,4,47363,49,8107,1.4460838189385268,1558192760,8,47460,49,8189
0,0,0,0,0,0,0,0,0,0,0,0,1.6484431075700527,1560292924,12,47543,49,41,1.2119027152768496,1553997059,4,47357,49,13,1.0953224218507966,1553998432,9,47315,49,23
0,0,0,0,0,0,0,0,0,0,0,0,0.9243815489753502,1551903562,11,47234,49,8188,1.1602933120865886,1553996849,4,47337,49,8098,0.6786737027332298,1547707488,10,47136,49,19
0,0,0,0,0,0,0,0,0,0,0,0,0.8426845920359296,1549804707,6,47195,49,12,1.1359162200583819,1553997152,4,47328,49,35,1.6288581408780332,1560290098,9,47540,49,39
0,0,0,0,0,0,0,0,0,0,0,0,1.338991129018031,1556095775,6,47409,49,9,1.0692110210141297,1553996555,4,47302,49,8177,1.1975225563914813,1553998342,9,47353,49,8155
0,0,0,0,0,0,0,0,0,0,0,0,1.7133117684197912,1562390053,11,47571,49,8190,1.0013849121444318,1551899992,4,47271,49,38,1.6525195648372104,1560289882,9,47556,49,8102
0,0,0,0,0,0,0,0,0,0,0,0,1.6486475842581279,1560290239,6,47541,49,13,0.9411057882654407,1551899515,4,47246,49,8135,1.3953926896169593,1558192933,8,47437,49,12
0,0,0,0,0,0,0,0,0,0,0,0,0.9079603735979551,1551903842,11,47227,49,8186,0.9045921787310206,1549802891,4,47228,49,8184,0.9366184878271482,1551901518,9,47247,49,26
0,0,0,0,0,0,0,0,0,0,0,0,0.9079603735979551,1551903842,11,47227,49,8186,0.8310538005026117,1549802548,4,47197,49,8187,0.641344048782736,1549803899,8,47118,49,6
0,0,0,0,0,0,0,0,0,0,0,0,1.3317490120832174,1556095799,6,47408,49,8174,0.7627165334915526,1549801790,4,47171,49,8189,1.4632187959132117,1558193447,9,47468,49,9
0,0,0,0,0,0,0,0,0,0,0,0,1.3317490120832174,1556095799,6,47408,49,8174,0.7627165334915526,1549801790,4,47171,49,8189,1.1713089171365647,1558192696,9,47346,49,8166
0,0,0,0,0,0,0,0,0,0,0,0,1.7596177680922296,1562390141,12,47589,49,43,0.6703088737329997,1547705676,4,47133,49,8163,0.7703675599501247,1551901129,9,47173,49,8191
0,0,0,0,0,0,0,0,0,0,0,0,1.6914850273193722,1562389818,12,47561,49,51,0.6102342114477391,1545607671,4,47106,49,63,0.7703675599501247,1551901129,9,47173,49,8191
0,0,0,0,0,0,0,0,0,0,0,0,0.9810916497204918,1551901694,6,47258,49,8182,0.540062210988196,1545608206,4,47074,49,8131,1.2415831412506033,1558192469,9,47377,49,2
0,0,0,0,0,0,0,0,0,0,0,0,0.9168345593168982,1551904270,12,47232,49,10,0.540062210988196,1545608206,4,47074,49,8131,1.2415831412506033,1558192469,9,47377,49,2
0,0,0,0,0,0,0,0,0,0,0,0,1.4084493226136772,1558196260,12,47444,49,8172,1.615189934269698,1560288216,4,47533,49,8145,0.6173758767924686,1547706626,8,47105,49,8168
0,0,0,0,0,0,0,0,0,0,0,0,1.3311374451365494,1556095400,5,47410,49,32,1.615189934269698,1560288216,4,47533,49,8145,1.47188666149105,1562386795,8,47479,49,29
0,0,0,0,0,0,0,0,0,0,0,0,0.6330850337094283,1547709877,12,47110,49,8173,1.4815769028871513,1558191899,5,47475,49,8149,1.0785963762162858,1553998167,8,47303,49,8188
0,0,0,0,0,0,0,0,0,0,0,0,1.7219814236371154,1562387817,7,47578,49,8142,1.4119142477058526,1558191156,4,47446,49,8177,0.7658802556768441,1549804365,9,47169,49,2
0,0,0,0,0,0,0,0,0,0,0,0,1.0056713894370848,1551901760,6,47273,49,43,1.3526556325926125,1556093988,4,47419,49,20,1.4853522482646566,1560289792,9,47475,49,53
0,0,0,0,0,0,0,0,0,0,0,0,0.9369269994589176,1551904476,12,47243,49,8142,1.2748325863901149,1556094031,4,47390,49,8174,1.1778372270728585,1556095524,8,47346,49,56
0,0,0,0,0,0,0,0,0,0,0,0,1.4172212842389913,1558195759,11,47446,49,44,1.177428290279672,1553997173,4,47345,49,17,0.7326289881202617,1549803857,8,47159,49,8148
0,0,0,0,0,0,0,0,0,0,0,0,1.4172212842389913,1558195759,11,47446,49,44,1.0781856134602836,1553997025,4,47310,49,8182,1.6210044546117537,1564484089,8,47537,49,7
0,0,0,0,0,0,0,0,0,0,0,0,0,1545609032,6,47107,49,36,1.0083203251994095,1551900328,4,47275,49,8191,1.1788577337895891,1553998558,9,47344,49,0
0,0,0,0,0,0,0,0,0,0,0,0,1.7355473716297567,1562389804,11,47581,49,74,1.0083203251994095,1551900328,4,47275,49,8191,0.8200381970949889,1549803812,9,47198,49,21
0,0,0,0,0,0,0,0,0,0,0,0,1.0016934310777124,1551904469,12,47272,49,8145,0.8441085926505026,1549802606,4,47205,49,19,1.5771464985259782,1560290035,9,47519,49,0
0,0,0,0,0,0,0,0,0,0,0,0,0.935397155080648,1551903422,11,47242,49,59,0.8441085926505026,1549802606,4,47205,49,19,1.2450517671971848,1558192348,8,47375,49,8158
0,0,0,0,0,0,0,0,0,0,0,0,1.3999840691502596,1558193219,6,47439,49,44,0.6988683744190782,1547705325,4,47139,49,6,0.777711895879868,1547706877,8,47173,49,3
0,0,0,0,0,0,0,0,0,0,0,0,1.7829743607531348,1545612349,11,47092,49,8152,1.7307497513597176,1562386007,4,47582,49,8131,1.1843637009908101,1553998384,9,47354,49,8146
0,0,0,0,0,0,0,0,0,0,0,0,1.7096405243903565,1562390560,12,47571,49,4,1.6547632090572648,1560288599,4,47551,49,8174,0.8821538592326447,1549804738,9,47221,49,8141
0,0,0,0,0,0,0,0,0,0,0,0,0.9572239013898427,1551904617,12,47252,49,72,1.5171722205979081,1558190879,4,47492,49,20,1.5836748195056787,1562386613,8,47519,49,8160
0,0,0,0,0,0,0,0,0,0,0,0,0.8448260165451869,1549806006,11,47202,49,23,1.439248791375285,1558191427,4,47456,49,8187,1.228833222236135,1556096141,10,47374,49,0
0,0,0,0,0,0,0,0,0,0,0,0,1.2871772520920493,1556099269,13,47393,49,67,1.3322564986056784,1556094185,4,47409,49,8174,0.7254891123801409,1547706895,9,47157,49,4
0,0,0,0,0,0,0,0,0,0,0,0,1.1990542354868443,1556097899,11,47353,49,31,1.3322564986056784,1556094185,4,47409,49,8174,1.5742912914526948,1564484081,9,47516,49,8167
0,0,0,0,0,0,0,0,0,0,0,0,1.651809508703665,1562389051,11,47546,49,8172,1.0889985818042571,1553996592,4,47306,49,8173,1.0768620663799313,1553999290,9,47305,49,22
0,0,0,0,0,0,0,0,0,0,0,0,0.7269203250911654,1547707708,7,47150,49,8158,0.7711817936717422,1549802181,4,47174,49,8176,1.0769642995697015,1553998130,8,47304,49,8189
0,0,0,0,0,0,0,0,0,0,0,0,1.0181146062875412,1551901501,6,47279,49,76,1.69260403760285,1545607890,4,47052,49,29,1.441696909348194,1558193537,9,47464,49,8188
0,0,0,0,0,0,0,0,0,0,0,0,1.4617930468872793,1558192543,6,47465,49,14,1.5323702657186868,1560287684,4,47495,49,8187,0.9232588171474797,1553998014,9,47235,49,8159
0,0,0,0,0,0,0,0,0,0,0,0,1.3687737963603521,1556098578,12,47425,49,59,1.4227253811452685,1558190710,4,47450,49,8176,0.6081950148297879,1547706782,8,47108,49,5
0,0,0,0,0,0,0,0,0,0,0,0,1.7954175780648582,1545612126,11,47098,49,60,1.2686109804104022,1556094199,4,47385,49,8169,1.3003324256388538,1556096157,10,47402,49,8154
0,0,0,0,0,0,0,0,0,0,0,0,1.6795511399596619,1562389318,11,47562,49,19,1.190687543362461,1553996771,4,47349,49,21,0.9592612691519973,1551901382,9,47258,49,8186
0,0,0,0,0,0,0,0,0,0,0,0,0.9339695418417631,1549803732,6,47240,49,8185,1.0106662074759736,1551899214,4,47274,49,8157,0.5259887029374547,1562387114,9,47578,49,0
0,0,0,0,0,0,0,0,0,0,0,0,0.8009680614530473,1549804798,7,47184,49,8157,1.0106662074759736,1551899214,4,47274,49,8157,1.3745846093088494,1558192871,9,47434,49,8175
0,0,0,0,0,0,0,0,0,0,0,0,1.234956273760339,1556097889,11,47369,49,53,0.7482341249381017,1547705721,4,47159,49,8115,0.9098973310581037,1551901213,9,47230,49,30
0,0,0,0,0,0,0,0,0,0,0,0,1.106646556609893,1554001188,11,47315,49,22,0.6017689496786115,1545607250,4,47099,49,8172,0.9098973310581037,1551901213,9,47230,49,30
0,0,0,0,0,0,0,0,0,0,0,0,1.5327810794654297,1560292649,11,47497,49,39,1.6473184800668723,1560288237,4,47544,49,14,1.2251619675249315,1558192307,8,47371,49,8186
0,0,0,0,0,0,0,0,0,0,0,0,1.4211992453470628,1558192708,6,47447,49,80,1.5265557479806273,1558190878,4,47496,49,8182,0.9094884055859174,1551901353,9,47234,49,8174
0,0,0,0,0,0,0,0,0,0,0,0,0.6576647885864098,1547710877,13,47125,49,10,1.359895900451393,1556093922,4,47426,49,65,1.6659851690057779,1560289640,8,47553,49,31
0,0,0,0,0,0,0,0,0,0,0,0,1.7943988905433956,1562387746,6,47604,49,23,1.2385216140286959,1556094420,4,47376,49,34,1.3638757113839484,1556095228,8,47427,49,8166
0,0,0,0,0,0,0,0,0,0,0,0,1.0487133070639003,1551901474,6,47291,49,15,1.1091932470053176,1553996629,4,47316,49,8166,0.8311560309690111,1551901013,8,47202,49,8189
0,0,0,0,0,0,0,0,0,0,0,0,0.9662003181145952,1551903528,11,47252,49,20,1.0139303601891156,1551899156,4,47274,49,25,0.8311560309690111,1551901013,8,47202,49,8189
0,0,0,0,0,0,0,0,0,0,0,0,1.4265025770297008,1558195966,11,47451,49,12,0.8464544749270668,1549802402,4,47204,49,8160,1.2544352953937965,1556095966,9,47380,49,8175
0,0,0,0,0,0,0,0,0,0,0,0,1.3256296415392255,1558194759,11,47408,49,12,0.7635325712982802,1547704982,4,47169,49,9,0.9384550275984226,1551901345,9,47246,49,6
0,0,0,0,0,0,0,0,0,0,0,0,1.7723676810732722,1545613148,12,47084,49,8179,0.627778107886607,1545607982,4,47108,49,18,1.6834249882016692,1562387446,10,47566,49,4
0,0,0,0,0,0,0,0,0,0,0,0,1.6885275842603498,1562389528,11,47562,49,22,1.683934310926491,1543510598,4,47049,49,28,1.3523489229182715,1556095699,8,47428,49,8149
0,0,0,0,0,0,0,0,0,0,0,0,0.9439646460731677,1551903873,11,47246,49,8189,1.5281878279577448,1558191276,5,47496,49,8,0.8720565246334481,1551901187,8,47217,49,3
0,0,0,0,0,0,0,0,0,0,0,0,0.8594106561362446,1549807424,12,47211,49,8147,1.422216051913819,1558191248,4,47447,49,37,0.515889582221377,1562387669,9,47581,49,8132
0,0,0,0,0,0,0,0,0,0,0,0,1.2171074886743911,1556097983,11,47360,49,6,1.1027671724596633,1553996910,4,47315,49,22,0.8784825951532927,1553998045,8,47218,49,8184
0,0,0,0,0,0,0,0,0,0,0,0,1.6519117470917535,1560290289,6,47545,49,19,0.9245823834925976,1549802568,4,47238,49,17,1.594383712521212,1560289682,9,47527,49,27
0,0,0,0,0,0,0,0,0,0,0,0,1.534413159182302,1560292992,12,47497,49,41,0.776894055509071,1547705799,5,47174,49,8189,1.594383712521212,1560289682,9,47527,49,27
0,0,0,0,0,0,0,0,0,0,0,0,0.7727152451264142,1547709596,11,47173,49,8184,0.5784123587313553,1545608924,4,47088,49,8166,0.7849521985210951,1549804451,9,47183,49,40
0,0,0,0,0,0,0,0,0,0,0,0,0.6659273856930362,1547707684,7,47124,49,12,1.6346707911618192,1560287966,4,47540,49,1,1.6546628428641514,1560289941,9,47552,49,8142
0,0,0,0,0,0,0,0,0,0,0,0,1.0973652606201647,1554001250,11,47310,49,18,1.3837636649831826,1556094053,4,47432,49,8150,1.109499947222054,1553998425,9,47321,49,8190
0,0,0,0,0,0,0,0,0,0,0,0,1.4162007724755747,1558195284,11,47448,49,78,1.025557537071797,1551899816,4,47280,49,8159,1.4777011782084366,1558192934,9,47479,49,8188
0,0,0,0,0,0,0,0,0,0,0,0,1.3101267400447005,1556099302,13,47400,49,29,0.919585739808694,1549802278,4,47231,49,8104,1.1121525301274604,1553998818,9,47319,49,97
0,0,0,0,0,0,0,0,0,0,0,0,1.7237157296988515,1562389260,11,47577,49,36,0.6629663372474651,1547705568,4,47123,49,19,0.6064625032954614,1545609511,8,47101,49,7
0,0,0,0,0,0,0,0,0,0,0,0,1.6113179463640384,1560290672,7,47527,49,8191,1.7091274506554663,1562385371,4,47570,49,8148,1.4061015877660026,1558192717,8,47445,49,8
0,0,0,0,0,0,0,0,0,0,0,0,0.6697008856044175,1547709981,11,47128,49,13,1.2842161143473465,1556094209,4,47392,49,8145,0.5062011781156583,1562387008,9,47572,49,8172
0,0,0,0,0,0,0,0,0,0,0,0,1.0387182051981987,1551904026,12,47286,49,4,1.0341250264115316,1551900320,5,47284,49,4,1.1216382918229502,1556095255,8,47322,49,8155
0,0,0,0,0,0,0,0,0,0,0,0,0.894905581856521,1549804912,7,47224,49,8,0.7953544189380465,1549803265,5,47185,49,2,0.7449699751127977,1549804008,9,47167,49,14
0,0,0,0,0,0,0,0,0,0,0,0,1.2070101553188974,1554001150,12,47356,49,6,1.690665237316979,1562385568,,47567,49,9,14.486500390700119,1558192634,9,47443,49,4
0,0,0,0,0,0,0,0,0,0,0,0,1.0389226695259124,1551902046,7,47284,49,4,1.5235983022250568,1558190864,4,47493,49,35,1.0371865376225602,1551901018,8,47286,49,30
0,0,0,0,0,0,0,0,0,0,0,0,1.348272424967863,1556097938,11,47419,49,66,1.2250597334817013,1553997042,4,47364,49,4,1.6559882057572575,1560290727,10,47555,49,32
0,0,0,0,0,0,0,0,0,0,0,0,1.4897391604717194,1558195240,12,47480,49,9,0.6961135746099898,1547705515,4,47142,49,50,0.6687808250996976,1549803934,9,47130,49,8178
0,0,0,0,0,0,0,0,0,0,0,0,1.4098769295176508,1558195596,12,47447,49,43,1.181201781328691,1553996728,4,47346,49,8180,0.5321080854268337,1545610024,9,47070,49,32
0,0,0,0,0,0,0,0,0,0,0,0,1.7247362290489874,1562389536,11,47576,49,8190,0.8741979443810156,1549802834,4,47212,49,8184,1.1512164861087946,1553998667,9,47336,49,6
0,0,0,0,0,0,0,0,0,0,0,0,1.531251237560755,1560293382,13,47497,49,28,0.6501142038137334,1547705157,4,47121,49,8172,0.7778141258948857,1549803851,9,47173,49,8189
0,0,0,0,0,0,0,0,0,0,0,0,1.6415077015590362,1560289795,6,47544,49,19,1.290030623659905,1556093736,4,47391,49,8167,1.0059762649971205,1551901554,9,47272,49,1
0,0,0,0,0,0,0,0,0,0,0,0,0.7218196449922958,1547710080,12,47153,49,46,0.9455930882645031,1551899461,4,47248,49,8184,1.6083567655651723,1560289977,9,47534,49,12
0,0,0,0,0,0,0,0,0,0,0,0,1.7150460082127792,1562387785,7,47575,49,15,0.7684287953410088,1547705610,4,47169,49,26,1.2170034174793691,1553997992,8,47363,49,8152
0,0,0,0,0,0,0,0,0,0,0,0,0.8192257721428507,1549805091,7,47190,49,8160,1.6266126270048598,1560288453,4,47539,49,43,0.6147233097704866,1547706941,9,47108,49,8181
0,0,0,0,0,0,0,0,0,0,0,0,0.627577233007567,1547709838,12,47109,49,35,1.3979411929657706,1558190842,4,47437,49,8131,1.408242996412918,1558192786,9,47448,49,47
0,0,0,0,0,0,0,0,0,0,0,0,0.9065327622227705,1549804034,6,47230,49,46,1.0497301613386096,1551900174,4,47291,49,8189,0.8360522566082665,1549804006,8,47202,49,6
0,0,0,0,0,0,0,0,0,0,0,0,0.6836739500186442,1547709443,11,47134,49,70,1.0497301613386096,1551900174,4,47291,49,8189,1.660884448429988,1564483920,9,47555,49,10
0,0,0,0,0,0,0,0,0,0,0,0,0.9391706502838536,1551901803,6,47245,49,10,1.673123181247077,1560287716,4,47555,49,57,1.055033494700944,1553998302,9,47303,49,6
0,0,0,0,0,0,0,0,0,0,0,0,1.0332104020931656,1551902028,7,47283,49,8166,1.1005235243123823,1553996703,4,47313,49,8149,1.301250700465435,1556095833,9,47401,49,8
0,0,0,0,0,0,0,0,0,0,0,0,0.821876541243252,1549804943,7,47195,49,3,1.1005235243123823,1553996703,4,47313,49,8149,0.881235590197332,1549804094,9,47223,49,36
0,0,0,0,0,0,0,0,0,0,0,0,1.0862474222122318,1554002074,13,47307,49,21,1.7093301199557158,1545608684,4,47064,49,8137,1.4709702446052446,1558192612,8,47473,49,4
0,0,0,0,0,0,0,0,0,0,0,0,0.8872563580195812,1549804705,6,47218,49,23,1.7093301199557158,1545608684,4,47064,49,8137,1.1077674659689547,1553998724,9,47314,49,17
0,0,0,0,0,0,0,0,0,0,0,0,0.9324396973719018,1551904396,12,47239,49,46,0.9163215886456427,1549802275,4,47231,49,8187,1.2982932502049516,1560289655,9,47398,49,54
0,0,0,0,0,0,0,0,0,0,0,0,1.1952807433615646,1554001474,12,47350,49,1,1.7100439260795428,1545607925,4,47065,49,8180,0.7077425531329922,1547707300,9,47148,49,8164
0,0,0,0,0,0,0,0,0,0,0,0,0.9705853882715888,1551903883,11,47257,49,47,1.7100439260795428,1545607925,4,47065,49,8180,1.4938174997501974,1562386700,8,47481,49,8184
0,0,0,0,0,0,0,0,0,0,0,0,1.2504591759861814,1556095470,6,47377,49,20,1.1318360273337862,1553996984,4,47326,49,8170,0.8957179931597055,1549804380,9,47233,49,36
0,0,0,0,0,0,0,0,0,0,0,0,1.015564259432389,1551903806,11,47280,49,59,0.9256028848823271,1549802327,4,47236,49,8152,0.48773898187031894,1562387365,9,47569,49,8184
0,0,0,0,0,0,0,0,0,0,0,0,1.2998249371114294,1556096190,6,47397,49,8181,0.5386345935057668,1545608350,4,47070,49,12,1.1101115181121601,1553999111,9,47323,49,8161
0,0,0,0,0,0,0,0,0,0,0,0,1.324406503486884,1556098408,11,47404,49,5,1.1346912455641858,1553997184,4,47330,49,1,1.2742210172301591,1556095614,9,47394,49,21
0,0,0,0,0,0,0,0,0,0,0,0,1.090532079195397,1554001123,11,47305,49,52,0.895922457499354,1549802605,4,47223,49,8171,1.2742210172301591,1556095614,9,47394,49,21
0,0,0,0,0,0,0,0,0,0,0,0,1.3317490136790855,1556098440,12,47412,49,42,1.7059655282037016,1545607850,4,47057,49,11,1.5301284830070452,1560289739,9,47493,49,41
0,0,0,0,0,0,0,0,0,0,0,0,1.092571263333517,1554001703,12,47309,49,42,1.7059655282037016,1545607850,4,47057,49,11,1.1255140174068075,1553998617,9,47324,49,33
0,0,0,0,0,0,0,0,0,0,0,0,1.0853291509188154,1554000617,11,47308,49,15,0.7971909547793865,1549802373,4,47185,49,8160,1.2781989775469353,1556095894,9,47395,49,8181
0,0,0,0,0,0,0,0,0,0,0,0,1.3227744230033123,1556098606,11,47400,49,48,1.6214115397106346,1560288400,4,47536,49,8165,0.6804080061413722,1547707541,10,47136,49,2
0,0,0,0,0,0,0,0,0,0,0,0,1.0843104681657747,1551903669,11,47298,49,83,1.333581869078437,1556094144,4,47414,49,1,1.4421058577301638,1560289627,8,47460,49,8185
0,0,0,0,0,0,0,0,0,0,0,0,1.3273639527524657,1556096091,6,47403,49,8140,0.9143828176193556,1549802051,4,47236,49,0,0.8586950391480614,1549804288,9,47212,49,8189
0,0,0,0,0,0,0,0,0,0,0,0,1.062788598584822,1551903981,12,47293,49,81,0.9143828176193556,1549802051,4,47236,49,0,1.6236570529030474,1560290189,9,47536,49,53
0,0,0,0,0,0,0,0,0,0,0,0,1.0300484798787195,1551903619,11,47278,49,11,1.174266369604872,1553997557,5,47344,49,8158,0.6071763117178685,1547706642,8,47101,49,8190
0,0,0,0,0,0,0,0,0,0,0,0,1.2489293309671365,1556098035,11,47372,49,47,0.7577198825464493,1547705178,4,47164,49,3,1.1735525647176788,1553998937,9,47348,49,12
0,0,0,0,0,0,0,0,0,0,0,0,0.9728290371981376,1551901520,6,47255,49,17,1.6707772990662648,1560288017,4,47556,49,8128,0.7760798212676735,1549804073,9,47173,49,11
0,0,0,0,0,0,0,0,0,0,0,0,1.2011956481942938,1554001586,12,47352,49,9,1.214246756344494,1556093529,4,47368,49,8173,1.3054331315701404,1556095866,9,47399,49,8151
0,0,0,0,0,0,0,0,0,0,0,0,0.9415165309326325,1551904065,11,47242,49,43,0.9420240581930734,1551899438,4,47245,49,8183,0.8770549814204212,1549804343,9,47215,49,8178
0,0,0,0,0,0,0,0,0,0,0,0,0.8863380877586475,1549806779,12,47215,49,17,1.400694167331775,1558190714,4,47444,49,8124,0.9947561958684484,1551901706,9,47269,49,8162
0,0,0,0,0,0,0,0,0,0,0,0,1.109196902516162,1554000927,11,47310,49,8161,0.9644623749649057,1551899558,4,47257,49,46,1.5715383211480352,1560290274,9,47510,49,16
0,0,0,0,0,0,0,0,0,0,0,0,0.8490084313642794,1549807131,11,47197,49,13,0.645320210453542,1547705165,4,47122,49,8161,1.139384842070124,1553998672,9,47331,49,8170
0,0,0,0,0,0,0,0,0,0,0,0,1.0401458147443823,1551903675,11,47283,49,55,1.4046721283694734,1558190724,4,47445,49,8191,1.6726138583765275,1562387042,9,47559,49,0
0,0,0,0,0,0,0,0,0,0,0,0,0.9924121326817008,1551901443,6,47263,49,10,0.6514413848150903,1547704966,4,47118,49,30,0.5732112420987787,1545609814,9,47090,49,8182
0,0,0,0,0,0,0,0,0,0,0,0,0.9924121326817008,1551901443,6,47263,49,10,1.5312475110974741,1560287693,4,47500,49,8173,1.3155304635836893,1560289722,8,47404,49,0
0,0,0,0,0,0,0,0,0,0,0,0,1.0045504702200005,1551901607,6,47264,49,10,1.0962406941489766,1553996228,4,47309,49,8160,0.6448108599672288,1547707361,9,47124,49,8166
0,0,0,0,0,0,0,0,0,0,0,0,0.9983288612275377,1551904326,12,47261,49,8161,1.5187020618642102,1560287649,4,47495,49,58,0.7687354852380056,1547706786,8,47173,49,4
0,0,0,0,0,0,0,0,0,0,0,0,0.7639432915251784,1547709408,11,47163,49,18,1.2228160860542807,1553996504,4,47364,49,15,1.5151330513574406,1560289884,9,47495,49,65
0,0,0,0,0,0,0,0,0,0,0,0,1.0110769568326463,1551901569,6,47268,49,39,0.7660829131841349,1547704654,4,47170,49,8169,0.892455656279995,1549803966,8,47224,49,8168
0,0,0,0,0,0,0,0,0,0,0,0,0.7961740637268402,1549806298,10,47175,49,8171,1.6713888606014484,1560288305,4,47558,49,4,1.6896484677594372,1562387404,9,47560,49,78
0,0,0,0,0,0,0,0,0,0,0,0,1.0589128706588455,1551901453,6,47287,49,17,1.200580405712726,1553996883,4,47358,49,8115,1.0129116787282928,1551901975,9,47275,49,18
0,0,0,0,0,0,0,0,0,0,0,0,0.824631339068339,1549805004,7,47184,49,8159,0.9077540984875009,1549802640,4,47229,49,8158,0.5910600329231879,1545610179,9,47099,49,8170
0,0,0,0,0,0,0,0,0,0,0,0,1.092571259758773,1551904062,12,47301,49,8172,1.65445836474594,1560288531,4,47548,49,8147,1.1086839087048233,1553998632,9,47320,49,8158
0,0,0,0,0,0,0,0,0,0,0,0,0.8694057584938707,1549806811,11,47209,49,36,1.3480661045774662,1556094390,4,47416,49,8148,0.7094768567572599,1547706702,8,47146,49,41
0,0,0,0,0,0,0,0,0,0,0,0,1.1692715675269905,1554000924,11,47333,49,17,0.8972478383612134,1549802579,4,47228,49,8177,1.263409882517514,1556095575,9,47387,49,8160
0,0,0,0,0,0,0,0,0,0,0,0,0.9775207999798526,1551903926,11,47253,49,5,0.6206382333100791,1545608098,4,47108,49,8149,0.9051033355071081,1551901349,9,47228,49,8191
0,0,0,0,0,0,0,0,0,0,0,0,1.3094129314099494,1556096198,6,47391,49,18,1.388862521219134,1558191088,4,47440,49,21,1.4537330307758447,1560290022,9,47465,49,8168
0,0,0,0,0,0,0,0,0,0,0,0,1.1303098406912306,1553998812,6,47315,49,39,1.1342841428192274,1553997223,4,47328,49,8176,1.0700288863346392,1553998251,8,47299,49,18
0,0,0,0,0,0,0,0,0,0,0,0,1.486986180559468,1558193312,6,47466,49,7,0.7478252048764925,1547706118,4,47165,49,8185,0.532312539792234,1562387129,9,47579,49,8143
0,0,0,0,0,0,0,0,0,0,0,0,1.344601165438721,1556096264,6,47406,49,14,1.6722049010757039,1560288287,4,47558,49,47,1.3422534410759983,1560290047,9,47414,49,14
0,0,0,0,0,0,0,0,0,0,0,0,1.52421358690098,1560292704,12,47485,49,35,1.27585309649121,1556093806,4,47388,49,8178,1.5922423075194643,1562386729,8,47523,49,8170
0,0,0,0,0,0,0,0,0,0,0,0,0.7111107245149012,1547709702,11,47137,49,8176,0.6438925947189544,1547705051,4,47120,49,8131,1.0899186800431275,1553998363,8,47304,49,28
0,0,0,0,0,0,0,0,0,0,0,0,1.7556398087273262,1562387305,6,47584,49,42,1.602542245671325,1560288594,4,47529,49,9,0.738341248888993,1547707047,8,47159,49,3
0,0,0,0,0,0,0,0,0,0,0,0,0.96854619567537,1551904056,11,47245,49,58,1.22250938150059,1553995999,4,47367,49,8141,1.3911080196595804,1560289800,9,47439,49,44
0,0,0,0,0,0,0,0,0,0,0,0,0.96854619567537,1551904056,11,47245,49,58,1.22250938150059,1553995999,4,47367,49,8141,1.0401421654572485,1551901106,8,47296,49,30
0,0,0,0,0,0,0,0,0,0,0,0,1.245258071460896,1556098175,11,47364,49,24,0.6135987929719285,1545608098,4,47113,49,6,0.5179305655152022,1562387376,9,47576,49,61
0,0,0,0,0,0,0,0,0,0,0,0,1.5484884483413395,1560290143,7,47494,49,8159,1.2297514969496393,1556093946,4,47369,49,8129,0.9246864299353242,1551901130,8,47236,49,8182
0,0,0,0,0,0,0,0,0,0,0,0,1.4343562588899812,1558193544,6,47445,49,24,1.0296377278737132,1551899965,4,47283,49,8182,0.5943241800743637,1545609966,9,47099,49,26
0,0,0,0,0,0,0,0,0,0,0,0,0.6778594595090721,1547709734,11,47126,49,58,0.6705133323358686,1547705208,4,47132,49,8191,1.3127756389977998,1556095903,9,47407,49,8142
0,0,0,0,0,0,0,0,0,0,0,0,1.820712934768295,1545610029,6,47097,49,21,1.6426267158329175,1560287721,4,47545,49,36,1.0024054151192558,1556095337,9,47272,49,8145
0,0,0,0,0,0,0,0,0,0,0,0,1.0840037686410118,1554001061,12,47296,49,8187,1.3674447274399,1556094102,4,47427,49,33,0.5849406520532975,1545609599,8,47093,49,38
0,0,0,0,0,0,0,0,0,0,0,0,1.0100582696181062,1551904209,11,47261,49,22,1.1091932464308052,1553997077,4,47319,49,58,1.4634214119747244,1558193079,9,47472,49,29
0,0,0,0,0,0,0,0,0,0,0,0,1.5038144495030872,1558193530,7,47476,49,6,0.7735276746556533,1547704428,4,47178,49,30,1.0128094461463435,1551901609,9,47274,49,8190
0,0,0,0,0,0,0,0,0,0,0,0,0,1558193079,6,47451,49,8156,0,1547704428,4,47178,49,30,0.698665712372922,1547706786,8,47138,49,8158
0,0,0,0,0,0,0,0,0,0,0,0,0.7273274423719823,1547710529,13,47145,49,8174,1.498916353712833,1558191215,4,47482,49,8156,1.3932494286041464,1558192633,9,47440,49,16
0,0,0,0,0,0,0,0,0,0,0,0,0.6665389613559355,1547710608,13,47117,49,8137,1.3086954431924958,1556094463,4,47403,49,8130,1.059827492817518,1556095103,8,47301,49,2
0,0,0,0,0,0,0,0,0,0,0,0,1.1728405929258492,1553998487,6,47337,49,8170,1.0240276929124594,1551900117,4,47282,49,12,0.6462402698335048,1547706878,8,47116,49,8188
0,,,,,,0,0,0,0,0,0,1.1366336812768507,1554001380,11,47316,49,23,0.812591628413167,1549802634,4,47195,49,8181,1.489939914876398,1558193404,9,47484,49,63
0,0,0,0,0,0,0,0,0,0,0,0,1.658642674489954,1560289873,6,47542,49,20,1.677915306501698,1545608307,4,47055,49,13,0.9454926734945323,1556095377,9,47246,49,8151
0,0,0,0,0,0,0,0,0,0,0,0,1.610908990554556,1560293256,12,47522,49,30,1.5130920196164024,1558191586,4,47495,49,38,0.6220658491300236,1547707167,9,47113,49,2
0,0,0,0,0,0,0,0,0,0,0,0,0.964261544245824,1551903987,11,47246,49,23,1.234136555450681,1556093383,4,47374,49,8140,1.3478616323452257,1560289548,9,47421,49,8177
0,0,0,0,0,0,0,0,0,0,0,0,0.9400889154845199,1551904779,13,47235,49,14,1.0618666743974863,1551899833,4,47303,49,8155,1.0439174852420123,1551901255,9,47289,49,8145
0,0,0,0,0,0,0,0,0,0,0,0,1.4918805651755254,1558192872,6,47473,49,8191,0.6262482625952401,1545608730,5,47110,49,8180,1.3820312001766022,1558192978,9,47430,49,8167
0,0,0,0,0,0,0,0,0,0,0,0,0.8668572194719802,1549806594,11,47201,49,23,1.5345116709975866,1560287380,3,47501,49,22,0.8905168867951732,1551901449,9,47225,49,8182
0,0,0,0,0,0,0,0,0,0,0,0,0.865327374564988,1549804075,5,47200,49,49,1.5345116709975866,1560287380,3,47501,49,22,0.5199697651206108,1545610512,9,47066,49,34
0,0,0,0,0,0,0,0,0,0,0,0,1.4580195531661313,1558193033,6,47453,49,8188,1.1524396274921516,1553997385,4,47335,49,8168,1.2541285901907058,1556095879,9,47380,49,44
0,0,0,0,0,0,0,0,0,0,0,0,1.4580195531661313,1558193033,6,47453,49,8188,0.9358006303602101,1551900291,5,47251,49,60,0.9440650610501655,1551901379,9,47244,49,8170
0,0,0,0,0,0,0,0,0,0,0,0,0,1549805128,7,47210,49,8183,0.7690403718652126,1547705073,4,47174,49,8172,1.6651672548205243,1562387531,9,47558,49,8176
0,0,0,0,0,0,0,0,0,0,0,0,0.8955171534426616,1549804742,7,47216,49,57,0.6071745212098617,1545607664,4,47105,49,35,1.3850908855408601,1558192857,9,47432,49,8142
0,0,0,0,0,0,0,0,0,0,0,0,1.543592209698618,1560290070,6,47494,49,3,1.500446195844381,1558191048,4,47483,49,8187,0.9172398578193861,1549804350,9,47235,49,8182
0,0,0,0,0,0,0,0,0,0,0,0,1.0112814197990414,1551901409,6,47265,49,7,1.2770762322778513,1556094973,5,47393,49,38,1.3933516651754365,1558192869,9,47439,49,43
0,0,0,0,0,0,0,0,0,0,0,0,1.035658511747722,1551901915,6,47274,49,13,1.1334681040157777,1553996294,4,47329,49,8175,1.3933516651754365,1558192869,9,47439,49,43
0,0,0,0,0,0,0,0,0,0,0,0,1.6962790282459888,1560292416,11,47557,49,8136,0.9471229312359561,1551899797,4,47252,49,8183,0.6520529641185567,1549803773,9,47123,49,8153
0,0,0,0,0,0,0,0,0,0,0,0,1.20751948773567,1554000815,11,47349,49,3,0.655010425208712,1547705984,4,47124,49,36,0.9507960117055733,1551901643,9,47250,49,20
0,0,0,0,0,0,0,0,0,0,0,0,0.7476243450793312,1547709392,11,47154,49,17,1.546036603491273,1560288644,5,47508,49,3,0.5872865340505847,1545610142,9,47094,49,8191
0,0,0,0,0,0,0,0,0,0,0,0,0,1549806255,10,47188,49,74,1.4759668616399095,1558191165,4,47475,49,8137,0.5872865340505847,1545610142,9,47094,49,8191
0,0,0,0,0,0,0,0,0,0,0,0,1.5437966838999218,1560293388,13,47492,49,8189,1.28054486018257,1556093412,4,47391,49,30,1.1970113843713777,1553998699,9,47356,49,32
0,0,0,0,0,0,0,0,0,0,0,0,1.6175395479724894,1560292325,11,47521,49,8180,1.2227138511732196,1553996727,4,47366,49,41,0.9670145387109351,1551901620,9,47251,49,8177
0,0,0,0,0,0,0,0,0,0,0,0,1.1237815336262325,1553999020,7,47314,49,30,1.050341732445866,1551899880,4,47296,49,8187,0.5846339671891779,1545610149,9,47096,49,8190
0,0,0,0,0,0,0,0,0,0,0,0,1.1237815336262325,1553999020,7,47314,49,30,0.9248872596521776,1551899221,4,47246,49,46,1.5254348572889442,1558192113,8,47496,49,8182
0,0,0,0,0,0,0,0,0,0,0,0,0.7464011863910551,1547710041,12,47150,49,41,0.7239592679481148,1547705844,4,47152,49,33,14.171955732392245,,9,47236,49,14
0,0,0,0,0,0,0,0,0,0,0,0,1.5498138163999617,1560292423,11,47497,49,8189,0.5479158932613404,1545608238,4,47078,49,8171,0.5248659840717884,1562386803,8,47578,49,8175
0,0,0,0,0,0,0,0,0,0,0,0,1.6306965639057454,1560292720,11,47528,49,17,1.667615376569052,1560288220,4,47556,49,8170,1.484025022014978,1558192880,9,47478,49,8162
0,0,0,0,0,0,0,0,0,0,0,0,1.1675372568729867,1554000623,11,47333,49,64,1.507993168335293,1558190926,4,47489,49,8177,1.1046055447723866,1553997968,8,47310,49,8138
0,0,0,0,0,0,0,0,0,0,0,0,0.8133090463654896,1549806935,11,47182,49,41,1.2664695686776068,1556093880,4,47385,49,10,0.48978000336064886,1562386997,8,47562,49,8183
0,0,0,0,0,0,0,0,0,0,0,0,0.9135704041212312,1551903291,11,47223,49,8172,1.2260802415324226,1553996847,4,47365,49,15,1.4702564418412387,1558192900,9,47469,49,8182
0,0,0,0,0,0,0,0,0,0,0,0,1.6824082115563717,1562389504,11,47549,49,25,1.0616640366874406,1551899753,4,47297,49,8184,1.1110297907898832,1553998912,9,47319,49,29
0,0,0,0,0,0,0,0,0,0,0,0,1.784401970354538,1562387669,7,47597,49,8176,0.9667060241335423,1551900070,4,47260,49,56,0.8853157787348233,1549804802,9,47218,49,29
0,0,0,0,0,0,0,0,0,0,0,0,1.3687737916206248,1556098367,12,47416,49,8169,0.8520645069484585,1549802450,4,47208,49,5,1.70311032423753,1564483694,8,47568,49,8168
0,0,0,0,0,0,0,0,0,0,0,0,1.4941260630049404,1558192749,5,47467,49,8165,0.7728138677441478,1547704926,4,47177,49,16,1.4792310208419879,1558192649,9,47475,49,41
0,0,0,0,0,0,0,0,0,0,0,0,1.0721721252972767,1554001529,13,47292,49,8180,0.7011120265615931,1547705707,4,47144,49,8186,1.1383643357956845,1553998408,9,47329,49,8175
0,0,0,0,0,0,0,0,0,0,0,0,0.9454944866716584,1551904367,12,47238,49,21,1.6239618993238014,1560288534,4,47536,49,8170,1.6319178243022623,1560290295,9,47538,49,8150
0,0,0,0,0,0,0,0,0,0,0,0,1.7550282319182113,1562387853,7,47581,49,8190,1.4985074029148047,1558191068,4,47486,49,22,1.3260367360053322,1558192323,8,47401,49,8127
0,0,0,0,0,0,0,0,0,0,0,0,0.7079488048809051,1547707145,6,47135,49,8186,1.438432751215347,1558191296,4,47459,49,8189,1.1301035474469863,1556095003,8,47322,49,8170
0,0,0,0,0,0,0,0,0,0,0,0,1.5140140179494708,1558195098,11,47480,49,35,1.3478616325686474,1556094217,4,47419,49,8188,0.8503320095261434,1549804323,9,47201,49,26
0,0,0,0,0,0,0,0,0,0,0,0,1.3193057949552167,1556095900,6,47397,49,8170,1.204151264891123,1553996545,4,47356,49,8189,1.5817360242344,1564484011,8,47518,49,31
0,0,0,0,0,0,0,0,0,0,0,0,1.3193057949552167,1556095900,6,47397,49,8170,1.1063380270027716,1553996199,4,47315,49,8163,1.4315995794720835,1558192902,9,47454,49,8188
0,0,0,0,0,0,0,0,0,0,0,0,1.1188853035012718,1553998684,6,47314,49,1,1.0625823081540366,1551899987,4,47296,49,0,1.1774282901839201,1556095296,8,47346,49,69
0,0,0,0,0,0,0,0,0,0,0,0,1.1188853035012718,1553998684,6,47314,49,1,1.024843731175742,1551899571,4,47282,49,8158,1.049425287484252,1551901289,9,47289,49,8188
0,0,0,0,0,0,0,0,0,0,0,0,0.9889453289135871,1551903862,11,47252,49,86,0.9193812766264162,1549802186,4,47236,49,8142,0.8567580791092695,1549804185,8,47202,49,8185
0,0,0,0,0,0,0,0,0,0,0,0,1.15580784592903,1553999242,6,47328,49,8167,0.8888848113878021,1549802402,4,47223,49,8142,0.6576629939372844,1547707436,9,47122,49,8
0,0,0,0,0,0,0,0,0,0,0,0,0.8368700981244269,1549804466,6,47191,49,2,0.828707918473407,1549802740,4,47197,49,40,1.6626187680764282,1562387200,9,47549,49,8164
0,0,0,0,0,0,0,0,0,0,0,0,1.005569154153983,1551901997,6,47265,49,46,0.828707918473407,1549802740,4,47197,49,40,1.5137054477014753,1560289639,9,47489,49,8185
0,0,0,0,0,0,0,0,0,0,0,0,0.6815325196234171,1547709230,11,47122,49,50,0.7604728816716886,1547705695,4,47170,49,8189,1.2962522300326917,1556096279,10,47397,49,8120
0,0,0,0,0,0,0,0,0,0,0,0,0.6815325196234171,1547709230,11,47122,49,50,0.6761233625379706,1547704804,4,47133,49,8182,1.1329587670193806,1553998565,9,47328,49,8163
0,0,0,0,0,0,0,0,0,0,0,0,1.755742038951046,1562390487,12,47582,49,19,0.6424649786242475,1547705437,4,47119,49,27,0.919585739808694,1553998092,8,47236,49,8191
0,0,0,0,0,0,0,0,0,0,0,0,0.7683301638562885,1547707128,6,47159,49,14,0.6424649786242475,1547705437,4,47119,49,27,0.8141232807527611,1549804304,9,47190,49,8144
0,0,0,0,0,0,0,0,0,0,0,0,1.6461994615160653,1560290293,6,47536,49,46,0.6136005873980107,1545607924,4,47106,49,8133,0.6265549481431306,1547707334,10,47109,49,33
0,0,0,0,0,0,0,0,0,0,0,0,1.6461994615160653,1560290293,6,47536,49,46,0.5801466599802323,1545608176,4,47090,49,8159,0.5089541642309944,1562387794,9,47574,49,36
0,0,0,0,0,0,0,0,0,0,0,0,1.5947945277485078,1560289706,6,47512,49,55,1.7613484469470144,1545608119,5,47085,49,8170,1.5459362309539013,1560290112,9,47503,49,8175
0,0,0,0,0,0,0,0,0,0,0,0,1.804087296789747,1545612790,12,47092,49,8158,1.7529854207529545,1545608690,4,47079,49,19,1.4322129994229085,1558192014,8,47450,49,8182
0,0,0,0,0,0,0,0,0,0,0,0,1.5516503703243845,1560292335,11,47495,49,8190,1.6780175466071787,1562385485,4,47566,49,8125,1.2692243913224683,1556095732,9,47384,49,8191
0,0,0,0,0,0,0,0,0,0,0,0,1.7882776968899516,1562387964,7,47599,49,53,1.6674108975272857,1560287564,4,47558,49,8132,1.1684536987326186,1553998454,9,47340,49,8187
0,0,0,0,0,0,0,0,0,0,0,0,1.5357385234108414,1560292784,12,47491,49,48,1.6757757807599432,1560288065,4,47556,49,8182,0.9861887057751786,1553997899,8,47263,49,8170
0,0,0,0,0,0,0,0,0,0,0,0,1.582044601887222,1560292969,12,47509,49,20,1.6797518677853749,1562385109,4,47565,49,8188,0.8235068088057448,1549805256,10,47194,49,21
0,0,0,0,0,0,0,0,0,0,0,0,0.6713329537963432,1547709580,11,47118,49,28,1.6908697162234634,1545608087,4,47056,49,8163,0.7729179015649743,1547706580,8,47170,49,8171
0,0,0,0,0,0,0,0,0,0,0,0,0.7781208135336191,1547709607,11,47167,49,5,1.7129009649603395,1545608512,5,47064,49,0,0.7099862056082236,1547708043,10,47147,49,8191
0,0,0,0,0,0,0,0,0,0,0,0,1.807249216800928,1545610097,6,47093,49,8178,0.600850683713929,1545607865,4,47103,49,0,0.6391003951789404,1547706991,8,47114,49,8185
0,0,0,0,0,0,0,0,0,0,0,0,1.807249216800928,1545610097,6,47093,49,8178,0.600850683713929,1545607865,4,47103,49,0,0.6391003951789404,1547706991,8,47114,49,8185
0,0,0,0,0,0,0,0,0,0,0,0,0.699279084444781,1547707917,6,47132,49,8,0.6189039306776406,1547705012,4,47110,49,27,0.5645415227658533,1545610268,9,47085,49,8188
0,0,0,0,0,0,0,0,0,0,0,0,0.9892502105248424,1551901687,6,47257,49,22,0.6189039306776406,1547705012,4,47110,49,27,0.5529143406896463,1545609869,9,47079,49,18
0,0,0,0,0,0,0,0,0,0,0,0,0.8627770325009535,1549804996,7,47201,49,19,0.7137597029522585,1547705483,4,47148,49,45,0.5950379885231245,1545609964,9,47098,49,8149
0,0,0,0,0,0,0,0,0,0,0,0,1.4424144165626716,1558195433,11,47446,49,8166,0.7738343660039021,1547705416,4,47175,49,8131,0.6591928389955178,1547706823,9,47119,49,8125
0,0,0,0,0,0,0,0,0,0,0,0,1.3468448123034897,1556097925,11,47407,49,47,0.906426901921184,1549802189,4,47235,49,8190,0.6858135778408965,1549803648,8,47130,49,9
0,0,0,0,0,0,0,0,0,0,0,0,1.5861248012574571,1560292453,11,47509,49,53,0.9381465121181172,1551899965,5,47252,49,64,0.7218178448773352,1549803513,8,47145,49,8152
0,0,0,0,0,0,0,0,0,0,0,0,0.7211058327439543,1547707899,7,47142,49,8185,0.9381465121181172,1551899965,5,47252,49,64,0.7284465729519807,1549803861,8,47152,49,1
0,0,0,0,0,0,0,0,0,0,0,0,0.6426712279139992,1547709630,12,47113,49,51,1.0460589014637363,1551899837,4,47290,49,8169,0.8018827191410105,1551900641,8,47184,49,8167
0,0,0,0,0,0,0,0,0,0,0,0,0.6426712279139992,1547709630,12,47113,49,51,1.0666606717282783,1551899826,5,47304,49,11,0.8677718742979237,1549804219,9,47210,49,8176
0,0,0,0,0,0,0,0,0,0,0,0,0.9087764099857267,1549803625,5,47224,49,10,1.1624347255738143,1553996758,4,47341,49,8127,0.9313151497552334,1549803697,9,47235,49,8156
0,0,0,0,0,0,0,0,0,0,0,0,1.2710627768701506,1556098081,11,47376,49,8190,1.1867095834828165,1553996871,4,47351,49,8090,0.929171915560187,1553998188,8,47240,49,8191
0,0,0,0,0,0,0,0,0,0,0,0,1.1860998478206566,1554000867,11,47345,49,48,1.2434178474572528,1556094047,4,47379,49,26,1.0088314875649156,1551901579,9,47267,49,5
0,0,0,0,0,0,0,0,0,0,0,0,1.5561376611563602,1560293384,13,47501,49,5,1.33052218374473,1556094487,5,47413,49,8165,1.0744139511030149,1553998768,9,47296,49,71
0,0,0,0,0,0,0,0,0,0,0,0,1.50942449116552,1558193565,7,47479,49,7,1.3598958994459962,1556093637,4,47429,49,54,1.1099088802246875,1553998438,9,47308,49,8190
0,0,0,0,0,0,0,0,0,0,0,0,1.50942449116552,1558193565,7,47479,49,7,1.397430008593864,1558190652,4,47445,49,6,1.1117435962068365,1556094998,8,47314,49,5
0,0,0,0,0,0,0,0,0,0,0,0,0.6132974798066799,1545612782,12,47097,49,58,1.4963659965920022,1558190701,4,47483,49,8149,1.1921151522563382,1556095175,8,47350,49,26
0,0,0,0,0,0,0,0,0,0,0,0,0.9882315234358732,1551903967,11,47253,49,52,1.4963659965920022,1558190701,4,47483,49,8149,1.2671852128220464,1556095622,9,47374,49,43
0,0,0,0,0,0,0,0,0,0,0,0,0.9346833451369446,1549804843,7,47234,49,19,1.5601118944695997,1560287833,4,47514,49,8128,1.3354184198653982,1556096223,9,47409,49,8182
0,0,0,0,0,0,0,0,0,0,0,0,0.9346833451369446,1549804843,7,47234,49,19,1.6200861756712983,1560288709,5,47534,49,15,1.3542858612072826,1558192375,8,47424,49,3
0,0,0,0,0,0,0,0,0,0,0,0,1.614070913581162,1560292614,11,47525,49,5,1.6883193544898407,1562385430,4,47569,49,4,1.4703586780697462,1558192931,9,47462,49,8145
0,0,0,0,0,0,0,0,0,0,0,0,1.5551171462733386,1560293126,12,47503,49,29,0.5547490828595858,1545608195,4,47083,49,8110,1.507892790920028,1562386790,9,47478,49,8180
0,0,0,0,0,0,0,0,0,0,0,0,0.6583785944578682,1547710090,12,47119,49,30,0.6435859067456009,1547705349,4,47124,49,8186,1.580001706265328,1564483907,8,47514,49,30
0,0,0,0,0,0,0,0,0,0,0,0,1.019032873608979,1551901406,6,47271,49,52,0.7294670690715147,1547705480,4,47154,49,8162,1.632936471929217,1562386786,8,47539,49,8177
0,0,0,0,0,0,0,0,0,0,0,0,0.9600791244163408,1551901636,6,47249,49,27,0.7448677456802348,1547704885,5,47163,49,0,0.5477132218141432,1545610112,9,47067,49,8172
0,0,0,0,,0,0,0,0,0,0,0,0.9600791244163408,1551901636,6,47249,49,27,0.7649601847188591,1547704719,4,47174,49,28,0.6109498098550058,1545609409,8,47095,49,18
0,0,0,0,0,0,0,0,0,0,0,0,1.280241837223967,1556098461,12,47382,49,8175,0.813612127842773,1549802627,4,47193,49,8171,0.6282874592093848,1545609491,8,47109,49,8142
0,0,0,0,0,0,0,0,0,0,0,0,1.280241837223967,1556098461,12,47382,49,8175,0.9089772475816329,1549802417,4,47234,49,8183,0.7232454605141211,1549804034,9,47146,49,10
0,0,0,0,0,0,0,0,0,0,0,0,1.6143776268845216,1560290236,6,47522,49,49,0.9234596483270667,1551899090,4,47244,49,8167,0.8065762866898125,1553997830,8,47177,49,8165
0,0,0,0,0,0,0,0,0,0,0,0,0.7427281231876571,1547707602,7,47156,49,58,1.059318154753988,1551899705,4,47296,49,43,0.8763411722545447,1549804125,9,47205,49,39
0,0,0,0,0,0,0,0,0,0,0,0,0.7427281231876571,1547707602,7,47156,49,58,1.0729845123979143,1553996718,4,47306,49,8175,0.9341721875093022,1549804544,9,47230,49,8180
0,0,0,0,0,0,0,0,0,0,0,0,1.0574852591337858,1551903627,12,47286,49,10,1.1485639022358014,1553996121,4,47333,49,8156,0.949673278626531,1551900950,9,47246,49,6
0,0,0,0,0,0,0,0,0,0,0,0,1.0574852591337858,1551903627,12,47286,49,10,1.2173082831882613,1553996767,5,47363,49,8167,0.949673278626531,1551900950,9,47246,49,6
0,0,0,0,0,0,0,0,0,0,0,0,1.3958016335442576,1558195492,12,47433,49,8180,1.2768736060649486,1556094127,4,47387,49,8186,1.0899168536202115,1553998188,9,47303,49,22
0,0,0,0,0,0,0,0,0,0,0,0,1.7880750448827971,1562390227,12,47593,49,8162,1.3517373570742441,1556093899,4,47421,49,38,1.1417307237881344,1553998199,8,47323,49,8
0,0,0,0,0,0,0,0,0,0,0,0,1.7627796856371079,1562387141,6,47585,49,48,1.3943703241628727,1558191225,4,47443,49,8183,1.1962957427853367,1556095228,8,47356,49,6
0,0,0,0,0,0,0,0,0,0,0,0,1.7627796856371079,1562387141,6,47585,49,48,1.4649512544632564,1558191148,4,47471,49,8163,1.293906348657793,1556095549,8,47391,49,8188
0,0,0,0,0,0,0,0,0,0,0,0,0.9161207472798262,1549806378,11,47222,49,49,1.5077886923534203,1558190532,4,47491,49,8187,1.341130694235793,1558192194,8,47408,49,8176
0,0,0,0,0,0,0,0,0,0,0,0,1.2865656784826334,1556095738,6,47382,49,72,1.5077886923534203,1558190532,4,47491,49,8187,1.341130694235793,1558192194,8,47408,49,8176
0,0,0,0,0,0,0,0,0,0,0,0,1.2660643088022243,1556099051,12,47375,49,8174,1.6647601720408618,1560288386,4,47552,49,8169,1.4527125174157511,1560289583,8,47458,49,8190
0,0,0,0,0,0,0,0,0,0,0,0,0.8200418032774356,1549806425,11,47180,49,8171,0.5742299462853959,1545608712,4,47092,49,8152,1.5891826226880894,1560290376,9,47512,49,22
0,0,0,0,0,0,0,0,0,0,0,0,0.7876065716571098,1547708961,11,47170,49,8180,0.672756984809343,1547706158,5,47134,49,8152,0.5207858016263522,1562387400,9,47571,49,8107
0,0,0,0,0,0,0,0,0,0,0,0,0.7876065716571098,1547708961,11,47170,49,8180,0.7473158576048039,1547705342,4,47163,49,8143,0.5207858016263522,1562387400,9,47571,49,8107
0,0,0,0,0,0,0,0,0,0,0,0,1.1616223479305565,1554000964,11,47327,49,28,0.8165695854993594,1549803036,4,47196,49,8142,0.6134983595453575,1549804044,9,47102,49,12
0,0,0,0,0,0,0,0,0,0,0,0,1.5232953098589752,1560292499,12,47485,49,45,0.9785376662304885,1551899762,4,47263,49,4,0.7109044718348088,1547707353,10,47139,49,8176
0,0,0,0,0,0,0,0,0,0,0,0,0.6489950650962729,1547709361,11,47113,49,8169,1.082163572390753,1553996705,5,47311,49,76,0.7872998811361146,1547707499,9,47166,49,8182
0,0,0,0,0,0,0,0,0,0,0,0,1.0187261771652285,1551901977,6,47272,49,67,1.127450964683121,1553996820,4,47323,49,8166,0.79005288253072,1549804379,10,47171,49,34
0,0,0,0,0,0,0,0,0,0,0,0,0.9721152286522095,1551901479,6,47249,49,20,1.2179198526465884,1553996903,4,47364,49,8180,0.8165713924847644,1549804284,9,47183,49,8173
0,0,0,0,0,0,0,0,0,0,0,0,0.9721152286522095,1551901479,6,47249,49,20,1.2527009822904147,1556093951,5,47375,49,8188,0.8165713924847644,1549804284,9,47183,49,8173
0,0,0,0,0,0,0,0,0,0,0,0,1.2852403034982618,1556097966,11,47379,49,66,1.3125711679423286,1556094412,4,47404,49,35,0.8124912056784483,1549804226,9,47183,49,3
0,0,0,0,0,0,0,0,0,0,0,0,1.2852403034982618,1556097966,11,47379,49,66,1.3726458216668063,1556093714,4,47431,49,55,0.8124912056784483,1549804226,9,47183,49,3
0,0,0,0,0,0,0,0,0,0,0,0,1.5703151908634716,1560290439,6,47504,49,5,1.4031422860755691,1558190432,4,47444,49,8167,0.8155508948797191,1549804211,9,47185,49,8191
0,0,0,0,0,0,0,0,0,0,0,0,0.7557847154653943,1547707296,6,47154,49,42,1.4910626680786536,1558190540,4,47478,49,22,0.8155508948797191,1549804211,9,47185,49,8191
0,0,0,0,0,0,0,0,0,0,0,0,0.6856109142883164,1547707463,6,47130,49,17,1.6169242535553612,1560288210,4,47532,49,2,0.8555331191456126,1549804050,9,47201,49,10
0,0,0,0,0,0,0,0,0,0,0,0,0.6856109142883164,1547707463,6,47130,49,17,1.6465024394552357,1560287461,4,47546,49,20,0.8881710052846257,1549804475,10,47217,49,46
0,0,0,0,0,0,0,0,0,0,0,0,0.9783368374264483,1551904267,12,47252,49,12,0.5766780567851403,1545608351,4,47091,49,9,0.9249894940683877,1551901028,9,47240,49,8190
0,0,0,0,0,0,0,0,0,0,0,0,1.337154578489341,1556096423,7,47406,49,64,0.7847477383015681,1549802074,4,47179,49,45,1.0228045473382412,1551901639,9,47273,49,11
0,0,0,0,0,0,0,0,0,0,0,0,1.337154578489341,1556096423,7,47406,49,64,0.890414655657118,1549802917,4,47223,49,20,1.0848179829779863,1551901451,9,47297,49,8151
0,0,0,0,0,0,0,0,0,0,0,0,1.7103543215702413,1562389940,12,47563,49,47,0.9839432355469472,1551899834,4,47266,49,8147,1.122147629320363,1553998324,9,47315,49,8185
0,0,0,0,0,0,0,0,0,0,0,0,1.7103543215702413,1562389940,12,47563,49,47,0.9839432355469472,1551899834,4,47266,49,8147,1.122147629320363,1553998324,9,47315,49,8185
0,0,0,0,0,0,0,0,0,0,0,0,0.8611449576736829,1549804938,6,47201,49,59,1.2090456592877536,1553996210,4,47363,49,30,1.2352593003214805,1553998476,9,47366,49,8188
0,0,0,0,0,0,0,0,0,0,0,0,1.2598427010389335,1556098611,12,47372,49,8183,1.3547970423135896,1556094047,4,47422,49,8153,1.2352593003214805,1553998476,9,47366,49,8188
0,0,0,0,0,0,0,0,0,0,0,0,1.2557625069680032,1556097563,11,47372,49,15,1.5070748906923213,1558191223,4,47489,49,20,1.3840703736916566,1558192592,9,47427,49,8153
0,0,0,0,0,0,0,0,0,0,0,0,1.6736362462161638,1560292031,11,47547,49,6,1.6560904454404903,1560288116,4,47548,49,8139,1.4739276919858693,1558192714,9,47466,49,8176
0,0,0,0,0,0,0,0,0,0,0,0,1.6976043927857227,1562389893,11,47560,49,17,0.6141099380688984,1545608063,5,47109,49,22,1.555931323189844,1560290254,9,47502,49,47
0,0,0,0,0,0,0,0,0,0,0,0,0.9570194352275389,1551904250,11,47245,49,32,0.9549766148652468,1551899940,5,47255,49,8151,0.6353251048900522,1547706497,8,47112,49,8160
0,0,0,0,0,0,0,0,0,0,0,0,1.3973314756844935,1558195568,12,47432,49,62,0.9549766148652468,1551899940,5,47255,49,8151,0.7367091739805137,1547707154,9,47150,49,8172
0,0,0,0,0,0,0,0,0,0,0,0,1.453123316719486,1558193653,7,47453,49,8189,1.3539810027600818,1556093973,4,47423,49,8163,0.8437014786556618,1551900723,8,47197,49,34
0,0,0,0,0,0,0,0,0,0,0,0,1.453123316719486,1558193653,7,47453,49,8189,1.4900421530491206,1558191054,4,47481,49,8180,0.8437014786556618,1551900723,8,47197,49,34
0,0,0,0,0,0,0,0,0,0,0,0,0.7455851494093476,1547709312,11,47150,49,0,1.7448250418592886,1545608707,5,47079,49,8180,1.1361206879193346,1553998521,9,47319,49,12
0,0,0,0,0,0,0,0,0,0,0,0,0.7455851494093476,1547709312,11,47150,49,0,0.6840792746724759,1547705290,4,47135,49,31,1.1361206879193346,1553998521,9,47319,49,12
0,0,0,0,0,0,0,0,0,0,0,0,1.2710627757849604,1556097752,11,47374,49,8191,0.9123418127811399,1551899389,5,47241,49,8175,1.415994445889,1558192034,9,47439,49,8170
0,0,0,0,0,0,0,0,0,0,0,0,1.2710627757849604,1556097752,11,47374,49,8191,1.0729845123979143,1553996603,5,47306,49,8164,1.415994445889,1558192034,9,47439,49,8170
0,0,0,0,0,0,0,0,0,0,0,0,1.7806284748220473,1562390169,12,47594,49,8170,1.3289923411493434,1556094609,4,47412,49,31,0.59809767939381,1545610490,10,47090,49,29
0,0,0,0,0,0,0,0,0,0,0,0,1.7806284748220473,1562390169,12,47594,49,8170,1.3289923411493434,1556094609,4,47412,49,31,0.59809767939381,1545610490,10,47090,49,29
0,0,0,0,0,0,0,0,0,0,0,0,1.132349024041116,1554001896,12,47318,49,8170,0.5199697651525282,1545608571,5,47064,49,8188,0.9137712444419727,1549803769,9,47227,49,4
0,0,0,0,0,0,0,0,0,0,0,0,1.132349024041116,1554001896,12,47318,49,8170,0.5199697651525282,1545608571,5,47064,49,8188,0.9137712444419727,1549803769,9,47227,49,4
0,0,0,0,0,0,0,0,0,0,0,0,1.7213699311212225,1562389532,11,47567,49,8138,0.9911853461792565,1551899957,4,47268,49,8144,1.3003324260537796,1556096385,10,47389,49,8183
0,0,0,0,0,0,0,0,0,0,0,0,1.12796395788803,1554000852,11,47313,49,8147,1.4968753230605005,1558190581,4,47486,49,8189,1.6926040384007843,1560289994,9,47559,49,16
0,0,0,0,0,0,0,0,0,0,0,0,1.12796395788803,1554000852,11,47313,49,8147,1.6977029414652616,1545607999,4,47061,49,8148,1.6926040384007843,1560289994,9,47559,49,16
0,0,0,0,0,0,0,0,0,0,0,0,1.7532939260916942,1562387618,6,47582,49,39,0.8424765171064335,1549802459,4,47206,49,62,0.9231547720800308,1551900886,9,47231,49,6
0,0,0,0,0,0,0,0,0,0,0,0,1.7532939260916942,1562387618,6,47582,49,39,1.064621490453245,1551898839,4,47300,49,8145,1.1316333904527969,1553998788,10,47315,49,8173
0,0,0,0,0,0,0,0,0,0,0,0,1.2475017193144071,1556098098,11,47365,49,2,1.430476828695889,1558191539,4,47457,49,2,1.4487345566007916,1558192882,9,47454,49,11
0,0,0,0,0,0,0,0,0,0,0,0,1.7760389413231847,1562390429,13,47591,49,6,1.6698590189906437,1545607730,4,47046,49,8143,1.6543561264816387,1560289846,8,47542,49,8129
0,0,0,0,0,0,0,0,0,0,0,0,0.7965829802724146,1549806573,11,47170,49,11,0.8823565090255847,1549802243,4,47223,49,23,0.7629209948018335,1549804059,8,47162,49,8158
0,0,0,0,0,0,0,0,0,0,0,0,0.8940895390866692,1549807084,12,47214,49,34,1.569802137701316,1560287821,4,47515,49,42,1.3401101840833942,1556095461,9,47407,49,18
0,0,0,0,0,0,0,0,0,0,0,0,1.1159278495175105,1554001154,11,47313,49,8163,1.1087843103535606,1553997281,5,47323,49,37,0.709272397749934,1547707192,9,47136,49,15
0,0,0,0,0,0,0,0,0,0,0,0,0.7111107250255788,1547709583,11,47138,49,8162,0.7364024851947317,1547705384,4,47158,49,8174,1.3403146550201994,1556095524,9,47405,49,42
0,0,0,0,0,0,0,0,0,0,0,0,0.7111107250255788,1547709583,11,47138,49,8162,1.023823226939462,1551899679,4,47284,49,8147,1.538796347507129,1562386685,8,47491,49,8176
0,0,0,0,0,0,0,0,0,0,0,0,1.526661706467266,1558196079,13,47486,49,8164,1.5242098652731788,1560288012,4,47498,49,8140,0.7455833521590798,1547707136,9,47148,49,8158
0,0,0,0,0,0,0,0,0,0,0,0,1.526661706467266,1558196079,13,47486,49,8164,1.5242098652731788,1560288012,4,47498,49,8140,0.9497755109649644,1553997974,9,47242,49,22
0,0,0,0,0,0,0,0,0,0,0,0,1.142753058040579,1553999138,6,47322,49,8138,1.1874233877510862,1553997184,5,47352,49,8183,1.2834000765479023,1558192335,9,47387,49,1
0,0,0,0,0,0,0,0,0,0,0,0,1.142753058040579,1553999138,6,47322,49,8138,1.5009555226546256,1558191173,4,47486,49,4,1.2834000765479023,1558192335,9,47387,49,1
0,0,0,0,0,0,0,0,0,0,0,0,0.8050482442227815,1549807493,13,47177,49,8137,0.7714884840864081,1547705233,4,47174,49,8153,0.6793875112683724,1549803743,9,47125,49,8186
0,0,0,0,0,0,0,0,0,0,0,0,0.8050482442227815,1549807493,13,47177,49,8137,1.0799199241054078,1553996390,4,47310,49,77,0.6793875112683724,1549803743,9,47125,49,8186
0,0,0,0,0,0,0,0,0,0,0,0,1.6710858880161499,1560291835,10,47550,49,14,1.5705159393141976,1560287770,4,47516,49,8172,1.3585705319651742,1558192303,8,47418,49,8169
0,0,0,0,0,0,0,0,0,0,0,0,1.6710858880161499,1560291835,10,47550,49,14,0.735484218042177,1547705520,4,47159,49,34,1.6225342965046174,1564483913,9,47526,49,8172
0,0,0,0,0,0,0,0,0,0,0,0,1.3623477146694953,1556098472,12,47417,49,79,1.2581065502781548,1556093694,4,47379,49,60,0.8807262447136496,1549804100,9,47207,49,18
0,0,0,0,0,0,0,0,0,0,0,0,0.7689417440236954,1547709439,12,47163,49,8188,1.5985642830408817,1560288362,4,47529,49,8157,1.1598862080880787,1553998251,9,47326,49,8178
0,0,0,0,0,0,0,0,0,0,0,0,1.094612265816357,1554001830,13,47298,49,20,0.912750741499383,1549802209,4,47237,49,8131,1.597545634718675,1560289924,9,47515,49,30
0,0,0,0,0,0,0,0,0,0,0,0,1.094612265816357,1554001830,13,47298,49,20,0.912750741499383,1549802209,4,47237,49,8131,0.7355864488312276,1547706598,8,47150,49,29
0,0,0,0,0,0,0,0,0,0,0,0,1.5482839747783828,1560291992,10,47498,49,10,1.0604390647390083,1551900166,5,47301,49,8122,1.5718431705524303,1560290668,10,47503,49,21
0,0,0,0,0,0,0,0,0,0,0,0,0.7725107833222203,1547706854,6,47168,49,9,1.666492617336122,1560288056,4,47559,49,14,0.9270304980850482,1549804193,9,47233,49,8152
0,0,0,0,0,0,0,0,0,0,0,0,0.7725107833222203,1547706854,6,47168,49,9,0.8676696427036553,1549803335,5,47215,49,8121,1.2901328591779224,1556095776,9,47385,49,8175
0,0,0,0,0,0,0,0,0,0,0,0,0.6992790853703843,1547709651,12,47134,49,17,1.4831067449007418,1558191027,4,47477,49,8188,0.6528690014093969,1549803652,9,47113,49,8185
0,0,0,0,0,0,0,0,0,0,0,0,0.6992790853703843,1547709651,12,47134,49,17,0.6952975362249307,1547705015,4,47146,49,8133,1.038104805717677,1551901514,9,47272,49,33
0,0,0,0,0,0,0,0,0,0,0,0,0.6858153720750961,1547709867,11,47130,49,59,1.351532884321589,1556093883,4,47424,49,10,1.554401481375041,1564483870,9,47498,49,6
0,0,0,0,0,0,0,0,0,0,0,0,0.679695990765244,1547707820,7,47126,49,57,1.232606712369945,1556093538,4,47374,49,48,1.1477478642316765,1558192543,8,47325,49,46
0,0,0,0,0,0,0,0,0,0,0,0,0.679695990765244,1547707820,7,47126,49,57,1.232606712369945,1556093538,4,47374,49,48,1.4856571019483673,1558192936,9,47468,49,8154
0,0,0,0,0,0,0,0,0,0,0,0,0.6687826165011708,1547707448,7,47121,49,44,1.0588069874304553,1553996490,4,47302,49,8132,0.7449699765650376,1547706769,9,47154,49,8170
0,0,0,0,0,0,0,0,0,0,0,0,0.6687826165011708,1547707448,7,47121,49,44,1.5157446157533883,1558191031,4,47494,49,8179,0.9866980476865322,1551901273,9,47256,49,7
0,0,0,0,0,0,0,0,0,0,0,0,0.7050917800132498,1547707684,6,47141,49,65,0.9226436098847614,1551899215,4,47245,49,8170,1.4410853444547325,1558192886,9,47449,49,43
0,0,0,0,0,0,0,0,0,0,0,0,1.4191582191981376,1558193217,6,47444,49,6,1.3690768061666765,1556093851,4,47428,49,8170,1.4410853444547325,1558192886,9,47449,49,43
0,0,0,0,0,0,0,0,0,0,0,0,0.6942806351896821,1547709647,11,47135,49,8163,0.7619004956154388,1547705046,4,47173,49,18,0.9473292107880137,1551901179,9,47234,49,8182
0,0,0,0,0,0,0,0,0,0,0,0,0.6942806351896821,1547709647,11,47135,49,8163,1.152948963474123,1553996857,4,47339,49,8182,1.1422400617327066,1556094855,8,47324,49,8182
0,0,0,0,0,0,0,0,0,0,0,0,0.7233494869680887,1547707484,6,47146,49,46,0.565866911913062,1545608515,4,47087,49,56,1.5486892018163179,1562386711,9,47499,49,8151
0,0,0,0,0,0,0,0,0,0,0,0,0.7233494869680887,1547707484,6,47146,49,46,0.565866911913062,1545608515,4,47087,49,56,0.6175785435849535,1549803845,8,47100,49,8172
0,0,0,0,0,0,0,0,0,0,0,0,0.824631336195777,1549806616,11,47179,49,23,1.5243121032412201,1558190581,4,47498,49,8168,0.9913898115374786,1553997875,8,47259,49,51
0,0,0,0,0,0,0,0,0,0,0,0,0.824631336195777,1549806616,11,47179,49,23,0.7521098513729665,1547705916,4,47165,49,13,1.2683061173080472,1556094996,8,47376,49,25
0,0,0,0,0,0,0,0,0,0,0,0,0.9197920113401945,1549803932,6,47222,49,8132,1.3211386559630443,1556094283,4,47410,49,8,1.6966842403141023,1560289074,8,47560,49,25
0,0,0,0,0,0,0,0,0,0,0,0,1.6911801743639931,1560292614,12,47547,49,3,1.6646560560649393,1560287982,4,47562,49,8188,0.8123889755652259,1549804667,9,47182,49,8140
0,0,0,0,0,0,0,0,0,0,0,0,1.010363148628097,1551899308,3,47262,49,91,1.0348388308459766,1551899601,4,47289,49,31,1.2852384645400288,1556095715,9,47378,49,4
0,0,0,0,0,0,0,0,0,0,0,0,1.010363148628097,1551899308,3,47262,49,91,1.3827431515148056,1558190862,4,47438,49,12,1.573270774880759,1560289386,8,47506,49,8161
0,0,0,0,0,0,0,0,0,0,0,0,1.1694760308506986,1554001171,11,47326,49,56,0.7566993852269033,1547705265,4,47168,49,8184,0.9053059856480896,1553998076,8,47223,49,8167
0,0,0,0,0,0,0,0,0,0,0,0,1.1694760308506986,1554001171,11,47326,49,56,0.7566993852269033,1547705265,4,47168,49,8184,1.2446428282787119,1558192179,8,47368,49,8186
0,0,0,0,0,0,0,0,0,0,0,0,1.2763661088879208,1556099142,13,47374,49,47,1.5333889153730258,1560288664,5,47505,49,8186,0.590141768845461,1549804461,10,47089,49,8183
0,0,0,0,0,0,0,0,0,0,0,0,1.2763661088879208,1556099142,13,47374,49,47,0.6509302399607584,1547704625,4,47125,49,8167,0.9437583660727817,1551901592,9,47238,49,3
0,0,0,0,0,0,0,0,0,0,0,0,1.3732610839409303,1556098104,12,47416,49,10,1.1576407274527387,1553997074,4,47340,49,8152,1.5067718947373328,1558192363,8,47470,49,8171
0,0,0,0,0,0,0,0,0,0,0,0,1.3732610839409303,1556098104,12,47416,49,10,1.1576407274527387,1553997074,4,47340,49,8152,0.6415467140781551,1547706904,9,47113,49,27
0,0,0,0,0,0,0,0,0,0,0,0,1.4513890001208747,1558195594,11,47450,49,16,0.7066198275691218,1547705419,4,47146,49,8184,1.179264835808565,1553998772,9,47337,49,8155
0,0,0,0,0,0,0,0,0,0,0,0,1.4513890001208747,1558195594,11,47450,49,16,1.0075042867758446,1551899728,4,47276,49,8116,1.5356344256520822,1560289621,8,47491,49,1
0,0,0,0,0,0,0,0,0,0,0,0,1.5281915461224624,1558195310,12,47481,49,18,1.4772922283595833,1558190952,4,47478,49,8186,0.8858251234549047,1549804361,10,47214,49,20
0,0,0,0,0,0,0,0,0,0,0,0,1.5281915461224624,1558195310,12,47481,49,18,0.5736183662856771,1545607939,4,47090,49,8184,1.2454588671557085,1556095438,8,47368,49,8164
0,0,0,0,0,0,0,0,0,0,0,0,1.5866341272088669,1560292111,11,47508,49,14,1.0059744431143496,1551899977,4,47275,49,8123,0.5846339683382029,1547706602,8,47087,49,67
0,0,0,0,0,0,0,0,0,0,0,0,1.5866341272088669,1560292111,11,47508,49,14,1.2914582305971116,1556094122,4,47396,49,8149,0.9863931684169105,1551901281,9,47252,49,8184
0,0,0,0,0,0,0,0,0,0,0,0,1.6413032194248784,1560290520,7,47532,49,8173,0.5278234475942758,1545608733,5,47067,49,8175,1.522579648322142,1562386914,9,47483,49,8166
0,0,0,0,0,0,0,0,0,0,0,0,1.1807965099283853,1554001255,11,47335,49,39,0.8627734162483839,1549802994,4,47215,49,8166,0.6496048540320176,1549803550,8,47114,49,9
0,0,0,0,0,0,0,0,0,0,0,0,1.7116796843704796,1562389447,11,47562,49,17,1.3296039083023241,1556093953,4,47414,49,8165,1.2205724389279888,1553998731,9,47356,49,10
0,0,0,0,0,0,0,0,0,0,0,0,1.2565785443889281,1556097765,11,47368,49,47,1.6144761327272392,1560288574,4,47533,49,8187,1.5548085694612932,1560289661,9,47503,49,27
0,0,0,0,0,0,0,0,0,0,0,0,1.791848538830553,1562389536,11,47592,49,48,0.8795012836220747,1549802670,4,47219,49,8164,0.8539010441080729,1549803987,9,47199,49,30
0,0,0,0,0,0,0,0,0,0,0,0,0.6632748125950804,1547710225,13,47113,49,24,1.6537445634272445,1560288348,4,47548,49,44,1.689544355236067,1562386771,9,47558,49,8186
0,0,0,0,0,0,0,0,0,0,0,0,0.6632748125950804,1547710225,13,47113,49,24,0.7441539383766925,1547705423,4,47162,49,8146,0.8253433429553665,1549804050,9,47183,49,8146
0,0,0,0,0,0,0,0,0,0,0,0,0.7413005051216385,1547710056,12,47148,49,8179,1.1817111158039328,1553996523,4,47352,49,28,1.264225922687163,1556096432,10,47376,49,89
0,0,0,0,0,0,0,0,0,0,0,0,0.7413005051216385,1547710056,12,47148,49,8179,1.497284274055597,1558191260,4,47482,49,8125,1.5776558246749872,1562386689,8,47511,49,8171
0,0,0,0,0,0,0,0,0,0,0,0,0.9003111463087559,1549804662,7,47213,49,8190,0.7149828584624632,1547705063,4,47152,49,16,0.9052037543889534,1549804095,8,47224,49,24
0,0,0,0,0,0,0,0,0,0,0,0,0.9003111463087559,1549804662,7,47213,49,8190,1.0177038525821285,1551899025,4,47280,49,8145,1.2376051824783545,1556094921,8,47365,49,8182
0,0,0,0,0,0,0,0,0,0,0,0,1.0392275410713905,1551901348,6,47275,49,8158,1.5063610884664214,1558191310,4,47489,49,0,1.7244277406834416,1562387281,9,47568,49,8173
0,0,0,0,0,0,0,0,0,0,0,0,1.0392275410713905,1551901348,6,47275,49,8158,1.5063610884664214,1558191310,4,47489,49,0,0.8211609263616145,1553998216,9,47184,49,60
0,0,0,0,0,0,0,0,0,0,0,0,1.2521934818088658,1556097986,11,47363,49,8,1.0475887451984365,1551900143,5,47290,49,20,1.286257134181767,1560289550,8,47384,49,8190
0,0,0,0,0,0,0,0,0,0,0,0,1.2521934818088658,1556097986,11,47363,49,8,1.365710412443303,1556094147,4,47427,49,41,1.6580292419381466,1560289805,9,47539,49,8191
0,0,0,0,0,0,0,0,0,0,0,0,1.467403079974338,1558194858,11,47453,49,8183,0.620943125932479,1545607950,4,47113,49,38,0.8946993063728813,1549803750,9,47215,49,1
0,0,0,0,0,0,0,0,0,0,0,0,1.467403079974338,1558194858,11,47453,49,8183,0.620943125932479,1545607950,4,47113,49,38,1.2030303573653478,1553998695,9,47344,49,0
0,0,0,0,0,0,0,0,0,0,0,0,1.6282484419942294,1560289969,6,47524,49,7,1.3798860855656596,1558191163,5,47440,49,8169,1.6713907325944866,1560290264,10,47544,49,8153
0,0,0,0,0,0,0,0,0,0,0,0,1.6282484419942294,1560289969,6,47524,49,7,1.7001510039864176,1545608232,4,47060,49,8154,0.7216133862460631,1549803702,8,47147,49,22
0,0,0,0,0,0,0,0,0,0,0,0,0.6273727703062463,1545612302,12,47097,49,8175,1.3617324517053544,1556093800,4,47426,49,1,1.5507302326247214,1558192109,8,47498,49,8182
0,0,0,0,0,0,0,0,0,0,0,0,0.8242224184449564,1549806275,11,47183,49,3,0.6392008309478016,1547705125,4,47118,49,24,0.8607342284736282,1549804569,9,47207,49,8169
0,0,0,0,0,0,0,0,0,0,0,0,0.8242224184449564,1549806275,11,47183,49,3,0.6392008309478016,1547705125,4,47118,49,24,1.204762835074887,1558192412,8,47354,49,8
0,0,0,0,0,0,0,0,0,0,0,0,1.02158321612542,1551904124,12,47264,49,14,1.5204363799554255,1558190708,4,47494,49,8176,0.5418987395301232,1545610087,9,47069,49,23
0,0,0,0,0,0,0,0,0,0,0,0,1.02158321612542,1551904124,12,47264,49,14,0.6404239882321527,1547704742,4,47122,49,6,0.9052037539580691,1549804158,9,47227,49,8178
0,0,0,0,0,0,0,0,0,0,0,0,1.236383877411524,1554000969,11,47358,49,35,1.2188381263404697,1553996874,4,47363,49,8157,1.460056873679671,1558192804,9,47459,49,8185
0,0,0,0,0,0,0,0,0,0,0,0,1.236383877411524,1554000969,11,47358,49,35,1.5461388422586397,1560287780,4,47506,49,8187,0.6182923517117589,1547706471,8,47104,49,17
0,0,0,0,0,0,0,0,0,0,0,0,1.4381297463338052,1558195447,11,47444,49,4,0.9067335975963215,1549802396,4,47231,49,8138,1.2313854108589388,1553998315,9,47357,49,14
0,0,0,0,0,0,0,0,0,0,0,0,1.049529339685424,1551903437,11,47278,49,3,1.2336272219763211,1553996132,4,47370,49,22,1.556747363077093,1560290396,10,47503,49,54
0,0,0,0,0,0,0,0,0,0,0,0,1.658744910863443,1560290405,7,47537,49,53,0.5769847413703489,1545608834,4,47088,49,8142,0.9508982435343537,1551901162,9,47243,49,0
0,0,0,0,0,0,0,0,0,0,0,0,1.2518867800592217,1556097655,11,47366,49,40,0.9301924166914665,1549802139,4,47241,49,8131,1.348066104625342,1556095679,9,47413,49,81
0,0,0,0,0,0,0,0,0,0,0,0,0.6601128936969158,1547709502,11,47112,49,46,1.4401670677200396,1558191085,4,47457,49,8154,0.7339543739810193,1549803771,8,47154,49,8176
0,0,0,0,0,0,0,0,0,0,0,0,1.4664848047377628,1558192855,6,47454,49,8184,0.6025849861704803,1545608333,4,47101,49,17,1.1274509648746254,1553999284,9,47320,49,23
0,0,0,0,0,0,0,0,0,0,0,0,0.8448260099063768,1549807443,13,47189,49,8186,1.100523523865539,1553996664,4,47315,49,8184,0.5754548961612033,1562386842,9,47596,49,8174
0,0,0,0,0,0,0,0,0,0,0,0,0.8448260099063768,1549807443,13,47189,49,8186,1.4870847065486767,1558191153,4,47477,49,20,0.9533463570950167,1549803796,9,47243,49,23
0,0,0,0,0,0,0,0,0,0,0,0,1.0120974558110887,1551903319,11,47261,49,15,0.8066767129924437,1549802803,5,47188,49,8168,1.6008097949531863,1560289800,9,47519,49,8185
0,0,0,0,0,0,0,0,0,0,0,0,1.0120974558110887,1551903319,11,47261,49,15,1.2153695008927055,1553996673,4,47365,49,18,0.792092075050475,1549803472,8,47176,49,8190
0,0,0,0,0,0,0,0,0,0,0,0,1.2113952118131772,1553998336,6,47347,49,24,1.7159606533773961,1545608042,4,47065,49,6,1.4022258625155453,1558192597,9,47434,49,8163
0,0,0,0,0,0,0,0,0,0,0,0,1.3968221413159307,1558195279,12,47425,49,8183,1.4445521201529758,1558192137,5,47462,49,1,1.1989501646414973,1553998582,10,47347,49,8172
0,0,0,0,0,0,0,0,0,0,0,0,1.3968221413159307,1558195279,12,47425,49,8183,1.4445521201529758,1558192137,5,47462,49,1,1.5802061826509983,1560290773,10,47513,49,8172
0,0,0,0,0,0,0,0,0,0,0,0,1.591325891570491,1560290450,6,47510,49,3,1.0782878473651205,1553996525,4,47309,49,8134,0.9790488275018004,1551901216,9,47255,49,33
0,0,0,0,0,0,0,0,0,0,0,0,1.591325891570491,1560290450,6,47510,49,3,1.438534988444421,1558191073,4,47457,49,8160,1.3901897441023652,1560289172,8,47432,49,8182
0,0,0,0,0,0,0,0,0,0,0,0,1.8274438857701036,1545612349,11,47099,49,80,0.7722022913549097,1547705401,4,47174,49,17,0.8749117511159509,1551900913,8,47212,49,8181
0,0,0,0,0,0,0,0,0,0,0,0,1.4481248424911437,1558196002,12,47450,49,34,1.162639194043979,1553997244,4,47338,49,34,1.3238934811030239,1556095764,9,47402,49,8162
0,0,0,0,0,0,0,0,0,0,0,0,0.9057167180159421,1549806860,11,47216,49,41,1.699437203346674,1545608441,4,47059,49,5,0.7746504039185216,1547706846,9,47171,49,8172
0,0,0,0,0,0,0,0,0,0,0,0,0.9057167180159421,1549806860,11,47216,49,41,0.8427832102496675,1549803129,5,47202,49,8137,1.2008871099812468,1558192389,8,47352,49,25
0,0,0,0,0,0,0,0,0,0,0,0,1.175798045454235,1553999053,6,47336,49,58,1.370606648867186,1556093806,4,47427,49,8178,0.6521551930275941,1547707503,10,47116,49,8162
0,0,0,0,0,0,0,0,0,0,0,0,1.175798045454235,1553999053,6,47336,49,58,1.699437203346674,1545607879,4,47059,49,5,1.0780852106684513,1551901019,8,47300,49,8186
0,0,0,0,0,0,0,0,0,0,0,0,1.47719370419758,1558195774,12,47461,49,8142,0,1551899543,4,47286,49,8155,0,1562386962,9,47579,49,8175
0,0,0,0,0,0,0,0,0,0,0,0,1.47719370419758,1558195774,12,47461,49,8142,1.370606648867186,1556093763,4,47427,49,8128,0.9437583659770297,1551901488,9,47241,49,34
0,0,0,0,0,0,0,0,0,0,0,0,1.7312627820570352,1562386564,6,47570,49,8190,0.615232661156782,1545608127,4,47105,49,7,1.5576656409004408,1560290311,10,47502,49,8165
0,0,0,0,0,0,0,0,0,0,0,0,1.7312627820570352,1562386564,6,47570,49,8190,0.9217271586636001,1549802592,4,47236,49,8137,0.8043308315058343,1549804333,9,47184,49,19
0,0,0,0,0,0,0,0,0,0,0,0,0.8220809952873555,1549807236,12,47180,49,41,1.3400079475745477,1556094075,4,47415,49,8149,1.425582446457307,1558192975,10,47445,49,70
0,0,0,0,0,0,0,0,0,0,0,0,0.8220809952873555,1549807236,12,47180,49,41,1.587650914199661,1560288555,4,47523,49,8153,0.6481772373350289,1547707212,9,47115,49,39
0,0,0,0,0,0,0,0,0,0,0,0,1.0887977633496377,1554000466,11,47293,49,11,0.7974976461151169,1549802031,4,47182,49,8169,1.310429757551087,1556095713,9,47398,49,8163
0,0,0,0,0,0,0,0,0,0,0,0,1.0887977633496377,1554000466,11,47293,49,11,1.0422854087300273,1551899592,4,47287,49,8186,1.7115755722648682,1562386910,9,47569,49,8168
0,0,0,0,0,0,0,0,0,0,0,0,1.3293008914993822,1556098415,12,47399,49,2,1.3876393888872058,1558190871,4,47437,49,8169,1.1604977798621843,1556095388,9,47332,49,8182
0,0,0,0,0,0,0,0,0,0,0,0,1.3293008914993822,1556098415,12,47399,49,2,1.635589070056498,1560288783,4,47542,49,8158,1.5459362309539013,1560289850,9,47498,49,8188
0,0,0,0,0,0,0,0,0,0,0,0,1.5970381705989738,1560292948,12,47510,49,8,0.7637370311389715,1547705498,4,47170,49,15,0.931008454906873,1551901355,9,47239,49,8170
0,0,0,0,0,0,0,0,0,0,0,0,1.2262865436501331,1554001113,11,47353,49,6,0.9398808209116928,1551899221,4,47251,49,8183,1.3113480320231121,1556095582,9,47398,49,5
0,0,0,0,0,0,0,0,0,0,0,0,0.652156982553996,1547709412,11,47110,49,8188,1.2650419610638888,1556094093,4,47383,49,8145,0.6323676432007631,1549803693,8,47111,49,29
0,0,0,0,0,0,0,0,0,0,0,0,0.8916414246916898,1549806318,11,47210,49,14,1.7337072067151145,1545608893,4,47076,49,8167,1.5136032103149013,1560289692,9,47487,49,8177
0,0,0,0,0,0,0,0,0,0,0,0,1.6924033021306268,1560292057,11,47551,49,55,0.7348726404969592,1547705104,4,47157,49,8189,0.6417511709345732,1547707054,9,47115,49,6
0,0,0,0,0,0,0,0,0,0,0,0,1.1025663597378734,1554000634,11,47302,49,8168,0.95110088922867,1551899765,4,47253,49,8183,1.1355091163280708,1553998457,9,47322,49,33
0,0,0,0,0,0,0,0,0,0,0,0,1.1025663597378734,1554000634,11,47302,49,8168,1.1123551669019611,1553996487,4,47320,49,8190,1.4706635331501579,1558192172,8,47468,49,8156
0,0,0,0,0,0,0,0,0,0,0,0,1.3014570087788813,1556098226,11,47384,49,5,1.347759396425459,1556093536,4,47420,49,8163,0.7682261366288379,1549803982,9,47163,49,8155
0,0,0,0,0,0,0,0,0,0,0,0,0.8991884177826236,1549804303,6,47216,49,40,1.5063610884664214,1558191378,4,47489,49,8131,1.056258467805673,1553998352,9,47291,49,36
0,0,0,0,0,0,0,0,0,0,0,0,1.451286764071757,1558195241,11,47451,49,15,1.6878100335930208,1545607468,4,47054,49,3,1.5261486598461704,1562386839,9,47492,49,8
0,0,0,0,0,0,0,0,0,0,0,0,1.034740240154922,1551903525,11,47271,49,8163,0.6268580459055257,1547705225,4,47120,49,8188,0.6660278190156811,1547707014,9,47117,49,8187
0,0,0,0,0,0,0,0,0,0,0,0,1.5887755343196517,1560291970,11,47511,49,18,0.8047379452994099,1549802938,4,47192,49,14,1.1220453959196526,1553998249,9,47318,49,8
0,0,0,0,0,0,0,0,0,0,0,0,1.5887755343196517,1560291970,11,47511,49,18,0.9159126613040932,1549802656,5,47238,49,8176,1.4526102802525986,1558192615,9,47461,49,20
0,0,0,0,0,0,0,0,0,0,0,0,1.7034189114470835,1560292905,12,47555,49,7,1.0404488662790607,1551899576,4,47289,49,8,0.6963198294181139,1547706887,9,47132,49,26
0,0,0,0,0,0,0,0,0,0,0,0,1.7034189114470835,1560292905,12,47555,49,7,1.1035832102351693,1553996589,4,47318,49,8188,1.010156866941264,1551901244,8,47271,49,8190
0,0,0,0,0,0,0,0,0,0,0,0,1.8018436438997718,1562387670,6,47598,49,64,1.2106777369140898,1553996515,4,47364,49,30,1.4888190234890966,1558193147,10,47474,49,30
0,0,0,0,0,0,0,0,0,0,0,0,1.8018436438997718,1562387670,6,47598,49,64,1.2606550594139483,1556094116,4,47386,49,8147,0.6050330967618042,1545610335,9,47099,49,8188
0,0,0,0,0,0,0,0,0,0,0,0,0.6762273846075475,1547709725,11,47122,49,39,1.3671380182162087,1556093651,4,47430,49,6,1.0549330896571059,1553998573,9,47288,49,8169
0,0,0,0,0,0,0,0,0,0,0,0,0.6762273846075475,1547709725,11,47122,49,39,1.399775890415606,1558191019,4,47446,49,6,1.3578567277222335,1556095589,9,47422,49,8144
0,0,0,0,0,0,0,0,0,0,0,0,0.7712876237867677,1549806241,11,47159,49,40,1.507993168335293,1558191253,4,47489,49,0,0.5981999072735127,1547706936,9,47094,49,4
0,0,0,0,0,0,0,0,0,0,0,0,1.522581505832476,1560292057,11,47481,49,8162,1.5242098652731788,1560287996,4,47498,49,8177,0.8325836450806938,1553998190,9,47196,49,8179
0,0,0,0,0,0,0,0,0,0,0,0,0.8189190763125209,1549806926,12,47180,49,8158,1.584693469286423,1560288339,4,47521,49,8154,1.2683061172442127,1556095573,9,47380,49,19
0,0,0,0,0,0,0,0,0,0,0,0,1.5311489949387485,1560291735,11,47485,49,55,1.6143738938304835,1560288580,4,47534,49,11,1.5396123871758123,1560289757,8,47496,49,8171
0,0,0,0,0,0,0,0,0,0,0,0,0.8321783323584391,1549806938,12,47186,49,4,1.665269494651558,1560287954,4,47555,49,8182,0.7551695410134428,1547707040,9,47163,49,8183
0,0,0,0,0,0,0,0,0,0,0,0,0.8255478040553291,1549804570,7,47187,49,6,1.6710821411735335,1562384619,4,47562,49,28,1.4215022489992555,1558193447,9,47446,49,55
0,0,0,0,0,0,0,0,0,0,0,0,0.8255478040553291,1549804570,7,47187,49,6,1.7087185444185706,1545608383,4,47065,49,8159,1.6826089482984614,1564483339,8,47558,49,15
0,0,0,0,0,0,0,0,0,0,0,0,0.8343197550664153,1549806960,11,47189,49,18,0.5676012134609933,1545608297,4,47085,49,8168,0.9249913101583186,1549804250,9,47234,49,58
0,0,0,0,0,0,0,0,0,0,0,0,1.5647051481529637,1560293150,13,47500,49,14,0.6010551409228291,1545608227,4,47101,49,8179,1.166514919427999,1553997858,8,47338,49,8145
0,0,0,0,0,0,0,0,0,0,0,0,0.8292208719367181,1549807095,12,47183,49,21,0.5837157022743035,1545608054,4,47095,49,21,1.5434881111984888,1558192000,8,47498,49,30
0,0,0,0,0,0,0,0,0,0,0,0,0.8292208719367181,1549807095,12,47183,49,21,0.5992186099829027,1545607685,4,47103,49,8191,0.630430674987028,1547707080,9,47106,49,8180
0,0,0,0,0,0,0,0,0,0,0,0,0.7921961054694664,1547709165,12,47170,49,21,0.6177812067942144,1545608035,4,47113,49,8188,0.9537534680837573,1556095294,9,47248,49,8151
0,0,0,0,0,0,0,0,0,0,0,0,0.7921961054694664,1547709165,12,47170,49,21,0.6100297534325599,1545608214,5,47109,49,8176,1.2194496960024408,1553997954,8,47363,49,28
0,0,0,0,0,0,0,0,0,0,0,0,0.7602720207948029,1547706908,6,47155,49,4,0.5983003442839544,1545608196,4,47104,49,22,1.6393625549489308,1560289715,8,47542,49,8185
0,0,0,0,0,0,0,0,0,0,0,0,0.6937712818074054,1547709932,12,47127,49,50,1.7321773627955803,1545608373,4,47075,49,8156,1.0397350613693206,1556095268,8,47285,49,50
0,0,0,0,0,0,0,0,0,0,0,0,0.6937712818074054,1547709932,12,47127,49,50,0,1545607706,4,47053,49,8151,1.3083905814271548,1556095976,9,47395,49,50
0,0,0,0,0,0,0,0,0,0,0,0,1.786136275665536,1562387465,6,47593,49,37,1.6388532313304227,1560288011,4,47542,49,8176,1.6716955789253942,1560289549,9,47553,49,8187
0,0,0,0,0,0,0,0,0,0,0,0,1.243930861065316,1556097458,11,47365,49,8178,1.568986097567744,1560288317,4,47515,49,8181,0.7124343169201037,1547707213,9,47143,49,26
0,0,0,0,0,0,0,0,0,0,0,0,1.6470155002227007,1560290505,7,47533,49,14,1.5010577604269897,1558191333,4,47485,49,8182,1.0565651661565971,1551900977,8,47289,49,6
0,0,0,0,0,0,0,0,0,0,0,0,1.6470155002227007,1560290505,7,47533,49,14,1.396104640219356,1558190830,4,47442,49,8166,1.2694288606682365,1556095876,9,47378,49,8158
0,0,0,0,0,0,0,0,0,0,0,0,1.4201787284668157,1558192190,5,47437,49,22,1.2676927049270497,1556094580,5,47389,49,8157,1.5670491688576722,1560290813,10,47508,49,8177
0,0,0,0,0,0,0,0,0,0,0,0,1.4201787284668157,1558192190,5,47437,49,22,1.2173082831882613,1553996418,4,47363,49,18,0.5709675877629701,1545609882,9,47082,49,8176
0,0,0,0,0,0,0,0,0,0,0,0,1.1546851067126331,1553998675,6,47328,49,8174,1.0702315260174633,1551899357,4,47301,49,8148,0.8407440202038741,1549804025,9,47197,49,8188
0,0,0,0,0,0,0,0,0,0,0,0,1.1546851067126331,1553998675,6,47328,49,8174,0.9905737729827795,1551899711,4,47266,49,8141,1.0146441655935752,1556095489,9,47276,49,8148
0,0,0,0,0,0,0,0,0,0,0,0,0.8832783936843918,1549804827,6,47205,49,16,0.8370709467783312,1549802242,4,47203,49,21,1.3253210883712143,1556095455,9,47406,49,8178
0,0,0,0,0,0,0,0,0,0,0,0,0.8832783936843918,1549804827,6,47205,49,16,0.7393599445578721,154770549,4,47161,49,8184,1.5392052976972603,1560289732,9,,49,0
0,0,0,0,0,0,0,0,0,0,0,0,1.7429921279151979,1562387847,7,47576,49,50,0.6082972436604229,1545608281,4,47102,49,8155,0.6266553848143405,1547706868,9,47112,49,8183
0,0,0,0,0,0,0,0,0,0,0,0,1.422422374935033,1558195963,13,47439,49,26,1.507381604043418,1558191093,4,47487,49,6,1.1113364910537626,1553998217,9,47312,49,8108
0,0,0,0,0,0,0,0,0,0,0,0,0.8133090447696218,1549806494,11,47178,49,8167,1.4040605622538072,1558191048,4,47444,49,32,1.346638497568079,1556095643,9,47413,49,6
0,0,0,0,0,0,0,0,0,0,0,0,1.0839015346214276,1551903920,12,47293,49,32,1.217410517868448,1553996859,4,47362,49,14,1.609377283051621,1560290967,10,47525,49,8159
0,0,0,0,0,0,0,0,0,0,0,0,1.661906833157682,1560290119,6,47538,49,8159,1.0487096555904027,1551899489,4,47296,49,55,0.5856544606616451,1547706631,8,47090,49,24
0,0,0,0,0,0,0,0,0,0,0,0,0.690813818505143,1547707389,6,47123,49,18,0.8410489039703292,1549801980,4,47204,49,36,0.8531872372360981,1549804361,9,47203,49,34
0,0,0,0,0,0,0,0,0,0,0,0,0.690813818505143,1547707389,6,47123,49,18,0.6690857167615512,1547704643,4,47130,49,8153,1.038716380546845,1551901219,8,47280,49,40
0,0,0,0,0,0,0,0,0,0,0,0,1.4522050395144293,1558193226,6,47450,49,51,1.6642489751667584,1560287947,4,47557,49,8151,1.2610640012543257,1556095757,9,47380,49,8169
0,0,0,0,0,0,0,0,0,0,0,0,0.8111676213153945,1549806342,11,47175,49,9,1.5042196819746616,1558191197,4,47488,49,8164,1.432415619207725,1558192689,9,47452,49,7
0,0,0,0,0,0,0,0,0,0,0,0,1.0128112622917589,1551904294,11,47262,49,25,1.2288332226191432,1556093268,4,47372,49,8181,1.6800585874245588,1560289456,8,47560,49,30
0,0,0,0,0,0,0,0,0,0,0,0,1.549304486180655,1558194931,11,47490,49,8165,1.0536058856433321,1553996088,4,47298,49,8188,0.6919329577213487,1547706892,9,47136,49,8191
0,0,0,0,0,0,0,0,0,0,0,0,1.7070901586991343,1562390087,12,47559,49,12,0.8100430933046204,1549802609,4,47190,49,8160,0.9162193570368063,1551901093,8,47233,49,3
0,0,0,0,0,0,0,0,0,0,0,0,1.7070901586991343,1562390087,12,47559,49,12,0.6135987915356472,1547705133,4,47116,49,6,1.0776781043476245,1553998941,10,47298,49,36
0,0,0,0,0,0,0,0,0,0,0,0,1.1862020794433277,1553998777,6,47338,49,39,1.5495052403245322,1560287824,4,47508,49,8178,1.2943152893317207,1556095788,9,47390,49,8139
0,0,0,0,0,0,0,0,0,0,0,0,1.1862020794433277,1553998777,6,47338,49,39,1.384477467128948,1558190821,4,47438,49,8172,1.4041627991949293,1562386514,8,47441,49,8182
0,0,0,0,0,0,0,0,0,0,0,0,1.8227521214244395,1545612055,11,47097,49,8175,1.1113346598590272,1553996969,4,47324,49,26,1.6394647938463822,1562386617,8,47542,49,8121
0,0,0,0,0,0,0,0,0,0,0,0,1.131941914425673,1554000524,11,47310,49,49,0.9631369952590136,1551899684,4,47257,49,8,0.6195173016485706,1545610199,9,47102,49,8167
0,0,0,0,0,0,0,0,0,0,0,0,1.2748362654241518,1556098420,12,47373,49,76,0.7584336898909378,1547705432,4,47168,49,24,0.797395415863464,1551900864,8,47182,49,23
0,0,0,0,0,0,0,0,0,0,0,0,1.2748362654241518,1556098420,12,47373,49,76,0.5775963214127583,1545607915,4,47093,49,8154,0.9408009092765361,1551901647,9,47240,49,8161
0,0,0,0,0,0,0,0,0,0,0,0,0.7103969133298861,1547710088,12,47131,49,8157,1.541753792782232,1560288607,5,47504,49,8162,1.1785510312603102,1553998334,9,47341,49,8163
0,0,0,0,0,0,0,0,0,0,0,0,0.7103969133298861,1547710088,12,47131,49,8157,1.39334980955584,1558190896,4,47447,49,38,1.2808515661621096,1556095528,9,47386,49,8184
0,0,0,0,0,0,0,0,0,0,0,0,1.3538824569947192,1556096116,6,47406,49,11,1.2018053828539392,1553996963,4,47357,49,9,1.5376754554536474,1560290020,9,47492,49,30
0,0,0,0,0,0,0,0,0,0,0,0,1.3538824569947192,1556096116,6,47406,49,11,1.0728841074890418,1551899238,4,47301,49,8,1.6505826412450448,1560289726,9,47545,49,29
0,0,0,0,0,0,0,0,0,0,0,0,0.7479310294995727,1547707184,6,47147,49,55,0.8423742853470145,1549802867,5,47209,49,8188,0.6616409497002727,1551901354,9,47121,49,40
0,0,0,0,0,0,0,0,0,0,0,0,1.2224108178116198,1554001076,12,47351,49,8172,0.7409920188717322,1547705773,4,47163,49,1,0.7972949886452583,1549803943,9,47175,49,34
0,0,0,0,0,0,0,0,0,0,0,0,1.3420508110677651,1556098469,12,47402,49,15,1.6994372480575746,1545608310,4,47062,49,8154,0.9449815142649066,1556095106,8,47247,49,4
0,0,0,0,0,0,0,0,0,0,0,0,0.7245744351304981,1547709212,11,47136,49,38,1.3648943724453804,1558190491,4,47430,49,8180,1.2556584334258312,1558192332,8,47377,49,8
0,0,0,0,0,0,0,0,0,0,0,0,0.7245744351304981,1547709212,11,47136,49,38,1.237094004925307,1556093970,4,47379,49,8182,1.40130758704542,1558193314,10,47437,49,30
0,0,0,0,0,0,0,0,0,0,0,0,1.2775892494970653,1556098160,11,47378,49,32,1.060134192920823,1551899235,4,47298,49,27,1.5395101493045853,1558191887,8,47498,49,8158
0,0,0,0,0,0,0,0,0,0,0,0,1.710761405232324,1562390560,13,47563,49,26,0.9262144583504436,1551899208,4,47243,49,8167,1.6719000571060492,1560289721,9,47553,49,8166
0,0,0,0,0,0,0,0,0,0,0,0,1.8074536769590261,1562387457,6,47599,49,44,0.7636348006371774,1549802333,4,47173,49,14,0.6156397832697106,1549803898,9,47109,49,24
0,0,0,0,0,0,0,0,0,0,0,0,1.8074536769590261,1562387457,6,47599,49,44,0.6559286910561198,1547705098,4,47125,49,8120,0.7417058266349528,1547706869,9,47161,49,8184
0,0,0,0,0,0,0,0,0,0,0,0,1.1223539205594275,1554001269,12,47308,49,29,1.680772387521366,1545607487,4,47053,49,17,0.936925183137944,,,,,
0,0,0,0,0,0,0,0,0,0,0,0,1.1223539205594275,1554001269,12,47308,49,29,1.5736778609718474,1560287807,4,47519,49,27,1.033004113487283,1553998157,8,47281,49,39
0,0,0,0,0,0,0,0,0,0,0,0,1.6750638482076465,1560292439,11,47545,49,24,1.3939632314774224,1558190998,4,47441,49,8172,1.1842614672160952,1558192591,9,47350,49,24
0,0,0,0,0,0,0,0,0,0,0,0,1.6750638482076465,1560292439,11,47545,49,24,1.3939632314774224,1558190998,4,47441,49,8172,1.3238934811508996,1556095368,8,47405,49,25
0,0,0,0,0,0,0,0,0,0,0,0,0.9774185667713791,1551904213,11,47249,49,8164,0.9896555021260783,1551899242,4,47269,49,18,1.5113595658318575,1560289855,8,47487,49,66
0,0,0,0,0,0,0,0,0,0,0,0,1.4522050395144293,1558193144,6,47450,49,8187,0.8152442026464961,1549802568,4,47195,49,8182,0,1564483803,9,47540,49,8156
0,0,0,0,0,0,0,0,0,0,0,0,1.4522050395144293,1558193144,6,47450,49,8187,0.7176354294717727,1547705591,4,47152,49,0,0.48998262854996455,1566580841,8,47565,49,31
0,0,0,0,0,0,0,0,0,0,0,0,0.7047868838529523,1547710346,13,47130,49,8158,1.696989134623638,1545607962,4,47062,49,8166,0.6334903655891978,1547706580,9,47110,49,6
0,0,0,0,0,0,0,0,0,0,0,0,0.7047868838529523,1547710346,13,47130,49,8158,1.6104981699719088,1560288433,4,47534,49,8164,0.7344655215663353,1547707187,9,47152,49,21
0,0,0,0,0,0,0,0,0,0,0,0,1.2006863057964179,1554000852,11,47340,49,31,1.4400648302848942,1558191476,4,47461,49,12,0.8602248832838151,1549804362,9,47207,49,8189
0,0,0,0,0,0,0,0,0,0,0,0,1.5999956179109838,1560292785,11,47513,49,8170,1.3126734033434382,1556093726,4,47406,49,8187,0.9394755279924055,1551901487,9,47238,49,8137
0,0,0,0,0,0,0,0,0,0,0,0,1.6357954150410652,1560290236,6,47530,49,48,1.1290830416801134,1553996508,4,47326,49,26,0.9972024885024084,1556095488,9,47272,49,8182
0,0,0,0,0,0,0,0,0,0,0,0,0.8279959157616373,1549807003,11,47186,49,58,1.0132165540921863,1551899795,4,47278,49,36,1.0830836737841394,1551901025,9,47302,49,14
0,0,0,0,0,0,0,0,0,0,0,0,0.8465603139267563,1549806672,11,47188,49,8142,0.7386461369542382,1547705976,4,47162,49,17,1.2436241581395229,1556095585,9,47368,49,8130
0,0,0,0,0,0,0,0,0,0,0,0,1.224449998924838,1554000951,11,47355,49,31,0.5620934127604986,1545608618,4,47085,49,8184,1.2958451323854077,1556096450,10,47392,49,8178
0,0,0,0,0,0,0,0,0,0,0,0,1.604482907045776,1560292634,11,47517,49,4,1.6426267155775787,1560287702,4,47547,49,8184,1.35826567180927,1556095497,10,47420,49,8170
0,0,0,0,0,0,0,0,0,0,0,0,1.5882662069271303,1560292481,11,47508,49,8163,1.4620960446548423,1558190989,4,47469,49,4,1.4373118565793919,1558192843,9,,49,8182
0,0,0,0,0,0,0,0,0,0,0,0,1.5882662069271303,1560292481,11,47508,49,8163,1.3485754355026345,1556092986,4,47422,49,18,1.4772940876894722,1558192729,9,47469,49,3
0,0,0,0,0,0,0,0,0,0,0,0,0.7471149925681688,1547707520,7,47147,49,8149,1.1921151512030654,1553997042,5,47356,49,8151,1.515133052075581,1560289516,8,47490,49,16
0,0,0,0,0,0,0,0,0,0,0,0,0.7471149925681688,1547707520,7,47147,49,8149,1.0684972153859071,1551899739,5,47304,49,8,1.5333907811024217,1560289579,8,47495,49,8182
0,0,0,0,0,0,0,0,0,0,0,0,1.1108289739365962,1554000570,11,47301,49,40,0.9136690109378601,1549802336,4,47238,49,8174,1.598463913123465,1560290291,9,47521,49,22
0,0,0,0,0,0,0,0,0,0,0,0,1.1108289739365962,1554000570,11,47301,49,40,0.7931107664201732,1549802698,4,47188,49,8158,1.6431379101736874,1560289722,9,47539,49,8155
0,0,0,0,0,0,0,0,0,0,0,0,1.4898413909724149,1558193341,6,47465,49,14,0.557197192599902,1545608602,4,47085,49,8190,0.5064056481347351,1564483664,9,47564,49,8143
0,0,0,0,0,0,0,0,0,0,0,0,0.661031158168681,1547709990,12,47111,49,41,1.6292652252480249,1560287710,4,47542,49,8140,0.5782079019228135,1547706430,8,47092,49,36
0,0,0,0,0,0,0,0,0,0,0,0,0.661031158168681,1547709990,12,47111,49,41,1.525128143040355,1560287681,4,47499,49,23,0.5935081432948969,1545609867,9,47094,49,59
0,0,0,0,0,0,0,0,0,0,0,0,1.0421849973455637,1551901658,6,47278,49,59,1.387944243526187,1558191047,4,47444,49,8163,0.6290012664685163,1547706338,8,47114,49,42
0,0,0,0,0,0,0,0,0,0,0,0,1.4448606847725902,1558193113,6,47450,49,18,1.3429653959983543,1556093614,4,47421,49,8182,0.7320174101455261,1549804548,9,47152,49,8183
0,0,0,0,0,0,0,0,0,0,0,0,1.4735224514717031,1558193261,6,47457,49,15,1.2125142842879926,1553996467,4,47364,49,8186,0.7655735657965382,1547707166,9,47167,49,28
0,0,0,0,0,0,0,0,0,0,0,0,0.6803075686279884,1547709993,12,47122,49,8142,1.0413671373893685,1551899458,4,47290,49,8178,0.8798079769800186,1549804009,9,47215,49,8129
0,0,0,0,0,0,0,0,0,0,0,0,0.6803075686279884,1547709993,12,47122,49,8142,0.9430427400770188,1551899281,4,47254,49,8172,0.9242775037873098,1549803778,9,47235,49,23
0,0,0,0,0,0,0,0,0,0,0,0,1.0911436455942845,1551903699,11,47294,49,8189,0.8802150897987977,1549802947,4,47222,49,5,0.9777234472928065,1551901585,10,47255,49,31
0,0,0,0,0,0,0,0,0,0,0,0,1.0911436455942845,1551903699,11,47294,49,8189,0.7706724463657207,1547704892,4,47176,49,3,1.0229067797880191,1551901314,9,47276,49,12
0,0,0,0,0,0,0,0,0,0,0,0,1.4883115482347653,1558193218,6,47464,49,27,0.6712271398184215,1547705305,4,47134,49,8157,1.085022449030703,1551901053,9,47299,49,9
0,0,0,0,0,0,0,0,0,0,0,0,1.4883115482347653,1558193218,6,47464,49,27,0.6016667203636524,1545607846,4,47104,49,8182,1.1150077499357702,1553998419,9,47317,49,33
0,0,0,0,0,0,0,0,0,0,0,0,0.674188186925416,1547710080,12,47118,49,18,1.6723071402604113,1560287952,4,47559,49,29,1.1851797404933182,1553998955,9,47349,49,8158
0,0,0,0,0,0,0,0,0,0,0,0,1.0644206709718054,1551903301,11,47284,49,6,1.6025422452244822,1560288808,4,47531,49,8129,1.2543330601685994,1556095879,9,47375,49,8158
0,0,0,0,0,0,0,0,0,0,0,0,1.0749269335378158,1551901795,6,47285,49,8162,1.4675016110630146,1558190697,4,47471,49,8154,1.3339908126894946,1556095609,9,47410,49,8169
0,0,0,0,0,0,0,0,0,0,0,0,1.4524095112698823,1558195294,11,47448,49,8158,1.3836614277853307,1558190977,4,47437,49,8151,1.3917195864118865,1558192506,8,47436,49,12
0,0,0,0,0,0,0,0,0,0,0,0,1.4333357461072833,1558196059,11,47443,49,8163,1.2415831414899836,1556093775,4,47374,49,45,1.5155420025696607,1560289852,9,47486,49,8165
0,0,0,0,0,0,0,0,0,0,0,0,1.4333357461072833,1558196059,11,47443,49,8163,1.1757962125360868,1553996947,4,47347,49,23,1.4979980764213188,1562386838,9,47482,49,8174
0,0,0,0,0,0,0,0,0,0,0,0,1.7681852552060353,1562389428,11,47584,49,46,1.0218862764728778,1551899797,4,47280,49,43,1.536143751249467,1564483959,9,47500,49,8178
0,0,0,0,0,0,0,0,0,0,0,0,1.7681852552060353,1562389428,11,47584,49,46,0.8939836863988124,1551898986,4,47230,49,68,1.5960157928362186,1560289964,9,47521,49,9
0,0,0,0,0,0,0,0,0,0,0,0,0.8708351740883352,1549806342,11,47198,49,70,0.754455733330357,1547705212,4,47166,49,39,1.6164149291392347,1560290037,9,47529,49,8184
0,0,0,0,0,0,0,0,0,0,0,0,0.8708351740883352,1549806342,11,47198,49,70,0.636243369677257,1547705485,5,47117,49,8186,1.6428311939393432,1560289802,9,47542,49,8166
0,0,0,0,0,0,0,0,0,0,0,0,1.1460172080850575,1554000663,11,47316,49,17,1.6755713021310543,1560288132,4,47559,49,8183,1.6593546067629739,1564484108,9,47548,49,8157
0,0,0,0,0,0,0,0,0,0,0,0,1.1460172080850575,1554000663,11,47316,49,17,1.523291586555411,1560287781,4,47500,49,32,1.68995331195125,1562387048,9,47560,49,6
0,0,0,0,0,0,0,0,0,0,0,0,1.4097746886875175,1558195188,11,47434,49,25,1.3579589633162379,1556093504,4,47425,49,6,1.6937267962802987,1562386926,9,47563,49,8182
0,0,0,0,0,0,0,0,0,0,0,0,1.7415645133444162,1562389658,11,47573,49,21,1.2243459289168048,1553996323,4,47367,49,8142,0.49640870677581833,1562386949,8,47566,49,8178
0,0,0,0,0,0,0,0,0,0,0,0,1.6185581999391438,1560292791,11,47523,49,19,1.0318813767845953,1551899714,4,47286,49,8157,0.5333312480651023,1562387197,9,47580,49,8116
0,0,0,0,0,0,0,0,0,0,0,0,0.6592968570059293,1547710345,13,47112,49,22,0.5838179305432735,1545607940,4,47095,49,4,0.5925898783980796,1545609787,9,47095,49,8176
0,0,0,0,0,0,0,0,0,0,0,0,0.8861336228043721,1549804489,6,47208,49,33,1.5824498259138984,1560288135,4,47519,49,58,0.6367545127986447,1545609854,9,47110,49,54
0,0,0,0,0,0,0,0,0,0,0,0,1.237404383367019,1553999081,7,47356,49,8163,1.5824498259138984,1560288135,4,47519,49,58,0.639200830532876,1547707292,10,47120,49,35
0,0,0,0,0,0,0,0,0,0,0,0,1.1172550469153815,1553998572,7,47302,49,30,1.2526991391744826,1556094082,4,47384,49,36,0.6944832980293436,1547707195,9,47138,49,9
0,0,0,0,0,0,0,0,0,0,0,0,1.4509819040383893,1558195277,11,47446,49,8175,1.1449930450116346,1553997187,4,47336,49,23,0.7523143111053875,1549803899,8,47163,49,8175
0,0,0,0,0,0,0,0,0,0,0,0,1.3429690847351927,1556095542,6,47401,49,8170,0.9442677079889668,1551899510,4,47248,49,8134,0.7582310307707345,1547707009,9,47161,49,8162
0,0,0,0,0,0,0,0,0,0,0,0,1.6713926001028436,1560290194,6,47541,49,8183,0.8221796178153035,1549802744,5,47197,49,19,0.7619022986590253,1549804286,10,47165,49,63
0,0,0,0,0,0,0,0,0,0,0,0,1.5562398959114343,1560292363,11,47494,49,8,0.6205360044759668,1547704813,4,47110,49,14,0.7914804979496479,1549804315,9,47179,49,8168
0,0,0,0,0,0,0,0,0,0,0,0,1.5562398959114343,1560292363,11,47494,49,8,1.6725097424252509,1545607952,4,47052,49,8182,0.8022916403432993,1549803632,8,47185,49,8180
0,0,0,0,0,0,0,0,0,0,0,0,1.7465630708854647,1562390537,12,47572,49,22,1.4917764703357883,1558190821,4,47480,49,8153,0.8314627227706178,1549804399,9,47195,49,21
0,0,0,0,0,0,0,0,0,0,0,0,0.8614498428485051,1549804940,7,47202,49,13,1.364792136346591,1558190657,4,47429,49,8191,0.8814400524310929,1549804220,9,47217,49,8189
0,0,0,0,0,0,0,0,0,0,0,0,0.7839353004541963,1547709147,11,47162,49,13,1.1875256222911221,1553996965,4,47351,49,10,0.934885995491113,1551902010,10,47237,49,8185
0,0,0,0,0,0,0,0,0,0,0,0,0.7839353004541963,1547709147,11,47162,49,13,1.0576860780206558,1551899708,4,47296,49,9,0.9534485891191079,1551901446,9,47247,49,40
0,0,0,0,0,0,0,0,0,0,0,0,1.0280092876873606,1551904030,11,47265,49,39,0.8491070493053782,1549802836,4,47205,49,8178,0.9893506257745041,1551901302,9,47263,49,8182
0,0,0,0,0,0,0,0,0,0,0,0,1.0280092876873606,1551904030,11,47265,49,39,0.7168193924699213,1547705435,4,47150,49,8179,1.0150530956952437,1551901548,9,47275,49,8185
0,0,0,0,0,0,0,0,0,0,0,0,1.5894911953525723,1560292420,11,47504,49,14,1.677915306501698,1562385217,4,47567,49,29,1.0638072779739474,1556095192,8,47293,49,18
