a1_m,a1_peak,a1_pwr,a1_fp_idx,a1_acc,a1_xo,a2_m,a2_peak,a2_pwr,a2_fp_idx,a2_acc,a2_xo,a3_m,a3_peak,a3_pwr,a3_fp_idx,a3_acc,a3_xo,a4_m,a4_peak,a4_pwr,a4_fp_idx,a4_acc,a4_xo,a5_m,a5_peak,a5_pwr,a5_fp_idx,a5_acc,a5_xo
1.9189203779518822,1549805909,8,47206,49,8111,2.1278003889291677,1554000798,9,47305,49,8096,1.6259938097729734,1551898914,4,47070,49,8124,1.3745696326847565,1547706985,5,46976,49,8070,3.2182301727980622,1551896609,1,47249,49,8166
1.9189203779518822,1549805909,8,47206,49,8111,2.1278003889291677,1554000798,9,47305,49,8096,1.6259938097729734,1551898914,4,47070,49,8124,1.3745696326847565,1547706985,5,46976,49,8070,3.2182301727980622,1551896609,1,47249,49,8166
2.6679701776597398,1560290944,7,47526,49,8176,1.7133956042694747,1547709178,8,47128,49,8079,1.6549604220182323,1551898056,3,47082,49,8147,1.4870734519394568,1549804197,5,47009,49,8117,2.3571911565232333,1556090528,1,47387,49,8074
2.6679701776597398,1560290944,7,47526,49,8176,1.7133956042694747,1547709178,8,47128,49,8079,1.6549604220182323,1551898056,3,47082,49,8147,1.4870734519394568,1549804197,5,47009,49,8117,2.98211226945084,1547702123,1,47148,49,8103
2.39768456509033,1556098475,10,47408,49,8110,2.2321418942029436,1554000923,8,47346,49,8075,1.8474230587769276,1553995699,4,47171,49,8179,1.4146559776515233,1547706520,5,46984,49,8174,2.609834401090592,1558187111,1,47486,41,8119
2.2864076364447286,1554000752,10,47363,49,8148,1.8197762605813876,1547708276,7,47173,49,8066,2.1571815898508553,1558189641,4,47302,49,8123,1.5167519602332507,1549804574,5,47031,49,8116,2.9706877009868755,1547701466,1,47148,41,8170
2.2864076364447286,1554000752,10,47363,49,8148,1.8197762605813876,1547708276,7,47173,49,8066,2.1571815898508553,1558189641,4,47302,49,8123,1.5167519602332507,1549804574,5,47031,49,8116,2.9706877009868755,1547701466,1,47148,41,8170
1.7152376783009329,1547708362,8,47118,49,8188,1.9636910037733295,1549805724,8,47234,49,8130,2.048456892319713,1558189775,4,47248,49,8147,2.190429148263479,1560289076,4,47314,49,8084,2.7135605443364983,1560286501,2,47541,49,8135
1.7152376783009329,1547708362,8,47118,49,8188,1.9636910037733295,1549805724,8,47234,49,8130,2.048456892319713,1558189775,4,47248,49,8147,2.190429148263479,1560289076,4,47314,49,8084,2.7135605443364983,1560286501,2,47541,49,8135
1.6229322812884495,1562389636,10,47591,49,8096,1.6204786650780092,1545611490,7,47087,49,8017,2.253976156198017,1560288006,4,47337,49,8113,2.2848759350734347,1560289167,4,47356,49,8032,2.864717874032299,1545604690,1,47091,49,8105
2.6197272056140353,1560292639,9,47506,49,8147,2.385133444450032,1556097381,7,47410,49,8131,2.347504685008365,1562383045,3,47376,49,8127,2.1557521385008,1558192176,4,47294,49,8120,2.8240199869567917,1545605138,1,47082,49,8062
2.6197272056140353,1560292639,9,47506,49,8147,2.385133444450032,1556097381,7,47410,49,8131,2.347504685008365,1562383045,3,47376,49,8127,2.1557521385008,1558192176,4,47294,49,8120,2.8240199869567917,1545605138,1,47082,49,8062
1.7391035820803113,1547709717,9,47132,49,8113,2.164111373788554,1554000374,8,47313,49,8127,1.8847545449525929,1553995070,3,47177,49,8114,2.4444980665809726,1545610194,5,46911,49,8114,3.1226625153429466,1549799908,2,47204,49,8129
0,1547709717,9,47132,49,8113,0,1554000374,8,47313,49,8127,1.8847545449525929,1553995070,3,47177,49,8114,2.4444980665809726,1545610194,5,46911,49,8114,3.1226625153429466,1549799908,2,47204,49,8129
1.6867803993329529,1547710053,11,47109,49,8163,0,1545611372,8,47109,49,8093,2.0962928009151454,1558189770,3,47263,49,8168,2.493865712959448,1545609866,6,46923,49,8115,2.1247575137777606,1549799189,1,47236,49,8109
1.6867803993329529,1547710053,11,47109,49,8163,1.67820741168529,1545611372,8,47109,49,8093,2.0962928009151454,1558189770,3,47263,49,8168,2.493865712959448,1545609866,6,46923,49,8115,2.1247575137777606,1549799189,1,47236,49,8109
1.9595141475516038,1549806984,10,47227,49,8116,0,1553998040,6,47302,49,8061,2.059777351122654,1558189598,3,47253,49,8118,2.163910660212636,1558192292,5,47302,49,8145,2.843093745452604,1545605404,1,47089,49,8084
1.9595141475516038,1549806984,10,47227,49,8116,2.1317783636815704,1553998040,6,47302,49,8061,2.059777351122654,1558189598,3,47253,49,8118,2.163910660212636,1558192292,5,47302,49,8145,2.843093745452604,1545605404,1,47089,49,8084
2.272843553156179,1554000984,10,47355,49,8075,0,1560289719,6,47509,49,8102,2.134029506032644,1551897458,3,47285,49,8102,1.9596145569228354,1556096790,7,47217,49,8099,2.7901738605908832,1558186905,1,47512,41,8099
2.272843553156179,1554000984,10,47355,49,8075,2.618191644148829,1560289719,6,47509,49,8102,2.134029506032644,1551897458,3,47285,49,8102,1.9596145569228354,1556096790,7,47217,49,8099,2.7901738605908832,1558186905,1,47512,41,8099
2.206852162275666,1554001575,10,47330,49,8141,1.7088060938145568,1547709108,8,47121,49,8094,1.9181062087519773,1556092178,3,47194,49,8147,2.3954371526779394,1545610148,5,46896,49,8116,2.9079642430630757,1545605258,1,47109,49,8126
2.206852162275666,1554001575,10,47330,49,8141,1.7088060938145568,1547709108,8,47121,49,8094,0,1556092178,3,47194,49,8147,2.3954371526779394,1545610148,5,46896,49,8116,2.9079642430630757,1545605258,1,47109,49,8126
2.438380576135733,1556097822,10,47428,49,8089,1.8019275082169788,1547708031,7,47160,49,8095,1.5446014744897154,1543509253,3,47032,49,8157,2.3783021905929913,1545609696,5,46888,49,8135,2.0523270096658885,1553992356,1,47266,41,8072
2.438380576135733,1556097822,10,47428,49,8089,1.8019275082169788,1547708031,7,47160,49,8095,1.5446014744897154,1543509253,3,47032,49,8157,2.3783021905929913,1545609696,5,46888,49,8135,2.0523270096658885,1553992356,1,47266,41,8072
1.560102446367723,1562389326,9,47567,49,8100,0,1554000963,8,47331,49,8074,2.6209522415031383,1558189115,3,47495,49,8134,1.8652681386763343,1553997754,4,47182,49,8130,2.6123828515688197,1560285886,1,47495,49,8148
2.594840806499577,1560292500,10,47492,49,8101,0,1545610153,6,47072,49,8105,1.6592432531758112,1551897944,3,47084,49,8076,1.569584442810574,1551900863,5,47057,49,8095,2.468977388229457,1558187789,1,47437,49,8179
2.594840806499577,1560292500,10,47492,49,8101,1.598754187430353,1545610153,6,47072,49,8105,1.6592432531758112,1551897944,3,47084,49,8076,1.569584442810574,1551900863,5,47057,49,8095,2.468977388229457,1558187789,1,47437,49,8179
2.0427427408443264,1551903769,9,47257,49,10,0,1545611165,7,47105,49,8155,1.7430834032133322,1558188509,3,47118,49,8132,2.366266057380856,1545609797,5,46886,49,8142,2.247341828383188,1553994279,2,47346,49,8085
2.0427427408443264,1551903769,9,47257,49,10,0,1545611165,7,47105,49,8155,0,1558188509,3,47118,49,8132,2.366266057380856,1545609797,5,46886,49,8142,2.247341828383188,1553994279,2,47346,49,8085
2.1898194409737086,1554001197,10,47319,49,8126,0,1556097340,7,47411,49,8184,1.5419488641049703,1549799694,3,47036,49,8062,1.7537886200429622,1553997838,4,47131,49,8099,3.029745565891773,1549801021,2,47163,49,8140
1.960943622287284,1549806843,10,47219,49,8110,0,1560291350,7,47552,49,8140,2.4028894387723305,1556091888,3,47395,49,8142,2.177065774586595,1560288961,4,47317,49,8107,2.6097302352953267,1560286147,2,47497,49,8109
2.585966589960107,1560292396,10,47491,49,14,0,1560292005,8,47535,49,8107,1.8184583028888164,1553995604,3,47149,49,2,2.508550643675277,1547705969,4,46939,49,8144,3.3286910463584456,1551897632,2,47296,49,8082
2.585966589960107,1560292396,10,47491,49,14,2.692750524840376,1560292005,8,47535,49,8107,0,1545606083,3,46859,49,8158,2.508550643675277,1547705969,4,46939,49,8144,3.3286910463584456,1551897632,2,47296,49,8082
2.134232097972204,1551903705,10,47296,49,14,2.6832647561471754,1560291769,8,47532,49,8116,1.5793826148604466,1549801226,3,47045,49,8182,1.6409837208470677,1551901853,5,47077,49,8117,2.849315347384871,1545604917,1,47092,49,8108
2.134232097972204,1551903705,10,47296,49,14,2.6832647561471754,1560291769,8,47532,49,8116,1.5793826148604466,1549801226,3,47045,49,8182,1.6409837208470677,1551901853,5,47077,49,8117,2.849315347384871,1545604917,1,47092,49,8108
2.028055893157896,1551904015,10,47249,49,8093,2.5434302180357906,1558194234,7,47471,49,8062,1.6412922395321101,1551897311,3,47078,49,8116,2.509468929520178,1547707277,5,46938,49,8107,2.8744081102100365,1547702334,1,47094,49,8139
2.028055893157896,1551904015,10,47249,49,8093,2.5434302180357906,1558194234,7,47471,49,8062,1.6412922395321101,1551897311,3,47078,49,8116,2.509468929520178,1547707277,5,46938,49,8107,2.8744081102100365,1547702334,1,47094,49,8139
2.4032946090576597,1558194768,10,47410,49,8111,1.727675383813014,1547709099,8,47125,49,8068,2.2565265213165615,1553994544,2,47334,49,8099,2.537312764731666,1547706705,5,46953,49,8160,3.211908227734946,1551898099,2,47241,49,8108
2.2944658017981086,1556097034,8,47365,49,8136,2.110156132926112,1551902258,7,47287,49,8078,2.148207028512999,1551897352,3,47292,49,8135,2.1562614511889593,1558192695,5,47300,49,8064,3.20895268825287,1551897573,1,47230,49,8110
2.2944658017981086,1556097034,8,47365,49,8136,2.110156132926112,1551902258,7,47287,49,8078,2.148207028512999,1551897352,3,47292,49,8135,2.1562614511889593,1558192695,5,47300,49,8064,3.20895268825287,1551897573,1,47230,49,8110
2.732431740731406,1560292712,10,47551,49,8078,2.7584351774207665,1562387955,6,47563,49,8099,1.5187967786397116,1549800143,3,47023,49,8178,2.343729326733383,1560289364,5,47374,49,8130,2.6080981512373764,1560285969,1,47497,49,8152
2.732431740731406,1560292712,10,47551,49,8078,2.7584351774207665,1562387955,6,47563,49,8099,1.5187967786397116,1549800143,3,47023,49,8178,2.343729326733383,1560289364,5,47374,49,8130,2.6080981512373764,1560285969,1,47497,49,8152
1.8025446033404755,1547709886,10,47158,49,8158,1.9804189082888346,1549805661,7,47231,49,8134,2.006128796283894,1549800317,2,47229,49,8133,2.3118014841107346,1545608323,4,46863,49,8062,2.4368507594513993,1556091676,2,47416,49,8102
1.8025446033404755,1547709886,10,47158,49,8158,1.9804189082888346,1549805661,7,47231,49,8134,2.006128796283894,1549800317,2,47229,49,8133,2.3118014841107346,1545608323,4,46863,49,8062,2.4368507594513993,1556091676,2,47416,49,8102
2.1828840346332066,1554001466,11,47317,49,8097,0,1549805839,7,47195,49,8055,1.8881209352522903,1549799661,2,47178,49,8161,2.1776810999454637,1558191696,4,47306,49,8116,2.235919149813285,1553994512,1,47338,49,8123
2.1828840346332066,1554001466,11,47317,49,8097,1.897599291306736,1549805839,7,47195,49,8055,1.8881209352522903,1549799661,2,47178,49,8161,2.1776810999454637,1558191696,4,47306,49,8116,2.235919149813285,1553994512,1,47338,49,8123
1.5767280990946244,1562389201,10,47572,49,8154,1.7724515747184524,1547709647,9,47146,49,8138,2.4300194902288426,1566577312,3,47408,49,8134,2.3452572699341196,1545609185,4,46871,49,8167,0,1558189177,2,47433,49,8166
1.5767280990946244,1562389201,10,47572,49,8154,1.7724515747184524,1547709647,9,47146,49,8138,2.4300194902288426,1566577312,3,47408,49,8134,2.3452572699341196,1545609185,4,46871,49,8167,2.4555136574586034,1558189177,2,47433,49,8166
1.5690789007479629,1562389704,10,47567,49,8177,2.6332874589566466,1560291092,7,47514,49,8108,1.8850593978552694,1556091939,3,47183,49,8108,1.5849874388045133,1551902321,6,47061,49,8069,2.2518291056659487,1556090458,1,47350,49,8105
1.5690789007479629,1562389704,10,47567,49,8177,0,1560291092,7,47514,49,8108,1.8850593978552694,1556091939,3,47183,49,8108,1.5849874388045133,1551902321,6,47061,49,8069,2.2518291056659487,1556090458,1,47350,49,8105
2.295281838550663,1556098396,10,47367,49,8049,0,1553999942,7,47317,49,8129,2.6927581827693174,1560286022,3,47520,49,8108,2.429504489601621,1545609285,5,46909,49,8128,2.7512991224668086,1545605390,1,47046,49,8094
2.295281838550663,1556098396,10,47367,49,8049,2.17278109352948,1553999942,7,47317,49,8129,2.6927581827693174,1560286022,3,47520,49,8108,2.429504489601621,1545609285,5,46909,49,8128,2.7512991224668086,1545605390,1,47046,49,8094
1.7660310208204737,1547709036,9,47140,49,27,1.6472016346166969,1562388593,7,47606,49,8122,1.919433431581599,1556092811,4,47190,49,8157,1.5675452850431204,1551900530,4,47056,49,8126,2.1176064684657736,1551896800,1,47283,49,8179
2.2839614003473225,1554000647,9,47358,49,8117,0,1551903038,7,47266,49,8139,2.3091564312317234,1553994685,3,47353,49,8151,1.8293661198311135,1553997782,6,47169,49,8081,2.5607715530266515,1560284480,1,47482,41,8121
2.2839614003473225,1554000647,9,47358,49,8117,2.0555893112151895,1551903038,7,47266,49,8139,2.3091564312317234,1553994685,3,47353,49,8151,1.8293661198311135,1553997782,6,47169,49,8081,2.5607715530266515,1560284480,1,47482,41,8121
2.604122081142077,1560292835,11,47499,49,8110,2.4120609001719364,1556097348,7,47419,49,8041,2.4704087838377164,1564480729,3,47428,49,8145,2.0904745489504077,1558193737,6,47273,49,8164,3.010876276211664,1549798236,0,47157,41,8089
2.719581477294755,1560292387,10,47543,49,8166,0,1558194690,8,47481,49,8087,2.475916587369614,1564480805,3,47430,49,8149,2.1356578407548223,1558192911,5,47295,49,8117,2.1738053697236936,1553993435,1,47308,49,8142
2.719581477294755,1560292387,10,47543,49,8166,2.5575054885232333,1558194690,8,47481,49,8087,0,1558189119,3,47244,49,8144,2.1356578407548223,1558192911,5,47295,49,8117,2.1738053697236936,1553993435,1,47308,49,8142
2.0845615119669256,1551903440,9,47273,49,8166,1.7669437744202159,1547709113,8,47144,49,8083,1.882101951602813,1556091656,3,47180,49,8187,1.5169583348463054,1549803897,4,47025,49,8116,3.0825799472882704,1549800390,2,47182,49,8132
2.0845615119669256,1551903440,9,47273,49,8166,1.7669437744202159,1547709113,8,47144,49,8083,1.882101951602813,1556091656,3,47180,49,8187,1.5169583348463054,1549803897,4,47025,49,8116,3.0825799472882704,1549800390,2,47182,49,8132
2.2369415424421706,1554001097,10,47337,49,8136,2.768941472865228,1562387887,6,47568,49,8043,2.1582021156693063,1558189102,3,47297,49,8171,1.7074825620666865,1551900395,4,47117,49,8131,2.4402152620128392,1556091074,1,47424,49,8110
2.2369415424421706,1554001097,10,47337,49,8136,2.768941472865228,1562387887,6,47568,49,8043,2.1582021156693063,1558189102,3,47297,49,8171,1.7074825620666865,1551900395,4,47117,49,8131,2.4402152620128392,1556091074,1,47424,49,8110
2.1123031290984553,1551903978,10,47287,49,8114,1.6833081170386366,1545611363,8,47108,49,8098,1.946258637984518,1549800102,3,47199,49,8175,1.9732846126717263,1556096072,6,47215,49,8139,3.0885970667281297,1549799260,1,47187,49,8135
1.6427198416715059,1562389388,10,47595,49,8160,2.4192007858038167,1556097371,7,47421,49,8115,2.5894371636603726,1564480556,3,47479,49,8109,1.7276790651687186,1553998910,5,47119,49,8182,2.5829050119167034,1558187053,1,47489,41,8100
1.7199294442903363,1547709460,10,47118,49,8065,2.2556007079040725,1554000092,7,47353,49,8069,2.5480273443184402,1564480900,3,47461,49,8131,1.8556819936225621,1553997370,4,47176,49,8105,2.6026925905322797,1560285361,2,47495,49,8107
2.2594820705905896,1553998289,5,47348,49,8183,2.7711851057392596,1562388577,8,47570,49,8078,1.5397052232405661,1549801062,3,47035,49,8162,2.4799949051971817,1545609216,4,46919,49,8149,2.406250159333831,1556089693,1,47413,41,8130
2.2594820705905896,1553998289,5,47348,49,8183,2.7711851057392596,1562388577,8,47570,49,8078,1.5397052232405661,1549801062,3,47035,49,8162,2.4799949051971817,1545609216,4,46919,49,8149,2.406250159333831,1556089693,1,47413,41,8130
2.42236838549187,1556098331,10,47415,49,8154,2.678777476766304,1560290899,6,47532,49,8140,2.46765582841277,1556091640,3,47425,49,8180,2.44796480043405,1545609467,5,46921,49,8089,3.14214335785043,1551895120,0,47214,41,8138
2.42236838549187,1556098331,10,47415,49,8154,2.678777476766304,1560290899,6,47532,49,8140,2.46765582841277,1556091640,3,47425,49,8180,2.44796480043405,1545609467,5,46921,49,8089,3.14214335785043,1551895120,0,47214,41,8138
1.867006144135928,1549806767,10,47180,49,8137,1.9854173761482052,1551902973,8,47234,49,8168,2.3426103247648973,1562383162,3,47371,49,8131,1.79795325174518,1553998627,5,47150,49,8060,2.3854439618128933,1556091235,1,47401,49,8139
1.867006144135928,1549806767,10,47180,49,8137,1.9854173761482052,1551902973,8,47234,49,8168,2.3426103247648973,1562383162,3,47371,49,8131,1.79795325174518,1553998627,5,47150,49,8060,2.130661233431985,1553993239,1,47291,49,8181
2.4777512455906052,1558195783,10,47440,49,8152,1.8068237421939584,1547707582,6,47161,49,8041,2.465819260837772,1556091928,3,47427,49,8153,1.9985762394969584,1556095527,6,47239,49,8173,3.1225602707944984,1549798320,0,47206,41,8084
2.4777512455906052,1558195783,10,47440,49,8152,1.8068237421939584,1547707582,6,47161,49,8041,2.465819260837772,1556091928,3,47427,49,8153,1.9985762394969584,1556095527,6,47239,49,8173,3.1225602707944984,1549798320,0,47206,41,8084
2.009288845222748,1551903286,8,47241,49,8132,1.9727696939604031,1549806054,8,47230,49,8100,1.4602538732749524,1560285332,2,47502,49,8179,1.4107821344794877,1547707870,6,46979,49,8132,2.988947308659247,1549799399,1,47148,49,8067
0,1554000096,8,47359,49,8136,1.729409687103752,1547708760,7,47128,49,8102,2.1644255910087553,1551897491,2,47294,49,8169,1.5464342576267365,1549804306,5,47041,49,8110,2.1862485739845465,1553992878,1,47314,49,8
2.2836546796919293,1554000096,8,47359,49,8136,0,1558194048,7,47488,49,8107,2.1644255910087553,1551897491,2,47294,49,8169,1.5464342576267365,1549804306,5,47041,49,8110,2.1862485739845465,1553992878,1,47314,49,8
2.100268882316879,1551900449,4,47277,49,8078,2.1299436872711675,1551902378,7,47297,49,8097,2.32272051108424,1553994291,2,47366,49,8125,2.2750834299977853,1560290359,6,47361,49,8163,3.1608062585174155,1551896114,1,47231,49,8158
2.4902966921519645,1558194813,9,47445,49,8110,1.7914230939827505,1547708538,7,47152,49,8097,2.2643802038881886,1553994540,2,47338,49,8140,1.4336274946616427,1549805166,6,46995,49,5,3.280552228286405,1551895627,0,47265,41,8102
2.4902966921519645,1558194813,9,47445,49,8110,1.7914230939827505,1547708538,7,47152,49,8097,2.2643802038881886,1553994540,2,47338,49,8140,1.4336274946616427,1549805166,6,46995,49,5,3.280552228286405,1551895627,0,47265,41,8102
1.6740323338054388,1545612293,10,47096,49,8146,2.564645372623086,1558194102,7,47484,49,8096,2.4575566010884105,1562383062,3,47430,49,23,2.3069071320178494,1545608828,4,46857,49,8125,2.5372124175558097,1558188568,1,47465,49,8139
1.6740323338054388,1545612293,10,47096,49,8146,2.564645372623086,1558194102,7,47484,49,8096,2.4575566010884105,1562383062,3,47430,49,23,2.3069071320178494,1545608828,4,46857,49,8125,0,1558188568,1,47465,49,8139
2.0728321105662326,1551903444,9,47266,49,8116,2.6734741639688764,1560291686,7,47529,49,8076,2.6332951049007014,1566577876,3,47499,49,8163,2.0144880799756537,1558191302,4,47244,49,8074,3.065952407502329,1549800509,2,47185,49,8101
2.0728321105662326,1551903444,9,47266,49,8116,2.6734741639688764,1560291686,7,47529,49,8076,2.6332951049007014,1566577876,3,47499,49,8163,2.0144880799756537,1558191302,4,47244,49,8074,3.065952407502329,1549800509,2,47185,49,8101
1.5799922684175467,1562388436,8,47570,49,8170,1.9814394125942763,1549805707,7,47234,49,8105,1.7060604715473946,1551897717,3,47102,49,8128,2.0146925584375084,1556094019,4,47242,49,8133,2.68489873535659,1545606036,2,47025,49,8151
1.815703471862086,1547709431,9,47155,49,8107,1.6395524240898944,1545611554,7,47090,49,8089,1.7171764668512466,1553994912,3,47113,49,8170,2.36575863612424,1545609909,5,46880,49,8139,2.83952286280904,1545604257,1,47093,41,8139
1.815703471862086,1547709431,9,47155,49,8107,1.6395524240898944,1545611554,7,47090,49,8089,1.7171764668512466,1553994912,3,47113,49,8170,2.36575863612424,1545609909,5,46880,49,8139,2.83952286280904,1545604257,1,47093,41,8139
2.2336773797675344,1553999975,8,47337,49,8182,1.6709671458532975,1545610246,6,47102,49,8115,1.731762929888034,1553994616,3,47114,49,8144,1.7716392317393486,1553998777,5,47137,49,1,3.2049728257208296,1549798463,1,47238,41,8083
1.735739044001453,1547709783,10,47123,49,8119,0,1551902717,7,47266,49,8104,1.6257911731902985,1545605902,3,47065,49,8124,1.3995620475486144,1547707390,5,46977,49,8130,2.588821795866565,1558188158,1,47487,49,8170
1.735739044001453,1547709783,10,47123,49,8119,2.0556915486987037,1551902717,7,47266,49,8104,1.6257911731902985,1545605902,3,47065,49,8124,1.3995620475486144,1547707390,5,46977,49,8130,2.588821795866565,1558188158,1,47487,49,8170
2.201651086558012,1554000010,8,47323,49,8182,2.04957218778058,1551903365,8,47262,49,8126,2.6356409860761194,1566577502,3,47500,49,8148,1.726760792385281,1553998600,5,47119,49,8053,2.727635821335065,1545605167,1,47038,49,8101
2.201651086558012,1554000010,8,47323,49,8182,2.04957218778058,1551903365,8,47262,49,8126,2.6356409860761194,1566577502,3,47500,49,8148,1.726760792385281,1553998600,5,47119,49,8053,2.727635821335065,1545605167,1,47038,49,8101
2.4825452510523465,1558195636,10,47441,49,8118,1.6444486576089024,1545611834,7,47090,49,8038,2.3558695681894752,1562383241,3,47379,49,8096,1.7319618836069668,1551900942,5,47124,49,8144,2.454087965370313,1558188935,2,47424,49,8154
2.4825452510523465,1558195636,10,47441,49,8118,1.6444486576089024,1545611834,7,47090,49,8038,2.3558695681894752,1562383241,3,47379,49,8096,1.7319618836069668,1551900942,5,47124,49,8144,2.454087965370313,1558188935,2,47424,49,8154
1.5777486302317871,1562389633,9,47568,49,8130,2.4351126374307754,1556097604,8,47426,49,8093,15.01894162177239,1551897493,3,,49,8084,1.573766885515959,1549803198,4,4705,49,8087,16.45197614710355,1551897898,2,47243,49,8162
1.5777486302317871,1562389633,9,47568,49,8130,2.4351126374307754,1556097604,8,47426,49,8093,1.6376228132896244,1551897493,3,47069,49,8084,1.573766885515959,1549803198,4,47059,49,8087,3.212622023673104,1551897898,2,47243,49,8162
1.6266053779879959,1562389539,9,47585,49,8123,2.7666978369729285,1562388607,7,47567,49,8086,2.0049037988531433,1549800039,3,47236,49,8090,2.0067347661957045,1558193326,6,47246,49,8122,2.294261335473891,1553993133,1,47359,49,8088
1.6266053779879959,1562389539,9,47585,49,8123,2.7666978369729285,1562388607,7,47567,49,8086,2.0049037988531433,1549800039,3,47236,49,8090,2.0067347661957045,1558193326,6,47246,49,8122,2.294261335473891,1553993133,1,47359,49,8088
1.8781239842653743,1549806725,10,47183,49,8128,2.3215920840463937,1556096521,6,47380,49,8109,0,1564480410,2,47490,49,8097,1.6756625932938771,1551901190,5,47092,49,8143,2.7060135913135044,1545605285,1,47026,49,8110
1.8781239842653743,1549806725,10,47183,49,8128,2.3215920840463937,1556096521,6,47380,49,8109,2.618506023420046,1564480410,2,47490,49,8097,1.6756625932938771,1551901190,5,47092,49,8143,2.7060135913135044,1545605285,1,47026,49,8110
1.5535760213863894,1560291832,9,47557,49,8129,1.6358811714725057,1545611225,7,47087,49,8135,2.4635756222906555,1562383708,3,47425,49,8167,2.007961637304164,1556096188,5,47234,49,8127,2.2785539685133887,1553993894,1,47353,49,8170
1.5535760213863894,1560291832,9,47557,49,8129,1.6358811714725057,1545611225,7,47087,49,8135,2.4635756222906555,1562383708,3,47425,49,8167,2.007961637304164,1556096188,5,47234,49,8127,2.2785539685133887,1553993894,1,47353,49,8170
1.8660878673958483,1549805706,9,47181,49,8183,2.4818257558789774,1558193796,6,47449,49,8112,1.8770030938191429,1547703274,3,47176,49,8111,1.5080841280628754,1549804505,5,47023,49,8130,2.894807235081573,1545606010,2,47103,49,8139
1.8660878673958483,1549805706,9,47181,49,8183,2.4818257558789774,1558193796,6,47449,49,8112,1.8770030938191429,1547703274,3,47176,49,8111,1.5080841280628754,1549804505,5,47023,49,8130,2.894807235081573,1545606010,2,47103,49,8139
1.9053562796746921,1549805751,8,47196,49,8163,1.8202874556754602,1547707206,6,47167,49,8108,2.288143852747118,1560285690,2,47353,49,24,1.991642709710117,1556094903,4,47226,49,8083,2.9065366395224035,1545605808,1,47108,49,8113
1.9053562796746921,1549805751,8,47196,49,8163,1.8202874556754602,1547707206,6,47167,49,8108,2.288143852747118,1560285690,2,47353,49,24,1.991642709710117,1556094903,4,47226,49,8083,2.9065366395224035,1545605808,1,47108,49,8113
2.580358456951546,1558194981,9,47482,49,8068,2.764963501028765,1562387356,6,47569,49,8102,1.764809740195588,1547702861,3,47124,49,8116,1.5573457210862236,1551901631,5,47052,49,8108,2.9789522261681096,1547701103,1,47142,41,8118
2.580358456951546,1558194981,9,47482,49,8068,2.764963501028765,1562387356,6,47569,49,8102,1.764809740195588,1547702861,3,47124,49,8116,1.5573457210862236,1551901631,5,47052,49,8108,2.9789522261681096,1547701103,1,47142,41,8118
2.00714744145269,1549806180,9,47238,49,8102,2.3871744945159605,1556097006,7,47409,49,8109,2.683069835362364,1566577642,3,47513,49,8182,1.5724415334802566,1549802744,4,47056,49,8117,2.590249389749727,1560285430,1,47489,49,8076
2.6388009930940743,1560291600,8,47509,49,8062,0,1558193728,7,47490,49,8141,2.425939281398263,1562383600,2,47410,49,8138,1.6419001429030973,1551900300,4,47087,49,8120,2.2937501258203885,1556092291,2,47364,49,8093
2.6388009930940743,1560291600,8,47509,49,8062,2.5771908141408586,1558193728,7,47490,49,8141,2.425939281398263,1562383600,2,47410,49,8138,1.6419001429030973,1551900300,4,47087,49,8120,2.2937501258203885,1556092291,2,47364,49,8093
1.844261136437786,1549806048,9,47171,49,8095,1.755316603587056,1547709099,8,47140,49,8149,1.9897076264680857,1556091617,3,47223,49,8178,1.4128212965410478,1547705995,4,46981,49,8101,2.888381153871477,1545606277,2,47102,49,8131
1.844261136437786,1549806048,9,47171,49,8095,1.755316603587056,1547709099,8,47140,49,8149,1.9897076264680857,1556091617,3,47223,49,8178,1.4128212965410478,1547705995,4,46981,49,8101,2.888381153871477,1545606277,2,47102,49,8131
1.9888897216412669,1549805532,8,47231,49,8087,2.3793208115907647,1556097950,8,47406,49,8142,2.5936196156573215,1564479887,3,47478,49,8139,1.9456415035993535,1556095439,5,47213,49,8163,2.863901826848301,1547702343,1,47094,49,8033
2.477751249516428,1558194879,9,47438,49,8146,1.7225765139984,1547708213,7,47125,49,8101,1.9839972094203164,1549800443,3,47215,49,19,1.339385190235003,1547707777,6,46949,49,8050,3.0012863809109778,1547701946,1,47163,49,8114
2.477751249516428,1558194879,9,47438,49,8146,1.7225765139984,1547708213,7,47125,49,8101,1.9839972094203164,1549800443,3,47215,49,19,1.339385190235003,1547707777,6,46949,49,8050,3.0012863809109778,1547701946,1,47163,49,8114
1.811418806684563,1547709923,10,47155,49,8158,1.7975424552651431,1547708118,7,47157,49,8056,2.016123882924342,1556091892,3,47236,49,8182,2.3669817520277427,1545609883,5,46882,49,8101,0,1556089821,1,47381,41,8144
2.5990232646257936,1558194284,9,47489,49,8170,1.7975424552651431,1547708118,7,47157,49,8056,2.016123882924342,1556091892,3,47236,49,8182,1.6924908558120049,1551902181,6,47103,49,8102,0,1556089821,1,47381,41,8144
1.8428335356763976,1547708668,9,47167,49,8090,2.0635452305539745,1551903118,7,47269,49,8081,1.9810379037495849,1549800284,3,47220,49,13,1.7178884489935433,1551901438,5,47110,49,8111,2.723250792329312,1545605110,1,47036,49,8090
1.8242709606500809,1547708911,9,47157,49,5,1.856496182396959,1549805219,7,47179,49,8104,2.071508619069227,1551896829,2,47253,49,8142,2.520789347377049,1547708042,6,46950,49,8120,3.452411161564282,1553993388,1,47351,49,8164
1.8117255161966528,1547708863,8,47152,49,8168,2.1401432468842807,1551902772,8,47302,49,8050,2.071508619069227,1551896829,2,47253,49,8142,2.520789347377049,1547708042,6,46950,49,8120,3.452411161564282,1553993388,1,47351,49,8164
2.161261793500127,1554000579,9,47301,49,8129,1.818757617678057,1547707872,7,47165,49,8079,2.6208519046114223,1564479722,2,47491,49,8121,2.1193389183903775,1558193305,5,47286,49,8180,2.841974724093844,1547700938,1,47080,41,8106
1.5761165516630795,1562389108,9,47566,49,8153,0,1551902849,7,47269,49,8090,2.6208519046114223,1564479722,2,47491,49,8121,2.1193389183903775,1558193305,5,47286,49,8180,2.841974724093844,1547700938,1,47080,41,8106
2.0649784312237873,1551903142,9,47261,49,8133,2.6061574252135484,1560291567,7,47501,49,8090,2.187170602641359,1558188406,3,47303,49,8169,1.6781107093892842,1551900719,4,47092,49,8095,2.2497899408945314,1553992887,1,47350,41,8027
2.0649784312237873,1551903142,9,47261,49,8133,2.6061574252135484,1560291567,7,47501,49,8090,2.187170602641359,1558188406,3,47303,49,8169,1.6781107093892842,1551900719,4,47092,49,8095,2.2497899408945314,1553992887,1,47350,41,8027
2.686739149983202,1560292474,10,47525,49,8107,1.6764749458868256,1545611513,7,47104,49,8097,2.6317652687773503,1558188418,2,47496,49,8164,1.9905199542084333,1556095422,4,47229,49,8108,2.573114420083012,1558188115,1,47484,49,8095
2.553839971463061,1558195449,10,47468,49,8125,1.7937689715435372,1547708648,7,47154,49,8083,1.9349381752747088,1556091397,2,47192,49,8123,1.5766239886135769,1551900089,4,47053,49,2,2.2535634192551335,1553993824,1,47353,49,8134
2.553839971463061,1558195449,10,47468,49,8125,1.7937689715435372,1547708648,7,47154,49,8083,1.9349381752747088,1556091397,2,47192,49,8123,1.5766239886135769,1551900089,4,47053,49,2,2.2535634192551335,1553993824,1,47353,49,8134
2.529462875518219,1558195680,10,47459,49,8130,1.609158213913921,1545611801,7,47076,49,8145,1.5311396311015977,1549800492,2,47023,49,8148,2.5069185577619524,1547706577,4,46940,49,8162,2.2632555607051423,1553993986,1,47346,49,8055
2.529462875518219,1558195680,10,47459,49,8130,1.609158213913921,1545611801,7,47076,49,8145,1.5311396311015977,1549800492,2,47023,49,8148,2.5069185577619524,1547706577,4,46940,49,8162,2.2632555607051423,1553993986,1,47346,49,8055
2.5679152578453053,1558195589,10,47474,49,8159,2.650015358837534,1560290604,6,47519,49,8102,2.3737202272680764,1560285519,3,47378,49,8107,2.5149767301771195,1547706305,4,46941,49,8115,2.277328953116068,1553993912,1,47360,49,8104
2.5679152578453053,1558195589,10,47474,49,8159,2.650015358837534,1560290604,6,47519,49,8102,2.3737202272680764,1560285519,3,47378,49,8107,2.5149767301771195,1547706305,4,46941,49,8115,2.277328953116068,1553993912,1,47360,49,8104
2.6304380046457294,1560292524,10,47501,49,8138,2.4747881173717152,1558194664,7,47445,49,8138,2.016226121021783,1556091284,2,47235,49,8173,1.4286290176996461,1549803298,4,46992,49,8132,2.4146131458038465,1556090565,1,47422,49,8116
2.6304380046457294,1560292524,10,47501,49,8138,2.4747881173717152,1558194664,7,47445,49,8138,2.016226121021783,1556091284,2,47235,49,8173,1.4286290176996461,1549803298,4,46992,49,8132,2.4146131458038465,1556090565,1,47422,49,8116
2.69724545198068,1560292284,9,47526,49,8136,2.2989493229995857,1553998674,6,47369,49,8144,1.8223358721041523,1547703540,3,47143,49,8154,1.6936136059984344,1551902065,6,47098,49,8152,2.720600100378054,1543508085,1,47030,49,8154
2.69724545198068,1560292284,9,47526,49,8136,2.2989493229995857,1553998674,6,47369,49,8144,1.8223358721041523,1547703540,3,47143,49,8154,1.6936136059984344,1551902065,6,47098,49,8152,2.720600100378054,1543508085,1,47030,49,8154
1.5928444468567664,1562389258,9,47570,49,8127,2.2200054261370634,1554000538,8,47335,49,8090,1.579280373005288,1543508610,3,47046,49,8103,1.8623106919719776,1556094622,5,47180,49,8142,2.507630411505263,1558188169,1,47470,49,8113
1.5928444468567664,1562389258,9,47570,49,8127,2.2200054261370634,1554000538,8,47335,49,8090,1.579280373005288,1543508610,3,47046,49,8103,1.8623106919719776,1556094622,5,47180,49,8142,2.507630411505263,1558188169,1,47470,49,8113
1.7343114413576284,1547709677,10,47119,49,8089,2.0263178622484044,1551902617,7,47250,49,8121,2.318028750488854,1560286287,3,47363,49,8141,1.9564526338547812,1556095475,5,47217,49,8143,3.0308683199883597,1547703089,2,47164,49,8089
1.6536332120300659,1545613007,11,47086,49,8188,2.692138961111699,1560291586,7,47538,49,8079,1.574281884613661,1551897408,3,47047,49,8149,1.8885243313870166,1556094783,4,47187,49,8118,2.296913934875918,1553993305,1,47360,49,8136
1.6536332120300659,1545613007,11,47086,49,8188,2.692138961111699,1560291586,7,47538,49,8079,1.574281884613661,1551897408,3,47047,49,8149,1.8885243313870166,1556094783,4,47187,49,8118,2.296913934875918,1553993305,1,47360,49,8136
1.876594146393174,1549805562,9,47180,49,8119,2.1529954138356038,1553998077,5,47304,49,8106,1.5006431760127072,1549800492,3,47009,49,8148,2.3217984674678673,1560290496,6,47371,49,8142,2.1882858336647812,1553992421,0,47329,41,8084
1.876594146393174,1549805562,9,47180,49,8119,2.1529954138356038,1553998077,5,47304,49,8106,1.5006431760127072,1549800492,3,47009,49,8148,0,1560290496,6,47371,49,8142,2.1882858336647812,1553992421,0,47329,41,8084
1.6225251891712504,1562389876,10,47583,49,8171,2.150547292111589,1551902238,8,47304,49,8131,2.2318445877836695,1553994200,2,47320,49,8156,2.3311819904460056,1562385816,4,47375,49,8086,2.9418252049088673,1547702681,1,47133,49,8121
2.0121459222857214,1549806462,9,47235,49,8093,1.9407434039461127,1549805533,7,47217,49,8098,2.3244548353641514,1553994430,3,47364,49,8135,2.1417790865525053,1558193650,6,47290,49,8110,3.1183778157039774,1549797750,0,47210,41,8105
2.0121459222857214,1549806462,9,47235,49,8093,1.9407434039461127,1549805533,7,47217,49,8098,2.3244548353641514,1553994430,3,47364,49,8135,2.1417790865525053,1558193650,6,47290,49,8110,3.1183778157039774,1549797750,0,47210,41,8105
1.7783738500877808,1547708318,8,47135,49,8158,2.0334577438475785,1551902722,7,47252,49,8067,2.5775051784709255,1568674328,3,47467,49,8143,2.165847569954429,1560290232,5,47310,49,8102,3.225269704847393,1551895365,0,47250,41,8102
2.3212910211342366,1556098043,9,47372,49,8123,2.0334577438475785,1551902722,7,47252,49,8067,2.5775051784709255,1568674328,3,47467,49,8143,2.165847569954429,1560290232,5,47310,49,8102,3.2732078495485206,1551895065,0,47268,41,8137
2.2364322279245465,1554000821,9,47332,49,3,2.68918153195564,1560291218,7,47535,49,8155,1.938100097156576,1560286280,3,47192,49,8170,1.710237390972319,1553998749,6,47113,49,8179,0,1545603329,0,47101,41,8177
2.2364322279245465,1554000821,9,47332,49,3,2.68918153195564,1560291218,7,47535,49,8155,1.938100097156576,1560286280,3,47192,49,8170,1.710237390972319,1553998749,6,47113,49,8179,2.884810267149954,1545603144,0,47108,33,8138
1.9117823621094046,1549805544,9,47195,49,8129,1.6860629410315757,1545610573,6,47106,49,8059,1.5517432466486365,1549800022,3,47028,49,8177,2.323635028996848,1560290086,6,47371,49,8157,2.6343118123008975,1543505330,0,46996,25,8138
1.9117823621094046,1549805544,9,47195,49,8129,1.6860629410315757,1545610573,6,47106,49,8059,1.5517432466486365,1549800022,3,47028,49,8177,2.323635028996848,1560290086,6,47371,49,8157,2.6343118123008975,1543505330,0,46996,25,8138
2.4692860100854115,1558193892,8,47433,49,8105,0,1560290518,7,47498,49,8106,1.9856292897133425,1556091750,3,47214,49,8159,2.465713229427152,1547707314,6,46922,49,8082,2.1984872889511227,1553992330,0,47325,41,8052
2.6375778925474274,1560292341,10,47503,49,8121,1.6147682496311,1545611684,7,47077,49,8092,2.0637571748423738,1562382879,3,47248,49,8106,2.1808430212372416,1560290339,6,47307,49,8128,2.880425224843572,1545604573,1,47103,49,8128
2.6375778925474274,1560292341,10,47503,49,8121,1.6147682496311,1545611684,7,47077,49,8092,2.0637571748423738,1562382879,3,47248,49,8106,2.1808430212372416,1560290339,6,47307,49,8128,2.880425224843572,1545604573,1,47103,49,8128
1.606104021725299,1562389808,10,47576,49,8169,2.6876516938642196,1560290508,6,47534,49,8102,0,1551897371,3,47298,49,8128,2.136373524380237,1558192308,5,47287,49,8139,2.4183885295470553,1558187560,1,47417,49,8079
1.8379391535093155,1547709432,10,47159,49,8143,1.8628200227061045,1549805096,7,47181,49,8100,2.0162261226974385,1549799991,2,47234,49,8123,2.1626856487042674,1560289580,5,47309,49,16,2.1826776817202878,1553992500,1,47320,41,8067
1.8379391535093155,1547709432,10,47159,49,8143,1.8628200227061045,1549805096,7,47181,49,8100,2.0162261226974385,1549799991,2,47234,49,8123,2.1626856487042674,1560289580,5,47309,49,16,2.1826776817202878,1553992500,1,47320,41,8067
1.714116785934162,1547709600,11,47109,49,8155,1.7354286697148356,1547708791,8,47126,49,8123,1.9255546511954236,1560285784,3,47187,49,8133,1.979301741968923,1556095364,4,47219,49,8134,2.8652290559745954,1545605423,1,47092,49,8094
1.714116785934162,1547709600,11,47109,49,8155,1.7354286697148356,1547708791,8,47126,49,8123,1.9255546511954236,1560285784,3,47187,49,8133,1.979301741968923,1556095364,4,47219,49,8134,2.8652290559745954,1545605423,1,47092,49,8094
1.8118277525050066,1547706923,5,47151,49,8103,1.857209983740659,1549805045,7,47180,49,8092,1.6425190469352688,1556091514,3,47066,49,8157,1.8868922471715563,1556095952,5,47189,49,8181,2.1040404969486777,1551896342,1,47283,49,8134
1.8586431373112136,1549807056,11,47172,49,8146,2.641143067495502,1560291283,7,47510,49,8104,1.9615589106662035,1556091676,3,47202,49,8100,2.2183752139758512,1560288705,4,47336,49,8128,3.1560160480504535,1549799237,1,47217,49,8117
1.8586431373112136,1549807056,11,47172,49,8146,2.641143067495502,1560291283,7,47510,49,8104,1.9615589106662035,1556091676,3,47202,49,8100,2.2183752139758512,1560288705,4,47336,49,8128,3.1560160480504535,1549799237,1,47217,49,8117
1.7304357181017875,1547709519,10,47117,49,8116,1.7665366820910906,1547708832,7,47141,49,8075,2.018878717482397,1556092084,3,47232,49,8153,2.4744851865685775,1547707652,6,46929,49,8103,3.22608574614996,1551895497,1,47250,41,8095
1.7304357181017875,1547709519,10,47117,49,8116,1.7665366820910906,1547708832,7,47141,49,8075,2.018878717482397,1556092084,3,47232,49,8153,2.4744851865685775,1547707652,6,46929,49,8103,3.22608574614996,1551895497,1,47250,41,8095
2.1068994509570373,1551903904,10,47271,49,8170,2.741709193486152,1560290962,7,47556,49,8079,2.306197103728847,1560286196,3,47359,49,8140,2.096493538158311,1558193088,6,47275,49,8158,0,1549796891,0,47209,25,8147
2.1068994509570373,1551903904,10,47271,49,8170,2.741709193486152,1560290962,7,47556,49,8079,2.306197103728847,1560286196,3,47359,49,8140,2.096493538158311,1558193088,6,47275,49,8158,0,1549796891,0,47209,25,8147
2.2231729873631654,1554000969,10,47323,49,8146,1.971342090053218,1549804785,7,47229,49,8099,2.2428601936033594,1560286146,2,47324,49,12,1.6466959729627775,1551901011,5,47085,49,8053,2.7633352598332377,1545604416,1,47051,49,8086
2.1344365880157765,1551904331,10,47289,49,8121,1.9832759689000508,1549805533,7,47233,49,8092,2.0304055093960005,1549800508,3,47231,49,8148,1.380183435251552,1547706011,4,46970,49,8165,3.1686637356643437,1549799279,1,47221,49,8117
2.1344365880157765,1551904331,10,47289,49,8121,1.9832759689000508,1549805533,7,47233,49,8092,2.0304055093960005,1549800508,3,47231,49,8148,1.380183435251552,1547706011,4,46970,49,8165,3.1686637356643437,1549799279,1,47221,49,8117
2.3418946403926637,1556096870,9,47375,49,8126,2.2718192798672145,1553998871,6,47356,49,8086,1.8200922259194012,1553994432,2,47141,49,8106,1.564690080582946,1551900486,4,47057,49,8166,2.9588579262722288,1547703670,2,47143,49,8133
2.3418946403926637,1556096870,9,47375,49,8126,2.2718192798672145,1553998871,6,47356,49,8086,1.8200922259194012,1553994432,2,47141,49,8106,1.564690080582946,1551900486,4,47057,49,8166,2.9588579262722288,1547703670,2,47143,49,8133
2.273864089776551,1554000366,9,47346,49,8163,1.5985515542771653,1562388627,7,47581,49,8115,2.339652886200962,1560285925,3,47367,49,8187,2.307418335724714,1560289755,6,47367,49,8178,2.8759379398308966,1545605965,2,47100,49,8102
2.273864089776551,1554000366,9,47346,49,8163,1.5985515542771653,1562388627,7,47581,49,8115,2.339652886200962,1560285925,3,47367,49,8187,2.307418335724714,1560289755,6,47367,49,8178,2.8759379398308966,1545605965,2,47100,49,8102
1.7286010180049312,1547710003,11,47108,49,8086,1.7071758632240717,1547709249,8,47116,49,8123,1.4767772841434301,1543508480,2,46995,49,8113,1.5217523300946783,1549804319,5,47030,49,8121,2.6145261491105773,1558188146,1,47495,49,8120
1.7286010180049312,1547710003,11,47108,49,8086,1.7071758632240717,1547709249,8,47116,49,8123,1.4767772841434301,1543508480,2,46995,49,8113,1.5217523300946783,1549804319,5,47030,49,8121,2.6145261491105773,1558188146,1,47495,49,8120
1.7562404153561717,1547708951,9,47125,49,8133,2.0670138696680955,1551903231,8,47268,49,8112,2.4342019359245466,1562383291,3,47408,49,8145,1.7206414131764112,1553998327,5,47120,49,8104,2.283347963103166,1553992610,1,47358,41,8110
1.7562404153561717,1547708951,9,47125,49,8133,2.0670138696680955,1551903231,8,47268,49,8112,2.4342019359245466,1562383291,3,47408,49,8145,1.7206414131764112,1553998327,5,47120,49,8104,2.283347963103166,1553992610,1,47358,41,8110
1.7956110621060017,1547709851,11,47139,49,8039,2.0488583848729345,1551903334,8,47262,49,8136,2.181356083176928,1551896891,2,47303,49,8148,2.010205267933308,1558191588,4,47241,49,8102,2.1156676585491474,1551896877,1,47290,49,8117
1.7956110621060017,1547709851,11,47139,49,8039,2.0488583848729345,1551903334,8,47262,49,8136,2.181356083176928,1551896891,2,47303,49,8148,2.010205267933308,1558191588,4,47241,49,8102,2.1156676585491474,1551896877,1,47290,49,8117
1.756138179692752,1547709914,10,47126,49,8125,2.003777333215433,1551902081,7,47240,49,8173,1.904746576798698,1556092377,3,47183,49,8169,2.3200660252436762,1560288720,4,47370,49,8160,3.2108876881513218,1551897139,1,47248,49,8138
1.756138179692752,1547709914,10,47126,49,8125,2.003777333215433,1551902081,7,47240,49,8173,1.904746576798698,1556092377,3,47183,49,8169,2.3200660252436762,1560288720,4,47370,49,8160,3.2108876881513218,1551897139,1,47248,49,8138
2.043865507682784,1551903546,9,47249,49,8141,2.4502084478946413,1558194555,8,47431,49,8130,1.568162524322379,1543509928,3,47043,49,8163,1.769295196922563,1553998447,5,47130,49,8160,2.4348096931310166,1558188747,2,47425,49,8138
2.043865507682784,1551903546,9,47249,49,8141,2.4502084478946413,1558194555,8,47431,49,8130,1.568162524322379,1543509928,3,47043,49,8163,1.769295196922563,1553998447,5,47130,49,8160,2.4348096931310166,1558188747,2,47425,49,8138
2.1667695978025527,1551902010,8,47302,49,8191,2.5311914916534395,1558194926,8,47469,49,8146,2.6125911543547633,1558188873,2,47483,49,8180,2.2980497782067353,1560290373,6,47298,49,8108,2.712846731134121,1543508577,1,47035,49,8142
2.1667695978025527,1551902010,8,47302,49,8191,2.5311914916534395,1558194926,8,47469,49,8146,2.6125911543547633,1558188873,2,47483,49,8180,2.2980497782067353,1560290373,6,47298,49,8108,2.712846731134121,1543508577,1,47035,49,8142
2.1001666486156743,1551901705,6,47275,49,8146,2.3928867847313358,1556096968,7,47409,49,8046,2.5865819735194693,1558188830,2,47474,49,8146,2.3663720866086515,1562387904,6,47388,49,8117,2.6537926534669025,1560285809,1,47518,49,8123
2.6352320132870455,1560292748,10,47501,49,8103,1.9085145194931663,1549806114,8,47193,49,8114,2.467248757600871,1562384424,3,47420,49,8093,1.6527149504135719,1551902069,6,47081,49,8102,2.6882670699278908,1560286012,2,47532,49,8113
2.6352320132870455,1560292748,10,47501,49,8103,1.9085145194931663,1549806114,8,47193,49,8114,2.467248757600871,1562384424,3,47420,49,8093,1.6527149504135719,1551902069,6,47081,49,8102,2.329347297701564,1556091594,2,47379,49,8036
1.9915423196159785,1549806909,10,47228,49,8135,2.6917319172680236,1560291418,7,47530,49,8019,1.7224816446985565,1545606158,2,47106,49,8160,1.3370393003700825,1547706462,4,46952,49,8110,3.033927998349148,1547703219,2,47167,49,8107
1.9915423196159785,1549806909,10,47228,49,8135,2.6917319172680236,1560291418,7,47530,49,8019,0,1551898504,4,47104,49,8187,1.3370393003700825,1547706462,4,46952,49,8110,3.033927998349148,1547703219,2,47167,49,8107
1.820497475794211,1547708971,9,47153,49,8101,1.8509883932669966,1547708338,8,47173,49,8119,2.2805987743971383,1553994762,3,47338,49,8116,1.5429656019448188,1549803359,5,47045,49,8157,2.5884147265363358,1558188380,1,47486,49,8123
2.2952837388253573,1554001761,11,47354,49,8088,2.712640348928289,1560291534,7,47541,49,8084,2.2332721890127885,1560285924,3,47322,49,8142,2.329144716941828,1560289664,5,47369,49,8083,3.2306752646267856,1551897001,1,47253,49,8062
2.2952837388253573,1554001761,11,47354,49,8088,2.712640348928289,1560291534,7,47541,49,8084,2.2332721890127885,1560285924,3,47322,49,8142,2.329144716941828,1560289664,5,47369,49,8083,3.2306752646267856,1551897001,1,47253,49,8062
2.7386552719307717,1560293040,11,47543,49,8139,1.8602696772969047,1547708005,8,47178,49,8118,2.1908418475111797,1560286326,3,47306,49,8187,1.8693520409667628,1553997819,5,47173,49,8166,2.7440589096586434,1543507125,1,47040,41,3
0,1551904178,11,47249,49,8165,2.3147589428086826,1553999036,7,47370,49,8115,2.2839632957145835,1560286869,3,47345,49,8128,1.474832817858797,1549803191,4,47017,49,8137,2.4722434519974574,1556090378,1,47433,49,8085
1.6596521876725046,1545613058,11,47082,49,8143,2.0475330385442696,1551902425,7,47254,49,8062,2.3630094577050413,1560286175,3,47378,49,8113,1.5612233361675576,1549803265,4,47050,49,8123,2.438378684614046,1558188007,1,47429,49,8133
1.6596521876725046,1545613058,11,47082,49,8143,2.0475330385442696,1551902425,7,47254,49,8062,2.3630094577050413,1560286175,3,47378,49,8113,1.5612233361675576,1549803265,4,47050,49,8123,2.438378684614046,1558188007,1,47429,49,8133
1.9838931128166954,1549803803,5,47223,49,8138,2.284874051618459,1553999848,7,47359,49,8095,1.533689995827704,1566577637,3,47533,49,8143,2.298034814565859,1560290153,5,47362,49,8149,3.184266961204561,1549799020,1,47236,49,8092
1.9838931128166954,1549803803,5,47223,49,8138,2.284874051618459,1553999848,7,47359,49,8095,1.533689995827704,1566577637,3,47533,49,8143,2.298034814565859,1560290153,5,47362,49,8149,3.184266961204561,1549799020,1,47236,49,8092
1.7248256854443007,1547708782,9,47114,49,8157,2.269268928929734,1553999428,6,47352,49,8104,1.8428372360050418,1553995401,3,47150,49,8141,2.5998374030851283,1547706004,4,46979,49,8128,2.27365960772203,1553994967,2,47348,49,8098
1.7248256854443007,1547708782,9,47114,49,8157,2.269268928929734,1553999428,6,47352,49,8104,1.8428372360050418,1553995401,3,47150,49,8141,2.5998374030851283,1547706004,4,46979,49,8128,2.27365960772203,1553994967,2,47348,49,8098
2.5053925142789306,1558195158,10,47445,49,8120,1.9032093277368578,1549805388,7,47197,49,8157,2.3362864823659533,1560286643,3,47368,49,8170,1.4094567717728312,1549802498,4,46978,49,8086,2.268964058114665,1556091908,2,47362,49,8129
2.5053925142789306,1558195158,10,47445,49,8120,1.9032093277368578,1549805388,7,47197,49,8157,2.3362864823659533,1560286643,3,47368,49,8170,1.4094567717728312,1549802498,4,46978,49,8086,2.268964058114665,1556091908,2,47362,49,8129
1.8579293384934155,1547709507,11,47169,49,8140,2.447862581177746,1556096391,7,47425,49,8137,1.8777169050170313,1553995379,3,47172,49,8159,2.3689186488315417,1545609518,4,46891,49,8086,2.1123031395513583,1551897093,1,47282,49,8135
2.462350613680878,1558194579,10,47427,49,8105,2.687549458857071,1560290569,7,47531,49,8116,2.5316080840569146,1562383540,3,47441,49,8178,1.6904498234472831,1551899612,4,47111,49,8144,2.6991804364515093,1560284656,1,47535,41,8147
2.4849933829249125,1558195236,10,47437,49,8176,1.855986868077336,1547707326,6,47172,49,8109,1.7509389295398208,1551897799,3,47111,49,8129,1.4022146471495738,1547706032,4,46977,49,8088,2.302113117984526,1556091152,1,47372,49,8154
2.4849933829249125,1558195236,10,47437,49,8176,1.855986868077336,1547707326,6,47172,49,8109,1.7509389295398208,1551897799,3,47111,49,8129,1.4022146471495738,1547706032,4,46977,49,8088,2.302113117984526,1556091152,1,47372,49,8154
2.4157397191332834,1556098168,10,47404,49,8117,1.9339102521371931,1549805432,7,47208,49,8142,2.100577479381519,1558189279,3,47259,49,8118,2.0016377867773705,1558190883,3,47236,49,8121,2.941724848440329,1547702502,1,47125,49,8138
2.4157397191332834,1556098168,10,47404,49,8117,1.9339102521371931,1549805432,7,47208,49,8142,2.100577479381519,1558189279,3,47259,49,8118,2.0016377867773705,1558190883,3,47236,49,8121,2.941724848440329,1547702502,1,47125,49,8138
1.9399329384486255,1549806248,10,47205,49,8153,2.0028590676338007,1549804969,7,47236,49,8111,1.9615589157729647,1556091652,3,47198,49,8125,2.269373035221955,1560288794,4,47355,49,8111,2.17115276228159,1553994408,1,47312,49,8129
2.66736055310206,1560292490,11,47513,49,8161,1.9488015752910965,1549805087,7,47214,49,8073,1.7561400266016174,1551898365,3,47116,49,8105,2.5305818387941628,1547706164,4,46954,49,8121,2.1202571845208005,1551897117,1,47291,49,8139
2.66736055310206,1560292490,11,47513,49,8161,1.9488015752910965,1549805087,7,47214,49,8073,1.7561400266016174,1551898365,3,47116,49,8105,2.5305818387941628,1547706164,4,46954,49,8121,2.1202571845208005,1551897117,1,47291,49,8139
2.3215977498584377,1556098384,11,47367,49,8096,1.998167306463905,1549805342,7,47234,49,8161,1.6330330576016676,1549800585,3,47059,49,8188,1.55877330832727,1551900137,4,47057,49,8079,2.4423566508639105,1556090869,1,47429,49,8116
2.3215977498584377,1556098384,11,47367,49,8096,1.998167306463905,1549805342,7,47234,49,8161,1.6330330576016676,1549800585,3,47059,49,8188,1.55877330832727,1551900137,4,47057,49,8079,2.4423566508639105,1556090869,1,47429,49,8116
1.8744527427809434,1549806681,11,47175,49,8124,1.8000928231111575,1547708102,7,47152,49,8064,2.613712025225412,1564481145,3,47484,49,8164,1.5586729715439271,1549802159,3,47050,49,8150,2.5068182062394158,1558188344,1,47453,49,8084
1.8744527427809434,1549806681,11,47175,49,8124,1.8000928231111575,1547708102,7,47152,49,8064,2.613712025225412,1564481145,3,47484,49,8164,1.5586729715439271,1549802159,3,47050,49,8150,2.5068182062394158,1558188344,1,47453,49,8084
1.833347780804882,1549805686,9,47161,49,8080,1.7410387178509306,1547707804,7,47123,49,8142,2.450621213915944,1562383485,3,47419,49,8142,1.6958572399310168,1551900396,4,47105,49,8143,2.6127899054493087,1560285267,1,47502,49,8135
1.833347780804882,1549805686,9,47161,49,8080,1.7410387178509306,1547707804,7,47123,49,8142,2.450621213915944,1562383485,3,47419,49,8142,1.6958572399310168,1551900396,4,47105,49,8143,2.6127899054493087,1560285267,1,47502,49,8135
2.454496931067608,1556097927,10,47423,49,8147,2.1758426725123963,1553999035,7,47308,49,8127,1.5588812480383751,1549800304,3,47034,49,8188,1.6386378258674332,1551900440,4,47082,49,8180,2.622989470650702,1560285404,1,47506,49,8123
2.454496931067608,1556097927,10,47423,49,8147,2.1758426725123963,1553999035,7,47308,49,8127,1.5588812480383751,1549800304,3,47034,49,8188,2.0107127186812717,1558191992,4,47250,49,8114,2.622989470650702,1560285404,1,47506,49,8123
2.0691608755051525,1551903741,10,47257,49,8118,1.8367086400455412,1547707723,7,47167,49,8071,1.58917321936003,1549801025,3,47049,49,8121,1.5577565891542768,1549802336,3,47043,49,8170,2.7151926168098726,1543507756,1,47034,49,8117
2.0691608755051525,1551903741,10,47257,49,8118,1.8367086400455412,1547707723,7,47167,49,8071,1.58917321936003,1549801025,3,47049,49,8121,1.5577565891542768,1549802336,3,47043,49,8170,2.7151926168098726,1543507756,1,47034,49,8117
2.0400920240647586,1551902904,9,47246,49,11,2.0636474884298415,1551902237,7,47262,49,8109,2.687047807148062,1549800495,3,46997,49,8170,1.9389086993848883,1556093915,3,47218,49,8090,2.149530518307978,1551897073,1,47299,49,8101
2.0400920240647586,1551902904,9,47246,49,11,2.0636474884298415,1551902237,7,47262,49,8109,2.687047807148062,1549800495,3,46997,49,8170,1.9389086993848883,1556093915,3,47218,49,8090,2.149530518307978,1551897073,1,47299,49,8101
2.4980481429960575,1558195603,10,47444,49,5,1.8634316032375255,1549804191,6,47177,49,8116,2.0349931786119018,1556092429,3,47238,49,8145,1.5583681450577724,1549803221,4,47045,49,8168,2.1490193154698383,1553994224,1,47304,49,8093
2.4980481429960575,1558195603,10,47444,49,5,1.8634316032375255,1549804191,6,47177,49,8116,2.0349931786119018,1556092429,3,47238,49,8145,1.5583681450577724,1549803221,4,47045,49,8168,2.1490193154698383,1553994224,1,47304,49,8093
1.6034514435993226,1562389589,10,47575,49,8146,2.499879023711027,1558193367,6,47449,49,8119,2.4759165925402096,1562383131,3,47427,49,1,2.2817139979562313,1560289873,5,47361,49,8091,2.9242831647068304,1547700628,1,47119,41,8094
1.6034514435993226,1562389589,10,47575,49,8146,2.499879023711027,1558193367,6,47449,49,8119,2.4759165925402096,1562383131,3,47427,49,1,2.2817139979562313,1560289873,5,47361,49,8091,2.9242831647068304,1547700628,1,47119,41,8094
1.869556508899283,1547708162,9,47174,49,8123,1.8627178017692796,1547707995,7,47176,49,8124,1.6642435555232105,1545605501,2,47073,49,8157,1.3980322050899892,1547707193,5,46977,49,8082,3.1113401788404222,1549797364,0,47205,33,8130
1.8655785492667398,1547708635,9,47173,49,8137,2.3568825555638666,1556096792,7,47387,49,8072,1.7245226652672483,1545605926,3,47098,49,8145,1.9873561524280652,1556095587,5,47239,49,8114,2.467447544191346,1558187209,1,47438,41,8146
2.635436505765994,1560291714,9,47497,49,8131,2.3568825555638666,1556096792,7,47387,49,8072,1.7245226652672483,1545605926,3,47098,49,8145,1.9873561524280652,1556095587,5,47239,49,8114,2.467447544191346,1558187209,1,47438,41,8146
2.590864764342698,1558195462,10,47478,49,8080,2.4123676470452597,1556096209,6,47411,49,8112,2.5403781536598853,1558189156,3,47451,49,8161,1.5876381732020666,1551901603,5,47070,49,8101,2.984255544680632,1547702655,1,47147,49,8115
1.5903963288247007,1562389865,11,47567,49,8127,2.781486932773936,1562387775,7,47568,49,8062,1.8667013021448071,1553995071,3,47168,49,8177,1.847828306898188,1553997922,5,47175,49,8105,2.7355936785087924,1545603729,0,47033,41,8166
2.342710681283005,1556097453,9,47375,49,8129,1.610076506095494,1562388754,8,47581,49,8145,1.7080996599451796,1551897923,3,47099,49,8154,1.6958572399310168,1551901087,5,47105,49,8170,2.879609189432148,1545603530,0,47101,41,8128
2.342710681283005,1556097453,9,47375,49,8129,1.610076506095494,1562388754,8,47581,49,8145,1.7080996599451796,1551897923,3,47099,49,8154,1.6958572399310168,1551901087,5,47105,49,8170,2.879609189432148,1545603530,0,47101,41,8128
2.031015214615381,1551904236,11,47239,49,8169,1.7868335850553212,1547708846,7,47144,49,8118,1.6771961034294955,1551898013,3,47082,49,8151,1.5798867282974134,1551900544,5,47066,49,8088,2.2840598734822932,1553992131,0,47364,41,8148
2.035195784815433,1551904226,11,47246,49,8045,1.6226219474602668,1545610878,7,47074,49,8102,1.5287937584481204,1549800420,3,47016,49,8109,1.346525066620284,1547707239,5,46954,49,8103,2.7025429935700345,1545602239,0,47037,25,8181
2.035195784815433,1551904226,11,47246,49,8045,1.6226219474602668,1545610878,7,47074,49,8102,1.5287937584481204,1549800420,3,47016,49,8109,1.346525066620284,1547707239,5,46954,49,8103,0,1551894870,0,47236,41,8161
2.4146169531202317,1556095433,5,47406,49,8151,2.420935127715823,1556097806,8,47415,49,8091,2.6210564015233526,1564480317,3,47483,49,8149,1.655365697421501,1551901783,6,47086,49,8080,2.682251887009617,1543506598,1,47004,41,8135
2.4146169531202317,1556095433,5,47406,49,8151,2.420935127715823,1556097806,8,47415,49,8091,2.6210564015233526,1564480317,3,47483,49,8149,1.655365697421501,1551901783,6,47086,49,8080,3.299622186875905,1553992160,0,47287,41,8106
2.0248939822531127,1551904157,10,47243,49,8153,2.432562286328143,1556097305,8,47421,49,8122,2.636559284724568,1564480639,3,47491,49,8129,1.5020670041249777,1549804201,5,47021,49,8161,2.6444091369200926,1543506386,0,46999,41,8183
2.0248939822531127,1551904157,10,47243,49,8153,2.432562286328143,1556097305,8,47421,49,8122,2.636559284724568,1564480639,3,47491,49,8129,1.5020670041249777,1549804201,5,47021,49,8161,2.6444091369200926,1543506386,0,46999,41,8183
2.042335666544616,1551903837,10,47248,49,18,1.7344081741374169,1547708532,8,47122,49,8094,1.7638914755959283,1551897080,3,47119,49,8188,1.8264086672942177,1553998663,5,47169,49,8152,2.578215165320794,1558186721,0,47480,41,8135
2.042335666544616,1551903837,10,47248,49,18,1.7344081741374169,1547708532,8,47122,49,8094,1.7638914755959283,1551897080,3,47119,49,8188,1.8264086672942177,1553998663,5,47169,49,8152,2.578215165320794,1558186721,0,47480,41,8135
2.3419968819673667,1556098862,11,47374,49,8102,2.674085730980531,1560291981,8,47525,49,8078,2.3414875703819327,1562383352,3,47368,49,8100,2.4628561204100996,1547706532,5,46929,49,8157,3.024135517880384,1547701383,1,47164,49,8112
2.3419968819673667,1556098862,11,47374,49,8102,2.674085730980531,1560291981,8,47525,49,8078,2.3414875703819327,1562383352,3,47368,49,8100,2.4628561204100996,1547706532,5,46929,49,8157,3.024135517880384,1547701383,1,47164,49,8112
2.1193426577067807,1551904630,11,47277,49,8108,1.6200715955503422,1562388992,8,47587,49,8055,2.574545845127919,1564480133,3,47467,49,8177,2.53782397275125,1547706908,5,46954,49,8060,2.3167015106091093,1556089506,1,47364,41,8129
2.451437251465381,1558195624,11,47421,49,8148,2.6844897884200343,1560291488,7,47527,49,8115,2.173400168224868,1558189390,3,47296,49,8167,2.034784964071936,1558192262,5,47254,49,8114,2.4647968401053006,1556089345,0,47432,41,8140
2.451437251465381,1558195624,11,47421,49,8148,2.6844897884200343,1560291488,7,47527,49,8115,2.173400168224868,1558189390,3,47296,49,8167,2.034784964071936,1558192262,5,47254,49,8114,2.4647968401053006,1556089345,0,47432,41,8140
2.2864095357540286,1554001158,11,47351,49,6,1.7533796921298543,1547708607,8,47128,49,8101,2.530280831820563,1564480768,3,47445,49,8121,2.1462663612660053,1558192475,5,47297,49,8078,2.298746713471006,1556089733,1,47372,41,8078
2.2864095357540286,1554001158,11,47351,49,6,1.7533796921298543,1547708607,8,47128,49,8101,2.530280831820563,1564480768,3,47445,49,8121,2.1462663612660053,1558192475,5,47297,49,8078,2.298746713471006,1556089733,1,47372,41,8078
2.34026255669625,1556097512,9,47376,49,8156,2.545980592085917,1558193961,7,47469,49,8119,2.0532509037978177,1558188776,3,47242,49,8191,2.5889240430063696,1547707278,6,46973,49,8164,2.429199653564071,1558187966,1,47421,49,8136
2.34026255669625,1556097512,9,47376,49,8156,2.545980592085917,1558193961,7,47469,49,8119,2.0532509037978177,1558188776,3,47242,49,8191,2.5889240430063696,1547707278,6,46973,49,8164,2.429199653564071,1558187966,1,47421,49,8136
2.5153875931575502,1558195583,11,47451,49,8142,2.2576417742005583,1554000548,8,47344,49,8083,1.6389482005337832,1551897321,3,47064,49,8065,2.0301954421187474,1558192967,5,47251,49,8091,2.6276812346293177,1543507484,1,46995,49,8145
2.5153875931575502,1558195583,11,47451,49,8142,2.2576417742005583,1554000548,8,47344,49,8083,1.6389482005337832,1551897321,3,47064,49,8065,2.0301954421187474,1558192967,5,47251,49,8091,2.6276812346293177,1543507484,1,46995,49,8145
2.382488415412099,1556098132,9,47394,49,8130,2.591368366675609,1558194079,7,47487,49,8113,2.226132311547379,1553994579,2,47316,49,8112,2.1442253181944717,1558193258,5,47301,49,8109,2.372796271248273,1556089864,1,47398,41,8098
2.382488415412099,1556098132,9,47394,49,8130,2.591368366675609,1558194079,7,47487,49,8113,2.226132311547379,1553994579,2,47316,49,8112,2.1442253181944717,1558193258,5,47301,49,8109,2.372796271248273,1556089864,1,47398,41,8098
1.6778058297646845,1545611985,9,47095,49,8091,2.646751210578952,1560291076,7,47512,49,8022,1.7604228486399374,1553994314,3,47122,49,8143,1.5717277278355442,1551900710,5,47058,49,8087,2.58759868681478,1560285393,1,47485,49,8070
0,1556098665,11,47365,49,8118,2.4741765853219486,1558194418,8,47436,49,8132,2.5217133466877772,1564480512,3,47442,49,8162,2.161667005468976,1558192413,5,47306,49,8121,2.8455399780394894,1545604315,1,47100,41,8138
2.313641824423605,1556098665,11,47365,49,8118,0,1556096832,7,47428,49,8091,2.5217133466877772,1564480512,3,47442,49,8162,2.161667005468976,1558192413,5,47306,49,8121,2.8455399780394894,1545604315,1,47100,41,8138
1.753180729151925,1547710648,12,47124,49,8112,2.3745268312398196,1556097366,8,47397,49,8122,1.6678125785044033,1551897491,3,47078,49,8139,1.6850424081060855,1553998092,5,47115,49,8068,3.328793283125368,1553993689,1,47298,49,8122
1.753180729151925,1547710648,12,47124,49,8112,2.3745268312398196,1556097366,8,47397,49,8122,1.6678125785044033,1551897491,3,47078,49,8139,1.6850424081060855,1553998092,5,47115,49,8068,3.328793283125368,1553993689,1,47298,49,8122
2.204508176946446,1554001460,11,47315,49,8188,0,1560290253,6,47499,49,8047,1.8708837342843834,1553994983,3,47167,49,8087,1.5723411873765694,1549803997,6,47052,49,8087,2.8618607830466205,1545604754,1,47100,49,8121
2.2329635880315633,1554001263,11,47332,49,8116,2.61951893283322,1560290253,6,47499,49,8047,1.8708837342843834,1553994983,3,47167,49,8087,1.5723411873765694,1549803997,6,47052,49,8087,2.8618607830466205,1545604754,1,47100,49,8121
2.619320155810504,1560292329,10,47496,49,8158,1.8376269203379334,1547707924,7,47165,49,8101,2.62533918705388,1564480444,3,47490,49,8096,1.545211143476613,1549804265,5,47038,49,8127,2.593002326349068,1560284216,1,47496,41,8151
2.7720069140902455,1562389572,10,47559,49,8112,2.564849884356727,1558193681,6,47475,49,8102,2.53803227245255,1564480796,3,47450,49,8189,2.1373902706993544,1558192017,5,47304,49,8104,3.05524352319928,1547700902,0,47180,41,8151
2.7720069140902455,1562389572,10,47559,49,8112,2.564849884356727,1558193681,6,47475,49,8102,2.53803227245255,1564480796,3,47450,49,8189,2.1373902706993544,1558192017,5,47304,49,8104,3.05524352319928,1547700902,0,47180,41,8151
0,1547710607,12,47139,49,8148,0,1553998801,7,47309,49,8106,2.630846991087779,1564480079,3,47492,49,8129,1.8011151668828305,1553997872,4,47153,49,8063,2.4468458320887634,1558187539,1,47425,49,8099
0,1547710607,12,47139,49,8148,2.1705374728919113,1553998801,7,47309,49,8106,1.9992956342976,1556091673,3,47220,49,8186,1.8011151668828305,1553997872,4,47153,49,8063,2.4468458320887634,1558187539,1,47425,49,8099
2.4288967225061695,1556098378,11,47411,49,8170,2.433989884209889,1556097240,8,47422,49,8131,2.4838725197831986,1562383112,3,47429,49,8146,2.220722989545603,1560289489,5,47327,49,8123,2.7477301384857067,1543506273,0,47043,41,8129
2.4288967225061695,1556098378,11,47411,49,8170,2.433989884209889,1556097240,8,47422,49,8131,2.4838725197831986,1562383112,3,47429,49,8146,2.220722989545603,1560289489,5,47327,49,8123,2.7477301384857067,1543506273,0,47043,41,8129
0,1560293376,12,47530,49,8122,0,1560290959,7,47526,49,8121,1.5029890630290008,1566577434,3,47518,49,8158,2.0112257900823987,1556095600,5,47237,49,8108,2.5426141298849507,1560282460,0,47486,25,8188
0,1560293376,12,47530,49,8122,2.68367374901693,1560290959,7,47526,49,8121,0,1556091862,3,47180,49,8107,2.0112257900823987,1556095600,5,47237,49,8108,2.5426141298849507,1560282460,0,47486,25,8188
2.126175820818814,1551904243,11,47283,49,8090,2.180941503665566,1554000234,8,47316,49,8118,2.340162207173953,1562382965,3,47368,49,8141,1.4045605302001343,1547706388,4,46977,49,8125,0,1556089709,0,47396,41,8163
0,1554001914,12,47332,49,8102,1.685960710343331,1545611271,7,47105,49,8091,2.3858567147361343,1566577324,3,47384,49,8167,2.4589823109374214,1545608698,4,46919,49,8080,2.185532881637332,1553992531,1,47323,41,8117
2.2378598315127096,1554001914,12,47332,49,8102,1.685960710343331,1545611271,7,47105,49,8091,2.3858567147361343,1566577324,3,47384,49,8167,2.4589823109374214,1545608698,4,46919,49,8080,2.185532881637332,1553992531,,47323,41,8117
2.470204298203631,1558195516,10,47430,49,8124,1.8569032745158505,1549805195,7,47181,49,8170,2.292733379294382,1553994476,3,47353,49,8089,1.421795846579962,1547706948,5,46992,49,8123,3.462508483289987,1553992993,1,47355,49,8164
2.4477660138391113,1558196004,12,47418,49,21,2.6549116184419663,1560292137,8,47517,49,8114,2.4500096542100125,1556091286,3,47419,49,8164,1.9836849101705414,1556094693,4,47235,49,8060,2.6120780274619286,1543507961,1,46981,49,8115
2.4477660138391113,1558196004,12,47418,49,21,2.6549116184419663,1560292137,8,47517,49,8114,2.4500096542100125,1556091286,3,47419,49,8164,1.9836849101705414,1556094693,4,47235,49,8060,2.6120780274619286,1543507961,1,46981,49,8115
1.968287986605928,1549807414,11,47215,49,8163,1.7432823562223894,1547708543,8,47127,49,8093,1.857113301095587,1547702735,3,47168,49,3,2.0547770084948356,1558192677,5,47258,49,8127,2.760887134526912,1543506961,1,47050,49,8116
1.968287986605928,1549807414,11,47215,49,8163,1.7432823562223894,1547708543,8,47127,49,8093,1.857113301095587,1547702735,3,47168,49,3,2.0547770084948356,1558192677,5,47258,49,8127,2.760887134526912,1543506961,1,47050,49,8116
1.6587339164690713,1562389972,11,47594,49,8158,2.70641874396974,1560290423,7,47540,49,8094,0,1551897280,3,47059,49,8185,2.4829485148463393,1547706694,5,46940,49,8065,2.400333376696664,1556089621,1,47417,41,8096
1.6587339164690713,1562389972,11,47594,49,8158,2.70641874396974,1560290423,7,47540,49,8094,1.6209969228467045,1551897280,3,47059,49,8185,2.4829485148463393,1547706694,5,46940,49,8065,2.9310159634461006,1547701601,1,47118,41,8
2.7790445572813676,1562390120,11,47562,49,8093,2.0980196444650936,1551903729,9,47281,49,8035,1.6124294388663565,1551896962,2,47055,49,8137,1.968998056792873,1556096444,6,47230,49,8138,3.2188436199005337,1551896408,1,47248,49,8178
2.7790445572813676,1562390120,11,47562,49,8093,2.0980196444650936,1551903729,9,47281,49,8035,1.6124294388663565,1551896962,2,47055,49,8137,1.968998056792873,1556096444,6,47230,49,8138,3.2188436199005337,1551896408,1,47248,49,8178
2.7793512951390684,1562390131,11,47559,49,8063,2.7024407785038953,1560292249,9,47539,49,8109,1.7000415048182662,1551896770,2,47100,49,8130,2.260296232999617,1560290061,5,47350,49,8152,2.1077117401977983,1553992676,1,47286,41,18
2.101696487577917,1551903222,10,47277,49,8109,1.7320622819266038,1547707900,7,47125,49,8116,1.7870454197195107,1553994210,2,47127,49,8117,1.8353832286941405,1553998227,6,47180,49,8141,2.8892975510884975,1547701276,1,47111,41,8122
1.7418584161365505,1547709816,10,47125,49,8156,1.7219649575121372,1547709143,8,47120,49,8117,1.5297120357713883,1543508712,3,47018,49,8180,1.4876849853068321,1549805707,7,47021,49,8104,2.4237940915826246,1556090185,1,47419,49,3
2.028567090066804,1551904110,10,47242,49,8137,2.688161004723536,1560292063,8,47534,49,8099,2.043967751916685,1558188587,3,47245,49,8135,1.5578588253365278,1549804954,6,47045,49,8120,2.288749730291389,1556089808,1,47375,41,8150
2.4325679547096146,1556098590,11,47417,49,8132,2.607891764317178,1560290661,7,47497,49,8144,2.32425036167825,1553994449,3,47361,49,8151,2.030706631596031,1558192915,6,47249,49,8179,2.7419136628835883,1545603757,0,47051,41,8091
2.4325679547096146,1556098590,11,47417,49,8132,2.607891764317178,1560290661,7,47497,49,8144,2.32425036167825,1553994449,3,47361,49,8151,2.030706631596031,1558192915,6,47249,49,8179,2.7419136628835883,1545603757,0,47051,41,8091
2.619013417187408,1560292862,11,47501,49,8112,2.1597263404495206,1554000271,8,47307,49,8091,2.4111520956562402,1562383127,3,47389,49,8154,2.2681499163036336,1560289631,5,47353,49,8122,2.8003585653256295,1545603815,1,47070,41,8120
2.619013417187408,1560292862,11,47501,49,8112,0,1554000271,8,47307,49,8091,2.4111520956562402,1562383127,3,47389,49,8154,0,1560289631,5,47353,49,8122,2.8003585653256295,1545603815,1,47070,41,8120
2.1427995855518445,1554001474,11,47298,49,8127,2.053447917332759,1551902535,7,47261,49,8142,1.5991683022785763,1551897931,3,47054,49,8138,1.3969075385346004,1547706590,5,46991,49,8171,3.0162818349412563,1547701064,1,47161,41,8171
2.1427995855518445,1554001474,11,47298,49,8127,2.053447917332759,1551902535,7,47261,49,8142,1.5991683022785763,1551897931,3,47054,49,8138,1.3969075385346004,1547706590,5,46991,49,8171,3.0162818349412563,1547701064,1,47161,41,8171
2.105165126666012,1551903570,10,47275,49,8162,2.5961623616318175,1558194127,8,47492,49,8117,2.603614704247514,1564480622,3,47478,49,8138,1.493192788001201,1549804328,5,47023,49,8078,2.879302470462806,1547702444,1,47104,49,8191
2.105165126666012,1551903570,10,47275,49,8162,2.5961623616318175,1558194127,8,47492,49,8117,2.603614704247514,1564480622,3,47478,49,8138,1.493192788001201,1549804328,5,47023,49,8078,2.879302470462806,1547702444,1,47104,49,8191
1.5762187943248858,1562390267,11,47565,49,8176,1.7733698576690067,1547708638,7,47143,49,8113,2.207671980919267,1558189137,3,47304,49,8126,2.007247822794201,1556096226,6,47239,49,8183,2.7581341994719923,1545603958,1,47044,49,8143
1.5762187943248858,1562390267,11,47565,49,8176,1.7733698576690067,1547708638,7,47143,49,8113,2.207671980919267,1558189137,3,47304,49,8126,2.007247822794201,1556096226,6,47239,49,8183,2.7581341994719923,1545603958,1,47044,49,8143
1.7467546498364435,1547709711,10,47125,49,2,2.266616317948755,1553999837,7,47355,49,8121,1.625688689761718,1551897132,3,47058,49,8098,2.5616898402353336,1547707149,5,46969,49,8142,2.523339704541473,1558186997,1,47466,41,8116
1.7467546498364435,1547709711,10,47125,49,2,2.266616317948755,1553999837,7,47355,49,8121,1.625688689761718,1551897132,3,47058,49,8098,2.5616898402353336,1547707149,5,46969,49,8142,2.523339704541473,1558186997,1,47466,41,8116
2.343933790033074,1556098568,10,47382,49,8153,2.0010225056273296,1549804847,7,47239,49,8110,2.6354365109365894,1558188433,3,47494,49,4,2.007245953861873,1558191380,4,47245,49,8092,2.587700933548663,1558187825,1,47483,49,8142
2.343933790033074,1556098568,10,47382,49,8153,2.0010225056273296,1549804847,7,47239,49,8110,2.6354365109365894,1558188433,3,47494,49,4,2.007245953861873,1558191380,4,47245,49,8092,2.587700933548663,1558187825,1,47483,49,8142
1.7770466310149526,1547709777,10,47140,49,8040,1.7528684978046576,1547708923,8,47136,49,8110,2.4396075051092923,1562383052,3,47406,49,8181,1.7132989140860786,1551901295,5,47111,49,8176,2.590658367056718,1558187242,1,47486,41,8038
1.7770466310149526,1547709777,10,47140,49,8040,1.7528684978046576,1547708923,8,47136,49,8110,2.4396075051092923,1562383052,3,47406,49,8181,1.7132989140860786,1551901295,5,47111,49,8176,3.1464261463939622,1549798539,1,47221,41,8161
2.4510282739004277,1558194390,9,47428,49,8178,2.7628221271050295,1562387590,7,47562,49,8080,1.5851952578563044,1551897129,3,47047,49,8098,1.564996813291268,1551901323,5,47053,49,8158,2.7414082201940437,1545605058,1,47032,49,8132
2.4510282739004277,1558194390,9,47428,49,8178,2.7628221271050295,1562387590,7,47562,49,8080,1.5851952578563044,1551897129,3,47047,49,8098,1.564996813291268,1551901323,5,47053,49,8158,2.7414082201940437,1545605058,1,47032,49,8132
1.7342092057413894,1547709896,10,47120,49,8129,2.6399180408446896,1560290442,6,47514,49,8063,2.709588332679002,1560286037,2,47521,49,8074,2.216029335864491,1560288701,5,47334,49,34,2.7241690857611274,1545604097,1,47033,41,8147
1.7342092057413894,1547709896,10,47120,49,8129,2.6399180408446896,1560290442,6,47514,49,8063,2.709588332679002,1560286037,2,47521,49,8074,2.216029335864491,1560288701,5,47334,49,34,2.7241690857611274,1545604097,1,47033,41,8147
2.265398841530805,1554001243,10,47344,49,8152,2.4712191317342427,1558194277,7,47440,49,8095,2.5910692535098625,1564481112,3,47475,49,8118,1.690247201289676,1551900954,5,47105,49,8106,2.7229479043617917,1543505559,0,47023,25,8060
2.265398841530805,1554001243,10,47344,49,8152,2.4712191317342427,1558194277,7,47440,49,8095,2.5910692535098625,1564481112,3,47475,49,8118,1.690247201289676,1551900954,5,47105,49,8106,2.7229479043617917,1543505559,0,47023,25,8060
2.4652058030612287,1558195625,10,47433,49,8118,2.769553017255176,1562388055,7,47571,49,8063,2.0732410767623355,1558189816,4,47256,49,8146,1.8525219263001058,1553998404,5,47170,49,8151,3.205075061541656,1549797513,0,47240,33,8106
2.4652058030612287,1558195625,10,47433,49,8118,2.769553017255176,1562388055,7,47571,49,8063,2.0732410767623355,1558189816,4,47256,49,8146,1.8525219263001058,1553998404,5,47170,49,8151,3.205075061541656,1549797513,0,47240,33,8106
2.4701020514735936,1558195876,11,47433,49,8151,2.1260679638533513,1551902551,7,47296,49,8068,2.3428129246364,1560286689,3,47373,49,8162,1.3803860312891316,1547706644,5,46975,49,8103,2.295177715807546,1556090439,1,47369,49,8076
2.4701020514735936,1558195876,11,47433,49,8151,2.1260679638533513,1551902551,7,47296,49,8068,2.3428129246364,1560286689,3,47373,49,8162,1.3803860312891316,1547706644,5,46975,49,8103,2.295177715807546,1556090439,1,47369,49,8076
2.1710523973154743,1554001044,10,47309,49,8130,2.042330065604332,1551902272,7,47261,49,8107,2.2123618641648166,1560285791,3,47316,49,8152,1.7311476863250213,1553997827,5,47120,49,8111,3.1956915381485778,1549799430,1,47236,49,8102
2.1710523973154743,1554001044,10,47309,49,8130,2.042330065604332,1551902272,7,47261,49,8107,2.2123618641648166,1560285791,3,47316,49,8152,1.7311476863250213,1553997827,5,47120,49,8111,3.1956915381485778,1549799430,1,47236,49,8102
2.6843932689274745,1560292523,10,47524,49,8131,2.4530636401569987,1558193832,8,47434,49,8082,1.5782598530403327,1549801115,3,47045,49,0,2.521097983974577,1547706129,4,46943,49,8163,2.1873694432412742,1553994762,1,47322,49,8082
2.5081454589070646,1558195445,10,47452,49,8121,2.3519862901782393,1556097339,8,47393,49,8038,2.484077003119898,1562384623,3,47428,49,8176,1.443315842794317,1549803238,4,47006,49,8095,2.8634928608399135,1547702414,1,47101,49,8130
2.337202872679728,1556098279,9,47376,49,8150,2.3070074913464254,1556097406,8,47370,49,8138,2.1903325298530674,1560286214,3,47300,49,8169,1.5540834507028065,1549803287,5,47048,49,8123,2.625437594622066,1560284137,0,47507,41,8115
2.337202872679728,1556098279,9,47376,49,8150,2.3070074913464254,1556097406,8,47370,49,8138,2.1903325298530674,1560286214,3,47300,49,8169,1.5540834507028065,1549803287,5,47048,49,8123,2.625437594622066,1560284137,0,47507,41,8115
1.7528740180901285,1547709574,9,47129,49,8155,2.6016701561294338,1560291518,8,47497,49,8085,2.093335357922689,1558190212,3,47259,49,8090,1.9621667654059771,1556095239,5,47215,49,8118,2.6929588339065065,1543506594,1,47021,41,8112
2.068038115143167,1551901225,5,47262,49,8112,0,1553999868,7,47360,49,8023,2.093335357922689,1558190212,3,47259,49,8090,1.9621667654059771,1556095239,5,47215,49,8118,2.6929588339065065,1543506594,1,47021,41,8112
2.2197043406156087,1554000686,9,47327,49,8119,2.11811204063037,1553999232,7,47294,49,8092,1.5640823243411717,1549800718,3,47040,49,8177,1.5860079373400962,1551900761,5,47063,49,8131,3.2644339717820126,1551895459,0,47274,41,8144
1.784493220366846,1547710674,12,47138,49,8183,0,1549805985,8,47183,49,8105,1.5640823243411717,1549800718,3,47040,49,8177,1.5860079373400962,1551900761,5,47063,49,8131,3.2644339717820126,1551895459,0,47274,41,8144
2.0909876028045407,1551901106,5,47269,49,8149,1.5990608771440062,1545611697,8,47075,49,8143,2.210629419629967,1558188554,3,47310,49,8154,2.299562757248153,1560288729,5,47371,49,8112,2.8650227013261227,1545605390,1,47102,49,8106
2.0909876028045407,1551901106,5,47269,49,8149,0,1545611242,8,47102,49,8118,2.210629419629967,1558188554,3,47310,49,8154,2.299562757248153,1560288729,5,47371,49,8112,2.8650227013261227,1545605390,1,47102,49,8106
2.084765999585443,1551903830,10,47266,49,8161,2.1673755184397985,1553999304,7,47319,49,8124,1.6355818090209153,1545606372,3,47068,49,8125,1.7503218266620426,1553997851,5,47132,49,8129,2.160648358658115,1553994561,2,47304,49,8132
2.084765999585443,1551903830,10,47266,49,8161,0,1560292257,8,47516,49,8160,1.6355818090209153,1545606372,3,47068,49,8125,0,1553997851,5,47132,49,8129,0,1553994561,2,47304,49,8132
0,1549807080,11,47223,49,8187,2.3738130000847093,1556097768,8,47407,49,8171,2.6242164089278845,1564481386,3,47495,49,8156,1.7796955262859855,1553997371,4,47148,49,8110,2.2422448731224667,1553993991,1,47336,49,8106
1.9700204375562893,1549807080,11,47223,49,8187,0,1556097687,7,47409,49,8078,2.6242164089278845,1564481386,3,47495,49,8156,1.7796955262859855,1553997371,4,47148,49,8110,2.2422448731224667,1553993991,1,47336,49,8106
1.9570679056764806,1549806490,10,47214,49,8168,0,1551903090,7,47258,49,8112,1.9745114514691886,1556092543,3,47209,49,8140,2.2636626425039506,1560289524,4,47347,49,8064,2.7877108777116915,1547701960,1,47068,49,8119
1.8440585231750226,1547710278,11,47162,49,8111,0,1547708717,8,47114,49,8094,1.7306401941620804,1551897638,3,47112,49,8187,2.181761293330263,1560288408,4,47310,49,8090,2.8171886816876204,1545605607,2,47075,49,8111
2.3922809060704977,1556099005,11,47395,49,8157,2.5678072831834036,1558194480,8,47489,49,8105,2.4556197001447164,1564480080,2,47420,49,8101,1.7205391792760163,1553998570,5,47120,49,8127,2.5675024501719586,1558187601,1,47491,49,8114
2.3922809060704977,1556099005,11,47395,49,8157,0,1558194297,7,47458,49,8107,2.4556197001447164,1564480080,2,47420,49,8101,1.7205391792760163,1553998570,5,47120,49,8127,2.5675024501719586,1558187601,1,47491,49,8114
1.7271715645610548,1547709455,10,47116,49,8118,2.138104078505958,1553999563,7,47302,49,8096,2.0105138481145373,1556092592,3,47232,49,8152,2.466529263570482,1545608893,4,46925,49,8128,2.320880161132083,1556091396,2,47381,49,8090
1.7271715645610548,1547709455,10,47116,49,8118,0,1551902337,7,47244,49,8066,2.0105138481145373,1556092592,3,47232,49,8152,2.466529263570482,1545608893,4,46925,49,8128,2.320880161132083,1556091396,2,47381,49,8090
2.190432888521497,1554000895,10,47310,49,8152,1.63108716539244,1545610574,6,47089,49,8120,2.700204806142088,1549801360,3,47006,49,8125,1.9736898258782516,1556095590,5,47229,49,8128,2.101999454994249,1551896762,2,47287,49,8143
2.190432888521497,1554000895,10,47310,49,8152,0,1560291134,7,47508,49,8153,2.700204806142088,1549801360,3,47006,49,8125,1.9736898258782516,1556095590,5,47229,49,8128,2.101999454994249,1551896762,2,47287,49,8143
2.0336659436803886,1551903720,10,47245,49,8166,1.7694941151965804,1547708526,7,47148,49,8043,1.883122466414991,1553995093,3,47177,49,8106,2.224903545239683,1560289702,5,47334,49,8096,2.7245780659399395,1543507833,1,47031,49,8116
2.0336659436803886,1551903720,10,47245,49,8166,0,1549804340,6,47240,49,8070,1.883122466414991,1553995093,3,47177,49,8106,2.224903545239683,1560289702,5,47334,49,8096,2.7245780659399395,1543507833,1,47031,49,8116
1.73257713377318,1547709686,11,47117,49,8167,2.7397703539097797,1562387482,6,47563,49,8085,1.5719360069730952,1549800684,3,47044,49,8103,1.9812367901138763,1556095581,5,47235,49,8154,2.847787371710316,1545604566,1,47087,49,8184
1.73257713377318,1547709686,11,47117,49,8167,0,1558193858,6,47471,49,8118,1.5719360069730952,1549800684,3,47044,49,8103,1.9812367901138763,1556095581,5,47235,49,8154,2.847787371710316,1545604566,1,47087,49,8184
2.024996220889707,151903955,10,47242,,8136,2.0337625779341746,1551902240,6,47259,49,8101,2.171563603434969,1558189185,3,47301,49,8141,2.480913185611215,1545609876,5,46920,49,8117,2.5707685392666635,1560282794,0,47483,25,9
2.257545163099392,1554001515,11,47338,49,8190,0,1551901948,6,47298,49,8101,1.567142002702905,1543509210,3,47043,49,8123,1.7340047482909087,1551901572,5,47115,49,8111,2.222351280382286,1553993469,1,47345,49,8170
2.4637782123732044,1558194801,9,47428,49,8159,2.748542334484478,1562388194,7,47563,49,8038,2.167280799300189,1551898008,3,47295,49,8138,2.0079597569853265,1558192282,5,47245,49,8166,3.039026843215143,1547701085,1,47170,41,8178
2.4637782123732044,1558194801,9,47428,49,8159,0,1556096404,6,47415,49,8044,2.167280799300189,1551898008,3,47295,49,8138,2.0079597569853265,1558192282,5,47245,49,8166,3.039026843215143,1547701085,1,47170,41,8178
2.1095501765729057,1551901113,5,47277,49,8138,2.5892269513073,1558193843,7,47493,49,8071,2.490807917177535,1558188737,3,47435,49,8143,2.02478987993262,1556094817,5,47248,49,8126,2.2764106749261153,1556090331,1,47359,49,8085
2.1095501765729057,1551901113,5,47277,49,8138,0,1560290676,6,47502,49,8125,2.490807917177535,1558188737,3,47435,49,8143,2.02478987993262,1556094817,5,47248,49,8126,2.2764106749261153,1556090331,1,47359,49,8085
1.5888664889537982,1562389370,9,47566,49,8108,2.0081623724543722,1551902225,7,47246,49,8078,2.174113963882174,1558188882,3,47300,49,8114,1.538171599852217,1549803859,5,47043,49,8154,2.308946277257985,1556089748,1,47376,41,8121
1.5888664889537982,1562389370,9,47566,49,8108,0,1562388029,6,47577,49,8073,2.174113963882174,1558188882,3,47300,49,8114,1.538171599852217,1549803859,5,47043,49,8154,2.308946277257985,1556089748,1,47376,41,8121
1.572445321563725,1562388508,9,47559,49,8137,2.1630927298554856,1553999488,7,47311,49,8145,1.5867250925874732,1549800381,3,47051,49,8165,1.871084500995388,1556095613,5,47179,49,8114,3.1956915427127304,1551895513,1,47234,41,8153
1.572445321563725,1562388508,9,47559,49,8137,0,1547707781,7,47115,49,8167,1.5867250925874732,1549800381,3,47051,49,8165,1.871084500995388,1556095613,5,47179,49,8114,3.1956915427127304,1551895513,1,47234,41,8153
2.6601184219905933,1560292649,10,47511,49,8127,0,1547707885,6,47164,49,8109,2.213993943186034,1553994842,3,47317,49,8128,2.1342283494949816,1558192259,5,47303,49,8142,2.886851310824599,1545603840,1,47102,41,8079
2.5309927207282654,1558195782,10,47457,49,8175,2.355250449633534,1556097188,7,47395,49,8057,1.7217678437915431,1545606726,3,47103,49,8080,2.4707117150590605,1547706700,5,46924,49,8105,2.508346133761,1558187406,1,47461,49,8114
2.5309927207282654,1558195782,10,47457,49,8175,0,1549804545,6,47203,49,8120,1.7217678437915431,1545606726,3,47103,49,8080,2.4707117150590605,1547706700,5,46924,49,8105,2.508346133761,1558187406,1,47461,49,8114
2.358927366947122,1556098231,10,47383,49,8134,0,1551901922,6,47302,49,8175,2.402787200235698,1562384016,3,47394,49,8102,1.6827002292078628,1551901592,5,47098,49,8120,2.2590731199491647,1553993379,1,47345,49,8170
2.215114824918494,1554001240,10,47321,49,8135,1.5849855999698954,1562388436,7,47579,49,8055,2.035706976886423,1556092546,3,47241,49,8174,2.12137995230995,1558193088,5,47285,49,8042,3.208848543824747,1551896158,1,47241,49,8079
2.0729343608078623,1551900826,5,47259,49,8138,1.8914799074012476,1549805578,7,47198,49,8009,1.717992516595503,1551897742,3,47107,49,8142,2.600551202342102,1547707267,5,46979,49,8169,3.04943088947244,1549798901,1,47172,,8152
2.0729343608078623,1551900826,5,47259,49,8138,0,1545611406,7,47080,49,8066,1.717992516595503,1551897742,3,47107,49,8142,2.600551202342102,1547707267,5,46979,49,8169,3.04943088947244,1549798901,1,47172,49,8152
1.9532944265587888,1549805578,9,47208,49,8066,2.2989493171268083,1556096253,6,47371,49,8139,1.5745886154101463,1543508914,3,47041,49,8091,1.8510924648477523,1553997896,5,47175,49,8125,2.9281570066212548,1547701490,1,47128,41,8169
1.9532944265587888,1549805578,9,47208,49,8066,0,1551902503,7,47251,49,8107,1.5745886154101463,1543508914,3,47041,49,8091,1.8510924648477523,1553997896,5,47175,49,8125,2.9281570066212548,1547701490,1,47128,41,8169
1.8663945904609895,1549806626,10,47172,49,8121,2.7322234182596485,1560290196,6,47555,49,8125,2.616671366459594,1558189126,3,47480,49,8139,2.301297084589861,1560289941,6,47369,49,8121,2.8887901106348663,1545604808,1,47098,49,8086
1.8663945904609895,1549806626,10,47172,49,8121,0,1558194218,7,47468,49,8107,2.616671366459594,1558189126,3,47480,49,8139,2.301297084589861,1560289941,6,47369,49,8121,2.8887901106348663,1545604808,1,47098,49,8086
2.4716318987214887,1556097380,9,47430,49,8118,1.6457740204502065,1545611355,7,47095,49,8132,2.260811207796609,1560286214,3,47329,49,8158,2.492333951935908,1547707433,5,46936,49,8151,2.5594481201784074,1558186958,1,47471,41,8043
2.4716318987214887,1556097380,9,47430,49,8118,0,1549805206,6,47195,49,8105,2.260811207796609,1560286214,3,47329,49,8158,2.492333951935908,1547707433,5,46936,49,8151,2.5594481201784074,1558186958,1,47471,41,8043
1.7773533467807388,1547708889,10,47133,49,8114,2.6888747849386823,1560290319,5,47540,49,8081,2.4585790358100685,1562384180,3,47414,49,8092,2.227453908768082,1560290067,5,47333,49,8102,2.8961325970330907,1547701916,1,47106,49,8084
1.7773533467807388,1547708889,10,47133,49,8114,0,1558193236,6,47494,49,8099,2.4585790358100685,1562384180,3,47414,49,8092,2.227453908768082,1560290067,5,47333,49,8102,2.8961325970330907,1547701916,1,47106,49,8084
1.8614983547024326,1549806119,9,47172,49,8135,0,1553999536,6,47348,49,8107,2.4781621271452106,1562383406,3,47422,49,8118,1.5188952413461638,1549803915,5,47032,49,8189,2.9027631571112757,1545603792,1,47105,41,8170
2.643595011802175,1560291786,9,47504,49,8130,0,1549805009,7,47231,49,8114,2.174930005810167,1558188959,3,47299,49,8117,1.4163921696089259,1547707456,5,46984,49,8126,2.2369377781501405,1553993394,1,47345,49,8079
2.1857411315646784,1554001245,11,47305,49,8100,1.7054415452850777,1547707276,6,47118,49,8084,2.225214029985427,1553994786,3,47318,49,8137,1.5631621429639628,1551901183,5,47049,49,8162,3.2698395385814214,1551896284,1,47274,49,8081
2.1857411315646784,1554001245,11,47305,49,8100,0,1547708110,6,47121,49,8087,2.225214029985427,1553994786,3,47318,49,8137,1.5631621429639628,1551901183,5,47049,49,8162,3.2698395385814214,1551896284,1,47274,49,8081
2.400337184108955,1556098199,10,47401,49,8117,2.6608264663206165,1560291457,7,47527,49,8078,1.949216087847506,1556092284,3,47200,49,15,2.6226998199397253,1547706666,5,46925,49,8086,2.5739304689995213,1558187179,1,47481,41,8099
2.119647503332317,1551903648,10,47281,49,0,0,1553999698,7,47309,49,8139,2.496927278053499,1564480363,3,47438,49,8138,1.6660745853247587,1551901812,6,47096,49,8147,2.7126441758424154,1545604463,1,47025,49,8132
1.6865777890580032,1545612165,10,47095,49,8116,1.7304301917842182,1547708461,7,47129,49,8138,2.1409667815047437,1558189324,3,47282,49,8111,1.4492326094137398,1549804593,5,47006,49,8102,2.2715144315981797,1556089677,1,47358,41,8134
1.6865777890580032,1545612165,10,47095,49,8116,0,1560291425,7,47533,49,8078,2.1409667815047437,1558189324,3,47282,49,8111,1.4492326094137398,1549804593,5,47006,49,8102,2.2715144315981797,1556089677,1,47358,41,8134
1.6655670942855951,1562386369,4,47597,49,8128,2.1285160796615807,1551902126,6,47298,49,8106,2.5849498919074145,1564481069,3,47473,49,8115,2.0771130499557233,1558192267,5,47274,49,8128,2.6136059451191826,1560284887,1,47503,49,8118
1.6655670942855951,1562386369,4,47597,49,8128,0,1545610695,7,47112,49,8143,2.5849498919074145,1564481069,3,47473,49,8115,2.0771130499557233,1558192267,5,47274,49,8128,2.6136059451191826,1560284887,1,47503,49,8118
1.957986188686203,1549805516,9,47210,49,8143,1.7296141525455584,1547708095,6,47129,49,8086,2.6577744535534022,1566577386,3,47503,49,8164,2.2880378337088225,1560289899,5,47366,49,8119,2.524871453392149,1558187695,1,47461,49,8074
1.957986188686203,1549805516,9,47210,49,8143,0,1562388703,7,47574,49,8106,2.6577744535534022,1566577386,3,47503,49,8164,2.2880378337088225,1560289899,5,47366,49,8119,2.524871453392149,1558187695,1,47461,49,8074
1.7671537836064597,1547709256,9,47129,49,8087,0,1558194043,7,47435,49,8084,1.8753710187188932,1547702902,3,47174,49,8159,1.8571095841051233,1556095585,5,47183,49,8129,3.0201594372283327,1547702253,2,47157,49,8147
1.9571701491204292,1549807668,12,47210,49,8130,2.750990462556226,1562387906,7,47563,49,8074,1.9444220852656424,1549801127,3,47201,49,8082,2.1968552100061824,1560290497,6,47324,49,8113,3.038924597015678,1549801149,2,47173,49,3
1.9917468011369068,1549806845,10,47223,49,8090,2.750990462556226,1562387906,7,47563,49,8074,2.599330001328946,1564480969,3,47484,49,8105,2.1968552100061824,1560290497,6,47324,49,8113,3.038924597015678,1549801149,2,47173,49,3
1.6172218642020277,1562390533,11,47575,49,8115,2.2764087956443726,1553999611,7,47360,49,8149,2.6808262009353183,1566577629,3,47509,49,8129,1.8562954070483093,1553998324,5,47175,49,8014,2.3283248721934102,1556091190,1,47388,49,8139
2.596984123808055,1558195016,10,47481,49,8156,2.2764087956443726,1553999611,7,47360,49,8149,2.6808262009353183,1566577629,3,47509,49,8129,2.342911381720945,1545608834,5,46873,49,8173,2.3283248721934102,1556091190,1,47388,49,8139
2.2364322352016823,1553998585,5,47328,49,8187,2.2277568605686766,1554000433,8,47341,49,8090,1.8680266652684452,1553994053,3,47174,49,8148,2.3056821180108873,1560289039,5,47374,49,8153,2.4432749336905304,1558188387,1,47429,49,8169
2.2364322352016823,1553998585,5,47328,49,8187,2.2277568605686766,1554000433,8,47341,49,8090,1.8680266652684452,1553994053,3,47174,49,8148,1.4221025716076119,1547706565,5,46989,49,8103,2.4432749336905304,1558188387,1,47429,49,8169
2.0016396510255987,1549806339,10,47230,49,8186,1.7131929890094744,1547708962,8,47122,49,8140,1.7468587319698285,1553994373,3,47114,49,8147,1.699937434144978,1551901037,5,47105,49,8090,2.713560529399218,1543507735,1,47035,49,8063
2.0016396510255987,1549806339,10,47230,49,8186,1.7131929890094744,1547708962,8,47122,49,8140,1.7468587319698285,1553994373,3,47114,49,8147,1.5484734072154787,1549803540,4,47046,49,8095,2.713560529399218,1543507735,1,47035,49,8063
2.353624051272783,1556098160,10,47377,49,8127,2.60401603089746,1560291397,7,47500,49,8126,2.63319286721229,1564480024,2,47496,49,8137,1.3824270796427884,1549803411,5,46970,49,8182,2.2233736954412007,1553993465,1,47337,49,8097
2.353624051272783,1556098160,10,47377,49,8127,2.60401603089746,1560291397,7,47500,49,8126,2.63319286721229,1564480024,2,47496,49,8137,1.7100347607971693,1551901006,5,47110,49,8115,2.2233736954412007,1553993465,1,47337,49,8097
1.6640372554017537,1562389497,9,47594,49,8162,0,1560291251,7,47504,49,8135,2.332308521263849,1553994116,2,47366,49,8179,1.573973269906522,1549803703,5,47052,49,8085,3.2045638465098616,1551896565,1,47245,49,8102
1.6640372554017537,1562389497,9,47594,49,8162,2.6207439327061532,1560291251,7,47504,49,8135,2.332308521263849,1553994116,2,47366,49,8179,1.7927521568283382,1553998155,5,47147,49,8190,3.2045638465098616,1551896565,1,47245,49,8102
2.1268896289755332,1551904260,11,47280,49,8093,2.5437369333110214,1558193927,7,47475,49,8120,1.997356835627539,1556091264,2,47227,49,8152,1.6808636804180772,1551900582,5,47100,49,8143,3.0678930967400135,1549799581,1,47177,49,8169
2.1268896289755332,1551904260,11,47280,49,8093,2.5437369333110214,1558193927,7,47475,49,8120,1.997356835627539,1556091264,2,47227,49,8152,1.957168291255693,1556095258,5,47215,49,8129,3.0678930967400135,1549799581,1,47177,49,8169
2.58984424020062,1558195768,11,47477,49,8151,2.427972745788054,1556096336,6,47426,49,8094,1.6868863247717745,1551897740,3,47087,49,8148,1.84089290239055,1553997322,5,47171,49,8185,2.9389718839479286,1547702001,1,47121,49,8106
2.58984424020062,1558195768,11,47477,49,8151,2.427972745788054,1556096336,6,47426,49,8094,1.6868863247717745,1551897740,3,47087,49,8148,2.1447365208036633,1558191536,4,47296,49,8113,2.9389718839479286,1547702001,1,47121,49,8106
1.8837340376229383,1549806924,11,47176,49,8122,2.333933038103951,1556096005,6,47388,49,8096,2.5736275513589786,1564481396,3,47473,49,8188,2.0400901617715124,1558192222,5,47250,49,8111,2.899192271374392,1545604773,1,47111,49,8086
2.467042383213096,1558194939,9,47425,49,8119,2.0231559358838425,1551902844,7,47251,49,8124,2.280494652192846,1553994944,3,47347,49,8121,2.288958018105206,1560290190,5,47354,49,8164,2.7698616672680476,1545604409,1,47059,41,8180
2.467042383213096,1558194939,9,47425,49,8119,2.0231559358838425,1551902844,7,47251,49,8124,2.280494652192846,1553994944,3,47347,49,8121,2.476219518229827,1545609252,5,46926,49,8168,2.7698616672680476,1545604409,1,47059,41,8180
1.8906694439783764,1549807136,10,47180,49,8138,1.6016112351220186,1562388517,7,47584,49,8105,1.9881777865441517,1556092241,3,47221,49,8118,2.318331703575327,1562386603,5,47370,49,8102,2.725596673145661,1543508371,1,47037,49,8133
1.8906694439783764,1549807136,10,47180,49,8138,1.6016112351220186,1562388517,7,47584,49,8105,1.9881777865441517,1556092241,3,47221,49,8118,1.3619275942982456,1547707201,5,46955,49,8102,2.725596673145661,1543508371,1,47037,49,8133
2.56169366734038,1558195773,11,47465,49,8134,2.3528023255500554,1556096469,6,47395,49,8151,1.6493522239223848,1551898170,3,47071,49,8137,2.464796844446049,1545609068,4,46918,49,8139,2.670007400956363,1543508289,1,47022,49,8081
2.56169366734038,1558195773,11,47465,49,8134,2.3528023255500554,1556096469,6,47395,49,8151,1.6493522239223848,1551898170,3,47071,49,8137,1.4023150013694121,1547706637,5,46983,49,8159,2.670007400956363,1543508289,1,47022,49,8081
2.0033739722789576,1549806479,10,47227,49,8072,1.814881890257051,1547707570,6,47165,49,8110,2.3434263670467494,1562383729,3,47370,49,8180,1.464123942329741,1549803445,5,47009,49,8089,2.5298680342732807,1558187376,1,47468,49,8130
2.648695755882434,1560292504,10,47500,49,8131,2.469484798107562,1558194083,7,47443,49,8112,1.8499752694052511,1553995273,3,47160,49,8130,2.5176274168278603,1547707019,5,46952,49,8157,2.4308317317256476,1556091128,1,47423,49,8174
2.648695755882434,1560292504,10,47500,49,8131,2.469484798107562,1558194083,7,47443,49,8112,1.8499752694052511,1553995273,3,47160,49,8130,1.5472502965013808,1549803545,5,47042,49,8048,2.4308317317256476,1556091128,1,47423,49,8174
2.3873846653016604,1556098698,11,47392,49,8120,2.398190096514709,1556096014,6,47414,49,8118,2.463268895995353,1556091685,3,47427,49,8163,1.7212529844192879,1551900683,5,47120,49,8116,2.7218232003486933,1543507631,1,47034,49,8153
2.3873846653016604,1556098698,11,47392,49,8120,2.398190096514709,1556096014,6,47414,49,8118,2.463268895995353,1556091685,3,47427,49,8163,1.5489846215689733,1549804224,5,47041,49,8156,2.7218232003486933,1543507631,1,47034,49,8153
1.8594591840104953,1547709178,10,47168,49,8143,1.862106215684596,1549805039,7,47182,49,8111,1.785617809343997,1558188342,3,47127,49,8131,1.7265563119535623,1553997745,5,47124,49,8101,2.6027948286596305,1543507808,1,46985,49,25
1.5746889621627242,1562388728,9,47560,49,8170,2.451840528291843,1558193621,7,47432,49,8094,2.5742410125199893,1564481082,3,47467,49,8152,1.3936452775498471,1547706239,5,46980,49,8133,3.156218637498173,1549799733,1,47222,49,8120
1.5746889621627242,1562388728,9,47560,49,8170,2.451840528291843,1558193621,7,47432,49,8094,2.5742410125199893,1564481082,3,47467,49,8152,1.5810109124991831,1549804240,6,47055,49,8143,3.156218637498173,1549799733,1,47222,49,8120
2.14198543057794,1551904041,10,47286,49,8128,1.6405729296102614,1545610949,6,47090,49,8154,1.6715878950548002,1551897781,3,47077,49,8132,0,,5,46986,49,8120,3.045452925006362,1549800044,1,47172,49,8112
2.14198543057794,1551904041,10,47286,49,8128,1.6405729296102614,1545610949,6,47090,49,8154,1.6715878950548002,1551897781,3,47077,49,8132,1.55969349898467,1549803981,5,47048,49,8063,3.045452925006362,1549800044,1,47172,49,8112
2.6853115634326117,1560292383,10,47519,49,8138,2.0065302921487507,1551902854,7,47246,49,8051,1.9519709120205895,1556091770,3,47200,49,8156,1.555832805930702,1547706666,5,46982,49,8128,3.0511652095563457,1549799736,1,47172,49,8073
2.6853115634326117,1560292383,10,47519,49,8138,2.0065302921487507,1551902854,7,47246,49,8051,1.9519709120205895,1556091770,3,47200,49,8156,1.5800926281536234,1549802664,4,47056,49,8095,3.0511652095563457,1549799736,1,47172,49,8073
2.013778008690928,1549806248,9,47231,49,8137,2.4165500752215254,1556097403,7,47418,49,8134,2.2767230520849187,1560286651,3,47336,49,8111,1.4725891820984676,1549803413,5,47014,49,8048,3.036069401709035,1549799794,1,47168,49,8111
2.013778008690928,1549806248,9,47231,49,8137,2.4165500752215254,1556097403,7,47418,49,8134,2.2767230520849187,1560286651,3,47336,49,8111,1.7047314315108593,1551901086,5,47106,49,8109,3.036069401709035,1549799794,1,47168,49,8111
2.52252748355088,1558194653,9,47451,49,8118,1.6498542153702913,1545611391,7,47095,49,8102,2.622177257351575,1564480898,3,47493,49,8153,1.8794493853798855,1553997629,4,47169,49,8118,3.152854128375283,1549800064,1,47215,49,8121
2.174521046989732,1554000916,10,47303,49,8113,2.5422070947568,1558194523,7,47474,49,8167,1.8314126910552901,1553995410,3,47150,49,8182,2.067422835094394,1558192415,5,47262,49,8097,2.3405654935077704,1556091604,1,47387,49,8082
2.174521046989732,1554000916,10,47303,49,8113,2.5422070947568,1558194523,7,47474,49,8167,1.8314126910552901,1553995410,3,47150,49,8182,2.030911132998709,1556095581,5,47236,49,8156,2.3405654935077704,1556091604,1,47387,49,8082
1.982974840733437,1549805794,9,47221,49,8136,2.5843306985650814,1558194409,7,47493,49,8117,2.1790102019935307,1558189248,3,47302,49,8097,2.0664041919027762,1558191625,5,47256,49,8124,3.205586276170197,1549798546,1,47234,41,8122
2.4959067486481845,1558195703,10,47441,49,8152,2.250604109561033,1554000155,8,47349,49,8118,2.6302354309727907,1566577887,3,47494,49,0,2.203586156141794,1558190968,4,47319,49,8153,2.331895768916153,1556089800,0,47384,41,8083
1.6114073593944556,1562390140,11,47577,49,8142,2.699176596578841,1560291537,7,47543,49,8118,1.8628255721315234,1547703061,3,47170,49,8163,2.483359422604348,1545609424,5,46920,49,8070,2.318536180917955,1556091295,1,47371,49,8136
1.6114073593944556,1562390140,11,47577,49,8142,2.699176596578841,1560291537,7,47543,49,8118,1.8628255721315234,1547703061,3,47170,49,8163,2.338626711286878,1545608975,4,46867,49,8142,2.318536180917955,1556091295,1,47371,49,8136
1.7326812113046237,1547709720,11,47108,49,8060,2.6711282745987006,1560290984,7,47531,49,8083,2.2183808611792357,1560285822,3,47316,49,8150,2.299462433522816,1560289466,5,47355,49,8119,3.0136311154733564,1547701740,1,47156,49,8100
2.355358369171354,1556098570,11,47379,49,8135,2.287424397171292,1553999396,8,47365,49,8073,2.597699825151892,1564480607,3,47477,49,8142,2.338219640148249,1560288931,5,47375,49,8104,2.8897065107772892,1547701544,1,47107,49,15
2.355358369171354,1556098570,11,47379,49,8135,2.287424397171292,1553999396,8,47365,49,8073,2.597699825151892,1564480607,3,47477,49,8142,2.338219640148249,1560288931,5,47375,49,8104,2.7364077735570747,1545603842,0,47049,41,8162
1.8310037510467208,1547709423,10,47152,49,8171,1.8853605414721113,1549805014,7,47195,49,8101,2.49448104957152,1562383105,3,47433,49,8158,1.791120097306446,1553997806,4,47139,49,8105,3.2707578004325075,1553992333,0,47282,41,8082
1.8310037510467208,1547709423,10,47152,49,8171,1.8853605414721113,1549805014,7,47195,49,8101,2.49448104957152,1562383105,3,47433,49,8158,1.791120097306446,1553997806,4,47139,49,8105,2.2774311808557384,1556089643,0,47365,41,16
2.744876876566027,1560292144,10,47544,49,8135,2.370141771237718,1556096471,7,47402,49,8108,1.6016183124253431,1549800520,3,47051,49,8172,1.7874488473179098,1553997976,4,47135,49,8084,0,1549797987,0,47180,41,8174
1.5873366490613854,1562388529,10,47565,49,8113,2.11760271464226,1551902379,7,47294,49,8085,2.307624702911745,1560285804,3,47361,49,8112,1.7252328088754307,1551900336,4,47105,49,8111,2.855438435495383,1547699710,0,47090,25,8065
1.762462019627844,1547706737,5,47128,49,8106,2.6221715223990723,1560290845,7,47507,49,8085,2.6420670811017892,1564479991,3,47498,49,8153,1.594881720613544,1549803242,4,47059,49,8130,3.2761614409648017,1551895402,0,47293,41,8123
1.762462019627844,1547706737,5,47128,49,8106,2.6221715223990723,1560290845,7,47507,49,8085,2.6420670811017892,1564479991,3,47498,49,8153,1.594881720613544,1549803242,4,47059,49,8130,3.3191049234260293,1553992836,1,47296,41,8126
2.118424378513269,1551901278,5,47278,49,8152,2.0292752944713235,1551902022,7,47256,49,8063,1.8670080046017166,1553995309,3,47169,49,8121,1.536336942691234,1549804665,6,47033,49,8156,2.5336434107555674,1558186972,1,47469,41,8077
2.118424378513269,1551901278,5,47278,49,8152,2.0292752944713235,1551902022,7,47256,49,8063,1.8670080046017166,1553995309,3,47169,49,8121,1.536336942691234,1549804665,6,47033,49,8156,2.5223191511393765,1558186815,0,47476,41,8090
2.5005985126268007,1558195803,11,47442,49,8102,2.732325662672325,1560291394,7,47555,49,8115,2.290694217420579,1560286367,3,47351,49,8124,1.5618368031549128,1549804413,5,47039,49,8136,2.8684894447425098,1547701861,1,47114,41,8110
2.5005985126268007,1558195803,11,47442,49,8102,2.732325662672325,1560291394,7,47555,49,8115,2.290694217420579,1560286367,3,47351,49,8124,1.5618368031549128,1549804413,5,47039,49,8136,2.902660898148796,1547702399,1,47115,49,8125
1.7923469080088155,1547706734,5,47138,49,8071,2.3209805232794043,1556097054,7,47380,49,8105,1.6103902800236825,1551897162,3,47053,49,8120,1.5680565044164345,1549802903,4,47050,49,8142,2.12035940845225,1551896775,1,47297,49,8054
1.7923469080088155,1547706734,5,47138,49,8071,2.3209805232794043,1556097054,7,47380,49,8105,1.6103902800236825,1551897162,3,47053,49,8120,1.5680565044164345,1549802903,4,47050,49,8142,2.1144445276493053,1553994082,1,47291,49,8080
2.29905722466373,1554001309,10,47354,49,8141,1.9346240356550992,1549804916,6,47215,49,8102,2.1544286333845104,1558189271,3,47294,49,8169,1.5605095495625838,1549803868,5,47044,49,8121,2.4511286035573794,1558186795,0,47438,41,8187
2.29905722466373,1554001309,10,47354,49,8141,1.9346240356550992,1549804916,6,47215,49,8102,2.1544286333845104,1558189271,3,47294,49,8169,1.5605095495625838,1549803868,5,47044,49,8121,2.419918355114441,1558187120,1,47424,41,8162
1.700857545279456,1545612119,9,47099,49,8152,1.6430210463260435,1545611197,7,47090,49,8090,1.5665304439475833,1549801396,3,47042,49,8108,1.4220003395409453,1549803721,5,46986,49,8095,2.7365100229272827,1545603991,0,47047,41,8082
1.700857545279456,1545612119,9,47099,49,8152,1.6430210463260435,1545611197,7,47090,49,8090,1.5665304439475833,1549801396,3,47042,49,108,1.4220003395409453,1549803721,5,46986,49,8095,2.620948387124653,1560286061,2,47516,49,8138
2.387180181289791,1556098110,9,47394,49,8054,2.7095806554247788,1560290428,6,47545,49,8088,2.126889621570729,1558189883,3,47284,49,8133,2.340974480201948,1545608623,4,46864,49,8144,2.8637995678986305,1545603872,0,47103,41,8125
2.012655254695072,1551902923,9,47234,49,8071,2.6033022346733614,1560291438,7,47499,49,8095,2.5777077611824724,1564480773,3,47472,49,8134,1.997252751783931,1556095221,4,47226,49,8111,2.9868077738981964,1549798918,1,47145,49,8130
2.3225160356199765,1556098241,10,47364,49,8109,2.590552297937413,1558193535,7,47496,49,8076,2.353728175232339,1560286516,3,47372,49,8132,1.8467074251077178,1553998377,5,47166,49,8086,3.1340870680562523,1551896957,2,47213,49,8127
0,1553999962,8,47328,49,8134,2.590552297937413,1558193535,7,47496,49,8076,2.353728175232339,1560286516,3,47372,49,8132,1.8467074251077178,1553998377,5,47166,49,8086,3.1340870680562523,1551896957,2,47213,49,8127
2.3085429900668815,1554001350,11,47357,49,8104,2.451533795469111,1558193413,7,47435,49,8138,1.5458264799107306,1549801748,3,47029,49,8190,1.4200634236039362,1547707191,5,46981,49,1,3.153465671469341,1551895287,1,47223,41,8102
0,1556098416,10,47362,49,8157,2.451533795469111,1558193413,7,47435,49,8138,1.5458264799107306,1549801748,3,47029,49,8190,1.4200634236039362,1547707191,5,46981,49,1,3.153465671469341,1551895287,1,47223,41,8102
2.359131850580157,1556098614,10,47381,49,13,2.16839604865616,1553998597,6,47315,49,8115,1.8914873301154354,1556091996,3,47176,49,8152,2.1810456327539804,1558192341,5,47307,49,8050,3.1817184843614226,1549799952,2,47234,49,8159
0,1556097862,9,47378,49,8148,2.16839604865616,1553998597,6,47315,49,8115,1.8914873301154354,1556091996,3,47176,49,8152,2.1810456327539804,1558192341,5,47307,49,8050,3.1817184843614226,1549799952,2,47234,49,8159
2.399318554599782,1556097968,9,47395,49,8118,2.0082646123021797,1551901601,7,47245,49,8057,2.3408760052597524,1560286865,3,47370,49,8189,1.8051953845185384,1553997884,5,47144,49,8142,3.1759039530891577,1551896501,1,47235,49,8147
0,1556097969,10,47377,49,8098,2.0082646123021797,1551901601,7,47245,49,8057,2.3408760052597524,1560286865,3,47370,49,8189,1.8051953845185384,1553997884,5,47144,49,8142,3.1759039530891577,1551896501,1,47235,49,8147
2.384324981537695,1556097059,9,47392,49,8126,1.8993335887298834,1549804818,6,47201,49,8083,1.6168147578940413,1551897469,3,47061,49,8166,2.613810466312696,1547706451,4,46976,49,8161,3.1829415954664015,1551896594,1,47238,49,8147
2.539662445076647,1558195413,10,47461,49,8151,2.0034706113642695,1551901827,7,47244,49,8081,2.195329132190631,1558189252,3,47309,49,8137,2.175844552240859,1558191130,3,47302,49,8084,3.1773334500248858,1549799883,1,47229,49,8071
0,1560292565,10,47503,49,8100,2.0034706113642695,1551901827,7,47244,49,8081,2.195329132190631,1558189252,3,47309,49,8137,2.175844552240859,1558191130,3,47302,49,8084,3.1773334500248858,1549799883,1,47229,49,8071
0,1547710195,11,47120,49,8095,2.188590690747764,1553998977,6,47325,49,8078,1.5375638293835607,1549801055,3,47030,49,8150,1.7343096285042194,1551900481,4,47111,49,8123,3.0102646986616723,1547702151,1,47163,49,8080
0,1551904570,11,47255,49,8181,1.6553620153639226,1545610953,7,47097,49,8151,2.2019596939327664,1560286159,3,47308,49,8158,1.5907011837195717,1549803172,4,47047,49,8133,2.8756330854371583,1547701219,0,47100,41,8076
2.214401021035223,1554001775,11,47322,49,8147,2.5987127193583097,1558192783,7,47496,49,8068,2.410743124936382,1562384022,3,47397,49,8148,2.0478416254969805,1556094338,4,47245,49,8056,2.721007144155742,1543507910,1,47040,49,8139
0,1556097968,10,47384,49,8112,2.5987127193583097,1558192783,7,47496,49,8068,2.410743124936382,1562384022,3,47397,49,8148,2.0478416254969805,1556094338,4,47245,49,8056,2.721007144155742,1543507910,1,47040,49,8139
2.49427466387144,1558194709,9,47442,49,8159,1.5826397194567612,1545609506,5,47066,49,8150,1.6780121373434742,1545606073,3,47085,49,8106,1.6760697047795075,1551901052,5,47090,49,8123,2.60901641475232,1560284008,0,47506,41,8134
1.7396147748737212,1547709306,10,47121,49,8134,2.1389201247084757,1551901739,6,47300,49,11,2.3639277410470636,1562382575,2,47376,49,8144,1.5898851426190446,1549802791,4,47047,49,8130,2.3356692281263944,1556089600,0,47394,41,8111
1.7207473341743043,1547708231,9,47106,49,8162,1.8438484960307777,1547707553,7,47177,49,8103,1.5123725838048245,1560285623,2,47525,49,8087,2.138821657811917,1558191558,4,47281,49,8045,2.16268750416758,1553993317,1,47314,49,8082
0,1547710189,11,47146,49,2,1.8438484960307777,1547707553,7,47177,49,8103,1.5123725838048245,1560285623,2,47525,49,8087,2.138821657811917,1558191558,4,47281,49,8045,2.16268750416758,1553993317,1,47314,49,8082
0,1549806953,10,47200,49,8105,1.9374792381267918,1549804796,6,47219,49,8089,2.0602885412518126,1556091081,2,47249,49,8111,1.8545611184944661,1553997912,4,47164,49,8115,3.1698868351251526,1549799590,1,47231,49,8103
2.0228548149464936,1551903158,9,47240,49,8157,2.0745608274924443,1551901941,6,47275,49,8131,2.6464521122705404,1564480001,3,47502,49,8142,1.5633647551836467,1549803557,4,47043,49,8148,2.9696709225182865,1547702496,1,47146,49,8142
0,1551904004,10,47245,49,8175,2.0745608274924443,1551901941,6,47275,49,8131,2.6464521122705404,1564480001,3,47502,49,8142,1.5633647551836467,1549803557,4,47043,49,8148,2.9696709225182865,1547702496,1,47146,49,8142
2.091905887101349,1551902497,9,47265,49,8135,2.2787546761974036,1553999075,7,47361,49,8102,2.0746705429504377,1558188963,3,47252,49,8117,2.352090442123677,1545609217,5,46870,49,8128,2.7216186931710302,1543506695,0,47042,41,8093
0,1551899914,4,47274,49,8070,2.2787546761974036,1553999075,7,47361,49,8102,2.0746705429504377,1558188963,3,47252,49,8117,2.352090442123677,1545609217,5,46870,49,8128,2.7216186931710302,1543506695,0,47042,41,8093
2.4659215100330494,1558194024,9,47422,49,8110,1.7234947873186006,1547706914,6,47125,49,8093,2.5058014865920257,1562383357,3,47441,49,8126,2.3258767843769887,1545608623,4,46863,49,8126,3.0970622868319975,1549797521,0,47201,33,8106
2.4659215100330494,1558194024,9,47422,49,8110,0,1553999750,8,47363,49,8109,2.5058014865920257,1562383357,3,47441,49,8126,2.3258767843769887,1545608623,4,46863,49,8126,2.7060135700566064,1543505644,0,47035,25,8130
2.252853402759344,1554000326,9,47335,49,8089,2.3851353510692017,1556096163,6,47403,49,8117,2.4046237663896437,1562382850,2,47391,49,8153,2.5142629424735126,1547706003,4,46936,49,8073,2.804539108697605,1545604596,1,47085,49,8050
2.252853402759344,1554000326,9,47335,49,8089,0,1558193109,6,47491,49,8045,2.4046237663896437,1562382850,2,47391,49,8153,2.5142629424735126,1547706003,4,46936,49,8073,2.804539108697605,1545604596,1,47085,49,8050
2.620545178968702,1558194205,9,47490,49,8097,1.8132498201524623,1547708284,7,47162,49,8116,1.9533985214649388,1549799906,3,47199,49,8173,1.6038567347929458,1551901146,5,47062,49,8120,3.2588258199645463,1551897638,2,47271,49,8102
2.620545178968702,1558194205,9,47490,49,8097,0,1551902616,7,47247,49,8080,1.9533985214649388,1549799906,3,47199,49,8173,1.6038567347929458,1551901146,5,47062,49,8120,3.2588258199645463,1551897638,2,47271,49,8102
1.6859662200957197,1545609540,5,47093,49,8125,0,1554000069,8,47365,49,8139,2.241023637764254,1564480240,3,47323,49,8089,2.278654341498928,1560289836,6,47350,49,8115,2.7222302418879467,1543509079,2,47044,49,8124
1.9367710216540708,1549806551,10,47202,49,8121,2.3413796616205973,1556097320,7,47384,49,8099,2.4711225859138555,1556091393,2,47427,49,8130,1.6359852614070944,1551901477,5,47075,49,8155,3.1668271557444063,1549799539,1,47229,49,8125
1.8490551472637113,1547709645,10,47166,49,8157,2.1918548627083787,1553999977,7,47322,49,8085,2.4649009838430844,1556091725,2,47424,49,8131,1.8218210234093737,1553998486,5,47149,49,8136,3.2262902186991655,1551896941,1,47254,49,8116
1.8490551472637113,1547709645,10,47166,49,8157,0,1545611333,7,47087,49,8122,2.4649009838430844,1556091725,2,47424,49,8131,1.8218210234093737,1553998486,5,47149,49,8136,3.2262902186991655,1551896941,1,47254,49,8116
1.601309694732241,1562390160,10,47571,49,8129,1.719823547500354,1547707027,6,47118,49,8107,1.7115682818270088,1545606009,3,47098,49,8110,2.53802848227622,1547706556,5,46943,49,8148,2.631558857720919,1560285835,1,47509,49,8136
1.601309694732241,1562390160,10,47571,49,8129,0,1549805438,7,47216,49,8090,1.7115682818270088,1545606009,3,47098,49,8110,2.53802848227622,1547706556,5,46943,49,8148,2.631558857720919,1560285835,1,47509,49,8136
2.1624849219674287,1551904104,11,47301,49,8149,2.0719101166512894,1551902156,7,47266,49,8094,1.8133594487346085,1553994346,3,47140,49,8161,1.6904516954596516,1551901276,5,47093,49,8105,2.795361939301946,1545603936,0,47071,41,8130
2.1624849219674287,1551904104,11,47301,49,8149,0,1553999510,6,47342,49,8108,1.8133594487346085,1553994346,3,47140,49,8161,1.6904516954596516,1551901276,5,47093,49,8105,2.795361939301946,1545603936,0,47071,41,8130
2.7546674641452435,1560292292,10,47550,49,8113,0,1558193818,7,47476,49,8122,1.8896507820599455,1553995142,3,47176,49,8136,1.9063749715653298,1553996480,3,47184,49,8117,2.712339344412904,1543507715,1,47029,49,8125
0,1562389486,10,47557,49,8116,1.8680211112546166,1549804765,7,47185,49,8063,2.1860478503791874,1558189655,3,47302,49,8165,2.4717322636894323,1545609334,4,46913,49,8134,2.712339344412904,1543507715,1,47029,49,8125
2.0955771332755417,1551904443,11,47268,49,8083,2.510078572836195,1558193709,6,47458,49,8131,2.5519049710646513,1564481183,3,47453,49,8189,1.8038700156176475,1553997464,4,47141,49,8089,2.712339344412904,1543507715,1,47029,49,8125
2.0955771332755417,1551904443,11,47268,49,8083,2.510078572836195,1558193709,6,47458,49,8131,2.5519049710646513,1564481183,3,47453,49,8189,1.8038700156176475,1553997464,4,47141,49,8089,2.712339344412904,1543507715,1,47029,49,8125
2.469388262425603,1558195184,10,47427,49,8067,2.5326190908465755,1558194244,7,47469,49,8097,2.0849723458977634,1558188692,3,47255,49,8152,1.7203365786378286,1551902112,6,47104,49,8123,2.712339344412904,1543507715,1,47029,49,8125
2.469388262425603,1558195184,10,47427,49,8067,2.5326190908465755,1558194244,7,47469,49,8097,2.0849723458977634,1558188692,3,47255,49,8152,1.7203365786378286,1551902112,6,47104,49,8123,2.712339344412904,1543507715,1,47029,49,8125
1.869658749357576,1547708986,10,47171,49,8158,2.260599196609598,1553999884,7,47352,49,8101,1.9971523614371858,1556091699,3,47228,49,8176,1.4225096681382692,1549803611,5,46984,49,8101,2.712339344412904,1543507715,1,47029,49,8125
1.869658749357576,1547708986,10,47171,49,8158,2.260599196609598,1553999884,7,47352,49,8101,1.9971523614371858,1556091699,3,47228,49,8176,1.4225096681382692,1549803611,5,46984,49,8101,2.712339344412904,1543507715,1,47029,49,8125
2.303442265280612,1554001058,11,47358,49,8141,2.458062136816806,1556096205,7,47432,49,8098,2.084358916364061,1558189599,3,47261,49,8143,1.5835612985771432,1549804387,5,47045,49,8169,2.712339344412904,1543507715,1,47029,49,8125
2.303442265280612,1554001058,11,47358,49,8141,2.458062136816806,1556096205,7,47432,49,8098,2.084358916364061,1558189599,3,47261,49,8143,1.5835612985771432,1549804387,5,47045,49,8169,2.712339344412904,1543507715,1,47029,49,8125
2.646859181371625,1560291176,9,47503,49,8103,2.3060892103414545,1556096483,7,47370,49,8183,1.9980706391271206,1549799935,2,47227,49,8147,2.46826361190782,1545610151,5,46915,49,8115,2.88562817075753,1545605864,1,47106,49,8153
2.5905580360341522,1558195488,10,47479,49,8065,2.0315189465290286,1551902532,7,47254,49,8117,1.9209632734316715,1549800061,3,47191,49,18,1.733698060663263,1551900689,5,47109,49,8134,2.388403277904345,1556091140,1,47406,49,8136
2.5905580360341522,1558195488,10,47479,49,8065,2.0315189465290286,1551902532,7,47254,49,8117,1.9209632734316715,1549800061,3,47191,49,18,1.733698060663263,1551900689,5,47109,49,8134,2.1754374287626557,1553993803,1,47318,49,8109
2.2802901776860995,1553999820,9,47345,49,8112,2.2324486304519873,1553998841,6,47340,49,8045,1.7213589030190097,1551897579,3,47108,49,8097,1.6940207050071832,1551901336,5,47101,49,8154,2.555265644147237,1560285035,1,47482,49,8088
2.2802901776860995,1553999820,9,47345,49,8112,2.2324486304519873,1553998841,6,47340,49,8045,1.7213589030190097,1551897579,3,47108,49,8097,1.6940207050071832,1551901336,5,47101,49,8154,2.359027694166973,1556090710,1,47398,49,8117
2.132295190013374,1551904320,11,47284,49,8112,2.1683960574174503,1553999738,7,47312,49,8094,2.383103755225308,1562382613,3,47380,49,8182,1.7708232043510355,1553998812,5,47132,49,8144,2.7237620088800263,1543507807,1,47038,49,8142
2.132295190013374,1551904320,11,47284,49,8112,2.1683960574174503,1553999738,7,47312,49,8094,2.383103755225308,1562382613,3,47380,49,8182,1.7708232043510355,1553998812,5,47132,49,8144,2.511407705260415,1558188089,1,47464,49,8104
2.0461091499603765,1551903826,9,47251,49,8158,2.1292298878740805,1551902856,7,47296,49,8125,0,1549799829,3,47226,49,8063,1.9209614368160557,1556095318,5,47188,49,8097,2.8850147300421685,1547702043,1,47113,49,8095
2.0461091499603765,1551903826,9,47251,49,8158,2.1292298878740805,1551902856,7,47296,49,8125,1.99654079768608,1549799829,3,47226,49,8063,1.9209614368160557,1556095318,5,47188,49,8097,2.7552789966552123,1543507277,1,47049,41,5
2.090885367429766,1551904200,10,47268,49,8126,2.1805344255753067,1553999782,7,47313,49,8078,1.6846426787341284,1545605519,3,47084,49,8157,2.167788262850134,1558193497,6,47296,49,8184,3.0231149719324004,1549799381,1,47175,49,8159
2.090885367429766,1551904200,10,47268,49,8126,2.1805344255753067,1553999782,7,47313,49,8078,1.6846426787341284,1545605519,3,47084,49,8157,2.167788262850134,1558193497,6,47296,49,8184,2.834732589044368,1545605345,1,47086,49,8169
0,1554000695,10,47303,49,8068,2.0933278775660478,1551902594,7,47281,49,8094,2.6155485944226275,1558188747,2,47483,49,8183,2.294359801839171,1560290330,6,47367,49,8118,3.1628491902982674,1549799361,1,47229,49,8139
2.1729912043802466,1554000695,10,47303,49,8068,2.0933278775660478,1551902594,7,47281,49,8094,2.6155485944226275,1558188747,2,47483,49,8183,2.294359801839171,1560290330,6,47367,49,8118,2.9291793860406927,1547702699,2,47128,49,8140
2.3447498370376576,1556098163,10,47379,49,8101,2.0268271825504125,1551901829,6,47253,49,8069,2.4322650251577937,1562382802,2,47400,49,8153,1.3806946541066285,1547707756,6,46957,49,8143,3.2793290977264298,1551896235,1,47271,49,8117
2.3447498370376576,1556098163,10,47379,49,8101,2.0268271825504125,1551901829,6,47253,49,8069,2.4322650251577937,1562382802,2,47400,49,8153,1.3806946541066285,1547707756,6,46957,49,8143,3.014549379293176,1547702887,1,47163,49,8134
2.6133030454117594,1558194530,9,47490,49,8108,1.7771433326008697,1547707192,6,47149,49,8093,1.8482409599700045,1553994246,3,47158,49,8144,1.5500051604745897,1549804189,5,47033,49,8123,3.2307774914889587,1551897038,1,47259,49,8171
2.6133030454117594,1558194530,9,47490,49,8108,1.7771433326008697,1547707192,6,47149,49,8093,1.8482409599700045,1553994246,3,47158,49,8144,1.5500051604745897,1549804189,5,47033,49,8123,2.847887718119023,1545605464,1,47101,49,8077
1.7187063183368543,1547708339,9,47109,49,8168,2.763740408560311,1562388044,7,47564,49,8129,2.5397665965024276,1558188298,3,47450,49,8155,1.5729527567425832,1549804408,6,47048,49,8188,3.0616695884723484,1549799749,1,47189,49,8140
1.7187063183368543,1547708339,9,47109,49,8168,2.763740408560311,1562388044,7,47564,49,8129,2.5397665965024276,1558188298,3,47450,49,8155,1.5729527567425832,1549804408,6,47048,49,8188,2.6543038685434897,1560285464,1,47519,49,8145
2.0514124740778574,1551900356,5,47255,49,8126,2.5156886177986273,1558193891,7,47460,49,8133,1.9000548188843613,1553994221,2,47178,49,8135,1.3779398122907458,1547707775,6,46960,49,8132,2.8562544734889594,1545605037,1,47091,49,8121
2.0514124740778574,1551900356,5,47255,49,8126,2.5156886177986273,1558193891,7,47460,49,8133,1.9000548188843613,1553994221,2,47178,49,8135,1.3779398122907458,1547707775,6,46960,49,8132,2.8562544734889594,1545605037,1,47091,49,8121
2.175846405621328,1554001043,10,47307,49,8065,1.7021773946708725,1547707847,7,47116,49,8119,2.073752268063025,1558189137,3,47251,49,11,2.330367846712146,1560289097,4,47366,49,8124,2.0802768319270317,1551895466,0,47275,41,8102
2.175846405621328,1554001043,10,47307,49,8065,1.7021773946708725,1547707847,7,47116,49,8119,2.073752268063025,1558189137,3,47251,49,11,2.330367846712146,1560289097,4,47366,49,8124,2.1213799277336576,1551897244,2,47296,49,13
1.6950430375198768,1547708655,9,47101,49,8151,1.8508861434668955,1549804171,6,47178,49,8128,1.5696923695023266,1543509196,3,47041,49,8128,2.0447819368413773,1558190685,3,47246,49,8110,2.245304539345798,1553994241,2,47345,49,8080
1.6950430375198768,1547708655,9,47101,49,8151,1.8508861434668955,1549804171,6,47178,49,8128,1.5696923695023266,1543509196,3,47041,49,8128,2.0447819368413773,1558190685,3,47246,49,8110,2.998330807508035,1549799313,1,47162,49,8130
1.9399329403317438,1549807516,11,47204,49,8173,2.2007290662577215,1554000439,7,47324,49,8120,1.860377459781929,1553994766,3,47167,49,8158,1.63292556970549,1551900495,4,47076,49,8121,3.0443320316195908,1553991150,0,47175,25,8052
1.9399329403317438,1549807516,11,47204,49,8173,2.2007290662577215,1554000439,7,47324,49,8120,1.860377459781929,1553994766,3,47167,49,8158,1.63292556970549,1551900495,4,47076,49,8121,3.0443320316195908,1553991150,0,47175,25,8052
1.8929130822517442,1549807208,10,47185,49,8177,1.7014635924203114,1547707951,7,47115,49,8160,1.9386094311057191,1556092169,2,47192,49,8129,1.4320957725394365,1547705778,4,46997,49,8137,3.0443320316195908,1553991150,0,47175,25,8052
1.8881190830291343,1549805873,9,47184,49,8134,2.6160521769621927,1560289859,6,47500,49,8110,2.1874754534580907,1558189600,3,47303,49,8132,1.4197567047630986,1547706576,5,46982,49,8130,2.770679627600791,1545605118,1,47058,49,8038
1.801933052320942,1547710630,12,47149,49,8131,2.186653782700157,1553999227,7,47318,49,8056,1.9222904997404895,1553995098,3,47183,49,8173,2.495904863813332,1547706248,5,46927,49,8155,3.0192373556132264,1549798282,1,47181,41,8147
1.801933052320942,1547710630,12,47149,49,8131,2.186653782700157,1553999227,7,47318,49,8056,1.9222904997404895,1553995098,3,47183,49,8173,2.495904863813332,1547706248,5,46927,49,8155,2.7960757380387617,1545604682,1,47073,49,8073
1.6515940404839724,1562389162,9,47591,49,8135,1.7232903190736386,1547706975,6,47125,49,8106,1.836818262754912,1553995619,3,47149,49,2,2.4646946143941335,1545609948,5,46913,49,8092,3.1266423478358236,1549798154,1,47208,41,8135
1.6515940404839724,1562389162,9,47591,49,8135,1.7232903190736386,1547706975,6,47125,49,8106,1.836818262754912,1553995619,3,47149,49,2,2.4646946143941335,1545609948,5,46913,49,8092,2.905620214120552,1547700819,0,47111,41,8094
2.6593023800039624,1560292546,10,47511,49,8158,2.5546502998009637,1558194381,7,47478,49,8098,2.6292149075884326,1566578091,3,47492,49,8144,2.442561159146889,1545609850,5,46906,49,8111,3.1342858361018444,1551895099,1,47237,41,8067
2.51620363657803,1558195748,10,47450,49,8098,2.189101904692686,1554000256,7,47318,49,8093,2.443994433165359,1562383888,3,47404,49,8158,2.468570334801345,1545608743,4,46915,49,8140,3.162033149124064,1551895464,1,47229,41,8182
2.51620363657803,1558195748,10,47450,49,8098,2.189101904692686,1554000256,7,47318,49,8093,2.443994433165359,1562383888,3,47404,49,8158,2.468570334801345,1545608743,4,46915,49,8140,3.0185235570398543,1549798865,1,47180,49,8109
2.468674460269329,1558195212,10,47428,49,8179,1.923710678609543,1549805640,7,47208,49,8044,2.362397904785281,1545606735,3,46860,49,8119,2.504265946346029,1547706954,4,46941,49,8141,2.1895127141395054,1553992611,1,47324,41,8141
2.468674460269329,1558195212,10,47428,49,8179,1.923710678609543,1549805640,7,47208,49,8044,2.362397904785281,1545606735,3,46860,49,8119,2.504265946346029,1547706954,4,46941,49,8141,3.1765174005071297,1549797920,1,47233,41,8121
2.3911581425629516,1556097924,9,47396,49,8084,2.780466914090683,1545610078,6,47064,49,8112,1.894547018775945,1553995710,3,47175,49,8143,1.41996118253485,1547707140,5,46982,49,8130,2.268354377230395,1556089705,1,47361,49,8103
0,1556097924,9,47396,49,8084,2.780466914090683,1545610078,6,47064,49,8112,1.894547018775945,1553995710,3,47175,49,8143,1.41996118253485,1547707140,5,46982,49,8130,3.2781021681174756,1553992155,0,47285,41,8105
2.2512213197984186,1554000585,9,47336,49,8139,2.4870287430345943,1558194113,7,47445,49,8101,2.374025070198221,1560287027,3,47378,49,8182,1.5638759568864031,1549804174,5,47043,49,8107,2.5306840541360636,1558186781,1,47477,41,8144
2.2512213197984186,1554000585,9,47336,49,8139,2.4870287430345943,1558194113,7,47445,49,8101,2.374025070198221,1560287027,3,47378,49,8182,1.5638759568864031,1549804174,5,47043,49,8107,2.257442905582017,1556089841,1,47348,41,8106
1.8724117162879057,1549806943,10,47179,49,8130,2.052020308549162,1551902776,7,47262,49,8112,1.8381436336716348,1553996464,3,47152,49,8158,1.6970803839592314,1551901282,5,47105,49,8140,2.698466617827345,1543506682,1,47032,41,8118
1.8724117162879057,1549806943,10,47179,49,8130,2.052020308549162,1551902776,7,47262,49,8112,1.8381436336716348,1553996464,3,47152,49,8158,1.6970803839592314,1551901282,5,47105,49,8140,2.516303951611414,1558186667,0,47466,41,8142
2.606469888772345,1558195061,10,47486,49,10,1.6868789800318928,1545610934,7,47106,49,8080,2.6642005480656015,1549801438,3,46989,49,8152,1.8907698337214283,1553996913,4,47182,49,8143,2.9926185174897597,1547701661,1,47164,49,8153
2.606469888772345,1558195061,10,47486,49,10,1.6868789800318928,1545610934,7,47106,49,8080,2.6642005480656015,1549801438,3,46989,49,8152,1.8907698337214283,1553996913,4,47182,49,8143,2.7860768953789883,1547701025,1,47085,41,8108
1.9530899473143808,1549804655,6,47212,49,8104,2.487844784701042,1558194272,7,47445,49,8141,2.478671443376073,1562385027,3,47424,49,8135,2.1619737362342755,1558192568,5,47299,49,8151,3.30992779066153,1551894059,0,47285,25,8119
1.9530899473143808,1549804655,6,47212,49,8104,2.487844784701042,1558194272,7,47445,49,8141,2.478671443376073,1562385027,3,47424,49,8135,2.1619737362342755,1558192568,5,47299,49,8151,3.2377128856275172,1551894234,0,47265,25,8028
2.3084407454714952,1556097497,9,47360,49,8135,2.012956379121432,1551901865,7,47245,49,8111,2.2779461787359203,1560287492,3,47336,49,8162,2.4302201951147153,1545609346,4,46901,49,8127,2.4294041153220727,1558187007,1,47430,41,8086
2.3084407454714952,1556097497,9,47360,49,8135,2.012956379121432,1551901865,7,47245,49,8111,2.2779461787359203,1560287492,3,47336,49,8162,2.4302201951147153,1545609346,4,46901,49,8127,2.3516852195918196,1558186579,1,47392,41,8141
2.398909582690484,1556097700,9,47401,49,8157,2.701829223948979,1560291390,7,47539,49,8142,2.1022095589182426,1558190025,3,47259,49,8110,1.5813176494427001,1549803332,4,47048,49,8123,2.882977439970671,1547700765,1,47103,41,8117
2.398909582690484,1556097700,9,47401,49,8157,2.701829223948979,1560291390,7,47539,49,8142,2.1022095589182426,1558190025,3,47259,49,8110,1.5813176494427001,1549803332,4,47048,49,8123,2.833611699339775,1545603675,1,47083,41,8182
2.329246950749547,1556097922,9,47372,49,8102,2.143407409263468,1551901916,7,47302,49,8126,1.9779782288495877,1556093571,4,47213,49,8173,1.8855668843145241,1556094942,4,47185,49,8182,3.2249648588354307,1551895254,1,47254,41,8090
2.4507234510614326,1556098988,11,47421,49,8139,2.07762051363278,1551902421,7,47275,49,8091,2.1780919288521714,1558190302,3,47299,49,8182,1.4698343418955704,1549803974,4,47013,49,8126,2.4604117856436907,1558186703,1,47438,41,8106
1.7842887502709075,1547706765,5,47139,49,8167,2.033864824113753,1551902966,8,47256,49,8062,1.7783757010819305,1553995879,3,47122,49,8130,2.6068750570403476,1547706911,5,46977,49,8139,3.0097534816006886,1547700997,1,47172,41,8113
1.7842887502709075,1547706765,5,47139,49,8167,0,1551902966,8,47256,49,8062,0,1553995879,3,47122,49,8130,2.6068750570403476,1547706911,5,46977,49,8139,2.9502923095258904,1547701059,1,47139,41,8165
2.619422400428806,1560292549,10,47495,49,8133,2.602179460322557,1560290308,7,47500,49,8093,1.6795419846607684,1551898984,4,47083,49,28,1.7375737728500482,1551900627,5,47116,49,8078,2.28283863058809,1556089639,1,47363,41,8114
2.619422400428806,1560292549,10,47495,49,8133,2.602179460322557,1560290308,7,47500,49,8093,1.6795419846607684,1551898984,4,47083,49,28,1.7375737728500482,1551900627,5,47116,49,8078,2.177883656430237,1556089326,1,47328,41,8165
2.4755076156171185,1558195183,10,47434,49,8144,2.423994788008026,1556096882,7,47423,49,8084,1.768176137212426,1553995659,3,47118,49,8168,2.440419759866484,1545610105,5,46905,49,8112,2.177883656430237,1556089326,1,47328,41,8165
2.4755076156171185,1558195183,10,47434,49,8144,2.423994788008026,1556096882,7,47423,49,8084,1.768176137212426,1553995659,3,47118,49,8168,2.440419759866484,1545610105,5,46905,49,8112,2.177883656430237,1556089326,1,47328,41,8165
1.7242141174072763,1547709162,9,47112,49,8128,2.385033104581905,1556095737,5,47405,49,8168,2.636458946587137,1564480919,3,47485,49,8131,0,1560290054,6,47367,49,8123,2.966408637224269,1547701580,1,47141,49,8096
0,1549806921,10,47199,49,8127,2.385033104581905,1556095737,5,47405,49,8168,2.636458946587137,1564480919,3,47485,49,8131,2.3312861249100276,1560290054,6,47367,49,8123,3.2301659323280925,1551896278,1,47259,49,8128
2.041826340411522,1551904036,10,47246,49,8165,2.192568658776358,1553999578,7,47324,49,8147,1.6798486863522826,1551898043,3,47080,49,8144,2.1526924528932954,1558192540,4,47294,49,8180,2.9709962739593214,1547700596,0,47152,41,9
1.6545514891971955,1545613171,11,47083,49,8154,1.678820829352307,1545611355,7,47104,49,8102,2.5020280146692127,1562383521,3,47434,49,8161,1.4158809791484486,1547706787,5,46982,49,8112,2.9709962739593214,1547700596,0,47152,41,9
1.6545514891971955,1545613171,11,47083,49,8154,1.678820829352307,1545611355,7,47104,49,8102,2.5020280146692127,1562383521,3,47434,49,8161,1.4158809791484486,1547706787,5,46982,49,8112,2.247139207523761,1553992700,1,47353,49,8118
2.7680289483039155,1562389737,10,47558,49,8173,2.7691459678339596,1562387635,6,47566,49,8123,2.447970505064938,1562384313,3,47412,49,8153,2.333120796715102,1560289606,6,47373,49,8133,2.816168142186588,1545603551,0,47086,41,8109
2.7680289483039155,1562389737,10,47558,49,8173,2.7691459678339596,1562387635,6,47566,49,8123,2.447970505064938,1562384313,3,47412,49,8153,2.333120796715102,1560289606,6,47373,49,8133,2.851765312558042,1547699667,0,47097,25,8134
1.589682528273882,1562389833,10,47567,49,8127,1.6836148269017874,1545611164,8,47105,49,8153,2.5339539666845674,1545606205,3,46929,49,8168,1.9931725530408517,1556095818,5,47226,49,8093,0,1556089391,0,47388,41,8087
2.3219044737124355,1556098300,10,47364,49,8064,2.153709216101438,1551902039,7,47304,49,8114,2.3066060750517696,1560286626,3,47350,49,8114,1.8792449035043528,1553998082,4,47175,49,8111,2.418390414206401,1558186995,1,47418,41,8138
2.3219044737124355,1556098300,10,47364,49,8064,2.153709216101438,1551902039,7,47304,49,8114,2.3066060750517696,1560286626,3,47350,49,8114,2.4583707654854074,1545608203,3,46913,49,8117,2.418390414206401,1558186995,1,47418,41,8138
2.6777626904792733,1560291999,10,47523,49,8157,2.1614606571635235,1553998676,7,47308,49,8049,2.140150747476626,1558190152,3,47278,49,8177,2.0017400367643967,1556094559,4,47230,49,8089,2.7714941682003786,1545604016,1,47068,41,8125
2.6777626904792733,1560291999,10,47523,49,8157,2.1614606571635235,1553998676,7,47308,49,8049,2.140150747476626,1558190152,3,47278,49,8177,1.7152358630935136,1551900219,4,47111,49,8123,2.7714941682003786,1545604016,1,47068,41,8125
2.1777852045714656,1554001071,10,47305,49,8146,2.618091322833307,1560290679,7,47503,49,8113,2.0245910020081563,1556091861,3,47227,49,8066,2.490601543072875,1545609000,5,46925,49,8131,2.381568213445122,1556090410,1,47411,49,8086
2.4153307499688697,1556096934,9,47408,49,8116,1.9424777258584678,1549804071,6,47215,49,8115,2.348322618530706,1560286553,3,47365,49,8153,1.4324024936330184,1549805041,6,46996,49,8086,2.4100255227494842,1556089901,1,47416,41,8090
2.739878375730931,1560292582,10,47546,49,8120,1.9893953367594985,1549804714,6,47235,49,8120,2.065082547820552,1558189101,3,47246,49,8158,2.4914156761095625,1545610048,6,46933,49,8166,3.2442431288569225,1551896573,1,47253,49,8105
2.739878375730931,1560292582,10,47546,49,8120,1.9893953367594985,1549804714,6,47235,49,8120,2.065082547820552,1558189101,3,47246,49,8158,2.4914156761095625,1545610048,6,46933,49,8166,2.2816136304431383,1553993948,1,47363,49,8098
2.576380499984092,1558195975,11,47477,49,8168,2.494473450961361,1558194085,7,47451,49,8173,1.511149470280245,1566577728,2,47517,49,8162,1.8848549416946545,1553998175,4,47176,49,8132,2.2816136304431383,1553993948,1,47363,49,8098
0,1562386670,5,47586,49,8111,2.494473450961361,1558194085,7,47451,49,8173,1.511149470280245,1566577728,2,47517,49,8162,1.8848549416946545,1553998175,4,47176,49,8132,2.16248302442142,1556090242,1,47315,49,8147
1.8472204451883911,1547710098,11,47162,49,2,2.596978397927844,1558192701,6,47494,49,8117,1.489832057736293,1566578615,3,47510,49,8132,1.5783583118841105,1551901138,5,47053,49,8170,2.921427947504285,1547702039,1,47122,49,8118
1.8472204451883911,1547710098,11,47162,49,2,0,1545610220,6,47098,49,8098,1.489832057736293,1566578615,3,47510,49,8132,1.5783583118841105,1551901138,5,47053,49,8170,3.080540773091296,1549798476,1,47186,41,8161
1.9822610352928078,1549807391,11,47222,49,8178,2.2145998690844446,1553999762,7,47331,49,8083,2.328432804336983,1560287494,3,47361,49,8140,1.8728188259553724,1553997210,4,47174,49,8130,2.5536335648699464,1560284263,1,47480,41,8128
1.9822610352928078,1549807391,11,47222,49,8178,0,1556096549,7,47424,49,8087,2.328432804336983,1560287494,3,47361,49,8140,1.8728188259553724,1553997210,4,47174,49,8130,2.5536335648699464,1560284263,1,47480,41,8128
1.5958018876187199,1562389860,10,47571,49,8102,1.7387950656572086,1547708095,7,47124,49,8093,2.4800990411081516,1562383986,3,47426,49,8158,1.6616895453026252,1551901424,5,47084,49,8107,2.8712442900661976,1545603746,0,47110,41,8131
1.5958018876187199,1562389860,10,47571,49,8102,0,1547707892,7,47175,49,8025,2.4800990411081516,1562383986,3,47426,49,8158,1.6616895453026252,1551901424,5,47084,49,8107,2.8712442900661976,1545603746,0,47110,41,8131
2.255301520839479,1553998317,5,47337,49,8130,2.2581510736106116,1553998858,6,47352,49,8102,2.540684882000598,1564481937,3,47448,49,8186,2.4769352298281646,1545609938,5,46915,49,8088,3.16070779891112,1551894264,0,47224,25,8129
2.255301520839479,1553998317,5,47337,49,8130,0,1556096709,7,47370,49,8097,2.540684882000598,1564481937,3,47448,49,8186,2.4769352298281646,1545609938,5,46915,49,8088,3.16070779891112,1551894264,0,47224,25,8129
2.7338612659746793,1560290092,5,47541,49,8142,2.626047252638862,1560290944,7,47505,49,8106,2.4858113293002524,1562383959,3,47426,49,8142,1.9498258068541598,1556095572,5,47203,49,8102,2.213280134394776,1553993682,1,47321,49,8050
2.2120551399874744,1553999293,6,47321,49,8136,2.008366860430431,1551901841,7,47241,49,8142,2.5070265028972383,1564481141,3,47434,49,8146,1.7383898117153875,1551900821,5,47116,49,8117,2.7048927194933023,1543507775,1,47029,49,8093
2.2120551399874744,1553999293,6,47321,49,8136,0,1560290553,7,47496,49,8088,2.5070265028972383,1564481141,3,47434,49,8146,1.7383898117153875,1551900821,5,47116,49,8117,2.7048927194933023,1543507775,1,47029,49,8093
2.1949201724182417,1554001382,11,47313,49,8110,1.9974534974732379,1549805229,7,47236,49,8088,2.345567772462011,1562383958,3,47369,49,8158,2.331795440695944,1545608297,4,46858,49,8127,2.723353027294072,1547701128,0,47040,41,8080
2.1949201724182417,1554001382,11,47313,49,8110,0,1558193499,6,47447,49,8151,2.345567772462011,1562383958,3,47369,49,8158,2.331795440695944,1545608297,4,46858,49,8127,2.723353027294072,1547701128,0,47040,41,8080
2.765989804902599,1560292683,10,47554,49,8140,2.6059548607161087,1558192797,6,47494,49,8128,1.8296783834622408,1553996013,3,47147,49,8130,2.5154860336258564,1547706643,4,46946,49,8187,2.574441677160493,1543507106,1,46971,49,8086
2.765989804902599,1560292683,10,47554,49,8140,0,1553998214,6,47361,49,8137,1.8296783834622408,1553996013,3,47147,49,8130,2.5154860336258564,1547706643,4,46946,49,8187,2.574441677160493,1543507106,1,46971,49,8086
1.7671537798721402,1547709252,9,47131,49,8172,0,1549805524,7,47223,49,8165,1.9340199062958203,1556093345,4,47188,49,8156,2.5047790698541195,1547706136,4,46931,49,8112,2.2038947288241464,1553995251,2,47324,49,8158
2.2051197371030393,1554000129,8,47317,49,8153,0,1562387191,6,47572,49,8088,2.579033118451044,1564480737,3,47472,49,8106,1.5704023827192855,1551900854,5,47052,49,8126,3.2821823887363295,1551895977,1,47280,49,8167
2.424409444730585,1556098354,10,47407,49,8090,1.6256816163763823,1545611315,7,47081,49,8129,2.0629411407278746,1556091766,3,47244,49,8176,1.9109644823499308,1553998245,5,47193,49,8117,2.1391264596748756,1553994054,1,47303,49,8086
2.424409444730585,1556098354,10,47407,49,8090,0,1556096698,7,47428,49,8152,2.0629411407278746,1556091766,3,47244,49,8176,1.9109644823499308,1553998245,5,47193,49,8117,2.1391264596748756,1553994054,1,47303,49,8086
0,1560291760,9,47555,49,8141,2.1237220863165023,1551902732,7,47294,49,8094,2.1594271156052103,1558189569,3,47292,49,8161,2.028767847979561,1556095446,5,47246,49,8143,2.1391264596748756,1553994054,1,47303,49,8086
0,1558194962,9,47479,49,8108,2.1237220863165023,1551902732,7,47294,49,8094,2.1594271156052103,1558189569,3,47292,49,8161,2.028767847979561,1556095446,5,47246,49,8143,2.1391264596748756,1553994054,1,47303,49,8086
2.2073633778919763,1554001063,9,47319,49,8124,2.3407681063725008,1556096350,6,47382,49,8139,2.2011436551968533,1558188933,3,47307,49,8124,1.919531966216408,1556094805,5,47197,49,8119,2.1391264596748756,1553994054,1,47303,49,8086
2.2073633778919763,1554001063,9,47319,49,8124,2.3407681063725008,1556096350,6,47382,49,8139,2.2011436551968533,1558188933,3,47307,49,8124,1.919531966216408,1556094805,5,47197,49,8119,2.8514586055604534,1545603523,0,47095,41,8086
2.2061402577022977,1554000558,9,47315,49,8109,2.7583348547542266,1560290076,6,47560,49,8103,2.37943062938003,1560285870,3,47383,49,8,2.179515777620459,1558192823,6,47312,49,8164,3.331548129532414,1551895481,0,47300,41,8170
2.2061402577022977,1554000558,9,47315,49,8109,2.7583348547542266,1560290076,6,47560,49,8103,2.37943062938003,1560285870,3,47383,49,8,2.179515777620459,1558192823,6,47312,49,8164,3.13174118937037,1549798505,1,47211,41,8120
1.8037696014159417,1547709300,9,47148,49,8098,2.556996183258466,1558194733,7,47478,49,8120,2.305587431344039,1560285992,3,47347,49,8138,2.230922560302673,1553998954,6,47328,49,8123,2.2929359638783873,1553992913,1,47363,41,8131
1.8037696014159417,1547709300,9,47148,49,8098,2.556996183258466,1558194733,7,47478,49,8120,2.305587431344039,1560285992,3,47347,49,8138,2.230922560302673,1553998954,6,47328,49,8123,3.3467461893686803,1551896564,1,47303,49,8141
2.627582818848408,1558194894,9,47495,49,8178,2.338013253543028,1556097330,7,47385,49,8127,2.2044078160438083,1560286094,3,47307,49,8122,1.4125145725250552,1547707128,6,46984,49,8105,2.474382927901077,1558186743,0,47448,41,8145
2.627582818848408,1558194894,9,47495,49,8178,2.338013253543028,1556097330,7,47385,49,8127,2.2044078160438083,1560286094,3,47307,49,8122,1.4125145725250552,1547707128,6,46984,49,8105,0,1553992135,0,47347,41,8098
2.4314470881850245,1556098447,10,47410,49,8156,2.4132859178013235,1556096362,6,47415,49,8080,2.3488319322834674,1562383540,3,47371,49,8176,1.7253313338840406,1553998152,5,47125,49,8124,2.2152151693244297,1553992219,0,47333,41,3
1.85976589001476,1547709902,11,47167,49,8122,1.8581282644087624,1549805309,7,47178,49,8138,2.1909440900461443,1558188907,3,47303,49,8138,2.4644901233242984,1545609694,5,46917,49,8112,2.5177315551391537,1560284708,1,47464,49,8119
0,1558194620,9,47488,49,8123,1.8581282644087624,1549805309,7,47178,49,8138,2.1909440900461443,1558188907,3,47303,49,8138,2.4718344958399068,1545608477,4,46917,49,8150,2.5177315551391537,1560284708,1,47464,49,8119
1.942483294554057,1549807197,10,47204,49,8144,1.6344535715459474,1545611676,7,47083,49,8133,1.6379295199574107,1551897519,2,47061,49,8151,1.8996440297426038,1553996614,4,47183,49,8075,2.835139676881053,1547701916,1,47088,49,8134
0,1553998193,5,47343,49,8175,1.6344535715459474,1545611676,7,47083,49,8133,1.6379295199574107,1551897519,2,47061,49,8151,1.8996440297426038,1553996614,4,47183,49,8075,2.835139676881053,1547701916,1,47088,49,8134
2.6150373697180633,1558195659,11,47491,49,8092,2.4900884236636616,1558194404,7,47446,49,8134,1.829269436960558,1553995430,3,47153,49,8136,1.7127895923111538,1551900792,4,47103,49,8116,2.8870538952123694,1547701741,1,47115,49,8086
0,1547709804,10,47151,49,8189,2.4900884236636616,1558194404,7,47446,49,8134,1.829269436960558,1553995430,3,47153,49,8136,1.7127895923111538,1551900792,4,47103,49,8116,2.8870538952123694,1547701741,1,47115,49,8086
2.4664308183924244,1558195094,10,47428,49,8150,2.4179776760667484,1556096962,8,47418,49,8142,1.958701845117977,1556093104,3,47206,49,8112,2.2723323777826283,1560288737,4,47345,49,8108,2.8505421977943186,1545604935,1,47089,49,8165
0,1547709992,11,47127,49,8131,2.4179776760667484,1556096962,8,47418,49,8142,1.958701845117977,1556093104,3,47206,49,8112,2.2723323777826283,1560288737,4,47345,49,8108,2.8505421977943186,1545604935,1,47089,49,8165
2.480506105014048,1558195484,11,47434,49,8144,2.4437823622378603,1556096925,8,47429,49,8057,2.158917789890089,1558189355,3,47291,49,8140,1.823657563698041,1553997440,4,47152,49,8131,2.8358553495291616,1545603856,0,47081,41,8101
2.480506105014048,1558195484,11,47434,49,8144,0,1560290319,6,47513,49,8135,2.158917789890089,1558189355,3,47291,49,8140,1.7051385368014411,1551899520,3,47106,49,8117,2.8358553495291616,1545603856,0,47081,41,8101
2.3317973131388765,1556098031,10,47372,49,8158,2.676024537777867,1560290980,6,47528,49,8090,2.4166598927529783,1556091010,2,47396,49,8141,2.38748122020383,1545609092,4,46896,49,8172,2.8358553495291616,1545603856,0,47081,41,8101
2.1815586844836226,1554000919,10,47309,49,8134,0,1560290603,7,47559,49,8092,2.4166598927529783,1556091010,2,47396,49,8141,1.881386310168779,1556096190,6,47178,49,8119,2.6767421485480987,1543507055,0,47017,41,8068
0,1551903368,10,47238,49,8129,2.6438960059403613,1560290307,6,47515,49,8111,2.4776509109390257,1556091344,2,47430,49,8128,2.0200999980680345,1556095156,5,47234,49,8154,2.6767421485480987,1543507055,0,47017,41,8068
2.116792294680866,1551903282,9,47280,49,8131,2.0917980374478797,1551902773,7,47280,49,8113,1.6885165654141394,1551897647,3,47095,49,8173,1.416289943330432,1547707925,6,46978,49,8145,2.6767421485480987,1543507055,0,47017,41,8068
2.116792294680866,1551903282,9,47280,49,8131,2.0917980374478797,1551902773,7,47280,49,8113,1.6885165654141394,1551897647,3,47095,49,8173,1.416289943330432,1547707925,6,46978,49,8145,2.6767421485480987,1543507055,0,47017,41,8068
1.7054470669985407,1545611795,9,47105,49,8136,1.8743449486780313,1549805582,7,47188,49,8112,2.290491619961875,1553994344,2,47345,49,8120,2.1912451838566165,1560288935,4,47316,49,8135,2.6767421485480987,1543507055,0,47017,41,8068
1.7054470669985407,1545611795,9,47105,49,8136,1.8743449486780313,1549805582,7,47188,49,8112,2.290491619961875,1553994344,2,47345,49,8120,2.1912451838566165,1560288935,4,47316,49,8135,2.6767421485480987,1543507055,0,47017,41,8068
1.6336430266130315,1562389438,9,47585,49,8115,2.2574372721420266,1553998894,6,47352,49,8084,2.497438487034309,1562382659,2,47436,49,8182,2.50794099014952,1547707387,5,46933,49,8132,2.6767421485480987,1543507055,0,47017,41,8068
1.6336430266130315,1562389438,9,47585,49,8115,2.2574372721420266,1553998894,6,47352,49,8084,2.497438487034309,1562382659,2,47436,49,8182,2.50794099014952,1547707387,5,46933,49,8132,2.402069590991517,1558187026,1,47416,49,8165
2.6453293347988485,1560291219,9,47506,49,8115,1.6995266583812747,1545610985,7,47110,49,8076,1.6173256822797144,1545605460,2,47057,49,8185,1.7418565861594295,1553998558,5,47124,49,8117,2.4218571662414883,1558186598,0,47422,41,8158
2.7423265025192824,1560291222,8,47546,49,10,2.3521907770628943,1556097001,7,47391,49,8081,2.010004518933661,1556091323,2,47231,49,8160,2.2620286745596907,1560289285,4,47352,49,8148,2.998128212908448,1547701224,1,47156,41,8076
2.7423265025192824,1560291222,8,47546,49,10,2.3521907770628943,1556097001,7,47391,49,8081,2.010004518933661,1556091323,2,47231,49,8160,2.2620286745596907,1560289285,4,47352,49,8148,2.398298015144363,1556090082,0,47405,41,8068
1.8719023880639134,1549806031,9,47176,49,8156,2.02468578196638,1551902711,7,47250,49,8097,2.4720408646782186,1556091852,3,47429,49,3,1.702794495912406,1551901592,5,47099,49,8082,2.3599478768229036,1556090325,1,47389,49,8144
1.8719023880639134,1549806031,9,47176,49,8156,2.02468578196638,1551902711,7,47250,49,8097,2.4720408646782186,1556091852,3,47429,49,3,1.702794495912406,1551901592,5,47099,49,8082,2.8548249985518868,1545604815,1,47097,49,8072
2.0199996088817054,1549806231,10,47236,49,8,2.5202781250996624,1558194197,7,47466,49,8063,1.4861608083184537,1549800347,2,47000,49,8149,2.2613167683902273,1560289297,4,47343,49,8141,2.497131750372523,1558186893,1,47444,41,8169
2.0199996088817054,1549806231,10,47236,49,8,2.5202781250996624,1558194197,7,47466,49,8063,1.4861608083184537,1549800347,2,47000,49,8149,2.2613167683902273,1560289297,4,47343,49,8141,0,1551893390,0,47301,17,8173
1.60906147643965,1562389634,10,47577,49,8155,2.6273725871463185,1560291123,7,47512,49,8083,2.1197516085519967,1558189092,2,47276,49,8124,1.8234530860085,1553998110,4,47156,49,8106,3.1761084341658066,1549798168,1,47235,41,8011
1.9511530168954558,1549806645,9,47207,49,2,2.542104846376317,1558194055,7,47476,49,8077,2.0092907154951316,1549799884,2,47231,49,8143,1.7100347652975034,1551900722,4,47108,49,8095,0,1556089415,0,47419,41,8068
1.9511530168954558,1549806645,9,47207,49,2,2.542104846376317,1558194055,7,47476,49,8077,2.0092907154951316,1549799884,2,47231,49,8143,1.759298263446215,1553998138,5,47129,49,8076,0,1556089415,0,47419,41,8068
2.4093136325833533,1556097966,9,47403,49,8104,1.8267135280453062,1547707655,7,47170,49,8059,2.3628049735600163,1562383320,2,47381,49,8140,2.019181715623427,1556094792,4,47237,49,8119,3.1651931678698153,1551895339,1,47238,41,8182
2.4093136325833533,1556097966,9,47403,49,8104,1.8267135280453062,1547707655,7,47170,49,8059,2.3628049735600163,1562383320,2,47381,49,8140,2.1917563829444773,1558191153,4,47313,49,8179,3.1651931678698153,1551895339,1,47238,41,8182
2.2311289096423357,1553999778,8,47326,49,8090,1.8684300533161562,1549805159,7,47185,49,8072,1.7159533336323642,1551897455,2,47107,49,8122,2.4084957070878934,1545608953,4,46892,49,8174,2.2933430301921116,1556089487,0,47370,41,8124
2.4693882568719996,1556097625,9,47430,49,8130,2.4625493981561557,1558193614,7,47440,49,8046,2.2992635837654953,1560286286,2,47348,49,8182,1.9638973517491807,1556094761,5,47227,49,8161,3.0571842002080527,1549798969,1,47177,49,8111
2.4693882568719996,1556097625,9,47430,49,8130,2.4625493981561557,1558193614,7,47440,49,8046,2.2992635837654953,1560286286,2,47348,49,8182,1.8965824816477617,1556094940,4,47191,49,8118,3.0571842002080527,1549798969,1,47177,49,8111
2.2529556397358754,1554000013,8,47336,49,8131,2.2286751408007035,1553999751,7,47341,49,8167,1.6931079288269815,1551898011,3,47091,49,8087,2.163910650382119,1558192243,4,47306,49,8111,3.0035318853992834,1547701050,0,47167,41,8181
2.2529556397358754,1554000013,8,47336,49,8131,2.2286751408007035,1553999751,7,47341,49,8167,1.6931079288269815,1551898011,3,47091,49,8087,2.381161177322032,1545609590,5,46880,49,8115,3.0035318853992834,1547701050,0,47167,41,8181
2.4101296736773374,1556097491,9,47403,49,8095,2.468668753459619,1558193260,6,47444,49,8162,2.2843722553355805,1560286352,3,47342,49,18,1.4251622563680448,1549803537,5,46989,49,8096,3.3008490985434786,1551895255,1,47282,41,8084
2.4101296736773374,1556097491,9,47403,49,8095,2.468668753459619,1558193260,6,47444,49,8162,2.2843722553355805,1560286352,3,47342,49,18,1.6740305136030564,1551901536,5,47093,49,8153,3.3008490985434786,1551895255,1,47282,41,8084
2.718153891446345,1560290469,8,47537,49,8158,1.6107902826620248,1545611052,7,47079,49,8098,1.6930056946200078,1551897915,2,47092,49,8167,1.9315680817447891,1556095917,5,47200,49,8114,2.235203432038286,1556089454,1,47354,41,8130
2.718153891446345,1560290469,8,47537,49,8158,1.6107902826620248,1545611052,7,47079,49,8098,1.6930056946200078,1551897915,2,47092,49,8167,2.1660520494196307,1558191921,5,47309,49,8156,2.235203432038286,1556089454,1,47354,41,8130
2.2974251359958617,1554000774,10,47358,49,8156,2.4741765562772344,1558193909,7,47446,49,0,2.243778472235487,1553994759,3,47324,49,8142,1.5826415555225561,1551900536,4,47061,49,8189,2.870839086398899,1545604199,1,47098,41,8149
2.2974251359958617,1554000774,10,47358,49,8156,2.4741765562772344,1558193909,7,47446,49,0,2.243778472235487,1553994759,3,47324,49,8142,1.5683632286201277,1549803995,5,47049,49,8134,2.870839086398899,1545604199,1,47098,41,8149
1.6870889558685238,1545613100,11,47094,49,9,1.7491972329369447,1547708475,7,47138,49,8150,1.6029436675101472,1549801431,3,47055,49,8127,2.0856805450463156,1558192628,5,47273,49,8163,2.9087802629294557,1547701147,1,47118,41,8160
1.7594023298120909,1547706218,4,47129,49,8137,1.960633197443698,1549804850,7,47225,49,8146,2.6020848550804105,1564481704,3,47483,49,8153,0,1549802783,3,47033,49,8103,2.540272076924539,1560283795,0,47475,41,8153
1.7594023298120909,1547706218,4,47129,49,8137,1.960633197443698,1549804850,7,47225,49,8146,1.6748502146178736,1545605611,3,47086,49,8187,0,1549802783,3,47033,49,8103,2.540272076924539,1560283795,0,47475,41,8153
1.9588022209054563,1549807384,11,47214,49,8101,2.045696458286684,1551901979,6,47263,49,8074,2.108124441075196,1558188961,3,47270,49,8149,2.328940239808787,1560289096,4,47368,49,8162,0,1545603632,0,47042,41,8154
2.7704770717090375,1562389605,10,47560,49,8123,2.5115061544429165,1558193699,6,47464,49,8136,1.9053581412416147,1549799798,3,47186,49,8138,2.1882896228364426,1558192426,5,47307,49,8161,0,1545603632,0,47042,41,8154
0,1554000542,9,47314,49,8128,2.5115061544429165,1558193699,6,47464,49,8136,1.9053581412416147,1549799798,3,47186,49,8138,2.1882896228364426,1558192426,5,47307,49,8161,0,1545603632,0,47042,41,8154
2.1144464117819166,1551901175,5,47280,49,8158,1.918814430588306,1549805784,7,47211,49,8119,1.5269571857252249,1549800301,3,47024,49,8175,2.4317500301702037,1545609532,4,46904,49,8148,0,1558184764,0,47444,17,8056
2.1144464117819166,1551901175,5,47280,49,8158,1.918814430588306,1549805784,7,47211,49,8119,1.5269571857252249,1549800301,3,47024,49,8175,2.4317500301702037,1545609532,4,46904,49,8148,0,1558184764,0,47444,17,8056
2.2825338087982137,1554001036,10,47352,49,8142,1.8692460929430208,1549804998,6,47185,49,8130,2.3803489070726975,1562383285,3,47385,49,8182,1.5707072044309067,1551900904,4,47058,49,8120,0,1558184764,0,47444,17,8056
2.2995665344027936,1556098083,10,47361,49,8114,2.6057503583044355,1560290946,7,47500,49,8082,1.7076925518556956,1551898477,3,47100,49,8130,2.0218324423166427,1556095182,5,47243,49,8129,0,1558184764,0,47444,17,8056
2.2995665344027936,1556098083,10,47361,49,8114,2.6057503583044355,1560290946,7,47500,49,8082,1.7076925518556956,1551898477,3,47100,49,8130,2.0218324423166427,1556095182,5,47243,49,8129,0,1558184764,0,47444,17,8056
2.3786126906113947,1556098205,10,47394,49,8105,2.1709464094081996,1553999562,7,47315,49,8112,2.186863884206785,1558188658,3,47306,49,8187,2.4775467811460645,1545610142,5,46919,49,8096,2.646652755914,1543506619,0,47008,41,8116
0,1554000496,9,47349,49,8169,2.1709464094081996,1553999562,7,47315,49,8112,2.186863884206785,1558188658,3,47306,49,8187,2.4775467811460645,1545610142,5,46919,49,8096,2.2883445461404768,1556091046,1,47369,49,8085
2.0808902756211753,1551904007,10,47265,49,8108,2.2450963046160637,1553999219,6,47348,49,8063,2.3001799812469366,1560286608,3,47355,49,8153,2.4578614491704434,1545609631,5,46912,49,8118,3.0273996638265763,1549798222,0,47171,41,8088
0,1558194151,9,47476,49,8147,2.2450963046160637,1553999219,6,47348,49,8063,2.3001799812469366,1560286608,3,47355,49,8153,2.4578614491704434,1545609631,5,46912,49,8118,3.0273996638265763,1549798222,0,47171,41,8088
2.4685722118004967,1558195223,10,47432,49,8098,1.9868449650063982,1549804882,7,47240,49,8093,1.663427510368464,1551898372,3,47078,49,8118,1.8789381875216573,1556095067,5,47180,49,8184,2.248057499301073,1553992830,1,47348,41,8142
0,1547709951,10,47147,49,8172,1.9868449650063982,1549804882,7,47240,49,8093,1.663427510368464,1551898372,3,47078,49,8118,1.8789381875216573,1556095067,5,47180,49,8184,2.248057499301073,1553992830,1,47348,41,8142
2.6379849550398538,1560292875,10,47507,49,8099,2.5930004244219718,1558193673,7,47496,49,8164,2.011025035730211,1556091918,3,47228,49,8148,2.2283721952721147,1560289749,5,47330,49,8097,2.7622143971548523,1545603879,1,47051,41,8119
0,1556097066,9,47378,49,6,2.5930004244219718,1558193673,7,47496,49,8164,2.011025035730211,1556091918,3,47228,49,8148,2.2283721952721147,1560289749,5,47330,49,8097,2.7622143971548523,1545603879,1,47051,41,8119
2.348625552000902,1556095270,5,47384,49,6,1.7711261998762573,1547708842,8,47146,49,8095,1.6588379841368555,1551897572,2,47073,49,8145,2.161566651919211,1558192494,5,47297,49,8152,2.917349623117556,1547701701,1,47114,49,8090
0,1547709345,10,47163,49,8153,1.7711261998762573,1547708842,8,47146,49,8095,1.6588379841368555,1551897572,2,47073,49,8145,2.161566651919211,1558192494,5,47297,49,8152,2.917349623117556,1547701701,1,47114,49,8090
1.594374286698875,1562389872,10,47571,49,8175,2.5923888739805627,1558193677,7,47494,49,8071,2.0880320289720693,1558189291,3,47257,49,8182,2.5255871721315697,1547706560,5,46936,49,8132,3.2404677493800653,1551896192,1,47258,49,8138
0,1558195327,10,47476,49,8116,2.5923888739805627,1558193677,7,47494,49,8071,2.0880320289720693,1558189291,3,47257,49,8182,2.5255871721315697,1547706560,5,46936,49,8132,3.2404677493800653,1551896192,1,47258,49,8138
2.653794570203092,1560292694,10,47512,49,8170,1.9814394066895817,1549805029,7,47236,49,8117,1.8121363092119431,1553994767,3,47138,49,8177,2.257236564705155,1560290039,5,47343,49,8142,3.1523429024212737,1551896534,1,47226,49,8107
0,1554001634,10,47341,49,5,1.9814394066895817,1549805029,7,47236,49,8117,1.8121363092119431,1553994767,3,47138,49,8177,2.257236564705155,1560290039,5,47343,49,8142,3.1523429024212737,1551896534,1,47226,49,8107
2.4081908604917697,1556098135,10,47408,49,8140,2.239384020696372,1553998512,6,47347,49,8123,2.4885642771230243,1562383414,3,47434,49,8130,1.531645176414567,1549803865,4,47033,49,8116,3.100938009851155,1549799836,2,47202,49,8171
0,1551903366,9,47251,49,8149,2.239384020696372,1553998512,6,47347,49,8123,2.4885642771230243,1562383414,3,47434,49,8130,1.531645176414567,1549803865,4,47033,49,8116,3.100938009851155,1549799836,2,47202,49,8171
1.9650238244725209,1549806354,9,47217,49,8176,2.2143953762166952,1553998954,6,47336,49,8133,1.8042826264123937,1553995366,3,47135,49,8152,1.567956158263035,1549802824,4,47045,49,8165,2.9491695566903737,1547700858,0,47138,41,8152
0,1549806847,10,47218,49,9,2.2143953762166952,1553998954,6,47336,49,8133,1.8042826264123937,1553995366,3,47135,49,8152,1.567956158263035,1549802824,4,47045,49,8165,2.9491695566903737,1547700858,0,47138,41,8152
2.51293946463421,1558195487,10,47453,49,8155,2.4442916649399034,1558192293,6,47434,49,8094,1.81305458306341,1553995766,3,47137,49,8104,2.4695908516882397,1547706109,4,46918,49,8119,2.9491695566903737,1547700858,0,47138,41,8152
2.6099366278532727,1558194326,9,47494,49,8168,1.6530161348507886,1545610952,7,47096,49,8121,2.5266095900647505,1564481514,3,47445,49,8163,1.8660878878228961,1553997257,4,47171,49,8091,2.1260716939464817,1551895215,0,47296,41,8103
2.6099366278532727,1558194326,9,47494,49,8168,1.6530161348507886,1545610952,7,47096,49,8121,2.5266095900647505,1564481514,3,47445,49,8163,1.8660878878228961,1553997257,4,47171,49,8091,0,1551894471,0,47297,33,8112
1.8044833982999633,1547706378,5,47152,49,8140,2.2630473108452076,1553999440,6,47355,49,8116,2.2480612784817886,1560286583,3,47328,49,8135,2.0721164562278815,1558191888,4,47263,49,8113,2.3819771948770483,1556091572,1,47403,49,8127
1.8044833982999633,1547706378,5,47152,49,8140,2.2630473108452076,1553999440,6,47355,49,8116,2.2480612784817886,1560286583,3,47328,49,8135,2.0721164562278815,1558191888,4,47263,49,8113,3.244852781094854,1551896017,1,47263,41,8106
2.010818688306478,1551902929,9,47241,49,8135,2.5685210854277134,1558193777,7,47488,49,8088,1.7110571048033687,1551899332,4,47105,49,8138,1.8458913787445907,1553996617,3,47169,49,8109,2.151469305064077,1553993809,1,47303,49,8182
2.010818688306478,1551902929,9,47241,49,8135,2.5685210854277134,1558193777,7,47488,49,8088,1.7110571048033687,1551899332,4,47105,49,8138,1.8458913787445907,1553996617,3,47169,49,8109,3.1460209567647133,1549799194,1,47216,49,8142
1.5948839501295555,1562388731,9,47575,49,8109,2.4520431034923087,1558193046,6,47438,49,8086,1.578973648592277,1543508943,3,47048,49,8113,1.9573727697272076,1549805284,6,47212,49,8123,3.053408835755452,1549797857,0,47180,41,8145
1.995315799758487,1551902977,9,47233,49,8166,1.6747406251241777,1545609335,5,47107,49,8110,2.191351170431441,1560286396,3,47308,49,8153,2.476728830644586,1545610256,6,46928,49,8157,3.123582671660651,1549799120,1,47204,49,8122
2.7012214940307144,1560291934,9,47536,49,8,2.6764315871966446,1560290689,7,47534,49,8118,1.8814903860678176,1547703247,3,47178,49,8154,2.1846183791653657,1558194091,6,47304,49,8154,2.852683600666814,1545603586,0,47092,41,8134
2.7012214940307144,1560291934,9,47536,49,8,2.6764315871966446,1560290689,7,47534,49,8118,1.8814903860678176,1547703247,3,47178,49,8154,2.1846183791653657,1558194091,6,47304,49,8154,2.5924949255396004,1558186719,0,47491,41,8167
2.644920350799782,1560290954,9,47512,49,8126,1.9751155655047847,1549804928,7,47234,49,8106,1.9222886412697309,1549800645,3,47194,49,8080,1.8311022916593824,1554000451,7,47162,49,8085,2.5924949255396004,1558186719,0,47491,41,8167
2.644920350799782,1560290954,9,47512,49,8126,1.9751155655047847,1549804928,7,47234,49,8106,1.9222886412697309,1549800645,3,47194,49,8080,1.8311022916593824,1554000451,7,47162,49,8085,3.4948434196310276,1553992248,0,47364,41,8112
2.4405238800362024,1556097546,9,47420,49,8129,2.130148160797052,1551901298,5,47298,49,8115,1.7777622858069024,1547703467,3,47131,49,8165,2.6133859027248065,1551901320,6,47052,49,8087,3.4948434196310276,1553992248,0,47364,41,8112
2.4405238800362024,1556097546,9,47420,49,8129,2.130148160797052,1551901298,5,47298,49,8115,1.7777622858069024,1547703467,3,47131,49,8165,2.6133859027248065,1551901320,6,47052,49,8087,3.4948434196310276,1553992248,0,47364,41,8112
2.2134827342308094,1554000635,9,47326,49,8176,2.3489266059064566,1556096582,7,47393,49,8082,1.7268685426205748,1545606276,3,47102,49,8176,1.392219568480603,1547708645,7,46969,49,8054,3.4948434196310276,1553992248,0,47364,41,8112
2.2134827342308094,1554000635,9,47326,49,8176,2.3489266059064566,1556096582,7,47393,49,8082,1.7268685426205748,1545606276,3,47102,49,8176,1.392219568480603,1547708645,7,46969,49,8054,3.4948434196310276,1553992248,0,47364,41,8112
2.01387837041975,1551903514,9,47243,49,8104,2.6865289044814036,1560291032,7,47539,49,8129,1.5808102147659169,1543509001,3,47046,49,8142,2.279574496515468,1560291269,7,47349,49,8102,3.4948434196310276,1553992248,0,47364,41,8112
2.01387837041975,1551903514,9,47243,49,8104,2.6865289044814036,1560291032,7,47539,49,8129,1.5808102147659169,1543509001,3,47046,49,8142,2.279574496515468,1560291269,7,47349,49,8102,0,1553992248,0,47364,41,8112
1.7839820355601106,1547709653,10,47145,49,8143,1.7858130468266946,1547708367,7,47154,49,8100,2.497845558876525,1564480355,3,47439,49,10,1.730842830502405,1553999601,7,47113,49,8082,3.4948434196310276,1553992248,0,47364,41,8112
1.7839820355601106,1547709653,10,47145,49,8143,1.7858130468266946,1547708367,7,47154,49,8100,2.497845558876525,1564480355,3,47439,49,10,1.730842830502405,1553999601,7,47113,49,8082,3.4948434196310276,1553992248,0,47364,41,8112
2.5820927865595924,1558194534,9,47480,49,8078,1.7904025698008323,1547708219,7,47157,49,8089,1.8953630533896755,1549799920,3,47178,49,8143,2.3399726417515216,1560290976,7,47301,49,8168,3.4948434196310276,1553992248,0,47364,41,8112
2.5820927865595924,1558194534,9,47480,49,8078,1.7904025698008323,1547708219,7,47157,49,8089,1.8953630533896755,1549799920,3,47178,49,8143,2.3399726417515216,1560290976,7,47301,49,8168,3.4948434196310276,1553992248,0,47364,41,8112
1.7114641968428852,1547708502,9,47112,49,8158,2.593816466572388,1558193317,7,47496,49,8077,2.3213970393254217,1553994692,2,47353,49,8148,1.7829615425820469,1547708555,7,47138,49,8099,3.4948434196310276,1553992248,0,47364,41,8112
1.7114641968428852,1547708502,9,47112,49,8158,2.593816466572388,1558193317,7,47496,49,8077,2.3213970393254217,1553994692,2,47353,49,8148,1.7829615425820469,1547708555,7,47138,49,8099,3.4948434196310276,1553992248,0,47364,41,8112
2.7255985920682373,1560290683,8,47545,49,8160,1.732776066392658,1547707428,6,47132,49,8124,2.461534576101952,1556091877,3,47425,49,8146,2.6795973564903317,1560291181,7,47523,49,8140,3.3457256565411218,1551894998,0,47306,41,8173
2.7255985920682373,1560290683,8,47545,49,8160,1.732776066392658,1547707428,6,47132,49,8124,2.461534576101952,1556091877,3,47425,49,8146,2.6795973564903317,1560291181,7,47523,49,8140,2.4800971265984577,1556089046,0,47441,41,8161
1.9510507739830112,1549806023,9,47211,49,8091,2.635837817370095,1560289402,5,47518,49,8095,2.357194935512707,1562384012,3,47376,49,0,2.32251415236511,1562387746,6,47368,49,8061,3.484337116876198,1553992633,0,47363,41,8130
1.9510507739830112,1549806023,9,47211,49,8091,2.635837817370095,1560289402,5,47518,49,8095,2.357194935512707,1562384012,3,47376,49,0,2.32251415236511,1562387746,6,47368,49,8061,3.484337116876198,1553992633,0,47363,41,8130
2.488664611081086,1558195071,9,47444,49,8167,1.6865722583836573,1545610280,7,47113,49,8169,2.5006004140902505,1556091181,2,47434,49,8129,2.714480756044997,1560289831,5,47533,49,8151,3.484337116876198,1553992633,0,47363,41,8130
2.488664611081086,1558195071,9,47444,49,8167,1.6865722583836573,1545610280,7,47113,49,8169,2.5006004140902505,1556091181,2,47434,49,8129,2.714480756044997,1560289831,5,47533,49,8151,3.484337116876198,1553992633,0,47363,41,8130
2.5653648866055225,1558194633,9,47476,49,8088,2.503754713310069,1558193281,6,47461,49,8056,2.328635396751962,1553994200,2,47368,49,8155,2.1640128886631604,1560290193,6,47306,49,8115,3.484337116876198,1553992633,0,47363,41,8130
2.5653648866055225,1558194633,9,47476,49,8088,2.503754713310069,1558193281,6,47461,49,8056,2.328635396751962,1553994200,2,47368,49,8155,2.1640128886631604,1560290193,6,47306,49,8115,3.484337116876198,1553992633,0,47363,41,8130
2.6637896439558535,1560292674,10,47519,49,8167,2.3675914001361344,1556095486,5,47404,49,8078,2.3101769552071802,1553994273,2,47349,49,8170,1.8623125444590296,1553998845,6,47176,49,8135,3.484337116876198,1553992633,0,47363,41,8130
2.6637896439558535,1560292674,10,47519,49,8167,2.3675914001361344,1556095486,5,47404,49,8078,2.3101769552071802,1553994273,2,47349,49,8170,1.8623125444590296,1553998845,6,47176,49,8135,3.484337116876198,1553992633,0,47363,41,8130
2.159629710936777,1551902539,8,47302,49,8101,2.4640792341417326,1558194207,7,47442,49,8130,1.764707511218176,1558188433,3,47121,49,8143,1.3943609680389566,1547707613,6,46972,49,8106,3.484337116876198,1553992633,0,47363,41,8130
2.159629710936777,1551902539,8,47302,49,8101,2.4640792341417326,1558194207,7,47442,49,8130,1.764707511218176,1558188433,3,47121,49,8143,1.3943609680389566,1547707613,6,46972,49,8106,3.2159807507218185,1553992326,1,47282,41,8070
1.845486125038973,1549805151,8,47166,49,8120,1.6727014487349785,1545610419,6,47105,49,8100,2.6435988327621143,1564479940,3,47488,49,8159,2.3352640814139978,1560288910,4,47371,49,8158,3.2159807507218185,1553992326,1,47282,41,8070
1.845486125038973,1549805151,8,47166,49,8120,1.6727014487349785,1545610419,6,47105,49,8100,2.6435988327621143,1564479940,3,47488,49,8159,2.3352640814139978,1560288910,4,47371,49,8158,2.9231697323059085,1547700560,0,47089,33,8182
2.7047923998665686,1560292297,9,47533,49,8170,1.9722603580484346,1549804885,6,47232,49,8056,2.2023686535454163,1551896885,3,47302,49,8072,1.9925591133194476,1556095499,6,47235,49,8153,3.273109399081369,1551895238,1,47258,41,8188
2.7047923998665686,1560292297,9,47533,49,8170,1.9722603580484346,1549804885,6,47232,49,8056,2.2023686535454163,1551896885,3,47302,49,8072,1.9925591133194476,1556095499,6,47235,49,8153,2.4001269557381812,1558184857,0,47433,17,8075
1.919431565721805,1549807192,10,47202,49,8105,1.6758633683233672,1545610376,6,47106,49,8072,1.5384840032541973,1560285814,3,47531,49,8173,2.061305331107618,1558192331,5,47257,49,8123,3.5420561297092568,1556089840,1,47429,41,8087
1.919431565721805,1549807192,10,47202,49,8105,1.6758633683233672,1545610376,6,47106,49,8072,1.5384840032541973,1560285814,3,47531,49,8173,2.061305331107618,1558192331,5,47257,49,8123,3.1979370646051937,1549798424,1,47235,41,8092
2.182272478983219,1553999978,9,47313,49,8164,2.1324940384535904,1551902329,7,47300,49,8101,2.0696720661130703,1551897445,3,47253,49,8171,2.0053090352678664,1556095797,6,47238,49,8102,3.0813549224191608,1549796225,0,47194,17,8106
2.182272478983219,1553999978,9,47313,49,8164,2.1324940384535904,1551902329,7,47300,49,8101,2.0696720661130703,1551897445,3,47253,49,8171,2.0053090352678664,1556095797,6,47238,49,8102,2.5277285444312034,1558185150,0,47462,25,8082
2.6990801025609605,1560292642,10,47534,49,8126,2.0947554678764755,1551902789,7,47286,49,8111,1.677605034753054,1545605700,2,47081,49,8182,2.3466867604169854,1560289734,5,47379,49,8061,2.5277285444312034,1558185150,0,47462,25,8082
2.6990801025609605,1560292642,10,47534,49,8126,2.0947554678764755,1551902789,7,47286,49,8111,1.677605034753054,1545605700,2,47081,49,8182,2.3466867604169854,1560289734,5,47379,49,8061,2.5277285444312034,1558185150,0,47462,25,8082
1.855481213197199,1547708522,9,47173,49,8104,1.9588988781197776,1549805555,7,47226,49,8100,2.4423623473631415,1556091346,2,47407,49,8169,2.482136297746561,1545610190,5,46923,49,8095,2.5277285444312034,1558185150,0,47462,25,8082
1.855481213197199,1547708522,9,47173,49,8104,1.9588988781197776,1549805555,7,47226,49,8100,2.4423623473631415,1556091346,2,47407,49,8169,2.482136297746561,1545610190,5,46923,49,8095,2.5277285444312034,1558185150,0,47462,25,8082
2.184822840533328,1554000443,9,47312,49,8176,1.8391567320521618,1547707701,7,47176,49,8058,1.9078062622563785,1556091193,2,47184,49,8129,2.456433850447616,1545609599,5,46911,49,8127,3.2307793987151707,1549797263,0,47249,33,8090
2.4809131680886383,1558195046,9,47441,49,8175,1.7048299769498707,1547707793,7,47117,49,8142,2.657265143892982,1560285328,2,47500,49,8149,1.6545496609756272,1551901628,5,47085,49,8090,3.2307793987151707,1549797263,0,47249,33,8090
2.4809131680886383,1558195046,9,47441,49,8175,1.7048299769498707,1547707793,7,47117,49,8142,2.657265143892982,1560285328,2,47500,49,8149,1.6545496609756272,1551901628,5,47085,49,8090,3.2307793987151707,1549797263,0,47249,33,8090
1.5871321542950994,1562389306,9,47572,49,8122,2.7447688607120386,1562387956,7,47561,49,8073,2.216544302539706,1553994017,2,47317,49,8163,2.339342391226666,1562386011,5,47379,49,8049,3.019750463117969,1547700761,0,47166,41,8129
2.030606251850384,1551903580,9,47248,49,8088,1.6107902826620248,1545610713,6,47079,49,8116,1.9283076273035578,1549799869,2,47191,49,8130,2.466224444992308,1547706471,5,46918,49,8114,3.245362091651352,1551895343,1,47266,41,8056
2.030606251850384,1551903580,9,47248,49,8088,1.6107902826620248,1545610713,6,47079,49,8116,1.9283076273035578,1549799869,2,47191,49,8130,1.8189657975809685,1553998632,5,47152,49,8122,2.6822499526472363,156028842,0,47531,41,8125
1.827637350119613,1547708833,9,47158,49,8134,1.9635906392098808,1549805800,8,47228,49,8145,2.4363433347676344,1556091031,3,47410,49,8132,1.9020921437723937,1556095696,6,47185,49,8101,2.660319055787997,1543506836,0,47018,41,8127
1.827637350119613,1547708833,9,47158,49,8134,1.9635906392098808,1549805800,8,47228,49,8145,2.4363433347676344,1556091031,3,47410,49,8132,1.9020921437723937,1556095696,6,47185,49,8101,2.6842910197862917,1543506621,0,47015,41,8092
2.055594903266556,1551903280,8,47259,49,8103,1.8690416162205825,1549805446,7,47187,49,8109,2.185027327554421,1551896755,2,47306,49,8113,2.0298906027624235,1558192792,5,47244,49,8114,2.640840140334059,1543506607,0,47000,41,8117
1.7868390960445155,1547709275,10,47142,49,8170,1.8203896878832533,1547708049,7,47168,49,8147,2.599536396273803,1558188871,3,47474,49,8139,1.3428538301149568,1547707788,6,46948,49,23,0,1543506309,0,47049,41,8124
2.3177220212030294,1556096608,8,47369,49,8142,2.409919499040484,1556097112,8,47419,49,8110,2.5801558843544354,1564479696,3,47473,49,8132,2.1945093412705186,1560289177,5,47318,49,8083,2.9724257696041443,1547700879,0,47141,41,8136
2.1611595496971088,1554000476,9,47304,49,8140,1.8053961301950616,1547708335,7,47162,49,8097,2.1605498701012484,1551896978,3,47291,49,8128,1.8644539525149302,1556095209,5,47178,49,8150,3.5871488212866245,1556089883,1,47402,41,8182
2.1611595496971088,1554000476,9,47304,49,8140,1.8053961301950616,1547708335,7,47162,49,8097,2.1605498701012484,1551896978,3,47291,49,8128,2.424814630558023,1545610838,6,46900,49,8107,3.2855468868969346,1551895238,1,47287,41,8087
2.612282504975198,1560291283,8,47497,49,8109,2.0682369856755485,1551902974,7,47273,49,8062,1.723195448583586,1553994023,3,47107,49,8102,1.5945768896176176,1551901430,6,47056,49,24,3.0401495935763982,1547702023,1,47173,49,8090
2.612282504975198,1560291283,8,47497,49,8109,2.0682369856755485,1551902974,7,47273,49,8062,1.723195448583586,1553994023,3,47107,49,8102,2.169435184895722,1558192863,6,47236,49,8164,2.728148964842832,1543507804,1,47032,49,8158
2.1948179246342403,1554000527,9,47318,49,8141,1.5789684681771026,1562387909,7,47574,49,8090,2.2691742081349484,1553994429,3,47338,49,8151,1.5196109418697754,1549803925,5,47023,49,8155,2.7414062805332913,1543506810,0,47046,41,8173
2.4887668526447,1558194058,8,47444,49,8139,2.578925141247414,1558193916,7,47490,49,8107,1.5641845611044853,1543508588,3,47042,49,8103,1.8956660658435418,1556095790,5,47184,49,8148,2.8716551284927934,1545603805,0,47097,41,8127
2.4887668526447,1558194058,8,47444,49,8139,2.578925141247414,1558193916,7,47490,49,8107,1.5641845611044853,1543508588,3,47042,49,8103,2.2883464640975926,1560290191,5,47350,49,8144,2.4232847689067802,1556089783,1,47421,41,8108
2.0314222917783513,1551902926,8,47248,49,8120,1.6374110101727843,1545610990,7,47089,49,8108,1.6666916651330803,1551897074,3,47077,49,13,1.7062612779566513,1551901331,5,47105,49,8135,2.435116416756186,1556089884,1,47425,41,8121
2.0314222917783513,1551902926,8,47248,49,8120,1.6374110101727843,1545610990,7,47089,49,8108,1.6666916651330803,1551897074,3,47077,49,13,1.7127895861351639,1551901534,6,47106,49,8120,2.6097321362804493,1558186925,0,47497,41,8124
1.9596182568853948,1549806399,9,47216,49,8124,0,1549804451,6,47199,49,8111,1.860481541200202,1547702815,2,47161,49,8130,1.9825658965324253,1556096241,6,47221,49,8077,3.249444205944147,1551895157,0,47257,41,8075
2.154937946958161,1551902957,9,47301,49,8083,1.589168029144612,1562387813,6,47578,49,8098,1.7213607401051876,1551897062,3,47101,49,8170,1.712482879614219,1551901084,5,47109,49,8098,3.4733215112901377,1553990830,0,47358,17,8078
2.649205047490075,1560291226,8,47512,49,8118,2.595550796664233,1558193550,8,47495,49,8102,1.6538395189756818,1545606058,3,47075,49,8170,1.9390146729011095,1556096056,6,47200,49,8128,3.1088958371923665,1549796875,0,47191,25,8173
2.649205047490075,1560291226,8,47512,49,8118,2.595550796664233,1558193550,8,47495,49,8102,1.6538395189756818,1545606058,3,47075,49,8170,2.2474459631779014,1560290744,6,47336,49,8143,2.41471729547343,1556089576,0,47413,41,8118
2.199714165666761,1554000612,9,47319,49,8142,1.884646743288221,1549804385,6,47193,49,8173,2.5019257639606463,1558188713,3,47440,49,8156,1.6070204741745264,1551902350,6,47063,49,8130,2.44227689753611,1553993446,1,47335,49,8106
2.199714165666761,1554000612,9,47319,49,8142,1.884646743288221,1549804385,6,47193,49,8173,2.5019257639606463,1558188713,3,47440,49,8156,1.5939653317244704,1551901866,6,47055,49,8120,2.440624228571321,1556090464,1,47423,49,8116
2.1549379450590838,1551902286,8,47302,49,8150,2.5398612200286705,1558194366,7,47471,49,8044,2.3503617696099632,1562382952,3,47374,49,6,1.7151186306085873,1556094763,5,47179,49,8106,3.0188169063347785,1549798534,0,47226,41,8146
2.1549379450590838,1551902286,8,47302,49,8150,2.5398612200286705,1558194366,7,47471,49,8044,2.3503617696099632,1562382952,3,47374,49,6,2.231943078149157,1560290235,6,47328,49,8102,3.5254421279325183,1553993039,1,47371,41,8174
2.2208270954555687,1553999794,8,47328,49,8146,2.3103738982673088,1553999350,7,47369,49,8142,2.0689582629878083,1558188603,3,47253,49,8109,1.4175149406931828,1547707922,6,46977,49,8083,2.8945005097416865,1545604548,1,47109,49,8132
2.2208270954555687,1553999794,8,47328,49,8146,2.3103738982673088,1553999350,7,47369,49,8142,2.0689582629878083,1558188603,3,47253,49,8109,1.6978964155117104,1551901694,6,47108,49,8120,3.320943414556906,1551894119,0,47280,25,8095
2.3805514935625984,1556096243,7,47394,49,8139,2.4005359829564763,1556097097,7,47413,49,8095,1.7204406274463768,1551897638,3,47110,49,8156,1.9878654761313619,1556095403,5,47241,49,8089,3.320943414556906,1551894119,0,47280,25,8095
2.3805514935625984,1556096243,7,47394,49,8139,2.4005359829564763,1556097097,7,47413,49,8095,1.7204406274463768,1551897638,3,47110,49,8156,2.2995646590712853,1560290110,5,47361,49,8141,2.7282492931770457,1543506714,0,47035,41,8090
1.852217053898865,1547708349,9,47174,49,8149,2.7687389113894874,1562387697,7,47563,49,8062,2.478773679621948,1564480246,3,47427,49,8154,1.4385256291374435,1547707072,5,46987,49,18,3.1047133925052597,1549798469,1,47192,41,8102
1.852217053898865,1547708349,9,47174,49,8149,2.7687389113894874,1562387697,7,47563,49,8062,2.478773679621948,1564480246,3,47427,49,8154,1.6791312140310317,1551902205,6,47092,49,8113,3.0177113157800113,1547701363,1,47157,41,8118
1.7195223460876905,1547708562,8,47115,49,8144,2.6176842611672617,1560290727,7,47500,49,8030,1.7109567076659689,1551897655,3,47099,49,8142,2.224803194616282,1560290346,6,47326,49,8153,2.3555609588753224,1556089769,0,47385,41,8119
1.7195223460876905,1547708562,8,47115,49,8144,2.6176842611672617,1560290727,7,47500,49,8030,1.7109567076659689,1551897655,3,47099,49,8142,2.175028492836405,1560290520,6,47310,49,13,2.9684478164582613,1547701117,1,47136,41,8104
2.1497368623202626,1551902632,8,47297,49,8140,2.768534417058445,1562387530,7,47565,49,8121,2.3497502110242072,1562383347,3,47372,49,8134,2.4681632552474966,1545610227,6,46916,49,8144,3.0322959193798007,1547700852,0,47166,41,8103
2.1497368623202626,1551902632,8,47297,49,8140,2.768534417058445,1562387530,7,47565,49,8121,2.3497502110242072,1562383347,3,47372,49,8134,1.5093091352611385,1549804833,5,47020,49,8139,2.8653312949229344,1545604319,1,47091,41,8167
1.565407667193553,1562388263,8,47562,49,8094,2.041106945949306,1551902364,7,47257,49,8075,1.5778527746415636,1551897642,3,47044,49,8127,1.8719152310172769,1551901394,6,47113,49,8124,2.926221959896761,1547701080,1,47118,41,8158
1.565407667193553,1562388263,8,47562,49,8094,2.041106945949306,1551902364,7,47257,49,8075,1.5778527746415636,1551897642,3,47044,49,8127,1.9785879382858422,1556096727,6,47219,49,8119,2.551187364324282,1558186308,0,47467,33,17
2.211239090013549,1554000010,8,47326,49,8166,2.484785106735676,1558193669,7,47443,49,8106,1.9312650728615353,1556092033,3,47195,49,8170,2.159220770975194,1558192332,5,47296,49,8115,2.527626310572826,1558187842,1,47458,49,8122
2.211239090013549,1554000010,8,47326,49,8166,2.484785106735676,1558193669,7,47443,49,8106,1.9312650728615353,1556092033,3,47195,49,8170,2.3682086589255658,1545609668,5,46871,49,8114,3.1254173545994437,1549799063,1,47205,49,8131
1.54745665987117,1560291433,8,47554,49,8113,2.7569072610688687,1560290374,7,47559,49,8170,2.1719744309576097,1551897470,3,47291,49,18,1.581741599398015,1547707066,6,46982,49,8130,2.9369308490513095,1547700933,0,47123,41,8169
1.54745665987117,1560291433,8,47554,49,8113,2.7569072610688687,1560290374,7,47559,49,8170,2.1719744309576097,1551897470,3,47291,49,18,1.6444523360598027,1551902477,6,47079,49,8134,2.5253826774031123,1558187352,1,47454,49,8110
2.021936526975369,1551902932,8,47246,49,8127,1.7867313300041348,1547708102,7,47151,49,8098,2.3204768727206484,1562383576,3,47363,49,8162,1.853438350547442,1553998403,6,47174,49,8114,2.4534764079562157,1558186479,0,47423,41,8158
2.021936526975369,1551902932,8,47246,49,8127,1.7867313300041348,1547708102,7,47151,49,8098,2.3204768727206484,1562383576,3,47363,49,8162,2.127701917585332,1558193245,6,47293,49,8171,3.3103348803609483,1551895480,0,47278,41,8117
2.4639826871942945,1558194045,8,47432,49,8129,1.9362561097097915,1549805465,7,47217,49,8139,2.4575585062383163,1562383002,3,47419,49,8158,2.419001999615414,1545610691,6,46893,49,8113,3.3479712193333713,1551895552,1,47293,41,8132
2.4639826871942945,1558194045,8,47432,49,8129,1.9362561097097915,1549805465,7,47217,49,8139,2.4575585062383163,1562383002,3,47419,49,8158,1.4987024964772855,1549804799,6,47012,49,8132,2.8335094823813285,1545603710,0,47073,41,8142
2.459902480229103,1558194373,9,47432,49,8165,2.0378427734773332,1551902281,7,47261,49,8191,1.6703629217550815,1551898024,3,47081,49,8147,2.0461091617378457,1558192628,5,47245,49,8108,0,1547700711,0,47159,41,8128
2.459902480229103,1558194373,9,47432,49,8165,2.0378427734773332,1551902281,7,47261,49,8191,1.6703629217550815,1551898024,3,47081,49,8147,2.1040405107369358,1558192825,5,47277,49,8141,2.281308813022907,1556090475,1,47351,49,8110
2.0610004643078614,1551901383,5,47263,49,8151,2.0474307762780595,1551902562,7,47263,49,8093,1.514311385886468,1549801382,3,47011,49,8146,2.3731030087640774,1545608519,3,46879,49,8166,2.2527492766849395,1553994061,1,47343,49,8066
2.758033864526339,1562389391,10,47557,49,8138,2.4830507679769296,1558194198,7,47448,49,8147,2.6541032194667493,1570771494,3,47500,49,8098,2.108120711733319,1558193006,5,47277,49,3,2.4263444612280116,1556091042,1,47417,49,8130
2.758033864526339,1562389391,10,47557,49,8138,2.4830507679769296,1558194198,7,47448,49,8147,2.6541032194667493,1570771494,3,47500,49,8098,2.1771717781681295,1558190683,3,47304,49,8083,3.1031835563170915,1549797788,0,47189,41,25
1.6854568736361581,1545609305,5,47097,49,8103,2.0147929276796064,1551901868,7,47247,49,8134,1.7261528986391037,1551897961,3,47110,49,8120,2.4656109830523,1547704536,3,46924,49,8118,3.2336346073154085,1551895094,0,47246,41,8135
1.6854568736361581,1545609305,5,47097,49,8103,2.0147929276796064,1551901868,7,47247,49,8134,1.7261528986391037,1551897961,3,47110,49,8120,1.7131966850149274,1551899320,3,47109,49,8106,3.1696823685721998,1549798405,1,47225,41,8102
2.3256779450905567,1556097030,9,47372,49,8165,2.411653820426209,1556096604,6,47420,49,8114,1.7398210867439814,1551897564,3,47112,49,8142,2.4528629578764085,1545608957,4,46913,49,8141,2.4984552143093843,1558188370,1,47446,49,8169
2.3256779450905567,1556097030,9,47372,49,8165,2.411653820426209,1556096604,6,47420,49,8114,1.7398210867439814,1551897564,3,47112,49,8142,2.4909063592968357,1547705455,4,46933,49,8070,2.232045312695841,1553993178,1,47330,41,8122
2.7365138749913034,1560293122,11,47544,49,8155,2.3586168527410263,1556096977,7,47396,49,8122,1.9345292302642074,1549799989,2,47195,49,8187,1.9991877979073214,1558192414,5,47242,49,8144,2.8603328205083898,1545605461,1,47090,49,8139
2.7365138749913034,1560293122,11,47544,49,8155,0,1556096977,7,47396,49,8122,0,1549799989,2,47195,49,8187,2.1801273311419527,1560289200,5,47316,49,8127,2.617992895838,1560283856,0,47498,41,8119
1.6901486359391178,1547708740,9,47099,49,8131,1.9488015524383329,1549805221,7,47222,49,8102,2.354850936961393,1566577142,3,47370,49,8160,1.419449968301049,1549804007,5,46990,49,8115,2.9648788183743977,1547699625,0,47129,25,8179
1.6901486359391178,1547708740,9,47099,49,8131,1.9488015524383329,1549805221,7,47222,49,8102,2.354850936961393,1566577142,3,47370,49,8160,1.9891964517500584,1556096065,6,47220,49,8160,3.0224030818970755,1547701408,0,47157,41,8102
2.1151602088473878,1551903715,10,47283,49,18,1.912083503292337,1549804353,6,47206,49,8174,2.614834791961383,1558188682,3,47485,49,8185,2.412676251812863,1545609977,5,46900,49,8099,2.1634032042788047,1553993265,1,47299,49,8170
2.1151602088473878,1551903715,10,47283,49,18,1.912083503292337,1549804353,6,47206,49,8174,2.614834791961383,1558188682,3,47485,49,8185,1.7427748590347876,1553998487,5,47124,49,8161,2.3579068439526254,1556090318,1,47384,49,8140
2.6291126511212153,1560293038,11,47500,49,8117,1.9260565476005433,1549805443,7,47213,49,8103,1.7223794099101173,1551897357,3,47107,49,8106,1.7112597439378325,1551901368,5,47105,49,8095,3.1083846351670066,1549799131,1,47194,49,8144
2.2740685625826784,1554001412,11,47349,49,8123,2.395130430238019,1556096603,7,47408,49,8109,1.9993978656209312,1556091497,3,47223,49,8119,1.7157470349590096,1553997669,5,47109,49,8167,2.788833639097246,1545604905,1,47063,49,8083
2.6231977826110726,1558194647,9,47494,49,8132,2.048144593337548,1551902839,7,47258,49,8065,2.5704675345856027,1564480183,2,47464,49,8134,2.321086554021824,1560289452,5,47366,49,8131,2.245406798762618,1553993360,1,47335,49,8111
2.6231977826110726,1558194647,9,47494,49,8132,0,1551902839,7,47258,49,8065,2.5704675345856027,1564480183,2,47464,49,8134,1.8691475711427783,1553998495,5,47173,49,8080,2.617992895838,1543506560,0,46986,41,8089
1.9892986711668978,1549806179,9,47229,49,8102,2.123008289788846,1551902930,7,47292,49,8115,1.8732296089486804,1547702845,2,47172,49,8153,2.4688770534949294,1545608868,5,46917,49,8095,3.2994215169312575,1551896133,1,47273,49,8124
1.582033321523201,1562389409,10,47566,49,8180,2.643998257860879,1560291542,7,47512,49,8134,2.3238432765105763,1553994376,3,47362,49,8160,1.7088116276332432,1551900940,5,47105,49,8139,2.292119935607846,1553992317,0,47357,41,8180
1.582033321523201,1562389409,10,47566,49,8180,2.643998257860879,1560291542,7,47512,49,8134,2.3238432765105763,1553994376,3,47362,49,8160,1.9770562269599399,1558191634,5,47227,49,7,2.458270412852121,1556091404,1,47424,49,8128
2.4227773557095533,1556095450,5,47411,49,8128,1.9682824147425475,1549805329,7,47225,49,8090,1.715239531521524,1551897125,3,47105,49,8138,1.9495190873411665,1556094535,4,47209,49,8121,2.1923698167700443,1553993737,1,47311,49,8076
2.6268690144998974,1560292284,9,47498,49,8121,1.6546482244665388,1545611021,6,47092,49,8119,1.9116819838383083,1549800168,3,47187,49,8157,1.568262883406455,1549802841,4,47043,49,8177,3.0829870205256236,1549799196,1,47187,49,8111
2.6268690144998974,1560292284,9,47498,49,8121,1.6546482244665388,1545611021,6,47092,49,8119,1.9116819838383083,1549800168,3,47187,49,8157,1.7890809098101814,1553997960,4,47142,49,8142,3.1753946561432245,1551896251,1,47225,49,8149
2.636864091709474,1560292536,9,47504,49,8086,2.381973432020977,1556095751,6,47401,49,8153,2.3375095991211112,1562383501,3,47372,49,41,2.2799834608354876,1560287933,3,47345,49,8096,2.61819738571716,1560284902,1,47496,49,8080
1.674339038706836,1545611256,8,47093,49,8138,2.609728337086709,1560290497,7,47496,49,8112,2.4869340912520466,1556091571,3,47427,49,8179,2.46581737428752,1545608432,4,46915,49,8091,2.906945594356854,1545605221,1,47105,49,8135
2.3531147191621353,1556098023,9,47383,49,10,1.8552730609253765,1547707689,7,47173,49,8148,1.6427235134660603,1551896596,2,47064,49,6,2.0026583085045946,1558191611,5,47232,49,8137,2.6032038134484368,1558188505,1,47491,49,8118
2.3531147191621353,1556098023,9,47383,49,10,1.8552730609253765,1547707689,7,47173,49,8148,1.6427235134660603,1551896596,2,47064,49,6,1.3663126374645083,1547705641,4,46959,49,8142,3.1461213182560996,1549800236,1,47216,49,8112
1.9653305325753467,1549806623,9,47217,49,8098,2.6225805188836664,1558193464,7,47498,49,8078,1.8630300450701476,1547702898,3,47168,49,8187,1.8763878293571206,1556094673,4,47182,49,8093,2.650428166988619,1560285711,1,47508,49,8083
1.9653305325753467,1549806623,9,47217,49,8098,2.6225805188836664,1558193464,7,47498,49,8078,1.8630300450701476,1547702898,3,47168,49,8187,2.4995779924767705,1545608184,4,46928,49,8173,3.2708619731447146,1551897126,1,47265,49,8130
2.7089748525355657,1560289698,5,47534,49,8136,2.078029486459789,1551902954,7,47267,49,8134,2.0048034301426347,1556091891,3,47226,49,8169,1.7228850649517682,1553996805,3,47119,49,8173,2.820045759725175,1545604765,1,47069,49,8126
2.7089748525355657,1560289698,5,47534,49,8136,2.078029486459789,1551902954,7,47267,49,8134,2.0048034301426347,1556091891,3,47226,49,8169,2.3529083620825313,1545609332,5,46870,49,8143,2.2200091854663393,1553993316,1,47328,49,8133
2.242144506566848,1554001616,10,47335,49,8081,2.74028161380208,1560290389,6,47550,49,8090,2.1823766022826123,1558188921,2,47301,49,8152,1.6770901955067683,1551900731,4,47096,49,8148,3.0234236031351873,1547701124,0,47155,41,8121
2.242144506566848,1554001616,10,47335,49,8081,2.74028161380208,1560290389,6,47550,49,8090,2.1823766022826123,1558188921,2,47301,49,8152,2.306195227543693,1560288627,4,47360,49,8134,2.4620438906219886,1556090116,1,47427,49,8105
2.035400250830137,1551904325,10,47250,49,8187,2.5624017496853897,1558194613,7,47478,49,8121,2.200022768324486,1551896971,3,47304,49,8149,1.9859304265916495,1556095347,5,47228,49,8130,2.3421994762462397,1556090657,1,47378,49,8170
2.035400250830137,1551904325,10,47250,49,8187,2.5624017496853897,1558194613,7,47478,49,8121,2.200022768324486,1551896971,3,47304,49,8149,2.285182648544486,1560289568,5,47358,49,8091,2.753442437615875,1543507836,1,47042,49,8087
2.538948637870858,1558195411,10,47465,49,8112,2.778631745905601,1562387669,6,47566,49,8046,2.6440058964312128,1564479777,2,47495,49,8129,1.6814770949830287,1551901001,5,47093,49,8183,2.31802686763303,1556089865,0,47367,41,8147
2.538948637870858,1558195411,10,47465,49,8112,2.778631745905601,1562387669,6,47566,49,8046,2.6440058964312128,1564479777,2,47495,49,8129,2.3329163051422035,1545609244,4,46866,49,8099,3.0487170899057787,1549798020,0,47171,41,8081
2.173909473702663,1554001035,10,47308,49,8171,2.3346487565122955,1556097019,7,47375,49,8099,1.773786167836505,1553994633,3,47123,49,8100,1.7497121139309912,1553996726,4,47120,49,8120,2.721416146902842,1543506720,0,47028,41,8143
2.173909473702663,1554001035,10,47308,49,8171,2.3346487565122955,1556097019,7,47375,49,8099,1.773786167836505,1553994633,3,47123,49,8100,2.443683918479334,1545608556,4,46908,49,8113,2.3297562724329115,1556089641,0,47372,41,8182
2.192676522403825,1554000317,8,47316,49,8180,2.42348549005714,1556097188,8,47416,49,8163,2.065287016397565,1551897239,3,47249,49,8140,2.20715702446225,1560288449,4,47323,49,8155,2.309663867561615,1556089350,0,47361,41,8180
2.192676522403825,1554000317,8,47316,49,8180,2.42348549005714,1556097188,8,47416,49,8163,2.065287016397565,1551897239,3,47249,49,8140,1.4143511298043456,1547705057,3,46985,49,8125,2.82279685413231,1545604468,1,47082,49,8098
1.742878921022143,1547709795,10,47126,49,9,1.7111538360950593,1545610985,8,47112,49,8086,2.70652864970184,1566577551,3,47522,49,8176,2.0308088771836723,1556094477,4,47245,49,8118,2.569647683452612,1558187505,1,47476,49,8099
1.742878921022143,1547709795,10,47126,49,9,1.7111538360950593,1545610985,8,47112,49,8086,2.70652864970184,1566577551,3,47522,49,8176,1.5514327450422938,1549803109,4,47041,49,8088,3.3402178695404876,1551896357,1,47297,49,8065
1.647820540729671,1562389821,10,47594,49,8100,2.6721488303700265,1560291868,8,47522,49,8049,1.968289844206993,1549799920,2,47208,49,8171,2.160341646307723,1558191801,5,47303,49,8140,0,1547701796,1,47160,49,8151
1.647820540729671,1562389821,10,47594,49,8100,2.6721488303700265,1560291868,8,47522,49,8049,1.968289844206993,1549799920,2,47208,49,8171,1.73216819926111,1551900434,5,47117,49,8124,2.588109910888149,1558187665,1,47479,49,8103
1.5912123606736917,1562389382,9,47572,49,8137,2.5649521209024915,1558193047,6,47477,49,8073,2.5186536608248855,1558188404,2,47444,49,9,2.34403224940841,1545608746,4,46878,49,8104,2.277940514680371,1553993800,1,47360,49,8102
1.5912123606736917,1562389382,9,47572,49,8137,2.5649521209024915,1558193047,6,47477,49,8073,2.5186536608248855,1558188404,2,47444,49,9,1.9589026088351524,1556095116,5,47214,49,8133,3.0740124621389087,1549799342,1,47179,49,8132
1.6155897766464096,1562388782,8,47581,49,8131,2.585249003868124,1558194230,7,47486,49,8150,1.9069902214236383,1549799990,2,47185,49,8142,1.413841812846051,1547706528,5,46982,49,8120,2.7709863853124994,1545604930,1,47046,49,8133
1.6155897766464096,1562388782,8,47581,49,8131,2.585249003868124,1558194230,7,47486,49,8150,1.9069902214236383,1549799990,2,47185,49,8142,2.1872690977565514,1560288954,5,47311,49,8118,2.3983983762868015,1556091576,1,47403,49,8152
1.7343114376233089,1547709687,9,47121,49,8134,2.6426729032118685,1560291728,7,47512,49,8109,2.5780144886579808,1558189018,3,47471,49,8125,1.6508784056731813,1551901219,5,47082,49,8143,3.2761652895534965,1551896581,1,47269,49,8149
1.7343114376233089,1547709687,9,47121,49,8134,2.6426729032118685,1560291728,7,47512,49,8109,2.5780144886579808,1558189018,3,47471,49,8125,2.421857189764511,1545609339,5,46899,49,8120,2.879406584768208,1545605117,1,47095,49,8122
1.9136189120883267,1549807410,10,47195,49,8109,1.581416586932112,1562388468,7,47573,49,8139,2.0928260269873125,1551897205,2,47260,49,8141,1.9085182177483484,1556094601,5,47188,49,8186,2.5858643605378613,1558188268,1,47485,49,8170
1.9136189120883267,1549807410,10,47195,49,8109,1.581416586932112,1562388468,7,47573,49,8139,2.0928260269873125,1551897205,2,47260,49,8141,1.4644306683565291,1549803544,5,47006,49,8111,2.2125644649878193,1553993996,1,47321,49,8146
2.175541556231314,1554001122,10,47307,49,8102,1.8054983711568613,1547708648,8,47160,49,8096,1.7389028116577698,1545605175,2,47114,49,8169,2.1476939612835317,1560288272,4,47299,49,8150,3.055040932901618,1549799080,1,47173,49,8136
2.175541556231314,1554001122,10,47307,49,8102,1.8054983711568613,1547708648,8,47160,49,8096,1.7389028116577698,1545605175,2,47114,49,8169,1.8370190382295073,1553997164,4,47161,49,8138,2.7320227707050653,1545605047,1,47036,49,8103
2.532013240323891,1558195026,9,47460,49,8129,2.167070694536573,1553999677,7,47311,49,8146,1.476981763114636,1560285593,2,47506,49,8169,1.3661081542474052,1547705655,4,46962,49,8094,2.5745439340173455,1558188127,1,47476,49,8122
2.532013240323891,1558195026,9,47460,49,8129,2.167070694536573,1553999677,7,47311,49,8146,1.476981763114636,1560285593,2,47506,49,8169,2.258666048060995,1560289710,5,47339,49,8153,2.2890602553263517,1553993412,1,47355,49,8142
1.7095272553805847,1547709389,10,47108,49,8080,2.5993242726958696,1560291005,7,47497,49,8081,2.456945049413148,1562382338,2,47426,49,8161,1.8103983087811875,1553997840,4,47150,49,8170,3.3319571196340116,1551896709,1,47290,49,8118
1.7095272553805847,1547709389,10,47108,49,8080,2.5993242726958696,1560291005,7,47497,49,8081,2.456945049413148,1562382338,2,47426,49,8161,1.5540853532265755,1549802584,4,47039,49,8105,3.0719714157187528,1549799594,1,47183,49,8102
2.054269540036078,1551903792,9,47256,49,8130,1.937683719811709,1549805984,8,47216,49,8060,2.369435541521138,1562382247,2,47380,49,8170,2.3145582247529233,1560288625,4,47367,49,8102,2.958554976003042,1547702709,1,47127,49,8187
2.054269540036078,1551903792,9,47256,49,8130,1.937683719811709,1549805984,8,47216,49,8060,2.369435541521138,1562382247,2,47380,49,8170,2.0630377776809112,1558192131,4,47263,49,8120,2.72967688984882,1543507980,1,47035,49,8142
2.473570699347944,1558195703,10,47433,49,8166,2.58841091207003,1558194319,8,47492,49,8111,2.342201359652663,1566576545,3,47375,49,8122,1.7062612779566513,1551900520,4,47105,49,8043,2.6600161808998446,1560285682,1,47510,49,8102
2.473570699347944,1558195703,10,47433,49,8166,2.58841091207003,1558194319,8,47492,49,8111,2.342201359652663,1566576545,3,47375,49,8122,1.4684067395201221,1549803598,4,47013,49,8134,2.5040652613834506,1558188338,1,47447,49,8124
1.7485911953753999,1547709974,10,47125,49,8120,2.156259573311685,1553999011,7,47305,49,8129,2.451743973976768,1562383010,2,47421,49,8141,2.32577831800044,1560288297,4,47367,49,8098,2.4484779169682156,1556091389,1,47424,49,8079
1.7485911953753999,1547709974,10,47125,49,8120,2.156259573311685,1553999011,7,47305,49,8129,2.451743973976768,1562383010,2,47421,49,8141,2.14616412558311,1558190928,3,47296,49,8084,2.1532017586484793,1553993492,1,47303,49,8181
2.593924441469264,1558195397,10,47481,49,8082,2.2856900780312337,1553999834,8,47364,49,8136,2.506312696973312,1564479941,2,47438,49,8147,2.0154063616782367,1556094041,4,47242,49,8122,2.394522657745359,1556091174,1,47400,49,8126
2.593924441469264,1558195397,10,47481,49,8082,0,1553999834,,47364,49,8136,2.506312696973312,1564479941,2,47438,49,8147,1.4359752682589857,1547705608,4,46987,49,8172,3.007000555185595,1547701895,1,47155,49,8162
1.825291475958013,1547709394,9,47153,49,8111,1.7596012748299303,1547709032,8,47138,49,8142,1.5264478685592635,1543508426,3,47021,49,8156,2.1652378932318372,1558192110,4,47301,49,8166,2.844114261919909,1545605116,1,47088,49,8146
1.825291475958013,1547709394,9,47153,49,8111,1.7596012748299303,1547709032,8,47138,49,8142,1.5264478685592635,1543508426,3,47021,49,8156,1.764705676389981,1553997478,4,47124,49,8128,2.639003580779848,1543507929,1,46995,49,8136
2.606469888772345,1558193815,8,47486,49,8158,1.7385905866582516,1547707851,6,47128,49,8053,1.5510275586868083,1543508499,2,47034,49,8157,2.4308336470255902,1545609268,4,46897,49,8105,2.4542905469588057,1556090626,1,47430,49,8143
2.606469888772345,1558193815,8,47486,49,8158,1.7385905866582516,1547707851,6,47128,49,8053,1.5510275586868083,1543508499,2,47034,49,8157,2.0135716753512054,556095519,5,4726,49,8083,2.262642118531741,1553993284,1,47349,49,8161
2.232556509910421,1554000599,9,47328,49,8105,1.8039685301082358,1547708791,8,47159,49,8131,2.5406848777396447,1558188073,2,47451,49,8131,1.4268946860885867,1549803807,4,46996,49,8088,3.2639265758321185,1551895852,1,47260,41,8098
2.232556509910421,1554000599,9,47328,49,8105,1.8039685301082358,1547708791,8,47159,49,8131,2.5406848777396447,1558188073,2,47451,49,8131,2.211339470461371,1560289104,4,47321,49,8107,2.902049356268611,1547701851,1,47104,49,8146
1.7773533430783364,1547709946,10,47135,49,8085,1.6766794159309395,1545611147,8,47103,49,8085,2.123015771486067,1558188716,2,47274,49,8091,1.6376173213161656,1551901092,4,47082,49,8094,2.7437541031328907,1543507064,1,47032,41,8112
1.7773533430783364,1547709946,10,47135,49,8085,1.6766794159309395,1545611147,8,47103,49,8085,2.123015771486067,1558188716,2,47274,49,8091,2.38003840873324,1545608850,4,46883,49,8154,2.3819772119847014,1556090561,1,47395,49,8142
1.5626547226885925,1560292494,10,47552,49,8128,1.7983584917276962,1547708610,7,47158,49,8104,2.6215657055347337,1564481027,3,47490,49,8176,2.162892012343675,1558191905,4,47300,49,8142,2.469284117071747,1558187661,1,47435,49,8106
1.5626547226885925,1560292494,10,47552,49,8128,1.7983584917276962,1547708610,7,47158,49,8104,2.6215657055347337,1564481027,3,47490,49,8176,2.545370927823881,1547706527,4,46958,49,8077,3.0227079211047845,1547700752,0,47161,41,8153
1.874554979468827,1547708983,9,47174,49,8130,2.1418775664108223,1553999459,8,47302,49,8073,2.1288302894375,1558189161,3,47273,49,8187,1.9963344692841503,1556094713,4,47229,49,8163,2.894297912515822,1545604729,1,47100,49,8156
1.874554979468827,1547708983,9,47174,49,8130,2.1418775664108223,1553999459,8,47302,49,8073,2.1288302894375,1558189161,3,47273,49,8187,1.5710158377626646,1549804001,5,47047,49,8118,2.6744966065065348,1543507901,1,47015,49,8142
2.3645374080911394,1556097841,9,47386,49,8114,1.5867199159258574,1562387636,7,47577,49,8105,2.580258129492744,1564479914,2,47471,49,8164,2.189819463443461,1558191133,4,47308,49,8170,2.524460565739623,1558187124,1,47470,41,8084
2.3645374080911394,1556097841,9,47386,49,8114,1.5867199159258574,1562387636,7,47577,49,8105,2.580258129492744,1564479914,2,47471,49,8164,1.7500169760271072,1553997711,4,47124,49,8148,2.4446040984804913,1556090854,1,47413,49,8142
1.7460408503705884,1547709112,8,47122,49,8179,2.5656659030319933,1558193259,7,47483,49,8167,1.6277297333765532,1551897248,2,47058,49,8128,1.5249142606937711,1549803451,4,47027,49,8115,2.6134033811567137,1558187965,1,47494,49,8107
1.7460408503705884,1547709112,8,47122,49,8179,2.5656659030319933,1558193259,7,47483,49,8167,1.6277297333765532,1551897248,2,47058,49,8128,2.0084728274304386,1556094802,4,47230,49,8179,2.131581391102948,1551896313,1,47282,49,8118
1.6979000916637976,1547708337,8,47098,49,8084,2.6655182302992326,1560291890,8,47528,49,8109,2.196554130598591,1558189036,2,47305,49,8165,1.436177861213491,1549803546,4,46993,49,8096,3.1914087524136,1551895987,1,47227,41,8057
1.6979000916637976,1547708337,8,47098,49,8084,2.6655182302992326,1560291890,8,47528,49,8109,2.196554130598591,1558189036,2,47305,49,8165,2.2800838153040224,1560289390,4,47351,49,8135,3.0481055333867375,1549799054,1,47168,49,8130
1.9018895188185556,1549807422,10,47183,49,8160,2.003675093659054,1551902423,8,47241,49,8104,2.5657757733837876,1564480132,2,47461,49,8142,1.8047882755946,1553998184,4,47147,49,8080,2.999146874699232,1547701249,0,47151,41,8131
1.9018895188185556,1549807422,10,47183,49,8160,2.003675093659054,1551902423,8,47241,49,8104,2.5657757733837876,1564480132,2,47461,49,8142,1.4331181811227067,1549803477,4,46991,49,8170,2.8536000267668613,1545604281,1,47090,41,8145
2.3350614836762364,1556098406,10,47368,49,8129,1.7855081985168009,1547708942,8,47148,49,8170,1.5194102276183254,1549799841,2,47016,49,8140,2.4877444393244135,1547705684,4,46931,49,8165,3.0659561861757783,1547701739,1,47168,49,8189
2.3350614836762364,1556098406,10,47368,49,8129,1.7855081985168009,1547708942,8,47148,49,8170,1.5194102276183254,1549799841,2,47016,49,8140,1.8395675407585006,1553998301,4,47166,49,8123,2.557713794539834,1558187691,1,47471,49,8166
2.1795195302304315,1554000919,10,47301,49,8137,1.8534365004301467,1549804895,7,47177,49,8101,1.9781826987158098,1549799855,2,47214,49,8161,2.495395544019386,1547706106,4,46928,49,8105,2.432361580485782,1556089906,1,47420,41,18
2.3400599693679403,1556098479,10,47367,49,8113,2.43439883999382,1558193209,6,47425,49,8083,2.25173439867771,1560285626,2,47324,49,8176,1.6289494430545213,1551900794,4,47071,49,8098,3.286569345607604,1551896754,1,47269,49,8157
2.3400599693679403,1556098479,10,47367,49,8113,2.43439883999382,1558193209,6,47425,49,8083,2.25173439867771,1560285626,2,47324,49,8176,2.417165432201265,1545609144,4,46895,49,8140,3.0140381999566253,1547702088,1,47157,49,8159
1.596720177018617,1562389720,9,47567,49,8097,2.321082774808238,1556096926,7,47376,49,8104,2.455417110622678,1562383213,2,47415,49,8167,2.263051091032394,1560289669,5,47342,49,8115,3.1665204514635774,1549798626,1,47222,41,8178
1.596720177018617,1562389720,9,47567,49,8097,2.321082774808238,1556096926,7,47376,49,8104,2.455417110622678,1562383213,2,47415,49,8167,1.5725456774802147,1549803815,5,47048,49,8156,2.5786222329781374,1558187083,1,47482,41,8180
1.9115778969856025,1549806240,9,47192,49,8143,1.9315643600939458,1549805150,7,47211,49,8037,1.6030459123613652,1551897260,3,47052,49,8169,1.412005253560165,1547705706,4,46982,49,8073,2.74681378264283,1545604778,1,47033,49,8
1.9115778969856025,1549806240,9,47192,49,8143,1.9315643600939458,1549805150,7,47211,49,8037,1.6030459123613652,1551897260,3,47052,49,8169,2.014592192241206,1556094531,4,47234,49,8129,2.2258237143979076,1553992568,0,47325,41,8130
2.0375416697251705,1551903414,9,47245,49,8118,2.3875834723304172,1556097521,8,47404,49,8074,2.221135701703986,1558188860,2,47312,49,8140,1.5422537103561393,1549803887,4,47033,49,8157,3.2790204858939793,1551896218,1,47271,49,8166
2.0375416697251705,1551903414,9,47245,49,8118,2.3875834723304172,1556097521,8,47404,49,8074,2.221135701703986,1558188860,2,47312,49,8140,2.4736710605660774,1545609286,4,46917,49,8127,3.1142995167520167,1549797920,0,47198,41,8153
2.4703065464316927,1558195226,10,47426,49,8140,2.146569330389438,1551901847,7,47303,49,8128,1.5092106618338557,1549799729,2,47012,49,3,2.0211186413902573,1556094051,4,47242,49,8119,3.0370880427341436,1549798374,1,47171,41,8127
2.4703065464316927,1558195226,10,47426,49,8140,2.146569330389438,1551901847,7,47303,49,8128,1.5092106618338557,1549799729,2,47012,49,3,1.7689884974040166,1553998451,5,47129,49,8127,2.833100532946442,1545603837,0,47075,41,8130
1.709629502464124,1545612918,10,47100,49,8180,1.917693554265605,1549805020,7,47203,49,8109,0,1558188554,2,47261,49,8163,2.5026357680464777,1547706656,4,46936,49,8110,2.633904759419136,1560284131,1,47500,41,8142
1.709629502464124,1545612918,10,47100,49,8180,1.917693554265605,1549805020,7,47203,49,8109,2.0957834745345916,1558188554,2,47261,49,8163,2.1777833402674522,1558191570,4,47305,49,8095,2.2629488453888973,1553992616,0,47345,41,8108
2.4364436850240248,1556097458,9,47414,49,8145,2.1372880492778754,1551901844,6,47298,49,8032,0,1562383535,2,47431,49,8146,0,1556094514,4,47193,49,8111,0,1553992897,1,47363,41,8150
2.4364436850240248,1556097458,9,47414,49,8145,2.1372880492778754,1551901844,6,47298,49,8032,2.495399334530562,1562383535,2,47431,49,8146,2.314762714681348,1560289443,4,47362,49,8182,2.658586672044592,1560283801,0,47514,41,8060
2.6065721379058764,1558195182,9,47482,49,8091,2.4790728151433945,1558193699,7,47443,49,8109,1.6652640569473627,1551897540,2,47074,49,8151,1.5708113545864812,1551900582,4,47048,49,8127,2.2701909685582367,1553992624,0,47347,41,8095
2.6065721379058764,1558195182,9,47482,49,8091,2.4790728151433945,1558193699,7,47443,49,8109,1.6652640569473627,1551897540,2,47074,49,8151,2.1661561758912047,1558192431,4,47299,49,8157,2.873287222701872,1545603957,0,47090,41,8157
1.9001552032895026,1549806677,10,47184,49,8131,2.134126128184518,1551902258,7,47297,49,8110,2.5523120411896723,1564480775,3,47457,49,8165,1.710137003130639,1551900325,4,47106,49,8105,2.791590012365672,1543505636,0,47051,25,8095
1.9001552032895026,1549806677,10,47184,49,8131,2.134126128184518,1551902258,7,47297,49,8110,2.5523120411896723,1564480775,3,47457,49,8165,1.813560235188743,1553997877,4,47148,49,8124,3.03668285056254,1547701613,1,47160,41,8059
1.6594477258383062,1562389402,9,47592,49,8123,1.7228832276811907,1547708704,8,47121,49,8070,2.3529121344967407,1566576959,3,47372,49,1,2.1568748921217566,1558192164,4,47294,49,8102,2.591065431703418,1558188164,1,47489,49,8171
1.6594477258383062,1562389402,9,47592,49,8123,1.7228832276811907,1547708704,8,47121,49,8070,2.3529121344967407,1566576959,3,47372,49,1,2.510489452047819,1547706150,4,46939,49,8107,3.1231737220633917,1549798930,1,47200,49,8134
2.744265328483164,1560292439,10,47540,49,8141,1.7386928262545251,1547708558,7,47126,49,8118,1.537870554025886,1549799783,2,47027,49,3,2.0186723931282677,1556094263,4,47233,49,8086,3.0040431153194014,1547702741,1,47152,49,8098
2.744265328483164,1560292439,10,47540,49,8141,1.7386928262545251,1547708558,7,47126,49,8118,1.537870554025886,1549799783,2,47027,49,3,2.0307066449055298,1558191955,5,47243,49,8155,3.322982571930466,1551895670,1,47281,41,8134
1.6709726621887713,1545609116,4,47087,49,8141,1.8481331757455766,1547706874,5,47173,49,8096,2.2060398950296185,1551896965,3,47308,49,8159,2.3471979735496826,1560288732,4,47372,49,10,2.8485011794508925,1545604949,1,47085,49,8128
1.6709726621887713,1545609116,4,47087,49,8141,1.8481331757455766,1547706874,5,47173,49,8096,2.2060398950296185,1551896965,3,47308,49,8159,1.4827887535660007,1549803501,4,47015,49,8133,2.3049721074769054,1553993872,1,47358,49,8107
1.7097317371616796,1545610891,8,47099,49,8143,2.073949273915159,1551902540,7,47271,49,8136,2.463982696290713,1562384245,2,47427,49,8137,1.7677635138150944,1553999087,6,47133,49,8180,3.0469846553489286,1547703286,2,47163,49,8098
1.7097317371616796,1545610891,8,47099,49,8143,2.073949273915159,1551902540,7,47271,49,8136,2.463982696290713,1562384245,2,47427,49,8137,2.151571569459989,1558191526,4,47290,49,8146,2.410534852611227,1556091456,1,47411,49,8148
2.645533831190443,1560290976,8,47500,49,8112,2.095878239419232,1551902055,6,47280,49,8105,1.493912255152248,1566577532,2,47514,49,8184,2.422061681313761,1545609334,4,46894,49,8122,3.162646623614658,1549799801,1,47213,49,8101
2.197368299005717,1554000483,9,47310,49,8161,1.9975557341084909,1549804928,6,47236,49,8110,1.6637342138525044,1551898740,3,47073,49,7,1.8359985318503411,1553998287,4,47160,49,8078,3.2449569427814704,1551895475,1,47246,41,8095
2.1202609400670305,1551904011,9,47274,49,8156,2.5759677156789103,1558194062,7,47485,49,8150,1.742166969475365,1545605948,2,47112,49,8150,2.31598582729123,1560288698,3,47367,49,8168,2.6101372929031412,1543507811,1,46990,49,8110
2.1202609400670305,1551904011,9,47274,49,8156,2.5759677156789103,1558194062,7,47485,49,8150,1.742166969475365,1545605948,2,47112,49,8150,2.0519199346649373,1558193342,5,47260,49,8121,2.759766286371945,1543508050,1,47043,49,8143
2.6065721379058764,1558195701,11,47482,49,2,2.18481721820067,1553998629,7,47320,49,8129,1.759404176928369,1553994765,2,47119,49,8166,2.5191591753825113,1547706453,4,46943,49,7,2.759766286371945,1543508050,1,47043,49,8143
2.6065721379058764,1558195701,11,47482,49,2,2.18481721820067,1553998629,7,47320,49,8129,1.759404176928369,1553994765,2,47119,49,8166,2.323330195398081,1560288603,4,47367,49,8091,2.9065366395224035,1547700589,0,47108,41,8120
2.064469116888636,1551903603,9,47253,49,8123,2.158809938556737,1551902201,7,47303,49,8119,1.9881796461957748,1556092372,3,47212,49,8171,1.5622438700857697,1549803049,4,47045,49,8073,0,1545605059,1,47031,49,8121
2.064469116888636,1551903603,9,47253,49,8123,2.158809938556737,1551902201,7,47303,49,8119,1.9881796461957748,1556092372,3,47212,49,8171,1.4195541015391777,1547706938,5,46980,49,8165,3.152038089622623,1549800691,2,47214,49,8111
2.0224477331742485,1551903875,10,47233,49,8158,2.0787432754254938,1551903049,7,47272,49,8133,1.5833605796110564,1549800140,3,47045,49,8153,1.8648610406970587,1556094998,4,47182,49,8079,3.023319477246687,1547702399,1,47164,49,8149
2.0224477331742485,1551903875,10,47233,49,8158,2.0787432754254938,1551903049,7,47272,49,8133,1.5833605796110564,1549800140,3,47045,49,8153,1.757259090617286,1553997918,4,47125,49,8133,2.152080879678444,1553993195,1,47298,49,8130
2.1271963445868964,1551903854,10,47278,49,8089,2.321898818760589,1556095971,6,47375,49,8123,1.7721540958322546,1547702500,3,47119,49,8139,1.967369722197038,1556095489,4,47209,49,8133,2.920918641004306,1547699760,0,47112,25,8162
2.1271963445868964,1551903854,10,47278,49,8089,2.321898818760589,1556095971,6,47375,49,8123,1.7721540958322546,1547702500,3,47119,49,8139,2.166972214091138,1558192360,4,47300,49,8119,2.3873827702693093,1556090096,0,47399,41,8149
2.510391011022355,1558195283,10,47441,49,8180,1.749503956033244,1547708180,7,47131,49,8078,1.7392095231041795,1551896935,2,47106,49,8142,2.3132328724583475,1560289632,5,47362,49,8075,3.1447959629440745,1549799466,1,47213,49,8101
2.510391011022355,1558195283,10,47441,49,8180,1.749503956033244,1547708180,7,47131,49,8078,1.7392095231041795,1551896935,2,47106,49,8142,2.4797904189170614,1545608242,4,46921,49,8173,2.5618962432522423,1558189294,2,47472,49,8091
2.1998164199896273,1554000968,9,47310,49,8116,1.9284024425881587,1549805788,7,47209,49,8144,1.5965175887494398,1551897260,2,47049,49,8064,1.7181933058884113,1551899895,4,47116,49,8035,2.5618962432522423,1558189294,2,47472,49,8091
2.1998164199896273,1554000968,9,47310,49,8116,1.9284024425881587,1549805788,7,47209,49,8144,1.5965175887494398,1551897260,2,47049,49,8064,1.5905989262324736,1551900408,4,47055,49,8160,2.573012179849817,1558187075,0,47483,41,8173
2.416658007160581,1556098560,10,47400,49,8100,2.168091222924228,1553998815,6,47307,49,8094,2.580260036405809,1564480126,3,47460,49,8140,2.104754311123851,1558191735,4,47278,49,8132,2.3816704819143326,1556089547,1,47399,41,8165
2.416658007160581,1556098560,10,47400,49,8100,2.168091222924228,1553998815,6,47307,49,8094,2.580260036405809,1564480126,3,47460,49,8140,2.018977238286365,1556093792,4,47239,49,8087,2.6758238758646047,1543508793,2,47011,49,19
1.5976384605207299,1562388893,8,47566,49,8084,2.4869265013876323,1558194169,7,47445,49,8144,1.7218700812495753,1551898857,4,47100,49,8159,2.318638433557922,1560288939,4,47365,49,8136,2.2657017960440453,1553992587,0,47352,41,8098
1.5976384605207299,1562388893,8,47566,49,8084,2.4869265013876323,1558194169,7,47445,49,8144,1.7218700812495753,1551898857,4,47100,49,8159,1.3927288890497596,1547706481,4,46971,49,8184,2.955393054832975,1547698931,0,47126,17,8143
2.601268821452295,1558195791,10,47478,49,8142,2.577599802519935,1558193223,6,47484,49,8078,1.743901285678436,1551898639,3,47108,49,8137,2.034175279710565,1558191490,4,47242,49,8115,2.863801458065201,1545605455,2,47088,49,8118
2.1757460477006916,1551903749,10,47298,49,8154,2.304968341094293,1553999335,7,47365,49,8038,2.288145744292184,1560286680,3,47340,49,8118,2.345666237286435,1545609823,5,46868,49,8096,3.3417457936194737,1553992181,0,47306,41,8094
2.1757460477006916,1551903749,10,47298,49,8154,2.304968341094293,1553999335,7,47365,49,8038,2.288145744292184,1560286680,3,47340,49,8118,1.5468432299823522,1549804342,5,47036,49,8071,3.3417457936194737,1553992181,0,47306,41,8094
1.6681174461657937,1545613043,11,47083,49,13,2.0496744308447474,1551902040,6,47260,49,2,1.6801553871632522,1551897758,2,47077,49,8121,2.191247063784359,1558191276,4,47310,49,8113,2.3310816285704066,1556090500,1,47375,49,8105
1.6681174461657937,1545613043,11,47083,49,13,2.0496744308447474,1551902040,6,47260,49,2,1.6801553871632522,1551897758,2,47077,49,8121,2.037234961886281,1556094211,4,47244,49,8162,2.8508470580170857,1545605330,1,47087,49,8121
2.485504603871623,1556098033,10,47428,49,8149,2.004491139275958,1551902426,8,47239,49,8077,1.8240701897934246,1553994380,3,47138,49,8145,2.588310577690739,1547706595,4,46977,49,8110,2.776085206558073,1545604919,1,47051,49,8113
2.485504603871623,1556098033,10,47428,49,8149,2.004491139275958,1551902426,8,47239,49,8077,1.8240701897934246,1553994380,3,47138,49,8145,2.487541859803653,1545608803,4,46925,49,8118,3.206300079131887,1551896570,1,47233,49,8103
1.8653759344562801,1547709378,10,47164,49,8147,1.6862674164932792,1545610623,7,47103,49,8128,2.614529972815503,1564480934,3,47476,49,8164,1.4427061874393792,1549803558,4,46993,49,3,2.7465070430403635,1545604380,1,47037,49,8098
1.8653759344562801,1547709378,10,47164,49,8147,1.6862674164932792,1545610623,7,47103,49,8128,2.614529972815503,1564480934,3,47476,49,8164,1.5289944656777485,1549803751,5,47027,49,8097,2.162892005736801,1553993253,1,47303,49,8116
1.7121798545566158,1545611996,10,47098,49,8182,2.1589121845541444,1551900835,5,47300,49,8094,1.5906027138205008,1549800799,3,47041,49,8144,1.8796519895138064,1556093926,4,47181,49,8137,3.2101757999657696,1549798148,0,47235,41,8164
2.478160232767484,1558194618,9,47428,49,8160,2.1334123343000893,1551902684,7,47294,49,8039,1.6899460188832058,1551898198,3,47083,49,8158,1.8690453362276562,1553997578,4,47173,49,8124,3.2071161201804945,1549799162,1,47233,49,8180
2.478160232767484,1558194618,9,47428,49,8160,2.1334123343000893,1551902684,7,47294,49,8039,1.6899460188832058,1551898198,3,47083,49,8158,1.4398509895020049,1549803444,4,46989,49,8188,2.203383539728222,1553993933,1,47322,49,8136
1.6696472905272641,1562388722,8,47595,49,8118,2.718045899623122,1560290654,6,47546,49,8077,1.805303141156096,1553995301,3,47128,49,8150,2.5321135972851647,1547706387,4,46944,49,8128,2.2348986232592036,1553993030,1,47341,49,46
2.485300118773909,1558194876,9,47430,49,8139,2.6489967569859307,1560291247,7,47511,49,8177,2.5014164598215953,1564480267,3,47431,49,8160,1.6202778820751638,1551900593,4,47076,49,8158,3.2178249990525325,1549799208,1,47240,49,8138
2.485300118773909,1558194876,9,47430,49,8139,2.6489967569859307,1560291247,7,47511,49,8177,2.5014164598215953,1564480267,3,47431,49,8160,2.4757102118911076,1545608997,4,46921,49,8125,2.2947725426814336,1553993951,1,47354,49,8100
2.644615546702128,1560292184,9,47500,49,8154,2.7189641891590357,1560290217,6,47545,49,8103,2.476531940573946,1562383335,2,47411,49,8145,2.453271930264621,1545608192,4,46909,49,8124,2.9171451603322955,1547701576,1,47108,49,8156
1.909029400690999,1549806442,9,47184,49,8167,2.185226189553923,1553999335,7,47314,49,8130,1.828150385782426,1553994876,3,47136,49,6,2.314660470923055,1560288946,4,47364,49,8160,2.1264806711805484,1551896752,1,47284,49,8113
1.909029400690999,1549806442,9,47184,49,8167,2.185226189553923,1553999335,7,47314,49,8130,1.828150385782426,1553994876,3,47136,49,6,1.7208477403757403,1551900814,5,47106,49,8136,2.359334443824475,1556089725,0,47385,41,8172
1.6797446189935676,1562389183,8,47600,49,8171,1.8216146927029877,1547707375,6,47159,49,8126,1.5924373869080215,1543508822,3,47047,49,8152,1.552962589182828,1549804423,5,47040,49,8177,3.1240920043986256,1549799813,1,47199,49,8137
1.6797446189935676,1562389183,8,47600,49,8171,1.8216146927029877,1547707375,6,47159,49,8126,1.5924373869080215,1543508822,3,47047,49,8152,2.5031450747095145,1547706402,4,46940,49,8142,2.4320548475237116,1556092163,2,47424,49,8156
1.8175400364056724,1547709422,9,47145,49,8096,2.0594669157972882,1551902735,7,47259,49,8051,2.0447856577890096,1556092083,2,47236,49,0,1.5671401171115085,1549804302,5,47045,49,8082,2.28477557028197,1553993285,1,47356,49,8129
1.8175400364056724,1547709422,9,47145,49,8096,2.0594669157972882,1551902735,7,47259,49,8051,2.0447856577890096,1556092083,2,47236,49,0,2.2992598281878744,1560289076,4,47355,49,8085,2.535377757360645,1558188211,1,47459,49,8128
2.6893917785935852,1560292568,9,47516,49,8161,1.727983940542558,1547708928,8,47117,49,37,1.5170643535285666,1566577904,3,47522,49,8145,2.4951910569635136,1547705967,4,46930,49,8135,2.4329731374609516,1556091129,1,47421,49,8111
2.3045650328722007,1554000797,10,47353,49,8130,2.4870287485243643,1558193491,6,47443,49,8158,2.2217472701102303,1560285784,2,47309,49,8143,2.3762668265117117,1545608002,4,46872,49,8178,2.623909685047124,1558188500,2,47493,49,8101
2.3045650328722007,1554000797,10,47353,49,8130,2.4870287485243643,1558193491,6,47443,49,8158,2.2217472701102303,1560285784,2,47309,49,8143,1.8750624651969812,1556094787,4,47178,49,8126,2.826267369057038,1545604626,1,47069,49,8148
1.7140164019293485,1545611714,9,47095,49,8103,1.977054372773213,1549805917,7,47228,49,8064,1.7186059346890603,1551897928,3,47095,49,8156,2.0489643666063686,1558191723,4,47249,49,8164,2.587803184206282,1558187895,1,47479,49,8148
1.7140164019293485,1545611714,9,47095,49,8103,1.977054372773213,1549805917,7,47228,49,8064,1.7186059346890603,1551897928,3,47095,49,8156,1.4873801661002266,1549803946,4,47011,49,8093,2.6687881583943294,1560284170,0,47509,41,8117
2.0133709246854603,1549805309,8,47224,49,8109,2.0672183553696826,1551902474,6,47264,49,8097,2.5148801950315502,1564480105,3,47432,49,8115,2.469590853810738,1545608992,4,46917,49,8130,3.188960633638339,1549798358,0,47225,41,8151
2.0133709246854603,1549805309,8,47224,49,8109,2.0672183553696826,1551902474,6,47264,49,8097,2.5148801950315502,1564480105,3,47432,49,8115,2.0553904471087217,1558191748,4,47250,49,8083,2.297525503138749,1553993465,1,47357,49,8136
2.3851410313156016,1556098010,9,47387,49,8078,2.278959169582051,1553999827,7,47356,49,8134,1.6956582912168865,1545605798,2,47080,49,8178,1.7371666721062233,1551900695,5,47114,49,8151,2.8006668018739984,1545604683,1,47056,49,8128
2.3851410313156016,1556098010,9,47387,49,8078,2.278959169582051,1553999827,7,47356,49,8134,1.6956582912168865,1545605798,2,47080,49,8178,2.4576569628805855,1545609877,5,46914,49,8136,3.051981258993272,1547701714,1,47168,49,8104
2.626052988149954,1558195174,9,47489,49,8168,2.269677889319407,1553999578,6,47351,49,8121,1.9950128271659582,1556091933,3,47209,49,8186,2.032543199998246,1558191738,4,47242,49,8098,2.2930382239907985,1556090720,1,47353,49,8129
2.626052988149954,1558195174,9,47489,49,8168,2.269677889319407,1553999578,6,47351,49,8121,1.9950128271659582,1556091933,3,47209,49,8186,1.4183290966646767,1547705968,4,46984,49,8073,2.496722799406511,1558188062,1,47436,49,8116
2.672868366138017,1560292728,10,47510,49,8084,1.925444999904354,1549805967,7,47206,49,8130,2.1773800064449897,1558188718,2,47285,49,8110,2.162382692217009,1558191667,4,47297,49,8112,2.721211661524015,1543507429,1,47027,49,8147
2.672868366138017,1560292728,10,47510,49,8084,1.925444999904354,1549805967,7,47206,49,8130,2.1773800064449897,1558188718,2,47285,49,8110,2.5481257869217973,1547706549,4,46955,49,8178,2.7112185075811213,1543507749,1,47013,49,8122
1.6103883951029352,1562389285,9,47567,49,8169,1.6911636500205582,1545611275,7,47103,49,8030,1.7808238237386746,1553994286,3,47117,49,8122,2.166869973963435,1558192302,4,47301,49,8128,3.170398069821602,1549799754,1,47215,49,8129
2.217053631622414,1553999799,8,47315,49,8154,2.6958121206805017,1560291422,7,47533,49,8187,1.7450240333808738,1551897305,2,47100,49,8150,2.279165528316032,1560290047,5,47354,49,8129,2.5402721003837287,1558188029,1,47465,49,8085
2.217053631622414,1553999799,8,47315,49,8154,2.6958121206805017,1560291422,7,47533,49,8187,1.7450240333808738,1551897305,2,47100,49,8150,2.2726372013458063,1560288591,4,47354,49,8138,2.163810290694212,1553992977,1,47300,41,8132
1.772866061192376,1547710325,11,47126,49,20,2.545675761201115,1558193625,6,47469,49,8115,2.2431669232834937,1560285540,3,47312,49,8174,2.4741822709545116,1545609119,4,46914,49,8187,3.3296131496264567,1553993138,1,47278,49,8073
1.772866061192376,1547710325,11,47126,49,20,2.545675761201115,1558193625,6,47469,49,8115,2.2431669232834937,1560285540,3,47312,49,8174,2.3351618375953485,1543511362,4,46861,49,8160,2.8728782715351127,1545604253,1,47092,41,8065
2.4848930505116362,1556097258,9,47424,49,34,2.1675819049802167,1551902333,7,47304,49,8176,2.516512277293735,1562383094,2,47432,49,8161,2.4584729998475443,1545609390,4,46916,49,8052,2.7046882494784636,1543507547,1,47021,49,8114
2.4848930505116362,1556097258,9,47424,49,34,2.1675819049802167,1551902333,7,47304,49,8176,2.516512277293735,1562383094,2,47432,49,8161,2.2476504429510715,1560289926,5,47335,49,8136,2.202976466358011,1553992739,1,47316,41,8112
1.9114775218542588,1549806302,9,47182,49,8165,1.5928406747320363,1562388148,7,47571,49,8182,2.6513483760579453,1564480045,2,47494,49,8129,2.3250645146302857,1560289331,4,47368,49,8120,3.2451595330356047,1551896352,1,47250,49,8093
1.9114775218542588,1549806302,9,47182,49,8165,1.5928406747320363,1562388148,7,47571,49,8182,2.6513483760579453,1564480045,2,47494,49,8129,2.0247917517533334,1556095225,4,47240,49,8120,2.795465735834525,1545604132,1,47051,41,8105
1.594681027819278,1562389764,10,47560,49,6,2.481318368054404,1558193658,7,47435,49,8119,2.3263936507622867,1560286371,3,47353,49,12,2.3409763655235722,1543511000,4,46860,49,8132,2.9391763724452353,1547702071,1,47114,49,8088
1.594681027819278,1562389764,10,47560,49,6,2.481318368054404,1558193658,7,47435,49,8119,2.3263936507622867,1560286371,3,47353,49,12,1.7181951493187329,1551901138,5,47110,49,8111,2.148307404430406,,,,,8084
1.9411579375796768,1549805518,8,47195,49,8136,2.431441411417794,1556096228,6,47420,49,8123,2.5865838865127464,1564480410,2,47458,49,8092,1.66699286650207,1551901134,4,47092,49,8064,3.1952844774869122,1551896066,1,47227,49,8124
1.9411579375796768,1549805518,8,47195,49,8136,2.431441411417794,1556096228,6,47420,49,8123,2.5865838865127464,1564480410,2,47458,49,8092,2.4689792945447575,1545609288,4,46917,49,8115,2.700812529978467,1543508095,1,47019,49,8125
2.301709834887313,1554001098,10,47348,49,8138,2.5062047706228037,1558194035,7,47447,49,8142,2.3792280417989202,1560285733,2,47371,49,8127,2.3132309730929856,1543512102,5,46860,49,8116,2.487032546138137,1558187730,1,47435,49,8104
2.301709834887313,1554001098,10,47348,49,8138,2.5062047706228037,1558194035,7,47447,49,8142,2.3792280417989202,1560285733,2,47371,49,8127,1.8597640452601687,1553998263,5,47170,49,8088,3.068913628802187,1549798488,1,47170,41,39
2.6582837723379593,1560291670,9,47500,49,8113,1.6209917033689136,1562388155,6,47582,49,8130,1.7523665434400935,1553994083,2,47109,49,4,2.017040307539708,1556094730,4,47236,49,8122,3.0892105173044273,1549798647,1,47179,41,8120
2.6582837723379593,1560291670,9,47500,49,8113,1.6209917033689136,1562388155,6,47582,49,8130,1.7523665434400935,1553994083,2,47109,49,4,2.4164516294309504,1545609737,4,46896,49,8142,3.0892105173044273,1549798647,1,47179,41,8120
2.69571562643374,1560292867,10,47517,49,8158,2.788017196599876,1562388182,7,47564,49,8122,1.5949896438593993,1549800236,2,47036,49,8185,1.4193496153405822,1547706248,5,46984,49,8132,2.2331680807159224,1553993188,1,47324,49,8127
2.1931877396661346,1554000654,9,47300,49,8167,1.9842964957306997,1549804446,6,47228,49,8154,1.58784786959889,1549800540,3,47042,49,8172,2.3127235519215894,1560289123,4,47361,49,8142,3.2050769690710403,1549798337,1,47227,41,8174
2.1931877396661346,1554000654,9,47300,49,8167,1.9842964957306997,1549804446,6,47228,49,8154,1.58784786959889,1549800540,3,47042,49,8172,1.5524532648245348,1549803608,4,47042,49,8158,2.4542924551412,1558187044,1,47420,41,8120
1.903930548265205,1549806540,10,47176,49,8090,2.7477282374126517,1560290662,6,47551,49,8118,2.3972812927063694,1562383607,2,47378,49,8183,1.5838680011570672,1549802962,4,47054,49,8124,2.5723003032254677,1558187723,1,47471,49,8101
2.771295048793619,1560292009,9,47544,49,8145,2.0931252852422455,1551901724,6,47273,49,8125,1.9080107453918336,1556091446,3,47175,49,8144,2.3853436146812372,1545609491,4,46884,49,8175,2.1724800141895138,1551896077,1,47303,49,8127
2.771295048793619,1560292009,9,47544,49,8145,2.0931252852422455,1551901724,6,47273,49,8125,1.9080107453918336,1556091446,3,47175,49,8144,1.5578588253365278,1549803546,5,47045,49,8112,2.626662629000769,1560284179,1,47498,41,8053
1.6998388818386538,1545612887,10,47089,49,8170,1.9757290130753595,1549804216,6,47224,49,8105,2.492032937864808,1562383415,2,47425,49,8170,2.3560721702646465,1545609289,4,46867,49,8139,0,1556090347,1,47349,49,8151
1.6998388818386538,1545612887,10,47089,49,8170,1.9757290130753595,1549804216,6,47224,49,8105,2.492032937864808,1562383415,2,47425,49,8170,1.5677516618439231,1549803449,4,47052,49,8095,2.752728649811634,1545604195,1,47037,41,8128
2.0755869647281506,1551903224,9,47253,49,8153,2.6125854446494814,1558192956,6,47492,49,8121,1.7429830184192492,1551897414,2,47105,49,8142,1.6453705988027956,1551901026,4,47083,49,8128,2.9326480540388298,1547701390,1,47113,41,8119
1.9907281535270713,1549807143,10,47213,49,8150,1.7833667951354641,1547708447,7,47144,49,8116,1.759608656147004,1551897052,2,47110,49,8145,1.605185756653079,1549803151,4,47061,49,8178,2.931118213132475,1547701560,1,47112,41,8155
1.9907281535270713,1549807143,10,47213,49,8150,1.7833667951354641,1547708447,7,47144,49,8116,1.759608656147004,1551897052,2,47110,49,8145,1.4635123784767705,1549803655,4,47010,49,8141,3.168968579330397,1549799061,1,47220,49,8138
1.754303484170496,1547709429,10,47115,49,8170,1.6841260053851808,1545611003,6,47101,49,8167,2.0950696824884245,1558188733,2,47253,49,5,2.4722434539763274,1547706212,5,46920,49,8163,3.1943661965223837,1549798141,1,47227,41,8105
1.754303484170496,1547709429,10,47115,49,8170,1.6841260053851808,1545611003,6,47101,49,8167,2.0950696824884245,1558188733,2,47253,49,5,2.4492939562158673,1545609277,4,46913,49,8155,2.290387509130418,1553992852,1,47346,41,8109
2.436445585952872,1556098210,9,47403,49,8156,2.2089917144569036,1553999993,7,47323,49,8128,2.6981656650820316,1566577237,3,47508,49,8122,1.8898534008586836,1556094568,4,47182,49,8159,3.1630518070514007,1549799547,1,47222,49,8159
2.436445585952872,1556098210,9,47403,49,8156,2.2089917144569036,1553999993,7,47323,49,8128,2.6981656650820316,1566577237,3,47508,49,8122,2.158506960295986,1558192272,4,47300,49,8143,2.4773422947181434,1558187810,1,47433,49,8136
2.41992217585157,1556097411,8,47397,49,8124,2.297828454088618,1553999110,6,47364,49,8100,2.431653472810773,1562383189,2,47393,49,8132,1.9357505068751628,1556095229,4,47204,49,8164,2.5170196893766335,1558187107,1,47444,41,8153
2.41992217585157,1556097411,8,47397,49,8124,2.297828454088618,1553999110,6,47364,49,8100,2.431653472810773,1562383189,2,47393,49,8132,1.9275901108912283,1556094852,4,47204,49,8122,2.746304480728015,1545604713,1,47028,49,8133
1.913721166377188,1549805911,9,47184,49,8132,2.7045840910766623,1560291085,6,47536,49,8070,1.5950899963799337,1549800385,2,47043,49,8167,1.4592314740916892,1549803534,4,46996,49,8144,2.4429701223221403,1558186965,1,47418,41,8148
1.913721166377188,1549805911,9,47184,49,8132,2.7045840910766623,1560291085,6,47536,49,8070,1.5950899963799337,1549800385,2,47043,49,8167,1.7438994437966397,,,,,,3.06707895054397,1547701477,1,47163,41,8092
1.6268098632813797,1562389876,10,47573,49,8156,2.147998816343779,1551901314,6,47297,49,8101,1.5314463656885209,1560286014,2,47523,49,8172,2.4969253727916882,1547705977,4,46934,49,8169,2.7624169843992936,1545604649,1,47046,49,8134
1.6268098632813797,1562389876,10,47573,49,8156,2.147998816343779,1551901314,6,47297,49,8101,1.5314463656885209,1560286014,2,47523,49,8172,1.6134480700731062,1551900974,4,47060,49,8072,3.299928929949699,1551895819,1,47280,41,8146
2.4010528848121435,1556097661,9,47390,49,8123,2.5450642064168445,1558194127,7,47468,49,8107,2.553434820233499,1558188430,2,47447,49,8176,1.5525555072511341,1549803779,4,47041,49,8141,2.3618848150556198,1556090385,1,47381,49,8112
2.0639597972191037,1551903655,9,47247,49,19,2.037130862347029,1551901493,6,47248,49,8127,1.9484019079374886,1556091668,2,47187,49,8115,1.393442677776557,1547706422,4,46977,49,8110,2.417369917335145,1556090749,1,47405,49,8107
2.0639597972191037,1551903655,9,47247,49,19,2.037130862347029,1551901493,6,47248,49,8127,1.9484019079374886,1556091668,2,47187,49,8115,1.468410516225064,1549803967,4,47002,49,8174,2.6307428407227214,1560284166,1,47497,41,8111
1.9296330067661256,1549806752,9,47187,49,8138,2.1568730203887863,1551901977,6,47298,49,8173,1.7941853063295423,1551897168,3,47123,49,8183,2.15279467768684,1558192381,4,47300,49,8141,2.488766873885638,1558187838,1,47433,49,8127
1.9296330067661256,1549806752,9,47187,49,8138,2.1568730203887863,1551901977,6,47298,49,8173,1.7941853063295423,1551897168,3,47123,49,8183,2.507636155770047,1545608786,4,46933,49,8141,2.978954112289108,1547701959,1,47131,49,30
2.5999434748704147,1558194700,9,47471,49,8155,2.2277587652007695,1553999629,6,47329,49,8136,2.620649338813556,1564480472,3,47475,49,8161,2.036521150377224,1558191252,4,47248,49,8096,2.62931524631219,1560283967,0,47495,41,8118
2.5999434748704147,1558194700,9,47471,49,8155,2.2277587652007695,1553999629,6,47329,49,8136,2.620649338813556,1564480472,3,47475,49,8161,2.42267322463707,1545608653,4,46902,49,8147,3.187737521278092,1549799491,1,47220,49,8110
2.3099724818640994,1554000724,9,47346,49,8188,2.698362496745513,1560291265,7,47531,49,8058,1.7833741738029552,1551897458,3,47116,49,8147,2.2808998449171747,1560289904,4,47356,49,8124,3.1650947520871684,1549799190,1,47210,49,8148
2.3099724818640994,1554000724,9,47346,49,8188,2.698362496745513,1560291265,7,47531,49,8058,1.7833741738029552,1551897458,3,47116,49,8147,2.3174153079847244,1560289667,5,47366,49,8124,3.335120954907968,1551896122,1,47279,49,8159
1.7929603285676161,1547708435,8,47127,49,8141,2.7563979644136825,1560291044,7,47554,49,8110,2.5073332358891567,1562383619,2,47426,49,8153,2.1608528412559624,1558192830,5,47301,49,8109,3.346236900990719,1551895809,0,47290,41,8127
1.7929603285676161,1547708435,8,47127,49,8141,2.7563979644136825,1560291044,7,47554,49,8110,2.5073332358891567,1562383619,2,47426,49,8153,2.14922567641135,1558191320,4,47295,49,8097,2.3518897336343927,1556090768,1,47375,49,8139
2.078646649047204,1551904052,10,47254,49,8158,2.1042431285243315,1551901905,6,47276,49,8160,1.9339176769576187,1553994457,2,47184,49,8136,1.8810814420083861,1556093759,4,47180,49,8185,2.9718142297715,1547701288,0,47129,41,8147
1.872006487455852,1547708820,9,47160,49,8090,1.9875606553288845,1549805318,7,47228,49,8105,2.648288697017026,1564480567,2,47492,49,8108,1.4057836403037087,1547706273,4,46984,49,8130,2.646245720389363,1560284397,1,47505,41,8115
1.872006487455852,1547708820,9,47160,49,8090,1.9875606553288845,1549805318,7,47228,49,8105,2.648288697017026,1564480567,2,47492,49,8108,1.7176858108239934,1551900283,4,47110,49,21,3.1524470649187535,1549799384,1,47206,49,8130
1.9311628487095218,1549805383,8,47188,49,8117,2.2471373683382505,1554000007,7,47339,49,8097,1.7404345044626517,1551897650,3,47097,49,8158,1.549902898773703,1549804142,4,47043,49,8137,3.070750192267363,1549798322,0,47167,41,8106
1.9311628487095218,1549805383,8,47188,49,8117,2.2471373683382505,1554000007,7,47339,49,8097,1.7404345044626517,1551897650,3,47097,49,8158,1.3998687619765078,1549803634,4,46978,49,8128,3.2268033501024,1549799015,1,47229,49,8158
1.6917807329970502,1545612398,9,47087,49,8158,1.6622992817063795,1562388249,6,47601,49,8121,1.7370681169606716,1551897501,2,47098,49,8118,2.1701341248273183,1558192098,4,47306,49,8108,2.8249401391689326,1545603766,0,47073,41,8115
1.6917807329970502,1545612398,9,47087,49,8158,1.6622992817063795,1562388249,6,47601,49,8121,1.7370681169606716,1551897501,2,47098,49,8118,2.422368396886332,1545608543,4,46897,49,8120,3.2017105654134586,1551895705,1,47227,41,17
2.0484569130659316,1549806615,10,47235,49,8151,1.8388518964956075,1547707862,6,47166,49,8097,2.1334198245188625,1558188989,2,47268,49,9,2.164014762582427,1558192012,4,47302,49,8117,3.1055294453999864,1549798628,1,47186,41,8105
2.0484569130659316,1549806615,10,47235,49,8151,1.8388518964956075,1547707862,6,47166,49,8097,2.1334198245188625,1558188989,2,47268,49,9,2.1586092003470063,1558192654,5,47299,49,8133,3.1290866951857774,1549799046,1,47216,49,4
2.295385998155756,1554001392,11,47342,49,8099,1.8342623727481335,1547708105,6,47163,49,8087,1.9044417307424126,1553995018,2,47169,49,8166,1.975017053030969,1556095172,4,47227,49,8116,3.069729661505497,1547701590,1,47174,49,8158
2.295385998155756,1554001392,11,47342,49,8099,1.8342623727481335,1547708105,6,47163,49,8087,1.9044417307424126,1553995018,2,47169,49,8166,1.9592093167143043,1556095024,4,47214,49,8173,3.1644831845320267,1549799421,1,47213,49,8130
2.416658018666753,1556098328,10,47393,49,8092,2.7854668248246646,1562387315,6,47564,49,8156,2.062125108155811,1549800073,2,47239,49,8164,1.48758463908503,1549803706,4,47014,49,8065,2.730292284927314,1545603812,0,47022,41,8130
2.416658018666753,1556098328,10,47393,49,8092,2.7854668248246646,1562387315,6,47564,49,8156,2.062125108155811,1549800073,2,47239,49,8164,1.859866276071836,1553998259,5,47172,49,8163,3.1464280426169906,1549798561,0,47214,41,8100
1.711568294083236,1545612681,10,47090,49,8141,1.9143290320086714,1549805737,7,47193,49,8156,1.9398344226856956,1556091529,2,47182,49,8140,1.7397170143134435,1553997689,4,47118,49,8092,2.932343199861481,1547701984,1,47113,49,8165
2.2576474196571623,1554001599,10,47328,49,8146,2.3420953656157257,1556096361,6,47375,49,8086,1.8077512606141595,1553994573,2,47125,49,8162,2.4182881909792533,1545609222,4,46897,49,8144,2.320577229841984,1556090710,1,47367,49,10
2.2576474196571623,1554001599,10,47328,49,8146,2.3420953656157257,1556096361,6,47375,49,8086,1.8077512606141595,1553994573,2,47125,49,8162,1.38426363606997,1547706527,4,46971,49,8096,2.5079409796168237,1558188121,1,47450,49,8088
2.6735821724209874,1560291851,9,47506,49,8183,2.75558192453426,1560290339,6,47553,49,8141,2.6809284552699317,1564480183,2,47500,49,8163,1.9266736953959647,1556094138,4,47197,49,8143,3.031991084541226,1547701180,1,47160,41,8136
2.6735821724209874,1560291851,9,47506,49,8183,2.75558192453426,1560290339,6,47553,49,8141,2.6809284552699317,1564480183,2,47500,49,8163,1.9753237687566085,1556095065,4,47224,49,8102,3.043313410472365,1549798749,1,47161,49,8114
1.657306324953242,1562389719,10,47582,49,8157,1.7157452089554779,1545610702,7,47108,49,8050,2.089868594318318,1558189025,2,47247,49,8123,2.443276840692012,1545609224,4,46908,49,8138,2.334752862666934,1556089935,1,47380,41,3
1.657306324953242,1562389719,10,47582,49,8157,1.7157452089554779,1545610702,7,47108,49,8050,2.089868594318318,1558189025,2,47247,49,8123,2.4665311641885896,1545609570,4,46920,49,8126,2.2925288989675656,1553993287,1,47354,49,8131
1.7849021809128556,1547708491,9,47123,49,8130,1.9420706470528344,1549805336,6,47209,49,8124,2.088236515108405,1558188818,2,47247,49,8166,2.006229174789802,1556095190,4,47233,49,8130,3.0244422385069667,1547701444,1,47162,41,8142
1.7849021809128556,1547708491,9,47123,49,8130,1.9420706470528344,1549805336,6,47209,49,8124,2.088236515108405,1558188818,2,47247,49,8166,1.5589815937869211,1549802869,4,47042,49,8127,2.6298245432325853,1560284983,1,47503,49,8160
2.507535827704814,1558194380,9,47430,49,8153,2.636860296410053,1560290234,6,47501,49,8122,2.3235384507117027,1553994617,2,47348,49,8178,2.208588382145753,1560289000,4,47313,49,8108,2.137089189694612,1553992741,1,47286,41,8178
2.507535827704814,1558194380,9,47430,49,8153,2.636860296410053,1560290234,6,47501,49,8122,0,1553994617,2,47348,49,8178,1.742674463015892,1553997987,5,47121,49,8170,2.9278540423520076,1547702072,1,47117,49,8151
2.5959655152649566,1558195799,11,47467,49,8158,2.666745194865897,1560291320,7,47512,49,8129,1.6890295801482038,1551897298,2,47073,49,8162,2.097716657001066,1558192889,5,47280,49,8147,2.116076623482625,1553993637,1,47284,49,8136
2.5959655152649566,1558195799,11,47467,49,8158,2.666745194865897,1560291320,7,47512,49,8129,1.6890295801482038,1551897298,2,47073,49,8162,1.884650452650914,1556094141,4,47185,49,8169,3.1983441487648756,1549798714,1,47233,41,8121
2.5166126233288555,1558194490,9,47438,49,8138,2.7753695060740995,1560290643,7,47559,49,8138,1.6529228802756706,1551897381,2,47059,49,8137,2.2428583187191298,1560289561,4,47329,49,8085,2.3555609609339863,1556090690,1,47384,49,8144
2.5166126233288555,1558194490,9,47438,49,8138,2.7753695060740995,1560290643,7,47559,49,8138,1.6529228802756706,1551897381,2,47059,49,8137,2.024077944387274,1556094912,5,47242,49,8152,2.228985629864431,1553992847,1,47329,41,8091
2.228375962467997,1554001435,11,47312,49,8162,2.6682750335491914,1560291529,7,47513,49,8100,1.597742603167966,1549800966,3,47040,49,8170,2.3170063409753068,1543511821,4,46858,49,12,2.5681178421767226,1560284751,1,47476,49,8129
2.228375962467997,1554001435,11,47312,49,8162,2.6682750335491914,1560291529,7,47513,49,8100,1.597742603167966,1549800966,3,47040,49,8170,2.0817044499376,1558191086,4,47269,49,8117,2.4560248688700135,1558187941,1,47431,49,8113
1.9155577227297997,1549805539,9,47179,49,8123,2.693875219972042,1560290991,6,47530,49,8111,2.0935398395177707,1558188789,2,47253,49,8146,1.4303652140412257,1549803329,4,46991,49,8121,3.151528772184093,1549799327,1,47212,49,8141
1.9155577227297997,1549805539,9,47179,49,8123,2.693875219972042,1560290991,6,47530,49,8111,2.0935398395177707,1558188789,2,47253,49,8146,1.847932397262636,1553997346,4,47169,49,8118,2.734166083686802,1543507865,1,47032,49,13
2.18880269865017,1551903366,9,47292,49,8157,1.8674114073512973,1549804911,7,47177,49,8171,2.326904849783692,1553994493,3,47349,49,8191,1.9531921889324566,1556095627,5,47209,49,8121,3.1053249527291436,1549799229,1,47193,49,8135
2.18880269865017,1551903366,9,47292,49,8157,1.8674114073512973,1549804911,7,47177,49,8171,2.326904849783692,1553994493,3,47349,49,8191,1.4937058909937664,1549803981,5,47010,49,8118,3.045964129703139,1547701416,1,47167,41,8090
2.5690380497595564,1558195628,10,47460,49,8127,2.5066137391352723,1558193660,6,47446,49,8157,1.9293299946196631,1547702993,3,47175,49,8121,1.5824404039452016,1551900439,4,47052,49,8055,2.254174978327436,1553992889,1,47354,41,8161
2.5690380497595564,1558195628,10,47460,49,8127,2.5066137391352723,1558193660,6,47446,49,8157,1.9293299946196631,1547702993,3,47175,49,8121,2.335262176287621,1545608137,4,46871,49,8129,2.250507521679678,1553992812,1,47334,41,8143
1.75165274219829,1545612395,10,47106,49,8148,1.9074958556643007,1549805526,7,47192,49,8084,1.5662275063893625,1549800494,3,47023,49,8171,2.547720620799938,1547706547,5,46948,49,8094,2.730394529890079,1560284538,1,47533,41,8135
1.75165274219829,1545612395,10,47106,49,8148,1.9074958556643007,1549805526,7,47192,49,8084,1.5662275063893625,1549800494,3,47023,49,8171,2.114546782818714,1558192052,4,47283,49,8145,2.6510397167151556,1543507816,1,46999,49,8134
2.095374535297597,1551903718,9,47256,49,8189,2.6246215764332073,1558193546,7,47497,49,8046,2.5067216758500783,1562383577,2,47426,49,8104,2.3258805493713566,1562385867,4,47371,49,8145,3.144084054584296,1549799233,1,47205,49,8100
2.095374535297597,1551903718,9,47256,49,8189,2.6246215764332073,1558193546,7,47497,49,8046,2.5067216758500783,1562383577,2,47426,49,8104,2.055390437054784,1558191607,4,47255,49,8158,3.147653051182645,1549799401,1,47210,49,8153
2.4934605388968585,1556097521,9,47425,49,8176,2.2880378566892534,1553999674,7,47357,49,8060,2.3469972614445287,1553994737,3,47360,49,8167,2.3040538213496835,1560289703,5,47361,49,8097,2.4539857180879445,1556090584,1,47427,49,8141
1.9678809116060076,1549806605,9,47202,49,8172,2.353927001812585,1556096830,6,47383,49,8075,1.8078534927187304,1553994781,3,47126,49,8108,2.1762534845576758,1560288343,4,47311,49,8134,2.3998259710366123,1556089886,0,47406,41,8137
1.9678809116060076,1549806605,9,47202,49,8172,2.353927001812585,1556096830,6,47383,49,8075,1.8078534927187304,1553994781,3,47126,49,8108,2.1762534845576758,1560288343,4,47311,49,8134,2.5642421220817413,1558187953,1,47474,49,8121
2.55363740895456,1558195099,9,47451,49,8142,2.176456104488458,1553999535,7,47307,49,8105,1.8551782199544629,1553994787,3,47150,49,8128,1.8381417794855939,1553997951,4,47162,49,8060,3.1244990740636975,1549799014,1,47205,49,8164
1.6074309648563254,1562387998,8,47559,49,8119,2.6339028543405987,1560290553,6,47502,49,8028,1.6690375556283368,1545605429,3,47071,49,15,1.3633551866586717,1547706715,4,46961,49,8136,2.804338392468957,1545604227,0,47064,41,8111
1.6074309648563254,156387998,8,47559,49,8119,2.6339028543405987,1560290553,6,47502,49,8028,1.6690375556283368,1545605429,3,47071,49,15,1.3633551866586717,1547706715,4,46961,49,8136,2.6349252848941656,1543508008,1,46989,49,8059
2.508147384196853,1558195119,10,47432,49,8157,2.7288589374397514,1560291389,7,47547,49,8170,1.9232087789009824,1553994871,3,47179,49,8135,1.538377977037946,1549802970,4,47037,49,8078,2.350155400042215,1556090821,1,47381,49,8088
2.508147384196853,1558195119,10,47432,49,8157,2.7288589374397514,1560291389,7,47547,49,8170,1.9232087789009824,1553994871,3,47179,49,8135,1.538377977037946,1549802970,4,47037,49,8078,2.2329635919893036,1553993930,1,47330,49,8176
2.331696977567152,1554000726,9,47354,49,11,1.6969781430189932,1545610838,7,47108,49,8151,2.232762877040778,1553994280,3,47312,49,8186,1.6955523703218998,1551900214,4,47104,49,8143,3.0977779927187163,1549798236,0,47187,41,8130
2.331696977567152,1554000726,9,47354,49,11,1.6969781430189932,1545610838,7,47108,49,8151,2.232762877040778,1553994280,3,47312,49,8186,1.6955523703218998,1551900214,4,47104,49,8143,3.033113845857916,1547702049,1,47157,49,8127
2.208792874229171,1554000317,9,47303,49,8131,1.94829222734212,1549805400,7,47220,49,8105,2.6400279415744956,1564480342,3,47487,49,8152,1.845484277076621,1556094539,4,47170,49,8136,2.742733565341629,1545604046,1,47036,41,8110
2.208792874229171,1554000317,9,47303,49,8131,1.94829222734212,1549805400,7,47220,49,8105,2.6400279415744956,1564480342,3,47487,49,8152,1.845484277076621,1556094539,4,47170,49,8136,2.710705348206487,1543507966,1,47030,49,8142
2.1511663612305374,1551903799,10,47276,49,17,2.2471373496826086,1553998438,5,47346,49,8150,1.8202967039854998,1553994765,3,47132,49,8175,2.135966428759139,1558192534,4,47290,49,8135,2.5023309324008625,1558187622,1,47449,49,8155
2.1511663612305374,1551903799,10,47276,49,17,2.2471373496826086,1553998438,5,47346,49,8150,1.8202967039854998,1553994765,3,47132,49,8175,2.135966428759139,1558192534,4,47290,49,8135,2.5815815748785074,1558187042,1,47480,41,8090
2.221236081024716,1554001252,10,47309,49,8174,2.6354326832412514,1560291090,7,47507,49,8080,2.2916143893840113,1560286157,2,47335,49,8148,2.4639807942924046,1545609075,4,46922,49,8135,2.3747369770400155,1556090067,1,47388,41,8078
2.221236081024716,1554001252,10,47309,49,8174,2.6354326832412514,1560291090,7,47507,49,8080,2.2916143893840113,1560286157,2,47335,49,8148,2.4639807942924046,1545609075,4,46922,49,8135,2.4668359879585937,1558186867,0,47437,41,8175
2.422165821902024,1556097092,8,47395,49,8164,1.9736898309850142,1549804363,6,47227,49,8169,1.6548616835294807,1551897193,2,47058,49,8185,1.7300267814679526,1553997000,4,47118,49,8170,2.4169609355049877,1556089806,0,47414,41,8121
2.422165821902024,1556097092,8,47395,49,8164,1.9736898309850142,1549804363,6,47227,49,8169,1.6548616835294807,1551897193,2,47058,49,8185,1.7300267814679526,1553997000,4,47118,49,8170,2.5670973113260236,1558187248,1,47478,41,8171
2.7767006143460433,1560292363,10,47543,49,8090,2.5845371033870976,1558193355,6,47486,49,8078,2.317012002723991,1560286337,3,47342,49,8181,2.3204749862262948,1543511497,4,46857,49,8129,2.51089841440157,1558186800,1,47453,41,8118
2.7767006143460433,1560292363,10,47543,49,8090,2.5845371033870976,1558193355,6,47486,49,8078,2.317012002723991,1560286337,3,47342,49,8181,2.3204749862262948,1543511497,4,46857,49,8129,2.7187635256631415,1543507603,1,47031,49,8128
1.9701245574795276,1549806691,10,47203,49,8128,2.0551840952636358,1551901861,6,47260,49,8073,1.8171347839114722,1553994582,3,47131,49,8139,1.8269217057083464,1553997946,4,47159,49,8166,0,,,,,
1.9701245574795276,1549806691,10,47203,49,8128,2.0551840952636358,1551901861,6,47260,49,8073,1.8171347839114722,1553994582,3,47131,49,8139,1.8269217057083464,1553997946,4,47159,49,8166,3.0312772844937084,1547701982,1,47159,49,8178
2.5152872701498383,1558195380,10,47434,49,8147,1.7275768289303841,1547707930,6,47120,49,8117,2.6576741258948586,1564480560,3,47490,49,8124,1.4013986022453282,1547706794,5,46979,49,8136,3.0430066894132963,1549799016,1,47164,49,8086
2.5152872701498383,1558195380,10,47434,49,8147,1.7275768289303841,1547707930,6,47120,49,8117,2.6576741258948586,1564480560,3,47490,49,8124,1.4013986022453282,1547706794,5,46979,49,8136,2.1726844862504913,1553992912,1,47305,41,8163
1.893833221855466,1547709616,10,47170,49,8089,1.5878440734726567,1562387609,6,47570,49,8160,2.339652896366609,1560286401,2,47360,49,8153,2.2342889507308517,1560289533,4,47333,49,8152,2.2579503521912474,1553993658,1,47349,49,8107
2.585765944318141,1558195455,10,47466,49,8175,1.6177275304924656,1545611199,7,47077,49,8097,2.170342359838721,1551897345,3,47284,49,8095,1.9801177690082215,1556095196,4,47225,49,8116,2.743445440007903,1543507527,1,47042,49,8134
2.585765944318141,1558195455,10,47466,49,8175,1.6177275304924656,1545611199,7,47077,49,8097,2.170342359838721,1551897345,3,7284,49,8095,1.9801177690082215,1556095196,4,47225,49,8116,0,1549799441,1,47215,49,8173
2.1187311054708506,1551900912,5,47269,49,8121,1.7618467695224531,1547708347,7,47134,49,8134,1.9743088370032962,1556092149,2,47199,49,8153,1.732270428711096,1551900469,4,47119,49,8119,3.3348123149892612,1551895761,0,47292,41,8180
2.1187311054708506,1551900912,5,47269,49,8121,1.7618467695224531,1547708347,7,47134,49,8134,1.9743088370032962,1556092149,2,47199,49,8153,1.732270428711096,1551900469,4,47119,49,8119,2.499169016479859,1558187517,1,47445,49,8078
1.8280463117715995,1547709568,10,47143,49,8126,2.0705847455981483,1551902664,7,47267,49,8130,1.804589337071558,1553994531,2,47127,49,8145,1.5706087564190017,1549803494,4,47048,49,8073,2.699080120083537,1545603967,1,47013,41,8142
1.8280463117715995,1547709568,10,47143,49,8126,2.0705847455981483,1551902664,7,47267,49,8130,1.804589337071558,1553994531,2,47127,49,8145,1.5706087564190017,1549803494,4,47048,49,8073,3.161217133398239,1549798291,0,47218,41,8117
2.784349805478514,1560292565,10,47551,49,8153,2.412776596519231,1556096515,6,47416,49,8090,1.6897433818386063,1545605652,2,47077,49,8156,1.4268984571601606,1547706378,4,46985,49,8156,2.2036902641971086,1553993723,1,47318,49,8140
2.784349805478514,1560292565,10,47551,49,8153,2.412776596519231,1556096515,6,47416,49,8090,1.6897433818386063,1545605652,2,47077,49,8156,1.4268984571601606,1547706378,4,46985,49,8156,2.68316825941107,1560284515,1,47521,41,8117
2.3409782572921887,1556096960,8,47362,49,8138,2.5412907238025864,1558193777,6,47468,49,8097,2.6467588528203403,1564479948,2,47494,49,8138,1.741653952487166,1553997551,4,47123,49,8103,2.5947385805698557,1558187545,1,47484,49,8174
2.3409782572921887,1556096960,8,47362,49,8138,2.5412907238025864,1558193777,6,47468,49,8097,2.6467588528203403,1564479948,2,47494,49,8138,1.741653952487166,1553997551,4,47123,49,8103,2.2442859243652733,1553993010,1,47328,41,8092
2.364232587289572,1556097493,9,47374,49,8152,2.2395903973875098,1554000114,7,47338,49,8078,1.6100835634121302,1549800093,3,47050,49,8166,1.3787558336240109,1547706566,4,46969,49,8174,2.420938905636947,1558187794,1,47412,49,8090
2.364232587289572,1556097493,9,47374,49,8152,2.2395903973875098,1554000114,7,47338,49,8078,1.6100835634121302,1549800093,3,47050,49,8166,1.3787558336240109,1547706566,4,46969,49,8174,3.010775921814542,1547702064,1,47149,49,3
2.1807445341458886,1551903579,9,47293,49,8136,2.779347457102553,1562388147,6,47566,49,8068,1.6223241772760344,1551897064,3,47050,49,20,1.5205292145914797,1549803021,4,47027,49,8163,0,1551895745,0,47290,41,8134
2.1807445341458886,1551903579,9,47293,49,8136,2.779347457102553,1562388147,6,47566,49,8068,1.6223241772760344,1551897064,3,47050,49,20,1.5205292145914797,1549803021,4,47027,49,8163,2.6853096494334183,1543508129,1,47012,49,8098
1.9184129303558037,1549807111,10,47185,49,8154,2.106282275072713,1551902431,6,47285,49,8113,1.676484131479295,1551897864,2,47071,49,8160,1.6484284456474776,1551900780,4,47090,49,8142,2.9493740582085657,1547701320,1,47127,41,8125
1.6621003161833214,1562390014,10,47586,49,8095,2.695405053246396,1560291497,7,47533,49,8132,1.7414531728008538,1545606226,3,47106,49,8186,1.8580297296148405,1553998430,5,47171,49,8128,2.7448768835239896,1543507885,1,47028,49,8155
1.6621003161833214,1562390014,10,47586,49,8095,2.695405053246396,1560291497,7,47533,49,8132,1.7414531728008538,1545606226,3,47106,49,8186,1.8580297296148405,1553998430,5,47171,49,8128,3.261580697122298,1551895736,1,47258,41,8133
2.5385415915108203,1558195206,9,47449,49,8159,2.044270736512224,1551901866,6,47253,49,8119,1.7592015519988353,1551897739,2,47108,49,8129,2.079867897201196,1558192312,4,47268,49,8116,2.3994170059990316,1556090754,1,47407,49,8122
2.5385415915108203,1558195206,9,47449,49,8159,2.044270736512224,1551901866,6,47253,49,8119,1.7592015519988353,1551897739,2,47108,49,8129,2.079867897201196,1558192312,4,47268,49,8116,3.045659297129556,1547701256,1,47159,41,8137
2.196961224178576,1551903966,10,47302,49,8128,2.617379438789675,1560290877,7,47498,49,8130,1.7618523001637971,1551897975,2,47114,49,9,2.3444431194018844,1545608503,4,46866,49,8125,3.3230848170564955,1553992655,0,47279,41,8139
2.196961224178576,1551903966,10,47302,49,8128,2.617379438789675,1560290877,7,47498,49,8130,1.7618523001637971,1551897975,2,47114,49,9,2.3444431194018844,1545608503,4,46866,49,8125,2.6960165922385744,1545604959,1,47027,49,8077
1.829576154093147,1547709521,9,47144,49,8113,1.9883766794155058,1549805314,7,47234,49,8188,1.7472676768845756,1551897327,2,47105,49,8142,1.5059446186383656,1549803907,4,47015,49,8092,3.1174633283241193,1549798516,1,47191,41,8166
1.829576154093147,1547709521,9,47144,49,8113,1.9883766794155058,1549805314,7,47234,49,8188,1.7472676768845756,1551897327,2,47105,49,8142,1.5059446186383656,1549803907,4,47015,49,8092,0,1560284062,1,47487,41,8062
2.6905145571851112,1560291937,9,47511,49,8146,2.6030996611543595,1558193854,7,47495,49,8128,1.7333950214645184,1551897224,2,47105,49,8138,2.5200793647963082,1545608929,4,46936,49,8102,2.9275473300947152,1547701953,1,47117,49,8144
2.6905145571851112,1560291937,9,47511,49,8146,2.6030996611543595,1558193854,7,47495,49,8128,1.7333950214645184,1551897224,2,47105,49,8138,2.5200793647963082,1545608929,4,46936,49,8102,2.453476411913956,1556090921,1,47421,49,8119
2.4133938499507757,1556097626,9,47396,49,8122,2.0058183627728843,1549804932,7,47239,49,8133,1.720342073858199,1545605976,3,47089,49,8143,2.2147058689316625,1560289279,4,47322,49,8158,2.7956682985659307,1545604867,1,47058,49,8146
2.4133938499507757,1556097626,9,47396,49,8122,2.0058183627728843,1549804932,7,47239,49,8133,1.720342073858199,1545605976,3,47089,49,8143,2.2147058689316625,1560289279,4,47322,49,8158,2.3222093173330864,1553992848,1,47364,41,8065
2.042235304335201,1549806521,10,47235,49,8189,2.532518750620963,1558194333,7,47467,49,8099,1.5968243167482477,1543508457,2,47044,49,22,1.3869162450018544,1547706762,4,46966,49,8124,2.1907377399282044,1553992901,1,47309,41,8179
2.6932675023725943,1560292833,10,47516,49,8182,1.796421553688609,1547708354,7,47156,49,8089,2.6320720112078138,1564480614,3,47486,49,8133,1.7312499245172261,1553997585,4,47118,49,8102,2.58270244228863,1558187686,1,47482,49,8105
0,1560292833,10,47516,49,8182,0,1547708354,7,47156,49,8089,2.6320720112078138,1564480614,3,47486,49,8133,1.7312499245172261,1553997585,4,47118,49,8102,3.3065595012798146,1551895646,1,47281,41,8165
2.1590200405531927,1551903733,10,47282,49,8166,2.2345919082255596,1553999986,7,47340,49,8090,2.4496044805883126,1562383242,3,47403,49,8095,2.2070566665904288,1560288501,4,47317,49,8165,2.5799494975232076,1558188138,1,47477,49,8161
1.6068194025362856,1562389017,10,47560,49,8157,2.650628825310769,1560291538,7,47517,49,8085,2.191351178889515,1558188562,2,47303,49,0,1.464228074999213,1549802754,4,47001,49,8142,2.5702592406928697,1558187839,1,47476,49,8152
1.6068194025362856,1562389017,10,47560,49,8157,2.650628825310769,1560291538,7,47517,49,8085,2.191351178889515,1558188562,2,47303,49,0,1.464228074999213,1549802754,4,47001,49,8142,3.326142589334194,1551896227,1,47289,49,8145
2.261932096693597,1554000319,9,47329,49,8147,1.8052957494983244,1547707971,6,47157,49,8078,1.9166804645876245,1553994699,3,47180,49,8088,2.024077948440766,1556094984,4,47240,49,8096,2.586068854170082,1558187049,1,47481,41,8110
2.261932096693597,1554000319,9,47329,49,8147,1.8052957494983244,1547707971,6,47157,49,8078,1.9166804645876245,1553994699,3,47180,49,8088,2.024077948440766,1556094984,4,47240,49,8096,2.1396376789784393,1551895340,1,47290,41,8068
1.7346181614075729,1545611424,9,47108,49,8182,2.0781317047658563,1551902623,7,47274,49,8153,1.5673483830941792,1549800729,3,47029,49,8132,2.5459843879446074,1547706551,4,46955,49,8080,2.611261991747381,1558187469,1,47490,49,8075
1.7346181614075729,1545611424,9,47108,49,8182,2.0781317047658563,1551902623,7,47274,49,8153,1.5673483830941792,1549800729,3,47029,49,8132,2.5459843879446074,1547706551,4,46955,49,8080,2.15952748644231,1553992995,1,47295,49,8179
2.4055401638845497,1556097540,9,47394,49,8114,2.0449845346336963,1551902754,7,47255,49,8164,2.3681101921509584,1560286433,3,47370,49,8150,1.8945433072917126,1556094882,4,47190,49,8147,2.657363568939104,1560283918,0,47510,41,8186
2.4055401638845497,1556097540,9,47394,49,8114,2.0449845346336963,1551902754,7,47255,49,8164,2.3681101921509584,1560286433,3,47370,49,8150,1.8945433072917126,1556094882,4,47190,49,8147,2.161157686741524,1553993591,1,47303,49,8126
1.7722544946731291,1547707999,8,47123,49,45,2.7581322809722018,1560290794,7,47559,49,8072,1.8886321250718967,1553995123,2,47167,49,8158,2.461532676545275,1545609454,4,46919,49,8098,2.6191156764939096,1560284041,1,47493,41,8123
2.3084426396258104,1554000857,9,47346,49,8060,2.0324390908518972,1551902450,7,47250,49,8145,2.506210464600883,1562383213,2,47432,49,8101,1.860682319411485,1553998275,4,47170,49,8109,2.5719916527430855,1558188053,1,47483,49,8123
2.3084426396258104,1554000857,9,47346,49,8060,2.0324390908518972,1551902450,7,47250,49,8145,2.506210464600883,1562383213,2,47432,49,8101,1.860682319411485,1553998275,4,47170,49,8109,3.3473596686579015,1551896419,1,47289,49,8158
1.582849380255635,1562388470,9,47556,49,8141,2.4883559953507275,1558194356,7,47444,49,8095,1.8671102502826162,1547702661,3,47162,49,5,2.352092316617601,1545609354,5,46872,49,8090,2.5499623544858747,1558187155,1,47467,41,8148
1.582849380255635,1562388470,9,47556,49,8141,2.4883559953507275,1558194356,7,47444,49,8095,1.8671102502826162,1547702661,3,47162,49,5,2.352092316617601,1545609354,5,46872,49,8090,3.216295161432608,1551896079,1,47238,49,8154
2.131990350843419,1551902363,8,47276,49,8186,1.7423659185887388,1547708507,7,47126,49,8134,2.3873865609401426,1556091296,2,47381,49,8118,1.718399618186589,1551900772,4,47109,49,8111,2.407781904244033,1558186937,1,47405,41,8067
2.612079946902908,1558193861,9,47481,49,8182,2.0925137095851025,1551902846,7,47277,49,8137,1.582749029121245,1543508746,3,47038,49,8133,0,1560289463,4,47318,49,8123,2.2210297118676867,1553993254,1,47324,49,8146
2.612079946902908,1558193861,9,47481,49,8182,2.0925137095851025,1551902846,7,47277,49,8137,1.582749029121245,1543508746,3,47038,49,8133,2.2119529072829875,1560289463,4,47318,49,8123,2.9033765926212056,1545604242,1,47098,41,8084
1.7627687349380754,1547708254,8,47120,49,8113,2.3835051600736064,1556096909,6,47400,49,8140,1.8966902795006924,1553994885,3,47168,49,8180,1.554492422274399,1549803351,4,47044,49,8150,3.2481188668171384,1551896336,1,47246,49,8141
1.7627687349380754,1547708254,8,47120,49,8113,2.3835051600736064,1556096909,6,47400,49,8140,1.8966902795006924,1553994885,3,47168,49,8180,1.554492422274399,1549803351,4,47044,49,8150,2.6871462245646196,1543507211,1,47010,41,8128
2.0646735988321017,1551903383,10,47248,49,8141,2.5373127568321423,1558194264,7,47468,49,8116,2.0916029073441944,1558188672,3,47249,49,8170,2.0520240422487572,1558191831,4,,49,8075,3.022912405019276,1547701377,0,47158,41,13
2.0646735988321017,1551903383,10,47248,49,8141,2.5373127568321423,1558194264,7,47468,49,8116,2.0916029073441944,1558188672,3,47249,49,8170,2.0520240422487572,1558191831,4,47254,49,8075,2.436443688822179,1558187437,1,47412,49,8078
2.3344499303346606,1556097438,9,47363,49,8098,2.591370257671066,1558193992,7,47490,49,8108,2.211752182795297,1558189090,3,47303,49,3,1.3759006380818044,1547706608,4,46963,49,8173,2.772413981790722,1545604668,1,47046,49,8161
2.3344499303346606,1556097438,9,47363,49,8098,2.591370257671066,1558193992,7,47490,49,8108,2.211752182795297,1558189090,3,47303,49,3,1.3759006380818044,1547706608,4,46963,49,8173,2.1829862966006246,1553992499,0,47305,41,8121
2.130562748380654,1551903962,10,47274,49,8094,2.1377992427484873,1551901354,6,47297,49,8105,2.0343834772308877,1556092290,3,47226,49,8139,2.166462887638241,1558191429,4,47300,49,8154,0,1549799463,1,47222,49,8149
2.242246765337999,1554001004,10,47323,49,8131,2.323532786823986,1556095961,6,47372,49,8132,2.0685511833670693,1558188518,2,47243,49,16,2.2675383634346735,1560289373,4,47349,49,8093,2.244285927971924,1553992853,1,47326,41,8135
2.242246765337999,1554001004,10,47323,49,8131,2.323532786823986,1556095961,6,47372,49,8132,2.0685511833670693,1558188518,2,47243,49,16,2.2675383634346735,1560289373,4,47349,49,8093,2.793526914627628,1545605032,1,47053,49,8078
2.0547807484333664,1551903132,9,47241,49,8187,1.9957210315298308,1549804909,7,47237,49,8129,1.8539550814329684,1547703204,3,47147,49,8149,1.4186358136459603,1549802800,4,46984,49,8143,3.0598349444264397,1549799486,1,47170,49,21
1.7382912544406335,1545610579,8,47104,49,8107,2.754358801409141,1560290695,7,47559,49,8126,1.5129860328519489,1566577541,3,47514,49,8128,1.8211071984336715,1553998069,4,47158,49,8142,2.7340638480091393,1543507612,1,47028,49,8100
1.7382912544406335,1545610579,8,47104,49,8107,2.754358801409141,1560290695,7,47559,49,8126,1.5129860328519489,1566577541,3,47514,49,8128,1.8211071984336715,1553998069,4,47158,49,8142,3.2360827389671534,1551896336,1,47242,49,8147
2.739982550415712,1560292765,10,47531,49,8149,2.651242292937698,1560291427,7,47514,49,8115,2.483567693058096,1562383610,3,47422,49,3,2.4930496567238327,1547706975,5,46930,49,8102,3.2360827389671534,1551896336,1,47242,49,8147
2.739982550415712,1560292765,10,47531,49,8149,2.651242292937698,1560291427,7,47514,49,8115,2.483567693058096,1562383610,3,47422,49,3,2.4930496567238327,1547706975,5,46930,49,8102,2.726210162903541,1543507537,1,47025,49,8106
1.6244636836874586,1562390040,10,47572,49,8132,2.319045502465253,1556095627,6,47371,49,8109,2.6636912403614783,1564480340,2,47496,49,8142,1.5461294248694482,1549803863,4,47038,49,8122,2.5936158092511112,1560284282,1,47485,41,8097
1.6244636836874586,1562390040,10,47572,49,8132,2.319045502465253,1556095627,6,47371,49,8109,2.6636912403614783,1564480340,2,47496,49,8142,1.5461294248694482,1549803863,4,47038,49,8122,2.2062406302191495,1553993157,1,47315,41,8147
2.499070580082454,1558195004,10,47429,49,8136,1.9745058658104042,1549804444,5,47229,49,8143,2.1927806544036925,1558188940,3,47297,49,8158,1.5213452595789834,1549803101,4,47025,49,8078,2.3823880782417826,1556089527,0,47380,41,8130
1.7716429261000626,1547709777,10,47121,49,8122,2.3250626193184547,1556096063,6,47376,49,8130,2.6545122017586635,1564480202,2,47490,49,8145,1.7817384049677127,1553998345,5,47136,49,8138,3.012305766582176,1549798047,1,47148,41,8108
1.7716429261000626,1547709777,10,47121,49,8122,2.3250626193184547,1556096063,6,47376,49,8130,2.6545122017586635,1564480202,2,47490,49,8145,1.7817384049677127,1553998345,5,47136,49,8138,2.2539742901626174,1553993723,1,47335,49,8148
1.993992311258628,1549804686,7,47213,49,8158,2.493047749371157,1558194864,8,47449,49,8112,1.8126474888955817,1547703060,2,47128,49,8158,1.9770580928600123,1556096092,5,47220,49,8162,2.418594927473222,1556089505,1,47401,41,8101
1.993992311258628,1549804686,7,47213,49,8158,2.493047749371157,1558194864,8,47449,49,8112,1.8126474888955817,1547703060,2,47128,49,8158,1.9770580928600123,1556096092,5,47220,49,8162,2.418594927473222,1556089505,1,47401,41,8101
2.0295876194644507,1549799386,2,47232,49,8170,2.014794795175759,1556091288,2,47242,49,8154,2.530793938717241,1545605935,1,46919,49,8130,0,1549798772,1,47023,49,8170,3.232920816916241,1551895083,0,47241,41,8118
1.91341630942819,1549799973,2,47179,49,8152,2.014794795175759,1556091288,2,47242,49,8154,2.530793938717241,1545605935,1,46919,49,8130,2.165035288737767,1558187890,1,47297,49,8153,0,1553992165,0,47361,41,8130
2.599125524164719,1551896442,2,46968,49,8154,2.1087341441663097,1551895142,1,47273,41,8128,2.2054283399564665,1553993843,1,47301,49,8130,2.501923871473835,1558186036,0,47442,33,8127,0,1553992165,0,47361,41,8130
2.599125524164719,1551896442,2,46968,49,8154,2.1087341441663097,1551895142,1,47273,41,8128,2.2076757149675976,1553992838,1,47287,41,8164,2.420529933130726,1545605669,2,46904,49,8102,0,1553992165,0,47361,41,8130
2.8627029932751102,1558186916,1,47496,41,8145,0,1551897901,2,47298,49,8134,2.2076757149675976,1553992838,1,47287,41,8164,2.4967227975393516,1545606396,2,46925,49,8132,2.681417378803191,1545604016,1,47080,41,8136
2.8627029932751102,1558186916,1,47496,41,8145,2.136371635531569,1551897901,2,47298,49,8134,2.049988607346336,1549800024,2,47233,49,3,2.027749195191139,1558191249,4,47243,49,8171,2.681417378803191,1545604016,1,47080,41,8136
2.1245456216790375,1551904715,11,47269,49,8121,2.045902804494974,1551901446,5,47258,49,8100,2.498663505834567,1562382908,2,47426,49,8140,0,,,,,,2.3489322966299655,1556091393,1,47371,49,8122
2.1245456216790375,1551904715,11,47269,49,8121,2.045902804494974,1551901446,5,47258,49,8100,2.036218172384231,1549799872,2,47232,49,8167,1.645573232894121,1551901570,5,47086,49,8171,2.3489322966299655,1556091393,1,47371,49,8122
1.5855019868036684,1560291245,9,47554,49,8130,1.620073403265663,1545610789,6,47081,49,8153,2.47265621851671,1556091598,2,47409,49,8163,2.270190970680734,1560290461,5,47346,49,8091,2.474996415960458,1558188065,1,47431,49,8141
1.5855019868036684,1560291245,9,47554,49,8130,1.620073403265663,1545610789,6,47081,49,8153,1.974920403604851,1556091609,3,47201,49,8171,2.4543946959061875,1545608801,4,46908,49,8124,2.474996415960458,1558188065,1,47431,49,8141
2.0993524913727324,1551903791,9,47260,49,8150,2.3299588632694346,1556096877,7,47377,49,8132,2.3480158977863024,1560285953,3,47367,49,8179,1.8888328932292422,1556094095,4,47181,49,12,2.5922904615654723,1558189247,2,47481,49,8109
2.0993524913727324,1551903791,9,47260,49,8150,2.3299588632694346,1556096877,7,47377,49,8132,1.8946492579661844,1553994234,2,47172,49,8157,2.0525333669739254,1558192834,5,47256,49,8150,2.5922904615654723,1558189247,2,47481,49,8109
2.5373184785545004,1558195078,10,47446,49,8138,1.7128899704039429,1547708067,7,47115,49,8079,2.244901238914787,1560285810,2,47314,49,8127,1.5298105025405488,1549804349,5,47029,49,8171,2.605040396814291,1558188801,2,47484,49,8051
1.643333265152199,1562389618,10,47579,49,10,2.2162338190265323,1554000062,7,47332,49,8191,1.6156954971174202,1549800378,3,47043,49,8147,1.453926271064706,1549803698,5,46997,49,8124,2.5539403253137665,1558188887,1,47465,49,8158
2.018369400485516,1549805690,9,47222,49,8104,2.689999483054943,1560290119,6,47535,49,8142,1.9373863017341086,1556091496,3,47185,49,8174,2.118524750554095,1558192946,5,47281,49,8148,2.478362824544693,1556091304,1,47430,49,8115
2.382285835408801,1556097889,9,47382,49,8118,2.009286991227876,1551902111,7,47241,49,8085,1.7662391961714132,1553994404,3,47111,49,8114,1.8816930131947858,1556094938,5,47179,49,8154,2.376980627602222,1556092407,2,47384,49,8079
2.382285835408801,1556097889,9,47382,49,8118,2.009286991227876,1551902111,7,47241,49,8085,2.493869501268306,1556091470,2,47425,49,8152,2.1882896187829504,1558192505,5,47309,49,8120,2.376980627602222,1556092407,2,47384,49,8079
1.6175282823071062,1562389646,10,47568,49,8137,2.5900448994160348,155819337,6,47491,49,8153,0,1551897245,2,,49,8167,0,1551900594,4,47106,49,8182,2.248059411233661,1553994212,1,47328,49,8141
1.6175282823071062,1562389646,10,47568,49,8137,2.5900448994160348,1558193317,6,47491,49,8153,2.355871465798642,1560285961,2,47362,49,8112,2.025505552985032,1556094907,4,47241,49,7,2.248059411233661,1553994212,1,47328,49,8141
2.3301671323563977,1554000499,9,47356,49,8139,2.235612422290658,1553999963,7,47342,49,8098,2.2243998685978448,1558188318,2,47307,49,8086,1.8401809584076454,1553997899,4,47162,49,8119,2.35596993979715,1556091189,1,47374,49,8175
2.5928035879640845,1558195092,9,47469,49,8175,2.5954504576031328,1558193117,6,47494,49,8170,2.632889956630159,1558188875,3,47478,49,8098,2.5524104795965217,1547707303,5,46955,49,8186,3.0194456516167376,1547703230,2,47149,49,8131
2.5928035879640845,1558195092,9,47469,49,8175,2.5954504576031328,1558193117,6,47494,49,8170,2.112104275459529,1558188973,3,47256,49,8122,1.636091152327282,1551901261,5,47067,49,8180,3.0194456516167376,1547703230,2,47149,49,8131
1.9564582126434462,1549806738,9,47196,49,8140,1.8952571067592745,1549805169,6,47192,49,8090,2.01622799190034,1556092006,3,47220,49,8069,1.4162899348404103,1547707358,5,46982,49,8109,2.723457223461637,1543508794,1,47019,49,8115
2.631969770621888,1558194492,9,47485,49,8135,2.4287906790192406,1556096251,6,47425,49,8148,2.382389961344581,1562382865,3,47374,49,8180,2.152692444020296,1558193005,5,47298,49,8130,2.4129848841217165,1556091282,2,47399,49,8178
2.631969770621888,1558194492,9,47485,49,8135,2.4287906790192406,1556096251,6,47425,49,8148,1.6718946016139498,1551897473,2,47068,49,19,2.4705091341488097,1545609696,5,46918,49,8121,2.4129848841217165,1556091282,2,47399,49,8178
2.2457154077433144,1554000900,9,47320,49,8127,1.8488488168473078,1547707939,7,47175,49,8118,1.9129069772091918,1553994846,3,47177,49,8148,2.016019790590741,1556095508,5,47238,49,8103,3.3343030114617815,1553994201,1,47286,49,8075
2.2457154077433144,1554000900,9,47320,49,8127,1.8488488168473078,1547707939,7,47175,49,8118,2.4965221080863267,1556091380,2,47423,49,8119,2.357804606029995,1545609292,5,46871,49,8138,3.3343030114617815,1553994201,1,47286,49,8075
2.027343977555955,1549807035,10,47229,49,4,2.6011627493587435,1560289563,6,47495,49,8128,1.5722446275177642,1549800788,3,47029,49,8152,1.8950544967910967,1556094912,5,47184,49,8141,3.171927914015423,1549800554,2,47214,49,8143
2.027343977555955,1549807035,10,47229,49,4,2.6011627493587435,1560289563,6,47495,49,8128,2.208592129695566,1558189065,3,47294,49,8150,2.24713923739832,1560290326,5,47340,49,8146,3.171927914015423,1549800554,2,47214,49,8143
1.86649868596771,1547708556,9,47158,49,8170,2.196855212415936,1553999743,7,47323,49,8108,1.9477903383440325,1549799742,2,47187,49,8158,2.1774784942517402,1558192622,5,47303,49,8092,2.9167380832432435,1545605596,1,47100,49,8104
1.8141754948642226,1547709181,9,47135,49,8151,1.7588893081669836,1547708500,7,47137,49,8107,2.33343317183762,1560286643,3,47350,49,8156,1.7175835814035096,1551900825,5,47108,49,8190,2.704281194202908,1560286385,1,47527,49,8117
1.8141754948642226,1547709181,9,47135,49,8151,1.7588893081669836,1547708500,7,47137,49,8107,1.7999998087091065,1553994089,2,47124,49,8137,2.1157717872377417,1558193074,5,47276,49,8176,2.704281194202908,1560286385,1,47527,49,8117
1.7972431501646584,1547709170,9,47133,49,8158,2.57433752846863,1558193899,7,47486,49,8102,2.21348650177722,1558188650,3,47302,49,8118,1.7174813439377892,1551901330,5,47110,49,8148,2.4805061209567194,1556091849,2,47425,49,8085
1.7972431501646584,1547709170,9,47133,49,8158,2.57433752846863,1558193899,7,47486,49,8102,1.745024029646555,1551897373,3,47103,49,8148,2.0249943561068258,1558192383,4,47247,49,8127,2.4805061209567194,1556091849,2,47425,49,8085
1.7811286874653118,1547708408,9,47123,49,8171,2.1389219926595318,1551902155,7,47299,49,8130,2.1558599831530794,1558189181,2,47275,49,8161,1.6712775283478007,1551901402,5,47091,49,8132,2.184413903234787,1553994499,2,47304,49,8138
1.7811286874653118,1547708408,9,47123,49,8171,2.1389219926595318,1551902155,7,47299,49,8130,1.710142509793385,1551897652,2,47085,49,8173,2.012246305065343,1556095024,4,47236,49,8133,2.184413903234787,1553994499,2,47304,49,8138
1.771133593481781,1547708097,8,47117,49,8139,1.775412710430255,1547708487,7,47143,49,8119,1.7619545347052066,1551897521,3,47113,49,8163,1.8943406925785986,1556094716,5,47184,49,8180,3.050655904134622,1547703192,2,47163,49,8080
1.808565458445063,1547708609,8,47134,49,8154,1.5696885724184424,1562387146,6,47568,49,8145,2.2364359921354002,1560285846,2,47309,49,8177,1.429142101180212,1547706464,5,46985,49,8129,2.653794589353449,1560285841,1,47502,49,8142
1.808565458445063,1547708609,8,47134,49,8154,1.5696885724184424,1562387146,6,47568,49,8145,1.927288974278713,1556091694,3,47179,49,8122,1.8010147829464538,1553998474,5,47147,49,8109,2.653794589353449,1560285841,1,47502,49,8142
1.9749185519325558,1549804010,5,47207,49,8109,2.748137199167012,1560290532,7,47557,49,8059,2.4886684242054087,1562383345,3,47419,49,8120,1.398645648078179,1547707242,5,46972,49,8102,2.3438334582918925,1556091593,2,47365,49,8120
1.9749185519325558,1549804010,5,47207,49,8109,2.748137199167012,1560290532,7,47557,49,8059,15.388968551829452,1551897083,2,47295,49,8191,15.067994164467603,1553997862,4,47116,49,8112,2.3438334582918925,1556091593,2,47365,49,8120
2.213177913149648,1554000771,9,47311,49,8120,1.6758652088734802,1545610111,6,47102,49,8151,1.5621473031904962,1549800740,2,47023,49,8126,1.3409169031163746,1547706571,4,46946,49,8145,3.1073660101279885,1549800453,2,47183,49,8145
2.213177913149648,1554000771,9,47311,49,8120,1.6758652088734802,1545610111,6,47102,49,8151,2.5080470324672324,1562382994,2,47429,49,8140,1.7428789379702085,1551901259,5,47117,49,8159,3.1073660101279885,1549800453,2,47183,49,8145
2.5614910907816837,1558194086,8,47456,49,8168,1.950128777249114,1549805631,7,47221,49,8085,1.8841429870832656,1556091175,2,47170,49,8155,2.55771570312112,1547706961,5,46952,49,8111,2.751708117474707,1545605852,1,47038,49,8159
2.5614910907816837,1558194086,8,47456,49,8168,1.950128777249114,1549805631,7,47221,49,8085,1.7531825805690404,1551897483,2,47110,49,8149,1.7017739806200292,1551899893,4,47104,49,8103,2.751708117474707,1545605852,1,47038,49,8159
1.8732296219709221,1547709715,10,47164,49,8140,2.374733181900069,1556096730,6,47402,49,8121,2.4246158274492777,1562383433,3,47391,49,8163,1.378551356260964,1547707331,5,46969,49,8136,2.4174702613316126,1556091517,2,47411,49,8108
1.8732296219709221,1547709715,10,47164,49,8140,0,1556096730,6,47402,49,8121,0,1560286566,3,47355,49,2,1.8504827562215889,1553998775,5,47166,49,8118,2.4174702613316126,1556091517,2,47411,49,8108
2.4858113352368627,1556097876,10,47422,49,8080,1.742468145229347,1547707727,6,47129,49,8135,1.8619110005133808,1553994847,3,47148,49,8142,1.4224092935683732,1549803785,5,46987,49,8151,3.205076972901099,1551897040,1,47225,49,8130
2.4858113352368627,1556097876,10,47422,49,8080,1.742468145229347,1547707727,6,47129,49,8135,1.8123407865175918,1553994727,3,47130,49,8146,1.89576829689598,1556095024,4,47186,49,8116,3.205076972901099,1551897040,1,47225,49,8130
2.0141869672920367,1549807118,10,47222,49,8128,2.3928886729020546,1556097209,7,47408,49,8164,2.5905618493178837,1564480379,3,47460,49,8142,1.5682628794167837,1549804211,5,47045,49,8101,2.910514609293658,1545606074,2,47105,49,8135
2.0141869672920367,1549807118,10,47222,49,8128,2.3928886729020546,1556097209,7,47408,49,8164,2.578627957436666,1564480247,2,47457,49,8137,2.013571668792208,1556095560,5,47239,49,8094,2.910514609293658,1545606074,2,47105,49,8135
1.6181398408820393,1562389901,10,47569,49,8159,1.9275882488610498,1549805023,6,47210,49,8076,2.1711583997576467,1558189013,3,47284,49,8156,1.670563737090246,1551901091,4,47084,49,8141,2.553635502942848,1558189079,1,47460,49,8129
1.6181398408820393,1562389901,10,47569,49,8159,1.9275882488610498,1549805023,6,47210,49,8076,2.22042190829543,1551897276,3,47305,49,8146,2.099146151831157,1558192747,5,47266,49,8142,2.553635502942848,1558189079,1,47460,49,8129
2.6085109583091577,1558194814,9,47475,49,8178,1.5913112671682548,1562388567,7,47579,49,8088,1.8257022708420445,1547702826,2,47135,49,8157,1.7754164212444181,1553998361,5,47120,49,8162,2.189921705536491,1553994926,2,47306,49,8182
2.5026395773573595,1558194180,8,47432,49,8161,2.6087096999310386,1560290132,6,47500,49,8130,1.5144136348765107,1543508727,3,47003,49,8150,1.8894444686849172,1553997965,5,47178,49,6,3.043514134549461,1547703012,1,47169,49,8127
2.5026395773573595,1558194180,8,47432,49,8161,2.6087096999310386,1560290132,6,47500,49,8130,1.6337468609525785,1549800330,3,47057,49,8162,2.4077838102878135,1545609320,4,46880,49,8141,3.043514134549461,1547703012,1,47169,49,8127
2.622381760161977,1558195465,10,47482,49,8122,2.6065683100669634,1558193688,7,47497,49,8131,2.509372388477238,1562383092,3,47432,49,8147,2.137496287578079,1558192943,5,47282,49,8136,2.805154075138774,1545606004,1,47058,49,8111
2.622381760161977,1558195465,10,47482,49,8122,2.6065683100669634,1558193688,7,47497,49,8131,2.655430487653334,1558189119,3,47488,49,8155,1.4320995531066334,1547706483,4,46982,49,8136,2.805154075138774,1545606004,1,47058,49,8111
1.679337524436343,1562389517,9,47592,49,8114,2.7273290834229935,1560290905,6,47552,49,8157,2.3602565088646696,1560286000,2,47366,49,8173,2.3246555584747863,1562386540,5,47367,49,8156,2.6012669228214222,1560285876,1,47480,49,6
1.679337524436343,1562389517,9,47592,49,8114,2.7273290834229935,1560290905,6,47552,49,8157,2.597599493586214,1564480319,3,47463,49,8132,1.710953046307932,1551901058,4,47104,49,8175,2.6012669228214222,1560285876,1,47480,49,6
2.1259732276645114,1551903826,9,47269,49,8177,1.84089290239055,1547707456,6,47171,49,8084,2.341284977533895,1553994392,3,47360,49,8165,1.4233275882371026,1547706385,5,46980,49,8143,2.486216510833658,1558188501,2,47432,49,8123
2.1259732276645114,1551903826,9,47269,49,8177,1.84089290239055,1547707456,6,47171,49,8084,2.586686127729695,1558188801,3,47458,49,8183,1.9581888178613889,1556095609,5,47208,49,8185,2.486216510833658,1558188501,2,47432,49,8123
2.6823541403815554,1560293016,10,47510,49,8130,2.319554816715257,1556096810,7,47374,49,8178,2.3632139496933653,1560286076,3,47369,49,8158,1.6768875761628883,1551901128,4,47086,49,8151,2.476221431367364,1556091864,2,47426,49,8117
2.6823541403815554,1560293016,10,47510,49,8130,2.319554816715257,1556096810,7,47374,49,8178,2.4090106984637694,1562383262,3,47384,49,8185,2.1905332698648374,1558192005,5,47306,49,8145,2.476221431367364,1556091864,2,47426,49,8117
2.255608255191801,1554001454,10,47326,49,8157,1.8604759878578077,1549803963,6,47179,49,8123,2.0651847885733465,1556091404,3,47243,49,8150,1.890464981838839,1553997973,5,47176,49,8138,2.459900604977395,1556091586,1,47426,49,8158
0,1549806407,9,47215,49,8132,2.7416088614454903,1560290742,7,47556,49,8122,1.95962198250827,1556091766,3,47190,49,8163,2.0434565711335684,1556095268,5,47244,49,8123,2.461330104053491,1558188464,1,47420,49,8124
1.9984796025852165,1549806407,9,47215,49,8132,2.7416088614454903,1560290742,7,47556,49,8122,1.9432008123812679,1556091756,3,47183,49,8135,2.577501382868942,1547707141,5,46960,49,8142,2.461330104053491,1558188464,1,47420,49,8124
1.9062764325525554,1549805341,8,47175,49,8080,2.6054455340951224,1560289778,6,47499,49,8102,1.601109004992396,1549800871,3,47041,49,8124,2.258970894276504,1560289845,5,47339,49,8111,2.5697480268626998,1558188986,1,47477,49,8116
1.9062764325525554,1549805341,8,47175,49,8080,2.6054455340951224,1560289778,6,47499,49,8102,2.66603712300509,1558188494,3,47496,49,8128,1.6040626623654206,1551900888,5,47056,49,8178,2.5697480268626998,1558188986,1,47477,49,8116
1.9904214451120656,1549806710,10,47214,49,8158,2.7132537993866688,1560291061,7,47546,49,8127,2.2355177144046197,1560285862,2,47309,49,8115,2.531602384007,1547707259,5,46946,49,8107,2.764967362621057,1545605814,2,47043,49,8119
1.9904214451120656,1549806710,10,47214,49,8158,2.7132537993866688,1560291061,7,47546,49,8127,2.3538304245448525,1553994514,3,47365,49,8,1.970836499967198,1556096085,5,47212,49,8157,2.764967362621057,1545605814,2,47043,49,8119
2.2109342733511697,1554000712,9,47308,49,8147,1.85578422635278,1549805203,7,47177,49,8102,2.0632478572463113,1549800079,3,47238,49,8109,1.7332891089435414,1553997916,5,47117,49,8120,3.044941735848951,1549799942,1,47170,49,8122
2.2109342733511697,1554000712,9,47308,49,8147,1.85578422635278,1549805203,7,47177,49,8102,2.294674071439747,1560286576,3,47337,49,8142,2.371879902178921,1545609214,4,46872,49,8095,3.044941735848951,1549799942,1,47170,49,8122
2.5165103805860607,1558194528,8,47439,49,8142,2.3459710608520004,1556096894,7,47387,49,8134,2.0995588297245793,1558189220,3,47250,49,8155,2.2711092628441505,1560289918,5,47340,49,8142,2.271516337067819,1553994311,1,47345,49,8164
2.5165103805860607,1558194528,8,47439,49,8142,2.3459710608520004,1556096894,7,47387,49,8134,2.47581625147552,1562382921,2,47417,49,8155,1.7559318780952768,1553998991,5,47127,49,8132,0,1553994311,1,47345,49,8164
1.7886756677604563,1547708287,8,47127,49,8102,1.913410728580826,1549805763,7,47204,49,8115,2.4028913354957555,1556091270,2,47380,49,8104,1.696368427649984,1551901594,5,47095,49,8119,2.8010738648968116,1545605989,2,47057,49,8135
1.7886756677604563,1547708287,8,47127,49,8102,1.913410728580826,1549805763,7,47204,49,8115,1.6859698871344289,1551897796,3,47077,49,8101,2.4761191905371516,1545609667,5,46914,49,8104,2.8010738648968116,1545605989,2,47057,49,8135
2.38667087858397,1556098266,9,47384,49,8096,1.6518952187265399,1545611129,7,47098,49,8074,1.6318099406244237,1551897047,3,47056,49,8142,2.345870728227209,1545609233,4,46863,49,8102,2.2148081177460583,1553994313,1,47317,49,8158
1.9488071515829162,1549807089,10,47197,49,8094,1.5913112646148737,1562388262,6,47580,49,8111,2.272133532710653,1560286241,2,47330,49,8142,1.9928658397405576,1556095202,4,47228,49,8071,3.0111848893963793,1547703140,1,47141,49,8118
1.9488071515829162,1549807089,10,47197,49,8094,1.5913112646148737,1562388262,6,47580,49,8111,1.6918847928089416,1551897573,2,47083,49,8102,1.615485733549639,1551900935,4,47064,49,8170,3.0111848893963793,1547703140,1,47141,49,8118
1.6220155654868027,1562389624,10,47569,49,8171,1.6158909706182605,1545610845,6,47083,49,8126,1.8210105033206132,1553994658,3,47137,49,8157,1.5943724105469894,1551900144,4,47055,49,8139,2.607691098920833,1558188548,1,47489,49,8091
1.6220155654868027,1562389624,10,47569,49,8171,1.6158909706182605,1545610845,6,47083,49,8126,2.5252842376704123,1564480027,3,47440,49,8164,2.5357848362549786,1547706006,4,46945,49,8145,2.607691098920833,1558188548,1,47489,49,8091
2.70132568014896,1560288946,4,47515,49,8151,1.83752650159125,1547707964,7,47174,49,8110,1.5404228061826375,1549800816,3,47016,49,8078,1.4217977478988966,1547707319,5,46979,49,8111,2.3364872024722683,1556091620,1,47372,49,8129
2.70132568014896,1560288946,4,47515,49,8151,1.83752650159125,1547707964,7,47174,49,8110,2.3390413311472473,1560285982,3,47362,49,8164,2.39880735979188,1545609255,4,46880,49,8130,2.3364872024722683,1556091620,1,47372,49,8129
1.6081447624888041,1562388454,8,47561,49,8161,2.2229647335217004,1553999947,7,47339,49,8094,2.639111556229102,1564480155,2,47484,49,8163,2.5181405616816206,1547706606,5,46934,49,8161,2.1825773444702183,1553994757,1,47305,49,8090
1.6081447624888041,1562388454,8,47561,49,8161,2.2229647335217004,1553999947,7,47339,49,8094,2.2918188637636696,1553994546,3,47337,49,8154,2.40635431744855,1545609819,5,46886,49,8098,2.1825773444702183,1553994757,1,47305,49,8090
1.9221864200703935,1549806472,9,47186,49,8107,1.6763745367777847,1545611157,7,47106,49,8089,2.3408778931102687,1560286535,3,47360,49,9,2.4845844302019833,1545609844,5,46919,49,8113,3.3049293324082245,1551897814,2,47269,49,8064
2.389119001162353,1556098160,9,47384,49,8069,2.4764220906083003,1558194125,7,47446,49,8112,2.66002000249813,1558188410,2,47495,49,8175,1.4241436204087443,1547706649,5,46984,49,8128,3.2344506609289665,1551896948,1,47240,49,8158
2.389119001162353,1556098160,9,47384,49,8069,2.4764220906083003,1558194125,7,47446,49,8112,2.4426690740128563,1562382846,2,47402,49,8184,1.4007870518007264,1547706084,4,46973,49,8134,3.2344506609289665,1551896948,1,47240,49,8158
1.8223340427739039,1547706478,4,47141,49,8100,2.2824277913927937,1553999174,7,47364,49,8073,1.58968442703893,1543508613,2,47045,49,8176,1.6028395422043342,1551900773,5,47056,49,8186,3.3459301744605607,1551897533,1,47291,49,8111
1.8223340427739039,1547706478,4,47141,49,8100,2.2824277913927937,1553999174,7,47364,49,8073,2.6303395859199488,1558188767,2,47482,49,8150,1.569792723296781,1549803825,5,47044,49,8130,3.3459301744605607,1551897533,1,47291,49,8111
2.5737298120465573,1558195914,10,47462,49,8137,2.2148043246804385,1553998472,6,47339,49,8177,1.7989792973514276,1553994228,2,47129,49,8087,1.7425722353820792,1553998075,4,47118,49,8141,2.167176698106521,1553994276,1,47296,49,8136
2.5737298120465573,1558195914,10,47462,49,8137,2.2148043246804385,1553998472,6,47339,49,8177,1.647415279806553,1545605501,2,47063,49,8170,1.7371666701113944,1553997835,5,47115,49,8090,2.167176698106521,1553994276,1,47296,49,8136
2.2239890421153086,1554000890,9,47315,49,8140,2.2760017054310935,1553999439,7,47363,49,8145,2.0874204677392276,1551896929,2,47253,49,8111,1.9762420552512439,1556095344,4,47219,49,8134,0,1553994674,2,47358,49,8152
1.9941949322219332,1549806790,9,47216,49,8114,2.412878824127793,1556096684,7,47421,49,8091,2.484485971938632,1562383289,3,47424,49,8131,2.219193151457279,1560289895,5,47325,49,8091,2.4078860570768157,1556091220,1,47388,49,8142
1.9941949322219332,1549806790,9,47216,49,8114,2.412878824127793,1556096684,7,47421,49,8091,2.4342038302621445,1562383154,3,47397,49,8101,2.282736418183311,1560290139,5,47350,49,8127,2.4078860570768157,1556091220,1,47388,49,8142
1.858236063278901,1547709402,9,47157,49,8182,2.6347169508144535,1560290257,6,47518,49,8099,1.74288077638907,1551896773,2,47111,49,8152,1.3623346756176458,1547706672,4,46958,49,8130,2.6215638180190326,1560285932,1,47485,49,8117
1.858236063278901,1547709402,9,47157,49,8182,2.6347169508144535,1560290257,6,47518,49,8099,1.7842924395561008,1553994619,3,47121,49,8158,1.4493386378408932,1549803461,4,46985,49,8059,2.6215638180190326,1560285932,1,47485,49,8117
1.855278614802947,1547709733,10,47154,49,8110,1.8518062616096174,1549805093,7,47178,49,8122,2.4403231926140183,1562383584,2,47401,49,8124,1.8627214935934564,1553998831,5,47172,49,8119,2.93336186738643,1545605375,1,47108,49,8120
1.855278614802947,1547709733,10,47154,49,8110,1.8518062616096174,1549805093,7,47178,49,8122,2.6144277284005693,1564480512,3,47478,49,8157,2.050698683130106,1558192095,5,47249,49,8161,2.93336186738643,1545605375,1,47108,49,8120
2.042744633953574,1551903172,9,47236,49,8153,2.4574505564546643,1558193524,7,47440,49,8101,2.1103699551037987,1558188613,2,47260,49,8118,2.4833594067414686,1547706741,4,46927,49,8165,2.248262018786274,1553994863,1,47329,49,8121
2.042744633953574,1551903172,9,47236,49,8153,2.4574505564546643,1558193524,7,47440,49,8101,2.354953181311797,1560286084,2,47366,49,8157,1.568567711991989,1549803202,4,47048,49,8123,2.248262018786274,1553994863,1,47329,49,8121
2.2553015367821505,1553999890,8,47328,49,8147,2.004900070579916,1551901686,6,47245,49,8115,1.8852657285248002,1553994624,3,47171,49,8160,2.050494205515526,1558191704,4,47251,49,8141,2.7378354090867014,1543508900,2,47033,49,8105
2.2553015367821505,1553999890,8,47328,49,8147,2.004900070579916,1551901686,6,47245,49,8115,2.203898494774847,1551897049,3,47303,49,8161,2.422673233127062,1545609682,4,46898,49,8168,2.7378354090867014,1543508900,2,47033,49,8105
2.5368072692146213,1558194395,9,47448,49,8134,1.7156429423835888,1547707709,6,47121,49,8158,1.790411810554771,1553994955,3,47125,49,8142,1.745018503641608,1553998175,4,47126,49,8165,3.330323150499351,1551897192,2,47288,49,8153
2.5368072692146213,1558194395,9,47448,49,8134,1.7156429423835888,1547707709,6,47121,49,8158,2.168608036045954,1558188933,2,47289,49,10,2.1727867341989477,1558192278,4,47300,49,8103,3.330323150499351,1551897192,2,47288,49,8153
1.7128936667914743,1545609322,5,47094,49,24,2.739262975650049,1560290284,7,47557,49,8101,1.8415118670591222,1553994650,2,47144,49,11,1.5519439624211955,1549804353,5,47033,49,8116,2.8231054630174333,1545605934,1,47061,49,8102
1.7128936667914743,1545609322,5,47094,49,24,2.739262975650049,1560290284,7,47557,49,8101,2.299468068908224,1560286379,3,47342,49,8182,1.9814431464216868,1556095125,4,47222,49,8181,2.8231054630174333,1545605934,1,47061,49,8102
2.162589049827967,1551903994,10,47285,49,36,2.743647995606155,1560290768,7,47562,49,8127,2.029894326231545,1556092197,3,47233,49,8142,1.4039489774057863,1547707548,5,46972,49,8098,2.3894219459464785,1556092021,2,47393,49,8149
2.7087703887356662,1560288656,4,47521,49,8150,1.7264540700668962,1547708363,7,47127,49,8108,2.3387346091324135,1560285489,2,47365,49,8137,2.549557200546542,1547706575,4,46940,49,8092,3.271882521968985,1551897832,2,47253,49,8118
2.7087703887356662,1560288656,4,47521,49,8150,1.7264540700668962,1547708363,7,47127,49,8108,1.7585881411742916,1551897109,2,47117,49,8093,1.8808769800520067,1553998514,5,47176,49,8095,3.271882521968985,1551897832,2,47253,49,8118
2.1435152855997748,1551903312,9,47279,49,8086,2.0818029305353156,1551902489,6,47283,49,8094,1.6067171530303286,1551896938,2,47054,49,8148,1.3775308429353665,1547707119,5,46967,49,8123,2.9635516012275294,1547703212,2,47124,49,8126
2.1435152855997748,1551903312,9,47279,49,8086,2.0818029305353156,1551902489,6,47283,49,8094,2.3107885152236873,1560286455,3,47351,49,8,2.018570154825414,1556095238,4,47234,49,8158,2.9635516012275294,1547703212,2,47124,49,8126
1.6525123288377352,1562389643,9,47581,49,8191,2.644916510001882,1560291322,7,47524,49,8068,2.2070604162313834,1560285899,3,47304,49,8092,1.5713225672191033,1549804084,5,47043,49,8150,2.764560312848789,1543508636,1,47035,49,8156
1.6525123288377352,1562389643,9,47581,49,8191,2.644916510001882,1560291322,7,47524,49,8068,1.7943897692710342,1553994612,3,47126,49,8173,2.1635016892896872,1560289086,4,47309,49,8075,2.764560312848789,1543508636,1,47035,49,8156
2.491317246201236,1556096960,9,47429,49,8175,2.2454030093037214,1553999650,7,47353,49,8117,2.6739930472131057,1566577275,3,47502,49,8146,1.392728891220141,1547707076,5,46970,49,8089,2.6445114046850375,1560285934,1,47500,49,8179
2.275700668308931,1554000789,9,47335,49,8137,2.019382429824982,1551901406,6,47257,49,8107,1.566939414024314,1549800455,2,47036,49,8134,2.2611141758609983,1560290228,5,47336,49,8103,2.6484912835099688,1558188499,1,47493,49,8154
2.275700668308931,1554000789,9,47335,49,8137,2.019382429824982,1551901406,6,47257,49,8107,2.506210460244177,1564480146,2,47435,49,8142,1.8080524342206223,1553997366,4,47146,49,8068,2.6484912835099688,1558188499,1,47493,49,8154
2.098127504612096,1551903788,9,47260,49,8060,2.089656607146089,1551902963,7,47288,49,8102,2.657571877644656,1564480076,3,47495,49,8169,1.5140008992397542,1549804173,5,47021,49,8097,2.6895924469118184,1543509080,2,47010,49,8064
2.098127504612096,1551903788,9,47260,49,8060,2.089656607146089,1551902963,7,47288,49,8102,2.4585790358100685,1562383261,2,47414,49,8123,2.311089584014686,1560289637,5,47366,49,8081,2.6895924469118184,1543509080,2,47010,49,8064
1.9737958061210876,1549806529,9,47207,49,8123,2.2886493870915308,1553999143,7,47369,49,8101,2.639314137942365,1564480305,3,47490,49,8144,2.041212924649157,1556094870,4,47244,49,8160,2.8428930261694667,1545605460,1,47067,49,8167
1.9213703825671014,1549806701,10,47185,49,8158,2.703359030443,1560291026,7,47551,49,8119,1.582546431081289,1549800606,3,47035,49,8165,1.4414830728930175,1547706490,5,46988,49,8116,3.06524051923813,1549800600,2,47167,49,8089
1.9213703825671014,1549806701,10,47185,49,8158,2.703359030443,1560291026,7,47551,49,8119,2.702550688841555,1566577492,3,47518,49,8144,2.330572323563496,1560288921,4,47367,49,8087,3.06524051923813,1549800600,2,47167,49,8089
2.0035784584396743,1549806694,9,47219,49,8179,2.061506040126712,1551901931,6,47276,49,8165,1.817032544431929,1553994428,2,47136,49,8131,2.14382013180397,1558192867,5,47283,49,8096,3.350620035098655,1553994812,2,47297,49,8097
2.0035784584396743,1549806694,9,47219,49,8179,2.061506040126712,1551901931,6,47276,49,8165,1.8474267671807139,1553994666,2,47150,49,8118,1.8714934624678854,1553998284,5,47169,49,8159,3.350620035098655,1553994812,2,47297,49,8097
2.2263349249983,1554000966,10,47315,49,6,1.6370038905765483,1545610869,6,47094,49,8102,2.206651459395535,1560285659,3,47308,49,8177,1.730536134478433,1551900336,4,47111,49,8147,2.5438430147163023,1558188832,1,47455,49,8126
2.2263349249983,1554000966,10,47315,49,6,1.6370038905765483,1545610869,6,47094,49,8102,2.340468931207921,1560285838,2,47364,49,8118,1.5535741542830293,1549804554,5,47038,49,15,2.5438430147163023,1558188832,1,47455,49,8126
1.6515940565702718,1562389001,8,47582,49,8131,2.004695585877502,1551901486,6,47249,49,8115,1.730846503605745,1551897648,3,47101,49,8173,1.7340047603556337,,,,,,3.224862661298203,1551897282,1,47234,49,8103
1.6515940565702718,1562389001,8,47582,49,8131,2.004695585877502,1551901486,6,47249,49,8115,1.6131432395112204,1551897332,3,47055,49,0,2.4790766290350743,1545609660,4,46916,49,8148,3.224862661298203,1551897282,1,47234,49,8103
1.9158625811115595,1549806354,9,47183,49,8122,2.456736753838424,1558194132,7,47441,49,8125,2.025100326118071,1556091621,3,47232,49,8185,2.350053176675247,1560289820,5,47373,49,8136,2.2043018411303206,1553994855,2,47312,49,8085
1.9158625811115595,1549806354,9,47183,49,8122,2.456736753838424,1558194132,7,47441,49,8125,2.1848247257348743,1551896957,3,47299,49,8170,2.1720710642974135,1558191816,4,47302,49,8102,2.2043018411303206,1553994855,2,47312,49,8085
2.573627570493376,1558195851,10,47462,49,8182,2.4851921390111316,1558193218,6,47458,49,8164,2.6224839927887205,1564479988,3,47488,49,8157,2.124235167371106,1558192837,5,47283,49,8133,2.7366123091279255,1560286313,2,47541,49,8146
2.1200564744839423,1551903756,10,47269,49,8066,2.746198365553446,1562387081,6,47563,49,8116,2.352096095239744,1560285585,3,47371,49,8129,1.9055607826988505,1553998034,5,47179,49,8163,3.3482741544099714,1551897393,2,47296,49,8120
1.7438994579679032,1545611884,9,47109,49,8123,1.900660797508534,1549805622,7,47205,49,8123,1.7041235350983686,1551897851,2,47092,49,8189,1.8713912256457068,1553998091,5,47170,49,8164,2.868697717168105,1545606284,2,47078,49,8135
1.7438994579679032,1545611884,9,47109,49,8123,1.900660797508534,1549805622,7,47205,49,8123,1.960436163842171,1556091513,2,47203,49,8136,1.876287461144095,1553998322,4,47170,49,8115,2.868697717168105,1545606284,2,47078,49,8135
0,1560292575,9,47516,49,8085,2.355454910946893,1556097380,7,47402,49,8053,2.5194697050849126,1564479972,2,47442,49,8164,1.883936669589508,1553998481,5,47175,49,8160,2.3153742832879725,1556091615,2,47359,49,8109
2.6945928574999143,1560292575,9,47516,49,8085,2.355454910946893,1556097380,7,47402,49,8053,1.6583286474042953,1551897397,2,47069,49,8099,1.8664949899474694,1553998683,5,47170,49,8145,2.3153742832879725,1556091615,2,47359,49,8109
2.134336238641668,1551903926,10,47273,49,8085,1.6817800954124096,1545610751,7,47111,49,8088,2.621565707162514,1564480417,3,47489,49,8183,2.0149992866473383,1556095356,4,47234,49,8131,3.0889038095801014,1549799901,1,47175,49,8172
1.8347772535355107,1547708266,8,47146,49,8119,2.2760017000370754,1553999447,7,47365,49,8094,2.0621250982135853,1558188463,2,47246,49,8182,2.127192608350535,1558192903,5,47286,49,8108,2.76211025905366,1543508573,2,47043,49,8177
1.8347772535355107,1547708266,8,47146,49,8119,2.2760017000370754,1553999447,7,47365,49,8094,2.4746934767266127,1562383171,3,47425,49,8144,2.1955298727002774,1560289553,5,47312,49,8126,2.76211025905366,1543508573,2,47043,49,8177
1.69147403519589,1545612707,10,47087,49,8127,1.760417285841232,1547707827,6,47148,49,8111,1.9381000997099564,1556091539,2,47190,49,8175,2.3193522414127927,1560289926,5,47362,49,8135,2.476221439155176,1556091507,1,47422,49,8130
1.69147403519589,1545612707,10,47087,49,8127,1.760417285841232,1547707827,6,47148,49,8111,2.372699708752228,1562382771,2,47377,49,8089,2.4132897200273153,1545609637,4,46889,49,8112,2.476221439155176,1556091507,1,47422,49,8130
1.7106500215077274,1545612797,10,47091,49,8172,2.4890678581933208,1558193287,6,47460,49,8107,2.3887138006586293,1556091391,3,47380,49,8133,1.4511714377165863,1547706821,5,46994,49,8146,2.1729893493720986,1551897117,1,47299,49,8123
2.159222657557377,1551903655,9,47282,49,8135,1.8933164388559631,1549804181,6,47205,49,8105,2.0709992970456947,1551896829,3,47247,49,8174,1.87934714458679,1553998822,5,47172,49,8095,2.8580892004758813,1545606089,1,47078,49,8124
2.159222657557377,1551903655,9,47282,49,8135,1.8933164388559631,1549804181,6,47205,49,8105,2.643903654022196,1564480153,3,47495,49,8130,1.9936837478121117,1556094451,4,47219,49,8074,2.8580892004758813,1545606089,1,47078,49,8124
2.5186517832754682,1558195257,9,47438,49,8102,1.7058504701695598,1547707264,6,47122,49,8170,2.2223588244936834,1560285974,3,47316,49,8158,2.134536970852831,1558192195,4,47286,49,8157,2.522118531737593,1558189006,1,47444,49,8097
2.5186517832754682,1558195257,9,47438,49,8102,1.7058504701695598,1547707264,6,47122,49,8170,1.6582264128465984,1551897407,3,47071,49,8133,2.2309225669095465,1560290263,5,47325,49,8064,2.522118531737593,1558189006,1,47444,49,8097
1.7531807528026149,1547709144,10,47111,49,8162,1.5938597677011246,1562388417,7,47588,49,8097,2.4748979597677105,1556091541,2,47424,49,8155,2.356377020339121,1545609501,5,46863,49,8127,2.2437747379626662,1553994876,2,47325,49,8143
1.7531807528026149,1547709144,10,47111,49,8162,1.5938597677011246,1562388417,7,47588,49,8097,1.8699654537718706,1553994458,3,47171,49,8111,2.4753031512725037,1545609611,5,46913,49,8105,2.2437747379626662,1553994876,2,47325,49,8143
2.2372482955289392,1554001506,10,47317,49,8161,1.5625472814690815,1562388475,7,47575,49,8073,1.5442966395291373,1549800508,3,47028,49,8097,1.3888531764098637,1547706890,4,46965,49,8106,3.1580571208410304,1549800313,2,47201,49,8134
2.2372482955289392,1554001506,10,47317,49,8161,1.5625472814690815,1562388475,7,47575,49,8073,2.170442719058876,1558188669,2,47297,49,8149,1.4393397920994986,1549803954,5,46990,49,8107,3.1580571208410304,1549800313,2,47201,49,8134
1.6523078663769784,1562389687,10,47580,49,4,1.631903186613802,1545611313,7,47095,49,8094,1.802855018839351,1547702828,2,47133,49,8116,1.5964115648262331,1551899917,4,47058,49,8122,2.88419873553986,1547702827,1,47094,49,8118
1.6523078663769784,1562389687,10,47580,49,4,1.631903186613802,1545611313,7,47095,49,8094,2.4547033114652095,1562383442,2,47414,49,8141,1.7280880180166727,1551901514,5,47111,49,8107,2.88419873553986,1547702827,1,47094,49,8118
2.277944314464141,1554000904,10,47334,49,8148,1.7044228655143658,1547707205,6,47120,49,8088,2.0821171382716597,1558188886,3,47251,49,23,1.8730233041673752,1553998472,5,47170,49,8132,2.6353323705994067,1560286150,2,47494,49,8138
1.749509498843718,1545611270,8,47107,49,8123,1.901781684900317,1549805454,7,47209,49,8113,2.4059510100329033,1556091625,2,47388,49,8142,2.1741121052754817,1558192355,4,47298,49,8165,2.4487827649675715,1556092042,2,47419,49,8139
1.749509498843718,1545611270,8,47107,49,8123,1.901781684900317,1549805454,7,47209,49,8113,1.9169871662746014,1556091134,3,47182,49,8170,2.3483188531702894,1562386741,5,47374,49,9,2.4487827649675715,1556092042,2,47419,49,8139
2.2718249516793874,1554001140,10,47330,49,4,2.6988717665995394,1560291155,7,47546,49,8026,2.2297031868426775,1560286405,3,47316,49,8154,1.89913470536674,1553998012,5,47178,49,8074,2.5067159875618317,1558188817,2,47443,49,8131
2.2718249516793874,1554001140,10,47330,49,4,2.6988717665995394,1560291155,7,47546,49,8026,1.8798601600679037,1547703415,3,47170,49,8126,2.1791087068182726,1560288473,4,47305,49,8132,2.5067159875618317,1558188817,2,47443,49,8131
2.356785989879662,1556097053,9,47369,49,8127,1.595594081176885,1562388668,7,47587,49,8089,2.415332645751058,1562383252,2,47400,49,8138,1.643636306330085,1551900119,4,47075,49,8109,2.930913747398318,1547703234,1,47108,,8143
1.9870550586066902,1549807113,10,47210,49,8139,2.735080512963651,1560290508,7,47559,49,8092,2.2297031868426775,1560285924,2,47316,49,0,2.0160198034214805,1556095627,5,47232,49,8092,2.779449713519888,1545606029,2,47049,49,8148
1.9870550586066902,1549807113,10,47210,49,8139,2.735080512963651,1560290508,7,47559,49,8092,1.8726161904470742,1553994821,2,47177,49,8155,2.355659425745246,1545609808,5,46878,49,8104,2.779449713519888,1545606029,2,47049,49,8148
2.0485572927267923,1551903741,10,47239,49,8132,2.4016587333703496,1556096930,7,47418,49,8130,1.7060604777393427,1551897228,2,47098,49,8129,1.5884575388918871,1549804163,5,47048,49,8172,2.9905812897394415,1547703360,2,47131,49,8097
2.0485572927267923,1551903741,10,47239,49,8132,2.4016587333703496,1556096930,7,47418,49,8130,2.5922942658809203,1564480742,2,47473,49,8150,2.0278514464725337,1556095292,5,47236,49,8139,2.9905812897394415,1547703360,2,47131,49,8097
2.2030805981399357,1551903738,10,47300,49,8096,2.079354811954457,1551902311,6,47282,49,8128,2.393303321446624,1562383449,3,47384,49,8111,2.406454662739032,1545610016,5,46892,49,8145,3.1825345632474726,1549800410,2,47217,49,8120
2.3935040460245967,1556096769,8,47385,49,8141,1.8144747856112888,1547708147,7,47167,49,8111,1.9262684554176834,1556092109,2,47187,49,8138,2.004493007370609,1558192339,4,47233,49,8116,3.3751012828037394,1553994542,1,47297,49,8111
2.3935040460245967,1556096769,8,47385,49,8141,1.8144747856112888,1547708147,7,47167,49,8111,1.6808691881743634,1545605983,2,47081,49,8151,2.5381307193693696,1547707010,5,46945,49,8086,3.3751012828037394,1553994542,1,47297,49,8111
2.6773556537676866,1560292411,10,47506,49,8140,1.565606970840701,1562388500,7,47575,49,8147,1.5515387657977446,1549800452,3,47029,49,8151,1.7589934123473536,1553998221,5,47120,49,8159,2.3150675584357105,1556091608,2,47362,49,8107
2.6773556537676866,1560292411,10,47506,49,8140,1.565606970840701,1562388500,7,47575,49,8147,2.4360385027945313,1562383552,3,47405,49,8155,2.210114475826588,1560290189,5,47321,49,8188,2.3150675584357105,1556091608,2,47362,49,8107
1.7891850077886897,1547709272,9,47126,49,8165,2.516402391422177,1558192681,6,47469,49,8108,2.0195925209396663,1556092287,3,47232,49,8126,2.055185977920299,1558191841,4,47248,49,8158,2.484482193428374,1558188792,1,47429,49,8102
2.1968589948205715,1551903655,10,47297,49,8132,2.368816405181076,1556096788,6,47404,49,8104,1.889345921267308,1553994628,3,47173,49,8146,2.5312975643141105,1547706169,4,46940,49,8135,2.7427335874602914,1543509041,2,47025,49,8144
2.1968589948205715,1551903655,10,47297,49,8132,2.368816405181076,1556096788,6,47404,49,8104,1.593457903700309,1549800186,3,47050,49,8108,1.8845482348087457,1553997640,5,47177,49,8126,2.7427335874602914,1543509041,2,47025,49,8144
1.6186491661740177,1562389249,9,47566,49,8109,1.804172985756273,1547708584,7,47164,49,8119,1.6630204089891167,1551897674,3,47072,49,8149,1.5411309513084854,1549803094,4,47032,49,8166,3.2146630966899883,1551897371,2,47230,49,8096
1.6186491661740177,1562389249,9,47566,49,8109,1.804172985756273,1547708584,7,47164,49,8119,2.355258015751952,1562383072,3,47373,49,8139,1.8808769862758725,1553997511,4,47173,49,8130,3.2146630966899883,1551897371,2,47230,49,8096
1.7440016979824644,1545612029,10,47105,49,8108,2.066707127918234,1551902797,7,47278,49,8120,2.224399862453773,1560285890,3,47312,49,0,2.3937047317979196,1545609800,4,46889,49,8146,3.241488312083427,1551897790,2,47239,49,8164
1.7440016979824644,1545612029,10,47105,49,8108,2.066707127918234,1551902797,7,47278,49,8120,1.9154573240685706,1556091623,2,47181,49,8149,1.8712889887256905,1553997999,4,47171,49,8159,3.241488312083427,1551897790,2,47239,49,8164
2.356378916472512,1556097560,9,47363,49,8160,2.731714100565839,1560290796,7,47558,49,8106,1.9856292910698259,1556091952,3,47213,49,3,1.5735662120641374,1549803923,5,47042,49,8086,2.7410995785014993,1543508639,2,47033,49,8127
2.356378916472512,1556097560,9,47363,49,8160,2.731714100565839,1560290796,7,47558,49,8106,1.503704741559787,1549800389,2,47002,49,8143,2.005004200260585,1556095852,5,47228,49,8092,2.7410995785014993,1543508639,2,47033,49,8127
2.4954997033546054,1556098129,10,47423,49,8157,1.8613923976294247,1549804583,6,47187,49,8076,2.6395186223711304,1564480766,2,47490,49,8111,1.4291402280603935,1549803204,4,46986,49,8141,2.9267313080420103,1547702794,1,47109,49,8093
2.4954997033546054,1556098129,10,47423,49,8157,1.8613923976294247,1549804583,6,47187,49,8076,2.3330223242139065,1553994742,3,47365,49,8136,2.303542632946934,1560290090,5,47357,49,8127,2.9267313080420103,1547702794,1,47109,49,8093
1.7056515649526827,1545612146,9,47087,49,8092,1.7915253054668663,1547708031,6,47160,49,8142,2.197981735256033,1558188401,3,47305,49,8147,1.7600139219865436,1553997823,4,47118,49,8078,2.2855916290036666,1553994734,2,47348,49,8101
1.7056515649526827,1545612146,9,47087,49,8092,1.7915253054668663,1547708031,6,47160,49,8142,1.9468720596768911,1556091908,3,47191,49,21,1.4384215098993336,1547706069,5,46991,49,8146,2.2855916290036666,1553994734,2,47348,49,8101
2.1569790185967266,1551903937,10,47278,49,8102,1.699526636166857,1547707973,7,47118,49,8114,1.8524233910635572,1553994444,3,47157,49,8168,2.2175610814755515,1560289330,4,47320,49,8114,2.89195204816074,1545606166,2,47091,49,8076
2.6100389047558834,1558194999,9,47476,49,8121,14.976605426852874,1545611020,6,47076,49,8071,1.5173710711673667,1566577454,2,47522,49,8168,1.4560657898560796,1549802990,4,47002,49,8087,2.269579426567472,1553995021,2,47337,49,8101
2.6100389047558834,1558194999,9,47476,49,8121,1.6009996509287723,1545611020,6,47076,49,8071,2.4496025840243956,1562383314,3,47414,49,8172,2.4660199673901664,1545609830,4,46916,49,8082,2.269579426567472,1553995021,2,47337,49,8101
1.9143327482170605,1549806441,10,47177,49,8186,2.730184262600001,1560291125,7,47557,49,8179,2.377391472730844,1562383095,3,47378,49,8132,2.035500652014157,1556095032,5,47241,49,8149,2.9330551476546307,1547703170,2,47112,49,8106
1.9143327482170605,1549806441,10,47177,49,8186,2.730184262600001,1560291125,7,47557,49,8179,2.1568786294906235,1558188804,2,47284,49,8137,1.7667448585079333,1553997509,4,47124,49,8090,2.9330551476546307,1547703170,2,47112,49,8106
2.399725652054146,1556098563,10,47386,49,8150,2.6432844336200074,1560291199,7,47521,49,8109,2.037441296111266,1549799747,2,47239,49,8132,1.4069064238632216,1547707477,5,46972,49,8138,2.4488869061358267,1556091676,1,47411,49,8112
2.399725652054146,1556098563,10,47386,49,8150,2.6432844336200074,1560291199,7,47521,49,8109,1.791432318235023,1553994484,2,47123,49,8184,2.3521926770509913,1545609987,5,46872,49,8158,2.4488869061358267,1556091676,1,47411,49,8112
1.7845954843047853,1547709474,9,47121,49,8140,2.59575527161249,1560290848,7,47499,49,8111,2.6775620365511097,1549800036,3,46995,49,6,1.862925977866957,1553998537,5,47165,49,8140,3.1513243103077366,1549800830,2,47204,49,8110
2.6535901140931286,1560291851,9,47497,49,8109,2.119337022591495,1551902542,7,47298,49,8158,1.5808102179895709,1549800321,3,47044,49,8167,1.8798564773891273,1553998238,4,47173,49,8098,3.003940893532753,1547703367,2,47145,49,8150
2.6535901140931286,1560291851,9,47497,49,8109,2.119337022591495,1551902542,7,47298,49,8158,2.412274856654612,1562383168,3,47388,49,8176,1.4249596756989715,1547707195,5,46977,49,8115,3.003940893532753,1547703367,2,47145,49,8150
1.9258576804089091,1549806840,10,47184,49,8100,2.4915159924701937,1558194129,7,47457,49,8057,2.33159472464312,1560286328,3,47363,49,9,2.321391401809573,1560289638,5,47364,49,8158,2.420736333850098,1556092055,2,47399,49,8126
1.9258576804089091,1549806840,10,47184,49,8100,2.4915159924701937,1558194129,7,47457,49,8057,2.138316055689531,1558189204,3,47274,49,8175,2.2342889737272396,1560289915,5,47322,49,8096,2.420736333850098,1556092055,2,47399,49,8126
1.8540536428668193,1547710079,10,47152,49,8117,2.0731332107454903,1551902432,7,47279,49,8116,1.8977089376530882,1556091703,3,47177,49,6,2.026219371142591,1556095714,5,47234,49,8102,2.4869303152792868,1558188697,1,47430,49,8090
2.607081469439595,1558195002,10,47473,49,8138,2.569746093369507,1558193795,7,47490,49,8131,1.8802672573582742,1547702550,3,47172,49,8170,1.849155552178858,1553997567,4,47162,49,8123,3.2765742817026196,1551897791,2,47256,49,8187
0,1558195002,10,47473,,8138,2.569746093369507,1558193795,7,47490,49,8131,1.7531825762123345,1553994537,3,47113,49,8129,1.8728188347007024,1553998528,5,47170,49,8166,3.2765742817026196,1551897791,2,47256,49,8187
2.5506780804926934,1558195361,10,47450,49,8139,2.664192859448784,1560290012,6,47534,49,8142,1.7307424326838148,1551897241,2,47109,49,3,1.7307406094973172,1551901693,5,47107,49,8120,3.1527500136260507,1549800252,2,47214,49,8115
2.574952932506846,1558195367,10,47460,49,8157,1.659442187216827,1545610714,6,47105,49,8137,1.5894799451513808,1543508372,3,47046,49,8165,1.597736922806953,1551900716,4,47059,49,8162,3.170193599108367,1549800134,1,47211,49,8117
2.574952932506846,1558195367,10,47460,49,8157,1.659442187216827,1545610714,6,47105,49,8137,2.67623668612072,1560285799,3,47503,49,8159,1.7382875848000425,1553997663,5,47113,49,8152,3.170193599108367,1549800134,1,47211,49,8117
2.681129133286073,1560292179,9,47507,49,8110,1.8560890680302786,1549804474,6,47185,49,8032,2.695003736864588,1566577339,3,47511,49,8145,1.7022833327711595,1551900986,4,47098,49,8140,3.2143563676577744,1549800209,2,47234,49,8052
2.681129133286073,1560292179,9,47507,49,8110,1.8560890680302786,1549804474,6,47185,49,8032,2.6387025846329855,1564480584,3,47487,49,8183,1.9002556032679674,1553998313,5,47181,49,8156,3.2143563676577744,1549800209,2,47234,49,8052
1.7263555565951019,1545612302,10,47100,49,8187,2.234182922709385,1553999856,7,47350,49,8144,2.6374775686980074,1564480640,2,47491,49,4,1.8595577308005522,1553997853,4,47172,49,8118,3.338688051347361,1551897768,2,47287,49,8109
1.7263555565951019,1545612302,10,47100,49,8187,2.234182922709385,1553999856,7,47350,49,8144,2.5509866911062242,1564480375,3,47451,49,8176,2.1170952898428115,1558192860,5,47279,49,8128,3.338688051347361,1551897768,2,47287,49,8109
1.985320746062242,1549806586,9,47209,49,8125,2.6167659455678027,1560290796,6,47511,49,8159,2.61718258297821,1564480831,3,47474,49,8142,2.105672604748898,1558192760,5,47271,49,8118,2.301196754332877,1553994768,2,47355,49,8163
1.985320746062242,1549806586,9,47209,49,8125,2.6167659455678027,1560290796,6,47511,49,8159,2.5215107596079886,1562382955,2,47436,49,8173,2.371266455640465,1545609265,4,46875,49,8130,2.301196754332877,1553994768,2,47355,49,8163
2.2973229264740676,1554000840,10,47342,49,8146,1.852824909354913,1549804640,6,47185,49,8065,2.577402941032326,1564480272,2,47464,49,8169,2.417063202605562,1545609650,4,46890,49,8108,2.5333367159995617,1558189334,2,47455,49,8141
2.6646057216912085,1560292729,10,47501,49,8149,2.292218381454284,1556096267,6,47373,49,8118,2.591375985425676,1564480476,2,47471,49,6,1.5443951198446013,1549803251,4,47030,49,8120,2.7946477782718646,1545605834,2,47053,49,8140
2.6646057216912085,1560292729,10,47501,49,8149,2.292218381454284,1556096267,6,47373,49,8118,2.601372968923543,1558188953,3,47469,49,8149,1.8925041582432331,1553997036,4,47177,49,8141,2.7946477782718646,1545605834,2,47053,49,8140
1.9149443143904015,1549806441,10,47179,49,8183,2.7347737708155457,1562388069,7,47562,49,8114,2.655224088670429,1564479585,2,47501,49,8142,1.9684887607034727,1556095004,4,47216,49,8090,3.1759039913897413,1549800597,2,47219,49,8154
1.9149443143904015,1549806441,10,47179,49,8183,2.7347737708155457,1562388069,7,47562,49,8114,2.6700150837637175,1566577109,2,47500,49,8162,2.3277152452250642,1560289531,5,47366,49,8127,3.1759039913897413,1549800597,2,47219,49,8154
2.762827909590446,1560291549,9,47537,49,8112,1.6180323761963262,1545611350,7,47087,49,8077,1.8099949014961445,1553994779,2,47132,49,8176,1.5913127377673582,1549803999,5,47050,49,8097,2.696325272383019,1560286357,2,47521,49,8141
2.762827909590446,1560291549,9,47537,49,8112,1.6180323761963262,1545611350,7,47087,49,8077,1.6584308829174237,1551897561,2,47066,49,8090,1.6656656697366967,1551901558,5,47089,49,8114,2.696325272383019,1560286357,2,47521,49,8141
1.9117823960055356,1549806609,10,47177,49,8152,2.5038569409530016,1558194105,7,47466,49,8115,1.7901051075973649,1553994666,3,47127,49,8104,1.7961185679784792,1553997533,4,47138,49,8094,2.816781241775947,1545606252,2,47060,49,8062
1.9117823960055356,1549806609,10,47177,49,8152,2.5038569409530016,1558194105,7,47466,49,8115,1.8678240421795922,1553994379,2,47170,49,8155,2.2215371611868897,1560289382,5,47327,49,8097,2.816781241775947,1545606252,2,47060,49,8062
1.6427198799722191,1562388702,9,47575,49,8134,2.6276793062429102,1560289976,6,47516,49,8113,2.2445945125485225,1560286309,3,47324,49,8102,1.5010464973434778,1549804176,5,47015,49,8091,2.4266512048649362,1556091682,1,47407,49,8161
2.0925174750259603,1551903569,9,47253,49,8182,2.4083896364612345,1556095920,6,47426,49,8084,2.2931423377206834,1553994292,3,47352,49,8153,1.8069296969100752,1553998190,4,47144,49,8156,2.6086093877013883,1558188707,1,47487,49,8093
2.0925174750259603,1551903569,9,47253,49,8182,2.4083896364612345,1556095920,6,47426,49,8084,2.4163531671041163,1556091619,2,47400,49,8170,2.2867125054900073,1560289819,5,47352,49,8110,2.6086093877013883,1558188707,1,47487,49,8093
1.9516623738172634,1549806724,9,47194,49,8117,2.586065005664012,1560290857,7,47500,49,8078,1.6084514710801319,1551897482,3,47057,49,8120,1.6597507720377755,1551900778,4,47083,49,8162,2.310069063745195,1553994592,2,47366,49,8138
1.9516623738172634,1549806724,9,47194,49,8117,2.586065005664012,1560290857,7,47500,49,8078,1.5642868013766236,1549800473,3,47042,49,8103,1.8735326370245182,1553998271,5,47171,49,8170,2.310069063745195,1553994592,2,47366,49,8138
2.5178357475796607,1558194657,9,47435,49,8122,2.370957792314758,1556097318,7,47409,49,8085,1.772154089049837,1553994254,3,47124,49,24,2.132700415055101,1558192923,5,47286,49,8130,2.537416919461557,1558188963,2,47457,49,0
2.5178357475796607,1558194657,9,47435,49,8122,2.370957792314758,1556097318,7,47409,49,8085,1.9030122600502384,1556091772,3,47185,49,8129,1.4328114708929338,1547706299,4,46988,49,8102,2.537416919461557,1558188963,2,47457,49,0
2.167585669319933,1551904004,10,47285,49,8140,1.7439961246271283,1547707660,6,47140,49,8107,2.162181948853926,1558189333,3,47292,49,8136,1.7237029666413264,1551901540,5,47104,49,8107,3.188756158256854,1549800349,1,47223,49,8118
2.167585669319933,1551904004,10,47285,49,8140,1.7439961246271283,1547707660,6,47140,49,8107,2.3269029559726673,1560286574,3,47365,49,8129,2.202258908928234,1560289749,5,47324,49,8142,3.188756158256854,1549800349,1,47223,49,8118
1.8852639016280914,1547708182,8,47165,49,8103,2.435419342014706,1556095565,6,47433,49,8078,2.6060647257207767,1564480611,3,47476,49,8171,2.495191070273012,1547706549,5,46924,49,8174,2.5850483344036896,1558188829,2,47478,49,8127
1.8852639016280914,1547708182,8,47165,49,8103,2.435419342014706,1556095565,6,47433,49,8078,1.550008922544625,1549800566,3,47030,49,6,1.8910765535039982,1553997841,5,47175,49,11,2.5850483344036896,1558188829,2,47478,49,8127
2.807092913995588,1562389170,9,47559,49,8148,1.9306460518208701,1549804255,6,47222,49,8136,1.7878614544740876,1553994770,2,47130,49,8158,2.1802314763808788,1558191889,4,47298,49,8167,3.226697322838187,1551897579,2,47243,49,8134
2.5483322013041247,1558195174,10,47448,49,8108,2.7197801971867706,1560290559,7,47557,49,8102,2.4730613895547076,1562383531,3,47428,49,8138,2.4845844404953006,1545609027,4,46914,49,8182,2.6531811245764723,1560285972,2,47506,49,8133
2.5973912162492945,1558195169,9,47471,49,8120,2.0021452281302268,1551902099,7,47249,49,8093,1.7758253427784578,1553994161,3,47128,49,8136,1.8870967403049566,1553998008,5,47180,49,8105,2.433584701813853,1556091802,2,47419,49,8102
0,1558195169,9,47471,49,8120,2.0021452281302268,1551902099,7,47249,49,8093,1.8081583475693461,1553995035,3,47139,49,8156,2.200935443560971,1560289633,5,47311,49,8109,2.433584701813853,1556091802,2,47419,49,8102
2.3879962486985202,1556097668,9,47380,49,8094,1.7244130407293567,1547708417,7,47132,49,8139,2.349647968434778,1560285538,3,47374,49,8155,1.6890240905532161,1551900956,4,47090,49,8112,3.0926772835314504,1549800008,1,47181,49,8137
2.3879962486985202,1556097668,9,4738,49,8094,1.7244130407293567,1547708417,7,47132,49,8139,2.420740097039786,1562383268,3,47396,49,8159,2.021934699711256,1556094522,4,47234,49,10,3.0926772835314504,1549800008,1,47181,49,8137
2.198693684506463,1551903732,10,47300,49,8163,2.714374640842922,1560291075,7,47554,49,8106,0,1551897471,2,47116,49,8130,1.4428065564802723,1549803557,4,46992,49,8064,2.617483601053646,1558188703,1,47489,49,8089
2.198693684506463,1551903732,10,47300,49,8163,2.714374640842922,1560291075,7,47554,49,8106,1.8509957802495474,1553994621,3,47158,49,8130,1.8397720333499639,1553998619,5,47156,49,8107,2.617483601053646,1558188703,1,47489,49,8089
1.7648079286909684,1547708589,9,47114,49,8078,1.7075847853018835,1547707172,6,47121,49,8123,2.1928828852333315,1558188427,2,47302,49,8118,2.1995078435309505,1558192068,5,47309,49,8082,3.0280112534336134,1547703127,1,47160,49,8119
1.6496552890770446,1562390121,11,47579,49,8110,1.645162430613534,1545611059,7,47101,49,8106,1.731865169559814,1551897357,3,47110,49,8152,2.1745191944152626,1558192919,5,47298,49,8159,2.5687274951959473,1560285780,1,47479,49,8089
1.6496552890770446,1562390121,11,47579,49,8110,1.645162430613534,1545611059,7,47101,49,8106,2.130769082522232,1558188908,3,47271,49,8171,1.7209481488569627,1551901155,5,47105,49,8096,2.5687274951959473,1560285780,1,47479,49,8089
1.6232386917400108,1562389705,10,47566,49,8161,0,1545611064,7,47112,49,8136,2.5487430470946304,1564480513,3,47453,49,7,2.2000190439300855,1558192481,5,47304,49,8142,3.3667382792693954,1553994451,2,47295,49,8121
1.6232386917400108,1562389705,10,47566,49,8161,1.675047311948954,1545611064,7,47112,49,8136,1.7679716617107608,1553994515,3,47124,49,8123,1.7418566050544497,1551900712,5,47116,49,8045,3.3667382792693954,1553994451,2,47295,49,8121
2.8124984725504687,1562389224,9,47562,49,8130,1.754705012737353,1547707877,6,47147,49,8081,2.2288871452793173,1560286247,3,47317,49,8175,2.19002207982838,1558191968,4,47306,49,8125,2.8778730064042586,1545605739,1,47104,49,8126
2.8124984725504687,1562389224,9,47562,49,8130,1.754705012737353,1547707877,,47147,49,8081,1.5033980196850572,1549799980,3,47006,49,8100,1.797953271406215,1553998422,5,47142,49,8142,2.8778730064042586,1545605739,1,47104,49,8126
2.7814927132726215,1560292305,10,47546,49,8135,1.8738355961395805,1549804472,6,47195,49,8151,2.0168395489402227,1549800415,3,47228,49,8179,2.2715163504730698,1560289785,5,47339,49,8142,2.4779557565621664,1558188707,1,47425,49,8152
2.7814927132726215,1560292305,10,47546,49,8135,1.8738355961395805,1549804472,6,47195,49,8151,2.4856068383742005,1556091409,3,47432,49,8179,1.9455392828606568,1556095366,4,47207,49,8063,2.4779557565621664,155188707,1,47425,49,8152
1.8671084199547405,1547709031,9,47159,49,8189,1.831711983874938,1549804963,7,47176,49,8119,2.071917571856413,1558188982,3,47248,49,8147,1.5854963076708957,1551901052,5,47057,49,8127,2.417776992353974,1556092206,2,47407,49,8118
1.8671084199547405,1547709031,9,47159,49,8189,1.831711983874938,1549804963,7,47176,49,8119,2.4685741134713957,1562383557,3,47423,49,8140,2.2067499666964827,1558192223,5,47310,49,8114,2.417776992353974,1556092206,2,47407,49,8118
1.6795401722784145,1562389119,9,47590,49,8152,2.524051577969757,1558194031,7,47476,49,8082,1.8693538857851135,1547703292,3,47170,49,8163,1.5724434526331335,1549804508,5,47041,49,8167,2.944377462956041,1547703335,2,47116,49,8158
1.6795401722784145,1562389119,9,47590,49,8152,2.524051577969757,1558194031,7,47476,49,8082,2.487952719573556,1562382696,2,47433,49,8159,2.498250753678224,1545609167,5,46924,49,8127,2.944377462956041,1547703335,2,47116,49,8158
2.181456471352397,1551904001,10,47296,49,8111,2.124028778096076,1551902332,7,47302,49,8128,2.3625001400607895,1562382797,3,47375,49,8078,1.4900327879409696,1547706382,5,47001,49,8134,2.9015381709580303,1545606005,2,47104,49,8155
2.181456471352397,1551904001,10,47296,49,8111,2.124028778096076,1551902332,7,47302,49,8128,1.7033056542617786,1551897310,3,47103,49,8130,2.1432067029810695,1558192215,4,47285,49,8057,2.9015381709580303,1545606005,2,47104,49,8155
2.3502576637505155,1556096623,8,47369,49,8090,1.62792522804868,1545610268,6,47094,49,8116,2.6564490993495187,1566576824,3,47502,49,8151,1.9385016407228048,1556094959,4,47204,49,8151,2.7934246703787897,1545605502,1,47053,49,8162
2.3502576637505155,1556096623,8,47369,49,8090,1.62792522804868,1545610268,6,47094,49,8116,2.081810422110572,1558188777,3,47256,49,8191,1.5659151237650315,1549804196,5,47041,49,8142,2.7934246703787897,1545605502,1,47053,49,8162
2.6512442290876392,1560291838,9,47498,,8139,2.5201758590363172,1558194466,7,47474,49,8078,1.8899574850826535,1553994227,3,47177,49,8139,2.5685249354979867,1547707385,5,46955,49,8082,2.8781815996214157,1545606050,1,47094,49,8093
2.6512442290876392,1560291838,9,47498,49,8139,2.5201758590363172,1558194466,7,47474,49,8078,2.6002482836822693,1558188547,2,47485,49,8182,2.179618035435562,1558192484,5,47304,49,8093,2.8781815996214157,1545606050,1,47094,49,8093
1.858336456524658,1547709403,10,47160,49,8120,2.377077148221868,1556097351,7,47413,49,8107,2.4846885527976017,1562383061,3,47434,49,8145,2.085069003753976,1558192858,5,47263,49,8080,3.0191389309635124,1547702779,1,47152,49,8148
1.858336456524658,1547709403,10,47160,49,8120,2.377077148221868,1556097351,7,47413,49,8107,2.0664097682013742,1556091205,3,47247,49,8167,1.7505244742552437,1553998503,5,47127,49,8178,3.0191389309635124,1547702779,1,47152,49,8148
1.652001164196162,1562389786,10,47583,49,8170,2.3724876313238004,1556097256,7,47410,49,8078,1.5729565269519352,1549800077,2,47045,49,8149,1.4197567140829719,1547706649,5,46978,49,8162,2.447762224859425,1556091417,1,47426,49,8118
1.652001164196162,1562389786,10,47583,49,8170,2.3724876313238004,1556097256,7,47410,49,8078,2.4515394887298627,1562383438,2,47423,49,8143,0,1545609138,4,46883,49,8119,2.447762224859425,1556091417,1,47426,49,8118
1.8912810269970766,1549806055,9,47173,49,8139,1.5717263320904953,1562388042,6,47581,49,8083,2.2600974017516013,1560286259,3,47332,49,8119,2.093636486818007,1558192571,5,47267,49,8089,2.5683204302339706,1558189056,2,47476,49,8031
1.8912810269970766,1549806055,9,47173,49,8139,1.5717263320904953,1562388042,6,47581,49,8083,2.1903325241079608,1560285672,3,47304,49,8128,2.1910407171652757,1560289162,4,47312,49,11,2.5683204302339706,1558189056,2,47476,49,8031
2.6451248722950385,1558195315,10,47494,49,8135,2.720698487305857,1560291067,7,47556,49,8028,2.292021459309224,1560286277,2,47347,49,8142,2.296913965755869,1560290424,5,47345,49,8072,2.2085865132298097,1553995019,2,47315,49,8131
2.6451248722950385,1558195315,10,47494,49,8135,2.720698487305857,1560291067,7,47556,49,8028,2.0575355692870563,1551896966,3,47246,49,8131,2.1383104640307082,1558193069,5,47284,49,8136,2.2085865132298097,1553995019,2,47315,49,8131
1.6342546222578038,1562389882,10,47573,49,8146,2.0932256070981228,1551902180,6,47292,49,8092,1.9838949722450372,1556091805,3,47216,49,8151,1.8880168761574998,1553998267,5,47170,49,8115,2.435932481700358,1556091933,2,47414,49,8172
2.07578958874427,1551902739,8,47251,49,8164,2.4460259695010684,1558193782,7,47441,49,8098,1.9239225714415265,1556091642,2,47188,49,8160,1.8580297533134082,1553997524,4,47160,49,8160,3.065853951593172,157703429,2,47166,49,8115
2.07578958874427,1551902739,8,47251,49,8164,2.4460259695010684,1558193782,7,47441,49,8098,2.016430596923149,1556092419,3,47233,49,8112,2.0505927194814078,1558192624,4,47256,49,8150,3.065853951593172,1547703429,2,47166,49,8115
2.793017623958818,1560292401,10,47555,49,8151,2.754050637715861,1562388476,7,47573,49,8118,2.1606502328724124,1551897011,3,47299,49,5,2.210114487955148,1560289144,4,47316,49,8144,2.742322664769816,1543508751,2,47042,49,8113
2.793017623958818,1560292401,10,47555,49,8151,2.754050637715861,1562388476,7,47573,49,8118,2.075691055853715,1558188655,3,47252,49,8138,2.1950205643462515,1558191796,4,47304,49,8112,2.742322664769816,1543508751,2,47042,49,8113
2.003271753101498,1549806091,9,47218,49,8132,2.256825687121732,1553998793,6,47360,49,8132,2.225113660927461,1560285686,3,47315,49,8180,2.3516852686167344,1560289409,4,47368,49,1,3.319513925874,1551897647,2,47280,49,8128
2.4890736148577224,1556097910,9,47423,49,8140,1.9440075345676169,1549805458,7,47227,49,8118,2.4612297411232174,1562383470,3,47424,49,8131,2.485091849316011,1547706771,5,46924,49,8116,2.7138672831394315,1560286316,2,47538,49,8134
2.4890736148577224,1556097910,9,47423,49,8140,1.9440075345676169,1549805458,7,47227,49,8118,2.451846216453464,1562383796,3,47420,49,8156,2.5466982125213415,1547706610,5,46944,49,8098,2.7138672831394315,1560286316,2,47538,49,8134
1.8539514050743133,1547709575,10,47154,49,8139,1.7180892010425979,1547708155,7,47130,49,8095,1.507783059232733,1549800493,3,47012,49,8164,1.5788695410617957,1549803433,4,47041,49,8100,3.3487872688257987,1551897465,2,47289,49,8111
2.272843592733584,1554000072,8,47335,49,8126,1.952472776788828,1549805492,7,47232,49,8086,1.632217248640934,1551897458,2,47064,49,8142,1.5751964066797914,1549804129,5,47045,49,8096,2.4317481239265377,1558188936,2,47424,49,8168
2.272843592733584,1554000072,8,47335,49,8126,1.952472776788828,1549805492,7,47232,49,8086,1.8992387735623903,1556091322,3,47182,49,8155,2.0614075914309686,1556095177,5,47246,49,8149,2.4317481239265377,1558188936,2,47424,49,8168
1.853237602043437,1547709333,9,47153,49,8150,2.0244812726654127,1551902910,7,47262,49,8079,2.3336338759748947,1560286111,3,47371,49,8117,2.4975369578079443,1545608858,4,46922,49,8136,3.1452049391186603,1549800655,1,47205,49,8118
2.7532398914974023,1560292579,10,47537,49,8128,2.195628308365174,1553999061,6,47336,49,8091,2.492644480392363,1564480140,3,47436,49,8158,2.506513412501797,1545609773,5,46922,49,8078,2.59677773197431,1558188347,1,47486,49,8152
1.632520313711678,1562389418,10,47573,49,8141,2.248767518651371,1553999606,7,47359,49,8048,2.089664105854805,1558188711,3,47259,49,41,2.1753352302443023,1558191972,4,47300,49,8135,2.420732518282999,1556091803,1,47420,49,8156
1.632520313711678,1562389418,10,47573,49,8141,2.248767518651371,1553999606,7,47359,49,8048,2.3208858346432044,1560286054,2,47360,49,8134,2.358312040490629,1545609459,5,46874,49,8093,2.420732518282999,1556091803,1,47420,49,8156
2.537928145719208,1558195294,9,47448,49,8120,1.6709671161702382,1547707810,7,47112,49,8066,2.5146756954136094,1558188369,3,47444,49,8140,2.4365440482684373,1545610029,5,46899,49,8092,2.801583569331728,1545605671,1,47062,49,8118
2.537928145719208,1558195294,9,47448,49,8120,1.6709671161702382,1547707810,7,47112,49,8066,1.769094403857889,1553994380,3,47122,49,8139,1.8764900830174134,1553998831,5,47174,49,8140,2.801583569331728,1545605671,1,47062,49,8118
2.5889259753979594,1558194518,8,47467,49,8105,2.170639663768235,1553999545,6,47325,49,8063,2.0105138427524376,1556091615,2,47235,49,8134,1.8909724574291924,1556094986,5,47184,49,8027,2.329246964266508,1556091606,1,47365,49,8132
2.5889259753979594,1558194518,8,47467,49,8105,2.170639663768235,1553999545,6,47325,49,8063,2.5069242531045743,1564480229,3,47440,49,8104,2.5553660183396905,1547707420,5,46958,49,8114,2.329246964266508,1556091606,1,47365,49,8132
2.7187654745479684,1560292342,9,47522,49,8135,1.6543414787661888,1545609668,6,47107,49,8102,1.6176307930326739,1551897160,3,47063,49,8093,1.4423994769348691,1549804299,5,46990,49,8155,3.1401061017152725,1549800647,2,47199,49,8098
2.7187654745479684,1560292342,9,47522,49,8135,1.6543414787661888,1545609668,6,47107,49,8102,2.15371482921779,1558188677,3,47295,49,8155,2.1715617487939203,1558192384,4,47297,49,8134,3.1401061017152725,1549800647,2,47199,49,8098
1.9460523334711803,1549807155,10,47194,49,8180,2.2494813259066935,1553998959,6,47357,49,8054,1.844978645284786,1553994812,2,47154,49,8181,1.7938749232304465,1553998312,5,47136,49,8135,3.0439249781190987,1547702882,1,47159,49,15
2.1995097227962424,1554000361,9,47301,49,8139,1.8961716535700277,1549804507,6,47205,49,8098,2.3701493411702006,1556091688,3,47381,49,6,2.3268992043524013,1560289506,5,47366,49,8066,2.7046882494784636,1560285718,1,47533,49,8191
2.1995097227962424,1554000361,9,47301,49,8139,1.8961716535700277,1549804507,6,47205,49,8098,1.5129841396407955,1543508774,3,47017,49,8145,1.4997211411265077,1549803773,4,47012,49,8158,2.7046882494784636,1560285718,1,47533,49,8191
2.499273182185406,1556097737,10,47426,49,8114,1.5717263408996611,1562388453,7,47578,49,8104,2.048456893915576,1556091156,3,47247,49,8143,2.050085265198607,1556095040,5,47248,49,8125,2.350869207248687,1556091513,1,47378,49,8156
2.499273182185406,1556097737,10,47426,49,8114,1.5717263408996611,1562388453,7,47578,49,8104,2.391364513904029,1562383470,2,47389,49,8118,2.4793814589710172,1545609867,5,46919,49,8155,2.350869207248687,1556091513,1,47378,49,8156
1.73696221777668,1545611629,9,47108,49,8170,2.6008540936612485,1560291140,7,47504,49,8154,1.766544052779869,1553994457,3,47123,49,8153,1.8321228203265352,1553998580,5,47153,49,8105,3.3264493229087115,1551897657,2,47285,49,8111
1.73696221777668,1545611629,9,47108,49,8170,2.6008540936612485,1560291140,7,47504,49,8154,2.1640166335650117,1558189253,3,47298,49,8134,2.324962289777774,1560289703,5,47361,49,8121,3.3264493229087115,1551897657,2,47285,49,8111
2.291508401991544,1554001184,10,47343,49,8140,2.5160956578205416,1558194264,7,47471,49,8099,1.536850026726878,1549800549,3,47031,49,8184,1.7210503798126235,1551901076,4,47106,49,8126,3.074114709393687,1549800271,2,47175,49,8114
2.291508401991544,1554001184,10,47343,49,8140,2.5160956578205416,1558194264,7,47471,49,8099,1.9395277014358934,1556091472,2,47195,49,8129,2.2011399198385426,1558191538,4,47311,49,8162,3.074114709393687,1549800271,2,47175,49,8114
2.731208676807771,1560292528,10,47528,49,8123,2.6859173412276665,1560291417,7,47542,49,8089,2.3434263655306804,1553994124,3,47371,49,8101,2.4670385936746513,1545608451,4,46920,49,8138,2.568829732588176,1560285815,1,47481,49,8112
2.731208676807771,1560292528,10,47528,49,8123,2.6859173412276665,1560291417,7,47542,49,8089,1.8121363065947285,1547703038,2,47140,49,8124,2.173907629698041,1558192462,4,47298,49,0,2.568829732588176,1560285815,1,47481,49,8112
2.645329364418066,1558194616,9,47490,49,8126,2.5428186308999554,1558193040,6,47481,49,8077,2.4489891220438555,1556091889,3,47424,49,8149,1.590697873862687,1551900282,4,47066,49,8153,2.778022105375957,1545605980,1,47054,49,8119
2.645329364418066,1558194616,9,47490,49,8126,2.5428186308999554,1558193040,6,47481,49,8077,1.7378823027767019,1551897387,3,47116,49,8175,2.1491196904205565,1560289126,4,47303,49,8109,2.778022105375957,1545605980,1,47054,49,8119
2.133111252573107,1551900789,5,47272,49,8062,1.5903911490466642,1562388167,6,47587,49,8135,2.1787034812081316,1558188642,3,47306,49,8184,2.4924342987109633,1547707245,5,46937,49,8153,2.358009092022859,1556091628,1,47380,49,8148
2.133111252573107,1551900789,5,47272,49,8062,1.5903911490466642,1562388167,6,47587,49,8135,1.711159336343898,1551897362,2,47106,49,8143,2.2522380883691535,1560289961,5,47340,49,8095,2.358009092022859,1556091628,1,47380,49,8148
2.2987505264049224,1554000105,9,47344,49,8148,2.7383427549206427,1562387936,7,47564,49,8110,2.410233805659837,1562383468,3,47396,49,8129,1.7205391964794219,1551900627,4,47113,49,8115,2.631047655476096,1560286156,2,47503,49,8144
2.2987505264049224,1554000105,9,47344,49,8148,2.7383427549206427,1562387936,7,47564,49,8110,1.7137096873924909,1551897493,2,47105,49,8129,2.3295499108807527,1560289403,5,47374,49,8082,2.631047655476096,1560286156,2,47503,49,8144
2.3120097719408816,1554000907,9,47350,49,8147,1.773165351754712,1547708153,7,47155,49,8123,2.4534782988391703,1562383486,3,47420,49,8134,1.875164711224179,1553997844,4,47173,49,8103,2.695509217389054,1560285881,1,47527,49,8121
2.369024715707238,1556098122,10,47375,49,8079,2.005000437244908,1551901867,6,47250,49,8046,2.4754072739378103,1562382743,2,47427,49,8150,2.0191817241134182,1556095570,5,47233,49,8116,2.742731653664245,1560285880,1,47549,49,8095
2.369024715707238,1556098122,10,47375,49,8079,2.005000437244908,1551901867,6,47250,49,8046,1.8603774562071957,1553994838,3,47169,49,8147,1.454331465904849,1549803869,5,47003,49,8102,2.742731653664245,1560285880,1,47549,49,8095
2.2893670023096795,1554000909,9,47340,49,8185,2.48957717611087,1558194656,7,47459,49,8069,2.381980991564235,1562383272,3,47383,49,8153,1.8832210084293932,1556095342,5,47182,49,8075,2.591372177487516,1560285906,1,47481,49,8094
2.2893670023096795,1554000909,9,47340,49,8185,2.48957717611087,1558194656,7,47459,49,8069,2.0146962829122765,1549800099,3,47232,49,8138,1.7478737265786697,1553998198,5,47125,49,8074,2.591372177487516,1560285906,1,47481,49,8094
1.6182402009250016,1562389720,10,47568,49,8179,2.7132518645129027,1560290090,6,47554,49,8173,1.5832583378291032,,,,,8088,2.530988919811181,1547707271,5,46951,49,8177,3.206298191837848,154980131,1,47236,,8098
1.6182402009250016,1562389720,10,47568,49,8179,2.7132518645129027,1560290090,6,47554,49,8173,2.188087009165363,1551897096,3,47308,49,8175,2.110159882520891,1558192653,5,47277,49,8147,3.206298191837848,1549800131,1,47236,49,8098
1.995213597173135,1549806444,9,47216,49,8127,1.9601219875543232,1549805303,7,47234,49,8142,1.8191739532169557,1553994489,3,47141,49,8159,1.7210503753761237,1551900440,5,47108,49,8149,2.2908949417335744,1553994724,1,47355,49,8114
2.4616368425003055,1556097906,9,47411,49,14,2.4254223613995154,1556095755,6,47432,49,8048,1.5543939639406872,1549800089,3,47033,49,8094,1.7133993181969012,1553997993,4,47111,49,8130,2.5945321829469643,1558188776,1,47490,49,6
1.7872462277387877,1547709609,10,47127,49,8166,1.8203896761376988,1547708246,7,47172,49,8109,2.3842246316538125,1562383185,2,47385,49,8186,1.4409718735664654,1549802772,4,46990,49,8114,2.958962070264836,1547703339,2,47125,49,8133
1.7872462277387877,1547709609,10,47127,49,8166,1.8203896761376988,1547708246,7,47172,49,8109,1.8704747831352233,1553994299,2,47174,49,8134,2.3128239147145973,1560290203,5,47362,49,8119,2.958962070264836,1547703339,2,47125,49,8133
2.3605594737849414,1556096637,8,47370,49,8169,2.4147134896087623,1556096072,6,47425,49,8083,1.5529663649774619,1549800201,3,47031,49,3,1.999291919621611,1556095608,5,47229,49,8115,3.3210418615099355,1551897069,1,47287,49,8122
2.721620662626639,1560292486,10,47526,49,8178,1.9868449530693397,1551902356,7,47244,49,8102,2.6397212014344618,1566577177,2,47496,49,8150,2.2793700226414266,1560289599,5,47347,49,8097,2.2124622367860822,1553994644,2,47316,49,8176
2.5215069806989687,1558194214,8,47440,49,8095,2.5075281779628327,1558193437,6,47467,49,8116,2.3436289619058646,1562382920,3,47375,49,8178,2.0117332519533035,1556095024,5,47243,49,8145,2.9885402415652864,547703416,2,47139,49,8042
0,558194214,8,47440,49,8095,0,1558193437,6,47467,49,8116,1.9055626175509495,1556091452,3,47182,49,8135,1.7312480862095379,1553998017,5,47121,49,8104,2.9885402415652864,1547703416,2,47139,49,8042
2.1061838048926926,1551903515,9,47264,49,8163,1.9640999483182733,1549805229,7,47235,49,8086,1.5797896896792605,1551897176,3,47048,49,8188,1.5607140371010533,1549804248,5,47041,49,8125,2.2734551417454627,1553993829,1,47342,49,8099
2.1061838048926926,1551903515,9,47264,49,8163,1.9640999483182733,1549805229,7,47235,49,8086,2.379941835660564,1562383218,3,47377,49,8094,2.4904973928853424,1547706792,5,46933,49,8135,2.2734551417454627,1553993829,1,47342,49,8099
1.753587855008108,1547709008,9,47113,49,8141,2.6818371282465567,1560290851,6,47542,49,8097,1.7187063201880555,1551897059,2,47108,49,8182,2.161362178367126,1558192952,5,47296,49,8090,2.832080024923387,1545605682,1,47073,49,8171
2.6763351266905726,1560292245,9,47506,49,8121,2.275286011112308,1556095831,6,47368,49,8137,2.670422148667496,1549800281,3,46993,49,8143,2.012244448253711,1556095606,5,47238,49,8101,2.276512931801051,1553994632,2,47352,49,8111
2.6763351266905726,1560292245,9,47506,49,8121,2.275286011112308,1556095831,6,47368,49,8137,2.323536558568265,1553994215,3,47362,49,8167,1.8673110270420965,1553998768,5,47171,49,8145,2.276512931801051,1553994632,2,47352,49,8111
2.390749202096253,1556097839,9,47386,49,8117,1.8664912467842678,1549805642,7,47192,49,8157,2.1208743699601693,1558188920,3,47269,49,8111,1.7305361323080592,1551899735,4,47112,49,8134,2.915715695364097,1545605914,2,47109,49,1
2.390749202096253,1556097839,9,47386,49,8117,1.8664912467842678,1549805642,7,47192,49,8157,1.8235590126558077,1547702808,2,47144,49,8117,1.6349647418401072,1551901476,5,47081,49,8108,2.915715695364097,1545605914,2,47109,49,1
2.2556063872733096,1554000440,9,47327,49,8122,1.5699920274738255,1562388327,7,47579,49,8141,1.647210813467265,1545605661,2,47065,49,8155,1.5623461193423582,1549804281,5,47041,49,8138,2.495702277827147,1558188655,1,47435,49,8137
2.2556063872733096,1554000440,9,47327,49,8122,1.5699920274738255,1562388327,7,47579,49,8141,2.5979024094488556,1564480756,3,47480,49,8128,1.4798313209968488,1549804023,5,47010,49,8060,2.495702277827147,1558188655,1,47435,49,8137
2.122604971724236,1551900377,4,47271,49,8152,2.4685664968278274,1558194082,7,47449,49,8106,2.2273573081248883,1560285978,2,47313,49,8129,1.4172082267552166,1547706943,5,46976,49,8136,3.2974808104049096,1551897238,1,47278,49,8101
1.7701112572838236,1547709501,10,47119,49,8169,2.331077831897945,1556097372,7,47389,49,8170,1.9466675871602215,1556091567,3,47193,49,19,2.1931821025723566,1560290115,5,47320,49,8091,2.612076125718772,1560285608,1,47494,49,1
1.7701112572838236,1547709501,10,47119,49,8169,2.331077831897945,1556097372,7,47389,49,8170,1.9956243843459913,1549800195,3,47217,49,8118,1.410577661280267,1547707398,5,46977,49,8157,2.612076125718772,1560285608,1,47494,49,1
1.9747122326542357,1549807317,10,47209,49,8177,1.9248315409101038,1549804467,6,47220,49,8109,1.889037361499676,1553994459,3,47182,49,8134,2.6138104616527755,1547706744,5,46978,49,8101,2.756095068813026,1543509111,1,47034,49,8121
1.9747122326542357,1549807317,10,47209,49,8177,1.9248315409101038,1549804467,6,47220,49,8109,1.7662373536753722,1547702600,3,47122,49,3,1.4405647996002662,1547706838,5,46985,49,8082,2.756095068813026,1543509111,1,47034,49,8121
1.6387419203972642,1562389689,9,47575,49,8153,1.817941557272697,1547708156,7,47172,49,8093,2.6759299529851726,1566577445,3,47507,49,8171,2.320984325170284,1560289880,5,47361,49,8122,3.283610013637869,1551897526,2,47270,49,8122
1.6387419203972642,1562389689,9,47575,49,8153,1.817941557272697,1547708156,7,47172,49,8093,1.5578607219952347,1549800117,2,47037,49,8146,1.4288335061526671,1549803264,4,46988,49,8162,3.283610013637869,1551897526,2,47270,49,8122
1.838141806742935,1547709629,10,47148,49,8130,2.594121262448722,1560289884,6,47506,49,8124,1.5391978031961966,1543508810,2,47020,49,8158,1.502371850495659,1549803818,4,47019,49,8091,2.197161949077951,1553994545,2,47314,49,8108
1.8055039436108413,1547709468,10,47132,4,8121,2.4322555130987653,1558193833,7,47437,49,8124,2.578321224062107,1564480461,3,47464,49,8124,1.5735643145593503,1549803480,5,47049,49,8053,3.223026085442139,1551896985,1,47240,49,8073
1.8055039436108413,1547709468,10,47132,49,8121,2.4322555130987653,1558193833,7,47437,49,8124,2.4647987411939547,1556091391,3,47425,49,8110,1.7156448124728803,1551901695,5,47104,49,8084,3.223026085442139,1551896985,1,47240,49,8073
1.8020353169322936,1547709173,9,47134,49,8118,2.3480083027505336,1556097325,7,47400,49,8113,2.45806782536945,1556091365,3,47419,49,8147,1.7414476532028103,1553998437,5,47123,49,8167,3.074112828084107,1549800481,2,47180,49,1
1.8020353169322936,1547709173,9,47134,49,8118,2.3480083027505336,1556097325,7,47400,49,8113,2.4164554141491132,1562382986,3,47395,49,8172,1.8917884944530547,1556095373,5,47185,49,8104,3.074112828084107,1549800481,2,47180,49,1
1.7912241864263065,1547708585,8,47128,49,8130,2.2776318885534046,1556096517,7,47370,49,8085,2.4202288944276873,1562383354,3,47398,49,8136,2.0226484939221807,1556095474,5,47238,49,8124,2.902251971594258,1545605824,2,47105,49,8083
1.8232504816951884,1547709743,10,47142,49,8152,2.283955731989762,1556095302,6,47372,49,8102,2.4056442895852017,1562382896,2,47389,49,8144,2.2434680141047485,1560288800,4,47329,49,8146,2.782818048016938,1545605882,2,47044,49,8117
1.8232504816951884,1547709743,10,47142,49,8152,2.283955731989762,1556095302,6,47372,49,8102,2.375759391256879,1562383247,2,47378,49,8134,2.4567386895975947,1545610332,5,46910,49,8105,2.782818048016938,1545605882,2,47044,49,8117
1.8607845778208223,1547708548,8,47158,49,8163,2.3768726657362307,1556096931,7,47413,49,8054,2.462759587688369,1556091587,3,47421,49,8141,1.4160854680898904,1547707004,5,46977,49,8150,2.7254925151864473,1543508496,1,47038,49,8123
1.8607845778208223,1547708548,8,47158,49,8163,2.3768726657362307,1556096931,7,47413,49,8054,2.483158719440645,1562383089,3,47429,49,8130,1.6242558527133075,1551901104,5,47072,49,8109,2.7254925151864473,1543508496,1,47038,49,8123
1.9067839219382323,1549806622,10,47179,49,8113,2.524051583938286,1558192804,6,47474,49,8113,2.5951494614394632,1564480587,2,47475,49,8162,1.729004446886782,1553998723,5,47117,49,8174,2.7298794679921983,1543508555,2,47035,49,8177
2.0054131607269565,1549806817,10,47220,49,8047,2.7524180349832665,1562388440,7,47571,49,8119,1.5752001728037954,1549800387,2,47043,49,8109,2.230206882117391,1560288900,4,47331,49,8140,2.801176111367378,1545606141,2,47056,49,8145
2.0054131607269565,1549806817,10,47220,49,8047,2.7524180349832665,1562388440,7,47571,49,8119,1.6618976728556605,1545605672,2,47073,49,8183,2.482338891954486,1545609499,5,46923,49,8110,2.801176111367378,1545606141,2,47056,49,8145
2.089864876722377,1551903414,9,47256,49,8080,1.8211034744367645,1547707460,6,47174,49,8074,1.777150720908481,1553994531,3,47127,49,8142,1.4834003225989314,1549804241,5,47012,49,8083,2.8619630408868417,1545605899,1,47092,49,8160
2.089864876722377,1551903414,9,47256,49,8080,1.8211034744367645,1547707460,6,47174,49,8074,1.878430705947274,1553994435,3,47174,49,8126,1.7368562770649398,1553998560,5,47127,49,8088,2.8619630408868417,1545605899,1,47092,49,8160
1.9154536434487577,1549806672,9,47182,49,8102,2.2588648447675035,1553998088,6,47362,49,8153,1.8386548100790365,1553994703,2,47148,49,8132,1.615483900787568,1551901535,5,47069,49,8140,2.6619530941565643,1560286106,2,47509,49,8135
1.9154536434487577,1549806672,9,47182,49,8102,2.2588648447675035,1553998088,6,47362,49,8153,2.165953563080222,1558189193,3,47299,49,8178,2.302522113530914,1560289243,4,4357,49,8054,2.6619530941565643,1560286106,2,47509,49,8135
2.351175955402888,1554000945,10,47363,49,8131,2.5763747508997152,1558192948,6,47497,49,8077,2.343017407347273,1553994218,3,47371,49,8127,2.4869284122993287,1547706606,4,46925,49,8125,3.0858441203855134,1549800215,1,47177,49,8127
2.351175955402888,1554000945,10,47363,49,8131,2.5763747508997152,1558192948,6,47497,49,8077,2.4931538000206297,1562382563,3,47435,49,8150,1.6534269331628586,1551901293,5,47081,49,8156,3.0858441203855134,1549800215,1,47177,49,8127
2.2205204181643157,1554001375,10,47308,49,8151,1.9586943841189677,1549805351,7,47233,49,8111,2.477241945089176,1562383027,3,47431,49,8178,1.561937155912479,1549803360,4,47042,49,8106,2.9491714641320543,1547702761,2,47117,49,8092
2.2205204181643157,1554001375,10,47308,49,8151,1.9586943841189677,1549805351,7,47233,49,8111,1.6916784834826024,1551897597,3,47097,49,8130,2.2100122397710797,1560289950,5,47320,49,8161,2.9491714641320543,1547702761,2,47117,49,8092
2.691735768263565,1560292564,9,47512,49,8115,2.374526779150836,1556096771,7,47414,49,8099,1.9045421019242488,1556091424,2,47186,49,8120,2.4913134422202536,1547706997,5,46930,49,8152,2.3151697840646683,1556091659,2,47368,49,8091
2.691735768263565,1560292564,9,47512,49,8115,2.374526779150836,1556096771,7,47414,49,8099,2.1248504549135085,1558189260,3,47282,49,8148,1.67892675892852,1551901668,5,47087,49,8086,2.3151697840646683,1556091659,2,47368,49,8091
1.7317611282776915,1545611762,9,47100,49,8127,1.7943805050021726,1547707903,6,47166,49,8045,2.6235026060694318,1564480152,2,47497,49,8145,2.338219640148249,1545609482,5,46863,49,8178,2.561485355023628,1560285887,2,47481,49,8142
2.0208138182745454,1549806564,9,47226,49,8118,2.4379677964755513,1558193838,7,47440,49,8095,1.7308446592983247,1551897178,3,47113,49,8131,1.4376035802320108,1549803468,5,46997,49,8094,2.947437138416543,1547703200,2,47121,49,8062
2.0208138182745454,1549806564,9,47226,49,8118,2.4379677964755513,1558193838,7,47440,49,8095,2.0287715665496364,1558188246,2,47240,49,8148,1.8857713690439466,1553997811,5,47179,49,8162,2.947437138416543,1547703200,2,47121,49,8062
2.3555609938726008,1556097992,10,47368,49,8099,2.0148932694865094,1551901905,6,47260,49,8098,2.406051359473614,1562383170,2,47397,49,8177,2.210623798279646,1560289644,5,47322,49,8119,2.169113612399827,1553994666,2,47304,49,8112
2.3555609938726008,1556097992,10,47368,49,8099,2.0148932694865094,1551901905,6,47260,49,8098,1.5595950390577111,1549800326,3,47040,49,8147,1.4386241053071245,1549803932,5,46995,49,8104,2.169113612399827,1553994666,2,47304,49,8112
2.7098912637394306,1560292686,10,47518,49,8166,1.6590332396807466,1545609880,6,47109,49,8121,1.9153532315081498,1556091768,3,47192,49,8156,1.827328822009724,1553998167,5,47152,49,8078,2.6019787985073486,1558188771,1,47492,49,8061
2.7098912637394306,1560292686,10,47518,49,8166,1.6590332396807466,1545609880,6,47109,49,8121,2.32272051108424,1553994213,3,47366,49,8149,2.2918132331261463,1560290080,5,47350,49,8127,2.6019787985073486,1558188771,1,47492,49,8061
1.8964821282416156,1549806404,10,47173,49,8153,2.6162547130480394,1560290315,6,47516,49,8114,1.5608181529575313,1549800673,2,47044,49,8064,1.4317909469214491,1549804019,5,46990,49,8155,2.9536568615603485,1547702962,1,47132,49,8063
1.8964821282416156,1549806404,10,47173,49,8153,2.6162547130480394,1560290315,6,47516,49,8114,2.0039873889882935,1556091786,2,47227,49,8105,1.8784251498910052,1556095316,5,47187,49,8141,2.9536568615603485,1547702962,1,47132,49,8063
1.8695565409122956,1547706329,4,47157,49,8098,2.4776432737881446,1558194325,7,47459,49,8084,2.429407930026764,1562383643,3,47408,49,8165,2.202463394583338,1560289173,4,47321,49,8119,3.2004855536810894,1551897171,1,47232,49,8130
1.8695565409122956,1547706329,4,47157,49,8098,2.4776432737881446,1558194325,7,47459,49,8084,1.721358899603863,1545605253,2,47110,49,8162,1.430668183191842,1549803141,4,46992,49,8157,3.2004855536810894,1551897171,1,47232,49,8130
1.9883804349142298,1549807012,10,47208,49,8122,2.4801936451374567,1558193922,7,47458,49,8102,2.20328505254642,1560286098,3,47313,49,8134,1.761846782129773,1553998249,5,47129,49,8107,2.1857373743266764,1553994600,2,47317,49,8065
1.9883804349142298,1549807012,10,47208,49,8122,2.4801936451374567,1558193922,7,47458,49,8102,1.53419742006468,1549800429,2,47033,49,8098,2.1902265580674727,1558192176,4,47305,49,8126,2.1857373743266764,1553994600,2,47317,49,8065
1.7287014434118957,1545612454,10,47098,49,8138,2.5607696237144753,1558193995,7,47492,49,8176,2.053964696112841,1558188731,3,47249,49,8151,2.492845191611079,1545609846,5,46922,49,8124,2.462246479035264,1556091757,2,47430,49,8158
1.7287014434118957,1545612454,10,47098,49,8138,2.5607696237144753,1558193995,7,47492,49,8176,2.6011665694576687,1558188669,2,47484,49,8161,1.5829459370640704,1551901363,5,47059,49,8154,2.462246479035264,1556091757,2,47430,49,8158
2.57383016667241,1558195476,10,47460,49,8130,1.5777434625729219,1545610992,7,47074,49,8120,1.6526163758144476,1551897655,3,47072,49,1,1.5923332659039715,1549804178,5,47047,49,8149,2.258561919176642,1553994697,2,47347,49,8163
2.57383016667241,1558195476,10,47460,49,8130,1.5777434625729219,1545610992,7,47074,49,8120,2.44725859306934,1556091632,3,47407,49,8173,2.292424793379793,1560289953,5,47351,49,8125,2.258561919176642,1553994697,2,47347,49,8163
2.6864324539002893,1560292014,9,47508,49,8171,1.9289117320514735,1549805614,7,47223,49,8180,2.63870067132841,1558188507,3,47498,49,8158,2.2041996029773148,1560289512,5,47312,49,8123,2.4413380419159605,1558188730,1,47417,49,8153
2.6864324539002893,1560292014,9,47508,49,8171,1.9289117320514735,1549805614,7,47223,49,8180,2.1710542803707638,1558188769,2,47299,49,8126,1.716256384878347,1551901403,5,47104,49,8096,2.4413380419159605,1558188730,1,47417,49,8153
1.770927301840489,1547709658,10,47116,49,8161,2.3455601721437795,1556096191,6,47402,49,8152,2.4570472957494167,1562383457,2,47423,49,8140,1.6030421444343872,1549803247,4,47054,49,8146,2.65389491700281,1560285679,1,47509,49,8116
1.770927301840489,1547709658,10,47116,49,8161,2.3455601721437795,1556096191,6,47402,49,8152,2.013880243221615,1556092090,3,47232,49,8161,2.311905639126268,1560290054,5,47360,49,8128,2.65389491700281,1560285679,1,47509,49,8116
2.3837115653923147,1556098141,9,47380,49,8130,1.6270069523433464,1545610627,6,47095,49,8045,2.4709180965905446,1562383002,2,47431,49,8184,2.4873354809692483,1547706557,5,46928,49,8162,0,1549800047,1,47236,49,8109
1.6370076157859657,1562389529,10,47573,49,8143,2.2674323193588637,1553998727,6,47368,49,8118,2.3099705858027155,1560286187,3,47361,49,8158,1.8623107028238484,1553997417,5,47176,49,8132,2.244895604590824,1553994412,2,47335,49,8106
1.6370076157859657,1562389529,10,47573,49,8143,2.2674323193588637,1553998727,6,47368,49,8118,1.604676098445476,1545605505,2,47060,49,8149,2.160542378126663,1558191958,5,47308,49,8099,2.244895604590824,1553994412,2,47335,49,8106
2.164626356510557,1551903857,10,47288,49,8093,1.8266112692039436,1549805083,7,47178,49,8131,2.073140701411204,1558188507,2,47251,49,8175,2.4562293815901475,1545609215,4,46905,49,8133,2.6043246840634104,1558189101,2,47491,49,8124
2.164626356510557,1551903857,10,47288,49,8093,1.8266112692039436,1549805083,7,47178,49,8131,2.586786461808175,1564480402,3,47471,49,8151,1.5703001545409743,1549804221,5,47047,49,8124,2.6043246840634104,1558189101,2,47491,49,8124
2.7584409676227306,1560292368,9,47538,49,8159,2.7233491724042724,1560290663,7,47562,49,8062,1.7940830623361226,1547702845,2,47131,49,8144,1.8679226012470682,1553998900,5,47169,49,8102,2.9593691487261844,1547703410,2,47130,49,8055
2.7584409676227306,1560292368,9,47538,49,8159,2.7233491724042724,1560290663,7,47562,49,8062,2.2181763832275507,1560286121,2,47317,49,8104,2.197264200708021,1558192487,5,47308,49,8172,2.9593691487261844,1547703410,2,47130,49,8055
1.9269785805138435,1549806931,10,47186,49,8161,2.455714307968705,1558194278,7,47450,49,8168,15.495446416243412,1556091335,2,47385,49,813,2.088026443113946,1558192616,5,47267,49,8106,3.045962256500517,1549799977,1,47169,49,8144
1.9269785805138435,1549806931,10,47186,49,8161,2.455714307968705,1558194278,7,47450,49,8168,1.8313104568701672,1553994713,3,47150,49,8099,1.6709708449547205,1551901431,5,47084,49,8103,3.045962256500517,1549799977,1,47169,49,8144
1.8285538168480653,1547709627,10,47143,49,8122,2.3997199116194503,1556096117,6,47423,49,8125,2.2074674966736616,1560285812,2,47310,49,8163,1.9861349214915518,1556094853,4,47218,49,8118,2.7033609815066946,1560286616,2,47536,49,8165
1.8285538168480653,1547709627,10,47143,49,8122,0,1556096117,6,47423,49,8125,2.6022893456088894,1558188768,3,47479,49,8138,2.349439732060174,1562386739,5,47376,49,8139,2.7033609815066946,1560286616,2,47536,49,8165
2.708259179831381,1560291701,9,47518,49,8142,2.3001724022334327,1556097225,7,47383,49,8095,1.7370662673469948,1551897130,2,47114,49,8136,1.4634082696905586,1549803303,4,47007,49,8130,3.18202334060937,1549800253,1,47227,49,8090
2.708259179831381,1560291701,9,47518,49,8142,2.3001724022334327,1556097225,7,47383,49,8095,2.0597773493352873,1558188710,3,47254,49,8102,1.887606064185268,1556094564,4,47184,49,8110,3.18202334060937,1549800253,1,47227,49,8090
2.5113074213741844,1558193927,8,47433,49,21,2.2493790737224937,1553998255,6,47361,49,8168,1.544499227408416,1549800703,2,47036,49,8130,1.5221594270365044,1549804548,5,47023,49,8162,2.5039630283826666,1558189100,2,47443,49,8104
2.100676009130904,1551904293,10,47259,49,3,2.0884315987418622,1551902388,7,47293,49,8088,1.6158980824019633,1551896942,2,47056,49,8178,1.58345905614498,1549804138,5,47046,49,8091,2.6979554239260257,1543509057,2,47021,49,8147
2.100676009130904,1551904293,10,47259,49,3,2.0884315987418622,1551902388,7,47293,49,8088,2.1842112837721035,1558188922,3,47308,49,8095,2.41471542283073,1545609526,4,46896,49,8091,2.6979554239260257,1543509057,2,47021,49,8147
2.4235915417119096,1556097095,8,47397,49,8110,1.9350310873563061,1549805371,7,47229,49,8055,2.576689135587159,1558188912,3,47468,49,8164,1.672091746591879,1551901219,5,47089,49,8097,2.4642856338898556,1558188374,1,47432,49,8166
2.4235915417119096,1556097095,8,47397,49,8110,1.9350310873563061,1549805371,7,47229,49,8055,1.7134029823641568,1551897198,2,47108,49,8162,2.199914919498195,1558191579,4,47314,49,8165,2.4642856338898556,1558188374,1,47432,49,8166
2.517529023058471,1558195365,10,47436,49,8084,1.7441987314485623,1547708173,6,47148,49,8094,2.0779346992595773,1551897329,3,47254,49,8138,1.4706503962845008,1549803951,4,47008,49,8094,3.177537958412144,1549800331,2,47215,49,8064
2.517529023058471,1558195365,10,47436,49,8084,1.7441987314485623,1547708173,6,47148,49,8094,2.462657338428561,1562383392,2,47426,49,8153,2.039679351066362,1558192666,5,47253,49,8141,3.177537958412144,1549800331,2,47215,49,8064
2.5853550842107147,1558195096,10,47467,49,8126,2.7198804987049163,1562387383,6,47566,49,8149,1.6183445975498023,1551897300,3,47064,49,8113,2.612280627329652,1547707118,5,46975,49,8130,2.7076456853060447,1560286431,2,47534,49,8083
2.5853550842107147,1558195096,10,47467,49,8126,2.7198804987049163,1562387383,6,47566,49,8149,2.0184697640518836,1549799836,2,47237,49,8140,2.0359077436361654,1556095484,5,47242,49,8134,2.7076456853060447,1560286431,2,47534,49,8083
2.6526718340051976,1560291459,8,47495,49,8097,2.240607100538013,1553999737,7,47361,49,8087,2.431856053193162,1562383570,3,47408,49,8166,2.544657148156837,1547706180,4,46950,49,8109,2.3205753492919645,1556091790,1,47369,49,8155
2.6526718340051976,1560291459,8,47495,49,8097,2.240607100538013,1553999737,7,47361,49,8087,1.6635297441417727,1545605886,3,47077,49,8119,2.008571342046607,1558192344,5,47238,49,8134,2.3205753492919645,1556091790,1,47369,49,8155
2.668379203376137,1560292406,10,47501,49,8112,1.6748428320236628,1547707816,7,47116,49,8056,2.0588609348833318,1558188782,3,47249,49,8097,1.4369939182092248,1547706537,5,46986,49,8087,3.2023202262744346,1551897287,2,47236,49,8128
2.668379203376137,1560292406,10,47501,49,8112,1.6748428320236628,1547707816,7,47116,49,8056,2.5207950547846316,1564480403,3,47448,49,8107,2.170541230673346,1558192566,5,47298,49,8127,3.2023202262744346,1551897287,2,47236,49,8128
2.658995679504315,1560292215,10,47497,49,8118,1.9905161777871978,1551902433,7,47253,49,8102,1.7538963727432184,1553993972,2,47119,49,8164,1.571525166785725,1549803915,5,47043,49,8130,2.902556810553801,1545605825,1,47111,49,8091
2.658995679504315,1560292215,10,47497,49,8118,0,1551902433,7,47253,49,8102,2.2043055722116933,1560285932,3,47311,49,8181,2.3176179248827817,1560290062,5,47360,49,8078,2.902556810553801,1545605825,1,47111,49,8091
2.6536923643635677,1558194669,9,47493,49,8114,2.282323637371318,1556096690,7,47376,49,8026,1.4892204898809787,1549799996,2,47002,49,8176,1.7209462985243962,1553998090,5,47114,49,8144,2.6409424084989928,1560286331,2,47500,49,3
2.5840297201539086,1558194575,9,47470,49,8166,2.548224173060384,1558193679,7,47489,49,8120,1.7630754273927296,1553994140,3,47125,49,8067,1.4140444271868668,1547706391,5,46979,49,8173,2.3276148846430096,1556091649,1,47364,49,8106
2.528544617761977,1558194733,9,47446,49,8130,1.6927938367114084,1547708534,7,47124,49,8124,2.282228972451182,1560286056,2,47347,49,8182,2.0229552142400995,1556095239,5,47233,49,8072,3.204972835040639,1551897436,1,47234,49,8106
2.4151262887375786,1556097184,8,47398,49,8110,1.9210580505570043,1549805694,7,47220,49,8127,2.1652397588843666,1558189360,3,47300,49,8130,2.1332116163587567,1558192810,5,47280,49,8087,2.908168730559899,1547703151,1,47103,49,8120
2.4151262887375786,1556097184,8,47398,49,8110,1.9210580505570043,1549805694,7,47220,49,8127,1.5652050874529146,1549800482,3,47039,49,8189,1.5985529665909803,1551900093,4,47058,49,8113,2.908168730559899,1547703151,1,47103,49,8120
2.281411072199651,1554001182,10,47341,49,8149,2.1571759374917234,1553999767,7,47321,49,8143,2.1112863652100122,1558189001,2,47269,49,8108,2.1976712793958844,1560288639,4,47312,49,8067,2.6097302449343407,1558189014,2,47493,49,8166
2.281411072199651,1554001182,10,47341,49,8149,2.1571759374917234,1553999767,7,47321,49,8143,2.647574886857133,1564480055,3,47499,49,8128,1.7190093619613294,1551901424,5,47109,49,8110,2.6097302449343407,1558189014,2,47493,49,8166
2.0981256377627227,1551902548,8,47266,49,8159,2.4769294773045605,1558194349,7,47458,49,8098,2.018572005524575,1556091873,2,47234,49,8121,2.3230234858106176,1560290032,5,47363,49,8113,3.3496014068813627,1553994470,2,47295,49,8143
2.0981256377627227,1551902548,8,47266,49,8159,2.4769294773045605,1558194349,7,47458,49,8098,2.5476202786792497,1564480394,2,47455,49,8157,1.7716373973254649,1553998451,5,47137,49,8173,3.3496014068813627,1553994470,2,47295,49,8143
1.8975026287961978,1549805960,9,47177,49,8144,1.7019728896967465,1547708167,7,47128,49,8050,1.866701296878459,1553994902,3,47171,49,8133,2.3447479704434353,1545609277,5,46862,49,8088,2.94396850514495,1547703006,1,47120,49,8123
1.8975026287961978,1549805960,9,47177,49,8144,1.7019728896967465,1547708167,7,47128,49,8050,2.4262460108408543,1556091498,2,47405,49,8103,1.8481350413267232,1553998728,5,47163,49,8114,2.94396850514495,1547703006,1,47120,49,8123
1.6583250011116075,1562390015,10,47586,49,8119,1.9600197382419837,1549805038,7,47238,49,8151,1.7126891822190102,1551897385,2,47105,49,8133,2.35372442059607,1545609516,5,46862,49,8121,2.4574524808273766,1558188947,2,47426,49,8151
1.6583250011116075,1562390015,10,47586,49,8119,1.9600197382419837,1549805038,7,47238,49,8151,2.2036921365601927,1553994337,3,47315,49,8171,1.839363083347475,1553998863,5,47161,49,8047,2.4574524808273766,1558188947,2,47426,49,8151
2.6317633817563792,1558194621,8,47490,49,8153,1.951758976510892,1549804627,6,47231,49,8088,2.6888824623530643,1549800520,2,47006,49,8163,2.368716092316745,1545610087,5,46875,49,8062,3.218027595680232,1549799997,1,47241,49,8149
2.383099995769864,1556098323,10,47384,49,8170,1.5630566129331118,1545610461,6,47066,49,8044,2.436443679326794,1562383547,3,47417,49,8090,2.355047878549304,1545609513,5,46873,49,8138,2.7134583029480215,1543508463,1,47028,49,8128
2.383099995769864,1556098323,10,47384,49,8170,1.5630566129331118,1545610461,6,47066,49,8044,1.5076808212624901,1566577515,2,47523,49,8140,1.835691835027337,1553997692,4,47157,49,8112,2.7134583029480215,1543508463,1,47028,49,8128
2.223580087778515,1554001128,10,47316,49,8144,2.1064848494725013,1551902428,7,47298,49,8114,1.7799055395227616,1553994330,2,47126,49,8173,2.3436252028166003,1562386216,4,47377,49,8134,2.276308448019405,1553994405,2,47354,49,8165
2.223580087778515,1554001128,10,47316,49,8144,2.1064848494725013,1551902428,7,47298,49,8114,1.7807215782676908,1553995058,3,47126,49,8188,1.7926499413955579,1553997697,4,47139,49,9,2.276308448019405,1553994405,2,47354,49,8165
2.02040671651524,1549805290,8,47229,49,8120,2.5732128221170645,1558192977,6,47498,49,8026,1.9001570522410263,1556091392,2,47179,49,8139,2.343627097809334,1560289633,5,47369,49,8141,2.973241835072496,1547703126,1,47129,49,8112
2.02040671651524,1549805290,8,47229,49,8120,2.5732128221170645,1558192977,6,47498,49,8026,2.0129619655230178,1556091600,3,47233,49,8119,1.7153362619461836,1553998205,5,47113,49,8149,2.973241835072496,1547703126,1,47129,49,8112
1.8551745323606814,1547709423,10,47161,49,8139,1.9672618599478187,1549804738,7,47239,49,8098,2.186557168370647,1553994022,2,47307,49,8150,2.3246555674754545,1560289976,5,47363,49,8097,2.5327270622529072,1558188391,1,47448,49,8121
1.8551745323606814,1547709423,10,47161,49,8139,1.9672618599478187,1549804738,7,47239,49,8098,2.3367958030200877,1560285665,2,47369,49,8140,1.7198254008252898,1551900573,4,47109,49,8182,2.5327270622529072,1558188391,1,47448,49,8121
1.7302312722268778,1545611000,8,47106,49,8127,2.3949259152474265,1556096868,7,47419,49,8091,1.539911601727585,1543508740,3,47022,49,8091,1.7427748774191316,1551900602,4,47116,49,8118,3.283407432222539,1551897666,2,47264,49,8117
2.503249236703601,1558195379,10,47439,49,8149,1.7762250335549827,1547708476,7,47157,49,8061,1.539502637296133,1566577500,2,47538,49,8140,1.9019861968635923,1556095587,5,47195,49,8126,2.5639354043755036,1558189202,2,47470,49,8078
2.503249236703601,1558195379,10,47439,49,8149,1.7762250335549827,1547708476,7,47157,49,8061,1.6938199002052154,1545606002,3,47097,49,8130,1.84415522171827,1553998052,4,47170,49,8126,2.5639354043755036,1558189202,2,47470,49,8078
2.682556719818605,1560291573,9,47513,49,8163,2.318939455051921,1556097380,7,47388,49,8102,1.8248862261553085,1547702993,3,47140,49,8126,2.3899293585328043,1545610013,5,46891,49,8092,2.4887649731399915,1558188903,2,47439,49,8110
2.682556719818605,1560291573,9,47513,49,8163,2.318939455051921,1556097380,7,47388,49,8102,1.8677218106925022,1553994653,3,47168,49,8117,1.8968873489784466,1556095927,5,47189,49,8169,2.4887649731399915,1558188903,2,47439,49,8110
2.606467997889283,1558195099,10,47483,49,8142,1.824672482930087,1549805145,7,47178,49,8062,1.9903191956919775,1556092094,3,47222,49,8114,2.5740308215142216,1547707163,5,46966,49,8093,3.347458102272909,1551897424,1,47300,49,8105
2.606467997889283,1558195099,10,47483,49,8142,1.824672482930087,1549805145,7,47178,49,8062,1.8439581392527369,1553994894,3,47153,49,8144,2.112505770414893,1558192016,4,47275,49,8162,3.347458102272909,1551897424,1,47300,49,8105
2.482340794224246,1556097636,9,47428,49,8169,2.3128200986841096,1556097001,7,47384,49,8106,1.8431421002836914,1547703294,3,47153,49,8139,1.5127759037711268,1549804193,5,47019,49,8111,3.0251541670540285,1547703105,2,47164,49,8083
2.482340794224246,1556097636,9,47428,49,8169,2.3128200986841096,1556097001,7,47384,49,8106,1.8345746141361412,1547702628,2,47149,49,8141,2.298440015719827,1560288677,4,47364,49,8149,3.0251541670540285,1547703105,2,47164,49,8083
2.3454636563310607,1556096924,8,47370,49,8096,1.6018138425207262,1545611364,7,47083,49,8155,1.8895485438688402,1553994127,3,47178,49,8129,1.833039243277734,1553998973,5,47159,49,8126,2.741709184916366,1545605825,2,47047,49,8097
2.3454636563310607,1556096924,8,47370,49,8096,1.6018138425207262,1545611364,7,47083,49,8155,1.9291236680471346,1556091475,2,47190,49,8146,1.4368916769430702,1547706243,4,46987,49,8149,2.741709184916366,1545605825,2,47047,49,8097
1.9310587630044218,1549805935,9,47193,49,8185,2.622374074401189,1560291342,7,47517,49,8094,2.370965386296849,1562383071,3,47378,49,8122,2.451842443927255,1545610013,5,46909,49,8091,2.2469366512883053,1553994396,2,47330,49,8073
1.6744394583509041,1545612145,9,47087,49,8139,2.0468173238587615,1551902952,7,47272,49,8116,1.5420511097780996,1549800541,2,47033,49,8114,1.596922783280705,1549803968,5,47051,49,8068,3.206298191837848,1551897285,2,47236,49,8142
1.6744394583509041,1545612145,9,47087,49,8139,2.0468173238587615,1551902952,7,47272,49,8116,1.7267644706758765,1558188902,3,47110,49,8106,2.462144251747998,1545609145,5,46912,49,8165,3.206298191837848,1551897285,2,47236,49,8142
2.2881419858738004,1554000661,10,47350,49,8169,1.6293528419529022,1545610158,6,47093,49,8128,2.205733184341239,1560286345,3,47306,49,8158,1.5727482757679645,1549803492,5,47048,49,8070,2.689492113703394,1543509153,2,47007,49,8156
2.162382696366253,1551902588,8,47295,49,8129,1.9969422750553105,1551902011,6,47249,49,8110,2.4738774418568474,1562383038,2,47421,49,8174,2.322616408841736,1560289162,4,47360,49,8138,2.7221280299046415,1543508313,1,47031,49,8141
1.7332909528684923,1547708550,9,47110,49,8174,2.114950098261372,1551902350,7,47300,49,8090,1.795612911655883,1553994246,2,47127,49,8151,1.5653035630885226,1549804232,5,47041,49,8168,2.55128771411966,1558189127,2,47466,49,8155
1.7332909528684923,1547708550,9,47110,49,8174,2.114950098261372,1551902350,7,47300,49,8090,2.021427221038971,1556092288,3,47233,49,8145,2.4668360134126117,1545610005,5,46914,49,8110,2.55128771411966,1558189127,2,47466,49,8155
2.3807541088333806,1556098776,10,47386,49,8088,2.1332078261176166,1553999281,7,47305,49,8130,2.300484829541077,1560286212,3,47353,49,8159,2.002758693679808,1556095809,5,47232,49,8068,2.2979325842304954,1556091657,2,47358,49,8118
2.3807541088333806,1556098776,10,47386,49,8088,2.1332078261176166,1553999281,7,47305,49,8130,2.5918852999423505,1564480760,2,47472,49,8133,1.7308409993124043,1551900622,5,47114,49,8072,2.2979325842304954,1556091657,2,47358,49,8118
1.8300836403099636,1547709464,10,47153,49,8123,2.248665284781095,1553999792,7,47357,49,8118,1.697390764870099,1551897645,2,47090,49,8188,2.5472055999544776,1547706815,5,46958,49,8098,3.31665492034555,1551897319,1,47290,49,8128
1.8300836403099636,1547709464,10,47153,49,8123,2.248665284781095,1553999792,7,47357,49,8118,1.986240863570143,1556092300,2,47210,49,8111,2.1760471463990316,1560289617,5,47309,49,8153,3.31665492034555,1551897319,1,47290,49,8128
2.431649692066567,1556098281,10,47407,49,8160,2.454593458603342,1558192892,6,47442,49,8062,2.3136437202457,1560286158,3,47352,49,41,1.8773061223580465,1553997919,4,47174,49,8135,3.172026363801838,1549800541,2,47228,49,8145
2.431649692066567,1556098281,10,47407,49,8160,2.454593458603342,1558192892,6,47442,49,8062,2.638496191366592,1564480175,3,47495,49,8150,1.5987560306138109,1551901374,5,47065,49,8104,3.172026363801838,1549800541,2,47228,49,8145
1.841710808527741,1547709684,10,47159,49,8101,1.6169096370981648,1545611160,7,47087,49,8095,1.8088721607669438,1553994228,2,47133,49,8070,2.441847365526435,,,,,,3.0275000477028158,1547703130,1,47165,49,8136
1.841710808527741,1547709684,10,47159,49,8101,1.6169096370981648,1545611160,7,47087,49,8095,2.155346921628298,1558189147,2,47288,49,8095,2.195323508621563,1560288796,4,47320,49,8129,3.0275000477028158,1547703130,1,47165,49,8136
2.4583726669491526,1556098122,9,47417,49,8152,1.8247747216393042,1549804645,6,47177,49,8064,2.51773538597805,1545605566,2,46927,49,8156,1.8438522225650558,1553998808,5,47159,49,8087,2.8779752464829507,1545605999,2,47103,49,8129
2.4583726669491526,1556098122,9,47417,49,8152,1.8247747216393042,1549804645,6,47177,49,8064,1.7259484389607114,1551897028,2,47106,49,8147,1.6932046686247901,1551901361,5,47100,49,8120,2.8779752464829507,1545605999,2,47103,49,8129
1.8700658534010792,1547709126,9,47169,49,8106,2.081393972379121,1551903097,7,47285,49,8073,2.124952705705344,1558189105,3,47274,49,8164,2.504063372941779,1547706756,5,46934,49,8130,2.873183122714147,1545605885,1,47094,49,8115
1.8700658534010792,1547709126,9,47169,49,8106,2.081393972379121,1551903097,7,47285,49,8073,2.530178590641385,1558188400,2,47445,49,8171,2.358516523255096,1545608854,4,46873,49,8117,2.873183122714147,1545605885,1,47094,49,8115
2.45500626161011,1556097953,10,47417,49,8098,2.164520313765818,1553999649,6,47318,49,8048,1.7419625076578582,1551896893,2,47109,49,8146,2.0069392566078696,1556094747,4,47240,49,8130,2.8604332002299437,1545606146,1,47091,49,8084
2.45500626161011,1556097953,10,47417,49,8098,2.164520313765818,1553999649,6,47318,49,8048,2.2189924313828744,1560286112,3,47312,49,8120,1.8984171847704472,1556095002,4,47192,49,8128,2.8604332002299437,1545606146,1,47091,49,8084
1.8393649296982422,1547708682,8,47157,49,8118,2.3074145398819477,1556096294,6,47381,49,8089,2.6694016231912046,1560285475,2,47504,49,8144,1.5860061155653444,1551900603,4,47063,49,8118,2.895009850168132,1547702907,2,47104,49,8134
1.8393649296982422,1547708682,8,47157,49,8118,2.3074145398819477,1556096294,6,47381,49,8089,1.9788965072128832,1556092279,3,47211,49,8134,1.4935979831941721,1549804373,5,47025,49,8050,2.895009850168132,1547702907,2,47104,49,8134
2.391667474828987,1556098724,10,47390,49,8113,2.304457104741397,1556097065,7,47378,49,8078,2.446133938461317,1562383322,2,47414,49,8148,2.3910521243661305,1545609478,4,46890,49,8120,2.9717119943049126,1547703284,1,47128,49,8086
2.391667474828987,1556098724,10,47390,49,8113,2.304457104741397,1556097065,7,47378,49,8078,1.743594583376321,1545605384,2,47110,49,8145,2.2941572183512355,1560290255,5,47360,49,8082,2.9717119943049126,1547703284,1,47128,49,8086
2.7055062208349434,1560292286,9,47521,49,8146,2.475501893223568,1558193113,6,47453,49,8137,2.0311174576672806,1556091792,3,47235,49,8143,1.6261927922016373,1551901461,5,47077,49,8100,2.7022382024246254,1543508747,1,47026,49,8110
2.7055062208349434,1560292286,9,47521,49,8146,2.475501893223568,1558193113,6,47453,49,8137,1.5932534262756273,1549800054,3,47048,49,2,1.8669002206166654,1556095132,5,47181,49,8128,2.7022382024246254,1543508747,1,47026,49,8110
2.431342966752972,1556097331,9,47409,49,8119,2.302722778903555,1556095905,6,47379,49,8109,2.159427120488551,1551897727,3,47289,49,8099,1.6002858698594655,1551901261,5,47067,49,8148,3.2152746442961635,1551896916,1,47236,49,8154
2.431342966752972,1556097331,9,47409,49,8119,2.302722778903555,1556095905,6,47379,49,8109,1.562043171746071,1549800957,3,47034,49,8176,1.5648945897982223,1549803267,4,47046,49,8132,3.2152746442961635,1551896916,1,47236,49,8154
1.924021118041892,1549806310,9,47191,49,8153,2.31210630086034,1556096590,7,47383,49,8080,2.0927237970680115,1551897420,3,47255,49,8175,2.525176299786218,1547707085,5,46943,49,8118,2.229190124514484,1553994418,1,47320,49,8116
1.924021118041892,1549806310,9,47191,49,8153,2.31210630086034,1556096590,7,47383,49,8080,1.4971745392865532,1566577573,3,47518,49,8149,2.4536790105074604,1545609508,5,46908,49,8117,2.229190124514484,1553994418,1,47320,49,8116
2.6573635793122152,1560291797,9,47505,49,8169,2.2668207733845045,1553999681,7,47363,49,8109,2.063653078813261,1558188861,2,47252,49,8164,2.198792151059178,1560289198,4,47319,49,8159,2.4469461858806287,1556091610,1,47425,49,8107
2.6573635793122152,1560291797,9,47505,49,8169,2.2668207733845045,1553999681,7,47363,49,8109,1.529609799142371,1549800091,2,47016,49,8160,2.1859437519942384,1558191822,4,47301,49,8111,2.4469461858806287,1556091610,1,47425,49,8107
2.2039969954775094,1554000204,9,47310,49,8125,2.2817120976090277,1556096540,7,47369,49,8138,2.1218930216818666,1558188981,2,47273,49,8093,1.8951530262574496,1556095529,5,47192,49,8129,2.661034807058962,1560285938,2,47510,49,8111
2.2039969954775094,1554000204,9,47310,49,8125,2.2817120976090277,1556096540,7,47369,49,8138,1.5657144098081792,1543508548,2,47038,49,8180,1.840075018525743,1553998151,5,47172,49,8159,2.661034807058962,1560285938,2,47510,49,8111
1.7396147943432507,1545611406,9,47111,49,8167,2.446637530515756,1558193755,7,47440,49,8097,2.1654442452525466,1558188546,2,47294,49,8185,1.6415952917183945,1551900849,4,47078,49,8141,2.8540071192629823,1545605972,2,47090,49,8109
1.7396147943432507,1545611406,9,47111,49,8167,2.446637530515756,1558193755,7,47440,49,8097,1.6345628992492072,1545605572,3,47059,49,8143,1.6091600595868392,1551901329,5,47068,49,8141,2.8540071192629823,1545605972,2,47090,49,8109
2.5283401269523864,1558195220,9,47450,49,8132,2.593509713174066,1560290937,7,47504,49,8127,2.255201167987288,1553994368,3,47326,49,8159,1.410373183795772,1547707294,5,46977,49,8142,3.073603511208009,154980315,2,47177,49,8170
2.5283401269523864,1558195220,9,47450,49,8132,2.593509713174066,1560290937,7,47504,49,8127,1.7336998841929334,1551896881,2,47111,49,8127,2.5813751932278435,1547707394,5,46968,49,8119,3.073603511208009,1549800315,2,47177,49,8170
2.1588136935607825,1551903907,10,47290,49,8137,2.7537439281268643,1562388455,7,47573,49,8170,1.8640487132193746,1547702698,2,47169,49,8140,2.3226145134181575,1543512073,5,46857,49,8136,3.2745332207580815,1551897432,1,47263,49,8126
1.5932515391682711,1562389651,10,47563,49,8143,1.996737794289038,1551902821,7,47251,49,8108,2.293142347487365,1560286309,3,47346,49,8189,1.7226806075018721,1553998258,5,47115,49,8097,3.1511179236181976,1549800447,2,47217,49,8154
1.5932515391682711,1562389651,10,47563,49,8143,1.996737794289038,1551902821,7,47251,49,8108,2.062225482949757,1558188312,3,47246,49,8127,2.1441249762498322,1558193038,5,47287,49,8161,3.1511179236181976,1549800447,2,47217,49,8154
1.6414948904509377,1562389746,10,47586,49,8134,2.1070964039569744,1551902434,7,47301,49,8039,1.5477634085240721,1549800675,2,47026,49,2,1.9020902947645744,1556095363,5,47188,49,8046,2.506206663540949,1558189115,2,47446,49,8090
1.6414948904509377,1562389746,10,47586,49,8134,2.1070964039569744,1551902434,7,47301,49,8039,2.298954994652446,1560286500,3,47349,49,8105,1.9735894730005776,1556095832,5,47215,49,8106,2.506206663540949,1558189115,2,47446,49,8090
2.756095068813026,1560292643,10,47546,49,8133,2.1098512505261957,1551902513,7,47298,49,8121,1.8362067017125485,1547702963,2,47142,49,8129,1.764192657815421,1553998575,5,47132,49,8108,2.7570114267651844,1545605622,1,47043,49,8134
2.756095068813026,1560292643,10,47546,49,8133,2.1098512505261957,1551902513,7,47298,49,8121,2.6156489393301428,1564480669,3,47484,49,8155,1.8647606765179383,1553998498,5,47170,49,8130,2.7570114267651844,1545605622,1,47043,49,8134
2.763642016390766,1560291587,9,47552,49,8114,2.0971013244995342,1551902553,7,47295,49,8149,2.200734708538361,1558189193,3,47304,49,8121,1.7137060282683878,1551901389,5,47107,49,8122,3.0334149183594863,1547703135,2,47173,49,8098
2.763642016390766,1560291587,9,47552,49,8114,2.0971013244995342,1551902553,7,47295,49,8149,1.8586431559828107,1553994566,3,47162,49,8117,1.7110515881090465,1553998456,5,47117,49,8035,3.0334149183594863,1547703135,2,47173,49,8098
1.7489983164596234,1547709256,9,47116,49,8106,1.9956169034787339,1551902678,7,47250,49,8067,2.658997573283817,1566576993,2,47499,49,8127,1.6855554585679584,1551901617,5,47095,49,8118,3.3604125203217663,1553994479,1,47303,49,8155
1.7489983164596234,1547709256,9,47116,49,8106,1.9956169034787339,1551902678,7,47250,49,8067,2.375248195138108,1562383016,3,47377,49,8160,1.723087701001656,1553998583,5,47119,49,8138,3.3604125203217663,1553994479,1,47303,49,8155
2.0387648071549527,1551903347,9,47243,49,8145,1.9945963825093662,1551902517,7,47252,49,8102,2.026221226509714,1556092103,2,47231,49,8112,1.7074844246555463,1551901333,5,47104,49,8047,2.5271151036351447,1558188225,1,47457,49,8111
2.0387648071549527,1551903347,9,47243,49,8145,1.9945963825093662,1551902517,7,47252,49,8102,1.7794966115872626,1553994288,3,47122,49,8146,1.8829161583270002,1553998342,5,47176,49,8144,2.5271151036351447,1558188225,1,47457,49,8111
2.4364436964184875,1556098177,10,47408,49,8121,2.2058278683772525,1553999499,6,47341,49,8062,2.6431879588561062,1564480412,3,47494,49,8116,1.7744926003745047,1553998431,5,47143,49,8039,2.972935111311156,1547702964,2,47134,49,8129
2.4364436964184875,1556098177,10,47408,49,8121,2.2058278683772525,1553999499,6,47341,49,8062,2.439709752685097,1556091855,2,47401,49,8133,1.9546179500166756,1556095891,5,47209,49,8098,2.972935111311156,1547702964,2,47134,49,8129
1.597738815994942,1562388683,9,47567,49,8141,2.5646453394450854,1560290598,7,47495,49,8126,2.1303582742333456,1558189044,2,47274,49,8188,1.8994377055881169,1556095012,4,47188,49,8079,2.233062065742036,1553994719,2,47340,49,8169
1.597738815994942,1562388683,9,47567,49,8141,2.5646453394450854,1560290598,7,47495,49,8126,2.008781404078941,1556091983,3,47218,49,8182,2.1665632691913075,1558192831,5,47297,49,8155,2.233062065742036,1553994719,2,47340,49,8169
1.7314544045339442,1547709209,10,47112,49,8130,1.7614359371881476,1547708432,7,47154,49,8141,2.674704943797506,1566577472,2,47505,49,8151,1.7282887968429494,1551900266,4,47122,49,8084,2.40247668979279,1556091385,2,47407,49,8112
1.7314544045339442,1547709209,10,47112,49,8130,1.7614359371881476,1547708432,7,47154,49,8141,1.5946810312344366,1551897143,2,47046,49,2,2.3285293927590494,1545609308,5,46861,49,8119,2.40247668979279,1556091385,2,47407,49,8112
2.4329750490825073,1556098602,10,47409,49,3,1.9781752191408475,1551902255,7,47245,49,8081,2.594231185961212,1564480305,3,47470,49,8114,2.3229193479142602,1545609228,5,46860,49,8127,3.3049274230036145,1551897225,1,47279,49,8116
2.49539555038688,1558194225,8,47437,49,8149,2.544143965034772,1558194118,7,47488,49,8053,2.0435606719238266,1558188249,2,47237,49,8179,2.2907908176719363,1560290280,5,47359,49,8148,2.334345800882691,1556091548,2,47371,49,8118
2.49539555038688,1558194225,8,47437,49,8149,2.544143965034772,1558194118,7,47488,49,8053,2.249897847119715,1553994383,2,47320,49,8160,1.727679082036993,1551901190,5,47112,49,8109,2.334345800882691,1556091548,2,47371,49,8118
1.9888897459622206,1549806878,10,47219,49,8175,1.893621282344587,1549805426,7,47210,49,8128,2.0332588663335653,1556091301,2,47236,49,8188,1.72859735669452,1551901089,5,47111,49,8137,3.2742245753261168,1551897215,2,47276,49,8055
1.9888897459622206,1549806878,10,47219,49,8175,1.893621282344587,1549805426,7,47210,49,8128,2.0260167469385206,1556091586,3,47235,49,8166,2.029277185187427,1556094590,4,47243,49,8152,3.2742245753261168,1551897215,2,47276,49,8055
2.368106423136194,1556097894,9,47381,49,8118,2.704786620851957,1560291001,7,47553,49,8090,1.8860799223651101,1553994081,2,47175,49,8101,2.0442688723752744,1558192096,4,47256,49,8118,2.7238623561666917,1543508926,2,47032,49,8128
1.5994731429837854,1562389590,10,47565,49,8129,2.4143044989760036,1558193435,7,47433,49,8134,1.8075449474314438,1553994709,3,47137,49,8164,2.4560248958720186,1545610042,5,46907,49,8115,3.232918916687788,1551896992,1,47249,49,8118
1.5994731429837854,1562389590,10,47565,49,8129,2.4143044989760036,1558193435,7,47433,49,8134,1.8735344777975438,1547703066,3,47170,49,8137,1.5836635409114679,1549804181,5,47044,49,8161,3.232918916687788,1551896992,1,47249,49,8118
2.0671198580606545,1551903366,9,47252,49,8114,2.336074403147366,1556097570,7,47400,49,8073,1.7943879344191753,1553994286,2,47130,49,8125,1.5711142904817719,1551900668,5,47055,49,8120,2.650528501098024,1560286082,2,47511,49,8096
2.0671198580606545,1551903366,9,47252,49,8114,2.336074403147366,1556097570,7,47400,49,8073,1.887916473886455,1553994415,3,47173,49,8148,1.868430067200167,1556095004,5,47180,49,8138,2.650528501098024,1560286082,2,47511,49,8096
2.5926994424561203,1558195172,9,47475,49,8129,2.3462739664091146,1556097040,7,47404,49,8072,1.8674151102182692,1553994644,3,47166,49,8138,2.0082664975284743,1556094892,4,47233,49,8152,3.213744800030883,1551897405,2,47237,49,8110
2.5926994424561203,1558195172,9,47475,49,8129,2.3462739664091146,1556097040,7,47404,49,8072,2.0402965096683148,1556092110,2,47239,49,8112,2.317820514802265,1560289691,5,47366,49,8141,3.213744800030883,1551897405,2,47237,49,8110
1.9662469757523466,1549806480,9,47209,49,8100,2.5800459673849825,1560291280,7,47504,49,8138,2.0482524308275982,1556091594,3,47241,49,8142,2.4096146881678053,1545609257,4,46898,49,8126,2.5934113195974193,1558189096,2,47487,49,8040
1.9662469757523466,1549806480,9,47209,49,8100,2.5800459673849825,1560291280,7,47504,49,8138,2.2270505957334756,1558188496,3,47312,49,8117,1.5267489464201875,1549804181,5,47026,49,8107,2.5934113195974193,1558189096,2,47487,49,8040
2.5598571083461907,1558195243,10,47461,49,8098,1.7648023334081289,1547708488,7,47153,49,8084,2.4234911718834096,1556091802,2,47402,49,8175,1.9594100873519884,1556095810,5,47216,49,8158,2.9933323552081554,1547703047,2,47150,49,8180
1.77602614442521,1547708452,8,47130,49,8129,2.367386890309184,1556097136,7,47413,49,8099,2.2047126667866523,1558188311,2,47307,49,8120,1.6512855246479619,1551901457,5,47077,49,8132,3.1172569596104425,1549800478,1,47199,49,8078
1.77602614442521,1547708452,8,47130,49,8129,2.367386890309184,1556097136,7,47413,49,8099,2.6161582446829947,1564480354,3,47489,49,8150,2.328120422188501,1562386834,5,47377,49,8138,3.1172569596104425,1549800478,1,47199,49,8078
1.7169720209138932,1545611843,10,47102,49,8172,1.866184517493195,1549805693,7,47199,49,8113,2.6295197333832876,1558188756,3,47494,49,8164,2.4027815329881035,1545609816,4,46893,49,8141,2.6870439833791426,1560286248,1,47521,49,8157
1.7169720209138932,1545611843,10,47102,49,8172,1.866184517493195,1549805693,7,47199,49,8113,1.605289560750328,1549799875,3,47048,49,8189,1.552758120063466,1549804547,5,47035,49,8145,2.6870439833791426,1560286248,1,47521,49,8157
2.349950930724729,1556098054,9,47376,49,8153,2.7286524770437004,1562387477,6,47567,49,8107,2.5055970110680987,1564479998,3,47437,49,8164,2.3295480186804824,1545609416,5,46867,49,8123,2.6661316985446106,1560286183,1,47526,49,8130
2.349950930724729,1556098054,9,47376,49,8153,2.7286524770437004,1562387477,6,47567,49,8107,1.6639368589086272,1551897693,2,47073,49,10,1.7841828397455823,1553997566,4,47142,49,8156,2.6661316985446106,1560286183,1,47526,49,8130
2.4722434678284193,1556097765,9,47425,49,8117,2.4045139141494207,1556096751,7,47425,49,8105,1.5908053065602874,1549800363,3,47046,49,8153,1.756034123537569,1553998155,5,47122,49,8141,3.213642552888838,1551897549,2,47240,49,8085
2.4722434678284193,1556097765,9,47425,49,8117,2.4045139141494207,1556096751,7,47425,49,8105,1.7128936618602577,1545605875,3,47097,49,8182,1.969202564464589,1556095313,5,47216,49,8081,3.213642552888838,1551897549,2,47240,49,8085
2.403294635612822,1556098236,10,47397,49,8089,2.189813775735724,1553999570,7,47338,49,8154,1.642721694213777,1551897087,2,47065,49,8128,1.9560455577776052,1556094918,4,47209,49,8125,2.2760017108251116,1553994521,2,47361,49,8164
2.403294635612822,1556098236,10,47397,49,8089,2.189813775735724,1553999570,7,47338,49,8154,1.7700108486247594,1547702783,3,47121,49,8112,2.1466734619267926,1558192767,5,47292,49,8124,2.2760017108251116,1553994521,2,47361,49,8164
2.1302541636604437,1551903550,9,47282,49,8130,2.0211148674586425,1551903053,7,47264,49,8079,1.8869981982021107,1547702937,3,47174,49,8139,2.2009335545924844,1560289656,5,47320,49,8117,3.255154609787925,1551897174,1,47257,49,8087
2.587700946187899,1558195352,10,47477,49,8111,1.9398250913107649,1549805046,6,47229,49,8102,1.8790422791500503,1553995127,3,47172,49,8141,2.1071002082579002,1558192576,5,47272,49,8125,2.5586301652389563,1558188900,2,47478,49,8058
2.587700946187899,1558195352,10,47477,49,8111,1.9398250913107649,1549805046,6,47229,49,8102,2.027751064418346,1556091803,2,47234,49,8142,2.2238830444608673,1560289255,4,47327,49,8109,2.5586301652389563,1558188900,2,47478,49,8058
1.5915172143616076,1562389289,9,47564,49,8116,1.8182463910053237,1549804224,6,47181,49,8079,2.0025579363014474,1549800389,3,47225,49,8179,2.1727848713390774,1560288344,4,47300,49,8167,2.7007083535680567,1543508626,2,47029,49,8075
1.5915172143616076,1562389289,9,47564,49,8116,1.8182463910053237,1549804224,6,47181,49,8079,2.1578972826257083,1558188833,3,47286,49,8155,2.307211982045849,1560289274,5,47366,49,8107,2.7007083535680567,1543508626,2,47029,49,8075
1.8517058978900975,1547709754,10,47165,49,8129,1.791727905800026,1547708254,7,47169,49,8076,2.0925193239774877,1558188525,3,47255,49,8,2.2461187353962786,1560290090,5,47333,49,8079,2.874610714000681,1545606115,2,47100,49,8121
1.8517058978900975,1547709754,10,47165,49,8129,1.791727905800026,1547708254,7,47169,49,8076,2.170645332660317,1558188844,3,47297,49,20,2.3794249692899996,1545609334,4,46882,49,8120,2.874610714000681,1545606115,2,47100,49,8121
1.747875571086212,1547708796,9,47119,49,8132,1.6645410367393803,1545610602,7,47112,49,8059,1.8842452232861304,1547703088,2,47169,49,8143,1.87934342502666,1556095130,5,47187,49,8127,2.59891911844652,1560285912,2,47491,49,8122
1.747875571086212,1547708796,9,47119,49,8132,1.6645410367393803,1545610602,7,47112,49,8059,2.153512236612973,1558189039,3,47281,49,8090,2.366675033455087,1545609125,4,46881,49,8129,2.59891911844652,1560285912,2,47491,49,8122
1.8947477934261523,1549805356,8,47183,49,8187,1.57855949843217,1562388584,7,47587,49,8107,1.7478774094493927,1551897329,3,47114,49,8069,1.9462530764311365,1556095747,5,47211,49,8087,2.7420178482437754,1543508544,1,47040,49,8110
1.8947477934261523,1549805356,8,47183,49,8187,1.57855949843217,1562388584,7,47587,49,8107,2.0256096590329506,1549800475,3,47231,49,8164,2.438685441110925,1545609784,5,46903,49,8145,2.7420178482437754,1543508544,1,47040,49,8110
2.221845766801977,1554001422,10,47317,49,8144,2.5934074543025,1560290649,6,47509,49,8119,1.8424264572336362,1553995147,3,47155,49,8140,2.3211869156785685,1560289827,5,47367,49,8116,3.2069116377841915,1549799991,1,47234,49,8108
2.221845766801977,1554001422,10,47317,49,8144,2.5934074543025,1560290649,6,47509,49,8119,1.8092792605010972,1553994875,2,47136,49,5,2.4511286434380013,1545610056,5,46909,49,8099,3.2069116377841915,1549799991,1,47234,49,8108
2.1914515542296797,1554000714,10,47303,49,8146,2.4271566776139615,1558193561,7,47435,49,8112,1.698309039059162,1545605993,3,47088,49,6,2.3345484015299287,1560289395,5,47372,49,8076,2.158914046265209,1551897217,2,47301,49,8159
2.1914515542296797,1554000714,10,47303,49,8146,2.4271566776139615,1558193561,7,47435,49,8112,1.6958609330947774,1551897463,2,47082,49,8100,2.4560229853195352,1547706550,5,46917,49,8116,2.158914046265209,1551897217,2,47301,49,8159
2.16330098242271,1551900323,4,47291,49,8137,2.2368336365097337,1553999841,7,47354,49,8078,1.5699991101231014,1549800517,3,47028,49,8119,2.4190001103439616,1545610064,5,46896,49,8068,2.3439319080866348,1556091995,2,47383,49,8062
2.16330098242271,1551900323,4,47291,49,8137,2.2368336365097337,1553999841,7,47354,49,8078,1.5127796797894084,1549800429,3,47005,49,8159,2.6098324970653906,1547707297,5,46977,49,8113,2.3439319080866348,1556091995,2,47383,49,8062
1.876185226446501,1547708190,8,47170,49,8118,1.9919437897805288,1551901373,6,47251,49,8136,2.3446495056881447,1560285970,2,47361,49,8104,2.1770695487413847,1558191809,4,47300,49,8154,2.2151129462516352,1553994633,1,47326,49,8149
1.876185226446501,1547708190,8,47170,49,8118,1.9919437897805288,1551901373,6,47251,49,8136,2.5632254238162693,1564480219,3,47450,49,8183,1.5053292875259467,1549803297,4,47022,49,8121,2.2151129462516352,1553994633,1,47326,49,8149
2.1664629035968717,1551903919,10,47292,49,8135,1.8097811575513334,1547708082,7,47173,49,8138,2.388304852236492,1562382678,3,47373,49,8104,1.4213887884115495,1547705857,4,46981,49,8139,2.772718792290803,1545606142,1,47051,49,8133
2.080990670323259,1551903776,9,47258,49,8150,1.5753975882038622,1562387191,6,47583,49,8063,0,1558188670,2,47299,49,8124,1.5349093519752883,1549804284,5,47028,49,8158,2.962123982673303,1547702773,1,47130,49,8078
2.080990670323259,1551903776,9,47258,49,8150,1.5753975882038622,1562387191,6,47583,49,8063,2.162384576987875,1558189300,2,47284,49,8108,1.7277813131186024,1551900890,5,47113,49,8130,2.962123982673303,1547702773,1,47130,49,8078
1.9776696712128612,1549806160,9,47215,49,8,2.553527496087979,1558193563,6,47489,49,8101,2.006333291875427,1556091683,3,47214,49,8144,1.6701529572850387,1551901470,5,47094,49,8085,3.1520380940591064,1549800500,2,47212,49,8103
1.9776696712128612,1549806160,9,47215,49,8,2.553527496087979,1558193563,6,47489,49,8101,1.976755112008359,1556091655,3,47200,49,8191,1.8824068300340258,1553998331,5,47173,49,8182,3.1520380940591064,1549800500,2,47212,49,8103
1.9051518372051917,1549806480,9,47182,49,8140,2.383808062678372,1556096499,6,47417,49,8081,1.7953062173074241,1547702555,2,47123,49,8160,1.785612294238716,1553998556,5,47138,49,8121,3.325936186895447,1553994227,1,47299,49,8120
1.9051518372051917,1549806480,9,47182,49,8140,2.383808062678372,1556096499,6,47417,49,8081,1.7534874555152273,1551897344,3,47109,49,8172,2.024789896912605,1556095533,5,47241,49,8103,3.325936186895447,1553994227,1,47299,49,8120
1.813764715819502,1547708698,8,47142,49,8140,2.249379079882526,1553999252,6,47359,49,8135,1.5975362346936177,1549800605,2,47046,49,8079,1.940745272703197,1556095967,5,47210,49,8035,2.3252671039507398,1556092061,2,47374,49,8151
1.813764715819502,1547708698,8,47142,49,8140,2.249379079882526,1553999252,6,47359,49,8135,1.5089039580103694,1566577269,2,47515,49,8128,2.170847944146734,1558192780,5,47298,49,8133,2.3252671039507398,1556092061,2,47374,49,8151
1.736962211504938,1547709557,10,47111,49,8064,2.1164799349782637,1551902315,7,47302,49,8078,2.528648761698721,1564479948,3,47437,49,8160,2.1420839333094843,1558192906,5,47292,49,8130,0,1558189288,2,47466,49,8144
1.736962211504938,1547709557,10,47111,49,8064,2.1164799349782637,1551902315,7,47302,49,8078,2.4761210921921935,1562383740,3,47416,49,8158,2.299769153425815,1560289674,5,47354,49,8148,2.542720223274406,1558189288,2,47466,49,8144
1.6166081104115586,1562390046,10,47572,49,8133,1.987558750114261,1551902054,7,47246,49,8070,2.2216431663817837,1560285834,2,47311,49,8126,2.266211131209203,1560290064,5,47347,49,8077,2.6980595872665,1560286016,1,47527,49,8111
1.6166081104115586,1562390046,10,47572,49,8133,1.987558750114261,1551902054,7,47246,49,8070,2.1652397809072763,1558189200,3,47288,49,4,2.4643878845846277,1545609224,4,46916,49,8102,2.6980595872665,1560286016,1,47527,49,8111
2.749771226390459,1560292278,10,47542,49,8094,0,1549805534,7,47208,49,8130,1.9145372157977578,1553994365,3,47178,49,8158,2.454392806467245,1545610019,5,46910,49,8130,2.8640040685127475,1545606356,2,47092,4,8166
2.542517658309586,1558195238,9,47454,49,8066,1.6574011675036104,1545611060,7,47107,49,8110,2.4363433553063905,1562383518,3,47397,49,8161,1.5789717727197587,1549804129,5,47045,49,8162,3.0231150023813655,1549800014,1,47163,49,8092
2.542517658309586,1558195238,9,47454,49,8066,1.6574011675036104,1545611060,7,47107,49,8110,2.343731225994717,1560286160,3,47361,49,8141,1.8686363965463038,1553998614,5,47173,49,8079,3.0231150023813655,1549800014,1,47163,49,8092
2.197673154847166,1554000930,10,47307,49,8121,2.7560898054961633,1562388550,7,47575,49,8089,2.0221428965985164,1556092181,3,47218,49,8104,2.091390956373354,1558193359,5,47277,49,8169,2.8737946763873143,1545605881,2,47099,49,8079
2.1169949223452003,1551903652,10,47274,49,8062,2.702134006597361,1560291119,7,47552,49,8105,1.6716883178833284,1545605939,2,47070,49,8137,2.325570047025813,1545609375,5,46869,49,8121,3.1489784162936414,1549800226,1,47209,49,8135
2.3181291253502563,1554001060,10,47358,49,8175,2.6676595951126347,1560290309,6,47538,49,8111,2.633395467215881,1564480246,2,47489,49,8182,2.335362541357207,1545608772,4,46869,49,8182,2.54435230900384,1558189179,2,47465,49,8095
2.3181291253502563,1554001060,10,47358,49,8175,2.6676595951126347,1560290309,6,47538,49,8111,2.520997664339175,1564480335,3,47439,49,8186,1.4243462250970198,1549804078,5,46985,49,8064,2.54435230900384,1558189179,2,47465,49,8095
1.9144331217580048,1549805734,8,47188,49,8137,2.67938899727934,1560291308,7,47543,49,8062,2.078137333672958,1556091370,3,47245,49,8191,2.3185343059532784,1560289069,4,47370,49,8120,2.41165572377359,1556091381,2,47414,49,8104
2.1059793184515985,1551903646,10,47270,49,8126,2.704989186334181,1562386933,6,47556,49,8120,2.012452660537839,1556092151,2,47217,49,8158,1.8338552726046797,1553998861,5,47163,49,8103,3.0299500498541403,1547702870,2,47160,49,8170
2.1059793184515985,1551903646,10,47270,49,8126,2.704989186334181,1562386933,6,47556,49,8120,1.8978093405702408,1547703066,2,47173,49,8124,2.153915575144242,1558191730,4,47297,49,8120,3.0299500498541403,1547702870,2,47160,49,8170
1.958800383882718,1549806040,9,47209,49,8147,1.5551007027962156,1562388172,7,47574,49,8097,1.7001437607768901,1551897959,3,47087,49,8169,2.1631949711853604,1560289719,5,47310,49,8093,3.2946256121980078,1551896986,1,47277,49,8154
1.958800383882718,1549806040,9,47209,49,8147,1.5551007027962156,1562388172,7,47574,49,8097,1.5881527122421328,1543508896,2,47041,49,8174,2.4472510110888033,1547706648,5,46917,49,8162,3.2946256121980078,1551896986,1,47277,49,8154
1.7660310552751581,1547709429,9,47123,49,4,1.5714196300349244,1562387507,6,47582,49,8142,2.555576225068395,1558188433,3,47444,49,8126,2.5272154422717676,1547706917,4,46949,49,8081,2.3709616104515847,1556091582,1,47389,49,8134
1.5878459823878284,1560291409,9,47558,49,8163,1.6430191737466642,1545610661,7,47104,49,8110,2.1385186813187724,1551897097,2,47269,49,33,2.0410084515307383,1556095501,5,47244,49,8120,2.7278403193302934,1543508777,1,47034,49,8146
2.529053927000022,1558195141,9,47450,49,8117,1.6605630994283775,1545610704,7,47104,49,8025,1.9021962449181753,1553994687,3,47170,49,8129,2.046616619730347,1558192063,5,47253,49,8114,3.0208713627808996,1547703435,2,47161,49,8093
2.529053927000022,1558195141,9,47450,49,8117,1.6605630994283775,1545610704,7,47104,49,8025,1.805403547611069,1553994592,3,47127,49,8123,2.3555571798054116,1545609646,5,46880,49,8130,3.0208713627808996,1547703435,2,47161,49,8093
2.2903856298412486,1553999585,8,47350,49,8105,1.6433258972395888,1545611351,7,47097,49,8053,1.588254954011972,1549800438,3,47040,49,8124,2.443172711649482,1545610091,5,46909,49,8078,3.333689543468294,1551897213,2,47294,49,8119
1.7193179057996926,1545611724,9,47101,49,8126,1.5761114032535897,1562388097,6,47580,49,8082,2.2838610773482677,1560286430,3,47332,49,8098,1.8711848889674634,1553996988,4,47181,49,8109,3.2938114768006725,1551896971,1,47269,49,8173
1.7236007271779954,1545611745,9,47107,49,8155,1.6433258972395888,1545610013,6,47097,49,8112,1.8937291446286484,1553994342,2,47173,49,8073,2.213887953219278,1560289960,5,47325,49,8121,2.7533401978233,1545605578,1,47040,49,8155
2.634720813699123,1560292337,10,47494,49,8114,1.660460862538446,1545610557,6,47105,49,8117,1.6744431324916251,1551897496,2,47067,49,8144,2.3068067939279073,1560289539,4,47358,49,8129,3.0425958474363153,1547703148,2,47172,49,8142
2.634720813699123,1560292337,10,47494,49,8114,1.660460862538446,1545610557,6,47105,49,8117,1.543480618388436,1549800251,2,47015,49,8151,1.4119030192846114,1547706691,5,,49,8142,3.0425958474363153,1547703148,2,47172,49,8142
2.3534195816181174,1556097713,9,47372,49,8093,1.685958835170647,1547707391,6,47119,49,8091,2.4969272975389862,1556091764,3,47427,49,8129,1.4799335629585975,1549804804,5,47009,49,8071,3.24750541393175,1551897499,2,47251,49,8115
2.3534195816181174,1556097713,9,47372,49,8093,1.685958835170647,1547707391,6,47119,49,8091,2.347402465624833,1560285889,3,47365,49,8171,1.816720305202014,1553998940,5,47155,49,8144,3.24750541393175,1551897499,2,47251,49,8115
1.7471617720120511,1547709535,10,47116,49,8101,1.7092150241375679,1547708315,7,47123,49,8102,1.8874071546571483,1553994545,2,47163,49,8080,1.5595912655448598,1549802958,4,47045,49,8127,3.1312318928171012,1549800435,2,47199,49,14
1.7471617720120511,1547709535,10,47116,49,8101,1.7092150241375679,1547708315,7,47123,49,8102,1.956355985111681,1556091677,3,47191,49,8187,2.2892628600722023,1560289995,5,47355,49,8167,3.1312318928171012,1549800435,2,47199,49,14
1.804381189873058,1547708320,8,47139,49,8155,1.8309963325452159,1549805155,7,47177,49,8127,1.729212607152832,1551897622,2,47098,49,8146,2.416654222410063,1545609839,5,46898,49,8115,2.5742352908616546,1558188858,1,47484,49,8132
1.804381189873058,1547708320,8,47139,49,8155,1.8309963325452159,1549805155,7,47177,49,8127,1.5928444743854997,1549800100,2,47043,49,8078,1.5697908299652417,1549803476,4,47049,49,8097,2.5742352908616546,1558188858,1,47484,49,8132
1.5995753913449295,1562388764,8,47561,49,8111,1.964609277673974,1549804843,6,47235,49,8096,2.4490932850469105,1562383126,2,47400,49,8135,2.100265154330876,1558192461,4,47280,49,8049,2.940908817060532,1547703197,1,47121,49,8146
2.590046835550094,1558195579,10,47474,49,8117,2.147996917217418,1553999480,7,47309,49,8080,2.2014485178531307,1558188565,3,47300,49,8083,2.1975690265213688,1560289851,5,47318,49,8116,3.2980904405152303,1551897178,1,47291,49,8103
2.4178792437266203,1556098153,9,47402,49,8182,2.4298074194480357,1556096396,7,47427,49,8070,1.9057652612022056,1553994458,3,47174,49,8120,2.031725292685673,1558192205,5,47248,49,8102,2.639310312034965,1560285518,1,47506,49,8122
2.372798191200219,1556098220,10,47380,49,8112,1.6246611115033776,1545611158,6,47081,49,8094,1.7437972303032347,1545605574,2,47106,49,8164,2.218886435581749,1560289887,5,47325,49,8120,3.247198675898898,1551897287,1,47258,49,8167
2.372798191200219,1556098220,10,47380,49,8112,1.6246611115033776,1545611158,6,47081,49,8094,1.7476729538175375,1551897062,3,47108,49,8176,1.5055337649487328,1549803793,5,47023,49,8136,3.247198675898898,1551897287,1,47258,49,8167
2.353215102619307,1556097933,9,47372,49,8169,2.154116297458665,1553999219,7,47306,49,8090,1.6181398528350948,1549800101,3,47050,49,8140,1.7409364616656573,1553997953,5,47131,49,8097,2.778838138655435,1545606209,2,47058,49,8130
2.353215102619307,1556097933,9,47372,49,8169,2.154116297458665,1553999219,7,47306,49,8090,1.6837244258609627,1551897129,3,47071,49,8157,2.308232494583789,1560289729,5,47369,49,8140,2.778838138655435,1545606209,2,47058,49,8130
2.1031241188105767,1551904019,10,47264,49,8075,2.7370155042965396,1562386990,6,47559,49,8033,2.494376933288061,1562383041,3,47427,49,8183,2.169009493848172,1560289164,5,47310,49,8143,3.309823660446639,1551897730,2,47284,49,8090
2.1031241188105767,1551904019,10,47264,49,8075,2.7370155042965396,1562386990,6,47559,49,8033,1.5927422343530706,1551897011,3,47043,49,8176,1.9776677965514373,1556096168,5,47226,49,8118,3.309823660446639,1551897730,2,47284,49,8090
2.5119189665122748,1558194628,8,47440,49,8134,2.3042526482565497,1556096651,7,47370,49,8114,1.5334855353532706,1549800349,3,47008,49,8146,2.231024803256445,1560289632,4,47326,49,8180,3.2950326673031736,1551897416,2,47285,49,8105
2.5119189665122748,1558194628,8,47440,49,8134,2.3042526482565497,1556096651,7,47370,49,8114,1.5990660784456046,1549800102,3,47045,49,8161,1.6945300312903209,1551900990,5,47106,49,8124,3.2950326673031736,1551897416,2,47285,49,8105
2.6800063530905742,1560292540,9,47512,49,8143,1.873119963403019,1549805559,7,47189,49,8093,1.5294053325168888,1549800547,3,47008,49,8186,2.0092851290459355,1556094886,5,47244,49,8121,3.045757758653453,1549799995,1,47177,49,8134
2.6800063530905742,1560292540,9,47512,49,8143,1.873119963403019,1549805559,7,47189,49,8093,1.6395595087003947,1551897070,3,47056,49,42,1.520220605394296,1549804209,5,47031,49,8135,3.045757758653453,1549799995,1,47177,49,8134
1.734616332651501,1545612130,9,47109,49,8115,2.743543845890653,1562387978,7,47559,49,8087,1.5906008368949662,1549800262,2,47040,49,8145,1.8603737626441055,1553997888,5,47175,49,8153,2.856659700705025,1547702699,1,47095,49,8161
1.734616332651501,1545612130,9,47109,49,8115,2.743543845890653,1562387978,7,47559,49,8087,1.7229910038973018,1551897270,2,47094,49,8142,2.527115110481397,1547706352,4,46942,49,8118,2.856659700705025,1547702699,1,47095,49,8161
2.0225481253986484,1549806272,10,47230,49,8125,2.5130360110848584,1558193694,6,47459,49,8093,1.8859777007140628,1547703142,2,47168,49,8118,2.4665292758586292,1545608347,4,46920,49,8125,2.7158041659066603,1543508666,1,47036,49,8170
2.3468912611306623,1556097337,8,47369,49,8168,2.3095559642463903,1556096731,7,47374,49,8098,1.8828157805282997,1553994703,2,47167,49,8160,1.7027926583310116,1551900827,4,47104,49,8093,2.6335980178030614,1560286060,2,47506,49,8069
2.3468912611306623,1556097337,8,47369,49,8168,2.3095559642463903,1556096731,7,47374,49,8098,2.053249056705408,1558188681,3,47240,49,8158,2.464694612175884,1545609654,5,46914,49,8124,2.6335980178030614,1560286060,2,47506,49,8069
2.7902627595499796,1562388003,8,47558,49,8130,2.3191439723301612,1556096599,7,47376,49,8099,2.1522872546181104,1558188682,2,47277,49,8122,1.7282924869116154,1551900476,4,47110,49,8163,2.6528743701847777,1543508441,1,47005,49,8130
2.247445980413223,1554000485,8,47328,49,8137,2.5143613530095634,1558194294,7,47464,49,8088,2.6555289414069687,1564480778,2,47488,49,8109,1.8725121165052832,1553998394,5,47176,49,8072,2.78434634302945,1545605858,1,47064,49,8094
2.247445980413223,1554000485,8,47328,49,8137,2.5143613530095634,1558194294,7,47464,49,8088,1.8155008887443762,1547702909,3,47124,49,8057,1.5523491398602716,1549803971,5,47043,49,8027,2.78434634302945,1545605858,1,47064,49,8094
1.8195773789985588,1547709425,9,47147,49,8118,1.6431214396063867,1545609722,6,47094,49,8131,2.0243865529471563,1556091644,2,47212,49,8144,2.107202438641834,1558192107,5,47275,49,8122,2.999860657353608,1547703344,2,47159,49,8156
1.8195773789985588,1547709425,9,47147,49,8118,1.6431214396063867,1545609722,6,47094,49,8131,2.408295034253774,1562383491,3,47376,49,2,1.7893857752488218,1553998175,4,47143,49,8130,2.999860657353608,1547703344,2,47159,49,8156
2.3712683531465815,1556097086,8,47378,49,8073,1.967057413621671,1549804399,6,47230,49,8072,2.3667810876813995,1560285687,3,47367,49,6,1.986541998503762,1556095540,5,47226,49,8137,2.8537022491960244,1547702754,2,47096,49,8158
2.3712683531465815,1556097086,8,47378,49,8073,1.967057413621671,1549804399,6,47230,49,8072,1.8862844215959438,1553994846,2,47158,49,8174,2.0941457952479436,1558193177,5,47275,49,8127,2.8537022491960244,1547702754,2,47096,49,8158
2.438992174034083,1556097967,10,47410,49,8152,2.572294567482318,1558193703,7,47488,49,8079,2.6492070018962695,1564480874,2,47478,49,8101,2.4624509743937972,1545609388,4,46912,49,8139,2.377488020768368,1556091914,2,47405,49,8128
2.3243507336278855,1554000366,9,47358,49,8136,1.9519616114690608,1549805006,7,47226,49,8092,1.6931061314857347,1551897406,2,47076,49,8136,1.865576711270465,1553997770,4,47172,49,8167,2.7541542899739615,1545606180,2,47056,49,8152
2.3243507336278855,1554000366,9,47358,49,8136,1.9519616114690608,1549805006,7,47226,49,8092,2.21052533861509,1558188843,2,47299,49,8134,1.5598960939189184,1551901303,5,47049,49,8090,2.7541542899739615,1545606180,2,47056,49,8152
2.2277606521504003,1554001084,10,47321,49,8119,2.6020772172115336,1560290820,7,47500,49,8078,1.8880187351551296,1553994752,3,47157,49,8119,2.021116774548434,1558192512,5,47247,49,8090,3.1587670912366286,1549800300,2,47233,49,8081
1.951253421059645,1549806478,9,47200,49,8123,1.9996952594099358,1551901946,7,47246,49,8118,1.9710428513050025,1556091547,2,47191,49,8144,2.3333233836239153,1545608651,4,46867,49,8094,3.238937914167457,1551897416,2,47255,49,8090
2.37198215235778,1556098219,10,47379,49,8144,1.7551121345503837,1547708279,7,47140,49,8096,2.0394804965074846,1556091951,2,47224,49,8130,2.020607450344122,1556095036,5,47245,49,8179,2.861963012624201,1545606045,2,47103,49,8085
2.37198215235778,1556098219,10,47379,49,8144,1.7551121345503837,1547708279,7,47140,49,8096,2.68082432330622,1566577337,3,47496,49,8121,1.8615968877501594,1553997547,4,47180,49,8129,2.861963012624201,1545606045,2,47103,49,8085
2.5352755304088768,1558194999,9,47452,49,2,2.6424664872137016,1560291473,7,47520,49,8125,1.9133122473388406,1547702822,2,47173,49,8134,2.55057391668197,1547707282,5,46953,49,8121,2.1480006667321816,1553994590,2,47303,49,8128
2.5352755304088768,1558194999,9,47452,49,2,2.6424664872137016,1560291473,7,47520,49,8125,2.5542489844415277,1558188423,2,47441,49,16,2.406045685220333,1545609178,4,46898,49,8104,2.1480006667321816,1553994590,2,47303,49,8128
2.4609211391055172,1556097314,9,47421,49,8155,2.2977243126615257,1556096421,7,47372,49,8073,1.537870587203992,1549800106,2,47006,49,8113,1.4365830431712003,1549803651,5,47003,49,8124,2.271616658506977,1553994473,2,47363,49,6
2.4609211391055172,1556097314,9,47421,49,8155,2.2977243126615257,1556096421,7,47372,49,8073,2.468676386173367,1556091536,2,47401,49,8119,1.7037109304580462,1551900596,4,47104,49,8128,2.271616658506977,1553994473,2,47363,49,6
1.920654727257442,1549806856,10,47190,49,8124,2.2959899868819287,1556096797,7,47373,49,8071,1.6369069121647166,1549800001,2,47052,49,8095,2.2862012851798297,1560289364,4,47361,49,8171,3.1556089685982216,1549800503,2,47216,49,8085
1.920654727257442,1549806856,10,47190,49,8124,2.2959899868819287,1556096797,7,47373,49,8071,2.3317992325637196,1560286194,2,47343,49,8178,2.1103643573968847,1558192420,4,47277,49,8071,3.1556089685982216,1549800503,2,47216,49,8085
2.3897286707067953,1556098238,10,47391,49,8156,2.29201202400275,1556096640,7,47372,49,8050,2.702957781418582,1566577177,2,47504,49,8136,1.5261354774662432,1549804389,5,47037,49,8119,2.4034952881274103,1556091737,2,47422,49,8100
2.3897286707067953,1556098238,10,47391,49,8156,2.29201202400275,1556096640,7,47372,49,8050,2.1283191274556703,1558189130,3,47258,49,8133,2.5551615178687506,1547706653,4,46964,49,8115,2.4034952881274103,1556091737,2,47422,49,8100
1.7323726849056607,1545611751,9,47108,49,8124,2.3580034059190247,1556096379,6,47397,49,8085,2.5092682719790464,1545605865,2,46915,49,8102,1.9770562342849525,1556096196,5,47224,49,8158,2.8970508631086327,1547703086,2,47111,49,8153
1.7323726849056607,1545611751,9,47108,49,8124,2.3580034059190247,1556096379,6,47397,49,8085,1.9140260481549325,1547702545,2,47175,49,8128,1.7277794540645666,1553998269,5,47124,49,8117,2.8970508631086327,1547703086,2,47111,49,8153
1.9285084094807736,1549805894,8,47193,49,8122,2.251520502588296,1554000009,7,47353,49,8068,2.0526375041482567,1556091883,2,47232,49,9,1.9950072405418673,1556095793,5,47232,49,8091,2.9761954765615317,1547702971,1,47159,49,8133
1.9285084094807736,1549805894,8,47193,49,8122,2.251520502588296,1554000009,7,47353,49,8068,1.7236044162081952,1551897331,3,47082,49,8180,2.156056972568908,1558192793,5,47301,49,8112,2.9761954765615317,1547702971,1,47159,49,8133
2.4423585770397387,1556097662,9,47411,49,8096,2.164009128870731,1553999608,7,47315,49,8071,2.6160579343364105,1564480595,3,47468,49,8121,1.4084343711913938,1547705901,4,46983,49,8154,2.2318370306661373,1553994316,1,47353,49,8143
1.7666426248941356,1547709651,10,47124,49,8169,2.1200489585704974,1551902509,7,47298,49,8130,2.6892895604343634,1566577371,3,47502,49,16,1.668011540379417,1551901499,5,47094,49,8079,2.7716982397765744,1545605902,2,47060,49,8097
1.7666426248941356,1547709651,10,47124,49,8169,2.1200489585704974,1551902509,7,47298,49,8130,2.284677128647441,1560286084,2,47325,49,8120,1.8460958599228505,1553998303,5,47164,49,8118,2.7716982397765744,1545605902,2,47060,49,8097
2.6440020949724343,1560291991,9,47498,49,8139,2.1162754799171775,1551902653,7,47295,49,8075,2.6044307713807724,1564480387,3,47462,49,8177,2.4746896858002296,1545609442,5,46922,49,8141,2.4621442170379733,1558189244,2,47439,49,8127
2.6440020949724343,1560291991,9,47498,49,8139,2.1162754799171775,1551902653,7,47295,49,8075,1.9776733991502657,1549800252,3,47191,49,8127,2.3213913902395653,1560288860,4,47369,49,8155,2.4621442170379733,1558189244,2,47439,49,8127
1.7752101097177897,1547709159,9,47128,49,8123,1.9269729672131595,1549805783,7,47215,49,8090,1.6075313310785004,1549800197,2,47044,49,8132,1.557957275220288,1551900581,4,47054,49,8090,2.668070498939296,1543508504,1,47020,49,8158
2.734573165782949,1560292605,10,47537,49,8116,1.9707286545527816,1549805267,7,47234,49,8103,2.519467837413901,1562383170,3,47431,49,8141,2.155038331555229,1558193002,5,47296,49,8180,2.5516966671903183,1558188965,1,47473,49,8095
2.213889845387304,1554001100,10,47314,49,8158,1.9758293748538132,1549804457,6,47232,49,8097,1.6449650798769886,1551897109,2,47053,49,8111,1.588658691160747,1551901297,5,47065,49,8158,3.171212196291901,1551897328,2,47231,49,8119
2.213889845387304,1554001100,10,47314,49,8158,1.9758293748538132,1549804457,6,47232,49,8097,2.2439811064386457,1560285720,3,47309,49,8154,1.4206730876362543,1549803608,5,46992,49,8102,3.171212196291901,1551897328,2,4721,49,8119
1.7301290410995163,1545612299,10,47105,49,8127,1.9748088395369126,1549804550,6,47239,49,8088,2.599841250185872,1564481006,3,47460,49,8160,2.148203287393217,1558191683,4,47299,49,8087,2.5764789055189468,1560286093,1,47494,49,8169
1.7301290410995163,1545612299,10,47105,49,8127,1.9748088395369126,1549804550,6,47239,49,8088,2.031729047529841,1556092007,2,47222,49,8157,2.00918288659376,1558192418,5,47246,49,8172,2.5764789055189468,1560286093,1,47494,49,8169
2.460105100000798,1556097963,10,47420,49,8177,2.0679302571185696,1551902820,7,47278,49,8097,1.8962795095779421,1547702846,2,47166,49,8141,1.3859979701205312,1547706099,4,46964,49,8095,3.1120539642979423,1549800401,2,47211,49,8145
1.6838229904573798,1545612373,9,47087,49,18,2.038963651424978,1551902712,7,47266,49,8122,2.0549833833847013,1556092043,3,47234,49,8181,1.5884556307586264,1551900942,5,47059,49,8158,3.022707906933568,1547703205,2,47167,49,8127
1.6838229904573798,1545612373,9,47087,49,18,2.038963651424978,1551902712,7,47266,49,8122,1.7693974614339893,1551896961,2,47114,49,8135,1.8624147864854799,1553998344,5,47173,49,8129,3.022707906933568,1547703205,2,47167,49,8127
2.7329410813808646,1560291676,9,47537,49,8144,2.3939053940549475,1556097154,7,47418,49,8067,2.2075678923196023,1558189363,3,47298,49,8122,2.463367348674638,1545609333,5,46921,49,8087,2.2718211432461413,1553994701,1,47361,49,0
2.7329410813808646,1560291676,9,47537,49,8144,2.3939053940549475,1556097154,7,47418,49,8067,1.6601631311777012,1545605513,2,47057,49,8115,2.2969120572781696,1560290224,5,47361,49,8078,2.2718211432461413,1553994701,1,47361,49,0
1.9136170865957634,1549806550,9,47186,49,8130,2.5208896733994783,1558194465,7,47469,49,8133,1.7932652120020363,1553994500,3,47120,49,8140,2.436542131691597,1545609306,5,46912,49,8186,2.902251945438151,1547703243,2,47116,49,8122
1.9136170865957634,1549806550,9,47186,49,8130,2.5208896733994783,1558194465,7,47469,49,8133,2.7033667545836284,1566577376,3,47501,49,8189,1.3972142809090935,1547705880,4,46982,49,8112,2.902251945438151,1547703243,2,47116,49,8122
1.7603187874097181,1547709565,10,47121,49,8083,1.8016207734728469,1547708149,7,47169,49,8112,1.9026033498884036,1553994712,2,47168,49,8150,1.9248352915740983,1556095158,4,47201,49,8057,3.007407616312032,1547702877,1,47165,49,8127
1.7603187874097181,1547709565,10,47121,49,8083,1.8016207734728469,1547708149,7,47169,49,8112,2.4992731892710376,1562383422,2,47422,49,8147,1.5510218770484443,1549803565,5,47050,49,8155,3.007407616312032,1547702877,1,47165,49,8127
2.225007690219022,1554001481,10,47317,49,8160,2.0238678469753597,1551902830,7,47262,49,8062,2.542724059890351,1558188361,2,47436,49,8108,1.6579142142750412,1551900563,4,47089,49,8109,2.2483604373767108,1556091303,1,47359,49,8133
2.225007690219022,1554001481,10,47317,49,8160,2.0238678469753597,1551902830,7,47262,49,8062,2.1743184718631685,1558189143,3,47280,49,8150,1.576012431091704,1549803771,5,47052,49,8045,2.2483604373767108,1556091303,1,47359,49,8133
2.2131760452310814,1554000508,9,47313,49,8113,2.675411044140832,1560291712,7,47538,49,8149,2.4924400299609673,1562383503,3,47417,49,8121,1.9501287902553999,1556095337,4,47216,49,8116,2.168297554114565,1553994770,2,47312,49,8142
2.2131760452310814,1554000508,9,47313,49,8113,2.675411044140832,1560291712,7,47538,49,8149,1.758688564469252,1551897570,3,47107,49,8142,1.43342301843715,1549803597,4,46994,49,8130,2.168297554114565,1553994770,2,47312,49,8142
2.7947500268843655,1562388632,8,47563,49,8150,1.7877499684480773,1547708447,7,47161,49,8140,1.7770485133121556,1545605381,2,47111,49,8100,1.3852803968025869,1547706415,5,46978,49,8101,2.39911025847643,1556091437,2,47417,49,8189
2.7947500268843655,1562388632,8,47563,49,8150,1.7877499684480773,1547708447,7,47161,49,8140,2.506922389064138,1556091366,2,47427,49,8090,2.4622445779382556,1547706546,5,46923,49,8155,2.39911025847643,1556091437,2,47417,49,8189
1.7221731243857124,1545611894,9,47103,49,8133,2.4524501593860704,1558193890,7,47444,49,8087,1.6033507751077718,1549800618,3,47038,49,8099,1.605998132395211,1551901324,5,47070,49,8117,2.1619737113068926,155393866,1,47310,49,8082
2.757318178443546,1560292435,10,47546,49,8110,1.7682691208403987,1547708291,7,47153,49,8040,2.297122208423168,1560285695,2,47324,49,8147,2.5772949760764132,1547707271,5,46971,49,8144,2.7085620275085303,1543508493,1,47036,49,8158
2.757318178443546,1560292435,10,47546,49,8110,1.7682691208403987,1547708291,7,47153,49,8040,1.5455197869547421,1566577284,2,47525,49,8174,2.001128473870618,1556095564,5,47228,49,8092,2.7085620275085303,1543508493,1,47036,49,8158
2.4046199993695265,1556098185,10,47396,49,8165,2.234487765356339,1553999599,7,47350,49,8054,2.7014279403130144,1566577676,3,47504,49,18,1.8795497566483064,1556095036,5,47180,49,8107,2.9113306342414536,1547702879,2,47112,49,8095
2.4046199993695265,1556098185,10,47396,49,8165,2.234487765356339,1553999599,7,47350,49,8054,2.1455563341808244,1558188995,2,47266,49,8142,1.729924562401143,1551901425,5,47111,49,8105,2.9113306342414536,1547702879,2,47112,49,8095
2.403906200560076,1556097189,8,47395,49,8154,1.6499545874137882,1545609760,6,47105,49,8082,2.0596751455280744,1556091470,2,47236,49,8164,1.6052843290195413,1551901070,5,47069,49,8118,3.3287932805560376,1553994387,1,47299,49,8159
2.403906200560076,1556097189,8,47395,49,8154,1.6499545874137882,1545609760,6,47105,49,8082,2.6775601531449365,1564479780,3,47498,49,8172,1.431383862742488,1547706842,5,46990,49,8124,3.3287932805560376,1553994387,1,47299,49,8159
2.5214047335796645,1558195526,10,47443,49,8152,2.3605537556763014,1556096956,7,47402,49,8117,2.6184038138601107,1564480715,3,47470,49,20,2.52364453783125,1547707116,5,46953,49,8101,2.607181773896972,1560286071,2,47494,49,8165
2.5214047335796645,1558195526,10,47443,49,8152,2.3605537556763014,1556096956,7,47402,49,8117,2.060797898088678,1556091894,3,47233,49,8102,2.3149634086313795,1562386367,5,47375,49,8166,2.607181773896972,1560286071,2,47494,49,8165
2.667460906439356,1560292385,9,47507,49,8161,1.832117214558068,1549804287,6,47183,49,8094,1.9741025320472492,1556091758,3,47195,49,30,2.259887283031084,1560289307,4,47347,49,8146,3.016281830057932,1549800139,1,47163,49,8071
2.667460906439356,1560292385,9,47507,49,8161,1.832117214558068,1549804287,6,47183,49,8094,2.658283793706565,1564480707,2,47487,49,8158,2.07119630575564,1558192923,5,47269,49,8076,3.016281830057932,1549800139,1,47163,49,8071
1.67892675892852,1545612802,10,47087,49,8108,2.628595679498155,1560291429,7,47518,49,8069,2.5644485470090257,1564480366,2,47447,49,8132,2.0114265301743206,1556095451,5,47247,49,8110,2.3718779820114806,1556092229,2,47401,49,8111
1.67892675892852,1545612802,10,47087,49,8108,2.628595679498155,1560291429,7,47518,49,8069,2.044070017596898,1556092057,2,47229,49,8186,1.851296949516122,1553998376,5,47169,49,8148,2.3718779820114806,1556092229,2,47401,49,8111
1.9135148493406153,1549806925,10,47187,49,8095,2.209294636308059,1553998524,6,47341,49,8049,2.672766146947378,1564480037,3,47497,49,8172,1.707993748838758,1551900315,4,47110,49,8119,2.899192271374392,1547703140,2,47111,49,8095
2.5180383245954268,1558194307,8,47444,49,8135,2.0171369246419095,1551902651,7,47257,49,8102,1.7114660741848937,1551897460,2,47082,49,8119,2.1337209259690004,1558192719,5,47288,49,8139,2.6154425201311127,1560285709,1,47501,49,8099
2.5180383245954268,1558194307,8,47444,49,8135,2.0171369246419095,1551902651,7,47257,49,8102,2.072527303846077,1549799931,3,47238,49,8170,1.650569865176904,1551901506,5,47089,49,8034,2.6154425201311127,1560285709,1,47501,49,8099
1.6452683834022985,1562389569,10,47587,49,4,1.6633160675801153,1545610801,7,47110,49,8071,2.2294968623565867,1560285509,2,47307,49,8176,2.039170016707529,1558191838,4,47255,49,8070,3.2044635057126545,1551897273,2,47238,49,8113
1.6452683834022985,1562389569,10,47587,49,4,1.6633160675801153,1545610801,7,47110,49,8071,2.6579770626795263,1564480441,3,47490,49,8135,1.6608716625010593,1551900343,4,47092,49,8081,3.2044635057126545,1551897273,2,47238,49,8113
0,1547709647,10,47133,49,8094,2.4126724342501555,1556096543,7,47427,49,8110,2.633192899049756,,,,,8177,1.7105422506174854,,5,47117,49,8064,2.338425993135795,1556091732,2,47377,49,8073
1.7845936313075272,1547709647,10,47133,49,8094,2.4126724342501555,1556096543,7,47427,49,8110,2.075893693374893,1549799978,3,47241,49,8170,1.7393043832459378,1553997957,5,47131,49,8168,2.338425993135795,1556091732,2,47377,49,8073
2.3631079376216393,1556098232,9,47381,49,8150,2.2273478844207992,1554000165,7,47347,49,8091,2.0738526627195335,1558188512,3,47245,49,8139,1.8372198039282182,1553997163,4,47171,49,8120,3.058712164540453,1549800363,2,47180,49,8132
2.3631079376216393,1556098232,9,47381,49,8150,2.2273478844207992,1554000165,7,47347,49,8091,1.5988615963664743,1549800428,2,47046,49,12,1.8819960121698587,1556094864,4,47188,49,8111,3.058712164540453,1549800363,2,47180,49,8132
2.1604439002292484,1551903467,9,47296,49,8167,2.29099147884694,1556096696,7,47379,49,8144,1.901277973085425,1553994461,3,47169,49,3,2.4451096155667345,1545609794,5,46915,49,8140,3.064526690914456,1549800266,2,47179,49,8093
2.1604439002292484,1551903467,9,47296,49,8167,2.29099147884694,1556096696,7,47379,49,8144,2.354746835223333,1560285791,2,47363,49,8124,2.130865724530952,1558192167,4,47284,49,8073,3.064526690914456,1549800266,2,47179,49,8093
2.483461661435597,1558194841,9,47433,49,8117,2.0397796918227256,1551902037,6,47258,49,8062,2.3546445944195127,1560285762,3,47364,49,8104,2.281102451432257,1560290069,5,47355,49,10,2.3724895342562817,1556091640,1,47404,49,8140
2.483461661435597,1558194841,9,47433,49,8117,2.0397796918227256,1551902037,6,47258,49,8062,1.9332020335502509,1553994180,3,47184,49,8182,2.3431158765563596,1545610071,5,46867,49,8144,2.3724895342562817,1556091640,1,47404,49,8140
1.9664495900279753,1549806182,9,47214,49,8124,2.0654821356214157,1551902640,7,47278,49,8103,2.000621020850984,1556091775,2,47211,49,8146,1.4026217347951375,1547706193,4,46976,49,8110,3.296564412342098,1551897612,2,47280,49,8155
1.9664495900279753,1549806182,9,47214,49,8124,2.0654821356214157,1551902640,7,47278,49,8103,1.586113559497878,1549800430,3,47035,49,8095,1.4875827597970994,1549803674,4,47015,49,8156,3.296564412342098,1551897612,2,47280,49,8155
2.6634829373634483,1560291185,8,47508,49,8123,2.1357563062710763,1553999766,7,47309,49,8116,1.6306853012243316,1551897181,3,47054,49,8146,1.709830298434138,1551901247,5,47108,49,8103,3.0121997313090727,1547703005,1,47172,49,8129
2.6634829373634483,1560291185,8,47508,49,8123,2.1357563062710763,1553999766,7,47309,49,8116,2.4788740511630545,1556091479,3,47418,49,8141,1.804174859691827,1553998722,5,47151,49,8103,3.0121997313090727,1547703005,1,47172,49,8129
2.274984986211347,1553997487,4,47341,49,8118,2.352495588020145,1556097359,7,47400,49,8120,2.2083839253385196,1558188417,2,47302,49,8114,2.1547316131561494,1558192020,4,47298,49,8145,2.7905679503231164,1545606175,2,47065,49,8125
1.8831206302860015,1549806343,10,47175,49,8124,2.6137043575935266,1560290012,6,47511,49,8092,2.356174434865567,1560286209,2,47365,49,8124,2.3361785798024384,1545608696,4,46870,49,8129,2.5631174231666742,1558189093,2,47487,49,8072
1.8831206302860015,1549806343,10,47175,49,8124,2.6137043575935266,1560290012,6,47511,49,8092,2.039989812091925,1556091636,2,47233,49,8170,2.487132892479156,1545609147,5,46926,49,8156,2.5631174231666742,1558189093,2,47487,49,8072
1.6086521836759702,1562389634,10,47570,49,8074,1.8088628919172631,1547707932,7,47170,49,8038,2.2145032889184235,1558188804,3,47306,49,8182,1.559795753392109,1549804595,5,47042,49,8123,2.419509392339469,1558188906,2,47423,49,8189
1.6086521836759702,1562389634,10,47570,49,8074,1.8088628919172631,1547707932,7,47170,49,8038,1.939628110705046,1556091404,3,47185,49,8165,1.7178884534619598,1551901292,5,47108,49,8123,2.419509392339469,1558188906,2,47423,49,8189
1.749914751240153,1547708880,9,47120,49,8148,2.5172165224315446,1558194148,7,47473,49,8107,2.397890977545939,1562382888,2,47380,49,8160,2.3042564298961543,1560289503,5,47359,49,8117,2.582497941002487,1560285923,2,47489,49,8145
1.749914751240153,1547708880,9,47120,49,8148,2.5172165224315446,1558194148,7,47473,49,8107,1.9224931396769371,1553994394,3,47177,49,8136,2.166869980474557,1558192724,5,47298,49,8155,2.582497941002487,1560285923,2,47489,49,8145
2.6179929156586197,1558193953,8,47489,49,8151,1.682083113727894,1547708212,7,47117,49,8044,2.1532055347653083,1558189398,2,47275,49,4,2.4174702660553677,1545609676,5,46897,49,8146,3.29299159981814,1551897658,2,47291,49,8132
2.6179929156586197,1558193953,8,47489,49,8151,1.682083113727894,1547708212,7,47117,49,8044,1.9307539158864326,1549800097,3,47184,49,8178,1.4188384203942845,1547706854,5,46984,49,8117,3.29299159981814,1551897658,2,47291,49,8132
2.6861257066671436,1560292030,9,47517,49,8155,2.3095559394785896,1556097117,7,47382,49,8055,2.020101872330125,1556091732,2,47220,49,8108,1.778675028459839,1553998512,5,47144,49,8088,3.0577938822613904,1549799996,2,47181,49,8120
1.616301776413311,1562390015,10,47574,49,8120,1.6716790747823,1547708116,7,47116,49,8040,2.2608112258458184,1553994311,3,47316,49,8168,2.017242926540468,1556095116,4,47237,49,8155,2.874305859653554,1547702875,2,47100,49,8122
1.616301776413311,1562390015,10,47574,49,8120,1.6716790747823,1547708116,7,47116,49,8040,2.080483218079998,1558189005,2,47244,49,8182,2.0768063500453398,1558192255,4,47269,49,8114,2.874305859653554,1547702875,2,47100,49,8122
2.1902265536309726,1554000012,9,47307,49,8160,2.416241418617764,1556096509,7,47432,49,8072,2.639107762893707,1558188713,3,47487,49,8158,1.421182407687282,1549803706,5,46993,49,8118,3.012813182111957,1547702774,1,47166,49,8130
2.1902265536309726,1554000012,9,47307,49,8160,2.416241418617764,1556096509,7,47432,49,8072,2.2215409321334834,1558188323,2,47309,49,8158,2.335873751935075,1545609859,5,46865,49,8057,3.012813182111957,1547702774,1,47166,49,8130
2.135455253182631,1551903620,10,47284,49,8112,2.728447999811888,1562388111,7,47563,49,8081,2.5016190632890103,1562383295,3,47427,49,8156,2.523237478062167,1547706961,5,46948,49,8171,2.484379922373537,1558189448,2,47443,49,8100
2.135455253182631,1551903620,10,47284,49,8112,2.728447999811888,1562388111,7,47563,49,8081,2.280087598059495,1560286033,2,47327,49,8147,1.411291460894354,1547707073,5,46978,49,8136,2.484379922373537,1558189448,2,47443,49,8100
2.411657639951412,1556097933,9,47400,49,8127,2.0231540441940177,1551902310,6,47262,49,8087,2.494479177615629,1562383308,2,47425,49,8178,1.5496984314125783,1549804292,5,47037,49,8066,2.2509108088446075,1553994024,1,47356,49,8183
2.703158424255921,1560292839,10,47526,49,8115,2.6079920577456686,1560291564,7,47512,49,8119,2.3868753714417497,1560285570,3,47376,49,8182,1.783775737788053,1553998439,5,47142,49,8186,3.330323116890588,1553994503,2,47301,49,8180
2.703158424255921,1560292839,10,47526,49,8115,2.6079920577456686,1560291564,7,47512,49,8119,2.0820130596053468,1556091393,3,47245,49,8145,1.8335466960654172,1553998021,5,47174,49,8107,3.330323116890588,1553994503,2,47301,49,8180
1.7110552859495902,1545612146,9,47101,49,8096,1.9737883155658802,1551901369,6,47242,49,8113,2.202978362299945,1558189046,3,47299,49,8098,2.0099989349978737,1556094983,5,47243,49,8106,3.248728510665007,1551897543,1,47261,49,8099
1.7110552859495902,1545612146,9,47101,49,8096,1.9737883155658802,1551901369,6,47242,49,8113,1.8565017597979312,1553995225,3,47152,49,8172,2.1706434640314782,1558192880,5,47300,49,8107,3.248728510665007,1551897543,1,47261,49,8099
1.789285395286143,1547709694,10,47134,49,8119,2.55169092868601,1558194055,7,47488,49,8117,1.9594156722131004,1556091503,3,47191,49,8120,2.3170025661023397,1545609532,5,46865,49,8155,3.1793707110085094,1551897309,2,47237,49,8116
1.789285395286143,1547709694,10,47134,49,8119,2.55169092868601,1558194055,7,47488,49,8117,1.6041668093023356,1543508798,3,47042,49,8154,15.564286004991752,1545609803,5,46923,49,8104,3.1793707110085094,1551897309,2,47237,49,8116
1.7842869297094532,1547709969,10,47133,49,8093,1.8485383769211923,1549805787,7,47190,49,8097,1.7192175158368446,1551897654,2,47090,49,8085,1.4526993839972602,1549804077,5,47003,49,2,3.1970168897960356,1549799950,2,47240,49,8148
1.7842869297094532,1547709969,10,47133,49,8093,1.8485383769211923,1549805787,7,47190,49,8097,2.533849842756737,1564480033,3,47439,49,8150,1.6918792953620065,1551900895,4,47098,49,8106,3.1970168897960356,1549799950,2,47240,49,8148
2.078440315785869,1551903972,10,47257,49,8152,2.707232828459679,1560289977,6,47555,49,8057,1.7347204113303571,1551897655,3,47098,49,8123,2.320168282225086,1560289455,5,47362,49,8135,2.4172657553119787,1556091542,1,47421,49,8114
2.078440315785869,1551903972,10,47257,49,8152,2.707232828459679,1560289977,6,47555,49,8057,2.3181310178530317,1553994452,2,47346,49,8153,2.109853162674736,1558192615,4,47280,49,8111,2.4172657553119787,1556091542,1,47421,49,8114
1.6344572582792507,1562389703,10,47578,49,8103,1.8284459651546785,1549805463,7,47181,49,8124,2.406560702572195,1562383060,2,47383,49,8185,2.332200619576592,1545609362,4,46868,49,28,3.326549636831672,1551897318,1,47300,49,8151
1.6344572582792507,1562389703,10,47578,49,8103,1.8284459651546785,1549805463,7,47181,49,8124,2.08915294096155,1551896973,3,47247,49,8104,1.4195522221315597,1547706116,5,46984,49,8123,3.326549636831672,1551897318,1,47300,49,8151
2.740999259725611,1560292259,9,47537,49,8120,2.5337399214029155,1558194425,7,47482,49,8102,2.2354136154736763,1558188979,3,47309,49,8102,1.7144179782782252,1553997568,4,47117,49,8141,2.260091739443675,1553994239,2,47356,49,8100
2.740999259725611,1560292259,9,47537,49,8120,2.5337399214029155,1558194425,7,47482,49,8102,1.8924037792517325,1553994698,2,47168,49,8118,2.0168339731679215,1556095183,5,47240,49,8117,2.260091739443675,1553994239,2,47356,49,8100
1.760930356993984,1547709215,9,47122,49,8154,2.26600282673107,1556096683,7,47371,49,8072,1.7099362250306247,1551897693,3,47085,49,8105,1.4276084955796853,1549803469,5,46993,49,8079,2.8603309321450108,1545606142,1,47103,49,8074
2.6283969744127686,1558195329,10,47489,49,8078,1.6657641787808364,1545609934,6,47112,49,8108,1.7617482420828998,1553994298,2,47113,49,8136,1.8766945527970367,1553998570,5,47174,49,8088,2.683064072251629,1543508798,1,47025,49,8075
2.6283969744127686,1558195329,10,47489,49,8078,1.6657641787808364,1545609934,6,47112,49,8108,2.659506894911742,1564480041,2,47495,49,8173,2.1758445451552264,1558191911,4,47305,49,8062,2.683064072251629,1543508798,1,47025,49,8075
2.543843016854759,1558195334,10,47454,49,8115,2.51731875870466,1558194038,7,47475,49,8090,1.5778509090226678,1543508620,2,47036,49,8139,2.5100804827186782,1547707389,5,46940,49,8063,2.9330551163758214,1547703367,2,47126,49,8076
2.543843016854759,1558195334,10,47454,49,8115,2.51731875870466,1558194038,7,47475,49,8090,2.466430846734951,1562383581,3,47412,49,8130,1.698203134559561,1551901549,5,47100,49,8084,2.9330551163758214,1547703367,2,47126,49,8076
2.4848892643409517,1558194993,10,47432,49,8133,2.242239198644468,1553998783,6,47356,49,8081,2.594433779017287,1564480459,2,47469,49,8056,2.082109674097835,1558192976,5,47272,49,8118,3.2264947112520783,1551897678,2,47249,49,8101
2.4848892643409517,1558194993,10,47432,49,8133,2.242239198644468,1553998783,6,47356,49,8081,0,1553994359,2,47331,49,8130,2.4761172886264733,1545609708,5,46921,49,8136,3.2264947112520783,1551897678,2,47249,49,8101
2.42777208278276,1556098217,10,47408,49,8129,1.94380118350569,1549805054,7,47234,49,8081,2.4538872917159047,1562382797,2,47399,49,50,1.700140072655757,1551901166,5,47105,49,8083,2.3610668552773495,1556091826,1,47398,49,8089
2.42777208278276,1556098217,10,47408,49,8129,1.94380118350569,1549805054,7,47234,49,8081,2.1284213577815874,1558189188,3,47262,49,8062,2.0660955890586274,1558192688,5,47269,49,8116,2.3610668552773495,1556091826,1,47398,49,8089
2.374735106615823,1556098613,10,47384,49,8131,1.702788938275722,1547707454,6,47125,49,8088,2.330267502039011,1560286400,3,47355,49,8121,2.564954025566452,1547707276,5,46962,49,8109,2.7221280023440833,1543508602,2,47042,49,8145
2.374735106615823,1556098613,10,47384,49,8131,1.702788938275722,1547707454,6,47125,49,8088,2.0376439310521555,1556091887,3,47232,49,8184,1.8381399457263117,1553998259,5,47160,49,8151,2.7221280023440833,1543508602,2,47042,49,8145
2.3384260194834945,1556097733,9,47364,49,8084,2.7034593519094403,1560291050,7,47554,49,8033,2.20889324695532,1551896876,2,47305,49,8092,2.266108889436331,1560290148,5,47348,49,8088,3.15397498960375,1549800427,1,47224,49,23
2.3384260194834945,1556097733,9,47364,49,8084,2.7034593519094403,1560291050,7,47554,49,8033,1.980733076168614,1556091484,2,47198,49,8185,1.5603050687184166,1549804027,5,47044,49,8128,3.15397498960375,1549800427,1,47224,49,23
2.2875304377986376,1554001201,10,47343,49,8126,2.5009998417808,1558194145,7,47467,49,8099,1.8886302905390715,1553994684,3,47166,49,8149,2.477544884342097,1545609985,5,46923,49,8115,2.2803886252426753,1556091458,1,47365,49,8081
2.2221506093351917,1554001043,9,47320,49,8179,2.2761020523201276,1553998587,6,47368,49,8118,2.069365374652021,1549799950,3,47242,49,8140,1.722476132265713,1551900752,5,47118,49,8159,2.77067963181387,1545606240,2,47056,49,8119
2.2221506093351917,1554001043,9,47320,49,8179,2.2761020523201276,1553998587,6,47368,49,8118,1.805403549143097,1547702805,3,47126,49,8139,2.1981805900805016,1560289923,5,47318,49,8065,2.77067963181387,1545606240,2,47056,49,8119
2.55618397537602,1558195569,10,47461,49,8058,2.300579477985606,1556096632,6,47384,49,8102,2.2353113745723854,1553994078,2,47311,49,8099,1.8740400978490657,1556095175,5,47184,49,8132,2.385339791006996,1556091892,2,47418,49,8117
2.55618397537602,1558195569,10,47461,49,8058,2.300579477985606,1556096632,6,47384,49,8102,1.7321700595355154,1551897411,3,47100,49,8131,2.0151015251986135,1556095204,5,47233,49,8128,2.385339791006996,1556091892,2,47418,49,8117
2.608302662825184,1558194394,9,47486,49,8107,2.114438889261386,1553999518,7,47305,49,8089,2.166462907586529,1558189209,3,47290,49,8155,1.7114623807817295,1551900233,4,47106,49,8142,2.9502923183988585,1547703350,1,47135,49,8156
2.5348665598635187,1558195796,10,47454,49,8104,1.58090539103397,1562388383,7,47584,49,8129,1.8292694591590122,1553994687,2,47140,49,8156,2.1795138966790493,1560289429,5,47317,49,8128,2.543229509697067,1558188679,1,47478,49,8125
2.5348665598635187,1558195796,10,47454,49,8104,1.58090539103397,1562388383,7,47584,49,8129,1.5960063982611163,1549800281,2,47043,49,8128,1.5443932160200846,1549803930,5,47040,49,8169,2.543229509697067,1558188679,1,47478,49,8125
2.6962230314327487,1560292520,10,47520,49,9,2.6362448630156403,1560291444,7,47525,49,8105,1.8210086789615652,1547703076,2,47133,49,8163,2.1457551736384914,1558193055,5,47296,49,8066,3.1685576747929445,1551897298,2,47243,49,8122
2.6962230314327487,1560292520,10,47520,49,9,2.6362448630156403,1560291444,7,47525,49,8105,1.6469038773029214,1545605604,2,47056,49,8175,1.558877471892393,1549804285,5,47042,49,8175,3.1685576747929445,1551897298,2,47243,49,8122
1.6586298714760543,1562389533,10,47589,49,8093,2.5046710687442633,1558193584,6,47471,49,8130,1.896993303244226,1553994813,3,47172,49,8133,2.1145449241478467,1558192775,5,47282,49,8056,2.7236578354595467,1543508662,2,47045,49,8113
2.218683849587288,1554001061,10,47314,49,8097,2.6534820683919977,1560291261,7,47532,49,8103,2.249591140536876,1560285819,2,47315,49,8182,2.540067623601698,1547707304,5,46950,49,8141,2.658382160035639,1560286202,2,47525,49,8137
2.218683849587288,1554001061,10,47314,49,8097,2.6534820683919977,1560291261,7,47532,49,8103,1.8920970681601046,1553994449,2,47172,49,8154,1.6277244745537807,1551901071,5,47071,49,8097,2.658382160035639,1560286202,2,47525,49,8137
2.4566364440928554,1556098354,10,47424,49,8131,2.58126907802951,1560291573,7,47504,49,8100,2.4797942258017636,1562383368,3,47410,49,8175,1.435971492766625,1549803582,4,46999,49,8037,2.3799361400551766,1556092020,2,47407,49,8190
2.4566364440928554,1556098354,10,47424,49,8131,2.58126907802951,1560291573,7,47504,49,8100,2.1198538710577943,1558188781,2,47259,49,8093,1.8218210166109965,1553997539,4,47152,49,8118,2.3799361400551766,1556092020,2,47407,49,8190
2.7978096993801187,1562389692,10,47567,49,8186,2.5796369932491956,1560291010,7,47504,49,8113,2.6989798071124436,1566577574,3,47509,49,8116,0,,,,,,2.1492237802537555,1553994697,2,47309,49,8088
2.7978096993801187,1562389692,10,47567,49,8186,2.5796369932491956,1560291010,,47504,49,8113,0,1562383127,3,47372,49,8122,0,1558192926,5,47264,49,8049,2.1492237802537555,1553994697,2,47309,49,8088
1.9751193119555241,1549806666,10,47217,49,8118,2.5735176380859492,1560290911,7,47501,49,8087,1.7766395726956938,1553994687,2,47116,49,8106,2.004390768499099,1556094636,4,47234,49,8080,3.212826490883142,1551897569,2,47249,49,8147
1.9751193119555241,1549806666,10,47217,49,8118,2.5735176380859492,1560290911,7,47501,49,8087,2.7331494120249125,1549800285,2,47002,49,8138,2.422264272970774,1545610072,5,46897,49,8118,3.212826490883142,1551897569,2,47249,49,8147
2.077828747314891,1551903095,9,47258,49,8148,2.3780957710811315,1556096710,7,47417,49,8145,1.9031126783309869,,,,,8147,0,1556096007,5,47225,49,8142,2.7707818784977905,1545606080,2,47055,49,8129
2.077828747314891,1551903095,9,47258,49,8148,2.3780957710811315,1556096710,7,47417,49,8145,1.9039287174825323,1547702823,2,47172,49,8155,1.607221273454314,1551901079,5,47072,49,8099,2.7707818784977905,1545606080,2,47055,49,8129
2.568627170604287,1558195421,10,47470,49,8183,2.412570179930607,1556096055,6,47431,49,8090,2.339957753439122,1553994508,2,47353,49,8171,2.4539838330853465,1545610074,5,46914,49,8121,2.6837759289900336,1545605567,1,47036,49,8116
1.9018876777104727,1549806273,9,47183,49,8133,2.425727175309741,1558193869,7,47438,49,8070,1.566837197528897,1549800239,2,47021,49,8080,1.6952438393033646,1551900483,4,47105,49,8121,2.7014221251607133,1545605629,2,47039,49,8116
1.9018876777104727,1549806273,9,47183,49,8133,2.425727175309741,1558193869,7,47438,49,8070,1.5981478031212688,1549800468,2,47042,49,8154,1.4239391491433067,1547707040,5,46981,49,8170,2.7014221251607133,1545605629,2,47039,49,8116
2.459084568163776,1556098076,10,47424,49,8134,2.456223620009594,1558193927,6,47451,49,8106,2.019795165474159,1556091838,2,47220,49,8154,2.20123837898389,1560289835,5,47328,49,8104,2.726819758806183,1545605860,1,47046,49,8077
2.459084568163776,1556098076,10,47424,49,8134,2.456223620009594,1558193927,6,47451,49,8106,2.103228232897397,1551896822,2,47250,49,8100,1.9366650738733069,1556095575,5,47210,49,8082,2.726819758806183,1545605860,1,47046,49,8077
1.8531335070158577,1547709625,10,47165,49,8133,2.552404714832205,1558193357,7,47492,49,8089,2.607388204707822,1564480295,2,47467,49,8158,1.5903930115240232,1551901140,5,47061,49,8158,2.8342195192891486,1545606264,2,47097,49,8138
1.8531335070158577,1547709625,10,47165,49,8133,2.552404714832205,1558193357,7,47492,49,8089,2.6840884849046485,1558188600,3,47499,49,8118,2.479277301117674,1547706426,4,46930,49,8170,2.8342195192891486,1545606264,2,47097,49,8138
2.487439625117146,1558194577,9,47434,49,8124,2.584533244299878,1560291313,7,47505,49,8089,1.9568653229987243,1556091720,3,47189,49,8151,2.147283126814754,1560288435,4,47305,49,8095,2.9150018652367624,1547703168,1,47121,49,8148
2.487439625117146,1558194577,9,47434,49,8124,2.584533244299878,1560291313,7,47505,49,8089,2.110877440324656,1558188912,2,47255,49,8118,2.0011266088801243,1556095467,5,47234,49,8132,2.9150018652367624,1547703168,1,47121,49,8148
2.315681003142361,1554000370,9,47358,49,8103,1.736140587137103,1547708519,7,47143,49,8072,1.6781143975737745,1551897528,3,47066,49,8167,2.0024519713513533,1556094817,4,47237,49,8132,2.2183751958787616,1553994680,2,47343,49,8071
2.315681003142361,1554000370,9,47358,49,8103,1.736140587137103,1547708519,7,47143,49,8072,1.596006405538277,1566577592,2,47551,49,8138,1.419652570738932,1549803047,4,46991,49,8161,2.2183751958787616,1553994680,2,47343,49,8071
2.7321250280802456,1560292534,10,47542,49,8134,1.5946739616077383,1545611475,7,47082,49,8090,2.111081916176756,1558188709,2,47253,49,8120,2.368000383522936,1545609838,5,46885,49,8032,3.3057415232800595,1551897109,1,47298,49,8154
2.7321250280802456,1560292534,10,47542,49,8134,1.5946739616077383,1545611475,7,47082,49,8090,2.3446495157420815,1560286200,3,47355,49,8165,2.173292295634525,1560289791,5,47314,49,8158,3.3057415232800595,1551897109,1,47298,49,8154
2.3388330811581395,1556098299,10,47374,49,8159,1.7486860285858419,1547707178,6,47148,49,8105,1.6584272466149133,1545605850,2,47067,49,8146,1.982459928883932,1556095627,5,47233,49,8059,2.398191967976805,1558188499,1,47420,49,8120
1.9656335434580814,1549806955,10,47217,49,8091,1.94257806105803,1549805170,6,47231,49,8094,2.476425935235943,1562383109,2,47414,49,8082,1.5455140827188438,1549803527,5,47045,49,8169,2.7051975275683016,1545605844,1,47035,49,8117
1.9656335434580814,1549806955,10,47217,49,8091,1.94257806105803,1549805170,6,47231,49,8094,1.5373612645846741,1566577797,2,47517,49,8180,1.4338300966086506,1549802985,4,46996,49,8108,2.7051975275683016,1545605844,1,47035,49,8117
1.6483280614357017,1562389722,9,47592,49,8167,2.1632953019443164,1553999075,6,47323,49,8007,2.1799285126445995,1558189384,3,47281,49,8098,2.4710165522734013,1545609323,5,46923,49,8186,3.011283329217954,1549800252,2,47170,49,8057
1.6483280614357017,1562389722,9,47592,49,8167,2.1632953019443164,1553999075,6,47323,49,8007,2.445115331081096,1562383241,3,47393,49,8130,2.369020911374943,1545609713,5,46883,49,8110,3.011283329217954,1549800252,2,47170,49,8057
2.5585298429467036,1558195358,10,47468,49,8105,2.4210354145866866,1558193446,6,47436,49,8119,1.856094669735832,1553994808,2,47144,49,8062,2.1800251029484867,1560289611,5,47312,49,8126,3.2832010008860655,1551897214,1,47288,49,8125
2.3232279558282336,1556097440,9,47367,49,8127,1.6031392074650548,1545610286,6,47087,49,8110,1.6460859510813919,1551897421,2,47059,49,8078,2.016731734005679,1556094879,4,47241,49,8128,2.432361557026592,1558188783,2,47430,49,8152
2.3232279558282336,1556097440,9,47367,49,8127,1.6031392074650548,1545610286,6,47087,49,8110,1.9817517415057568,1556091711,3,47200,49,8142,1.9753219208657895,1556094705,4,47223,49,8123,2.432361557026592,1558188783,2,47430,49,8152
2.1348436837059186,1551902944,9,47286,49,8124,2.011629114142981,1551902934,7,47258,49,8090,2.655426693791227,1564480202,3,47491,49,8060,1.791322710806493,1553998466,5,47147,49,8101,2.794241052696148,1545606094,1,47066,49,8122
2.1348436837059186,1551902944,9,47286,49,8124,2.011629114142981,1551902934,7,47258,49,8090,1.8134617081895246,1547702609,2,47122,49,8161,1.8190661884201362,1553998668,5,47155,49,8189,2.794241052696148,1545606094,1,47066,49,8122
1.9143308779684927,1549805549,9,47192,49,8123,2.4516341047039516,1558194316,7,47448,49,8155,2.487339299456676,1556091494,2,47419,49,8123,1.6911636446903748,1551901009,4,47105,49,8115,3.0663613524509645,1549800125,2,47190,49,8181
1.9143308779684927,1549805549,9,47192,49,8123,2.4516341047039516,1558194316,7,47448,49,8155,1.6483314834503369,1551897106,3,47053,49,8153,1.5855971701732885,1551901238,5,47068,49,8102,3.0663613524509645,1549800125,2,47190,49,8181
1.760318776717435,1547709328,9,47126,49,8079,1.7695944751753432,1547708100,7,47159,49,8033,2.326902988815527,1560286281,2,47344,49,8118,1.4590232272662398,1549803907,5,47005,49,8160,2.205015600646838,1553994036,1,47331,49,8126
1.760318776717435,1547709328,9,47126,49,8079,1.7695944751753432,1547708100,7,47159,49,8033,2.67613255762003,1564480192,3,47496,49,8177,1.418124623390493,1547706759,5,46982,49,8146,2.205015600646838,1553994036,1,47331,49,8126
1.6288472105703096,1562389397,9,47583,49,8157,2.371058129948674,1556096434,6,47414,49,8070,2.1768669600504933,1551897492,3,47287,49,8129,2.465510655725778,1545609317,4,46913,49,8162,2.563628637529817,1558188578,1,47487,49,8125
1.6288472105703096,1562389397,9,47583,49,8157,2.371058129948674,1556096434,6,47414,49,8070,0,1556091134,3,47438,49,8158,2.37299887454689,1545609898,5,46884,49,8169,2.563628637529817,1558188578,1,47487,49,8125
2.6943864425763904,1560292824,10,47528,49,8146,1.7681668729348352,1547707740,6,47157,49,8118,2.0473341758239054,1556091930,3,47229,49,8120,2.1648270551843565,1560288688,4,47309,49,8050,2.8132088309486623,1547702942,2,47088,49,8162
2.6943864425763904,1560292824,10,47528,49,8146,1.7681668729348352,1547707740,6,47157,49,8118,2.4375683692084102,1562383107,2,47387,49,8179,2.1312728097962133,1558192866,5,47286,49,8163,2.8132088309486623,1547702942,2,47088,49,8162
1.78510295520285,1547709631,10,47139,49,8173,2.485190226399473,1558193549,6,47463,49,8102,2.2128712159364983,1558189123,3,47302,49,8050,2.3055798917175223,1562386821,5,47369,49,8149,2.326692773024,1556091723,1,47394,49,8090
1.78510295520285,1547709631,10,47139,49,8173,2.485190226399473,1558193549,6,47463,49,8102,2.3576020397970368,1560285797,3,47364,49,8145,1.8614946551385694,1556095304,5,47179,49,8153,2.326692773024,1556091723,1,47394,49,8090
2.6376782408272033,1560292052,9,47500,49,8137,2.597690240448489,1560291107,7,47511,49,8064,1.904846992961513,1553994447,3,47171,49,8113,1.7031979044861867,1553997853,5,47115,49,8156,2.339137882145757,1556091713,1,47391,49,8161
2.6376782408272033,1560292052,9,47500,49,8137,2.597690240448489,1560291107,7,47511,49,8064,2.36933144515547,1560286295,3,47369,49,8129,1.7223757460782672,1551901622,5,47111,49,8153,2.339137882145757,1556091713,1,47391,49,8161
2.711012100158599,150292047,9,47533,49,8155,1.8949466561657433,1549805659,7,47209,49,8099,1.9332020387687228,1556091437,3,47181,49,8149,1.557754702094386,1549803814,5,47045,49,8170,2.6834691861663904,1543508729,2,47039,49,8155
2.711012100158599,1560292047,9,47533,49,8155,1.8949466561657433,1549805659,7,47209,49,8099,2.38758917624335,1562382991,2,47374,49,8130,1.5451089142814853,1549804620,5,47033,49,8087,2.6834691861663904,1543508729,2,47039,49,8155
1.6038581725906869,1562389476,9,47572,49,8132,2.4201171308357288,1558194011,7,47436,49,8056,2.0301992041602337,1556092003,3,47222,49,8100,2.5311934090604193,1547706520,4,46949,49,8098,3.0045505214784956,1547702973,1,47171,49,8096
1.6038581725906869,1562389476,9,47572,49,8132,2.4201171308357288,1558194011,7,47436,49,8056,2.5060041035010316,1556091623,3,47429,49,8142,2.4768310865113468,1547705711,4,46922,49,8092,3.0045505214784956,1547702973,1,47171,49,8096
2.102408432629483,1551904073,10,47276,49,8152,1.966648427490573,1551902260,7,47242,49,8092,2.4251251612888063,1562382804,3,47382,49,8130,1.5215459644625968,1549804040,5,47032,49,8028,2.5671976231899905,1558189096,2,47491,49,8118
2.102408432629483,1551904073,10,47276,49,8152,1.966648427490573,1551902260,7,47242,49,8092,2.6847000387444173,1566577344,3,47501,49,8121,2.231123269196818,1560289782,5,47339,49,8093,2.5671976231899905,1558189096,2,47491,49,8118
2.0308088836947937,1551902794,9,47242,49,8137,2.1363678532372607,1553998859,6,47314,49,8074,2.366271764366056,1560286348,3,47367,49,8093,2.015406371381085,1556094446,4,47238,49,8190,2.537822030584592,1558189103,2,47483,49,8121
2.0308088836947937,1551902794,9,47242,49,8137,2.1363678532372607,1553998859,6,47314,49,8074,1.727987639499829,1551897375,2,47097,49,8102,1.871591979073594,1556095154,5,47184,49,8080,2.537822030584592,1558189103,2,47483,49,8121
2.3598437669378174,1556098132,10,47384,49,8127,2.692137001015009,1560289645,6,47553,49,8087,2.5785238323699176,1564480685,3,47454,49,8144,1.6841278495178427,1551901431,5,47094,49,8084,2.9896629745031897,1547703272,2,47149,49,8136
2.3598437669378174,1556098132,10,47384,49,8127,2.692137001015009,1560289645,6,47553,49,8087,1.996234117490725,1556091617,2,47211,49,8132,1.556531591084028,1549804286,5,47041,49,8120,2.9896629745031897,1547703272,2,47149,49,8136
1.8994395530640202,1549806577,9,47186,49,8142,2.494471505243477,1558194390,7,47467,49,8087,1.905458559362777,1553994364,3,47173,49,8118,1.6894311790448981,1551900742,4,47098,49,8106,2.53313026936682,1558188989,2,47481,49,8125
1.8994395530640202,1549806577,9,47186,49,8142,2.494471505243477,1558194390,7,47467,49,8087,1.905458559362777,1553994364,3,47173,49,8118,1.6894311790448981,1551900742,4,47098,49,8106,2.53313026936682,1558188989,2,47481,49,8125
1.739001376843376,1547709443,9,47119,49,8151,1.7930532819185065,1547708448,7,47168,49,8130,2.186352721563911,1558189212,2,47291,49,8159,2.3272059249613872,1560289855,5,47365,49,8120,2.4435816531987395,1558189180,2,47431,49,8057
1.739001376843376,1547709443,9,47119,49,8151,1.7930532819185065,1547708448,7,47168,49,8130,1.765012402071602,1551897576,2,47110,49,8138,1.90290633188037,1556094733,4,47189,49,8083,2.4435816531987395,1558189180,2,47431,49,8057
1.6866781920467246,1545611926,9,47097,49,8090,1.8698557723162983,1549804806,6,47199,49,8062,1.5388911038737931,1566577359,2,47519,49,8114,2.1207665260374964,1558192124,4,47285,49,8106,2.2910993959868446,1553994210,2,47366,49,8154
1.6866781920467246,1545611926,9,47097,49,8090,1.8698557723162983,1549804806,6,47199,49,8062,1.6091634092197882,1549800638,3,47046,49,8093,1.5127739972015877,1549804079,5,47030,49,8121,2.2910993959868446,1553994210,2,47366,49,8154
2.2526470443880555,1554001167,10,47340,49,8133,1.6577060237125378,1545610415,6,47111,49,8050,2.7021417365156943,1566577326,2,47506,49,8150,2.012242575929996,1558192043,5,47245,49,8102,2.791383980954251,1545606086,1,47069,49,8100
1.6835162724201964,1545611997,9,47096,49,8186,2.732833009147653,1562388373,7,47570,49,8084,2.5172241951546837,1562382983,3,47431,49,8107,2.025399579342626,1558192416,5,47252,49,8118,3.305029645565646,1551897758,2,47287,49,8116
0,1545611997,9,47096,49,8186,2.732833009147653,1562388373,7,47570,49,8084,2.6680743829687623,1564480396,3,47496,49,8085,2.4398063051238204,1545609832,5,46909,49,8112,3.305029645565646,1551897758,2,47287,49,8116
2.2803886475049673,1554000886,10,47356,49,8136,2.6954011721839968,1562386831,6,47553,49,8074,2.523343554658888,1564479847,2,47435,49,8137,2.4694867130808213,1545608666,4,46922,49,8178,2.6403308360317475,1560286116,2,47508,49,8093
1.6538358596124523,1562389863,10,47595,49,8098,2.7024388131967645,1560290815,7,47556,49,8129,1.621097298287537,1549799895,3,47049,49,8089,2.1741102237199854,1558192435,5,47306,49,8155,3.1892654443280675,1551897060,1,47238,49,8130
1.883732186652359,1549805543,8,47181,49,8152,2.5122199389093076,1558194294,7,47469,49,8080,2.473570737265649,1562383351,2,47411,49,8114,1.8569069923847683,1553997610,4,47168,49,8078,2.2363280994084715,1553994883,2,47341,49,8124
1.883732186652359,1549805543,8,47181,49,8152,2.5122199389093076,1558194294,7,47469,49,8080,1.7460408839794639,1545605577,3,47104,49,8130,1.4323002568772412,1549803517,4,46995,49,8059,2.2363280994084715,1553994883,2,47341,49,8124
1.691369953823049,1545612582,10,47099,49,8075,1.7891775609121885,1547707687,6,47166,49,8090,1.6038600897005018,1549800542,3,47042,49,8101,1.5480663514887483,1549803775,5,47036,49,8158,3.1466287143854443,1549800076,2,47232,49,8084
1.691369953823049,1545612582,10,47099,49,8075,1.7891775609121885,1547707687,6,47166,49,8090,1.7784761196244163,1551896959,3,47114,49,8132,2.017445534744708,1556095394,5,47242,49,8091,3.1466287143854443,1549800076,2,47232,49,8084
2.368513489433632,1556097508,9,47388,49,8133,1.9751136678383252,1551901423,6,47247,49,8079,1.651288920992861,1551897389,2,47057,49,8121,2.097203595247431,1558192789,5,47284,49,8108,2.559139453046132,1558188930,2,47488,49,8127
1.8647606650277233,1549806492,10,47175,49,8174,2.2529480730579396,1553998847,6,47363,49,8076,1.6592448472544674,1551897126,2,47059,49,8135,1.476769746629218,1549804278,5,47015,49,8091,3.0900246513488585,1549800379,1,47195,49,8172
1.8647606650277233,1549806492,10,47175,49,8174,2.2529480730579396,1553998847,6,47363,49,8076,1.7902055253419191,1553994859,3,47119,49,8127,1.997048279488406,1556095498,5,47226,49,8158,3.0900246513488585,1549800379,1,47195,49,8172
2.6549154471273924,1560292416,10,47508,49,8130,2.549854344682861,1558193293,6,47492,49,8070,1.623443179383158,1549800521,3,47050,49,8118,2.116074764580344,1558192780,5,47283,49,8068,2.4213459578546446,1558188762,2,47423,49,8121
2.6549154471273924,1560292416,10,47508,49,8130,2.549854344682861,1558193293,6,47492,49,8070,1.732986105116302,1551897342,3,47096,49,8164,1.4310771427515236,1549802820,4,46991,49,8077,2.4213459578546446,1558188762,2,47423,49,8121
2.288039740199777,1554001081,10,47353,49,8091,1.7204332291799793,1547708661,7,47136,49,8119,2.713666654080796,1566578235,3,47513,49,8111,1.5558158899301822,1549804053,5,47048,49,8117,2.9649772813312807,1547702960,2,47149,49,8131
2.288039740199777,1554001081,10,47353,49,8091,1.7204332291799793,1547708661,7,47136,49,8119,1.565407710138377,1549800768,3,47027,49,8100,2.099755839455751,1558192978,5,47275,49,8154,2.9649772813312807,1547702960,2,47149,49,8131
2.7727187967911378,1562389502,10,47561,49,8129,1.78458803880088,1547708338,7,47163,49,8119,2.2877368073532303,1564480142,3,47329,49,8176,1.8639446348816897,1553998005,5,47171,49,8163,3.061669598175163,1549799792,1,47185,49,8129
2.7727187967911378,1562389502,10,47561,49,8129,1.78458803880088,1547708338,7,47163,49,8119,2.594231202079428,1564480854,2,47460,49,8148,1.5460233935096312,1549803649,5,47048,49,8135,3.061669598175163,1549799792,1,47185,49,8129
2.467958771069742,1556097691,10,47429,49,8157,2.1982790198660376,1554000058,7,47341,49,8094,2.06987470765394,1556091817,3,47241,49,8139,2.4891701317856616,1547706944,5,46937,49,8079,2.3715712441733143,1556091382,1,47407,49,8171
2.467958771069742,1556097691,10,47429,49,8157,2.1982790198660376,1554000058,7,47341,49,8094,2.0934357565761514,1551896769,2,47250,49,8140,2.3111918329845347,1560289712,5,47362,49,8139,2.3715712441733143,1556091382,1,47407,49,8171
2.5581208628573484,1558194609,8,47473,49,8112,1.777345913883846,1547707837,6,47164,49,8064,1.7164645360572357,1551897299,3,47082,49,8151,2.449494650419863,1545609677,5,46918,49,8087,3.284119295104612,1551897511,1,47284,49,8092
2.5581208628573484,1558194609,8,47473,49,8112,1.777345913883846,1547707837,6,47164,49,8064,2.5063108308104414,1562383525,2,47426,49,8101,1.8682274468095466,1553998490,5,47177,49,8111,3.284119295104612,1551897511,1,47284,49,8092
2.371980239698916,1556098130,9,47394,49,8171,2.151972968215524,1554000005,7,47323,49,8105,1.9023988755807772,1547702940,2,47171,49,8123,2.007755293920037,1558192131,4,47241,49,8063,2.5939225238953787,1560285830,1,47491,49,8090
2.371980239698916,1556098130,9,47394,49,8171,2.151972968215524,1554000005,7,47323,49,8105,2.533645362824056,1562382594,2,47438,49,8101,1.432809571201515,1549803546,4,46998,49,8093,2.5939225238953787,1560285830,1,47491,49,8090
2.2464254425268457,1554000954,9,47337,49,8111,2.403186655165103,1556097029,7,47420,49,8062,1.8726180718904297,1547703104,2,47151,49,8096,1.706463911916463,1551901597,5,47107,49,8158,3.1489764997953196,1549799783,1,47225,49,8155
2.2464254425268457,1554000954,9,47337,49,8111,2.403186655165103,1556097029,7,47420,49,8062,2.3592341211031203,1560285329,2,47364,49,8133,2.307007488521747,1560289374,5,47371,49,8142,3.1489764997953196,1549799783,1,47225,49,8155
2.151162607902863,1551903985,10,47295,49,8120,2.4422505799544063,1558192890,6,47445,49,8141,1.5678558325823235,1543508737,2,47027,49,8177,2.59963292959614,1547706933,5,46974,49,8135,2.563117417900325,1558188661,2,47489,49,8136
2.151162607902863,1551903985,10,47295,49,8120,2.4422505799544063,1558192890,6,47445,49,8141,2.211443612581467,1558190091,3,47301,49,8189,2.026115256888065,1556094348,4,47245,49,8121,2.563117417900325,1558188661,2,47489,49,8136
1.5811131598407298,1562388649,8,47564,49,8130,2.434294651594789,1558194125,7,47443,49,8147,2.6696042223313614,1558188536,3,47497,49,8082,2.3022153830722654,1560289359,4,47362,49,8095,3.1346967298246136,1549800208,2,47221,49,8152
1.5811131598407298,1562388649,8,47564,49,8130,2.434294651594789,1558194125,7,47443,49,8147,2.1895146427169045,1558189407,3,47292,49,25,1.740324901778094,1553997262,4,47127,49,8153,3.1346967298246136,1549800208,2,47221,49,8152
1.812233010410503,1547708988,8,47154,49,8178,2.346783281358991,1556096659,6,47405,49,8071,1.5957015716664051,1543508563,2,47034,49,8122,2.0372312221703335,1558192488,5,47256,49,8100,2.5743375159411035,1558188760,2,47491,49,8105
1.812233010410503,1547708988,8,47154,49,8178,2.346783281358991,1556096659,6,47405,49,8071,2.140048530436268,1551897299,2,47265,49,8180,1.5976332799588682,1551900551,4,47070,49,8072,2.5743375159411035,1558188760,2,47491,49,8105
2.1864530616177094,1554000719,9,47309,49,6,2.2533551333471817,1556096530,7,47369,49,8071,2.5983095052542677,1564480606,2,47468,49,8041,1.9437045831801303,1556095668,5,47205,49,8121,3.2478102209811635,1551897404,1,47264,49,8165
1.7475688546247592,1547709322,9,47126,49,8108,2.008976508150065,1551903029,7,47261,49,8116,1.7467546878179838,1551897406,3,47105,49,8138,1.8503786776707778,1553998645,5,47168,49,8115,2.2095009930743275,1553994239,1,47340,49,8127
2.7125419321052764,1560291255,8,47537,49,8122,2.404614239033751,1558193284,7,47433,49,8093,2.532931564166187,1556091292,3,47437,49,8190,2.3234305519261733,1560289173,5,47370,49,8118,2.39309123298636,1556091943,2,47421,49,8085
2.7125419321052764,1560291255,8,47537,49,8122,2.404614239033751,1558193284,7,47433,49,8093,2.4392004492030788,1556091678,2,47388,49,10,2.1477943322637505,1558192856,5,47300,49,8125,2.39309123298636,1556091943,2,47421,49,8085
1.934218807721942,1549806613,9,47208,49,8142,2.303639139289422,1556097162,7,47391,49,8102,1.8347772670684288,1553994497,3,47138,49,8158,2.3038474649244587,1560289659,5,47362,49,8085,3.124597501837322,1551897306,1,47225,49,8085
1.8844459842173789,1549806105,9,47184,49,8147,1.7227790933514713,1547707369,6,47142,49,8045,2.53599124391968,1564480569,2,47439,49,8152,1.9743014032787052,1556095525,4,47225,49,8110,2.444397696900241,1558188830,2,47430,49,8109
1.8844459842173789,1549806105,9,47184,49,8147,1.7227790933514713,1547707369,6,47142,49,8045,2.1731957140986844,1558189160,2,47284,49,8171,1.9485989545424969,1556095823,5,47213,49,8144,2.444397696900241,1558188830,2,47430,49,8109
2.77363708132843,1562388774,9,47562,49,8131,2.0722130266037597,1551901834,6,47292,49,8118,1.6352748267726467,1551896909,2,47054,49,8114,1.4214910272332426,1547706700,5,46981,49,8137,2.6110574851637067,1560285750,1,47500,49,8104
2.77363708132843,1562388774,9,47562,49,8131,2.0722130266037597,1551901834,6,47292,49,8118,2.3631098426121864,1553994473,3,47366,49,8178,1.4239391491433067,1547707014,5,46981,49,8133,2.6110574851637067,1560285750,1,47500,49,8104
2.1596278463135277,1554000685,10,47302,49,8161,2.113520589587177,1553999534,7,47311,49,8067,2.7133618325440096,1560285567,3,47508,49,7,1.7058504948735245,1551900242,4,47113,49,8135,2.551590579146961,1558188909,2,47491,49,8155
2.1596278463135277,1554000685,10,47302,49,8161,2.113520589587177,1553999534,7,47311,49,8067,2.351889755050875,1553994009,2,47364,49,8149,2.1640129007119278,1558192658,5,47301,49,8079,2.551590579146961,1558188909,2,47491,49,8155
2.2677428484998883,1553997769,4,47346,49,8076,1.7058486049950836,1547708421,7,47132,49,8087,2.217869694363584,1558188593,2,47302,49,8090,1.7522587784923225,1553998507,5,47130,49,8019,0,1551897508,2,47284,49,8162
2.1152605897320265,1551904119,10,47281,49,8107,2.2284687249560844,1553999662,7,47360,49,8076,2.713157344729889,1560285716,2,47510,49,8153,1.41322838159708,1547706646,5,46981,49,8171,2.5414951831238244,155188089,1,47478,49,8101
2.1152605897320265,1551904119,10,47281,49,8107,0,1553999662,7,47360,49,8076,2.009493364272154,1549800302,3,47217,49,8132,1.5523472402805196,1549804026,5,47049,49,8130,2.5414951831238244,1558188089,1,47478,49,8101
1.7265581627409017,1547707980,8,47116,49,8127,2.4394957074019477,1558194008,7,47451,49,8089,2.2170536542357926,1558188777,3,47302,49,8122,2.017343298028637,1556094626,4,47242,49,8079,2.777206459540418,1545605755,1,47063,49,8097
1.7265581627409017,1547707980,8,47116,49,8127,2.4394957074019477,1558194008,7,47451,49,8089,1.7076925821770914,1545605898,2,47080,49,8187,1.4063933306129541,1547706523,5,46984,49,8080,2.777206459540418,1545605755,1,47063,49,8097
2.0728302523663356,1551904252,10,47266,49,8092,2.215618457183079,1553999606,6,47350,49,8095,2.0744642317813855,1558188453,3,47244,49,8143,2.3260831611601858,1560289381,5,47367,49,8077,2.626458118577285,1560285823,1,47509,49,8095
2.0728302523663356,1551904252,10,47266,49,8092,2.215618457183079,1553999606,6,47350,49,8095,1.5594928312774567,1566577584,2,47533,49,8187,2.59616427453046,1547707098,5,46975,49,8178,2.626458118577285,1560285823,1,47509,49,8095
2.2401015925794177,1553999520,8,47338,49,8156,2.274672527164147,1556096767,7,47381,49,8120,2.2168491754958377,1551897153,3,47304,49,8164,2.322714857089949,1562386471,5,47376,49,8090,2.991291281586742,1547703278,2,47164,49,8125
2.422264256772763,1556097890,9,47416,49,8118,1.764188893825727,1547708138,7,47162,49,8062,2.5992296927213805,1564480254,2,47459,49,8179,2.4718325963388406,1545608750,4,46922,49,8101,2.696934860582421,1543508883,1,47034,49,8138
2.422264256772763,1556097890,9,47416,49,8118,1.764188893825727,1547708138,7,47162,49,8062,2.1254639168960114,1558188906,2,47256,49,8182,1.65403665206604,1551901045,5,47092,49,8096,2.696934860582421,1543508883,1,47034,49,8138
2.6187066949829214,1560292717,10,47498,49,8124,2.46958508646121,1558193275,6,47462,49,8068,2.7053036594182323,1543508352,2,46995,49,8091,1.4721802305875276,1549803909,4,47011,49,8117,2.519363640953236,1558189194,2,47463,49,8130
1.5848866306593932,1562389787,10,47570,49,8122,1.9932691287702047,1551902478,7,47260,49,8098,1.805301320579219,1547702748,2,47123,49,8129,1.6938143851944933,1553997469,4,47110,49,8118,2.303133631802583,1556091367,1,47375,49,8116
1.5848866306593932,1562389787,10,47570,49,8122,1.9932691287702047,1551902478,7,47260,49,8098,2.50610634603534,1562383551,2,47428,49,8104,2.158196491732772,1560289129,4,47309,49,8123,2.303133631802583,1556091367,1,47375,49,8116
2.671743667192115,1560292607,10,47522,49,8171,2.4371498203138557,1558194235,7,47444,49,8071,1.636906908749558,1549799963,2,47054,49,8181,1.7313521754423324,1551901343,5,47110,49,0,3.064524791587565,1549800629,1,47190,49,8125
2.671743667192115,1560292607,10,47522,49,8171,2.4371498203138557,1558194235,7,47444,49,8071,1.5785666035655588,1560286284,3,47538,49,8078,1.3881374927222672,1547707232,5,46971,49,8052,3.064524791587565,1549800629,1,47190,49,8125
2.1025106632527963,1551903505,9,47279,49,8061,2.4050212926151513,1558193397,7,47439,49,8094,2.2644824741585556,1560285930,2,47317,49,8108,2.552306337971501,1547707424,5,46957,49,8143,2.2659062657362674,1553994788,1,47356,49,8118
2.1025106632527963,1551903505,9,47279,49,8061,2.4050212926151513,1558193397,7,47439,49,8094,1.7856159977757164,1553994113,2,47116,49,8174,1.9137155941708939,1556095111,5,47202,49,8124,2.2659062657362674,1553994788,1,47356,49,8118
2.476321759640482,1558195470,10,47438,49,8129,2.109644863177129,1553998638,6,47311,49,8145,2.4293057196078442,1562383579,3,47389,49,8162,1.8959690685910353,1556095314,5,47191,49,8146,2.287426265026629,1556091556,2,47369,49,8086
2.476321759640482,1558195470,10,47438,49,8129,2.109644863177129,1553998638,6,47311,49,8145,2.0826246286255947,1549799866,3,47244,49,8143,2.492538459008813,1547705950,4,46926,49,8079,2.287426265026629,1556091556,2,47369,49,8086
1.595086596200009,1562389664,9,47574,49,8159,1.762454575575816,1547707983,6,47163,49,8105,2.526607719537182,1562382727,2,47435,49,8148,1.8426253778133903,1553998140,5,47170,49,8115,2.2993601538565387,1556091629,2,47372,49,8082
1.9023969894133994,1549807078,10,47193,49,8059,2.567091525895075,1560290122,6,47498,49,8013,2.0323406103792845,1556091109,2,47225,49,8142,1.8592528778450788,1553998548,5,47167,49,8078,2.378302151941181,1556091609,1,47414,49,8137
1.9023969894133994,1549807078,10,47193,49,8059,2.567091525895075,1560290122,6,47498,49,8013,1.6053899298569285,1549800187,2,47043,49,8105,2.420120979741479,1545610021,5,46900,49,8116,2.378302151941181,1556091609,1,47414,49,8137
2.2165405430358063,1554000604,9,47329,49,8167,2.0978132192100603,1553999214,7,47307,49,8086,1.8573178040302136,1553994442,2,47149,49,8167,1.8548659693593585,1553998235,5,47170,49,8119,2.443377168065515,1558188693,1,47432,49,8097
2.513753609232739,1558195355,10,47455,49,8105,1.6254752400730887,1545611007,7,47106,49,8042,2.511511906782801,1562382954,2,47431,49,8164,1.8666976104968036,1553997437,4,47174,49,8125,2.572296468092969,1558188776,1,47488,49,8126
2.513753609232739,1558195355,10,47455,49,8105,1.6254752400730887,1545611007,7,47106,49,8042,2.036013717542034,1549800595,3,47221,49,8166,2.4510244949901474,1545609276,5,46917,49,8127,2.572296468092969,1558188776,1,47488,49,8126
2.491213086333713,1558194428,8,47444,49,8115,1.966546163557669,1551902412,7,47250,49,8165,2.342508115231682,1553994591,3,47352,49,8134,2.1586073438785305,1558193096,5,47296,49,8113,2.3727962760677803,1556092001,2,47396,49,8152
2.491213086333713,1558194428,8,47444,49,8115,1.966546163557669,1551902412,7,47250,49,8165,2.1912489619206044,1558189179,2,47291,49,8149,2.0009221358809532,1556095502,4,47234,49,8107,2.3727962760677803,1556092001,2,47396,49,8152
2.7610916322181915,1560292337,10,47558,49,8084,2.6455261147726423,1560291574,7,47537,49,8102,2.566080627878663,1564480140,2,47448,49,8157,1.5851900797647338,1551900954,5,47062,49,8138,2.553020116840954,1558188849,1,47477,49,8069
2.7610916322181915,1560292337,10,47558,49,8084,2.6455261147726423,1560291574,7,47537,49,8102,2.222561456618668,1560285893,2,47304,49,8054,1.4153678874362046,1549803395,4,46991,49,8107,2.553020116840954,1558188849,1,47477,49,8069
2.10873226552338,1551903783,9,47282,49,8132,2.388804621451158,1556096076,6,47430,49,8073,2.3428129534896036,1560286019,2,47357,49,8146,2.164011020137619,1558192255,5,47307,49,8099,3.1561164023878323,1549800320,1,47220,49,8111
2.285387127607207,1553999833,8,47358,49,8131,1.8024367802884285,1547707726,6,47171,49,8059,1.761238913059191,1551897320,2,47107,49,8085,2.2525429259931498,1560289656,5,47343,49,8098,3.3548024677673784,1553994444,2,47304,49,8176
2.153406241885406,151903900,10,47300,49,8123,0,1551902127,6,47261,49,8066,2.6532852987009106,1564480254,2,47489,49,8123,1.4480076279660714,1549803569,5,46999,49,8115,3.1690689171255575,1549799973,1,47229,49,8164
2.153406241885406,1551903900,10,47300,49,8123,1.999695211534031,1551902127,6,47261,49,8066,2.200325768644862,1558188802,2,47298,49,8160,2.59636684719952,1547707180,5,46980,49,8119,3.1690689171255575,1549799973,1,47229,49,8164
2.6522628238588597,1560291519,8,47513,49,8113,1.7298167279807846,1547707177,6,47147,49,8113,2.6497163089397904,1564480476,3,47484,49,8188,1.4549430250728568,1549803479,5,47004,49,8068,2.5711756107952883,1560285385,1,47483,49,8118
2.6522628238588597,1560291519,8,47513,49,8113,1.7298167279807846,1547707177,6,47147,49,8113,1.8086677097152886,1553994348,2,47122,49,8126,2.1801254571424846,1560289628,5,47318,49,8058,2.5711756107952883,1560285385,1,47483,49,8118
1.623032696499651,1562386367,4,47588,49,8102,2.3437235877264446,1556096174,6,47408,49,8048,2.1686061906852045,1558188937,2,47281,49,8158,2.3068030057135,1560288169,4,47372,49,8165,2.8832785562625887,1545605857,1,47111,49,8113
1.623032696499651,1562386367,4,47588,49,8102,2.3437235877264446,1556096174,6,47408,49,8048,2.4572518110131134,1562383469,2,47403,49,8165,1.8793452887725908,1556094849,5,47179,49,8090,2.8832785562625887,1545605857,1,47111,49,8113
0,1547708915,8,47143,49,8145,1.6899367616991754,1547708618,7,47130,49,8071,2.7289669595305153,1549800545,2,47003,49,8118,2.0109172172933922,1556094526,5,47241,49,8142,3.142855258196098,1549800307,1,47222,49,8137
1.784286907048196,1547708915,8,47143,49,8145,1.6899367616991754,1547708618,7,47130,49,8071,1.7524669579810623,1551897540,2,47105,49,8158,1.564178886767066,1551900866,5,47053,49,8107,3.142855258196098,1549800307,1,47222,49,8137
1.8838344174935282,1549806306,9,47183,49,8130,2.258149120894813,1556096952,7,47375,49,8101,2.1564696958474943,1558189265,3,47274,49,8151,2.589433366940844,1547706565,4,46969,49,8139,2.1710505286067003,1553994488,1,47310,49,8106
1.9324844874756204,1549805868,9,47210,49,8148,1.6280255954568754,1545610962,7,47105,49,8074,2.350768874571877,1553994467,3,47361,49,8153,1.5296041358730004,1549804113,5,47032,49,8138,2.4978436642033173,1558188843,1,47442,49,8107
1.9324844874756204,1549805868,9,47210,49,8148,1.6280255954568754,1545610962,7,47105,49,8074,1.5225721723488064,1549800190,2,47001,49,16,2.337301354207598,1545609691,5,46865,49,8103,2.4978436642033173,1558188843,1,47442,49,8107
2.0392741195486135,1551903838,9,47251,49,8116,2.108726579754008,1553999729,7,47312,49,8148,1.8193766046155448,1547702984,2,47131,49,1,2.5351694589545257,1547707243,5,46957,49,8083,2.757011422201016,1545606022,2,47045,49,8124
2.0392741195486135,1551903838,9,47251,49,8116,2.108726579754008,1553999729,7,47312,49,8148,2.1158759133864544,1558188761,2,47256,49,8105,2.2469328792562133,1560289653,5,47343,49,8177,2.757011422201016,1545606022,2,47045,49,8124
2.188798936066564,1554000756,9,47313,49,8167,2.6383862259958457,1560290803,6,47535,49,8095,2.393505939317211,1553993958,3,47374,49,8083,2.4220578834605626,1545610112,5,46906,49,8149,3.08268219045037,1549800487,2,47180,49,8118
2.188798936066564,1554000756,9,47313,49,8167,2.6383862259958457,1560290803,6,47535,49,8095,2.6158534410824466,1558188875,2,47474,49,8143,2.1568730203887863,1558192375,4,47298,49,8149,3.08268219045037,1549800487,2,47180,49,8118
2.0589594458627496,1551903845,10,47258,49,8071,1.6400617094112135,1545611275,7,47107,49,8122,2.551291538814534,1564479971,2,47443,49,8148,1.9978624517576264,1556094569,4,47233,49,8112,3.0518771260353086,1549800094,2,47178,49,8105
2.0589594458627496,1551903845,10,47258,49,8071,1.6400617094112135,1545611275,7,47107,49,8122,1.7571587165975786,1551897596,2,47109,49,8132,2.0672183526726737,1558191584,4,47265,49,8142,3.0518771260353086,1549800094,2,47178,49,8105
2.335059593583109,1556098227,10,47375,49,8090,2.101281867195947,1553999209,7,47305,49,8102,1.6397639949113563,1551897210,2,47052,49,8175,1.9317688378710458,1556094823,4,47209,49,8117,2.18379856661985,1553993951,1,47321,49,8083
2.335059593583109,1556098227,10,47375,49,8090,2.101281867195947,1553999209,7,47305,49,8102,1.9336109803926294,1556091668,2,47179,49,8152,2.004593375983025,1556094730,4,47239,49,8124,2.18379856661985,1553993951,1,47321,49,8083
2.606977290621903,1560291251,9,47493,49,13,2.5585240470469346,1560290813,7,47502,49,8056,1.7476729574880225,1551897336,2,47106,49,8133,1.8485421265801152,1553997925,5,47169,49,8059,2.5667886647938243,1558188353,1,47486,49,8059
1.7226824376706453,1547708353,8,47115,49,8109,1.8212038230529763,1549804706,6,47187,49,8033,1.7840861519550681,1553994269,2,47117,49,8096,1.7946891047654439,1553998043,4,47146,49,8137,3.0058777941990007,1547703240,2,47157,49,8061
1.7226824376706453,1547708353,8,47115,49,8109,1.8212038230529763,1549804706,6,47187,49,8033,2.0111272973190824,1556091629,2,47211,49,8158,1.932380397081048,1556095678,5,47212,49,8126,3.0058777941990007,1547703240,2,47157,49,8061
2.462246474503012,1558194467,8,47432,49,8105,2.689179550913307,1560290836,7,47557,49,8103,2.1784990345915083,1551897374,2,47290,49,8074,2.0001060906786328,1556095857,5,47236,49,8092,2.6916315703074023,1560286089,1,47534,49,8150
1.6935113590907303,1545611831,9,47104,49,8129,1.9867408046889212,1551902782,7,47260,49,8069,2.3240459011817904,1560285934,2,47351,49,8132,2.297319137382452,1560290007,5,47362,49,8142,3.1821236732786264,1549800200,1,47237,49,8117
2.1597300866608453,1551903455,9,47301,49,8157,2.483558122661692,1558194419,7,47469,49,8152,2.4555174839730416,1562383279,2,47406,49,8190,2.307418353853719,1560289831,5,47359,49,8082,2.540067608951673,1558189105,2,47468,49,8117
2.1597300866608453,1551903455,9,47301,49,8157,2.483558122661692,1558194419,7,47469,49,8152,2.472040893706966,1562383516,2,47412,49,8181,2.0217283380423043,1556094279,4,47248,49,8125,2.540067608951673,1558189105,2,47468,49,8117
2.641349463894239,1560291930,9,47507,49,8127,1.7664325353746346,1547707428,6,47164,49,8091,2.3952402611574994,1562383052,3,47373,49,8110,2.057630347296386,1558192742,5,47264,49,8104,3.057284577228971,1549799865,1,47173,49,8071
1.9735894573611186,1549806620,10,47222,49,8081,2.230712354819094,1553999153,7,47364,49,8046,2.3631098389736183,1560285958,2,47368,49,8147,2.368716084848105,1545609008,4,46878,49,8081,2.4488830808339594,1558188933,2,47434,49,8108
1.9735894573611186,1549806620,10,47222,49,8081,2.230712354819094,1553999153,7,47364,49,8046,2.2502027050994813,1560285372,2,47315,49,8138,2.1567688903123536,1558192399,5,47308,49,8135,2.4488830808339594,1558188933,2,47434,49,8108
2.560773472731429,1558194637,9,47473,49,8076,2.710087976907809,1562388010,7,47568,49,8093,2.1917601527415114,1558189091,2,47288,49,8088,2.4599990343213136,1545609375,5,46927,49,8147,3.0555502547838786,1547702884,2,47174,49,8104
2.560773472731429,1558194637,9,47473,49,8076,2.710087976907809,1562388010,7,47568,49,8093,2.2195017712192833,1558188506,2,47304,49,8158,2.3079276694577926,1560288858,4,47362,49,8153,3.0555502547838786,1547702884,2,47174,49,8104
1.595188440765083,1562389563,9,47572,49,8156,1.6546463185176152,1547707195,6,47116,49,8129,2.0545762891782418,1556092038,2,47233,49,8140,2.152586445596333,1560289108,4,47309,49,8089,3.322876509333323,1551897471,1,47297,49,8111
1.595188440765083,1562389563,9,47572,49,8156,1.6546463185176152,1547707195,6,47116,49,8129,2.2338837759528687,1558188767,2,47307,49,8173,2.441640967032916,1545608742,4,46915,49,8165,3.322876509333323,1551897471,1,47297,49,8111
2.54119038416057,1558194146,8,47465,49,8166,2.4452079949741874,1558194330,7,47453,49,8050,2.1857411561409688,1558188668,3,47291,49,8129,1.5350096931696333,1549804618,5,47036,49,8078,3.150303770200997,1549800581,2,47213,49,8102
2.54119038416057,1558194146,8,47465,49,8166,2.4452079949741874,1558194330,7,47453,49,8050,2.049680051669141,1549800265,2,47233,49,8116,2.4546957205472713,1545609232,5,46923,49,8083,3.150303770200997,1549800581,2,47213,49,8102
2.484277689617329,1558194966,9,47439,49,8118,2.359838015817923,1556097189,7,47418,49,8099,2.2541806666963025,1560286031,2,47316,49,8166,2.1490193352585427,1558192602,5,47296,49,8129,3.010160590258293,1547702983,2,47163,49,21
2.484277689617329,1558194966,9,47439,49,8118,2.359838015817923,1556097189,7,47418,49,8099,1.7532829930107667,1545606047,3,47107,49,8150,1.409148175444236,1547706172,4,46982,49,8107,3.010160590258293,1547702983,2,47163,49,21
2.73253207852132,1560292018,9,47549,49,8104,2.200013329092711,1553999787,7,47345,49,8041,1.6182420979187764,1551897062,2,47047,49,8120,1.6972830004837323,1551900743,5,47113,49,8119,3.0704396875039324,1549799787,1,47188,49,8093
2.73253207852132,1560292018,9,47549,49,8104,2.200013329092711,1553999787,7,47345,49,8041,2.62727802180397,1564480323,2,47474,49,8142,1.5521446460118216,1549804077,5,47048,49,8119,3.0704396875039324,1549799787,1,47188,49,8093
2.2625398791995153,1554000444,9,47349,49,8027,2.6845900383699024,1560290263,6,47554,49,8029,2.4363433600461035,1562383320,2,47394,49,8142,1.8509902321654101,1553998184,5,47174,49,8140,2.522525581456779,1558189090,2,47456,49,8135
2.2625398791995153,1554000444,9,47349,49,8027,2.6845900383699024,1560290263,6,47554,49,8029,2.399318578505809,1560286085,3,47381,49,8153,1.657914209295948,1551901548,5,47091,49,8081,2.522525581456779,1558189090,2,47456,49,8135
1.8688408575181539,1549806391,9,47177,49,8115,1.9474742834053407,1549805065,7,47237,49,8119,2.1871687579986707,1558188903,2,47293,49,8190,1.8193710307099702,1553997687,4,47164,49,8072,3.0498379699400147,1549800179,1,47174,49,8130
2.704688247228297,1560292457,9,47534,49,8124,2.4255226646001553,1558194162,7,47446,49,8047,2.090273832176272,1551896979,3,47251,49,8133,2.1363716406064146,1558192859,5,47296,49,8090,2.4284839524773316,1558188582,2,47426,49,8123
2.3333252717943873,1556098017,9,47375,49,8149,1.7855062947942024,1547707438,6,47169,49,8078,1.7296215441084701,1551897219,2,47094,49,8121,2.2530522239527513,1560289930,5,47352,49,8108,3.029234354736488,1547703100,1,47170,49,8093
2.3333252717943873,1556098017,9,47375,49,8149,1.7855062947942024,1547707438,6,47169,49,8078,1.6985135169893202,1551897399,2,47079,49,8089,2.0185664062205855,1558192677,5,47251,49,8043,3.029234354736488,1547703100,1,47170,49,8093
1.9787905430809554,1549806100,9,47227,49,8150,2.3170006175597995,1556097341,7,47398,49,8135,1.5594947091045914,1543508761,3,47018,49,8129,2.2538701600813678,1560289896,5,47344,49,8079,2.327510737728234,1556091858,2,47378,49,8118
1.6408814713252586,1562390308,11,47596,49,8173,1.695342323869636,1547707360,6,47125,49,8022,2.631151830315654,1564480375,2,47487,49,8180,1.3970116866676647,1547707047,5,46977,49,8089,2.8718558685448614,1545605959,1,47105,49,8142
1.6408814713252586,1562390308,11,47596,49,8173,0,1547707360,6,47125,49,8022,2.639923800916351,1564480114,3,47489,49,8134,2.331486810397887,1545609914,5,46871,49,8103,2.8718558685448614,1545605959,1,47105,49,8142
2.47479192253431,1558195740,10,47436,49,8113,2.3241405030570936,1556096997,7,47400,49,8141,2.6226865917214157,1558189010,3,47482,49,8155,1.5159359082485309,1549804338,5,47035,49,8127,2.208789098718817,1553994494,1,47326,49,8
2.47479192253431,1558195740,10,47436,49,8113,2.3241405030570936,1556096997,7,47400,49,8141,2.5460904576929995,1562382598,2,47441,49,8118,2.5122218638967175,1547707030,5,46947,49,8080,2.208789098718817,1553994494,1,47326,49,8
2.1251534337034275,1551902953,8,47288,49,8119,1.7957039823515744,1549804785,7,47181,49,8170,2.4734684865029473,1562383040,2,47417,49,8154,1.6482258241843608,1551901030,5,47082,49,8110,2.7428338860211596,1545605738,1,47042,49,8139
2.1251534337034275,1551902953,8,47288,49,8119,1.7957039823515744,1549804785,7,47181,49,8170,2.4990686935323576,1562382953,2,47430,49,33,1.388135586727129,1549803382,5,46984,49,8078,2.7428338860211596,1545605738,1,47042,49,8139
2.644306896059314,1560292338,9,47510,49,8127,2.2389750116653597,1553998738,6,47363,49,8119,2.3127254520126677,1560285781,2,47345,49,8103,1.3902788779426865,1547706928,5,46979,49,8083,2.9206100430869166,1547703137,1,47123,49,8106
2.644306896059314,1560292338,9,47510,49,8127,2.2389750116653597,1553998738,6,47363,49,8119,2.7008163771589317,1566577156,2,47508,49,8138,1.5248082133651237,1551900353,4,47044,49,8137,2.9206100430869166,1547703137,1,47123,49,8106
2.6356371694243084,150291199,8,47507,49,8052,2.1143366238203902,1553998715,6,47313,49,8079,14.583888997255142,1549800249,3,47045,49,8160,1.8457854192699121,1556094740,4,47183,49,8096,2.6471620772131996,1560285816,1,47516,49,8129
2.6356371694243084,1560291199,8,47507,49,8052,2.1143366238203902,1553998715,6,47313,49,8079,1.8925060119267159,1553995149,3,47169,49,8120,1.6741309078628397,1551899953,4,47098,49,8079,2.6471620772131996,1560285816,1,47516,49,8129
2.7649673537480584,1562389434,9,47559,49,8105,2.6167640022677623,1560291330,7,47523,49,8146,1.8582379141533243,1547703054,2,47145,49,8145,1.6024272710263605,1551900899,4,47073,49,8134,2.8090282874021675,1545605895,1,47073,49,8127
2.7649673537480584,1562389434,9,47559,49,8105,2.6167640022677623,1560291330,7,47523,49,8146,2.1734001833057732,1558189213,2,47287,49,8184,1.7564393492920942,1553998689,5,47139,49,8170,2.8090282874021675,1545605895,1,47073,49,8127
2.465510638107449,1558194951,9,47433,49,8141,2.650931670482974,1560291203,7,47540,49,8086,2.2418396944296872,1560285765,3,47312,49,8117,2.153915572766406,1558192966,5,47298,49,8124,2.495902933336493,1558189212,2,47455,49,8120
2.465510638107449,1558194951,9,47433,49,8141,2.650931670482974,1560291203,7,47540,49,8086,2.4724479607681187,1556091560,2,47419,49,8118,1.896376143180821,1556095477,5,47199,49,8163,2.495902933336493,1558189212,2,47455,49,8120
1.8898515433130967,1549807255,10,47189,49,8091,2.3864587411295273,1556096680,7,47429,49,8076,2.647777485866865,1564480125,2,47492,49,8125,2.2806934828947543,1560289204,4,47359,49,8133,3.01832099199026,1549800185,1,47165,49,8139
1.8898515433130967,1549807255,10,47189,49,8091,2.3864587411295273,1556096680,7,47429,49,8076,1.5520480995697674,1549800320,3,47021,49,8173,2.0169343314824535,1558191089,4,47249,49,8156,3.01832099199026,1549800185,1,47165,49,8139
2.1471846374357737,1551903474,9,47298,49,8123,2.133308148296288,1553998652,6,47320,49,8095,1.6136525690635362,1549800102,2,47049,49,8133,2.3213894949115703,1545609347,5,46864,49,8113,2.390338302704993,1556092151,2,47410,49,8116
2.601571729620863,1558194486,9,47491,49,8114,1.9613450816879512,1551902548,7,47246,49,8134,1.9683902433857265,1549800009,2,47203,49,8120,2.4488830914943263,1545609100,5,46918,49,8094,2.9426431306142433,1547703381,1,47123,49,8148
2.601571729620863,1558194486,9,47491,49,8114,1.9613450816879512,1551902548,7,47246,49,8134,2.0565132100227212,1556091349,3,47243,49,8168,2.2429549085521328,1560290056,5,47345,49,8104,2.9426431306142433,1547703381,1,47123,49,8148
1.910862233015818,1549806284,9,47199,49,8086,1.813859460197898,1549805358,7,47188,49,8092,2.113734500558041,1558189073,2,47258,49,8098,2.310067161690495,1545609609,5,46863,49,8126,2.2500966713153705,1553994963,2,47345,49,8040
2.6303338518304984,1560291965,9,47505,49,8166,1.7803033357949707,1547707947,7,47173,49,8078,2.1415802258902903,1558188955,2,47265,49,8087,1.3988444696810332,1549803537,4,46989,49,8118,2.7410995544039647,1545606052,2,47043,49,8106
2.6303338518304984,1560291965,9,47505,49,8166,1.7803033357949707,1547707947,7,47173,49,8078,2.031933508850583,1556092258,3,47228,49,8105,2.449087579259411,1545609627,5,46916,49,8130,2.7410995544039647,1545606052,2,47043,49,8106
2.255706715364959,1553999647,8,47346,49,8099,1.7734701730839646,1547708361,7,47168,49,8076,1.7548128265651208,1551896918,3,47113,49,8132,1.3900762899931154,1547706876,4,46971,49,8131,3.2950326699363384,1551897345,1,47284,49,8086
1.6692365072881892,1545611781,9,47096,49,8097,2.6792867276169536,1560291237,7,47543,49,8050,2.6261552421900682,1564480854,3,47482,49,8105,2.4632631953058555,1547706574,5,46929,49,8156,0,1553994831,2,47356,49,8108
2.637269248926411,1560292414,9,47509,49,8113,2.6997861606812217,1560290676,7,47558,49,8090,2.204303717036283,1558188947,3,47306,49,8089,1.3866057527484863,1547705809,4,46981,49,8080,2.76639494102991,1545605954,1,47051,49,8135
2.637269248926411,1560292414,9,47509,49,8113,2.6997861606812217,1560290676,7,47558,49,8090,2.1747274138159125,1551897318,2,47284,49,1,1.5543863804964868,1549803680,5,47056,49,8100,2.76639494102991,1545605954,1,47051,49,8135
1.609977917701132,1562388864,9,47581,49,8181,1.9330922766001173,1549805274,7,47235,49,8128,1.9083156098372398,1556091245,2,47176,49,8108,1.8393612084942994,1553997753,5,47174,49,8146,2.4167545438792963,1556091628,1,47423,49,8106
1.609977917701132,1562388864,9,47581,49,8181,1.9330922766001173,1549805274,7,47235,49,8128,1.850791326672256,1547702955,3,47148,49,13,1.644246026224951,1551901760,5,47087,49,8149,2.4167545438792963,1556091628,1,47423,49,8106
2.729574643490988,1560292124,9,47548,49,8040,2.0612996557515704,1551901762,6,47290,49,8091,1.745633771774106,1545605720,3,47107,49,30,1.972873796217907,1556095390,4,47225,49,8152,2.86889842770594,1547702714,1,47102,49,8122
2.729574643490988,1560292124,9,47548,49,8040,2.0612996557515704,1551901762,6,47290,49,8091,1.7495094954285715,1551897069,2,47109,49,8133,1.7169683265845739,1551900682,5,47118,49,8107,2.86889842770594,1547702714,1,47102,49,8122
2.708868772889242,1560292446,10,47543,49,8126,2.2213288302610517,1553999548,7,47361,49,8042,1.758893019970656,1545605695,2,47113,49,8095,2.00428664862024,1556095174,5,47245,49,8141,2.2023611228397852,1553994280,1,47333,49,9
2.708868772889242,1560292446,10,47543,49,8126,2.2213288302610517,1553999548,7,47361,49,8042,1.9161692974507571,1553994584,2,47176,49,8129,1.7992767631932314,1553998662,5,47159,49,8131,2.2023611228397852,1553994280,1,47333,49,9
2.725698924220659,1560292257,10,47546,49,8125,2.3825830156874055,1556096716,7,47429,49,8127,0,1556091831,2,47221,49,8130,2.03376257494991,1558192653,5,47260,49,8128,2.681941305600993,1545605381,1,47022,49,8113
2.725698924220659,1560292257,10,47546,49,8125,2.3825830156874055,1556096716,7,47429,49,8127,2.240105376324401,1558188408,2,47312,49,8150,1.839974635472592,1553998420,5,47168,49,8125,2.681941305600993,1545605381,1,47022,49,8113
1.568465462399572,1562389295,9,47564,49,8106,2.5498543145210406,1560290952,7,47501,49,8062,2.417169230532189,1562383121,2,47384,49,8186,2.1027132752857267,1558192921,5,47280,49,8116,3.1640704237249793,1551897419,1,47231,49,8112
1.568465462399572,1562389295,9,47564,49,8106,2.5498543145210406,1560290952,7,47501,49,8062,1.5279777322707215,1566577214,2,47518,49,8108,1.8466033263956796,1553997489,4,47175,49,8142,3.1640704237249793,1551897419,1,47231,49,8112
1.662912668031656,1545612345,10,47094,49,8089,1.6091563087469218,1545611019,7,47100,49,8166,1.7446132689267544,1545605939,3,47106,49,8181,2.156159213116771,1558193036,5,47300,49,8138,2.4247104740088523,1558188760,1,47424,49,8105
1.662912668031656,1545612345,10,47094,49,8089,1.6091563087469218,1545611019,7,47100,49,8166,1.8825109221979304,1553995142,3,47162,49,8119,1.8500719601122373,1553997432,4,47173,49,8160,2.4247104740088523,1558188760,1,47424,49,8105
1.8050931214159327,1547708530,8,47156,49,8170,1.8562897817703263,1549804237,6,47205,49,8113,1.9737976672649544,1556092032,3,47195,49,8131,2.1196456409751576,1558193007,5,47282,49,8082,2.969261981421968,1547702983,2,47141,49,8099
1.8050931214159327,1547708530,8,47156,49,8170,1.8562897817703263,1549804237,6,47205,49,8113,2.216237607080652,1558188939,3,47306,49,8106,1.8470122776104438,1553997941,5,47171,49,8134,2.969261981421968,1547702983,2,47141,49,8099
2.013367188736615,1551903507,9,47242,49,8114,2.180327995445796,1553999876,7,47340,49,8144,2.3965656174131067,1562382738,2,47378,49,8115,2.155343172688864,1558192682,5,47300,49,8054,2.2773270623680983,1556091851,1,47365,49,8147
2.013367188736615,1551903507,9,47242,49,8114,2.180327995445796,1553999876,7,47340,49,8144,1.557046588644429,1549800228,2,47017,49,8143,1.8433391681962914,1553997394,4,47175,49,8102,2.2773270623680983,1556091851,1,47365,49,8147
2.258868637003666,1554001023,9,47347,49,8067,2.524049631070878,1558193659,7,47490,49,8106,1.942280699240113,1549800114,3,47184,49,8103,1.844564159264831,1556094065,4,47171,49,8101,2.853191065949841,1545606127,2,47095,49,8090
2.537926212529623,1558195541,10,47467,49,8140,1.705644116464572,1547708131,6,47138,49,8121,2.084563414715046,1558188899,3,47245,49,8082,2.161157698151946,1558192628,4,47298,49,8087,2.200630581208894,1553994880,2,47317,49,8149
2.537926212529623,1558195541,10,47467,49,8140,0,1547708131,6,47138,49,8121,2.189414268502037,1558189232,3,47289,49,8098,1.8629241184860035,1553998509,5,47174,49,8125,2.200630581208894,1553994880,2,47317,49,8149
2.6036108753873792,1560292346,10,47495,49,8084,1.773775013321315,1547707757,7,47174,49,8067,1.953398538700258,1556091846,3,47187,49,8138,1.7354305175739537,1551900870,5,47120,49,8055,2.303642962725159,1556091608,1,47371,49,8143
2.6036108753873792,1560292346,10,47495,49,8084,1.773775013321315,1547707757,7,47174,49,8067,2.1934925968090218,1558188942,3,47297,49,8142,1.8500719626975357,1553998211,5,47172,49,8095,2.303642962725159,1556091608,1,47371,49,8143
2.1855347652516093,1554001383,10,47317,49,8164,2.390129962151826,1558193155,7,47435,49,8048,2.1849251125310727,1558188794,2,47293,49,8156,2.157384216871911,1558192918,5,47295,49,8151,3.2480147218797564,1551897525,1,47256,49,8046
2.1855347652516093,1554001383,10,47317,49,8164,2.390129962151826,1558193155,7,47435,49,8048,2.3506666302158705,1553994448,3,47364,49,8118,1.854761858980333,1553997479,4,47182,49,8047,3.2480147218797564,1551897525,1,47256,49,8046
2.7077479129770143,1560292689,10,47541,49,8073,2.5579124919373495,1560290693,7,47502,49,8097,2.458781644473106,1562383278,2,47408,49,8137,2.1557502529555053,1558192269,5,47303,49,8168,2.593309067394555,1558188830,1,47491,49,8129
2.7077479129770143,1560292689,10,47541,49,8073,2.5579124919373495,1560290693,7,47502,49,8097,1.5658166699814933,1549800326,2,47026,49,8165,1.9531884745910448,1556095872,5,47217,49,8103,2.593309067394555,1558188830,1,47491,49,8129
2.1022039334269698,1551903563,9,47286,49,8104,1.5859019798385436,1545610324,6,47088,49,8104,2.2086906430779067,1551897378,3,47299,49,8167,1.9961281274043468,1556095732,5,47236,49,8132,3.173556192159869,1549800479,2,47233,49,8105
1.5544924134013687,1562388504,8,47560,49,8137,1.8588401418244327,1549805516,7,47204,49,8049,1.5688763506967915,1543508750,2,47028,49,8187,1.9923527691229093,1558192063,5,47241,49,8073,2.5425138166499566,1558188831,2,47476,49,8109
2.271923390288473,1554000925,9,47358,49,8094,2.2107221972503974,1553999931,7,47354,49,8176,1.9094365130746684,1547702946,3,47177,49,8100,2.1155654420863383,1558192326,4,47281,49,8064,3.1571369282939186,1549800437,1,47218,49,8036
1.8233508331808386,1547709441,10,47164,49,8096,2.1196399333823144,1553998979,6,47319,49,8099,2.6532852933388105,1558188525,3,47492,49,8137,2.047328541713951,1558192881,5,47262,49,8158,3.1487720323569564,1549800065,1,47220,49,8145
1.8233508331808386,1547709441,10,47164,49,8096,2.1196399333823144,1553998979,6,47319,49,8099,1.788880147444016,1553994593,3,47119,49,8118,2.1710486536099327,1560290022,5,47313,49,8138,3.1487720323569564,1549800065,1,47220,49,8145
1.7877536721619376,1547709578,10,47153,49,8123,1.9940851627442606,1551902804,7,47262,49,8105,1.9139256540588039,1553994214,3,47173,49,8145,2.4736672427965,1547707080,5,46933,49,8158,2.8520683087349368,1547703053,1,47097,49,8098
0,1547709578,10,4715,49,8123,15.217916157668732,1551902804,7,47262,49,8105,15.413036344050871,1560285495,2,47306,49,8183,2.2889561295757432,1560289529,4,47360,49,8046,2.8520683087349368,1547703053,1,47097,49,8098
2.706115828225913,560292473,10,47541,49,8171,1.5991612228311363,1545611424,7,47094,49,8091,2.5026395889752413,1562383411,2,47425,49,8117,2.524360245766411,1547706935,5,46948,49,8118,2.229085990153301,1553994571,1,47333,49,8143
2.706115828225913,1560292473,10,47541,49,8171,1.5991612228311363,1545611424,7,47094,49,8091,1.7478774251048088,1545605973,2,47105,49,8179,2.2641700707079546,1560290035,5,47355,49,8110,2.229085990153301,1553994571,1,47333,49,8143
2.09302489069249,1551903893,9,47280,49,8121,2.089857288132597,1553999222,7,47307,49,8096,1.8432425120943663,1553995073,3,47146,49,8186,2.1534043644231575,1558192496,5,47305,49,8103,2.4271586011490665,1556091674,1,47423,49,8188
2.09302489069249,1551903893,9,47280,49,8121,2.089857288132597,1553999222,7,47307,49,8096,2.404623784853777,1562383268,3,47378,49,8177,2.2887535395074097,1560290157,5,47354,49,8171,2.4271586011490665,1556091674,1,47423,49,8188
2.216336050694112,1554000926,10,47335,49,8069,2.3373997372037447,1556097182,7,47408,49,8154,2.6426767509357316,1558188609,2,47492,49,8149,2.465304250761477,1547706664,5,46927,49,8106,3.233939439199884,1551897633,2,47249,49,8156
2.216336050694112,1554000926,10,47335,49,8069,2.3373997372037447,1556097182,7,47408,49,8154,1.609674612528867,1549800618,3,47044,49,8116,2.125965707554607,1558191396,4,47302,49,8091,3.233939439199884,1551897633,2,47249,49,8156
2.038355831122616,1551903939,9,47256,49,8165,2.2371384352515973,1553998884,6,47367,49,8090,1.700348232440213,1551897432,2,47083,49,8134,2.0086735627676253,1556095168,5,47244,49,8108,2.3358756366663838,1556091735,1,47374,49,8126
1.6861669970193234,1547709480,10,47109,49,8111,1.936049712705763,1549804790,6,47239,49,8116,2.668992663371667,1564480026,2,47498,49,8185,1.7477696232881148,1553997912,5,47138,49,6,2.55577497725341,1558189049,1,47474,49,8113
1.6861669970193234,1547709480,10,47109,49,8111,1.936049712705763,1549804790,6,47239,49,8116,2.427062074847953,1562383444,3,47390,49,8119,2.442661485744775,1545608791,4,46917,49,8127,2.55577497725341,1558189049,1,47474,49,8113
2.640226673444164,1560292979,10,47515,49,8124,2.7370160171930524,1562388105,6,47578,49,8071,2.2084861646828204,1551896874,2,47301,49,8088,2.5005927879193237,1547706889,5,46949,49,8075,2.365756729601184,1556091496,1,47401,49,8113
2.640226673444164,1560292979,10,47515,49,8124,2.7370160171930524,1562388105,6,47578,49,8071,2.0995569809568657,1558188579,2,47249,49,8155,1.9943937997684313,1556095257,5,47240,49,0,2.365756729601184,1556091496,1,47401,49,8113
2.346584504870461,1556096919,8,47386,49,8113,2.1606426684126854,1553999947,7,47333,49,8123,1.9612522230946339,1556091537,3,47189,49,8140,2.008264603780269,1556094542,5,47248,49,8142,2.143511518435508,1553994615,2,47300,49,8134
2.346584504870461,1556096919,8,47386,49,8113,2.1606426684126854,1553999947,7,47333,49,8123,1.889955661904305,1547702737,2,47168,49,8102,1.4647336040623824,1549803916,5,47017,49,8135,2.143511518435508,1553994615,2,47300,49,8134
1.9415631537125777,1549806545,9,47213,49,8160,2.543223727409499,1560290309,6,47502,49,8102,1.8014255921166917,1553994727,2,47124,49,8146,1.4164906381869602,1549804121,5,46994,49,8047,3.0378018419510813,1547702917,2,47172,49,8162
1.9415631537125777,1549806545,9,47213,49,8160,2.543223727409499,1560290309,6,47502,49,8102,1.783372346419711,1547702749,3,47117,49,8075,2.0130586048597205,1558192004,5,47249,49,8086,3.0378018419510813,1547702917,2,47172,49,8162
2.274371513126076,1554000359,8,47358,49,8182,2.306903292400161,1556096136,6,47395,49,8108,2.6588953411708607,1564480481,2,47493,49,16,1.581109857111338,1551900875,5,47072,49,8180,2.3175156626069118,1556091752,2,47370,49,8090
1.5744825701654128,1562389044,9,47572,49,8063,2.253559597558866,1556096782,7,47374,49,8086,2.2053242434195077,1558188696,3,47300,49,8144,2.146773787485542,1558192211,5,47310,49,8089,3.108484988752969,1549800199,1,47199,49,8135
1.5744825701654128,1562389044,9,47572,49,8063,2.253559597558866,1556096782,7,47374,49,8086,2.036013712850197,1549799819,2,47224,49,8126,1.9045365243720371,1556095522,5,47205,49,8106,3.108484988752969,1549800199,1,47199,49,8135
2.229799777767063,1554000968,9,47339,49,8149,2.410631334028939,1558193165,6,47442,49,8052,2.3260869420964796,1560286270,2,47348,49,8177,2.4662206103860607,1547706120,4,46938,49,8097,3.1513223983815473,1549800494,2,47219,49,8106
2.294770641584677,1554000568,9,47366,49,8095,2.224695235915794,1553999766,7,47361,49,8068,1.896993305095427,1553994739,3,47171,49,33,2.4494946284607835,1547706040,4,46926,49,8112,2.785875788094361,1545606350,2,47058,49,8120
2.161464396943393,1554000663,9,47305,49,8137,1.9235042707761782,1549804042,6,47234,49,8102,1.940750861641624,1549799622,2,47180,49,8160,1.9101465642519562,1556095764,5,47206,49,8152,2.407166547264294,1556091812,2,47416,49,8113
2.161464396943393,1554000663,9,47305,49,8137,1.9235042707761782,1549804042,6,47234,49,8102,2.463780136601664,1562383478,2,47404,49,8143,2.5045707404520856,1547706065,4,46954,49,8116,2.407166547264294,1556091812,2,47416,49,8113
2.7054020321287484,1560292459,10,47540,49,8130,2.471114918265612,1558194114,7,47465,49,8095,2.5505777415682958,1564479865,2,47441,49,8168,1.9216714896660636,1556095636,5,47213,49,8117,2.851458631541016,1545606033,1,47084,49,8190
2.6624623804214225,1560291769,8,47521,49,8114,2.4885566151564147,1558194258,7,47470,49,8091,2.070690745519425,1549800131,3,47242,49,8144,1.8568028720574694,1556094928,5,47185,49,8137,2.717129526168646,1543508816,1,47033,49,8093
2.6624623804214225,1560291769,8,47521,49,8114,2.4885566151564147,1558194258,7,47470,49,8091,1.6292577060898257,1543508377,3,47050,49,8132,2.442254409534073,1545609614,5,46917,49,8090,2.717129526168646,1543508816,1,47033,49,8093
2.1917563673050187,1554001319,10,47320,49,8184,2.0799644531677397,1553998544,6,47300,49,8099,2.4710222630798517,1562383489,3,47405,49,8149,0,1545609663,5,4692,49,8133,2.2255151105265076,155399481,2,47333,49,8126
2.1917563673050187,154001319,10,47320,49,8184,2.0799644531677397,1553998544,6,47300,49,8099,1.8518100011335394,1553994686,3,47148,49,8153,1.818963931297844,1553998579,5,47164,49,8081,2.2255151105265076,1553994817,2,47333,49,8126
1.58254114434662,1562389579,10,47573,49,8136,1.6326151118834336,1545610051,6,47110,49,8025,2.526812202709465,1564480439,2,47434,49,8104,1.7469535723580232,1553998649,5,47142,49,8151,2.8359538718599384,1545606043,1,47084,49,8086
0,1551904445,10,47265,49,8154,0,1556096485,6,47382,49,8082,1.5949858792043643,1549800190,2,47042,49,814,2.2802863954089467,1560289971,5,47361,49,8165,2.2500966832045517,1553994619,2,47340,49,8092
2.0619168791799876,1551904445,10,47265,49,8154,2.27722288906009,1556096485,6,47382,49,8082,2.3949335407003516,1562382499,3,47375,49,8154,1.6430228760562018,1551901651,5,47089,49,8153,2.2500966832045517,1553994619,2,47340,49,8092
2.3980916410059394,1556096932,8,47409,49,8128,1.7312443237039226,1547708715,7,47143,49,8066,2.0405010038811846,1556091711,2,47226,49,8150,1.5914116511789322,1551901375,5,47076,49,8089,2.8069891346612423,1545606242,2,47064,49,8133
2.3980916410059394,1556096932,8,47409,49,8128,1.7312443237039226,1547708715,7,47143,49,8066,2.6604251840936257,,,,,18,2.10985125339875,1560289287,5,47297,49,8174,2.8069891346612423,1545606242,2,47064,49,8133
2.653894899129143,1560292668,10,47517,49,8113,2.3005794485419244,1556097148,7,47393,49,8102,2.172481911224613,1558189318,3,47284,49,23,2.1412678709863333,1558192310,4,47301,49,8119,3.33664698233878,1551897305,2,47295,49,8092
2.653894899129143,1560292668,10,47517,49,8113,2.3005794485419244,1556097148,7,47393,49,8102,2.6769485958934984,1564480231,3,47498,49,8110,1.52491234920113,1549804356,5,47040,49,8139,3.33664698233878,1551897305,2,47295,49,8092
1.6364963995080044,1545612345,9,47086,49,8087,1.68606103393368,1547708333,7,47130,49,8102,2.11016363696592,1551897199,2,47255,49,8121,1.4538202281522474,1549804357,5,47017,49,8109,2.2575413997650853,1553994558,1,47347,49,8081
1.7732712915741669,1547706273,4,47145,49,8102,2.248867836899646,1556096084,7,47372,49,8147,2.2188902111240703,1558188396,2,47301,49,8105,1.970628260625446,1556094963,5,47238,49,8144,2.346073311048944,1556092069,2,47383,49,8130
1.7732712915741669,1547706273,4,47145,49,8102,2.248867836899646,1556096084,7,47372,49,8147,2.6947992668291136,1558188254,2,47500,49,8146,1.3820181078769131,1547707236,5,46977,49,8149,2.346073311048944,1556092069,2,47383,49,8130
2.7556860613644294,1562389096,9,47561,49,8160,2.42603388558304,1558192643,6,47443,49,8107,1.8657848957245258,1547703090,2,47148,49,8152,2.132086943043004,1558191835,4,47303,49,8102,3.3100243417756356,1551897617,2,47291,49,8143
2.7556860613644294,1562389096,9,47561,49,8160,2.42603388558304,1558192643,6,47443,49,8107,2.424206877202292,1556091518,2,47385,49,8134,1.9380926512392365,1556095770,5,47221,49,8112,3.3100243417756356,1551897617,2,47291,49,8143
1.9145334664593987,1549805852,9,47208,49,8136,2.0761909753977092,1551902512,7,47289,49,8034,1.757160553228997,1551897498,3,47101,49,8137,1.8578215167718883,1556095611,5,47192,49,8130,2.686937889552217,1543508980,2,47024,49,8079
1.9145334664593987,1549805852,9,47208,49,8136,2.0761909753977092,1551902512,7,47289,49,8034,1.9715540249071637,1556091670,2,47191,49,8150,2.451840506332764,1547706018,4,46928,49,8128,2.686937889552217,1543508980,2,47024,49,8079
1.9348303535940687,1549806053,9,47217,49,8181,2.544551005310894,1560290466,6,47497,49,8125,2.527221169954593,1562382965,2,47431,49,8112,1.8454824185653238,1553997128,4,47177,49,8155,2.9028635325677916,1547702987,2,47107,49,8131
1.9197364198285474,1549806630,9,47205,49,8101,1.7913189333315713,1549804997,7,47178,49,8168,1.6359886223343025,1549800071,3,47057,49,8159,1.8267153728005512,1553998815,5,47169,49,8128,3.176108468636331,1549800328,2,47220,49,8102
1.9197364198285474,1549806630,9,47205,49,8101,1.7913189333315713,1549804997,7,47178,49,8168,1.7259502919496998,1551897112,2,47087,49,8171,2.4111464027797,1545608744,4,46903,49,8101,3.176108468636331,1549800328,2,47220,49,8102
1.8797542068335125,1549806752,10,47189,49,8106,2.249786122150715,1556096513,7,47371,49,8090,1.9472773220071167,1556091439,2,47189,49,8100,2.312310778887953,1545609682,5,46872,49,8036,3.28901366162227,1551897679,2,47281,49,8096
2.7321250058977475,1560291328,8,47552,49,8109,2.371771900950125,1556095496,6,47415,49,8068,2.322620181239828,1560286289,3,47341,49,6,1.3877303929627443,1547707061,5,46977,49,8095,3.0799273541844245,1549799831,1,47179,49,8061
2.7321250058977475,1560291328,8,47552,49,8109,2.371771900950125,1556095496,6,47415,49,8068,2.63951673943584,1564480424,3,47482,49,46,2.3189394457639954,1545610093,5,46879,49,8099,3.0799273541844245,1549799831,1,47179,49,8061
1.813967305223607,1547709678,10,47162,49,8126,1.8744452643063778,1549804356,6,47211,49,8096,1.717892142412542,1551897531,2,47086,49,8185,2.323428627138425,1545609464,4,46875,49,8119,2.3735100841568078,1556091714,1,47393,49,8068
1.813967305223607,1547709678,10,47162,49,8126,1.8744452643063778,1549804356,6,47211,49,8096,1.7655235714111615,1551898089,3,47107,49,8160,1.7228831994344094,1553998298,5,47131,49,8086,2.3735100841568078,1556091714,1,47393,49,8068
2.5991235925870315,1560291810,9,47496,49,8116,1.934417631977554,1549804942,7,47239,49,8116,1.6866818815079312,1551897641,3,47072,49,8128,2.55893689270156,1547706762,4,46966,49,8104,3.3387883767978748,1551897634,2,47297,49,12
2.5991235925870315,1560291810,9,47496,49,8116,1.934417631977554,1549804942,7,47239,49,8116,1.8540554894085746,1553994951,3,47143,49,8104,2.3169002964489995,1545609818,5,46875,49,8149,3.3387883767978748,1551897634,2,47297,49,12
1.625583040684424,1562388524,8,47590,49,8089,2.6898933388662916,1562387776,7,47560,49,8087,1.9730838670798865,1556091614,2,47192,49,8142,2.311596980959403,1545609172,4,46871,49,8142,2.6219689548447547,1560286266,2,47501,49,8162
1.625583040684424,1562388524,8,47590,49,8089,0,1562387776,7,47560,49,8087,1.830087342202725,1553994673,3,47130,49,8141,1.7730649686527853,1553997279,4,47151,49,8102,2.6219689548447547,1560286266,2,47501,49,8162
2.6732734988876152,1560292514,9,47526,49,8133,1.9040234284470032,1549804178,6,47225,49,8077,1.9106614993670004,1553994268,3,47172,49,0,1.6834103207550695,1553997298,4,47118,49,8109,2.7217190433657903,1543508871,2,47035,49,8112
2.6732734988876152,1560292514,9,47526,49,8133,1.9040234284470032,1549804178,6,47225,49,8077,1.678012162845364,1551897423,2,47068,49,8157,2.2921161384248134,1545609912,5,46862,49,8093,2.7217190433657903,1543508871,2,47035,49,8112
2.5959616765106017,1558195386,10,47492,49,8090,2.3802371353577962,1556096663,7,47428,49,8060,1.7529781283614099,1551897694,3,47101,49,8123,2.2938504638254997,1562385666,4,47373,49,8066,2.7824071235957613,1545605606,1,47060,49,8090
2.5959616765106017,1558195386,10,47492,49,8090,2.3802371353577962,1556096663,7,47428,49,8060,2.6347227353104885,1558188764,3,47480,49,8142,1.6865740958777808,1551901145,5,47111,49,8155,2.7824071235957613,1545605606,1,47060,49,8090
2.50692044805493,1558195573,10,47453,49,8124,1.6466903937653403,1547708049,7,47116,49,8117,2.629928729539312,1564480288,2,47479,49,8170,1.6881057874098981,1551900307,4,47104,49,8146,2.8405433854867113,1545606162,2,47090,49,8151
2.50692044805493,1558195573,10,47453,49,8124,1.6466903937653403,1547708049,7,47116,49,8117,2.501823551215574,1562383175,3,47423,49,8147,2.1829825178660376,1560289973,4,47324,49,8185,2.8405433854867113,1545606162,2,47090,49,8151
2.0471277955390623,1551903996,10,47257,49,8169,1.7751022493472202,1547708523,7,47169,49,8041,2.349952835707245,1560286162,3,47360,49,8171,1.770821325588098,1553997414,4,47149,49,8080,2.452249491252175,1558188666,1,47433,49,8095
2.2322479024138846,1554000281,9,47338,49,8130,2.4704011221261877,1558194299,7,47464,49,8122,2.7182580811685906,1566577213,3,47509,49,8131,1.411287649654197,1549804320,5,47002,49,8167,2.7490554906928204,1543508752,2,47043,49,8128
2.2322479024138846,1554000281,9,47338,49,8130,2.4704011221261877,1558194299,7,47464,49,8122,2.5405826598729133,1562382628,3,47435,49,8127,1.9811364168036918,1556096017,5,47231,49,8144,2.7490554906928204,1543508752,2,47043,49,8128
2.0300950675573923,1551903812,9,47248,49,8108,2.6635793564953425,1560291347,7,47546,49,8054,2.626257495557833,1558189120,3,47475,49,8102,1.8375264989899929,1553998499,5,47175,49,8112,2.628804017562535,1560286286,2,47502,49,8122
2.0300950675573923,1551903812,9,47248,49,8108,2.7242660948155137,1562388295,7,47575,49,8129,2.593110331279884,1564480541,3,47456,49,2,2.3098626549095966,1545609487,5,46872,49,8108,2.628804017562535,1560286286,2,47502,49,8122
1.7608280916873684,1547709270,9,47136,49,8158,2.5813712956324135,1560290471,6,47512,49,8083,1.5217561333062801,1549800051,2,47000,49,8166,2.1768631581440787,1560290389,5,47320,49,8140,2.494986564888284,1558188840,2,47446,49,8177
1.7608280916873684,1547709270,9,47136,49,8158,2.44847215661655,1558193107,6,47455,49,8083,1.6131413703814519,1549800221,2,47048,49,8127,1.510123266542285,1549803481,4,47033,49,8067,2.494986564888284,1558188840,2,47446,49,8177
2.645429665381867,1560292691,9,47511,49,8107,1.8313011382290991,1549805824,7,47194,49,8078,1.924532315345261,1553994271,3,47179,49,8180,1.7634788303522697,1553998664,5,47141,49,8100,2.2947706532344783,1556091770,2,47361,49,8075
2.235409824004716,1553999874,8,47339,49,8164,2.1701284327866577,1554000175,7,47336,49,8097,2.2143006877355527,1558188937,2,47298,49,8107,1.6496534195544643,1551900780,4,47089,49,2,3.290852133461554,1551897770,2,47275,49,8162
2.235409824004716,1553999874,8,47339,49,8164,2.1701284327866577,1554000175,7,47336,49,8097,2.372697847057816,1553994233,2,47369,49,8158,2.025297313018054,1558193149,5,47262,49,8080,3.290852133461554,1551897770,2,47275,49,8162
2.5857621065851126,1558195082,10,47490,49,8126,2.347701545058607,1556095990,6,47411,49,8136,2.4811195875839247,1556091620,2,47410,49,8128,1.4972729933859166,1549803102,4,47023,49,8103,2.668683992118701,1543508712,1,47007,49,8112
2.5857621065851126,1558195082,10,47490,49,8126,2.347701545058607,1556095990,6,47411,49,8136,2.672359077423718,1564480241,3,47495,49,8164,2.2899747437690494,1562386340,5,47371,49,8104,2.668683992118701,153508712,1,47007,49,8112
2.325573817047383,1556097576,9,47377,49,8152,2.209192358113003,1553999404,7,47353,49,8127,1.6305830627940308,1549799887,3,47053,49,8110,2.138308544309912,1558192444,5,47306,49,8062,2.734366725441155,1543508731,2,47043,49,8113
1.809173308618871,1547709570,10,47160,49,8156,1.6332285332022731,1545610883,7,47105,49,4,1.7222771996799222,1551897605,3,47093,49,8142,1.9836830233721923,1558192038,5,47246,49,8102,3.037599248922834,1549800221,2,47166,49,8150
1.809173308618871,1547709570,10,47160,49,8156,1.6332285332022731,1545610883,7,47105,49,4,2.0707929781624914,1556091418,2,47244,49,8170,1.5512249745755444,1551901400,5,47062,49,8170,3.037599248922834,1549800221,2,47166,49,8150
1.6881057806115207,1545611161,8,47107,49,8147,2.041002766719241,1551902813,7,47283,49,8087,2.317519456166458,1560286518,2,47345,49,8144,1.8434432510163643,1553997495,4,47173,49,8096,3.2937073192388238,1551897049,1,47281,49,8136
2.440624224294408,1556097748,9,47425,49,8118,2.2788549687787336,1556097033,7,47383,49,8101,2.4361407626435456,1562383050,2,47390,49,8112,1.6813730042935602,1551901222,5,47106,49,8145,3.009549027135259,1547702863,1,47163,49,8155
2.0392741083775707,1551904214,10,47256,49,8130,2.5116064304965495,1558192850,6,47485,49,8149,2.6348249738134855,1558188710,2,47482,49,8138,1.8640431184231827,1556094410,4,47195,49,8112,2.630129360978518,1560285819,1,47507,49,8139
2.0392741083775707,1551904214,10,47256,49,8130,2.5116064304965495,1558192850,6,47485,49,8149,2.490400866344854,1562383737,3,47418,49,16,2.304661582522675,1562386611,5,47379,49,8187,2.630129360978518,1560285819,1,47507,49,8139
1.7304338722778585,1547709643,10,47124,49,8121,1.618539826650213,1545610758,6,47105,49,8078,2.5161033176643897,1562382949,2,47430,49,8157,2.1361671459978613,1558191358,4,47303,49,8111,2.322309661859393,1556092076,2,47373,49,8150
2.333325258484888,1556098261,10,47381,49,8118,1.6348587510343735,1547706797,6,47113,49,8119,1.9020940104940023,1547703002,3,47170,49,8159,1.9874583839152682,1558191800,4,47241,49,8084,2.8545164238290375,1547702920,1,47099,49,8088
2.333325258484888,1556098261,10,47381,49,8118,1.6348587510343735,1547706797,6,47113,49,8119,1.7322741284654475,1551897880,2,47091,49,8166,1.6769879505838277,1551901329,5,47101,49,8090,2.8545164238290375,1547702920,1,47099,49,8088
2.3312861041638073,1556097918,9,47377,49,8129,2.2131703177622906,1553999680,7,47355,49,8097,1.5803009198599058,1543508829,2,47029,49,8144,1.530316004157105,1549804156,5,47050,49,8082,3.031989200861837,1549800115,1,47167,49,8164
2.3312861041638073,1556097918,9,47377,49,8129,2.2131703177622906,1553999680,7,47355,49,8097,2.4813221726895587,1562383237,3,47419,49,8137,1.9865401068222641,1556095592,5,47241,49,8099,3.031989200861837,1549800115,1,47167,49,8164
1.5727501459036162,1562388590,8,47566,49,8115,2.222960906207919,1553998958,6,47363,49,8080,2.21705364727783,1558189139,3,47306,49,8102,1.4764648975182848,1549804593,5,47018,49,8138,2.5844348480906736,1558188818,1,47491,49,8089
1.5727501459036162,1562388590,8,47566,49,8115,2.222960906207919,1553998958,6,47363,49,8080,2.0489662462864406,1556091569,3,47234,49,8138,2.295278063039478,1562386829,5,47374,49,8091,2.5844348480906736,1558188818,1,47491,49,8089
2.281920362586041,1556097059,9,47357,49,8189,2.544653248869822,1558193672,7,47497,49,8126,1.657103443379504,1551897578,3,47060,49,8119,1.8255944837090066,1553998374,5,47163,49,8158,2.398089742518157,1556091782,1,47414,49,8162
2.281920362586041,1556097059,9,47357,49,8189,2.544653248869822,1558193672,7,47497,49,8126,1.6064104471575034,1549800073,2,47045,49,8134,1.419345820968938,1549804082,5,47002,49,8130,2.398089742518157,1556091782,1,47414,49,8162
2.108120693987321,1551904063,10,47285,49,8154,2.0263159268877886,1551903036,7,47275,49,8083,1.544703737942539,1549800361,2,47018,49,8169,2.468668735937039,1547706856,5,46938,49,8099,2.537924295234534,1558188654,1,47475,49,8092
2.108120693987321,1551904063,10,47285,49,8154,2.0263159268877886,1551903036,7,47275,49,8083,2.5411942120630773,1564479821,2,47440,49,8142,1.7034023554222528,1553997383,4,47121,49,8134,2.537924295234534,1558188654,1,47475,49,8092
2.764151297888507,1562388989,9,47565,49,8106,2.4139977442020517,1558193354,6,47442,49,8105,2.5484363404084247,1564480306,3,47441,49,8145,1.578866212490354,1551900847,5,47070,49,8138,2.386767402716583,1556091896,2,47414,49,8115
2.764151297888507,1562388989,9,47565,49,8106,2.4139977442020517,1558193354,6,47442,49,8105,2.43573179862353,1562383064,2,47394,49,8108,2.016629474063209,1558191492,4,47250,49,8072,2.386767402716583,1556091896,2,47414,49,8115
2.1896149658458914,1554000327,9,47318,49,8152,1.6217017462719223,1545610384,6,47106,49,8069,2.5022306176807176,1562383401,3,47430,49,8151,1.8692460763779593,1556095403,5,47191,49,8062,2.9900681798488904,1547703119,1,47155,49,8156
2.1896149658458914,1554000327,9,47318,49,8152,1.6217017462719223,1545610384,6,47106,49,8069,2.468369652705762,1556091750,2,47410,49,8109,2.301806392479931,1560289248,5,47374,49,8118,2.9900681798488904,1547703119,1,47155,49,8156
2.440521980958323,1556097808,10,47426,49,15,1.7259409971272934,1547708000,6,47148,49,8070,2.3341432217392,1560286030,2,47358,49,8134,1.7323689618027496,1553998353,5,47133,49,8141,2.831873655141531,1545606109,1,47090,49,8132
2.09945097075741,1551903901,10,47282,49,8117,2.376361413237498,1556096554,6,47427,49,8082,1.594069483575244,1549800258,2,47038,49,8177,2.4489853197224933,1545609540,5,46923,49,8120,2.237651571520087,1553994091,1,47348,49,8114
2.09945097075741,1551903901,10,47282,49,8117,2.376361413237498,1556096554,6,47427,49,8082,1.623954381171255,1549799829,2,47049,49,8142,1.6890222155406753,1551901715,5,47110,49,8141,2.237651571520087,1553994091,1,47348,49,8114
2.5324183996848015,1558195311,9,47469,49,8136,2.6891795410508705,1560290049,6,47560,49,8094,1.8460995687579194,1553994445,3,47143,49,8121,1.54561820939475,1549803342,4,47044,49,8029,2.647773625009359,1560286107,1,47519,49,8127
2.5324183996848015,1558195311,9,47469,49,8136,2.6891795410508705,1560290049,6,47560,49,8094,1.9129051408890119,1547702634,3,47176,49,8152,1.9162659275361578,1556095990,5,47210,49,8102,2.647773625009359,1560286107,1,47519,49,8127
1.741551710110689,1547709663,10,47127,49,8118,1.7855062853147732,1547708035,7,47172,49,8129,2.1972679522164382,1558188977,2,47292,49,8148,1.7212511237373693,1553997780,4,47130,49,8131,3.149281336535486,1549800141,1,47226,49,8086
1.741551710110689,1547709663,10,47127,49,8118,1.7855062853147732,1547708035,7,47172,49,8129,2.3098702520835572,1560285825,2,47340,49,8158,2.127190702122699,1560289100,5,47302,49,8108,3.149281336535486,1549800141,1,47226,49,8086
1.7859189741795738,1547709692,10,47148,49,8121,1.7924416875190943,1547707256,6,47168,49,8050,1.5069670410034544,1566577804,2,47508,49,8165,2.411860208047173,1545609711,5,46901,49,8108,3.340115622920902,1553994464,1,47299,49,8117
2.1159743769620993,1551903748,10,47288,49,8116,2.0185644864037053,1551902720,7,47271,49,8084,1.5982519290335098,1543508983,3,47037,49,8168,1.8300817754871173,1553998642,5,47165,49,8073,2.769454615326207,1545606088,2,47054,49,8129
2.1159743769620993,1551903748,10,47288,49,8116,2.0185644864037053,1551902720,7,47271,49,8084,1.996031493865881,1549800051,2,47209,49,8106,1.4025194842895985,1547706836,5,46981,49,8142,2.769454615326207,1545606088,2,47054,49,8129
2.412982965191237,1556098444,10,47416,49,8132,2.2314261420639947,1553998893,7,47368,49,8101,2.530383089323331,1562382985,3,47434,49,8178,1.5561226042628078,1549804068,5,47051,49,8104,2.2591734663302994,1553994708,1,47353,49,8152
2.7179474765030927,1560292698,10,47546,49,8117,2.519562360470772,1558194044,7,47487,49,8120,2.646145404273524,1564480216,2,47491,49,8074,2.144530153758048,1558192195,5,47306,49,8158,3.019137030112568,1547703234,1,47166,49,8182
2.7179474765030927,1560292698,10,47546,49,8117,2.519562360470772,1558194044,7,47487,49,8120,1.9489112468199474,1556091450,2,47184,49,8174,1.6845330795784457,1553997853,5,47112,49,8114,3.019137030112568,1547703234,1,47166,49,8182
2.1747236398218863,1553999997,8,47312,49,8102,1.862920338825074,1549805413,7,47205,49,8122,2.339957745060841,1560286103,2,47358,49,8,1.543170090422803,1549803344,4,47042,49,8144,2.9126559979772195,1547703136,2,47114,49,8087
2.1747236398218863,1553999997,8,47312,49,8102,1.862920338825074,1549805413,7,47205,49,8122,2.6519599382076584,1564480334,3,47491,49,8147,1.9046368963407623,1556095939,5,47210,49,8139,2.9126559979772195,1547703136,2,47114,49,8087
2.193388446271456,1554000419,9,47321,49,8113,1.920444587434876,1549805109,7,47233,49,8084,1.6088585683018415,1543508796,2,47046,49,8135,2.5671957239997996,1547707424,5,46978,49,8129,2.1829844072494375,1553994418,1,47316,49,8106
2.193388446271456,1554000419,9,47321,49,8113,1.920444587434876,1549805109,7,47233,49,8084,2.178805746644097,1558188962,2,47290,49,8179,2.1297410705490827,1558192962,5,47299,49,8107,2.1829844072494375,1553994418,1,47316,49,8106
2.496720878457288,1558195308,10,47451,49,8111,2.2250019631333537,1553999900,7,47359,49,8065,2.350055069537144,1560285922,2,47363,49,8180,1.552451370551381,1549803929,5,47047,49,8104,3.0476965645738865,1549800341,1,47174,49,8134
2.496720878457288,1558195308,10,47451,49,8111,2.2250019631333537,1553999900,7,47359,49,8065,1.7580769847477158,1551897410,2,47111,49,8099,2.306191430360661,1545609575,5,46865,49,8151,3.0476965645738865,1549800341,1,47174,49,8134
1.858845756114669,1549806112,9,47177,49,8087,2.7053962061627312,1562387446,6,47569,49,8130,2.2100160021796516,1558188827,2,47304,49,8142,2.144834987116449,1560289349,5,47311,49,8133,3.096348503980213,1549800403,2,47193,49,8098
1.858845756114669,1549806112,9,47177,49,8087,2.7053962061627312,1562387446,6,47569,49,8130,2.6497163008008897,1564480491,2,47489,49,8149,1.418431333442267,1547706524,5,46985,49,8064,3.096348503980213,1549800403,2,47193,49,8098
1.7601142845853333,1547708236,8,47137,49,8130,1.5916142504401138,1545611224,7,47089,49,8120,2.330471979867934,1560286410,2,47355,49,8106,1.6892266929242947,1551901536,5,47106,49,8095,2.394723330007602,1556091459,1,47416,49,8102
2.317822375460003,1556096741,8,47373,49,8083,2.1849175099462235,1554000050,7,47344,49,8122,1.5943743144669889,1549800114,2,47044,49,8142,1.5092068889118129,1549803414,4,47023,49,8124,2.5726031965860066,1558188990,1,47488,49,8124
2.317822375460003,1556096741,8,47373,49,8083,2.1849175099462235,1554000050,7,47344,49,8122,2.04743640305491,1556091758,3,47234,49,8147,1.8444600437762089,1556095251,5,47184,49,8130,2.5726031965860066,1558188990,1,47488,49,8124
2.1889011659960063,1554000559,9,47317,49,8147,2.2209217567767876,1553999708,7,47359,49,8132,2.312827692187842,1560286154,2,47344,49,8077,2.536699282962452,1547707381,5,46963,49,8084,3.068707250207346,1549800549,2,47184,49,8054
2.1889011659960063,1554000559,9,47317,49,8147,2.2209217567767876,1553999708,7,47359,49,8132,1.8203971086503743,1553994903,3,47132,49,8135,2.158300607608855,1558192414,5,47305,49,8122,3.068707250207346,1549800549,2,47184,49,8054
2.4161448874276985,1556097415,9,47417,49,8102,2.5460808399711947,1560291077,7,47499,49,8040,2.104453215935424,1558188689,2,47251,49,8101,1.622928623488293,1551901088,5,47082,49,8114,2.8610447428490016,1545606029,2,47100,49,8110
2.4161448874276985,1556097415,9,47417,49,8102,2.5460808399711947,1560291077,7,47499,49,8040,1.6527184037142255,1551897062,2,47056,49,8190,2.4538796673486236,1547706258,5,46927,49,8120,2.8610447428490016,1545606029,2,47100,49,8110
2.659402700830325,1560292858,10,47520,49,8177,1.7047258354692663,1547708481,7,47140,49,8118,1.9773666795389295,1556091998,2,47201,49,8139,1.9361557395831377,1556095492,5,47211,49,8118,2.690508780485173,1560285815,1,47540,49,8114
1.7134011390697337,1547709302,9,47115,49,8132,2.057423929249931,1551902792,7,47290,49,8123,2.720806535145245,1566577666,2,47519,49,8126,1.9195300975074538,1556094925,4,47206,49,8088,2.52232108620439,1558188991,2,47461,49,8176
1.9884807690979878,1549806441,10,47234,49,8125,2.4712171610411744,1558194016,7,47465,49,8123,1.9011757352513026,1553994696,3,47171,49,8115,1.393950114926999,1547706499,5,46983,49,8122,2.4088005219872897,1556091881,1,47414,49,8126
1.9884807690979878,1549806441,10,47234,49,8125,2.4712171610411744,1558194016,7,47465,49,8123,1.5700994647811617,1549800461,2,47033,49,8114,2.276921893658031,1560289552,5,47350,49,8079,2.4088005219872897,1556091881,1,47414,49,8126
2.5857621065851126,1558194961,10,47490,49,8158,2.274060963987468,1556096774,7,47382,49,8117,2.2423490181225763,1553994126,2,47314,49,8147,2.149528643590627,1558192171,5,47303,49,8165,2.651140039968124,1560286270,2,47518,49,8114
2.5857621065851126,1558194961,10,47490,49,8158,1.7532755219570402,1547708231,7,47160,49,8087,1.701775839410243,1551897807,2,47086,49,8101,1.3947642586423117,1549803383,5,46991,49,8115,2.651140039968124,1560286270,2,47518,49,8114
2.5891285193422156,1558194975,9,47489,49,8081,2.6893840376315037,1560290627,6,47558,49,8123,2.1928810351647976,1558189065,3,47295,49,8072,2.1363716406064146,1558192046,4,47296,49,8148,2.203283179449379,1553994456,1,47317,49,8107
1.6828024515045747,1545611917,9,47103,49,8179,2.7440536551018933,1562387750,6,47582,49,8100,2.3848362112966384,1562383017,3,47373,49,8153,2.4728512010735018,1547706604,5,46933,49,8096,3.3243060105639035,1553994535,2,47294,49,8125
1.6828024515045747,1545611917,9,47103,49,8179,2.7440536551018933,1562387750,6,47582,49,8100,2.193901553314721,1558189262,2,47293,49,8188,2.1390223574432348,1558191949,4,47302,49,8113,3.3243060105639035,1553994535,2,47294,49,8125
2.3131306136358023,1556097634,9,47371,49,8129,1.8923962637530891,1549805524,7,47220,49,8123,1.750122906550914,1551897487,3,47100,49,8124,1.9955165581344754,1556095186,5,47237,49,8161,2.419711975091633,1556091816,2,47427,49,8142
2.3131306136358023,1556097634,9,47371,49,8129,1.8923962637530891,1549805524,7,47220,49,8123,2.50294441627197,1562382984,2,47431,49,8096,2.4649994292438944,1545609289,5,46922,49,8145,2.419711975091633,1556091816,2,47427,49,8142
2.5969822039999353,1558195250,10,47492,49,8150,2.041411732768816,1551903024,7,47279,49,8102,2.0837473750767748,1558188631,3,47245,49,8155,2.3038474550301067,1560289574,5,47366,49,8096,2.3925819370763954,1556092111,2,47413,49,8158
2.5969822039999353,1558195250,10,47492,49,8150,2.041411732768816,1551903024,7,47279,49,8102,1.7398211090062687,1551897800,2,47097,49,8081,1.5469435726567584,1549803403,5,47043,49,8100,2.3925819370763954,1556092111,2,47413,49,8158
2.542108656821175,1558192491,5,47470,49,8181,1.9526753533650867,1551901198,6,47245,49,8063,2.3213951781178634,1560285937,2,47347,49,8170,2.196953675199238,1560290355,5,47335,49,8166,3.1816143537160286,1551897372,2,47237,49,8082
2.542108656821175,1558192491,5,47470,49,8181,1.9526753533650867,1551901198,6,47245,49,8063,2.2124641244055523,1558188836,3,47303,49,8138,1.8358944304223135,1556095238,5,47171,49,8170,3.1816143537160286,1551897372,2,47237,49,8082
1.6372102051355988,1545612658,10,47086,49,8058,2.2389750020901786,1553999531,7,47366,49,8101,1.633949463557298,1551896970,3,47055,49,8149,2.5843326104104927,1547706947,5,46977,49,8034,3.2188436199005337,1551897343,1,47248,49,8119
1.6372102051355988,1545612658,10,47086,49,8058,2.2389750020901786,1553999531,7,47366,49,8101,1.598556762829104,1549800291,3,47042,49,8186,2.1594214808492205,1558192243,5,47311,49,8093,3.2188436199005337,1551897343,1,47248,49,8119
1.9163700228316372,1549806861,10,47206,49,8087,2.5253769029283593,1558193412,6,47486,49,8090,2.2239890510521416,1558188967,3,47310,49,8151,1.5994698146385884,1551901527,5,47073,49,8071,3.200585885686487,1551897399,1,47243,49,8107
1.9163700228316372,1549806861,10,47206,49,8087,2.5253769029283593,1558193412,6,47486,49,8090,2.2093022031134457,1558188788,2,47302,49,8145,2.45296329139761,1545609291,5,46921,49,8156,3.200585885686487,1551897399,1,47243,49,8107
2.2273516505647737,1554000614,9,47341,49,7,1.6618884253028563,1547707594,6,47120,49,8106,1.6656711805015536,1551897102,3,47064,49,8127,1.871896811692,1556095585,5,47194,49,8082,3.1793707162110056,1551897176,1,47235,49,8125
2.5789289516443468,1558194985,9,47486,49,8064,2.0505907715773177,1551902907,7,47285,49,8114,2.345974871599354,1553994794,3,47360,49,0,2.1493241589187377,1558192196,5,47306,49,8121,3.1781476006411666,1549800366,2,47233,49,8140
2.5789289516443468,1558194985,9,47486,49,8064,2.0505907715773177,1551902907,7,47285,49,8114,2.350768874571877,1560286285,3,47361,49,8152,1.8112124945286043,1553998518,5,47157,49,8110,3.1781476006411666,1549800366,2,47233,49,8140
1.7171746237722143,1547709379,9,47119,49,8123,2.475399617365428,1558194203,7,47464,49,8081,1.8650710920698466,1553995024,3,47147,49,8090,2.409105356002241,1545609815,5,46903,49,8158,3.0720717559004065,1549799902,1,47193,49,8097
1.7171746237722143,1547709379,9,47119,49,8123,2.475399617365428,1558194203,7,47464,49,8081,1.8761889299511119,1553994936,3,47150,49,8138,2.0134694344227895,,,,,,3.0720717559004065,1549799902,1,47193,49,8097
2.3990099209117624,1556098118,9,47410,49,8156,1.9494111917962749,1551902251,7,47245,49,8089,2.5172241915799507,1562382797,3,47433,49,8142,2.148712600444542,1558191641,4,47304,49,8114,2.15370917917316,1553994035,1,47317,49,8135
2.4452137405642738,1558194888,9,47429,49,8102,2.1654366688080415,1553999440,6,47335,49,8087,2.0440700121390467,1556091354,2,47232,49,8140,1.5198135274527431,1549804074,5,47030,49,8156,2.9750783767105378,1547703362,2,47136,49,8097
2.4452137405642738,1558194888,9,47429,49,8102,2.1654366688080415,1553999440,6,47335,49,8087,2.0311174775836505,1556091635,2,47223,49,8071,2.302012781703842,1560290213,5,47361,49,17,2.9750783767105378,1547703362,2,47136,49,8097
1.932179625755346,1549806746,10,47211,49,8082,1.681369269955064,1547708386,7,47129,49,8112,1.7727638455851482,1553994394,3,47116,49,8110,2.014690682411428,1558192458,5,47250,49,8163,3.205381787248227,1551897195,1,47238,49,8137
1.932179625755346,1549806746,10,47211,49,8082,1.681369269955064,1547708386,7,47129,49,8112,1.5574536695716654,1549800297,3,47019,49,24,2.3344442432980212,1545609345,5,46875,49,8102,3.205381787248227,1551897195,1,47238,49,8137
2.334957338445617,1556098315,10,47382,49,8097,2.1638045866206657,1554000287,7,47335,49,8039,2.4944791794349124,1562383256,3,47424,49,8122,2.1338212758578385,1558192437,5,47298,49,8135,3.157136916324986,1549800674,2,47223,49,8097
2.334957338445617,1556098315,10,47382,49,8097,2.1638045866206657,1554000287,7,47335,49,8039,2.259179146966863,1560286009,2,47315,49,8118,2.433787269804283,1545609339,5,46917,49,8125,3.157136916324986,1549800674,2,47223,49,8097
2.4460297820204637,1558195146,10,47429,49,8135,2.353616406620636,1556096956,7,47418,49,8074,1.763380321234567,1553994399,3,47112,49,8142,1.8466051760261615,1553998536,5,47172,49,8078,2.6823502812477096,1560286150,2,47534,49,8114
2.4460297820204637,1558195146,10,47429,49,8135,2.353616406620636,1556096956,7,47418,49,8074,1.77694627373265,1553994486,3,47115,49,8165,2.538944830107621,1547707335,5,46960,49,8089,2.6823502812477096,1560286150,2,47534,49,8114
1.7131966649070514,1547708823,8,47118,49,8161,1.62710730856727,1545610881,7,47109,49,8087,2.518856273985789,1562383367,3,47433,49,8161,1.9322781376911986,1556096020,5,47220,49,8118,2.6330887070326736,1560285860,2,47505,49,8137
1.7131966649070514,1547708823,8,47118,49,8161,1.62710730856727,1545610881,7,47109,49,8087,2.5579221105686014,1564480217,3,47442,49,8130,1.4720779662769874,1549803476,4,47020,49,8115,2.6330887070326736,1560285860,2,47505,49,8137
2.16768599493117,1553999974,8,47310,49,8130,2.070580928529904,1551901609,6,47297,49,8094,0,1558188678,3,47241,49,8185,2.015608956998927,1558191802,4,47251,49,8160,2.607384342462128,1560286038,2,47501,49,8087
2.16768599493117,1553999974,8,47310,49,8130,2.070580928529904,1551901609,6,47297,49,8094,2.109552071541207,1558188650,3,47254,49,8119,1.5568350160982007,1551900790,4,47061,49,8147,2.607384342462128,1560286038,2,47501,49,8087
2.662666867384328,1560291936,8,47521,49,8098,2.516502684339993,1558194248,7,47485,49,8069,1.6140596514259264,1551897065,3,47048,49,8159,2.149628986900837,1560288424,4,47313,49,8148,2.579029282425225,1560285915,1,47491,49,8167
2.662666867384328,1560291936,8,47521,49,8098,2.516502684339993,1558194248,7,47485,49,8069,1.6435374764703194,1551897401,2,47054,49,12,1.7149272869918555,1553997880,5,47127,49,8123,2.579029282425225,1560285915,1,47491,49,8167
1.927385625682389,1549806846,10,47210,49,8047,1.6978926738642355,1547707688,6,47126,49,8067,2.3663740034883274,1560286038,2,47367,49,8155,2.300888111173845,1560288795,4,47374,49,8118,2.6191137536135445,1560286052,2,47503,49,8114
1.927385625682389,1549806846,10,47210,49,8047,1.6978926738642355,1547707688,6,47126,49,8067,2.3954428586734364,1562383363,2,47378,49,8173,1.8657793105444758,1553997667,5,47184,49,8111,2.6191137536135445,1560286052,2,47503,49,8114
2.397989393195178,1556094809,4,47412,49,8127,2.073335779867395,1551902483,7,47293,49,8105,1.934936351705523,1553994085,2,47181,49,8148,2.4401111087382064,1545609598,5,46921,49,8028,2.7064206455616966,1543509011,2,47031,49,8160
2.397989393195178,1556094809,4,47412,49,8127,2.073335779867395,1551902483,7,47293,49,8105,1.9594156753090746,1556091733,2,47189,49,8182,1.9990874280514983,1556094220,4,47237,49,8158,2.7064206455616966,1543509011,2,47031,49,8160
1.686066604736579,1545612307,9,47104,49,8134,2.3825830156874055,1556096121,6,47429,49,8127,2.7025507101463244,1560285669,3,47503,49,8152,1.3950747634427325,1547706300,4,46975,49,8118,2.7237600998357383,1543508498,2,47037,49,8129
1.686066604736579,1545612307,9,47104,49,8134,2.3825830156874055,1556096121,6,47429,49,8127,1.569489799352058,1543508676,2,47020,49,8183,2.1247444699896847,1558192776,5,47293,49,8122,2.7237600998357383,1543508498,2,47037,49,8129
2.100267008820658,1551903604,10,47283,49,8118,2.6719423390771677,1560289953,6,47552,49,8073,2.304669172435044,1560286474,3,47332,49,8117,1.4751376451264326,1549804296,5,47022,49,8152,2.7555838257908265,1543508571,1,47045,49,8124
2.100267008820658,1551903604,10,47283,49,8118,2.6719423390771677,1560289953,6,47552,49,8073,2.3626005226644295,1560286121,3,47364,49,8099,2.158298710006594,1560288886,4,47316,49,8114,2.7555838257908265,1543508571,1,47045,49,8124
2.5349687674498536,1558195261,9,47469,49,8158,1.7836697309489233,1547707685,6,47173,49,8078,1.9215748676863331,1547702667,2,47176,49,8093,1.552756192619999,1551900793,5,47053,49,8188,2.7279425586538464,1545605976,1,47036,49,8077
2.5349687674498536,1558195261,9,47469,49,8158,1.7836697309489233,1547707685,6,47173,49,8078,2.0487617761176624,1556091523,2,47233,49,8131,2.2992579283517727,1560289621,5,47366,49,8067,2.7279425586538464,1545605976,1,47036,49,8077
1.731352145280519,1547709460,9,47124,49,8121,2.085574496843818,1551902215,7,47301,49,8142,14.598779902581919,1549799951,2,47047,49,8141,1.6940206880271986,1551901665,5,47108,49,8101,2.7923022752143702,1545605877,1,47061,49,8091
2.1520808689861615,1554000837,10,47303,49,8144,2.427970783967897,1558193596,6,47448,49,8086,2.56047058000257,1564480134,3,47448,49,8145,1.7606217691677615,1553997719,4,47143,49,8118,2.856455223920503,1545605626,1,47096,49,8109
2.1520808689861615,1554000837,10,47303,49,8144,2.427970783967897,1558193596,6,47448,49,8086,1.5715289583796106,1549800320,3,47024,49,8130,2.4660180400331764,1545608304,4,46931,49,8099,2.856455223920503,1545605626,1,47096,49,8109
1.6608734824563187,1545611401,8,47095,49,8080,1.8649595029465036,1549805292,6,47208,49,8043,2.650021130247883,1564480707,3,47490,49,8158,2.16860051470784,1560289848,5,47319,49,8118,3.2938076501553617,1551897766,2,47288,49,8172
1.6608734824563187,1545611401,8,47095,49,8080,1.8649595029465036,1549805292,6,47208,49,8043,2.5734249974458665,1547703226,2,46937,49,8182,2.4710146193865614,1547706994,5,46938,49,8091,3.2938076501553617,1551897766,2,47288,49,8172
1.705547455247416,1547709166,9,47113,49,8138,1.945433233992285,1551902278,7,47243,49,8114,2.4156393940997174,1562383328,3,47380,49,8159,2.508959603410498,1547707148,5,46942,49,4,2.925508163522498,1547702849,1,47115,49,8157
2.477240031536805,1558195278,9,47443,49,8123,2.7176368539275018,1562387680,6,47568,49,8100,2.015105258705659,1556092196,3,47211,49,8152,1.837017177859081,1553998256,5,47170,49,8159,2.865327554805088,1545606176,2,47102,49,8096
2.477240031536805,1558195278,9,47443,49,8123,2.7176368539275018,1562387680,6,47568,49,8100,2.2655029912128346,1560285960,3,47316,49,30,2.4573483147466497,1545608812,4,46928,49,8094,2.865327554805088,1545606176,2,47102,49,8096
1.6757648066298174,1545612386,10,47101,49,8107,1.9316646737406895,1549805178,7,47234,49,8090,1.945849718314854,1556091456,2,47186,49,24,1.742875237449012,1553998256,5,47133,49,8153,2.739874531980939,1545605755,2,47044,49,8106
1.6757648066298174,1545612386,10,47101,49,8107,1.9316646737406895,1549805178,7,47234,49,8090,2.231333417945286,1560285777,2,47307,49,8095,2.3190436008575355,1562386400,5,47380,49,8091,2.739874531980939,1545605755,2,47044,49,8106
2.050085230727962,1551902908,8,47263,49,8166,2.3516795088158524,1556096951,7,47412,49,8132,2.3255757435182467,1560286346,2,47351,49,8149,2.09526854086748,1558192921,5,47278,49,8139,2.602794840469018,1558188908,2,47492,49,8081
2.4141057337491367,1556097976,10,47414,49,8145,1.6595425481011388,1547707613,6,47118,49,8068,2.0767097360747933,1558188669,2,47239,49,8157,2.4788683028290226,1547706801,5,46941,49,8135,2.3426065553667663,1556091754,1,47379,49,8153
1.9118827374896865,1549806816,10,47202,49,8158,2.5025296515525732,1558193302,6,47477,49,8030,2.4782624977972003,1562383472,3,47414,49,8157,2.469893759595604,1547707424,5,46933,49,8134,2.4041068634865206,1556091573,2,47416,49,8121
1.9118827374896865,1549806816,10,47202,49,8158,2.5025296515525732,1558193302,6,47477,49,8030,2.5371140108919565,1556091056,2,47437,49,8172,2.5798453344293883,1547707083,5,46975,49,8147,2.4041068634865206,1556091573,2,47416,49,8121
1.9838912439086358,1549806572,10,47232,49,8122,1.6460788299020916,1547707938,7,47114,49,8100,2.3191515416405,1553994783,2,47342,49,8169,1.6549567536220922,1551901424,5,47091,49,8100,2.9502923405812793,1547703275,1,47125,49,8114
1.9838912439086358,1549806572,10,47232,49,8122,1.6460788299020916,1547707938,7,47114,49,8100,2.611877381576909,1558188492,2,47464,49,8178,1.9699144660610426,1556094797,5,47235,49,8118,2.9502923405812793,1547703275,1,47125,49,8114
2.7197840516454233,1560292437,10,47545,49,8083,2.6205374667959522,1560291143,6,47528,49,8106,2.56179783339739,1564480180,2,47443,49,8114,1.4815637210099233,1549803712,4,47027,49,8094,2.984460032893544,1547702795,1,47142,49,8102
2.7197840516454233,1560292437,10,47545,49,8083,2.6205374667959522,1560291143,6,47528,49,8106,2.583420078582697,1564480347,2,47455,49,8182,1.3689614498685774,1547705897,4,46979,49,8143,2.984460032893544,1547702795,1,47142,49,8102
1.5811135322588,1562390065,10,47573,49,8111,1.8573103014901395,1549805921,7,47203,49,8061,2.2524463484522323,1553994346,2,47316,49,8123,1.6020201504174088,1551901418,5,47078,49,8096,2.254583956753727,1556091300,2,47346,49,8108
1.5811135322588,1562390065,10,47573,49,8111,1.8573103014901395,1549805921,7,47203,49,8061,2.523752522729769,1556091411,2,47432,49,8132,1.910860357245143,1556095809,5,47210,49,8108,2.254583956753727,1556091300,2,47346,49,8108
2.0268309032119314,1551903694,9,47250,49,8120,2.6741859711445524,1560291398,7,47554,49,8138,2.193390362943729,1558189178,3,47295,49,8155,2.1260698184950337,1558192018,4,47300,49,8112,3.1348008892592776,1549800397,2,47204,49,8071
2.489785479777298,1558195147,9,47447,49,8138,2.285178815677432,1556096018,6,47384,49,8084,2.139743678694566,1551896994,2,47261,49,8102,1.380997578885384,1547706848,5,46981,49,8124,2.7742486329158527,1545606030,2,47051,49,8089
2.489785479777298,1558195147,9,47447,49,8138,2.285178815677432,1556096018,6,47384,49,8084,2.344342783059155,1560285770,2,47364,49,4,1.6312934648569095,1551901715,5,47087,49,8084,2.7742486329158527,1545606030,2,47051,49,8089
1.805297586305993,1547709817,10,47158,49,8120,2.0241745321096274,1551902739,7,47271,49,8106,2.1813542297808044,1558189101,3,47298,49,8137,1.9909251395001182,1558192631,5,47249,49,8182,2.395336804378147,1556091845,2,47405,49,8136
2.3280219401305873,1556098384,10,47377,49,10,1.7571512462300225,1547708414,7,47153,49,8024,1.8421216068034207,1547703072,2,47144,49,8147,2.1624811442061906,1560289420,5,47319,49,8028,3.210173907277719,1551897275,2,47240,49,8107
1.7063634963094951,1547708845,9,47112,49,8117,2.714372682214556,1562388234,7,47568,49,8060,1.6983090481555805,1545605622,2,47082,49,8166,1.3896691933680205,1547706920,5,46976,49,8154,2.866450317732822,1547703011,1,47098,49,8090
1.7063634963094951,1547708845,9,47112,49,8117,2.714372682214556,1562388234,7,47568,49,8060,1.8760848423901837,1553994567,2,47163,49,8131,1.550308057483949,1551901053,5,47057,49,8153,2.866450317732822,1547703011,1,47098,49,8090
2.4038039279166608,1556097501,9,47410,49,8170,2.515482152148495,1558193882,7,47486,49,8121,2.6902078324801435,1560285510,2,47509,49,7,1.7337965573240408,1553998419,5,47138,49,8143,2.584741593387049,1560285896,1,47484,49,8067
2.4038039279166608,1556097501,9,47410,49,8170,2.515482152148495,1558193882,7,47486,49,8121,1.6973907759294293,1551897862,2,47083,49,8109,1.9356463982988896,1556095389,5,47215,49,8078,2.584741593387049,1560285896,1,47484,49,8067
1.9431952309762963,1549805172,8,47214,49,8089,2.2661050406742467,1556096618,7,47379,49,8055,2.5328312098065933,1562382745,2,47436,49,8075,2.0103037431197723,1558192663,5,47259,49,8039,2.319350336812949,1556091407,1,47374,49,8141
1.9431952309762963,1549805172,8,47214,49,8089,2.2661050406742467,1556096618,7,47379,49,8055,1.5341993325541823,1543509191,3,47011,49,8116,2.2252083641820257,1560289421,4,47344,49,8088,2.319350336812949,1556091407,1,47374,49,8141
2.7634375020948982,1562389645,10,47564,49,8063,2.0808827361207634,1551902239,7,47299,49,8090,2.3593363513763315,1560285996,3,47369,49,8186,2.376876470436149,1545609536,5,46889,49,8100,3.3396044132507794,1551897654,2,47299,49,8098
2.7634375020948982,1562389645,10,47564,49,8063,2.0808827361207634,1551902239,7,47299,49,8090,2.5706701376204646,1558188484,2,47457,49,8181,2.534662038144763,1547706216,4,46958,49,8144,3.3396044132507794,1551897654,2,47299,49,8098
2.4070680930475623,1556097424,8,47410,49,8132,1.8503748999567773,1549805140,6,47199,49,8062,2.204917155086484,1560286009,3,47299,49,8135,1.4952319383996635,1549804573,5,47028,49,8095,3.059425980464996,1549800329,2,47174,49,8112
2.4070680930475623,1556097424,8,47410,49,8132,1.8503748999567773,1549805140,6,47199,49,8062,2.4375683596013156,1562383431,3,47394,49,64,1.6659723472626384,1551901641,5,47098,49,8062,3.059425980464996,1549800329,2,47174,49,8112
2.0502897120935546,1551903721,9,47260,49,8123,1.6751476714535263,1547708290,7,47125,49,8079,2.066101212428426,1558188345,2,47244,49,8124,1.776840310154965,1553998953,5,47147,49,8115,2.8793024804847933,1545605882,1,47100,49,8165
2.0502897120935546,1551903721,9,47260,49,8123,1.6751476714535263,1547708290,7,47125,49,8079,2.33730702381683,1560286334,3,47353,49,8043,1.939317644851765,1556095668,5,47218,49,8135,2.8793024804847933,1545605882,1,47100,49,8165
1.7458345263620214,1547709300,9,47133,49,8114,2.690709381777881,1560290725,7,47560,49,8137,1.9693085214513715,1556091702,3,47201,49,8124,2.0979192528321393,1558192085,4,47287,49,8118,2.730797751987632,1560286109,1,47548,49,8100
1.7458345263620214,1547709300,9,47133,49,8114,2.690709381777881,1560290725,7,47560,49,8137,2.1668718610962556,1558189147,3,47288,49,8180,2.2658021364010077,1560289887,5,47361,49,8100,2.730797751987632,1560286109,1,47548,49,8100
2.711725876319967,1560291900,9,47543,49,18,2.532821603543155,1560289663,6,47492,49,8066,1.836511570171235,1553994436,2,47143,49,8091,2.4085960326097258,1545609555,5,46905,49,8113,2.4851959788835734,1558188813,2,47436,49,8110
2.511407716830423,1558195774,10,47459,49,8080,2.4200148552516265,1558193689,7,47438,49,8081,1.975429742893205,1556091543,2,47197,49,8150,1.762560551529172,1553998639,5,47143,49,8098,2.308641458734716,1556091806,1,47367,49,8107
2.3544381864065356,1556098412,10,47390,49,8134,2.267737123592255,1556097066,7,47379,49,8117,1.903214903510282,1547702611,2,47177,49,8100,2.119032179030253,1558192165,5,47296,49,8122,2.164421852857711,1553994820,2,47301,49,8111
2.2059338913441593,1554001272,10,47326,49,8165,2.1041370549273184,1553999437,7,47311,49,8105,1.604573877908668,1543508326,2,47049,49,8140,2.289770255015187,1560289065,4,47374,49,8097,3.184266976237541,1551896907,1,47230,49,8076
2.2059338913441593,1554001272,10,47326,49,8165,2.1041370549273184,1553999437,7,47311,49,8105,1.8874053022345358,1553994318,2,47172,49,8109,2.514669973547661,1547706706,4,46953,49,8046,3.184266976237541,1551896907,1,47230,49,8076
2.0785425224257748,1551902759,9,47271,49,8147,1.9461470335059132,1551902193,7,47244,49,8158,1.610286165019722,1549800559,3,47049,49,8191,1.5473525301611348,1549804180,5,47045,49,8122,3.0098538709835343,1547702834,1,47164,49,8104
2.0785425224257748,1551902759,9,47271,49,8147,1.9461470335059132,1551902193,7,47244,49,8158,1.8741460553021956,1553994290,2,47166,49,8138,1.7064620325709492,1553998211,5,47125,49,8167,3.0098538709835343,1547702834,1,47164,49,8104
2.016631339660184,1551903923,10,47246,49,8118,1.7963174116755103,1547706962,6,47177,49,8085,1.9112730590639322,1553994259,3,47178,49,8100,2.138819746988252,1558192668,5,47302,49,8107,2.8622716252394365,1545606204,1,47083,49,8098
1.9795043297947874,1549806344,9,47234,49,8166,1.6728017910680608,1547708365,7,47124,49,8044,1.7193197451681277,1551897472,3,47092,49,8125,2.2797751774113393,1560289461,5,47368,49,8134,2.6018765557911956,1560286200,2,47492,49,8144
2.0133671796082773,1551903931,10,47246,49,8153,1.6055872990519175,1545611019,6,47087,49,8046,1.7826585377661743,1553994581,3,47119,49,8115,1.5353163971981052,1549804313,5,47043,49,8108,2.4093098455664776,1556091791,2,47412,49,8088
2.0133671796082773,1551903931,10,47246,49,8153,1.6055872990519175,1545611019,6,47087,49,8046,2.1619774920196813,1558188946,3,47280,49,8132,1.6642361821855105,1553998029,5,47107,49,8075,2.4093098455664776,1556091791,2,47412,49,8088
2.0938409286797635,1551903202,9,47281,49,8174,2.722022454691273,1562388478,7,47573,49,8123,1.9175968996970314,1556091618,3,47180,49,14,1.833139583727265,1553997809,5,47179,49,8113,3.36734791823105,1553994345,1,47307,49,8122
2.0938409286797635,1551903202,9,47281,49,8174,2.722022454691273,1562388478,7,47573,49,8123,2.2927352798162146,1553995018,3,47334,49,8170,2.0443710761697464,1558192632,4,47268,49,8122,3.36734791823105,1553994345,1,47307,49,8122
2.178599363291423,1554001191,10,47313,49,8150,2.7378320573726516,1562387808,6,47570,49,8036,2.0843589358974235,1558188917,3,47249,49,8102,2.180125425017754,1560289331,4,47329,49,8127,3.0135269997419694,1547702852,1,47160,49,8115
2.178599363291423,1554001191,10,47313,49,8150,2.7378320573726516,1562387808,6,47570,49,8036,2.477955762163645,1562383237,3,47422,49,8137,2.3661656926947483,1545609974,5,46889,49,8112,3.0135269997419694,1547702852,1,47160,49,8115
2.2677428376480195,1554001474,10,47351,49,8085,2.760577061328058,1562387916,6,47579,49,8042,2.2893688785505457,1560286264,2,47335,49,8166,2.4414364502543004,1547706950,5,46927,49,8038,2.5900429848896627,1560285992,2,47496,49,8116
2.2677428376480195,1554001474,10,47351,49,8085,2.760577061328058,1562387916,6,47579,49,8042,2.683374683824875,1566577185,2,47500,49,8181,1.3969075357577885,1549802916,4,46992,49,14,2.5900429848896627,1560285992,2,47496,49,8116
2.3581094238415266,1556098447,10,47393,49,8116,1.593551189083066,1545611376,7,47092,49,8101,2.5007007814994378,1562383003,2,47427,49,8117,1.5522454819720872,1551901081,5,47061,49,8074,3.345418947230885,1551897092,1,47299,49,8104
2.3581094238415266,1556098447,10,47393,49,8116,1.593551189083066,1545611376,7,47092,49,8101,1.7342110770909076,1551897820,3,47094,49,8091,1.7278816693211423,1553997408,4,47131,49,8122,3.345418947230885,1551897092,1,47299,49,8104
2.4889694403821983,1558195559,10,47446,49,8100,1.7111519199486427,1547708260,6,47139,49,8110,1.5360340165071158,1560285988,2,47525,49,8162,1.84415705044298,1553997529,4,47175,49,8090,2.812087976516938,1545605844,2,47072,49,8130
2.4889694403821983,1558195559,10,47446,49,8100,1.7111519199486427,1547708260,6,47139,49,8110,1.9343247833839758,1553994156,3,47180,49,8121,1.98490989703009,1556095714,5,47235,49,8127,2.812087976516938,1545605844,2,47072,49,8130
2.6076910785257015,1560292629,10,47498,49,8136,1.8651639858838829,1549805122,6,47197,49,7993,1.7596068324421124,1545605605,3,47109,49,5,2.0115287477570516,1558192488,5,47254,49,8116,2.262028671910558,1553994936,2,47353,49,8145
2.6076910785257015,1560292629,10,47498,49,8136,1.8651639858838829,1549805122,6,47197,49,7993,2.167587538826177,1558189346,3,47277,49,8167,2.1446342711576607,1558191403,4,47301,49,8101,2.262028671910558,153994936,2,47353,49,8145
2.7203956059333323,1560292743,10,47545,49,8050,1.9425780386042306,1549804746,7,47238,49,8118,2.3023232897674943,1560286410,2,47332,49,8124,2.2516265065019927,1560289118,4,47348,49,8092,2.809641726075561,1545606117,2,47064,49,8094
1.60926410732133,1562389075,8,47583,49,8166,2.0043869691291927,1551901494,6,47256,49,8047,2.0632460118297846,1556091786,3,47236,49,8175,2.283346069730207,1560290081,5,47365,49,8104,3.3032934255815003,1551897541,1,47288,49,8133
1.60926410732133,1562389075,8,47583,49,8166,2.0043869691291927,1551901494,6,47256,49,8047,2.376880289433808,1562382978,3,47369,49,8134,2.2991537772911457,1545609379,5,46866,49,8147,3.3032934255815003,1551897541,1,47288,49,8133
1.6238487258269385,1562389825,10,47592,49,8176,1.9791938433773977,1551902761,7,47255,49,8053,2.1869661516465815,1551897517,3,47287,49,8118,2.4026811618337143,1545609027,4,46899,49,8101,2.5911657614784303,1558188929,1,47494,49,8127
1.6238487258269385,1562389825,10,47592,49,8176,1.9791938433773977,1551902761,7,47255,49,8053,2.489687070126556,1562383231,3,47415,49,8118,2.4355215836117057,1545609574,5,46921,49,8085,2.5911657614784303,1558188929,1,47494,49,8127
1.5912108640208773,1562389857,10,47576,49,8180,1.8902548699567492,1549804467,6,47215,49,8112,2.202978364039436,1551897217,2,47298,49,8182,2.447250984118713,1547706438,5,46927,49,8176,3.0437186120132487,1547703154,2,47169,49,8137
1.5912108640208773,1562389857,10,47576,49,8180,1.8902548699567492,1549804467,6,47215,49,8112,2.4958045343360187,1562383509,2,47427,49,8089,2.5185456903849817,1547707184,5,46956,49,8088,3.0437186120132487,1547703154,2,47169,49,8137
1.9627783201122948,1549806007,9,47221,49,8168,2.0489586966046365,1551902853,7,47283,49,8079,2.47907853711353,1562383194,3,47415,49,21,1.697385218205917,1553998096,5,47119,49,8098,2.611464566848686,1558188819,2,47495,49,8087
1.9627783201122948,1549806007,9,47221,49,8168,2.0489586966046365,1551902853,7,47283,49,8079,2.5172241915799507,1562382703,2,47433,49,8125,1.3860964131865952,1549803337,4,46987,49,8073,2.611464566848686,1558188819,2,47495,49,8087
1.7483848779901068,1547709271,9,47133,49,8103,1.5962037806698668,1545611150,7,47090,49,8095,2.270908553362607,1560286040,2,47320,49,8139,1.4835025322113953,1549804351,5,47024,49,8158,2.696834564659767,1560286317,1,47530,49,8167
1.7483848779901068,1547709271,9,47133,49,8103,1.5962037806698668,1545611150,7,47090,49,8095,2.545681492738302,1564480468,2,47442,49,8149,1.5061433924700902,1549803805,5,47042,49,8106,2.696834564659767,1560286317,1,47530,49,8167
1.8925041264057636,1549806772,9,47192,49,8087,2.6117654962220693,1560291513,7,47525,49,8089,2.3007915708139186,1560286002,2,47339,49,8095,1.5548975747849838,1551901011,5,47060,49,8121,0,1549800368,2,47179,49,8116
1.8925041264057636,1549806772,9,47192,49,8087,2.6117654962220693,1560291513,7,47525,49,8089,2.596170005564449,1564480490,3,47462,49,8068,1.6681137537837294,1551901339,5,47102,49,8171,3.0696255419959875,1549800368,2,47179,49,8116
1.9799132832463937,1549806647,10,47231,49,8139,2.416139153399491,1558193226,6,47439,49,8075,2.311400091443046,1560286502,3,47342,49,8159,1.6906542859311036,1551900264,4,47113,49,8099,2.194000020899328,1553994028,1,47316,49,8102
1.9799132832463937,1549806647,10,47231,49,8139,2.416139153399491,1558193226,6,47439,49,8075,2.5959655198610414,1564480476,2,47464,49,8175,1.7914249194280847,1553998229,5,47157,49,8117,2.194000020899328,1553994028,1,47316,49,8102
2.004188132089646,1551903229,9,47241,49,8131,2.2006248938361317,1553999931,7,47344,49,8124,2.304566927345675,1560286239,2,47337,49,8173,1.8412999774071355,1553997976,5,47180,49,8133,2.5283382075509815,1558188391,1,47462,49,8182
2.004188132089646,1551903229,9,47241,49,8131,2.2006248938361317,1553999931,7,47344,49,8124,2.5631231827349303,1564480409,3,47450,49,8,1.9733849686517744,1556096015,5,47229,49,8118,2.5283382075509815,1558188391,1,47462,49,8182
2.0096959338539664,1551902884,8,47243,49,8148,1.956346611923862,1551902234,7,47243,49,8115,2.2576493016031107,1560286105,2,47317,49,8127,1.9841942179308474,1558191731,4,47243,49,8159,2.870225673284263,1545606128,1,47094,49,8072
2.0096959338539664,1551902884,8,47243,49,8148,1.956346611923862,1551902234,7,47243,49,8115,2.515185032630385,1556091396,3,47432,49,8152,2.12800862196794,1558192631,5,47297,49,8129,2.870225673284263,1545606128,1,47094,49,8072
1.9781789646022072,1549806542,10,47232,49,8090,1.6891207320235444,1547708468,7,47127,49,8068,2.191860514700151,1558188890,3,47298,49,8165,0,1558193015,5,47291,49,8105,3.050349177859805,1549800231,1,47168,49,8081
1.9781789646022072,1549806542,10,47232,49,8090,1.6891207320235444,1547708468,7,47127,49,8068,2.4589861263443935,1562383647,2,47407,49,18,2.208582715456419,1560289890,5,47339,49,8053,3.050349177859805,1549800231,1,47168,49,8081
2.326389855910295,1556098118,9,47378,49,8098,1.7828537076480713,1547708201,7,47168,49,8169,2.3697404002491997,1560285995,3,47370,49,8128,1.3719188872922432,1549803912,5,46982,49,8147,2.435012287323564,1556091697,1,47425,49,8104
2.326389855910295,1556098118,9,47378,49,8098,1.7828537076480713,1547708201,7,47168,49,8169,2.355562872467469,1560285784,2,47365,49,8127,2.274878927565983,1562385814,4,47369,49,8065,2.435012287323564,1556091697,1,47425,49,8104
2.0394785848223407,1551902692,8,47255,49,8185,2.5505700565577833,1558194190,7,47489,49,8095,2.0724250558383277,1556091222,2,47245,49,8153,2.3402587592582105,1545609937,5,46880,49,8100,2.180945257217787,1553994406,2,47308,49,8090
2.4050270356681613,1556097848,9,47415,49,8125,2.6868336804301753,1560291054,7,47553,49,8130,2.235413612345785,1558188782,3,47311,49,8139,2.4056366887093903,1545610251,5,46910,49,8109,2.6101372980737385,1560286085,1,47500,49,8135
2.4050270356681613,1556097848,9,47415,49,8125,2.6868336804301753,1560291054,7,47553,49,8130,2.2026716402770186,1558188785,2,47304,49,8089,1.6455732232551072,1551901591,5,47090,49,8141,2.6101372980737385,1560286085,1,47500,49,8135
2.140146983648121,1551903445,9,47300,49,8113,2.2747747810104992,1556096894,7,47377,49,8131,1.8955656958773304,1547703028,2,47171,49,8139,2.5478190384500214,1547706435,5,46964,49,8118,2.3448501939346325,1556091834,2,47381,49,8179
2.140146983648121,1551903445,9,47300,49,8113,2.2747747810104992,1556096894,7,47377,49,8131,2.1062879078737233,1558189027,3,47257,49,8157,2.1596259500918937,1560290035,5,47314,49,8159,2.3448501939346325,1556091834,2,47381,49,8179
2.187269095618095,1553999663,8,47312,49,8115,2.206846493853739,1553999782,7,47347,49,8098,1.7729683101989302,1553994748,2,47117,49,8114,1.9407452466906254,1556094754,4,47220,49,8115,2.4067613797219702,1556092269,2,47406,49,8149
2.187269095618095,1553999663,8,47312,49,8115,2.206846493853739,1553999782,7,47347,49,8098,2.0480479670929297,1556091777,3,47236,49,8109,1.663931325426467,1551901333,5,47102,49,8158,2.4067613797219702,1556092269,2,47406,49,8149
2.292017696198976,1554000977,10,47357,49,8125,2.1373883656840884,1553999224,6,47316,49,8083,1.7188085751593307,1551897302,2,47096,49,8173,1.449537435727371,1549804007,5,47012,49,8137,2.3903383105566407,1556091663,1,47407,49,8060
2.292017696198976,1554000977,10,47357,49,8125,2.1373883656840884,1553999224,6,47316,49,8083,1.9878729493702865,1556092476,3,47205,49,21,2.3967643853681007,1545609318,4,46901,49,8096,2.3903383105566407,1556091663,1,47407,49,8060
2.3544381974977844,1556098084,9,47385,49,8120,2.0944487162072196,1551902711,7,47298,49,8050,1.6601633740589528,1551897285,3,47066,49,8125,2.2035861255012192,1560290155,5,47331,49,8134,2.4420499422841773,1556091901,2,47423,49,8129
2.3544381974977844,1556098084,9,47385,49,8120,2.0944487162072196,1551902711,7,47298,49,8050,1.8995436499951175,1553994517,2,47175,49,8120,1.9783796995157663,1558192412,5,47243,49,8117,2.4420499422841773,1556091901,2,47423,49,8129
2.4867258119032982,1558193966,8,47440,49,8185,1.994187416707519,1551902872,7,47257,49,8086,1.5921306698356388,1549800613,2,47045,49,8145,1.837117543633596,1556094708,4,47180,49,8122,2.420325461227865,1558188420,1,47412,49,8158
2.686125689431822,1560293116,10,47525,49,8118,1.9461470469750015,1551901982,7,47240,49,8110,1.5712222232944129,1549800972,3,47034,49,8139,1.5275630516655763,1551900410,4,47047,49,8054,2.435828341584142,1556091533,1,47420,49,8137
2.686125689431822,1560293116,10,47525,49,8118,1.9461470469750015,1551901982,7,47240,49,8110,1.8266187092172295,1553994895,3,47138,49,8107,1.409861948938439,1549803608,4,46993,49,8077,2.435828341584142,1556091533,1,47420,49,8137
1.6522037756350065,1545612748,10,47086,49,8171,1.90106600143396,1549804450,6,47218,49,8091,2.697654449645741,1566577782,3,47510,49,8110,2.487538019564162,1547706252,4,46947,49,8130,2.43929508642403,1556091717,2,47426,49,8108
1.6522037756350065,1545612748,10,47086,49,8171,1.90106600143396,1549804450,6,47218,49,8091,1.754915059766043,1551897419,2,47113,49,8170,2.3809547747477615,1545608991,4,46896,49,8130,2.43929508642403,1556091717,2,47426,49,8108
1.8172314759358779,1547709571,9,47156,49,8078,1.8354835903763769,1549805359,7,47189,49,8105,2.6381894677377304,1564480287,3,47493,49,8169,2.2747785878970777,1560289212,5,47361,49,8090,2.4242011813731374,1556091163,1,47414,49,8116
1.8172314759358779,1547709571,9,47156,49,8078,1.8354835903763769,1549805359,7,47189,49,8105,1.7135070725509842,1551897625,3,47087,49,8135,2.191754480379312,1560289735,5,47327,49,8182,2.4242011813731374,1556091163,1,47414,49,8116
1.9804226204445987,1549806263,9,47228,49,8118,1.8173281087971613,1549804508,6,47183,49,8044,2.585868191935234,1564480523,2,47462,49,8139,2.1605461182417653,1558192378,5,47305,49,8151,2.5029425064060047,1558188943,1,47442,49,8156
1.9804226204445987,1549806263,9,47228,49,8118,1.8173281087971613,1549804508,6,47183,49,8044,1.607226481331253,1551897188,2,47049,49,8133,0,,5,4728,49,8124,0,1558188943,1,47442,9,8156
2.1644218462029614,1554000329,9,47304,49,8082,1.7853018235905942,1547707207,6,47169,49,8132,2.4939698548591545,1562383461,2,47427,49,8108,1.9780748559580366,1556095185,5,47239,49,8076,2.5702573391570342,1558188630,1,47478,49,8147
2.1644218462029614,1554000329,9,47304,49,8082,1.7853018235905942,1547707207,6,47169,49,8132,2.713464064814099,1566577823,3,47515,49,8143,1.9489056430882454,1556095765,5,47221,49,8122,2.5702573391570342,1558188630,1,47478,49,8147
2.3612713551327786,1556097409,8,47390,49,8130,1.7268592908787457,1547707179,6,47142,49,8090,2.365048632983106,1562383072,3,47371,49,8171,1.8562916701408645,1556095736,5,47193,49,8121,2.654811290007952,1560286367,2,47513,49,8116
2.3612713551327786,1556097409,8,47390,49,8130,1.7268592908787457,1547707179,6,47142,49,8090,2.6036147139184433,1558188686,2,47472,49,8141,1.839667898150637,1553997599,4,47180,49,8098,2.654811290007952,1560286367,2,47513,49,8116
2.5286449359346452,1558195188,9,47461,49,8182,1.638225162673594,1545610685,7,47107,49,8088,2.2663190217310913,1560286207,3,47323,49,8133,1.840588038533574,1553997850,4,47171,49,8061,2.778022117025758,1543508869,2,47049,49,8094
2.6883693246851603,1560291213,8,47527,49,8168,2.706314514451145,1562387110,6,47563,49,8070,2.31384632538493,1560286401,3,47353,49,8138,1.804684164145968,1553998494,5,47163,49,8139,2.8722648482971005,1545606042,2,47093,49,8124
1.6605667895612264,1545612646,10,47092,49,8142,2.598201468008384,1560290587,6,47508,49,8081,2.1638121755130055,1558189194,2,47288,49,8132,1.6750473061719282,1553998567,5,47114,49,8126,2.9699758064307487,1547702890,1,47132,49,8085
1.796323021090336,1547709780,9,47145,49,8128,2.39971799790656,1556095398,6,47430,49,8090,1.826312003345907,1553994513,2,47141,49,3,1.717682104828861,1553998477,5,47128,49,8163,3.0725830002429833,1549800138,1,47174,49,8115
1.796323021090336,1547709780,9,47145,49,8128,2.39971799790656,1556095398,6,47430,49,8090,2.034890952627061,1556091761,2,47232,49,8157,1.7528703144409117,1553998256,5,47143,49,8121,3.0725830002429833,1549800138,1,47174,49,8115
2.243467996614088,1554001120,9,47337,49,8093,2.5158911600395757,1558193477,6,47475,49,8117,1.8924037702351066,1553994458,2,47173,49,8142,2.1176045770796836,1558192919,5,47295,49,8117,2.351174055989806,1556091980,2,47375,49,8112
2.243467996614088,1554001120,9,47337,49,8093,2.5158911600395757,1558193477,6,47475,49,8117,1.8823064430805347,1553994680,3,47168,49,8166,1.7547068675625186,1553998501,5,47141,49,8165,2.351174055989806,1556091980,2,47375,49,8112
2.055388567260853,155100346,4,47261,,8167,2.0083649494865403,1551902358,6,47259,49,8093,1.5637775041541886,1549800438,2,47027,49,8151,1.7311458235766488,1553997871,4,47132,49,8142,3.342154800682413,1551897003,1,47291,49,1
2.055388567260853,1551900346,4,47261,49,8167,2.0083649494865403,1551902358,6,47259,49,8093,1.7600157611714438,1553994445,2,47111,49,8110,1.8075412322606217,1553998882,5,47159,49,8134,3.342154800682413,1551897003,1,47291,49,1
2.2244964673626137,1554001262,10,47331,49,8125,1.7939715538635344,1547707102,6,47169,49,8069,2.653183040147615,1564480278,2,47498,49,8167,1.828654159535944,1553998788,5,47168,49,8142,2.312822026727587,1556091366,1,47367,49,8123
2.2244964673626137,1554001262,10,47331,49,8125,1.7939715538635344,1547707102,6,47169,49,8069,1.7343114637635457,1551897500,2,47107,49,8151,1.83365077196794,1553997812,4,47175,49,8071,2.312822026727587,1556091366,1,47367,49,8123
2.713460218112496,1560292328,9,47537,49,8165,1.920139773835513,1549805687,7,47220,49,8081,1.6521052252669828,1551897451,2,47065,49,8165,2.2813069134261976,1560289664,4,47362,49,8151,2.81555663218127,1545605954,1,47062,49,8150
2.713460218112496,1560292328,9,47537,49,8165,1.920139773835513,1549805687,7,47220,49,8081,1.718197000408908,1545605805,2,47097,49,25,1.9209576806629027,1556095991,5,47215,49,8099,2.81555663218127,1545605954,1,47062,49,8150
2.550778394008642,1558195393,9,47468,49,8120,2.6472604634129886,1560291307,6,47531,49,8069,2.6374756702188313,1564480493,2,47492,49,8066,1.968182019392592,1556095053,4,47229,49,8101,2.576274457121026,1560285706,2,47480,49,8158
2.550778394008642,1558195393,9,47468,49,8120,2.6472604634129886,1560291307,6,47531,49,8069,1.7289058979030743,1545605693,2,47104,49,8117,1.987153543546381,1556094785,4,47235,49,8078,2.576274457121026,1560285706,2,47480,49,8158
2.699078194984998,1560292684,10,47534,49,8062,2.5107904148527176,1558194215,7,47477,49,8066,2.6834769182549434,1566577417,2,47505,49,8149,1.9964348272512609,1556095002,5,47240,49,8092,2.659504979021453,1560286162,2,47504,49,8152
2.699078194984998,1560292684,10,47534,49,8062,2.5107904148527176,1558194215,7,47477,49,8066,1.8125434217338396,1553994554,2,47132,49,8069,1.9935777486489223,1556095268,5,47244,49,8132,2.659504979021453,1560286162,2,47504,49,8152
1.703201582952977,1545612359,10,47108,49,8135,2.457244149605016,1558194293,7,47450,49,8080,1.5994750386849066,1549800101,2,47045,49,8074,1.997760188940516,1558192225,5,47243,49,8157,2.6970371505909583,1545605359,1,47016,49,8091
1.703201582952977,1545612359,10,47108,49,8135,2.457244149605016,1558194293,7,47450,49,8080,1.9879751859457266,1556092188,3,47204,49,8151,1.9777681450208584,1558192237,5,47239,49,8118,2.6970371505909583,1545605359,1,47016,49,8091
1.8967869457079738,1549807147,10,47194,49,8176,2.4305211780270803,1558192862,6,47440,49,8089,1.752364708619941,1545605429,2,47114,49,8166,2.0052049117053956,1558191824,4,47250,49,8084,2.7456871648889494,1543508712,1,47043,49,8087
1.8967869457079738,1549807147,10,47194,49,8176,0,1558192862,6,47440,49,8089,2.1803355877052537,1551897523,3,47291,49,8144,1.997962789824749,1558192478,5,47249,49,8050,2.7456871648889494,1543508712,1,47043,49,8087
2.1716639653347665,1554000438,9,47307,49,5,2.4139977669909825,1558193783,7,47435,49,8145,1.9566626938409521,1556091725,2,47188,49,8126,1.98857926767646,1558192620,5,47245,49,8090,2.772005016352855,1545605735,1,47041,49,8134
2.1716639653347665,1554000438,9,47307,49,5,2.4139977669909825,1558193783,7,47435,49,8145,2.3287376579471055,1560286353,2,47356,49,8115,2.0135697928859826,1558192517,5,47248,49,8130,2.772005016352855,1545605735,1,47041,49,8134
2.461634915582595,1558195295,10,47432,49,8123,2.4152208693716712,1558194128,7,47439,49,8101,2.1900258293740382,1558189513,2,47292,49,8176,1.9949031091727922,1558192639,5,47247,49,8069,2.8070909830322894,1545605950,2,47057,49,8119
2.461634915582595,1558195295,10,47432,49,8123,2.4152208693716712,1558194128,7,47439,49,8101,2.5407852400379722,1564480058,2,47445,49,8146,2.016934314630136,1556094000,4,47255,49,8111,2.8070909830322894,1545605950,2,47057,49,8119
1.5772374283407895,1562389231,9,47567,49,8124,2.4430666186619305,1558193525,6,47446,49,8126,2.3688221186213134,1560286082,2,47371,49,8128,1.9847054236083812,1556095210,5,47235,49,8119,2.8303475835803287,1545605771,1,47061,49,8113
1.5772374283407895,1562389231,9,47567,49,8124,2.4430666186619305,1558193525,6,47446,49,8126,1.5740774258120318,1549800119,2,47035,49,8146,2.001228828061464,1558192068,5,47241,49,8153,2.8303475835803287,1545605771,1,47061,49,8113
1.8705751671304365,1549806548,9,47179,49,8078,2.5476107010055684,1560289933,6,47493,49,8097,2.645940914066923,1564480309,2,47494,49,8152,1.9963325878482472,1556095125,5,47241,49,8105,2.903272501745638,1545605816,1,47098,49,8132
1.8705751671304365,1549806548,9,47179,49,8078,2.5476107010055684,1560289933,6,47493,49,8097,1.870781514764875,1553994939,3,47158,49,8138,1.9974534697052153,1558192039,5,47246,49,8141,2.903272501745638,1545605816,1,47098,49,8132
2.0854779320228625,1551903203,8,47272,49,8122,2.7187577172118056,1562388135,7,47567,49,8136,1.698206815866058,1551897657,2,47082,49,8102,1.9997993503061222,1556094157,4,47247,49,8137,2.892457623698404,1545606120,2,47108,49,8158
2.0854779320228625,1551903203,8,47272,49,8122,2.7187577172118056,1562388135,7,47567,49,8136,2.1004752553655193,1558188809,3,47250,49,8154,2.016934314630136,1558192940,5,47255,49,8085,2.892457623698404,1545606120,2,47108,49,8158
2.3636172313370825,1556097681,9,47393,49,15,1.7532755446342605,1547707977,6,47153,49,8083,1.9135167054338897,1556091361,3,47179,49,8181,2.0107127130957494,1558192805,5,47252,49,8121,2.9315253112857205,1547702609,1,47109,49,8154
2.3636172313370825,1556097681,9,47393,49,15,1.7532755446342605,1547707977,6,47153,49,8083,2.349239028888269,1560285903,2,47363,49,11,2.0988375389271785,1558192899,5,47284,49,8112,2.9315253112857205,1547702609,1,47109,49,8154
2.632986466156304,1560291131,8,47504,49,8128,1.9873542632198729,1551901792,6,47250,49,8029,2.1998164375441203,1551897410,2,47300,49,8130,2.1393309521997255,1558191878,4,47296,49,8065,3.0442279491660846,1547702986,2,47164,49,8102
2.632986466156304,1560291131,8,47504,49,8128,1.9873542632198729,1551901792,6,47250,49,8029,2.6289081932697123,1564480523,2,47485,49,6,2.144734628076958,1558191164,4,47307,49,8103,3.0442279491660846,1547702986,2,47164,49,8102
1.6967755077384592,1545612108,9,47107,49,8118,2.253764104627098,1553999505,7,47366,49,8094,2.461127523924992,1556091402,2,47410,49,8072,2.2156203628127438,1560289742,5,47340,49,8161,0,1549800751,2,47215,49,8095
1.6967755077384592,1545612108,9,47107,49,8118,2.253764104627098,1553999505,7,47366,49,8094,1.6971863095553676,1545605608,2,47084,49,8144,2.2960960017055196,1560289703,5,47367,49,8152,3.1671320298281387,1549800751,2,47215,49,8095
1.9454388846604662,1549803787,5,47211,49,8145,2.527416066571383,1558192642,6,47483,49,8095,1.5292008496849958,1566577933,3,47523,49,8128,2.313229063545719,1545609282,4,46871,49,8128,3.2309801225770274,1551897564,1,47245,49,8126
1.9454388846604662,1549803787,5,47211,49,8145,2.527416066571383,1558192642,6,47483,49,8095,1.9438105397853964,1556091562,2,47186,49,8171,2.443886490119288,1545609776,5,46918,49,8083,3.2309801225770274,1551897564,1,47245,49,8126
2.2036902620586516,1554000798,9,47319,49,8115,1.6370020395174747,1545611401,7,47093,49,8071,1.8055057824446021,1553994430,3,47126,49,8130,2.469791509491957,1547706875,5,46936,49,8080,2.1943067597628994,1553994553,2,47305,49,8065
2.2036902620586516,1554000798,9,47319,49,8115,1.6370020395174747,1545611401,7,47093,49,8071,2.203589920098481,1558188792,3,47303,49,8157,2.586066929645901,1547706759,5,46980,49,8122,2.1943067597628994,1553994553,2,47305,49,8065
2.464592355359257,1558195219,10,47433,49,8180,1.8636341550977098,1549805158,6,47201,49,8053,2.492235535331779,1562383235,3,47425,49,8188,1.5366417528439877,1549802744,4,47045,49,8057,2.31965707102605,1556091786,1,47368,49,8110
1.6156901896298,1562389685,9,47580,49,8180,2.0898573019208584,1551902030,7,47303,49,8132,2.3224138145455244,1553994394,2,47354,49,8124,1.6263972370088549,1551901153,4,47085,49,8128,2.512733093563163,1558188870,1,47451,49,8073
1.6156901896298,1562389685,9,47580,49,8180,2.0898573019208584,1551902030,7,47303,49,8132,0,1549800057,2,47030,49,8118,0,1553997732,4,47120,49,8109,2.512733093563163,1558188870,1,47451,49,8073
2.006329548473902,1551903271,9,47238,49,8139,2.303945871591895,1556096099,6,47388,49,8040,2.6583860276113893,1564480734,3,47492,49,8147,1.8374242609958416,1553998001,4,47176,49,8155,2.7579297221987584,1545605842,1,47039,49,8104
2.006329548473902,1551903271,9,47238,49,8139,2.303945871591895,1556096099,6,47388,49,8040,1.8867937379873458,1553994656,3,47169,49,8139,1.9807274603559597,1556095233,5,47235,49,8101,2.7579297221987584,1545605842,1,47039,49,8104
2.457759199563312,1556097615,9,47428,49,8122,2.5719877871128,1560289724,6,47496,49,8057,1.7491005593623683,1551897383,3,47111,49,8143,2.1179113037283903,1558192992,5,47290,49,8079,2.9879286834705066,1547703265,1,47136,49,8131
2.457759199563312,1556097615,9,47428,49,8122,2.5719877871128,1560289724,6,47496,49,8057,2.217869685745924,1558188501,3,47307,49,8179,2.2801841505400997,1560289010,4,47363,49,8095,2.9879286834705066,1547703265,1,47136,49,8131
1.7601142957563758,1547709689,10,47132,49,8109,1.6235383158040366,1545611281,7,47099,49,8083,2.1076151368795517,1556091220,3,47252,49,8135,2.4219575217482237,1545610149,5,46909,49,8175,3.2549501353049504,1551897271,1,47254,49,8180
1.7601142957563758,1547709689,10,47132,49,8109,1.6235383158040366,1545611281,7,47099,49,8083,2.5561877815587266,1564480163,2,47446,49,8166,1.3964001169106617,1547706962,5,46980,49,8143,3.2549501353049504,1551897271,1,47254,49,8180
2.3553564808256833,1556098310,9,47384,49,8128,1.8603699951594614,1549805094,6,47193,49,8095,2.4318560754554497,1562382940,2,47393,49,8142,1.4982916199898557,1549803855,4,47029,49,8128,2.404415507858414,1556091765,1,47401,49,8115
2.3553564808256833,1556098310,9,47384,49,8128,1.8603699951594614,1549805094,6,47193,49,8095,1.7009597992345762,1551897642,3,47087,49,8065,1.687899464339722,1553996981,4,47114,49,8103,2.404415507858414,1556091765,1,47401,49,8115
1.8021356777956894,1547709652,10,47152,49,8145,2.116886995428552,1553998399,6,47310,49,8048,2.0495778085173164,1556091809,2,47237,49,8144,2.0715030080442265,1558191995,4,47273,49,8133,2.728963109381745,1543509178,2,47027,49,8106
2.5457798991075884,1558195855,11,47469,49,8137,2.473563057393254,1558193063,6,47461,49,8104,1.9231047028722865,1556091441,3,47181,49,8168,2.2830412421229593,1560289917,5,47359,49,8081,3.041474981742986,1547703105,1,47163,49,8115
2.5457798991075884,1558195855,11,47469,49,8137,2.473563057393254,1558193063,6,47461,49,8104,2.430937793395315,1562383032,3,47394,49,8108,2.459796434422397,1547707021,5,46930,49,8140,3.041474981742986,1547703105,1,47163,49,8115
2.1625852889516297,1554000559,9,47304,49,8170,1.6657641627424082,1547707977,7,47117,49,8092,2.345974866237255,1560286201,2,47363,49,8104,1.5317474076000293,1549804379,5,47037,49,8143,2.1841071871688547,1553994775,2,47305,49,8159
2.1625852889516297,1554000559,9,47304,49,8170,1.6657641627424082,1547707977,7,47117,49,8092,1.6469038758825987,1551897504,3,47057,49,8102,1.712785875001202,1553997894,4,47126,49,8126,2.1841071871688547,1553994775,2,47305,49,8159
2.143206682585938,1551903815,10,47294,49,8094,2.40053402973002,1556096243,7,47433,49,8061,1.8076471938790533,1553994806,3,47129,49,8137,2.337708397421715,1545609508,4,46879,49,8090,2.9667135156155555,1547703352,1,47128,49,8155
2.143206682585938,1551903815,10,47294,49,8094,2.40053402973002,1556096243,7,47433,49,8061,2.087623096283677,1558188749,3,47248,49,8157,2.256115678744887,1560290280,5,47343,49,8094,2.9667135156155555,1547703352,1,47128,49,8155
1.8549700485368048,1549806153,9,47168,49,8147,1.6663757301078943,1547708209,7,47118,49,8062,2.5632254253004216,1558188534,2,47449,49,8148,1.5590800315274014,1549803380,4,47057,49,8166,3.361228569202926,1553994399,2,47300,49,8123
1.612935374254824,1562389654,9,47581,49,8122,1.6156846387273285,1545610710,6,47095,49,8111,1.5859090729163503,1543509035,3,47039,49,8138,2.1310664198269826,1560289703,5,47305,49,8118,2.6671541646515426,1543508830,1,47001,49,8134
1.612935374254824,1562389654,9,47581,49,8122,1.628025605367188,1545611061,7,47102,49,8113,1.8923015392656102,1553994830,3,47171,49,8140,2.130966066754185,1558192789,5,47298,49,8089,2.6671541646515426,1543508830,1,47001,49,8134
2.3176179068814453,1556098113,10,47368,49,8161,2.2393820885512543,1553999431,7,47364,49,8152,1.8490570165865248,1553994812,2,47147,49,8130,2.420834748936877,1545610219,5,46912,49,8080,2.8283065436845307,1545606155,1,47069,49,8081
2.3176179068814453,1556098113,10,47368,49,8161,2.2393820885512543,1553999431,7,47364,49,8152,2.408192780914121,1562383215,3,47385,49,8119,1.5167538387394122,1549803062,4,47032,49,8074,2.8283065436845307,1545606155,1,47069,49,8081
2.4827478523932,1558195083,9,47437,49,8055,2.517318745873917,1558193664,6,47479,49,8057,2.633090645320836,1564480591,3,47484,49,8174,2.16064458477462,1560288743,4,47319,49,8142,2.427158614075559,1556091502,2,47418,49,8144
2.4827478523932,1558195083,9,47437,49,8055,2.393598637234118,1556096752,7,47428,49,8112,1.775518661014732,1545605333,3,47116,49,8134,2.13800182003512,1560289163,5,47309,49,8128,2.427158614075559,1556091502,2,47418,49,8144
2.032338720334006,1551903860,9,47245,49,8121,1.6724950939720704,1547707695,6,47122,49,8097,1.7573631808748382,1551897398,3,47110,49,8152,2.4472509895127317,1545609467,5,46925,49,8109,2.622989490056399,1560285849,1,47498,49,8095
2.032338720334006,1551903860,9,47245,49,8121,15.010565340390482,1547707695,6,47122,49,8097,2.4025827365933385,1562383009,3,47384,49,8153,1.6826983735371583,1551900055,4,47109,49,8128,2.622989490056399,1560285849,1,47498,49,8095
1.9595141743621052,1549806673,9,47215,49,8138,2.6830602104833474,1560290701,6,47550,49,8106,2.4363433553063905,1562383071,2,47397,49,8113,1.9927635817606721,1556094715,4,47237,49,8160,3.3012561968594016,1551897379,1,47272,49,8130
1.9595141743621052,1549806673,9,47215,49,8138,2.6830602104833474,1560290701,6,47550,49,8106,1.8554812452102114,1553994656,2,47156,49,8167,2.421243723875844,1545609758,5,46908,49,8102,3.3012561968594016,1551897379,1,47272,49,8130
2.199610063842206,1554000931,10,47317,49,8088,1.6615817317517696,1547707004,6,47117,49,8105,2.113122939153132,1558188946,3,47254,49,8098,1.904229798926376,,,,,,3.031987328704246,149800092,2,47168,49,8121
2.199610063842206,1554000931,10,47317,49,8088,2.7416055540391526,1562388580,7,47576,49,8118,15.597029530300604,1564479835,2,47432,49,8164,1.9787905312715675,1556095619,5,47232,49,8072,3.031987328704246,1549800092,2,47168,49,8121
2.180231457134769,1554000897,10,47307,49,8169,2.4037982004556278,1556096260,6,47432,49,8139,1.5903963514222001,1543508488,2,47043,49,8142,1.5169564174648569,1549804209,5,47040,49,8089,2.524362163021406,1558189140,2,47449,49,8089
2.180231457134769,1554000897,10,47307,49,8169,2.1118885111459074,1553999579,7,47310,49,8065,1.99796842458912,1556091818,2,47215,49,8173,1.5315410124213942,1549803684,5,47049,49,8111,2.524362163021406,1558189140,2,47449,49,8089
1.7889786732929374,1547709730,10,47143,49,8142,2.338215794992941,1556097118,7,47403,49,8055,1.593762757155245,1549800258,2,47042,49,8163,1.5777453051179988,1551901071,5,47068,49,8078,2.313128743259257,1556092083,2,47368,49,8130
1.7889786732929374,1547709730,10,47143,49,8142,2.338215794992941,1556097118,7,47403,49,8055,2.2674399105326817,1553994344,2,47324,49,8069,2.106079654575904,1558192980,5,47288,49,8133,2.313128743259257,1556092083,2,47368,49,8130
2.129233637436716,1551904224,10,47287,49,8086,1.6916710910573192,1547708131,7,47125,49,8106,1.8571151713678506,1553994585,3,47147,49,6,1.8169247554940986,1553998945,5,47163,49,16,2.2110327549188855,1553995048,2,47321,49,8077
2.1590162887256543,1551903577,10,47299,49,8118,2.255396187186379,1553999280,7,47366,49,8051,2.175337109709051,1558189154,2,47291,49,8141,1.396807186782002,1547706931,5,46986,49,8105,2.9565139519083043,1547703534,2,47124,49,8156
2.1590162887256543,1551903577,10,47299,49,8118,1.6799416890103038,1547707963,7,47120,49,8060,2.642065195684713,1558188665,2,47491,49,8178,1.542354037141624,1549803104,4,47047,49,8178,2.9565139519083043,1547703534,2,47124,49,8156
1.8742464235430416,1549806541,10,47179,49,8070,2.6167640148431666,1560291434,7,47519,49,8098,1.5618387055826572,1549800145,2,47026,49,8133,1.918916643342525,1556095420,5,47219,49,8073,2.265396978447637,1553994776,1,47340,49,8121
1.8742464235430416,1549806541,10,47179,49,8070,2.6167640148431666,1560291434,7,47519,49,8098,2.3084407704946273,1560286507,3,47346,49,8135,2.461428512518774,1547706606,5,46932,49,8130,2.265396978447637,1553994776,1,47340,49,8121
2.3130283869837722,1556097828,9,47365,49,8129,1.887297444561053,1549805687,7,47207,49,8102,2.012350424988582,1556092034,2,47217,49,8141,2.2874262724473926,1560289938,5,47366,49,8096,2.286508014336864,1556091431,1,47357,49,8111
2.146368603793067,1551903658,10,47295,49,8151,2.024174550589726,1551901591,6,47265,49,8090,1.667098790342088,1551897277,2,,49,8122,2.1271925814921566,1558192810,5,47297,49,8089,2.872569687751992,1545605917,1,47099,49,8102
2.321391385611562,1556097137,8,47371,49,8108,2.589938794105516,1560290852,6,47510,49,8037,2.592599112799593,1564480370,3,47464,49,10,1.9789931356592274,1556095325,5,47238,49,8116,2.676335116796222,1543508712,1,46999,49,8123
2.601469491452592,1558195230,10,47489,49,8128,2.1151526780282635,1553999680,7,47309,49,8108,1.5210423287262087,1566577351,2,47514,49,8159,2.429809289154849,1547705691,4,46922,49,8151,2.5444545621021053,1558188954,2,47460,49,8102
2.601469491452592,1558195230,10,47489,49,8128,2.1151526780282635,1553999680,7,47309,49,8108,2.3507688710928956,1560286327,2,47363,49,8117,1.8454805462016417,1556093991,4,47187,49,8166,2.5444545621021053,1558188954,2,47460,49,8102
1.7029971204546632,1545612032,9,47106,49,8114,1.7864245855842786,1547706870,6,47164,49,8080,2.4870344602648617,1562383500,2,47419,49,8106,2.345766561920046,1545609553,5,46882,49,8082,2.4577592125855556,1556091856,2,47422,49,8133
1.7029971204546632,1545612032,9,47106,49,8114,1.7864245855842786,1547706870,6,47164,49,8080,2.0622254933867006,1556091997,2,47240,49,8118,1.7655179944416468,1553998424,5,47147,49,8113,2.4577592125855556,1556091856,2,47422,49,8133
2.048657647505845,1551903867,9,47253,49,8109,2.7195737601424765,1562388151,7,47567,49,8158,2.1861482353310127,1551896996,2,47297,49,8190,2.296300481407977,1560290064,5,47367,49,8111,2.3582116894062657,1556092030,2,47382,49,8152
2.048657647505845,1551903867,9,47253,49,8109,2.7195737601424765,1562388151,7,47567,49,8158,1.8056080186165737,1553994601,2,47124,49,8137,1.6924889832569279,1553998100,5,47119,49,8099,2.3582116894062657,1556092030,2,47382,49,8152
2.422366504479098,1556098360,10,47413,49,8098,2.548222249899948,1560290550,7,47495,49,8079,1.9390165426228785,1556091440,2,47184,49,8147,2.2561118830779017,1560289888,5,47361,49,8120,2.33618047874509,1556091952,2,47374,49,8075
2.422366504479098,1556098360,10,47413,49,8098,2.548222249899948,1560290550,7,47495,49,8079,1.5955993238805086,1543508811,2,47039,49,8151,1.6773931867169798,1551900278,4,47115,49,8090,2.33618047874509,1556091952,2,47374,49,8075
1.610793962916274,1562390114,10,47578,49,8096,2.4343968936935014,1558194031,7,47443,49,8101,2.5711813542530315,1564480126,2,47450,49,8144,1.698710585858115,1553997819,5,47122,49,8100,2.3352622003851558,1556091852,1,47373,49,8125
2.316801865948071,1556097719,9,47368,49,8132,2.7110062817491567,1560291044,7,47555,49,8038,1.7977543361875374,1547702727,3,47121,49,8086,1.441274778424175,1549804021,5,47014,49,8118,2.7370193642295773,1543508617,2,47034,49,8169
2.316801865948071,1556097719,9,47368,49,8132,2.7110062817491567,1560291044,7,47555,49,8038,2.4428716835648627,1556091801,2,47396,49,8129,1.793159235679221,1553998749,5,47156,49,8127,2.7370193642295773,1543508617,2,47034,49,8169
2.374021290075992,1556097616,8,47391,49,8138,2.3714651857986437,1556095725,6,47420,49,8084,2.6470636899410454,1564480745,3,47490,49,8146,2.296503067625346,1545609474,5,46861,49,8113,2.469997933311829,1556091396,2,47428,49,8107
2.374021290075992,1556097616,8,47391,49,8138,2.3714651857986437,1556095725,6,47420,49,8084,2.3449543453628667,1553994453,2,47364,49,8149,1.8365059778812365,1556094727,5,47179,49,8098,2.469997933311829,1556091396,2,47428,49,8107
1.8600689010491074,1549805797,8,47174,49,8179,2.695298914075294,1560290927,7,47557,49,7,1.6017186848864673,1549800140,3,47043,49,8176,1.5798867144134023,1551901409,5,47071,49,8075,2.879607335084374,1547702961,1,47100,49,8130
1.8600689010491074,1549805797,8,47174,49,8179,2.695298914075294,1560290927,7,47557,49,7,2.3325111404428283,1560286446,3,47358,49,8179,1.9728737730938481,1556095409,5,47234,49,8093,2.879607335084374,1547702961,1,47100,49,8130
1.8821001055793838,1549806293,9,47182,49,8180,2.4804984591812547,1558194326,7,47463,49,8135,2.6147325711794194,1564480241,2,47471,49,8168,2.5592417038637456,1547707316,5,46973,49,8102,2.6910200374249262,1543508944,1,47013,49,8082
1.8821001055793838,1549806293,9,47182,49,8180,2.4804984591812547,1558194326,7,47463,49,8135,2.370351960759678,1560285287,2,47371,49,8146,2.0473303954618576,1558192241,5,47264,49,8094,2.6910200374249262,1543508944,1,47013,49,8082
2.2454049168480994,1554000811,9,47340,49,8142,2.668475631520726,1560290584,6,47540,49,8110,2.6851090078782303,1566577092,2,47501,49,8108,1.3703890475910188,1547706827,5,46981,49,8053,2.7163134943604725,1543509249,2,47029,49,8135
2.2454049168480994,1554000811,9,47340,49,8142,2.668475631520726,1560290584,6,47540,49,8110,2.5171219453307585,1556091268,2,47436,49,18,1.995107580773902,1558192242,5,47248,49,8127,2.7163134943604725,1543509249,2,47029,49,8135
2.6140149377069304,1560292551,10,47494,49,8118,1.7393025006286102,1547708429,7,47146,49,8095,1.654146004115149,1549799891,3,47057,49,8140,2.4361331337443763,1547706216,5,46924,49,8111,2.466733767754875,1558188979,2,47428,49,8145
2.6140149377069304,1560292551,10,47494,49,8118,1.7393025006286102,1547708429,7,47146,49,8095,2.627887665425548,1564480881,2,47486,49,8152,1.7362446753449547,1553998391,5,47138,49,8090,2.466733767754875,1558188979,2,47428,49,8145
1.7521583823959332,1547708833,8,47128,49,8163,2.12963692884343,1553999596,7,47311,49,8075,1.6869867482614376,1551897536,2,47079,49,8122,2.058855318847169,1558193155,5,47271,49,8111,3.073603518197866,1547702926,2,47174,49,8107
2.159627848579653,1554000177,8,47301,49,8113,2.5867768713038752,1560291485,7,47509,49,8165,1.6101839266518652,1549800164,2,47048,49,8136,1.3973146035685315,1549803814,5,46997,49,8020,3.361737883060749,1551897475,2,47301,49,8156
2.617890657502162,1560292156,9,47496,49,8070,1.87138560309692,1549805269,6,47203,49,8093,2.6397193146529228,1564480528,2,47490,49,8112,1.761132944628642,1553998854,5,47142,49,8103,3.2470964563856506,1551897657,2,47249,49,8084
2.617890657502162,1560292156,9,47496,49,8070,15.143359803606176,1549805269,6,47203,49,8093,2.2615250211444224,1560285946,2,47321,49,8147,1.86220842626877,1556094415,4,47191,49,8125,3.2470964563856506,1551897657,2,47249,49,8084
1.9233054456840892,1549806833,9,47202,49,8088,2.2574353234398505,1556096563,7,47374,49,8061,2.391976091284207,1545605938,2,46866,49,8075,1.9532906874975304,1556095860,5,47226,49,8052,3.0089374924712122,1547703238,1,47152,49,8057
1.9233054456840892,1549806833,9,47202,49,8088,2.2574353234398505,1556096563,7,47374,49,8061,1.8822042085456758,1547702869,2,47168,49,8140,1.9763424114501469,1556095178,5,47232,49,8107,3.0089374924712122,1547703238,1,47152,49,8057
2.425630669615563,1556098320,10,47413,49,8162,2.521194454765897,1558193896,7,47484,49,8100,1.887712009863141,1553994834,3,47170,49,17,1.932993801115003,1556095770,5,47217,49,8098,2.5668909291637942,1558188784,1,47478,49,8171
2.425630669615563,1556098320,10,47413,49,8162,2.521194454765897,1558193896,7,47484,49,8100,2.489582922873252,1556091180,2,47429,49,8108,1.8087624972398653,1553998258,5,47171,49,8130,2.5668909291637942,1558188784,1,47478,49,8171
1.717990680251027,1547708708,9,47111,49,8134,2.5970786693566734,1560290826,6,47516,49,8045,2.4481749997294826,1562383010,3,47403,49,8130,1.7110515536383974,1553998507,5,47129,49,8137,3.2261880142789243,1551897340,1,47238,49,8074
1.717990680251027,1547708708,9,47111,49,8134,2.5970786693566734,1560290826,6,47516,49,8045,1.7369640511527749,1551897544,3,47104,49,18,1.6123219476742645,1551901303,5,47081,49,8136,3.2261880142789243,1551897340,1,47238,49,8074
1.7841846750132409,1547709887,10,47142,49,8151,1.6073216205708933,1545611166,7,47092,49,8049,2.0402965184455613,1549800302,3,47234,49,8159,1.408943663207205,1549804256,5,46995,49,8061,2.3036429832798775,1553994519,2,47363,49,8124
1.7841846750132409,1547709887,10,47142,49,8151,1.6073216205708933,1545611166,7,47092,49,8049,2.1672808154184047,1558189008,2,47285,49,8161,1.9862352567262742,1556095287,5,47239,49,8098,2.3036429832798775,1553994519,2,47363,49,8124
2.042436044869945,1551904406,10,47250,49,8092,2.584430977864247,1560291449,7,47512,49,8130,2.174725542681925,1551897366,2,47292,49,8166,2.130354502744392,1558192101,5,47298,49,8114,2.8505403622539687,1545606175,2,47081,49,8067
2.042436044869945,1551904406,10,47250,49,8092,2.584430977864247,1560291449,7,47512,49,8130,2.2251118047947105,1560286223,2,47310,49,8165,1.4884991197351243,1549803792,5,47031,49,8143,2.8505403622539687,1545606175,2,47081,49,8067
2.0032698710753807,1549805865,8,47234,49,8165,2.2557009965531756,1556096015,6,47375,49,8104,2.2241935250482108,1560285594,2,47311,49,8134,1.5792751524154793,1551900371,4,47067,49,8120,3.3743855728006467,1553994362,1,47305,49,8108
2.0032698710753807,1549805865,8,47234,49,8165,2.2557009965531756,1556096015,6,47375,49,8104,2.3023214028903674,1560285939,3,47345,49,8142,2.157384199125913,1558191611,4,47303,49,8121,3.3743855728006467,1553994362,1,47305,49,8108
2.5598551887134753,1558195332,10,47473,49,8140,2.7144749369178087,1562388057,7,47565,49,8068,2.0378483994724395,1556091448,2,47234,49,8190,1.8438503394774404,1553997889,5,47177,49,8099,2.301194860393336,1553994298,1,47363,49,8115
2.038355844910874,1551902711,8,47250,49,8146,2.1205582238255034,1553998637,6,47316,49,8061,2.0836451325324408,1558188667,3,47249,49,8140,2.447351318400419,1547706716,5,46932,49,8103,2.73834470945542,1545605991,2,47037,49,8167
2.038355844910874,1551902711,8,47250,49,8146,2.1205582238255034,1553998637,6,47316,49,8061,2.3586225499513724,1553994263,3,47369,49,8171,2.1369831865721785,1558192366,5,47303,49,8137,2.73834470945542,1545605991,2,47037,49,8167
2.5661790339753128,1558195673,10,47475,49,8121,2.6739814812047595,1560290412,6,47554,49,8113,2.069976933140256,1551897029,2,47247,49,8128,1.834873904097158,1556094286,4,47177,49,8123,3.2386312170624603,1551897126,1,47244,49,8141
2.5661790339753128,1558195673,10,47475,49,8121,2.6739814812047595,1560290412,6,47554,49,8113,2.3845294835876456,1560285894,2,47379,49,8126,1.5413335143011309,1551900200,4,47047,49,8146,3.2386312170624603,1551897126,1,47244,49,8141
1.7468550539668877,1547709595,10,47124,49,5,1.937477308407376,1549805032,7,47242,49,8075,2.091601053788842,1551897068,2,47251,49,8155,2.4580621064475263,1547705757,4,46931,49,8090,2.5690323165545714,1558189315,2,47482,49,8155
1.7468550539668877,1547709595,10,47124,49,5,1.937477308407376,1549805032,7,47242,49,8075,2.3664762340706456,1553994179,2,47372,49,8149,2.1578916300040683,1558192433,5,47314,49,8105,2.5690323165545714,1558189315,2,47482,49,8155
1.9985781093469324,1549806404,9,47232,49,8108,2.3467832554421677,1556095860,6,47413,49,8074,2.092519331318457,1558188597,2,47250,49,8185,1.8680229479428239,1556095647,5,47188,49,8116,3.0128132107256858,1547702851,1,47155,49,8109
1.9985781093469324,1549806404,9,47232,49,8108,2.3467832554421677,1556095860,6,47413,49,8074,2.378103398513548,1562383389,3,47378,49,8145,1.5432704210114447,1549803880,5,47052,49,8130,3.0128132107256858,1547702851,1,47155,49,8109
2.484379935300029,1558195134,9,47437,49,8082,1.880769102041353,1549804653,6,47214,49,8067,2.3649463936582413,1553994373,3,47371,49,8167,1.7014672694828668,1551901548,5,47109,49,8091,2.649203161961028,1560286016,2,47504,49,8135
2.484379935300029,1558195134,9,47437,49,8082,1.880769102041353,1549804653,6,47214,49,8067,2.430223990796688,1562383479,3,47395,49,19,2.1249489461056217,1558192453,5,47293,49,8063,2.649203161961028,1560286016,2,47504,49,8135
2.2973210199594343,1553999632,8,47359,49,8108,2.079759965177691,1551902141,7,47303,49,8130,2.173195701698829,1558189227,3,47291,49,8167,1.84140222080398,1556095897,5,47177,49,8108,2.85564107663758,1545606296,2,47080,49,8110
2.2973210199594343,1553999632,8,47359,49,8108,2.079759965177691,155190241,7,47303,49,8130,2.4795878426780447,1556091373,2,47423,49,812,1.5510218605790773,1551899931,4,47056,49,8081,0,,,,,
2.487439614185483,1558195382,10,47439,49,8126,2.601261119557327,1560289977,6,47518,49,8090,2.2564243003874944,1560285925,3,47323,49,8177,2.460103167361632,1547706500,4,46927,49,8158,3.3320574726627816,1551897420,2,47289,49,8107
2.487439614185483,1558195382,10,47439,49,8126,2.601261119557327,1560289977,6,47518,49,8090,2.5647552622820746,1564480326,2,47452,49,8095,2.1919589659046212,1560288867,4,47324,49,8116,3.3320574726627816,1551897420,2,47289,49,8107
2.6696022819844436,1560292211,9,47517,49,8118,1.9282982687579726,1549805441,7,47236,49,8102,2.32333209232948,1560286140,3,47355,49,8141,1.9188162832670796,1556095919,5,47210,49,8122,2.5944299428636186,1560286047,2,47489,49,8051
1.5898851256390019,1562389494,9,47567,49,8132,2.482232766907478,1558194503,7,47469,49,8097,2.401766692479708,1562383093,3,47386,49,8144,2.5469007540237056,1547706914,5,46964,49,8129,3.047594345050574,1547703064,2,47166,49,8114
1.5898851256390019,1562389494,9,47567,49,8132,2.482232766907478,1558194503,7,47469,49,8097,2.6961246116802045,1566577055,2,47508,49,8161,2.2418340183571392,1560289933,5,47347,49,8027,3.047594345050574,1547703064,2,47166,49,8114
1.7258443618183217,1547708493,8,47114,49,8122,1.8862769029376976,1549805815,7,47216,49,8065,2.482954249711092,1562383347,2,47422,49,8144,1.9791976196393297,1556094883,5,47234,49,8119,2.278245365388687,1553994564,1,47357,49,8153
1.87975422470718,1549806626,9,47181,49,8081,2.485394689462797,1558194383,7,47470,49,8102,2.5119208644729594,1564480095,3,47434,49,8155,1.383036739123365,1547706415,4,46983,49,8112,2.7301842819259066,1545605767,1,47038,49,8121
1.87975422470718,1549806626,9,47181,49,8081,2.485394689462797,1558194383,7,47470,49,8102,1.6524119267153101,1551896953,2,47061,49,8173,2.289976642544161,1560289501,5,47363,49,8130,2.7301842819259066,1545605767,1,47038,49,8121
1.938299008438365,1549806155,9,47207,49,8152,1.8016207305281593,1549805302,7,47182,49,8094,2.611468400592135,1564480472,2,47474,49,8156,1.97460809736038,1556094609,5,47231,49,8126,3.1897747888353893,1549800310,1,47228,49,8090
1.938299008438365,1549806155,9,47207,49,8152,1.8016207305281593,1549805302,7,47182,49,8094,1.7203384049523047,1551897236,2,47104,49,13,1.6663794448652451,1551901022,5,47101,49,8065,3.1897747888353893,1549800310,1,47228,49,8090
1.9085163591255159,1549806679,10,47195,49,8112,2.3872747730272295,1558193584,7,47432,49,8102,2.659711367472928,1566577290,3,47502,49,8126,1.4308726355428705,1549804372,5,47002,49,8163,2.35147887603442,1556091899,2,47384,49,8062
1.816210967401576,1547709447,10,47156,49,8100,1.781323847315876,1547707554,7,47173,49,8134,1.576525536022255,1549800262,2,47042,49,8138,2.144736513957411,1558191938,4,47299,49,8102,2.7482375286009555,1543508556,1,47046,49,8104
1.816210967401576,1547709447,10,47156,49,8100,1.781323847315876,1547707554,7,47173,49,8134,1.8742482804103726,1553994722,2,47171,49,8114,1.837323885500685,1553998693,5,47169,49,8178,2.7482375286009555,1543508556,1,47046,49,8104
1.6898401094973274,1545611347,9,47099,49,8115,2.320162529740967,1556097189,7,47402,49,8089,1.5759139787351322,1549800044,2,47040,49,8119,0,1549804114,5,4041,49,8155,3.0678931154115467,1549799971,2,47168,49,8149
1.6898401094973274,1545611347,9,47099,49,8115,2.320162529740967,1556097189,7,47402,49,8089,1.897197761861737,1547702436,2,47178,49,8123,2.4307294905675487,1545610096,5,46911,49,8159,3.0678931154115467,1549799971,2,47168,49,8149
2.730492938984932,1560292309,9,47544,49,8132,1.6859587926408839,1547707091,6,47132,49,8118,1.6422123563475208,1551897293,2,47062,49,8147,2.1390242308600844,1558192687,5,47299,49,8141,2.194918310954839,1553994378,1,47311,49,8139
2.730492938984932,1560292309,9,47544,49,8132,1.6859587926408839,1547707091,6,47132,49,8118,1.9515619753106241,1556091467,2,47197,49,8134,1.8183523643277217,1553997637,4,47163,49,8126,2.194918310954839,1553994378,1,47311,49,8139
2.6180951472897447,1558194722,9,47494,49,8093,2.2935418042097604,1556097549,7,47391,49,8057,1.6922900666029852,1551897584,2,47091,49,8175,1.54143575753716,1549803708,5,47046,49,8104,2.571073378469925,1558188630,1,47479,49,8118
2.4373600740563743,1556096953,8,47418,49,8143,1.6604608218758445,1547707904,7,47118,49,8084,1.7692970449086862,1553994149,2,47120,49,8117,2.141368224247903,1558191994,5,47308,49,8172,2.862063405310479,1547702615,1,47098,49,8119
2.4373600740563743,1556096953,8,47418,49,8143,1.6604608218758445,1547707904,7,47118,49,8084,2.1224042169388673,1558188924,3,47266,49,8142,1.8457891318087745,1553998564,5,47174,49,8011,2.862063405310479,1547702615,1,47098,49,8119
2.252544800726539,1554001211,10,47342,49,8131,2.1889977157320972,1554000132,7,47344,49,8065,1.8499734307789122,1547702901,2,47161,49,8136,1.5399040113419233,1551900872,5,47053,49,8104,3.2417931344624975,1551897652,2,47247,49,8112
2.252544800726539,1554001211,10,47342,49,8131,2.1889977157320972,1554000132,7,47344,49,8065,2.177580736069996,1558188907,2,47301,49,8149,2.437560733702162,1547706368,5,46924,49,8148,3.2417931344624975,1551897652,2,47247,49,8112
2.0478416074956436,1551903901,10,47253,49,8135,2.69448284764796,1562388100,7,47564,49,8142,1.9572742504665943,1556091708,2,47197,49,8113,2.1840030416499436,1560289908,5,47322,49,8095,2.411756070168372,1556091664,2,47417,49,8114
2.0478416074956436,1551903901,10,47253,49,8135,2.69448284764796,1562388100,7,47564,49,8142,2.3169059988382292,1560286431,2,47359,49,8103,1.931159118473795,1556095714,5,47209,49,8116,2.411756070168372,1556091664,2,47417,49,8114
2.159627850845779,1551903634,10,47300,49,8154,2.37166965256232,1556096183,6,47425,49,8051,2.3303697267832524,1560286167,2,47363,49,8133,2.0612012047144246,1558192839,5,47270,49,8096,3.1587671239836306,1549799912,1,47221,49,8096
2.159627850845779,1551903634,10,47300,49,8154,2.37166965256232,1556096183,6,47425,49,8051,2.4545991828877525,1556091579,2,47417,49,8134,1.4008873956925632,1547706196,4,46984,49,8125,3.1587671239836306,1549799912,1,47221,49,8096
1.89454331409009,1549806141,8,47187,49,8148,2.044164687775838,1551902653,7,47284,49,8050,2.4806083599658897,1562383610,2,47426,49,8156,1.5259328764701592,1549804693,5,47038,49,8039,2.4299134682693424,1556091773,2,47415,49,8083
1.89454331409009,1549806141,8,47187,49,8148,2.665211438840916,1560291239,7,47547,49,8134,2.626664548864756,1564480357,2,47487,49,8152,2.078336169554679,1558192663,5,47278,49,8115,2.4299134682693424,1556091773,2,47415,49,8083
2.5396605495574747,1558195182,10,47462,49,8105,1.6132365016809025,1545611044,7,47101,49,8020,2.374738878902414,1556091463,2,47373,49,8110,1.8430342999251716,1556094981,5,47177,49,8127,2.477749369181845,1558188634,2,47434,49,8121
2.5396605495574747,1558195182,10,47462,49,8105,1.6132365016809025,1545611044,7,47101,49,8020,1.5631659439573362,1549800207,2,47026,49,8073,1.6359852313410306,1551901757,5,47087,49,8073,2.477749369181845,1558188634,2,47434,49,8121
2.6165653104080304,1558194752,9,47492,49,8181,2.1818578315062975,1553999788,7,47342,49,8073,1.5736703442711848,1549801022,3,47035,49,8152,1.8483394876555033,1553998853,5,47173,49,8086,3.345418957125202,1553994543,2,47295,49,8140
2.6165653104080304,1558194752,9,47492,49,8181,2.1818578315062975,1553999788,7,47342,49,8073,1.6965747327636058,1551897710,3,47086,49,8086,2.394723330007602,1545610179,5,46904,49,8116,3.345418957125202,1553994543,2,47295,49,8140
2.0184679143341406,1549805234,8,47236,49,8138,2.2423395019609216,1556096172,6,47373,49,8046,2.6579770448058606,1564480623,3,47500,49,8134,2.1486103487731447,1560289361,5,47309,49,8041,2.274267400049831,1553994558,2,47357,49,8060
2.0184679143341406,1549805234,8,47236,49,8138,2.2423395019609216,1556096172,6,47373,49,8046,1.7991819365521105,1553994383,2,47128,49,8149,1.9529858471032622,1556095777,5,47219,49,8057,2.274267400049831,1553994558,2,47357,49,8060
2.0627329349732753,1551903800,10,47258,49,8082,1.7393024782865214,1547707921,6,47153,49,8154,1.861195358461003,1553994794,2,47152,49,8123,2.150142075597138,1558192488,4,47302,49,8101,3.158360053286274,1549800324,2,47217,49,8135
2.0627329349732753,1551903800,10,47258,49,8082,1.7393024782865214,1547707921,6,47153,49,8154,1.9429944944179773,1556091415,2,47190,49,5,1.5441906103511516,1549804152,5,47043,49,8105,3.158360053286274,1549800324,2,47217,49,8135
2.707645682976085,1560289372,4,47535,49,8089,1.9282982687579726,1549805119,7,47236,49,8058,1.7375756166471923,1545605939,2,47108,49,8143,2.5397608668327853,1547706772,4,46962,49,8144,3.318898559184137,1551897091,1,47291,49,8169
2.707645682976085,1560289372,4,47535,49,8089,1.9282982687579726,1549805119,7,47236,49,8058,2.0954767734134117,1558189119,2,47255,49,8164,2.307007463099644,1545608859,4,46868,49,8149,3.318898559184137,1551897091,1,47291,49,8169
2.4811157716824153,1558194333,8,47436,49,8109,2.4767249639611437,1558194214,7,47467,49,8095,1.8914854926301627,1553994870,2,47175,49,8149,2.143714104856789,1558192310,5,47309,49,8129,2.724064926703603,1543508623,1,47035,49,8121
2.212053270241516,1554001196,10,47322,49,8086,1.7774481264292477,1547707929,7,47171,49,8086,2.053760237877677,1558188739,2,47240,49,8129,1.7804093231057803,1553998702,5,47151,49,8148,3.2981946105953197,1551897016,1,47278,49,8100
2.212053270241516,1554001196,10,47322,49,8086,1.7774481264292477,1547707929,7,47171,49,8086,2.451539508390895,1562383201,2,47412,49,8171,1.6043660364043544,1551901714,5,47077,49,8081,3.2981946105953197,1551897016,1,47278,49,8100
1.9522720575425465,1549803154,4,47213,49,8162,2.335767650573621,1556097148,7,47409,49,8076,2.330574213752297,1560286593,2,47358,49,8096,1.437501307092838,1549803319,4,47009,49,8083,2.7725143105858994,1545605941,2,47048,49,8113
1.9522720575425465,1549803154,4,47213,49,8162,2.335767650573621,1556097148,7,47409,49,8076,1.5474566857880763,1543508366,2,47028,49,8153,2.4751970677026254,1547706635,5,46939,49,8130,2.7725143105858994,1545605941,2,47048,49,8113
1.7187044856229416,1547709005,9,47111,49,8155,1.7379771142150522,1547708707,7,47150,49,8135,2.62493022133931,1564480708,2,47488,49,8150,2.3965599006698555,1545610105,5,46902,49,8100,2.2915065015171243,1556091718,1,47356,49,8119
1.7187044856229416,1547709005,9,47111,49,8155,1.7379771142150522,1547708707,7,47150,49,8135,1.8937291369685059,1553994212,2,47177,49,8094,2.2774311976123025,1560289892,5,47358,49,8131,2.2915065015171243,1556091718,1,47356,49,8119
2.6343118258019005,1560291773,9,47502,49,8131,2.3406639006785674,1556097316,7,47409,49,8134,1.7986726023792283,1551897084,2,47125,49,8098,2.137187668444352,1558191898,4,47301,49,8149,3.090229161624136,1549800468,2,47181,49,8169
2.6343118258019005,1560291773,9,47502,49,8131,2.3406639006785674,1556097316,7,47409,49,8134,2.299161359974307,1553994610,3,47337,49,8138,1.9995948674062998,1558192116,5,47250,49,8135,3.090229161624136,1549800468,2,47181,49,8169
2.6546087115134815,1560292791,10,47511,49,8190,2.0432464119067157,1551902618,7,47283,49,8106,2.4370571498972495,1562383569,2,47401,49,19,2.296709453714346,1560289462,4,47361,49,8105,2.973342195709423,1547702784,1,47136,49,8089
2.6546087115134815,1560292791,10,47511,49,8190,2.0432464119067157,1551902618,7,47283,49,8106,2.6933697520566984,1566577507,2,47512,49,8122,1.7057482332224196,1553997364,4,47123,49,8140,2.973342195709423,1547702784,1,47136,49,8089
2.0344801254993437,1551904060,9,47247,49,8061,2.4603038075027137,1558194351,7,47458,49,8119,2.6041240250476894,1564480075,2,47475,49,8142,1.6799453985170634,1551901195,5,47104,49,8129,2.215520032028228,1553994609,2,47326,49,8096
2.0344801254993437,1551904060,9,47247,49,8061,2.4603038075027137,1558194351,7,47458,49,8119,1.8939336121247217,1553994739,3,47174,49,8099,1.5087979125103033,1549803927,5,47030,49,8114,2.215520032028228,1553994609,2,47326,49,8096
1.6865759566552598,1545612207,10,47098,49,8098,1.9793983252108507,1551902664,7,47253,49,8080,1.8146848327374072,1553994635,2,47135,49,8152,1.3933404366110234,1547706632,5,46978,49,8085,2.934380502386966,1547703232,2,47118,49,8112
1.6865759566552598,1545612207,10,47098,49,8098,1.9793983252108507,1551902664,7,47253,49,8080,2.3397532582832996,1560286105,3,47363,49,8140,2.436542116179805,1545609467,5,46918,49,8076,2.934380502386966,1547703232,2,47118,49,8112
2.617279107554658,1560292149,9,47493,49,8180,1.6282300669519103,1545611060,7,47104,49,8030,2.2832495120716847,1560286050,2,47333,49,8118,2.304152270423725,1562386305,5,47376,49,8151,2.5630190289531263,1558188469,1,47463,49,8161
2.617279107554658,1560292149,9,47493,49,8180,1.6282300669519103,1545611060,7,47104,49,8030,1.601616436170098,1543508679,3,47048,49,8156,2.1641132311832045,1560289924,5,47317,49,8146,2.5630190289531263,1558188469,1,47463,49,8161
2.363210171039434,1556097202,8,47384,49,8124,2.493146133122646,1558193230,6,47472,49,8086,2.0680400022678267,1558188709,2,47243,49,8142,1.9801158988152514,1556094414,4,47233,49,8086,3.3695915594367425,1553994537,2,47307,49,8145
2.188901182848321,1554000955,9,47309,49,8109,2.2324466779117738,1553999413,7,47364,49,8152,2.033870437222339,1549799969,2,47234,49,8147,1.834262340767033,1553997733,5,47175,49,8105,2.998842045499308,1547703092,1,47142,49,8062
2.188901182848321,1554000955,9,47309,49,8109,2.2324466779117738,1553999413,7,47364,49,8152,2.600555034521579,1564480567,3,47470,49,8142,1.797137200119169,1553998683,5,47155,49,8093,2.998842045499308,1547703092,1,47142,49,8062
2.0331547624285404,1551902618,8,47244,49,8118,1.9645070024406381,1551902495,7,47247,49,8054,2.5530258545857016,1564480646,2,47448,49,8125,1.650264987233723,1551901437,5,47091,49,8118,2.585964702084885,1560286076,2,47486,49,8091
2.0331547624285404,1551902618,8,47244,49,8118,1.9645070024406381,1551902495,7,47247,49,8054,1.9135167000239142,1553994615,3,47182,49,8182,1.5295018674440952,1549803992,5,47043,49,8110,2.585964702084885,1560286076,2,47486,49,8091
1.9312613681756519,1549806899,10,47203,49,8068,1.7259410035745817,1547708249,7,47146,49,8114,1.877614680873327,1553994920,2,47166,49,8168,1.3896654120027347,1547706381,5,46990,49,8069,2.284264373065768,1553994771,1,47356,49,8078
2.162178214325567,1551903336,9,47298,49,18,1.7384864450687687,1547708585,7,47151,49,8081,2.6047355792635103,1564480471,2,47477,49,8079,1.5268492565817096,1549803534,5,47045,49,8151,2.232452402819517,1553994677,1,47328,49,8109
2.162178214325567,1551903336,9,47298,49,18,1.7384864450687687,1547708585,7,47151,49,8081,1.7508348662650977,1545605684,2,47113,49,8147,2.207971164150786,1560289979,5,47335,49,8165,2.232452402819517,1553994677,1,47328,49,8109
1.6818841971769782,1545611861,9,47095,49,8135,2.388702372740702,1558193422,7,47432,49,8072,1.717176492544641,1551897903,3,47099,49,8137,2.094859574873701,1558192191,4,47284,49,8113,2.705402052667508,1560286229,2,47531,49,8113
1.6818841971769782,1545611861,9,47095,49,8135,2.388702372740702,1558193422,7,47432,49,8072,2.2871252326568956,1560286589,2,47336,49,8085,1.990724417865508,1556094856,4,47233,49,8154,2.705402052667508,1560286229,2,47531,49,8113
1.5868254503829917,1562389699,10,47563,49,8183,2.1766567705541546,1553999724,7,47333,49,8095,2.2050175137922934,1560285596,2,47309,49,18,1.84089289492191,1553998242,5,47174,49,8093,2.3183317127036642,1556091574,1,47366,49,8118
1.5868254503829917,1562389699,10,47563,49,8183,2.1766567705541546,1553999724,7,47333,49,8095,1.5866228648460141,1549800375,3,47044,49,8138,1.6967736576692343,1551900419,5,47115,49,8091,2.3183317127036642,1556091574,1,47366,49,8118
2.6608303142683747,1560292427,9,47513,49,8141,1.9207513215267942,1549805461,7,47226,49,8068,1.5419507717909346,1543508916,3,47018,49,8111,1.5701978808783144,1551901243,5,47060,49,8059,3.100224241014125,1549800041,1,47188,49,8145
2.6608303142683747,1560292427,9,47513,49,8141,1.9207513215267942,1549805461,7,47226,49,8068,2.0971088529237822,1558189207,2,47255,49,8184,1.480340615358271,1549803305,4,47021,49,8157,3.100224241014125,1549800041,1,47188,49,8145
2.63380252089736,1560292399,9,47498,49,8116,1.6759637204304307,1547707511,6,47122,49,8107,2.035298038617924,1549800133,3,47237,49,8098,1.3793655023475526,1547707038,5,46979,49,8118,2.723453375067687,1543508712,2,47034,49,8055
2.63380252089736,1560292399,9,47498,49,8116,1.6759637204304307,1547707511,6,47122,49,8107,2.6149351434265298,1558188713,2,47482,49,8054,2.443886490119288,1545609656,5,46918,49,8014,2.723453375067687,1543508712,2,47034,49,8055
2.53751915898492,1558194598,8,47458,49,8141,2.585451517560451,1560291114,7,47509,49,8102,1.8955656887278642,1553994298,3,47175,49,8158,2.1529953857484085,1560289476,5,47314,49,8102,2.404311359015847,1556091327,1,47411,49,8116
2.453781244678093,1556097700,9,47423,49,8171,2.2614132899093806,1556096860,7,47374,49,8078,1.8543603400018915,1547702941,2,47155,49,8099,2.0860894927507676,1558192919,5,47274,49,8083,3.282386904573541,1551897275,1,47266,49,8163
2.453781244678093,1556097700,9,47423,49,8171,2.2614132899093806,1556096860,7,47374,49,8078,2.4062558578120816,1562383363,2,47384,49,8170,1.9637969724677358,1556095530,5,47225,49,8152,3.282386904573541,1551897275,1,47266,49,8163
2.3240439967099134,1556098010,10,47367,49,8081,1.93615196327331,1549805383,7,47235,49,8061,2.358724787570055,1560286090,3,47370,49,8141,1.8339574903164335,1553998565,5,47170,49,8049,2.9828279591717863,1547702728,1,47139,49,8126
2.3240439967099134,1556098010,10,47367,49,8081,1.93615196327331,1549805383,7,47235,49,8061,1.7382894203545787,1551897623,2,47109,49,8164,1.6958553820180733,1551900767,5,47116,49,8110,2.9828279591717863,1547702728,1,47139,49,8126
2.1996100682787056,1554000704,9,47315,49,8153,1.6563806379928623,1545610805,7,47106,49,8104,1.7015713617728283,1551897734,2,47093,49,8074,1.6524064015079278,1551901632,5,47092,49,8090,2.721821290147261,1543508594,1,47034,49,8086
2.1996100682787056,1554000704,9,47315,49,8153,1.6563806379928623,1545610805,7,47106,49,8104,2.2998732777506254,1560286484,3,47347,49,8173,1.4904379417562588,1549804258,5,47024,49,8060,2.721821290147261,1543508594,1,47034,49,8086
2.1018991114537457,1551903205,8,47273,49,8169,2.5289458949391266,1558193090,6,47487,49,8062,1.6916785020903644,1551897519,3,47086,49,8121,2.45357674904548,1545609864,5,46917,49,8161,2.4357260928120166,1556092168,2,47423,49,8162
2.290997176529376,1554001034,10,47357,49,8134,2.491004750760309,1558193880,6,47467,49,8133,1.8957701615749092,1553994500,3,47173,49,8146,1.536030202730424,1549803526,4,47041,49,8106,2.5399653742200345,1558189095,2,47465,49,8167
2.290997176529376,1554001034,10,47357,49,8134,2.491004750760309,1558193880,6,47467,49,8133,2.2753958265005303,1560285968,2,47331,49,8111,2.2463213007452714,1560290139,5,47349,49,8101,2.5399653742200345,1558189095,2,47465,49,8167
1.856090941415148,1549806326,9,47173,49,8082,1.9286050029275978,1549805870,7,47221,49,8038,1.6880072463922933,1551897622,3,47082,49,8118,2.007245953861873,1558192289,5,47245,49,8083,3.168864441985423,1549800365,2,47227,49,8109
1.7601143002247925,1547709776,10,47130,49,8080,1.633431161221494,1545610832,7,47107,49,8076,1.659040633701583,1551897563,2,47070,49,8126,1.860167403237593,1556095434,5,47191,49,8098,3.0102647289510505,1547703588,2,47150,49,8156
1.7601143002247925,1547709776,10,47130,49,8080,1.633431161221494,1545610832,7,47107,49,8076,2.2852886716464598,1553994391,2,47338,49,8161,1.857009213591792,1553998720,5,47174,49,8121,3.0102647289510505,1547703588,2,47150,49,8156
1.6523060151590612,1562389313,9,47595,49,8132,2.522519803119451,1558193894,7,47486,49,8176,2.279883108997822,1553994587,2,47335,49,8059,1.7081982088031633,1551900788,5,47113,49,8090,2.7608871506132133,1543508351,1,47043,49,8158
1.6523060151590612,1562389313,9,47595,49,8132,2.522519803119451,1558193894,7,47486,49,8176,1.725743976337585,1551897687,2,47104,49,8108,1.6295591616998333,1551901280,5,47084,49,8130,2.7608871506132133,1543508351,1,47043,49,8158
2.73742833531622,1560292537,10,47548,49,8158,2.2606994923461725,1556096867,7,47373,49,8130,1.7368618128856832,1551897691,2,47107,49,8082,1.5203228357117673,1549803990,5,47035,49,8132,2.5666902617424867,1558188727,2,47467,49,8103
2.73742833531622,1560292537,10,47548,49,8158,2.2606994923461725,1556096867,7,47373,49,8130,2.351687144115616,1562382842,2,47367,49,8133,1.3639648659657093,1547707323,5,46968,49,8153,2.5666902617424867,1558188727,2,47467,49,8103
2.643695347008631,1560292371,9,47507,49,8129,2.050693025584279,1551902947,7,47280,49,8101,2.416046459054802,1562383354,2,47392,49,8115,2.431950692087578,1545609708,5,46921,49,8089,2.309661988392031,1556091578,2,47363,49,8121
2.643695347008631,1560292371,9,47507,49,8129,2.050693025584279,1551902947,7,47280,49,8101,1.868128918429112,1553994495,2,47164,49,8142,2.2919135592019693,1560289355,5,47366,49,8149,2.309661988392031,1556091578,2,47363,49,8121
2.6055497008636794,1558194474,8,47489,49,8171,1.8753635538732047,1549804744,6,47207,49,8042,1.887712006256491,1553994734,3,47172,49,8184,2.152690557054708,1558192449,5,47307,49,8112,3.2948320100018123,1551897360,1,47264,49,8101
2.6055497008636794,1558194474,8,47489,49,8171,1.8753635538732047,1549804744,6,47207,49,8042,2.568019424565308,1564480245,2,47454,49,8151,1.987662868267983,1556095210,5,47237,49,8123,3.2948320100018123,1551897360,1,47264,49,8101
2.6158515111007397,1558195186,10,47492,49,8130,1.7502158534114653,1547707517,6,47154,49,8096,2.6020848726349035,1564480439,3,47472,49,8113,1.8372216528246021,1553998395,5,47168,49,8121,2.940397624735751,1547703290,1,47123,49,8105
2.6158515111007397,1558195186,10,47492,49,8130,1.7502158534114653,1547707517,6,47154,49,8096,2.0442744754136966,1556091901,2,47237,49,8102,1.6675003467745981,1551901878,5,47104,49,8170,2.940397624735751,1547703290,1,47123,49,8105
2.6455319212926582,1560291654,8,47505,49,8173,1.6350632397730804,1545610675,7,47107,49,8095,2.0378483958657894,1556091563,2,47236,49,8133,1.4244465605603636,1549803983,5,46997,49,8074,2.621766384058303,1560286104,2,47495,49,8129
2.6455319212926582,1560291654,8,47505,49,8173,1.6350632397730804,1545610675,7,47107,49,8095,2.6674628135363876,1566577354,2,47503,49,8113,2.4263425622535286,1545609886,5,46910,49,8112,2.621766384058303,1560286104,2,47495,49,8129
2.64349085630306,1560292399,9,47509,49,8159,1.5530596645438488,1545611282,7,47071,49,8088,2.6589975749594736,1566577169,2,47498,49,8133,2.2411202296700017,1560289394,4,47342,49,8139,2.257030192109698,1553994661,2,47351,49,8095
2.64349085630306,1560292399,9,47509,49,8159,1.5530596645438488,1545611282,7,47071,49,8088,2.063755326050495,1558188742,3,47246,49,2,2.0110194407832336,1558192262,5,47246,49,8093,2.257030192109698,1553994661,2,47351,49,8095
2.634311814551065,1560292695,10,47507,49,8151,2.6838762468265664,1560291066,7,47552,49,8117,2.646145395097312,1564480205,3,47496,49,8087,1.6230308565720526,1551901378,5,47082,49,8085,3.0575894214743156,1549800195,1,47174,49,8115
2.562303304948708,1558195255,9,47477,49,8121,2.585756324513336,1560291046,6,47514,49,8081,2.648084210903524,1564480418,2,47493,49,8135,1.392827344992534,1547705750,4,46987,49,8067,2.5719897424537055,1558188367,1,47487,49,8164
2.562303304948708,1558195255,9,47477,49,8121,2.585756324513336,1560291046,6,47514,49,8081,2.0262212247542646,1556091765,2,47232,49,8082,2.3796275284875135,1545609358,5,46896,49,8125,2.5719897424537055,1558188367,1,47487,49,8164
2.4633692418320976,1556096808,8,47431,49,8147,2.5378201228563646,1558192888,5,47485,49,8096,2.021529462531098,1556091826,3,47230,49,8128,2.1018972272649745,1558192607,5,47283,49,8063,3.316145611789858,1551897483,1,47287,49,8081
0,1556096808,8,47431,49,8147,2.5378201228563646,1558192888,5,47485,49,8096,2.580053653959814,1564480530,2,47466,49,8130,1.869041607650796,1556095491,5,47190,49,8141,3.316145611789858,1551897483,1,47287,49,8081
2.364637757714178,1556098275,10,47391,49,8113,2.4060418388998808,1558193723,7,47433,49,8099,2.5460904489795877,1558188670,2,47447,49,8111,1.6337415960530268,1551900926,4,47081,49,8145,2.842484065244407,1545606002,2,47075,49,8171
2.364637757714178,1556098275,10,47391,49,8113,2.4060418388998808,1558193723,7,47433,49,8099,1.9122935627362658,1553994394,2,47181,49,8154,0,1547706980,5,46983,49,8046,0,1545606002,2,47075,9,8171
2.3511740286047935,1556097771,9,47387,49,8139,2.285892632301156,1556097073,7,47379,49,8113,1.8589498628908245,1553994677,2,47160,49,8141,2.3723873064139043,1545610093,5,46887,49,8134,2.3669836540183784,1556091615,1,47385,49,8135
2.3511740286047935,1556097771,9,47387,49,8139,2.285892632301156,1556097073,7,47379,49,8113,2.3753504346437153,1562383108,2,47377,49,8132,2.12025719409598,1558191808,4,47287,49,8111,2.3669836540183784,1556091615,1,47385,49,8135
2.353417666852792,1556098086,9,47389,49,8130,2.1058713988265794,1553999363,7,47304,49,8119,2.317110482590587,1560286193,3,47356,49,8137,1.8507857539956432,1553997609,5,47177,49,8142,3.175701395428456,1549800256,1,47216,49,8130
2.353417666852792,1556098086,9,47389,49,8130,2.1058713988265794,1553999363,7,47304,49,8119,1.6279323336177187,1551897250,2,47057,49,8107,1.5496946105174036,1551901177,5,47057,49,8104,3.175701395428456,1549800256,1,47216,49,8130
2.420225100756629,1556097263,8,47414,49,8120,1.9167733704025427,1549805384,7,47222,49,8096,1.5450085592732736,1543508526,2,47030,49,8170,1.4010918877355545,1547706997,5,46978,49,8094,2.755379346530376,1560286015,1,47553,49,8127
2.420225100756629,1556097263,8,47414,49,8120,1.9167733704025427,1549805384,7,47222,49,8096,2.1110818989733535,1558188800,2,47264,49,8149,2.335159943440493,1545609491,5,46868,49,8113,2.755379346530376,1560286015,1,47553,49,8127
2.4899899736287647,1558195046,9,47442,49,8110,1.7134978163007217,1547708657,7,47135,49,8118,2.026935026508109,1556092241,3,47233,49,8054,2.11954339394498,1558192657,5,47286,49,8150,2.3091507779960465,1553994506,1,47368,49,8107
2.4899899736287647,1558195046,9,47442,49,8110,1.7134978163007217,1547708657,7,47135,49,8118,2.5933148029285698,1564480790,2,47464,49,8129,1.8450734771200248,1553997449,5,47177,49,8091,2.3091507779960465,1553994506,1,47368,49,8107
2.4923358545727825,1558194308,8,47443,49,8149,2.6753087776129263,1560291530,7,47545,49,8090,2.4950907186145677,1562383034,2,47435,49,8119,1.68790132756694,1551900633,4,47101,49,8087,3.109812247088712,1549800551,2,47190,49,8082
2.4904992841118987,1558195807,10,47445,49,8147,2.4087966994614716,1556095724,6,47430,49,8085,1.7612388942758836,1553994026,2,47118,49,8137,2.442661485744775,1545609115,5,46917,49,8080,2.74007903333861,1543508604,1,47039,49,8140
2.4904992841118987,1558195807,10,47445,49,8147,2.4087966994614716,1556095724,6,47430,49,8085,2.32465744346124,1560286049,2,47362,49,8178,2.2368355441980228,1560290152,5,47343,49,8132,2.74007903333861,1543508604,1,47039,49,8140
1.5615300516053912,1562389349,9,47565,49,15,2.3982904012127335,1556096944,7,47429,49,8073,2.490501199403773,1564479943,2,47432,49,8092,2.4313410570783427,1545608957,5,46908,49,8163,2.7122332740190203,1543508770,1,47032,49,8111
1.5615300516053912,1562389349,9,47565,49,15,2.3982904012127335,1556096944,7,47429,49,8073,1.6065126771841656,1551897146,2,47051,49,8134,1.8408929073696436,1553998467,5,47169,49,8073,2.7122332740190203,1543508770,1,47032,49,8111
2.3341412973589035,1556098165,9,47382,49,8067,1.794480873633245,1547707857,7,47173,49,8079,2.0827268481544743,1551897265,3,47254,49,8108,1.4008874075817854,1547706700,5,46979,49,8140,3.2142541180466524,1551897589,2,47238,49,8134
2.182372839347787,1554000759,9,47318,49,8164,2.677043107510198,1560291401,7,47545,49,8076,1.991644572426252,1556091629,2,47219,49,8096,2.4119624560536113,1545610058,5,46898,49,8098,2.840645635838554,1545605522,1,47085,49,8124
2.182372839347787,1554000759,9,47318,49,8164,2.677043107510198,1560291401,7,47545,49,8076,2.5236502633202718,1564479867,2,47443,49,0,2.162481163532096,1558192371,5,47312,49,8157,2.840645635838554,1545605522,1,47085,49,8124
1.9972527282609083,1551903283,9,47237,49,6,2.292318716442271,1556096797,7,47381,49,8061,2.438994058246483,1556091563,2,47409,49,8102,1.979504348945146,1556095598,5,47226,49,8118,2.495904859312997,1558189135,2,47441,49,8098
1.9972527282609083,1551903283,9,47237,49,6,2.292318716442271,1556096797,7,47381,49,8061,1.750325527294648,1551897275,3,47113,49,8146,1.708095979963046,1551900994,5,47111,49,8148,2.495904859312997,1558189135,2,47441,49,8098
2.0735440391308257,1551900604,4,47273,49,8109,2.336074403147366,1556095931,6,47400,49,8068,1.887609766030989,1553994570,3,47175,49,8122,1.8407888054587966,1553998322,5,47178,49,8127,2.4817273306191323,1558188964,2,47436,49,8137
2.7249851168057018,1560292160,9,47550,49,8123,2.099649795290788,1551902291,7,47302,49,8133,2.048150194492891,1556091452,3,47241,49,8147,2.198485413435723,1560290044,5,47327,49,8124,3.0528995466888538,1547703102,1,47164,49,8108
2.7249851168057018,1560292160,9,47550,49,8123,2.099649795290788,1551902291,7,47302,49,8133,2.542010242533116,1564480669,2,47447,49,8158,2.004085913168183,1556095412,5,47233,49,8115,3.0528995466888538,1547703102,1,47164,49,8108
2.492845156119082,1558195601,10,47450,49,8078,2.4751951446381275,1558194428,7,47460,49,8060,2.471327079489775,1562383376,2,47420,49,8135,1.7759220488509808,1553998578,5,47142,49,8126,2.6626668910828957,1560285561,1,47510,49,8127
2.492845156119082,1558195601,10,47450,49,8078,2.4751951446381275,1558194428,7,47460,49,8060,1.776436925034683,1553994414,3,47121,49,8167,1.5352141688543142,1549804504,5,47038,49,8063,2.6626668910828957,1560285561,1,47510,49,8127
2.2763103160420757,1554000641,9,47357,49,8139,1.615175310271919,1545611033,7,47092,49,8078,2.225927838556046,1560286011,2,47314,49,8108,2.312312694651159,1560289627,5,47371,49,8088,2.3904424629000016,1556091449,1,47395,49,8104
2.0081660929083514,1551903903,10,47242,49,8152,1.942271330041955,1549804946,,47237,49,8102,2.1681990879921833,1558189459,2,47288,49,8152,2.09536890418026,1558191760,4,47283,49,8130,3.3044162084262316,1551897473,1,47282,49,8117
2.0081660929083514,1551903903,10,47242,49,8152,1.942271330041955,1549804946,7,47237,49,8102,2.680417234707444,1566577294,2,47506,49,8145,1.8331395978506562,1553997934,5,47174,49,8138,3.3044162084262316,1551897473,1,47282,49,8117
1.714930978895817,1547709328,9,47117,49,8141,2.2958877041924297,1556097044,7,47386,49,8136,2.642371915333982,1564480352,2,47495,49,8140,1.6995284933457913,1551901242,5,47108,49,8117,3.046268981870969,1547703224,2,47165,49,8181
1.714930978895817,1547709328,9,47117,49,8141,2.2958877041924297,1556097044,7,47386,49,8136,2.0102090070579464,1556091947,2,47221,49,8154,1.473200740810287,1549804444,5,47015,49,8107,3.046268981870969,1547703224,2,47165,49,8181
2.6086093634761855,1560292476,10,47498,49,8117,2.685508338742465,1560291333,7,47550,49,8077,1.940648610106689,1556092212,3,47191,49,8166,2.4509222312717,1547706524,5,46925,49,8137,2.7039725336959792,1545605418,1,47025,49,8147
2.6086093634761855,1560292476,10,47498,49,8117,2.685508338742465,1560291333,7,47550,49,8077,2.585765944318141,1558188963,2,47466,49,8154,2.299869489808183,1560289820,5,47366,49,8068,2.7039725336959792,1545605418,1,47025,49,8147
2.2935475254229756,1554000362,9,47363,49,8130,1.865266238193335,1549805847,7,47200,49,8095,2.5792376124578476,1564480583,2,47466,49,8175,2.1413701212276743,1558192365,4,47296,49,8149,2.508654792361282,1558188229,1,47444,49,8120
2.2935475254229756,1554000362,9,47363,49,8130,1.865266238193335,1549805847,7,47200,49,8095,1.989400925403382,1556091725,2,47219,49,8134,1.8867900038572871,1556094630,4,47192,49,8159,2.508654792361282,1558188229,1,47444,49,8120
1.886282525247074,1549805515,8,47188,49,8121,2.2376477586646977,1553999581,7,47366,49,8069,2.002660172337809,1556092186,3,47225,49,8110,1.7336943371292928,1553998494,5,47133,49,8113,2.256829493289548,1553995065,2,47337,49,8088
1.886282525247074,1549805515,8,47188,49,8121,2.2376477586646977,1553999581,7,47366,49,8069,1.4756545311423257,1566577543,2,47504,49,8179,1.56805509265318,1551900860,5,47061,49,8117,2.256829493289548,1553995065,2,47337,49,8088
2.62268464880516,1560292462,10,47504,49,8126,2.6299210011685554,1560291051,6,47528,49,8095,1.5390955664735138,1566577985,3,47530,49,8084,1.3680431834435254,1547706198,5,46974,49,3,3.188652014254133,1549800333,2,47233,49,8120
2.62268464880516,1560292462,10,47504,49,8126,2.6299210011685554,1560291051,6,47528,49,8095,2.207874586546035,1560285847,2,47309,49,8146,2.445111514908266,1545609448,4,46910,49,8109,3.188652014254133,1549800333,2,47233,49,8120
2.133109343265718,1551903433,9,47296,49,8137,1.8545573513772038,1549805476,7,47194,49,8077,2.3044646759665195,1553994456,2,47346,49,8141,2.237346750706437,1560289376,4,47339,49,8119,2.8938889669900525,1547703210,2,47099,49,8139
1.5850914923784476,1562389442,9,47573,49,8147,2.2686554218069337,1556095936,6,47374,49,8157,1.8839385126445303,1553994139,2,47173,49,8150,1.87475388556341,1556095157,5,47190,49,8118,2.7039744597362994,1560286285,2,47529,49,8134
1.5850914923784476,1562389442,9,47573,49,8147,2.2686554218069337,1556095936,6,47374,49,8157,2.6519599248024095,1564480361,3,47499,49,8175,1.6936117483887438,1551901222,5,47110,49,8125,2.7039744597362994,1560286285,2,47529,49,8134
2.1870646033264025,1554000740,9,47319,49,8184,2.688465762778531,1560291194,7,47554,49,8069,1.5647961287567747,1549800382,2,47038,49,8142,1.5498006649505556,1549803110,4,47040,49,8137,2.445825319839925,1556092096,2,47420,49,8107
2.1870646033264025,1554000740,9,47319,49,8184,2.688465762778531,1560291194,7,47554,49,8069,2.3270033207427523,1560286175,3,47365,49,8155,2.458673670185615,1547706743,5,46929,49,8156,2.445825319839925,1556092096,2,47420,49,8107
2.742936123418916,1562389530,10,47557,49,8105,1.815696029070882,1549804512,6,47183,49,8030,2.483056481895862,1562383817,2,47427,49,8118,2.2833460824971126,1560288848,4,47360,49,8071,3.3259361981302864,1551897395,1,47295,49,8078
2.742936123418916,1562389530,10,47557,49,8105,1.815696029070882,1549804512,6,47183,49,8030,2.018979101896197,1556091996,2,47233,49,8140,2.004288517002224,1556095559,5,47240,49,8097,3.3259361981302864,1551897395,1,47295,49,8078
2.0135716578605454,1551902514,8,47244,49,8140,2.189813772591873,1553999549,6,47339,49,8114,2.16248680425669,1558189501,3,47290,49,8130,1.7261455081927886,1553998515,5,47135,49,8095,3.032498532876011,1547702875,1,47164,49,8184
2.4655106292982842,1558194816,9,47437,49,8129,2.485190213441062,1558194350,7,47467,49,8151,1.8710863582377597,1553994558,3,47171,49,8152,2.4107374388577543,1545609338,4,46903,49,8086,2.8034197458089123,1545606057,1,47058,49,8127
2.4655106292982842,1558194816,9,47437,49,8129,2.485190213441062,1558194350,7,47467,49,8151,2.6944925189831492,1543508641,3,47002,49,8113,2.051408731856478,1558192481,4,47266,49,8156,2.8034197458089123,1545606057,1,47058,49,8127
1.7087093772295745,1545612409,10,47113,49,8188,1.5796803908115786,1545611032,6,47081,49,8099,1.6574085505769256,1551897727,3,47074,49,8172,1.81202853385051,1553998853,5,47157,49,8073,2.5074297759926067,1558188396,1,47448,49,8081
2.085375685572064,1551903779,10,47276,49,8114,1.8761795970755117,1549805638,7,47206,49,8183,2.3492390185470766,1553994116,2,47369,49,8163,2.1356597196532565,1558192210,4,47288,49,8139,2.277838287820841,1553994559,2,47355,49,8064
2.435014177752174,1556098118,10,47424,49,8089,2.149933808640224,1553999945,7,47321,49,8119,2.563020930592174,1564480019,2,47457,49,7,1.8335485497495927,1553998649,5,47170,49,8120,3.189468055462694,1549800094,2,47233,49,8078
2.435014177752174,1556098118,10,47424,49,8089,2.149933808640224,1553999945,7,47321,49,8119,2.2251117982835895,1560286012,3,47314,49,2,1.518079202613757,1549803993,5,47031,49,8123,3.189468055462694,1549800094,2,47233,49,8078
2.723250787637474,1560292115,9,47550,49,8072,2.4273592493373997,1558194126,7,47441,49,8049,2.4562312670074116,1562383184,3,47416,49,8188,2.4368469477620107,1545609837,5,46919,49,8142,2.934176022694543,1547702600,1,47120,49,8097
2.723250787637474,1560292115,9,47550,49,8072,2.4273592493373997,1558194126,7,47441,49,8049,2.1263803114305984,1558189142,3,47274,49,8165,2.0707892178444833,1558192386,4,47268,49,8118,2.934176022694543,1547702600,1,47120,49,8097
1.757870640181107,1547709760,10,47135,49,8090,1.5680532287154418,1562387896,6,47586,49,8055,2.0825242363104395,1558188800,3,47248,49,8114,1.436482690472944,1549804235,5,46999,49,8075,2.732429841733103,1543508691,1,47034,49,8111
2.0010262134421457,1551903920,10,47239,49,8118,1.9325829699851553,1549804331,6,47228,49,8094,2.321495521671634,1560285980,3,47361,49,8116,2.3230215691938327,1545609731,5,46867,49,8087,2.4236899581445734,1556091872,2,47421,49,8135
2.0010262134421457,1551903920,10,47239,49,8118,1.9325829699851553,1549804331,6,47228,49,8094,2.0697743147993903,1558188736,3,47245,49,8111,2.024788005031597,1558192653,5,47255,49,8073,2.4236899581445734,1556091872,2,47421,49,8135
2.2122577344154903,1554001357,10,47328,49,8153,2.364224968251707,1556097055,7,47412,49,8122,2.347402454517626,1560286166,3,47371,49,8140,1.722169408543955,1553997413,4,47126,49,8113,2.2204162757904844,1553994863,2,47326,49,8120
2.2122577344154903,1554001357,10,47328,49,8153,2.364224968251707,1556097055,7,47412,49,8122,2.107512890800748,1558189459,3,47259,49,8108,1.3970097917399797,1547706943,5,46986,49,8082,2.2204162757904844,1553994863,2,47326,49,8120
2.4231825300203718,1556096822,8,47420,49,8090,1.6243543581581077,1545610553,6,47098,49,8088,2.3862637998365472,1562383074,2,47382,49,8131,2.292320635365455,1560289248,5,47368,49,8152,3.2133358341432787,1551897450,2,47239,49,8170
2.4231825300203718,1556096822,8,47420,49,8090,1.6243543581581077,1545610553,6,47098,49,8088,2.155449164097708,,,,,8148,0,1556095531,5,47218,49,8106,3.2133358341432787,1551897450,2,47239,49,8170
2.6219708519999094,1560292469,9,47503,49,8093,2.145751361565371,1553999634,7,47322,49,8079,2.437566460340275,1562383667,3,47407,49,8115,1.694122931134333,1551900861,5,47104,49,8168,3.042800337576778,1547702894,1,47167,49,8118
2.6219708519999094,1560292469,9,47503,49,8093,2.145751361565371,1553999634,7,47322,49,8079,2.198082106734677,1558188481,3,47307,49,8140,2.5488376673023736,1547707329,5,46964,49,8128,3.042800337576778,1547702894,1,47167,49,8118
1.5821336696796724,1562389430,9,47570,49,8139,2.708455901173258,1562387203,6,47565,49,8072,2.511207059064932,1545605899,2,46925,49,8126,2.2150088195582414,1560289929,5,47333,49,8093,2.750787900682898,1545605994,1,47046,49,8053
1.5821336696796724,1562389430,9,47570,49,8139,2.708455901173258,1562387203,6,47565,49,8072,2.318333599892435,1553994267,2,47360,49,8098,1.8552749043559034,1553998081,5,47172,49,8101,2.750787900682898,1545605994,1,47046,49,8053
0,1547709870,10,47127,49,8137,2.1590106026772715,1553999898,7,47328,49,8133,2.4748960731937015,1562383312,2,47425,49,8146,2.3775883816887076,1545610123,5,46891,49,8132,2.566177124332427,1558189096,2,47480,49,8055
1.8603755976004495,1549806605,10,47178,49,8183,1.6607656924038146,1547708215,7,47117,49,8094,1.5779531359138144,1549800712,2,47043,49,8151,2.0567139358668225,1558192782,5,47261,49,8117,2.348623679198759,1556092188,2,47381,49,8114
1.8603755976004495,1549806605,10,47178,49,8183,1.6607656924038146,1547708215,7,47117,49,8094,2.584336434547262,1564480189,2,47476,49,8170,1.6816797239461192,1551901386,5,47098,49,8120,2.348623679198759,1556092188,2,47381,49,8114
1.9884807690979878,1549806385,9,47234,49,8147,2.423176797691758,1558194091,7,47441,49,8119,1.711464208524603,1545605793,2,47106,49,8130,2.5082458129082252,1547706608,4,46938,49,8136,3.3680617204412693,1551897319,2,47306,49,8071
1.9884807690979878,1549806385,9,47234,49,8147,2.423176797691758,1558194091,7,47441,49,8119,1.5460290764170572,1549800790,3,47032,49,8138,2.161971846563661,1558191854,5,47309,49,8150,3.3680617204412693,1551897319,2,47306,49,8071
2.0722186802640863,1551903513,8,47269,49,8156,2.0719082001618476,1551902413,6,47285,49,8113,1.8917921917822824,1556091637,3,47178,49,8176,1.8289590286717126,1553997560,4,47166,49,8153,3.157952978837197,1549800508,2,47214,49,8123
2.0722186802640863,1551903513,8,47269,49,8156,2.0719082001618476,1551902413,6,47285,49,8113,1.7593019465240507,1553994409,2,47117,49,8141,1.4265879592238522,1549803990,5,46999,49,8143,3.157952978837197,1549800508,2,47214,49,8123
2.203588010448018,1554001506,10,47325,49,8090,1.7513386170020369,1547707802,6,47148,49,8108,2.1535103590316607,1558188840,2,47292,49,8134,2.28732404768053,1560289723,5,47360,49,8067,2.968141114123029,1547703557,2,47131,49,8122
2.203588010448018,1554001506,10,47325,49,8090,1.7513386170020369,1547707802,6,47148,49,8108,2.072731753607208,1551896958,2,47252,49,8167,1.8481331619413586,1556094820,4,47178,49,8092,2.968141114123029,1547703557,2,47131,49,8122
2.3427087820056203,1556098411,10,47385,49,8103,2.68764972650643,1560290500,6,47552,49,8043,2.472550184781045,1562382924,2,47428,49,8119,1.534091398579594,1549803980,5,47041,49,8114,2.7218232186053677,1545605429,1,47026,49,8112
2.3427087820056203,1556098411,10,47385,49,8103,2.68764972650643,1560290500,6,47552,49,8043,2.4009506382427555,1562383648,2,47394,49,8099,2.3707552264358003,1545610131,5,46886,49,8105,2.7218232186053677,1545605429,1,47026,49,8112
2.5709730244665066,1558195038,9,47483,49,8179,2.5431234333217185,1558194184,7,47489,49,8050,1.6177327615656458,1551897537,2,47057,49,8141,1.998881081504311,1558192634,5,47244,49,8101,2.522118523502939,1558188881,1,47448,49,4
2.5709730244665066,1558195038,9,47483,49,8179,2.5431234333217185,1558194184,7,47489,49,8050,1.5672442482129694,1549800451,2,47040,49,8170,1.6519993120285934,1551901197,5,47085,49,8145,2.522118523502939,1558188881,1,47448,49,4
1.5976369354452185,1562388364,8,47578,49,8133,2.4413322893839124,1558194077,7,47447,49,8105,1.8678221972894395,1553994356,3,47173,49,8180,2.1466734446116766,1558192646,5,47299,49,8110,2.22194611597771,1553994923,2,47327,49,8124
2.295077365397541,1554000466,9,47364,49,8101,1.6181327592704389,1545611234,7,47094,49,8124,2.5434378332753154,1564480760,3,47453,49,8098,2.1571778414536293,1560289669,5,47309,49,8108,2.293750138028742,1556091639,1,47359,49,8047
2.295077365397541,1554000466,9,47364,49,8101,1.6181327592704389,1545611234,7,47094,49,8124,2.1851295723066113,1551897173,3,47302,49,8135,1.4138380275070004,1549803295,5,46997,49,8110,2.293750138028742,1556091639,1,47359,49,8047
2.349746424646169,1556097777,9,47388,49,8093,2.5477129475980274,1558192587,5,47492,49,8124,2.60616316165861,1564480441,3,47486,49,8154,2.283446425813249,1560289746,5,47367,49,8144,2.8631861625236774,1545605894,2,47096,49,8098
2.349746424646169,1556097777,9,47388,49,8093,2.5477129475980274,1558192587,5,47492,49,8124,2.5073313313777903,1564480155,2,47439,49,8122,1.841911556927294,1556094791,5,47176,49,8087,2.8631861625236774,1545605894,2,47096,49,8098
2.4600028282330193,1558195350,10,47434,49,8117,2.574129180201386,1560290799,6,47505,49,8105,1.7088134638340162,1551897753,3,47100,49,8166,1.5317455152816737,1549803515,5,47041,49,8037,0,1558188844,1,47462,49,8124
2.4600028282330193,1558195350,10,47434,49,8117,2.574129180201386,1560290799,6,47505,49,8105,2.608306465002487,1564480558,3,47481,49,8158,2.3199599866525387,1545609909,5,46873,49,8124,0,1558188844,1,47462,49,8124
2.0738507627559897,1551903489,9,47268,49,8150,2.669291674147132,1560291145,7,47540,49,8092,2.553637399475134,1564480231,2,47457,49,8103,1.56101694783335,1551900982,5,47058,49,8158,3.3422570322513416,1553994338,1,47295,49,8128
2.6213593023125865,1560292247,9,47500,49,8125,2.7713882084673167,1562388552,7,47585,49,8123,2.5462949284840914,1558188405,2,47449,49,8148,2.0126515209639426,1556095496,5,47246,49,8095,3.022503451353163,1547703198,1,47158,49,8125
1.984502810660584,1551902717,8,47232,49,8056,1.6849383071155608,1547708127,7,47125,49,8063,1.6296666516720237,1551897213,2,47060,49,8118,1.6917770479561072,1551901755,5,47104,49,8108,0,1543509132,2,47026,49,8098
1.984502810660584,1551902717,8,47232,49,8056,1.6849383071155608,1547708127,7,47125,49,8063,2.6147306440464977,1564480731,2,47490,49,8175,2.44307045842318,1545609465,5,46914,49,8147,2.707134456769586,1543509132,2,47026,49,8098
2.6005511907720935,1560292070,9,47496,49,8140,1.8426234833946866,1549805662,7,47187,49,8123,1.721256673226646,1551897324,2,47106,49,8129,2.130049677707111,1558192830,5,47287,49,8088,2.360964639178806,1556091669,1,47388,49,8127
2.6005511907720935,1560292070,9,47496,49,8140,1.8426234833946866,1549805662,7,47187,49,8123,1.4755522879601817,1566577935,2,47507,49,8110,1.6790271335072124,1551901069,5,47101,49,8089,2.360964639178806,1556091669,1,47388,49,8127
2.0676291601402093,1551903241,8,47265,49,8182,1.981539746631587,1551902377,7,47249,49,6,1.8602770753070215,1553995033,3,47159,49,8147,2.5312956409309613,1547706953,5,46953,49,8116,3.275044435631933,1551897122,1,47258,49,8117
2.0676291601402093,1551903241,8,47265,49,8182,1.981539746631587,1551902377,7,47249,49,6,1.6488410609930724,1551897862,3,47072,49,8158,2.14289996160328,1558191963,4,47297,49,8118,3.275044435631933,1551897122,1,47258,49,8117
1.6311930739757916,1562389481,9,47592,49,8142,2.1629885748187054,1553999793,7,47318,49,8032,1.8166217597797694,1553994624,2,47147,49,8105,1.3462183470432614,1547706089,4,46956,49,8119,2.977322035939066,1547702924,1,47129,49,8149
2.4489872217770063,1558194588,9,47430,49,8141,2.350863492419195,1556096598,6,47404,49,8078,2.158099881538609,1558189414,3,47295,49,8177,2.197873853225514,1560289746,5,47326,49,8101,2.6996897570027523,1543508892,2,47019,49,8118
2.0704843624455878,1551903967,9,47269,49,8168,2.519562389770826,1558194097,7,47478,49,8074,2.2513254443397535,1560286063,3,47325,49,8141,2.2873240451590666,1560290291,5,47361,49,8109,2.413797125215288,1556091944,2,47414,49,8158
1.7239055622189585,1547709618,9,47123,49,8157,2.695808218775835,1560290760,7,47558,49,8128,2.5878050887578725,1564480632,3,47474,49,8119,1.963287658021709,1556094894,4,47218,49,8066,3.369796048278998,1553994342,1,47305,49,8094
1.7239055622189585,1547709618,9,47123,49,8157,2.695808218775835,1560290760,7,47558,49,8128,2.4695927478216997,1562383792,2,47425,49,8123,1.5406197261793992,1549804022,5,47042,49,8158,3.369796048278998,1553994342,1,47305,49,8094
2.648387095236077,1560292800,10,47515,49,8134,1.733794706751638,1547707975,6,47142,49,8154,1.5747912063537821,1549800317,3,47046,49,8155,2.4364398826388047,1545608495,4,46915,49,8142,3.1464280585915256,1549800497,2,47207,49,8066
2.648387095236077,1560292800,10,47515,49,8134,1.733794706751638,1547707975,6,47142,49,8154,2.608509042706359,1564480627,2,47487,49,8137,2.0397815689821384,1558192087,4,47260,49,10,3.1464280585915256,1549800497,2,47207,49,8066
2.4233870186589304,1556098246,10,47417,49,8102,1.95440970323008,1549805348,7,47235,49,8111,1.737575605827241,1551897352,2,47114,49,8154,1.7158455690022154,1553998498,5,47124,49,8085,2.887667364403471,1547702849,1,47096,49,8130
2.4233870186589304,1556098246,10,47417,49,8102,1.95440970323008,1549805348,7,47235,49,8111,1.5653054418656616,1549799989,2,47042,49,8133,1.4250600123788473,1549803234,4,46991,49,8098,2.887667364403471,1547702849,1,47096,49,8130
2.217561056899259,1554001180,10,47331,49,8127,2.2335694719490427,1553999960,7,47354,49,8033,1.8938313643500921,1556091600,3,47181,49,8142,2.374937673377951,1545610212,5,46886,49,8131,2.7503808429630476,1560286064,2,47555,49,8126
2.217561056899259,1554001180,10,47331,49,8127,2.2335694719490427,1553999960,7,47354,49,8033,1.7416558013431345,1551897356,3,47113,49,8114,2.0673205767370257,1558192586,5,47270,49,8112,2.7503808429630476,1560286064,2,47555,49,8126
2.1034289344452044,1551903705,9,47282,49,8163,2.5172165094092986,1558194120,7,47477,49,8083,2.0732410801774823,1558188957,2,47254,49,8139,1.8466033181610249,1553997763,5,47178,49,8120,2.5763766862841644,1558189235,2,47485,49,8126
2.1034289344452044,1551903705,9,47282,49,8163,2.5172165094092986,1558194120,7,47477,49,8083,1.8971977583508384,1556091811,3,47180,49,8129,1.5624464509441656,1549802857,4,47052,49,8087,2.5763766862841644,1558189235,2,47485,49,8126
2.0324409463390154,1551903915,10,47250,49,8157,1.6045668119016092,1545611217,7,47089,49,8163,2.244594520304416,1560285933,2,47318,49,8078,2.465099759317559,1547706098,4,46930,49,8129,2.3635150027391236,1556091360,1,47388,49,8050
2.0324409463390154,1551903915,10,47250,49,8157,1.6045668119016092,1545611217,7,47089,49,8163,2.064878071830389,1556091491,3,47248,49,8182,2.246730273684575,1560290242,5,47343,49,8108,2.3635150027391236,1556091360,1,47388,49,8050
1.9359531138975934,1549806635,9,47212,49,8103,1.9291143386739988,1549805231,6,47227,49,8127,2.3644370646737016,1562383255,3,47375,49,8155,2.0052067961816102,1556095520,5,47239,49,8061,2.1737031382493748,1553994166,1,47305,49,8113
1.9359531138975934,1549806635,9,47212,49,8103,1.9291143386739988,1549805231,6,47227,49,8127,2.1758482887164754,1558188819,3,47296,49,8159,1.7060549543668582,1553998067,5,47116,49,8077,2.1737031382493748,1553994166,1,47305,49,8113
1.840588038533574,1549805783,8,47171,49,8151,2.2531525564366017,1553998634,6,47362,49,8090,2.4812199124141223,1562382864,2,47430,49,8045,1.5146124517478687,1549804387,5,47025,49,8188,3.2726985525893593,1551897771,2,47258,49,8155
1.840588038533574,1549805783,8,47171,49,8151,2.2531525564366017,1553998634,6,47362,49,8090,2.2692745739555735,1560286431,2,47340,49,8141,2.4424589040808424,1545609733,5,46912,49,8130,3.2726985525893593,1551897771,2,47258,49,8155
1.7243145068530485,1547709119,9,47119,49,8147,2.4999793047656476,1558194235,7,47470,49,8142,2.3255757198675564,1553994158,2,47364,49,8154,1.8760792493338267,1556095377,5,47193,49,8148,3.088699316948788,1549800492,1,47182,49,8102
1.5988600753769717,1562389748,10,47581,49,8137,2.7219196471348166,1562387999,7,47566,49,8090,2.604430745846965,1558188883,3,47478,49,8156,1.6700525529859092,1551901183,5,47093,49,8119,2.9241809366005858,1547702849,2,47115,49,8099
1.5988600753769717,1562389748,10,47581,49,8137,2.7219196471348166,1562387999,7,47566,49,8090,2.327003318859634,1553994551,3,47366,49,8141,1.4142488907172475,1547707101,5,46985,49,8072,2.9241809366005858,1547702849,2,47115,49,8099
2.69989422808338,1560292786,10,47538,49,8128,1.7416483874055089,1547707327,6,47145,49,8111,2.6119776996611708,1564480631,2,47484,49,8137,2.3352602845661985,1545609146,4,46875,49,8151,2.7849575056934253,1545606004,2,47056,49,8083
2.6095276526785955,1560291920,9,47496,49,8151,1.9478813814385463,1549805549,7,47235,49,8097,2.598411722780707,1564480762,3,47481,49,8161,1.8373238948205257,1553998146,4,47165,49,8183,2.552713389327286,1558188942,2,47477,49,8096
2.6095276526785955,1560291920,9,47496,49,8151,1.9478813814385463,1549805549,7,47235,49,8097,2.3310835228048243,1562382844,2,47366,49,8120,1.5509215334840234,1549803631,5,47045,49,8150,2.552713389327286,1558188942,2,47477,49,8096
2.493049648233841,1558195267,9,47446,49,8101,2.104748638161209,1553999574,7,47305,49,8078,2.6118754556729074,1564480683,2,47485,49,8127,2.5094670008065725,1547706935,5,46951,49,8110,2.3468912485871782,1556091566,1,47375,49,8070
2.493049648233841,1558195267,9,47446,49,8101,2.104748638161209,1553999574,7,47305,49,8078,2.3477091679107422,1560285572,2,47374,49,8111,2.2849781644304903,1560289531,5,47360,49,8143,2.3468912485871782,1556091566,1,47375,49,8070
2.4097188019767377,1556098220,10,47415,49,8175,2.319346517542468,1556097071,7,47393,49,8081,2.6163627239128413,1564480268,3,47492,49,4,2.0057142402420585,1558192628,5,47250,49,8130,2.2003219858888046,1553994299,1,47322,49,8182
2.3116007758284867,1556097280,9,47369,49,8152,2.5234381083011255,1558194177,7,47480,49,8105,2.662057240070582,1566577141,2,47508,49,8178,1.5891680178458996,1551901229,5,47070,49,8128,3.305334496633591,1551897678,2,47280,49,8137
2.3116007758284867,1556097280,9,47369,49,8152,2.5234381083011255,1558194177,7,47480,49,8105,2.4542943448112853,1562383586,2,47417,49,8123,1.3832431224578374,1547706828,5,46969,49,8134,3.305334496633591,1551897678,2,47280,49,8137
2.2267400976791722,1554001015,9,47337,49,8085,2.769756128096321,1562388421,7,47585,49,8141,1.5184900572820552,1549800333,2,47024,49,8179,2.428485862551121,1545610092,5,46905,49,8138,3.1958941446882214,1549800380,2,47233,49,8182
2.2267400976791722,1554001015,9,47337,49,8085,2.769756128096321,1562388421,7,47585,49,8141,2.4842795864689933,1547702830,2,46923,49,17,2.1568711174723525,1560288864,4,47312,49,8078,3.1958941446882214,1549800380,2,47233,49,8182
2.1407585476399067,1551903741,10,47300,49,8135,1.782037677862462,1547708018,6,47165,49,8081,1.5809105621655035,1549800240,3,47052,49,8139,1.9829711120931386,1556094796,5,47233,49,8166,3.067993470151095,1547702886,1,47175,49,8118
2.1407585476399067,1551903741,10,47300,49,8135,1.782037677862462,1547708018,6,47165,49,8081,2.584847649944873,1564480507,3,47473,49,8151,1.8480327846939515,1553997500,4,47172,49,8142,3.067993470151095,1547702886,1,47175,49,8118
2.0835391273541863,1551904106,10,47277,49,8084,2.062217960716749,1551902412,6,47282,49,8047,0,1551897561,2,47086,49,8129,1.6322117539944798,1551900774,4,47080,49,8152,2.930504783253721,1547702765,1,47115,49,8108
2.0835391273541863,1551904106,10,47277,49,8084,2.062217960716749,1551902412,6,47282,49,8047,2.649716281267527,1566577079,2,47501,49,8108,1.3931340713629157,1547706254,5,46984,49,8162,2.930504783253721,1547702765,1,47115,49,8108
2.0356028672623534,1551903872,9,47251,49,8093,2.335869924286388,1556096143,6,47391,49,8010,1.7447154808315797,1553994459,3,47118,49,8130,2.4462323806544433,1545609711,5,46915,49,8183,2.874508487059046,1545606255,2,47096,49,8070
2.0356028672623534,1551903872,9,47251,49,8093,2.335869924286388,1556096143,6,47391,49,8010,1.547661154804655,1566577506,2,47546,49,8154,2.2020562982456964,1560289367,4,47325,49,8070,2.874508487059046,1545606255,2,47096,49,8070
2.010307500167052,1551903914,10,47243,49,8078,2.647974261846991,1560290741,6,47523,49,8069,1.8338589630717432,1553994592,3,47156,49,8156,2.0225443644259316,1558192469,5,47253,49,8090,2.7681292880964254,1545606229,2,47043,49,8075
2.0064317784009282,1551902606,8,47241,49,8145,1.7844857969335728,1547708449,7,47165,49,8145,1.9555399275175238,1556092249,3,47203,49,8130,1.6690320431481862,1551901268,5,47095,49,8179,2.6480803819635166,1560286027,1,47508,49,8093
2.0064317784009282,1551902606,8,47241,49,8145,1.7844857969335728,1547708449,7,47165,49,8145,1.7256417261757502,1551897044,2,47113,49,8101,1.4621851359100098,1549803700,4,47011,49,8088,2.6480803819635166,1560286027,1,47508,49,8093
2.046107276535895,1551904190,10,47259,49,8087,2.125147762177136,1553999040,7,47305,49,8053,2.0025579270454417,1556091585,2,47230,49,8131,2.454900195212444,1547706239,4,46926,49,8166,2.5888198915538485,1558188805,1,47489,49,8108
2.140963030746382,1551903176,9,47297,49,8116,2.5667867364789707,1558192875,6,47495,49,8044,2.1374981449479256,1558189057,3,47283,49,8127,2.1551386838337647,1558192268,5,47305,49,8129,2.478667654093481,1558188814,1,47433,49,8082
2.140963030746382,1551903176,9,47297,49,8116,2.5667867364789707,1558192875,6,47495,49,8044,1.9137211595468944,1556091463,2,47188,49,8176,1.9972508747925581,1556095547,5,47237,49,8121,2.478667654093481,1558188814,1,47433,49,8082
2.278349478144343,1554000513,9,47358,49,8077,1.797642793741693,1549805107,7,47174,49,8156,2.247245241112766,1560286265,3,47326,49,8143,1.836199279796654,1553997328,4,47176,49,8146,2.4150202333274358,1556091648,1,47418,49,8098
2.278349478144343,1554000513,9,47358,49,8077,1.797642793741693,1549805107,7,47174,49,8156,2.060491154226735,1551897150,3,47253,49,8104,1.700651239590439,1551901274,5,47105,49,8101,2.4150202333274358,1556091648,1,47418,49,8098
2.4639807942924046,1558195518,10,47434,49,8130,2.3036391458962973,1556096986,7,47389,49,8049,2.433181415684761,1556091737,2,47407,49,8169,1.5582640006647017,1549803830,5,47053,49,8116,2.396559919102077,1556091544,1,47407,49,8102
2.4639807942924046,1558195518,10,47434,49,8130,2.3036391458962973,1556096986,7,47389,49,8049,2.2270505899245348,1560286201,3,47316,49,8144,1.3984373893160107,1547705920,4,46988,49,8131,2.396559919102077,1556091544,1,47407,49,8102
2.6569545787729725,1560292785,10,47518,49,8122,1.6406732868979519,1545610939,7,47105,49,8118,2.521611102437259,1564480791,2,47444,49,8120,2.466322864169236,1547706997,5,46934,49,8053,2.431645885404357,1556091781,2,47423,49,8163
2.6569545787729725,1560292785,10,47518,49,8122,1.6406732868979519,1545610939,7,47105,49,8118,2.357194935512707,1562383031,3,47376,49,8118,2.359025820439023,,5,46882,49,8087,2.431645885404357,1556091781,2,47423,49,8163
1.7400218724494283,1547709534,9,47124,49,8133,2.212354298971143,1553999315,6,47348,49,8130,2.7079562488785407,1549800379,3,47009,49,8140,2.2806934748037273,1560289165,4,47362,49,8136,2.441947693383688,1558188755,2,47426,49,8103
1.7400218724494283,1547709534,9,47124,49,8133,2.212354298971143,1553999315,6,47348,49,8130,2.495397438293666,1564480337,3,47437,49,8064,2.145957755228442,1558192153,5,47307,49,8152,2.441947693383688,1558188755,2,47426,49,8103
2.017447384063864,155103047,9,47244,,8096,0,1562388518,7,47576,49,8069,1.6686286153866874,1551897586,3,47079,49,8102,2.0667090166954054,1558192771,5,47268,49,8088,2.5576096436153666,1558189014,1,47476,49,8119
2.017447384063864,1551903047,9,47244,49,8096,2.745583517923501,1562388518,7,47576,49,8069,1.5105379078040315,1549800335,3,47005,49,8173,1.9981691538761925,1556094441,4,47236,49,8123,2.5576096436153666,1558189014,1,47476,49,8119
2.412166928377618,1556098424,10,47414,49,8101,2.130860041817929,1553999975,7,47315,49,8076,1.8264142260949516,1553995058,3,47148,49,8134,1.9039249699312129,1556095667,5,47200,49,8076,2.6741918049940483,1560286214,1,47517,49,8150
2.412166928377618,1556098424,10,47414,49,8101,2.130860041817929,1553999975,7,47315,49,8076,1.7052444422846607,1551897620,3,47096,49,8151,1.836098905832628,1553997230,4,47169,49,8131,2.6741918049940483,1560286214,1,47517,49,8150
1.635475896857571,1545612505,9,47085,49,8096,2.686526939190124,1560290311,6,47555,49,8131,2.0141850959664604,1556092115,3,47235,49,8115,1.7405293620027436,1553997733,4,47130,49,8098,2.8058678732394546,1545606225,2,47058,49,8136
1.635475896857571,1545612505,9,47085,49,8096,2.686526939190124,1560290311,6,47555,49,8131,1.8699654571551003,1553995161,3,47169,49,8134,1.7038113101403007,1551900714,5,47114,49,8158,2.8058678732394546,1545606225,2,47058,49,8136
2.1267855052615943,1551903580,9,47292,49,8109,2.04263487065338,1551902732,7,47276,49,8142,2.1765620862343527,1558188708,2,47299,49,8112,1.6500605257823833,1551901550,5,4709,49,8132,3.0025132864548416,1547702905,1,47146,49,8139
2.1267855052615943,1551903580,9,47292,49,8109,2.04263487065338,1551902732,7,47276,49,8142,2.013471294457901,1556091610,3,47234,49,8127,1.667807060901044,1551901627,5,47099,49,8157,3.0025132864548416,1547702905,1,47146,49,8139
2.666949655082868,1560292751,10,47523,49,8066,2.580453025731816,1560291350,7,47507,49,8090,2.3382234038175893,1562382795,3,47370,49,8170,1.6475101736119973,1551901635,5,47090,49,8107,3.1534619015564993,1549800359,1,47226,49,8164
2.666949655082868,1560292751,10,47523,49,8066,2.580453025731816,1560291350,7,47507,49,8090,2.1773781264381182,1560285552,3,47299,49,8122,1.5820281404570251,1551900986,5,47068,49,8127,3.1534619015564993,1549800359,1,47226,49,8164
2.024382789852732,1551903535,9,47247,49,8117,1.9129998896284557,1549805389,7,47219,49,8109,2.5404803950218917,1564480304,3,47451,49,8170,1.5778475564230399,1551901428,5,47061,49,8098,2.1720710597013273,1553994898,2,47304,49,8160
2.024382789852732,1551903535,9,47247,49,8117,1.9129998896284557,1549805389,7,47219,49,8109,2.3415898081588113,1560285896,3,47369,49,34,1.5600986623372965,1551900765,5,47059,49,8051,2.1720710597013273,1553994898,2,47304,49,8160
2.60361087304146,1560292394,10,47496,49,8137,2.390641211474174,1556096070,6,47423,49,8055,2.643697256539471,1566577094,3,47503,49,8131,1.5464323538818954,1549802894,4,47049,49,8078,2.370348167136038,1556092063,2,47390,49,8108
2.60361087304146,1560292394,10,47496,49,8137,2.390641211474174,1556096070,6,47423,49,8055,2.4473570470657093,1562382766,3,47420,49,8107,1.542147659439671,1549803973,5,47051,49,8108,2.370348167136038,1556092063,2,47390,49,8108
1.9968437815549724,1551903635,10,47237,49,8130,1.631392005721895,1545610640,6,47099,49,8084,1.5538827589084756,1549800401,2,47036,49,8111,1.5523491299020504,1549802963,4,47047,49,8114,2.5516947829218006,1560285740,1,47468,49,8109
1.9968437815549724,1551903635,10,47237,49,8130,1.631392005721895,1545610640,6,47099,49,8084,2.5416031645054757,1564480566,3,47448,49,8137,1.5489827213909766,,,,,,2.5516947829218006,1560285740,1,47468,49,8109
2.6392080668809856,1560292272,9,47507,49,8093,2.074661158496245,1551902475,7,47289,49,8070,1.5986589843185646,1551897391,2,47053,49,8142,1.5523491299020504,1549803216,4,47047,49,8103,2.7906698102401966,1545605698,1,47053,49,8122
2.6392080668809856,1560292272,9,47507,49,8093,2.074661158496245,1551902475,7,47289,49,8070,2.604021767094929,1564480272,2,47484,49,8120,1.5474528820332056,1549803766,5,47047,49,8109,2.7906698102401966,1545605698,1,47053,49,8122
2.4192045732044996,1556097859,9,47416,49,8070,1.6343494510349945,1545610570,6,47102,49,8084,1.9131095938141234,1556091806,3,47186,49,8106,1.9092282937765883,1556095227,4,47204,49,8151,2.23826504514401,1553994446,2,47333,49,8141
2.4192045732044996,1556097859,9,47416,49,8070,1.6343494510349945,1545610570,6,47102,49,8084,2.699286521314179,1566577653,3,47518,49,8188,1.6035500083409109,1551901235,5,47073,49,8092,2.23826504514401,1553994446,2,47333,49,8141
1.5889668328214788,1562389137,9,47572,49,8129,1.8257933609366135,1549805472,7,47185,49,8126,1.82162022797283,1553994741,2,47147,49,8165,1.6619944007948926,1551901186,5,47092,49,8080,2.1921653525822355,1553994590,1,47305,49,8116
1.5889668328214788,1562389137,9,47572,49,8129,1.8257933609366135,1549805472,7,47185,49,8126,1.5954970620807998,1551897322,3,47052,49,819,0,155190112,5,4705,49,8078,2.1921653525822355,1553994590,1,47305,49,8116
2.310784739186948,1556097975,10,47367,49,8160,2.2786505068762204,1556096603,7,47377,49,8095,1.7217660047742338,,,,,,0,1553997915,4,47137,49,8138,2.469181889616916,1558188962,2,47429,49,8095
1.8302862430277016,1547709428,9,47166,49,8072,1.5455127060562612,1562388399,7,47573,49,8071,2.0087795323464452,1556091747,2,47232,49,8094,1.8133539211492256,1553998781,5,47152,49,8112,2.7767970874789754,1545606258,2,47053,49,8122
1.8302862430277016,1547709428,9,47166,49,8072,1.5455127060562612,1562388399,7,47573,49,8071,1.8625188676391555,1553994785,3,47170,49,8136,1.857721179315754,1553998091,5,47173,49,8094,2.7767970874789754,1545606258,2,47053,49,8122
2.6130966415888692,1560290911,8,47499,49,8139,2.0676235173877253,1551902641,7,47286,49,8103,2.0112276515537495,1556091851,3,47232,49,8175,2.008062019634176,1556094820,4,47235,49,8137,3.0473898629095326,1547702918,2,47168,49,8155
2.2284744250402513,1554001182,10,47334,49,8118,2.59575334093577,1560291264,7,47508,49,8089,2.3423036077801034,1562383035,3,47370,49,8179,2.031418587347269,1558191167,4,47246,49,8069,2.1894105110091076,1553994351,1,47308,49,8126
2.2284744250402513,1554001182,10,47334,49,8118,2.59575334093577,1560291264,7,47508,49,8089,2.220420027793853,1560285618,3,47317,49,8136,2.1647267079711074,1558192440,5,47299,49,8148,2.1894105110091076,1553994351,1,47308,49,8126
1.861700970772031,1549806588,9,47178,49,8138,1.9532869386045826,1551901210,6,47239,49,8113,2.5630209226926524,1558188752,3,47462,49,8166,2.24091576712095,1560289156,4,47336,49,8046,2.560260345433659,1560285838,2,47480,49,8111
2.707645671326283,1560292388,9,47540,49,8167,2.482742103515635,1558194085,7,47462,49,8071,2.6139146003228038,1564480527,2,47491,49,8133,2.526908719011076,1547707049,5,46948,49,8150,2.936217073046095,1547703146,1,47111,49,8157
2.3506647146926523,1556098280,9,47384,49,8081,1.809269966276495,1549804542,6,47177,49,8140,1.6788281787684158,1551897212,3,47083,49,8182,1.5641807963688354,1549804233,5,47043,49,8121,3.3384835686082366,1551897735,2,47287,49,8142
2.0126533855316104,1551903604,9,47242,49,6,2.38574496762223,1556097217,7,47413,49,8069,2.0118392149266913,1556091470,2,47234,49,8168,1.5571412506296949,1551900564,5,47048,49,8175,2.4273612040239803,1556091929,2,47420,49,8118
2.0126533855316104,1551903604,9,47242,49,6,2.38574496762223,1556097217,7,47413,49,8069,1.891894426695976,1556091150,2,47178,49,8142,1.6971807833339725,1551901007,5,47107,49,8135,2.4273612040239803,1556091929,2,47420,49,8118
1.7038131503550706,1545611560,9,47110,49,8095,1.698299790827487,1547708447,7,47129,49,8100,2.2932445847667426,1560286280,3,47347,49,8111,1.8409951619219003,1553998229,5,47161,49,8148,2.8060704471639504,1545606650,2,47059,49,8062
2.6139126836105544,1560292710,10,47499,49,8047,2.297417556215726,1556097042,7,47383,49,8079,2.6133030472470016,1558188534,3,47489,49,8096,2.0390677903770507,1558192690,5,47251,49,8119,3.196505710646696,1551897263,2,47231,49,8031
2.6139126836105544,1560292710,10,47499,49,8047,2.297417556215726,1556097042,7,47383,49,8079,2.5732204889986305,1564480392,3,47466,49,8139,2.219800947916558,1560290249,5,47335,49,8096,3.196505710646696,1551897263,2,47231,49,8031
2.346891236043694,1556098154,10,47381,49,8094,1.7679623992041993,1547708487,7,47158,49,8145,1.78724804920168,1553994737,2,47132,49,8138,2.3263860969640424,1545609671,5,46866,49,8103,2.4456189389116894,1556092071,2,47425,49,8137
2.0926178143616223,151904501,10,47274,49,8129,2.4304189392883573,1558193833,7,47439,49,8085,2.2038966198427934,1553994277,3,47311,49,8071,1.6669910404186463,1551901433,5,47092,49,8071,2.891134141053408,1547702649,1,47097,49,8113
1.8812840571350464,1549806735,10,47186,49,8188,1.998776952767369,1551901387,6,47247,49,8051,1.524918033743432,1566577531,2,47528,49,8170,1.8607827193735256,1553998692,5,47168,49,8093,2.2536675826085277,1553994600,1,47331,49,8051
1.8812840571350464,1549806735,10,47186,49,8188,1.998776952767369,1551901387,6,47247,49,8051,1.5726498077372821,1549800409,3,47044,49,8142,2.040802107452853,1558192506,5,47251,49,8120,2.2536675826085277,1553994600,1,47331,49,8051
2.0219346698366967,1551903070,9,47247,49,8172,1.972156228488916,1551902253,7,47244,49,8107,2.3367958047117026,1560285727,3,47368,49,8116,1.4138399419602832,1547706043,4,46982,49,8132,3.187326673122746,1549800219,1,47225,49,8110
2.0219346698366967,1551903070,9,47247,49,8172,1.972156228488916,1551902253,7,47244,49,8107,2.184313530384169,1558188325,3,47303,49,8179,2.476524360317456,1545609283,5,46923,49,8073,3.187326673122746,1549800219,1,47225,49,8110
1.5678539047562383,1562389407,9,47563,49,8108,2.5459786263478845,1558193939,7,47490,49,8134,1.5406235132253696,1543508650,3,47030,49,8185,1.428119709355997,1549803844,5,46986,49,8108,2.2567253743257987,1553994475,2,47341,49,8145
1.5678539047562383,1562389407,9,47563,49,8108,2.5459786263478845,1558193939,7,47490,49,8134,1.6797446189935676,1551897614,2,47088,49,8177,1.7044228950059201,1551901236,5,47109,49,8082,2.2567253743257987,1553994475,2,47341,49,8145
2.644511380108745,1560292309,9,47511,49,4,2.3420915270991842,1556096292,6,47401,49,8155,2.320579121690418,1560286084,2,47357,49,8166,1.863942779123144,1553997673,5,47177,49,8117,2.9443755981636186,1547702986,1,47119,49,8066
2.644511380108745,1560292309,9,47511,49,4,2.3420915270991842,1556096292,6,47401,49,8155,2.466328584647515,1562383157,2,47424,49,8130,2.1850235919723335,1558192433,5,47309,49,8114,2.9443755981636186,1547702986,1,47119,49,8066
2.525585253089377,1558195652,10,47461,49,35,2.2109267120675695,1554000352,7,47343,49,8127,1.9019917572844354,1553994439,3,47181,49,8130,2.3280181764287136,1545609761,5,46867,49,8151,2.41777319394194,1556091711,1,47418,49,8110
2.525585253089377,1558195652,10,47461,49,35,2.2109267120675695,1554000352,7,47343,49,8127,2.116589696611306,1551897203,3,47269,49,8146,1.3983351669559958,1547706576,5,46982,49,8089,2.41777319394194,1556091711,1,47418,49,8110
2.4038039344277826,1556098578,10,47407,49,8133,2.1246384514695222,1553998337,6,47309,49,8121,1.5677535650537742,1549800275,2,47042,49,8077,1.5981444623326877,1551900459,4,47063,49,8103,3.1650928750067107,1549800519,1,47211,4,8123
2.4038039344277826,1556098578,10,47407,49,8133,2.1246384514695222,1553998337,6,47309,49,8121,1.8177445078094854,1553994961,3,47143,49,8146,1.8570092339869235,1553998713,5,47165,49,8099,3.1650928750067107,1549800519,1,47211,49,8123
2.3096619721940197,1556097646,9,47370,49,8070,2.1403458153216306,1553999984,7,47315,49,8104,2.4797923152739294,1539314039,3,46916,49,8169,2.0180589732539898,1556095499,5,47234,49,8094,2.580152093029003,1558189222,2,47474,49,8174
2.3096619721940197,1556097646,9,47370,49,8070,2.1403458153216306,1553999984,7,47315,49,8104,1.5703039301765098,1549800359,2,47041,49,8138,2.1619718623627078,1560289356,5,47303,49,8131,2.580152093029003,1558189222,2,47474,49,8174
2.267538358902422,1554001008,10,47351,49,8120,2.281200881089448,1553998962,6,47366,49,8092,2.301709831599835,1560286241,3,47350,49,8150,2.2977281102440106,1560290188,5,47356,49,8166,2.999756569683443,1547702765,1,47152,49,8131
2.267538358902422,1554001008,10,47351,49,8120,2.281200881089448,1553998962,6,47366,49,8092,2.578319322295557,1564480418,3,47470,49,8178,2.3214917481077126,1560289327,5,47371,49,8094,2.999756569683443,1547702765,1,47152,49,8131
2.5436385026039865,1558195134,10,47468,49,8116,1.610992890866934,1545611406,7,47089,49,8031,2.371372467091201,1562382842,3,47379,49,8152,2.311089595903867,1560289006,4,47361,49,8088,2.5477187371620578,1558189074,1,47456,49,8097
2.232145663299187,1554000747,9,47338,49,8172,2.6665368131390608,1560290540,6,47540,49,8102,1.8716979219666356,1553994143,2,47174,49,9,2.1739038620543494,1560289814,5,47313,49,8134,2.371980256678901,1556092426,2,47387,49,8104
2.232145663299187,1554000747,9,47338,49,8172,2.6665368131390608,1560290540,6,47540,49,8102,2.1493279201946036,1558189025,2,47292,49,8110,2.1086300489429672,1558191986,4,47273,49,15,2.371980256678901,1556092426,2,47387,49,8104
2.631456627234313,1560291423,8,47503,49,8111,2.094039765019964,1551902525,7,47297,49,8068,1.8907716808379984,1553994451,3,47179,49,8166,1.7654157945553206,1553998179,5,47134,49,8121,2.811476433632109,1545606172,2,47062,49,8124
2.4283836073893226,1556097713,9,47423,49,8165,2.008874273710805,1551902170,6,47260,49,8146,1.562959560833875,1549800233,3,47041,49,8114,2.503245423721509,1547707323,5,46940,49,8141,2.3659631399374095,1556092039,2,47382,49,8121
1.6476142424351152,1545612535,9,47086,49,8118,2.729773334344224,1562388165,7,47568,49,8112,2.4607185385813093,1562383010,2,47423,49,8155,1.4244465821365109,1549803467,5,46989,49,8128,2.413390069429194,1556091989,2,47405,49,8127
2.592901998686056,1558194697,9,47490,49,8117,2.7479294080117875,1562388493,7,47574,49,8065,1.8446700985360331,1547703264,3,47159,49,8157,1.5627512966021146,1551901049,5,47049,49,8072,2.890522586614911,1545606345,2,47092,49,8183
2.592901998686056,1558194697,9,47490,49,8117,2.7479294080117875,1562388493,7,47574,49,8065,2.02224325895476,1556091359,2,47234,49,8097,2.4545953949452235,1545610084,5,46913,49,8161,2.890522586614911,1545606345,2,47092,49,8183
2.6718459061284876,1560289094,4,47524,49,8182,1.9735838278700442,1551902302,7,47246,49,8115,2.7230501547168537,1566577565,2,47531,49,3,2.0579370752711252,1558191794,4,47258,49,8127,2.508654809468935,1558188527,2,47436,49,8112
2.6718459061284876,1560289094,4,47524,49,8182,1.9735838278700442,1551902302,7,47246,49,8115,1.7248256931044434,1545605709,3,47110,49,8148,1.6843304823941383,1551901078,5,47097,49,8092,2.508654809468935,1558188527,2,47436,49,8112
1.706975067912528,1547708961,9,47112,49,8152,1.722065308031998,1547708578,7,47136,49,8053,2.02897418742575,1556091628,2,47240,49,8149,1.5627531994533068,1549804694,5,47041,49,8119,3.0281135134365513,1547703219,2,47151,49,8120
1.706975067912528,1547708961,9,47112,49,8152,1.722065308031998,1547708578,7,47136,49,8053,2.247040764371155,1553994286,3,47326,49,8161,2.174924385321041,1560289376,5,47311,49,8111,3.0281135134365513,1547703219,2,47151,49,8120
1.8586412856863048,1549805479,8,47177,49,8115,2.2401981432809075,1553999923,7,47360,49,8085,1.8291672061149247,1553994870,3,47151,49,8176,2.3935002534220753,1545609525,5,46888,49,8097,2.7148878397879814,1560285695,1,47526,49,8162
2.0807861680442468,1551903908,9,47271,49,8112,2.7056007363446386,1562386971,6,47557,49,8067,2.443585468334235,1562383070,3,47407,49,8107,1.8887269529838917,1556095406,5,47189,49,8119,2.2713080849914284,1556091855,2,47355,49,8107
2.0807861680442468,1551903908,9,47271,49,8112,2.7056007363446386,1562386971,6,47557,49,8067,2.5833178151245773,1558188548,2,47469,49,8147,1.430772316368781,1547707222,5,46983,49,8131,2.2713080849914284,1556091855,2,47355,49,8107
2.3349573450046144,1556098063,9,47379,49,8189,2.0018366326740997,1551902789,7,47257,49,8107,2.009800051706834,1549800362,3,47228,49,8164,2.1482033023304967,1558191943,4,47293,49,8087,3.1362266199118136,1549800106,1,47203,49,8116
2.3349573450046144,1556098063,9,47379,49,8189,2.0018366326740997,1551902789,7,47257,49,8107,2.174418810902016,1558188827,2,47302,49,30,1.589474268388549,1551900295,4,47059,49,8173,3.1362266199118136,1549800106,1,47203,49,8116
1.7462434762277614,1547708451,8,47127,49,8142,1.647404225735711,1545610933,7,47108,49,8123,1.8746572228253309,1553994727,2,47169,49,8162,1.5432723543836033,1549803503,4,47032,49,8087,3.109505541718895,1549800584,2,47185,49,8149
1.7462434762277614,1547708451,8,47127,49,8142,1.647404225735711,1545610933,7,47108,49,8123,1.7699086101703372,1547702560,2,47124,49,8148,1.8456869234588449,1553998163,4,47163,49,8104,3.109505541718895,1549800584,2,47185,49,8149
1.7079955825343258,1545611985,9,47108,49,8113,1.7469517145483286,1547707772,6,47148,49,8090,2.388916399989134,1539314196,3,46871,49,8116,2.508652895405642,1547706834,5,46935,49,8101,2.301501599013473,1556091654,1,47355,49,8137
1.7079955825343258,1545611985,9,47108,49,8113,1.7469517145483286,1547707772,6,47148,49,8090,2.611263901884492,1558188629,2,47483,49,8149,1.9416635585588553,1556095987,5,47206,49,8161,2.301501599013473,1556091654,1,47355,49,8137
2.3597415131359814,1556098571,10,47390,49,8126,2.551588675815219,1558194021,7,47491,49,8063,2.2785577405925133,1560286003,2,47337,49,3,1.8258993639637946,1553998541,5,47157,49,8080,3.342766361849152,1551897543,2,47290,49,8130
2.682452534793186,1560292066,9,47530,49,8078,1.7890753221706877,1547707340,6,47167,49,8096,1.878226234371355,1547702827,3,47175,49,8094,1.9019861968635923,1556095585,5,47195,49,8090,2.8528881199274236,1545606166,2,47070,49,8154
2.682452534793186,1560292066,9,47530,49,8078,1.7890753221706877,1547707340,6,47167,49,8096,1.8641509479891112,1553994800,2,47169,49,8155,2.1632972233969365,1558192140,5,47305,49,8147,2.8528881199274236,1545606166,2,47070,49,8154
1.8348757696463762,1547709356,10,47168,49,8063,2.155950936989685,1553999655,7,47322,49,8101,1.5410324807889746,1543508705,3,47025,49,8147,2.298441911774041,1560290078,5,47356,49,8125,2.291302032726198,1553994627,2,47352,49,8119
1.8603756062181105,1549806563,10,47174,49,8165,2.1499338212156283,1554000118,7,47317,49,8090,2.140760434421753,1558188868,3,47289,49,8119,1.8272265876694418,1553998481,5,47152,49,8104,2.5716849461477462,1558188696,2,47475,49,8129
1.8603756062181105,1549806563,10,47174,49,8165,2.1499338212156283,1554000118,7,47317,49,8090,2.346179330977319,1562382936,3,47371,49,8163,2.421243752984389,1545609763,5,46896,49,8167,2.5716849461477462,1558188696,2,47475,49,8129
2.197366417035512,1554001496,10,47318,49,8148,2.446737856399548,1558193303,6,47439,49,8035,1.7953043581423558,1553995142,3,47140,49,8182,1.937074035322387,1556095822,5,47203,49,8161,3.192527753009131,1551897287,2,47228,49,8154
2.197366417035512,1554001496,10,47318,49,8148,2.446737856399548,1558193303,6,47439,49,8035,2.011941455002673,1556091557,3,47232,49,8150,2.552204098462666,1547706864,5,46956,49,8125,3.192527753009131,1551897287,2,47228,49,8154
2.5771946341928933,1558194484,9,47482,49,8149,2.7004999827544514,1560290708,7,47559,49,8101,2.6216660426671945,1564479904,3,47494,49,11,2.058344155837087,1558193050,5,47262,49,8091,2.6802089307639743,1543509069,2,47003,49,8095
2.5771946341928933,1558194484,9,47482,49,8149,2.7004999827544514,1560290708,7,47559,49,8101,1.5978429449159182,1549800109,3,47052,49,8099,1.4717712658294084,1549804200,5,47013,49,8155,2.6802089307639743,1543509069,2,47003,49,8095
1.7438975995845951,1547708634,8,47124,49,8135,1.7556214347225758,1547708469,7,47151,49,8111,2.216544307375171,1560285790,3,47314,49,8191,2.1921615901253024,1560289539,5,47318,49,8188,3.3633699763789577,1553994744,1,47297,49,8143
1.7438975995845951,1547708634,8,47124,49,8135,1.7556214347225758,1547708469,7,47151,49,8111,2.3811649550184724,1562383388,3,47380,49,8139,1.6101787300738282,1551901087,5,47072,49,8139,3.3633699763789577,1553994744,1,47297,49,8143
2.1015923806888135,1551903712,9,47281,49,8127,1.9593040646195337,1549805122,7,47242,49,8081,1.778578329617318,1547702861,3,47128,49,8055,2.3016019345463627,1543511594,5,46854,49,8131,2.865736541058766,1547702730,1,47088,49,8140
2.1015923806888135,1551903712,9,47281,49,8127,1.9593040646195337,1549805122,7,47242,49,8081,1.92371625115116,1549799800,2,47193,49,8191,1.7281865571061592,1553998520,5,47124,49,8114,2.865736541058766,1547702730,1,47088,49,8140
1.5966164362824673,1562386002,4,47576,49,8125,2.5388387388588693,1558193945,7,47488,49,8069,1.562959558918833,1549800114,2,47042,49,8113,1.7065661525673588,1551901527,5,47104,49,8082,2.790465328757323,1545605907,1,47050,49,8132
1.5966164362824673,1562386002,4,47576,49,8125,2.5388387388588693,1558193945,7,47488,49,8069,2.6753164883812697,1566577778,3,47512,49,8121,1.861494660596422,1556094826,5,47177,49,8123,2.790465328757323,1545605907,1,47050,,8132
1.9851143797632942,1549806610,9,47231,49,8109,2.6766341294832836,1560291296,7,47545,49,8128,2.3169059932846263,1553994218,2,47362,49,8138,1.7885697434489833,1553998336,5,47140,49,8118,2.261822317487844,1556091455,1,47353,49,8083
1.9851143797632942,1549806610,9,47231,49,8109,2.6766341294832836,1560291296,7,47545,49,8128,2.257649287559517,1553994536,3,47327,49,8112,2.036314824851691,1556094820,5,47247,49,8102,2.261822317487844,1556091455,1,47353,49,8083
2.3564773485046278,1556097903,9,47390,49,8129,2.730487128834002,1562387481,6,47569,49,8164,1.8844478382600203,1553995003,3,47178,49,8100,1.8878086721350458,1556095162,5,47191,49,8140,3.0718692055239236,1547703001,1,47171,49,8141
2.3564773485046278,1556097903,9,47390,49,8129,2.730487128834002,1562387481,6,47569,49,8164,1.7913282480150794,1553994785,3,47129,49,8191,2.184819110440856,1558192266,5,47311,49,8107,3.0718692055239236,1547703001,1,47171,49,8141
2.7485461831502773,1560291462,8,47554,49,8096,1.6100746116766878,1545610155,6,47083,49,8063,2.6289081784601036,1564480383,3,47493,49,8139,2.027745465640765,1558192548,5,47251,49,8136,2.613605981504864,1558188962,1,47488,49,8064
2.7485461831502773,1560291462,8,47554,49,8096,1.6100746116766878,1545610155,6,47083,49,8063,2.5271189108393077,1564479980,3,47443,49,8125,2.3291428433338015,1560289216,5,47368,49,8126,2.613605981504864,1558188962,1,47488,49,8064
1.5795833114232674,1562389580,10,47567,49,8127,2.419505576053293,1558193550,7,47435,49,8122,1.8963817208451186,1556091058,3,47179,49,8133,1.8080505918834395,1553998631,5,47149,49,8160,3.007205064221668,1547703269,1,47141,49,8161
1.5795833114232674,1562389580,10,47567,49,8127,2.419505576053293,1558193550,7,47435,49,8122,2.0403987459877593,1556091672,3,47239,49,8164,2.4466394652139507,1545609888,5,46912,49,8140,3.007205064221668,1547703269,1,47141,49,8161
2.290997169730998,1554000814,9,47360,49,8089,2.6891795706381805,1560291348,7,47551,49,8116,1.664141324724795,1551897507,2,47072,49,8127,2.3220029589998448,1560289595,5,47366,49,8138,2.902761310399858,1545605800,1,47101,49,8121
2.290997169730998,1554000814,9,47360,49,8089,2.6891795706381805,1560291348,7,47551,49,8116,1.5367477971376893,1549800306,3,47025,49,8148,2.596062031990876,1547707338,5,46975,49,8185,2.902761310399858,1545605800,1,47101,49,8121
2.290997169730998,1554000255,9,47360,49,8135,2.208274099796646,1553999719,7,47346,49,8075,2.0653873986674456,1551897049,3,47250,49,8151,2.0845578001629255,1558192882,5,47270,49,8116,3.294830123218511,1551897374,2,47265,49,8145
1.746039008288945,1547709851,10,47127,49,8106,2.380134916993381,1556095659,6,47413,49,8042,1.7471636040476097,1553994451,3,47114,49,8176,1.407618340508754,1549803131,5,46979,49,8098,3.186817363961256,1549800067,1,47220,49,8185
1.746039008288945,1547709851,10,47127,49,8106,2.380134916993381,1556095659,6,47413,49,8042,1.6125297918127388,1551897260,3,47058,49,8089,1.6878994943579109,1551900142,4,47103,49,8169,3.186817363961256,1549800067,1,47220,49,8185
1.7289040392244817,1547709513,10,47119,49,8123,1.7794873198520869,1547708332,7,47166,49,8124,2.15840660363335,1558189100,3,47290,49,8124,2.440417864594405,1545609786,5,46909,49,8110,2.384730191223869,1556091992,1,47388,49,8092
1.7289040392244817,1547709513,10,47119,49,8123,1.7794873198520869,1547708332,7,47166,49,8124,2.1919627398992128,1558188452,3,47305,49,8136,1.8321209642169893,1553998408,5,47161,49,8148,2.384730191223869,1556091992,1,47388,49,8092
2.0063295461918176,1551902726,8,47239,49,8130,2.6853038526959225,1560290730,6,47549,49,8094,1.579482972199564,1549800413,2,47046,49,8135,2.0223417795699694,1556095493,5,47240,49,8167,3.1531608828048348,1549800149,1,47198,49,8086
2.258154837743568,1554001477,10,47346,49,8102,2.3249565638888376,1556096400,6,47394,49,8070,2.0442744685195686,1556091197,2,47241,49,8146,1.5647942491259483,1549804118,5,47038,49,8116,2.705911373964292,1560286159,2,47527,49,8162
2.258154837743568,1554001477,10,47346,49,8102,2.3249565638888376,1556096400,6,47394,49,8070,2.076811955516925,1558188671,3,47250,49,8117,2.1752311058590594,1560288674,4,47309,49,8111,2.705911373964292,1560286159,2,47527,49,8162
1.5793788253571701,1562389402,9,47569,49,8113,2.271510625381762,1556096260,6,47374,49,8043,0,1551897165,3,47053,49,1,2.0351920664842815,1558192508,5,47250,,8084,0,1560285962,1,47489,49,8155
1.5793788253571701,1562389402,9,47569,49,8113,2.271510625381762,1556096260,6,47374,49,8043,2.581685733691532,1564480408,2,47468,49,8150,2.3147608327029037,1560289964,5,47365,49,8134,2.6167679041559087,1560285962,1,47489,49,8155
1.7286995670989402,1547709195,9,47121,49,8152,1.8887250517667946,1549805817,7,47207,49,8114,2.114650902345825,1558188908,3,47271,49,8138,2.181554948294852,1558192397,5,47311,49,8095,2.2653951030760306,1553994928,2,47342,49,8114
1.7883671005762785,1547709264,9,47144,49,15,2.5986085233411482,1560291428,7,47512,49,8130,2.6163627369829596,1564480531,3,47485,49,8170,2.334039088682185,1560289998,5,47368,49,8065,3.0564666749166647,1547703170,1,47170,49,8109
1.7883671005762785,1547709264,9,47144,49,15,2.5986085233411482,1560291428,7,47512,49,8130,2.378205634625531,1562383140,2,47380,49,8133,2.591879576919164,1547707151,5,46976,49,8104,3.0564666749166647,1547703170,1,47170,49,8109
1.8295724432312555,1547708205,8,47164,49,8111,2.1065852008422477,1553999229,7,47304,49,8145,1.9184129320633772,1553994270,3,47184,49,8091,0,1545608820,4,46910,49,8118,2.6410427539490544,1560285528,1,47499,49,8048
1.8295724432312555,1547708205,8,47164,49,8111,2.1065852008422477,1553999229,7,47304,49,8145,1.7062631221128763,1551897127,2,47096,49,8175,1.4227122556894525,1549804281,5,46991,49,8164,2.6410427539490544,1560285528,1,47499,49,8048
2.753340191312178,1560292231,10,47555,49,8147,2.4509203049516297,1558193096,6,47440,49,8008,2.1881892626483146,1558188534,2,47299,49,8136,2.1832892702428817,1558192210,5,47310,49,8085,3.2218029879039967,1549800305,1,47229,49,8141
2.753340191312178,1560292231,10,47555,49,8147,2.4509203049516297,1558193096,6,47440,49,8008,2.1934925860848224,1551896968,2,47303,49,8113,1.5689728943293633,1551900883,5,47053,49,8054,3.2218029879039967,1549800305,1,47229,49,8141
1.8838344153391129,1549806668,10,47184,49,8134,2.159112851798476,1553999659,7,47325,49,8119,1.7374733798049207,1551897497,3,47110,49,8177,1.4698343526198092,1549804435,5,47009,49,8048,3.1191957861371535,1549800530,2,47187,49,8090
1.8838344153391129,1549806668,10,47184,49,8134,2.159112851798476,1553999659,7,47325,49,8119,2.6827631174627657,1560285396,3,47506,49,8131,1.6918774528411409,1551901415,5,47104,49,8117,3.1191957861371535,1549800530,2,47187,49,8090
2.7634375109040628,1562389319,10,47560,49,8133,2.4036959618896674,1556095931,6,47431,49,8090,1.988586749150142,1556091782,3,47208,49,8152,2.42766793262148,1545609492,5,46906,49,8139,2.4103303951259667,1556092099,2,47401,49,8149
2.7634375109040628,1562389319,10,47560,49,8133,2.4036959618896674,1556095931,6,47431,49,8090,1.9756323559008435,1556091848,3,47207,49,8181,1.8136606294576512,1553998323,5,47150,49,8026,2.4103303951259667,1556092099,2,47401,49,8149
1.8364056110329277,1549805570,8,47169,49,8176,2.083433122587438,1551902972,7,47291,49,8077,2.6862298607533974,1560285565,2,47512,49,8143,1.7159496757050836,1551901568,5,47108,49,8131,2.36423071427227,1556091858,2,47373,49,8148
1.8364056110329277,1549805570,8,47169,49,8176,2.083433122587438,1551902972,7,47291,49,8077,2.4742845188221128,1562383328,3,47422,49,8141,1.8882176251885687,1556095185,5,47187,49,8144,2.36423071427227,1556091858,2,47373,49,8148
1.780411182223566,1547709837,10,47142,49,8058,2.5789231911089843,1560290900,7,47497,49,8056,2.007760890111937,1556091738,3,47220,49,8142,1.7434868269388153,1553998515,5,47126,49,8093,3.190079629620741,1549800023,2,47228,49,8169
1.780411182223566,1547709837,10,47142,49,8058,2.5789231911089843,1560290900,7,47497,49,8056,1.75103933274743,1551897518,3,47113,49,8148,2.016529132211586,1556094665,4,47233,49,8122,3.190079629620741,1549800023,2,47228,49,8169
2.5917792261891015,1558194865,9,47491,49,8090,2.7048869350759057,1560290924,7,47558,49,8078,2.2262345584609,1560285820,3,47310,49,8145,1.4818685834133178,1549804269,5,47019,49,8130,2.4524540060414464,1556091507,2,47420,49,8129
2.5917792261891015,1558194865,9,47491,49,8090,2.7048869350759057,1560290924,7,47558,49,8078,2.2495911314404577,1560286066,2,47321,49,8146,2.0599762334748353,1558192317,5,47263,49,8130,2.4524540060414464,1556091507,2,47420,49,8129
1.613242082761264,1562389561,9,47576,49,8141,2.259678976666998,1556096611,7,47371,49,8115,1.7844932365967727,1553994264,2,47129,49,8148,1.9661410097577368,1556095767,5,47223,49,8083,2.4080848543720257,1556091851,2,47407,49,8106
1.613242082761264,1562389561,9,47576,49,8141,2.259678976666998,1556096611,7,47371,49,8115,1.5874389040536918,1549800198,3,47045,49,8147,2.1820661518824283,1558192364,5,47306,49,8131,2.4080848543720257,1556091851,2,47407,49,8106
2.6389013446202774,1560291834,9,47504,49,8114,2.692239242431675,1560290452,6,47546,49,8036,2.32567796811886,1553994525,2,47359,49,8154,2.008878056994561,1556095219,5,47236,49,8118,3.221494362104443,1551897292,2,47240,49,8111
2.6389013446202774,1560291834,9,47504,49,8114,2.692239242431675,1560290452,6,47546,49,8036,2.092621564784747,1551897115,3,47252,49,8118,2.1777795795338215,1560289057,4,47316,49,8185,3.221494362104443,155187292,2,47240,49,8111
2.432973142312376,1556097797,9,47419,49,8151,1.8628181183291606,1549805064,6,47200,49,8118,1.6322154335297916,1545605624,3,47062,49,8144,2.0184641832039394,1558192451,5,47246,49,8148,2.8172905534629034,1545606130,2,47059,49,8104
2.1626875340421385,1551902806,9,47301,49,8121,2.245910418991009,1553999856,7,47364,49,8108,1.942076216976818,1556091953,2,47192,49,8130,2.237651601362731,1560289463,4,47337,49,8045,2.4229780830254954,1556092133,2,47405,49,8070
1.8866896343406878,1549805929,8,47183,49,8116,2.586063072569441,1560290038,6,47509,49,8076,2.6770508249649447,1560285462,3,47506,49,8147,2.024176463775741,1558192196,5,47246,49,8122,3.1273561922450575,1549799721,1,47187,49,8110
1.8866896343406878,1549805929,8,47183,49,8116,2.586063072569441,1560290038,6,47509,49,8076,2.4829542445404953,1562382758,2,47425,49,8171,2.174822141222344,1560289509,5,47313,49,8138,3.1273561922450575,1549799721,1,47187,49,8110
2.452353648140915,1556098368,10,47421,49,8113,2.6604174493872867,1560291441,7,47540,49,8106,1.7241118971206928,1551897284,3,47105,49,8170,1.6329255746526659,1551901187,5,47074,49,8146,2.302622468488661,1553994378,1,47361,49,8140
2.452353648140915,1556098368,10,47421,49,8113,2.6604174493872867,1560291441,7,47540,49,8106,1.7749070840481092,1553994562,3,47119,49,8109,2.1698274281864802,1558192300,5,47298,49,8160,2.302622468488661,1553994378,1,47361,49,8140
2.417879232874751,1556098275,9,47407,49,8118,2.106482951997537,1553998713,6,47307,49,8080,2.5036582033188854,1564480014,3,47438,49,8106,1.9194278749990692,1556095868,5,47201,49,8124,2.185432560659606,1553994563,1,47302,49,8149
2.417879232874751,1556098275,9,47407,49,8118,2.106482951997537,1553998713,6,47307,49,8080,2.340467054368706,1560286170,2,47366,49,8102,2.0505927111031252,1558192786,5,47259,49,8083,2.185432560659606,1553994563,1,47302,49,8149
2.033052525785713,1551903121,9,47244,49,8133,2.5243563870303123,1558193496,6,47482,49,8063,1.9128028938845698,1556091211,2,47183,49,8136,1.8582305024830739,1553998009,5,47177,49,8056,2.9211212739361065,1547703251,1,47105,49,8143
2.4927429346987,1558194299,8,47441,49,8152,2.679898287349699,1560290966,7,47549,49,8105,2.321495523570711,1553994549,2,47360,49,8053,1.4294450662088365,1549803680,5,46989,49,8161,3.2851398704590724,1551897762,2,47264,49,8138
2.4927429346987,1558194299,8,47441,49,8152,2.679898287349699,1560290966,7,47549,49,8105,2.4119681415412653,1562383389,3,47385,49,8141,1.9515564029211434,1556095213,5,47214,49,5,3.2851398704590724,1551897762,2,47264,49,8138
2.3688202180673557,1556098326,9,47384,49,8133,2.313736461165046,1556096669,6,47395,49,8158,2.0088817813897863,1556091846,3,47225,49,8152,1.7318596602229446,1553997390,5,47120,49,8118,3.1370445511729814,1549800693,2,47196,49,8191
2.3688202180673557,1556098326,9,47384,49,8133,2.313736461165046,1556096669,6,47395,49,8158,1.828453409956312,1553994912,3,47146,49,8149,1.8553752959939005,,5,47173,49,8126,0,1549800693,2,47196,49,8191
1.8655767021421277,1549805736,8,47176,49,8145,1.689834533563579,1547708488,7,47128,49,8095,2.641658119481709,1558188799,3,47493,49,8133,1.6300685174612985,1551900444,4,47078,49,8142,2.5532246344112024,1558188407,1,47464,49,8078
1.8655767021421277,1549805736,8,47176,49,8145,1.689834533563579,1547708488,7,47128,49,8095,2.490603443978004,1562383001,3,47430,49,8117,1.734205540887686,1553997651,5,47121,49,8090,2.5532246344112024,1558188407,1,47464,49,8078
2.6046314142181166,1558194848,9,47490,49,8155,2.409917554351897,1556096646,7,47428,49,8041,2.1464745957837277,1558189186,2,47276,49,8145,1.5622438835868186,1549804104,5,47039,49,8030,3.211397041112491,1549800379,2,47235,49,8120
2.6046314142181166,1558194848,9,47490,49,8155,2.409917554351897,1556096646,7,47428,49,8041,2.0135735417298344,1549800342,3,47228,49,8123,1.6720898967299553,1551901283,5,47098,49,8104,3.211397041112491,1549800379,2,47235,49,8120
2.1534062463857397,1551903437,9,47298,49,8164,1.8971902840256192,1549805681,7,47215,49,8135,1.63078782264365,1551897205,3,47061,49,8138,1.4306681804788648,1549803422,5,46993,49,8121,2.5790293225133096,1560285575,1,47475,49,8167
2.1534062463857397,1551903437,9,47298,49,8164,1.8971902840256192,1549805681,7,47215,49,8135,1.519408350708738,1549800600,3,47017,49,8166,1.5790721197814388,1549803270,5,47050,49,8112,2.5790293225133096,1560285575,1,47475,49,8167
1.7482826597288417,1547708857,8,47126,49,8164,2.6843855519826647,1560291159,7,47553,49,8119,2.2163398345669956,1560285566,2,47312,49,8118,1.542660795642256,1549804381,5,47031,49,8108,3.1877356469744136,1549800569,1,47219,49,8108
2.566076789363561,1558194037,8,47476,49,8175,2.3381135505562898,1556097148,7,47404,49,8115,1.8232523139062065,1553994449,2,47142,49,8130,2.4973305542944746,1547706982,5,46935,49,8110,2.434807826209396,1556092152,2,47417,49,8071
2.566076789363561,1558194037,8,47476,49,8175,2.3381135505562898,1556097148,7,47404,49,8115,1.7069769241255246,1551897600,2,47098,49,8080,1.4387244501418441,1549803794,5,47002,49,8091,2.434807826209396,1556092152,2,47417,49,8071
2.228372192974072,1554001229,10,47331,49,8144,2.047224386716364,1551902319,6,47280,49,8066,2.471631908216874,1562383456,3,47425,49,8171,2.5515925433765476,1547707220,5,46955,49,8130,2.8812412999224652,1545606139,1,47088,49,8096
1.9116782795354081,1549806674,9,47196,49,8122,1.7702060274168852,1547707724,6,47164,49,8182,2.1569790051914777,1551897315,3,47286,49,8175,2.3109854569180728,1560289402,5,47370,49,8116,3.2651497139140466,1551897479,2,47252,49,8066
1.9116782795354081,1549806674,9,47196,49,8122,1.7702060274168852,1547707724,6,47164,49,8182,2.0583497587318837,1556091514,3,47245,49,8172,2.445927571789169,1545609857,5,46903,49,8156,3.2651497139140466,1551897479,2,47252,49,8066
2.4913153344841077,1558195053,9,47441,49,8123,2.316389074224206,1556096766,7,47393,49,8070,2.6765415140160744,1549799910,3,46992,49,8189,1.8709822820066142,1553997775,4,47172,49,8147,3.255154634715221,1551897598,2,47246,49,8097
2.5644447057011117,1558195488,10,47476,49,8139,2.3035368983442353,1556096873,7,47391,49,8082,2.547313560681449,1564479948,2,47451,49,8117,2.0760925626380162,1558191905,4,47263,49,8146,2.7223325394553104,1560285803,1,47534,49,8102
2.5644447057011117,1558195488,10,47476,49,8139,2.3035368983442353,1556096873,7,47391,49,8082,2.487134791214041,1562383170,3,47433,49,8140,2.1448369030233256,1558192202,5,47293,49,8119,2.7223325394553104,1560285803,1,47534,49,8102
2.0433543238251772,1551903926,9,47249,49,8111,1.6545440907868778,1545610605,7,47114,49,8128,1.9392210046318905,1556091933,2,47189,49,8108,1.5646901114151321,1549802843,4,47045,49,8125,2.694488706464779,1560286326,2,47519,49,8118
2.0433543238251772,1551903926,9,47249,49,8111,1.6545440907868778,1545610605,7,47114,49,8128,2.1872709812348208,1551896949,3,47301,49,8158,2.020709704707658,1556095361,5,47238,49,8108,2.694488706464779,1560286326,2,47519,49,8118
2.1871668594793543,1554000935,9,47311,49,8067,1.599263476084928,1545609936,6,47088,49,8128,1.9392210046318905,1556091838,2,47189,49,8174,1.8489510829827493,1553998340,5,47162,49,8118,3.344907751387441,1551897190,1,47294,49,8069
2.0463117666336412,1551903076,8,47252,49,8136,2.276304619955695,1556096252,6,47378,49,8170,1.692290068374393,1551897863,3,47090,49,8130,1.5519401806891602,1549803437,5,47042,49,8152,2.520893523102646,1558188905,1,47445,49,8146
2.0463117666336412,1551903076,8,47252,49,8136,2.276304619955695,1556096252,6,47378,49,8170,1.7047332778135078,1551897713,3,47096,49,15,0,1551900559,4,47070,49,8131,2.520893523102646,1558188905,1,47445,49,8146
1.9257535645771267,1549806220,8,47202,49,8059,1.7446058309232606,1547708475,7,47148,49,8136,2.653285279039878,1558188565,3,47500,49,8109,2.572705474936762,1547707183,5,46962,49,8149,2.8868513357518952,1545606308,2,47091,49,8101
1.9257535645771267,1549806220,8,47202,49,8059,1.7446058309232606,1547708475,7,47148,49,8136,2.669503870322256,1566577356,3,47501,49,8168,1.4327092343370071,1547706157,5,46987,49,8144,2.8868513357518952,1545606308,2,47091,49,8101
1.8634352958118083,1549806498,10,47173,49,8153,2.4148138153142806,1558192938,6,47433,49,8126,2.4400145834837987,1562383321,3,47407,49,8142,2.3652474450013745,1545609668,5,46876,49,8130,3.2256768058460015,1551897073,1,47241,49,8161
1.8634352958118083,1549806498,10,47173,49,8153,2.4148138153142806,1558192938,6,47433,49,8126,2.457047308149272,1562383375,2,47416,49,8105,2.488153432068963,1545609819,5,46919,49,8130,0,1551897073,1,47241,49,8161
1.8067252071752073,1547709199,9,47153,49,8159,1.772756395165834,1547708384,7,47160,49,8076,2.1481048033784673,1558188760,3,47285,49,8145,2.188899317945631,1560289518,5,47309,49,8161,2.446334643391395,1556091951,2,47418,49,8091
1.8067252071752073,1547709199,9,47153,49,8159,1.772756395165834,1547708384,7,47160,49,8076,2.0945584922858083,1558188803,3,47258,49,8094,2.3126194406177927,1560289254,4,47360,49,8104,2.446334643391395,1556091951,2,47418,49,8091
1.7436931341193667,1547709455,9,47123,49,8137,2.24478765695251,1553999506,7,47364,49,8101,1.7630754416118684,1553994417,3,47116,49,8145,2.034989467207228,1558192299,5,47242,49,8134,2.8626787259568047,1545605875,1,47080,49,8127
1.7436931341193667,1547709455,9,47123,49,8137,2.24478765695251,1553999506,7,47364,49,8101,1.7168716217588749,1551897606,2,47097,49,8129,2.1638084296375277,1558192138,4,47299,49,8126,2.8626787259568047,1545605875,1,47080,49,8127
1.6856576800563436,1545612508,10,47100,49,8128,2.6752065363294943,1560291436,7,47544,49,8070,2.5040671729648407,1562383011,3,47435,49,8101,1.886892265045225,1556094643,5,47182,49,8087,3.2993173933799693,1551897190,1,47271,49,8162
1.6856576800563436,1545612508,10,47100,49,8128,2.6752065363294943,1560291436,7,47544,49,8070,2.3908533208937133,1556091651,3,47385,49,8162,1.9990874542076964,1556094686,4,47226,49,8126,3.2993173933799693,1551897190,1,47271,49,8162
2.7413040545945284,1560291999,9,47550,49,8114,1.7928488008094168,1547707899,7,47171,49,8104,2.008474690601243,1549799938,2,47222,49,8092,1.728902218351599,1553998216,5,47115,49,8081,2.5761741287257505,1558189200,2,47473,49,8115
2.7413040545945284,1560291999,9,47550,49,8114,1.7928488008094168,1547707899,7,47171,49,8104,1.870372559394291,1553994736,2,47168,49,8117,1.8681252193442868,1553997627,5,47174,49,8086,2.5761741287257505,1558189200,2,47473,49,8115
2.6086093788922238,1558194974,9,47491,49,3,2.0722130397536747,1551902619,7,47288,49,8104,2.6177903301952283,1564480496,3,47488,49,6,1.6424094935192695,1551901035,4,47083,49,8130,3.049122303149378,1549799956,1,47172,49,8141
2.47326208537471,1558194650,9,47434,49,8182,2.234283270028833,1553998249,6,47355,49,8122,1.7325771454548973,1545605599,2,47111,49,8110,1.7261492425151732,1551900750,5,47110,49,8090,2.367595221927666,1556091674,2,47382,49,8129
2.344340883893509,1556098182,9,47376,49,8153,2.284769865888966,1556096840,7,47380,49,8097,2.4821382016119644,1562383127,2,47426,49,33,1.4965592238889966,1549803238,4,47009,49,8064,2.84156392825551,1545605565,1,47079,49,8081
2.344340883893509,1556098182,9,47376,49,8153,2.284769865888966,1556096840,7,47380,49,8097,2.2220521164401976,1560285654,3,47312,49,8139,1.7182955613090218,1551901658,5,47107,49,8109,2.84156392825551,1545605565,1,47079,49,8081
2.2207229962003523,1554001209,9,47324,49,8170,2.2969082430029246,1556096423,6,47381,49,8065,1.7486934498963562,1551897059,2,47113,49,8146,1.488296573305639,1549803259,4,47010,49,8127,2.231331534977795,1553994836,2,47318,49,8140
2.2207229962003523,1554001209,9,47324,49,8170,2.2969082430029246,1556096423,6,47381,49,8065,2.6463498782418524,1566577087,3,47497,49,8142,1.7214574809303522,1551901550,5,47108,49,8178,2.231331534977795,1553994836,2,47318,49,8140
2.0735440621112557,1551903067,9,47263,49,8114,2.210212910611137,1554000162,7,47343,49,8116,2.15840660537284,1551897479,3,47289,49,8122,1.5175680120847495,1549803039,4,47027,49,8104,2.792199657745845,1545606293,2,47050,49,8124
2.0735440621112557,1551903067,9,47263,49,8114,2.210212910611137,1554000162,7,47343,49,8116,1.8696587548633032,1553994549,2,47168,49,8141,1.7227828511651435,1551900270,5,47111,49,8112,2.792199657745845,1545606293,2,47050,49,8124
1.9249375295796687,1549806984,10,47200,49,8125,2.001836629386621,1551901464,6,47258,49,8102,2.51549174875722,1564480321,3,47436,49,8118,1.570300157046488,1549804116,5,47046,49,8153,3.344602927933108,1553994329,1,47290,49,8184
1.9249375295796687,1549806984,10,47200,49,8125,2.001836629386621,1551901464,6,47258,49,8102,2.2060380282922445,1558188600,3,47310,49,8151,1.733593979760875,1553997770,5,47117,49,8104,3.344602927933108,1553994329,1,47290,49,8184
1.6526108824766752,1562389653,10,47598,49,8092,1.7650049529609988,1547708564,7,47156,49,8166,1.641905655942397,1545605964,3,47065,49,8134,1.5647923543659916,1549804207,5,47044,49,8097,2.6523631738812803,1560285571,1,47509,49,8142
1.6526108824766752,1562389653,10,47598,49,8092,1.7650049529609988,1547708564,7,47156,49,8166,2.5009052488289742,1564480219,3,47435,49,8168,1.7187026566111447,1551900575,4,47111,49,8093,2.6523631738812803,1560285571,1,47509,49,8142
2.499882820942129,1558195613,10,47443,49,8131,2.655011903051262,1560291609,7,47534,49,8080,1.9750207873839745,1556091866,3,47207,49,8157,1.5575502263243475,1549804532,6,47043,49,8127,3.324001218650886,1551897597,1,47276,49,8090
2.0737485407957976,1551904118,10,47261,49,8097,2.2810986342524138,1556096388,6,47376,9,8040,2.274477541491514,1560286011,2,47335,49,46,1.5664244367752296,1549803880,5,47044,49,8119,2.732532102459268,1543508606,1,47027,49,8130
2.0737485407957976,1551904118,10,47261,49,8097,2.2810986342524138,1556096388,6,47376,49,8040,1.915455481500662,1556091806,3,47183,49,8084,1.715029555381677,1551900420,5,47115,49,8153,2.732532102459268,1543508606,1,47027,49,8130
1.6015122916865696,1562389581,9,47571,49,8143,1.8508842473484688,1549805623,7,47194,49,8074,2.5743413615580604,1564480649,3,47467,49,8152,1.5685658315708608,1549803759,5,47047,49,8096,3.351742814133381,1551897674,2,47292,49,8165
1.6015122916865696,1562389581,9,47571,49,8143,1.8508842473484688,1549805623,7,47194,49,8074,2.2529575291983384,1560285928,2,47322,49,8120,1.732675704521174,1551900518,5,47118,49,8067,3.351742814133381,1551897674,2,47292,49,8165
2.2817158990851105,1553999838,8,47350,49,8143,2.561278933365766,1558193261,6,47493,49,8069,2.5779122576690834,1564480734,3,47464,49,8162,1.7391018005773866,1551901111,5,47111,49,8158,2.7289611945044743,1543508691,1,47030,49,8100
1.6919815239346334,1545611954,9,47100,49,8109,1.9870475477041718,1551902552,7,47251,49,8116,2.0392759935395484,1556091255,2,47241,49,8141,1.5707091464765857,1549803397,4,47034,49,8170,3.3127811259301647,1551897535,1,47274,49,8141
1.6919815239346334,1545611954,9,47100,49,8109,1.9870475477041718,1551902552,7,47251,49,8116,1.7290081255764174,1545605909,3,47107,49,8143,1.7047296286154028,1551901853,5,47096,49,8059,3.3127811259301647,1551897535,1,47274,49,8141
2.2396945271059603,1554001246,10,47329,49,8079,2.580453032338691,1560291378,7,47505,49,8144,2.3768802734751784,1556091466,3,47379,49,8170,1.441888294633998,1547706410,5,46985,49,8105,2.5704618388362634,1558189124,2,47472,49,8119
2.2396945271059603,1554001246,10,47329,49,8079,2.580453032338691,1560291378,7,47505,49,8144,2.028260389801385,1556091261,2,47237,49,8135,1.5295019214004206,1549803379,4,47022,49,8133,2.5704618388362634,1558189124,2,47472,49,8119
2.668786246533555,1560292351,9,47514,49,8155,1.8987201340228654,1549805921,7,47213,49,8084,1.5315467195855998,1549800628,3,47019,49,4,2.4602054637595128,1545609574,5,46905,49,8153,2.8663480995774098,1545606013,2,47091,49,8101
0,1560292351,9,47514,49,8155,1.8987201340228654,1549805921,7,47213,4,8084,15.495445418683342,1562382789,2,47379,49,8164,2.4841735822773092,1545608614,4,46918,49,8123,2.8663480995774098,1545606013,2,47091,49,8101
1.857111461990238,1547708251,8,47168,49,8116,2.412263451350301,1556095957,6,47432,49,8116,1.8680266764714033,1553994675,2,47168,49,8121,2.1630946494566823,1558191966,4,47290,49,8095,2.9962898103414597,1547702934,1,47147,49,8142
1.857111461990238,1547708251,8,47168,49,8116,2.412263451350301,1556095957,6,47432,49,8116,1.5480701291028247,1549800667,3,47025,49,8135,2.1763538936708318,1558192942,5,47296,49,8050,2.9962898103414597,1547702934,1,47147,49,8142
2.169318099264193,1554000759,10,47299,49,22,1.7126817896978235,1547708275,7,47131,49,8109,2.1823747379389573,1558188816,2,47302,49,8174,1.7392021863435116,1553998410,5,47118,49,8125,2.9553911992965514,1547702851,1,47124,49,8133
2.169318099264193,1554000759,10,47299,49,22,1.7126817896978235,1547708275,7,47131,49,8109,1.8500756671604706,1553994587,2,47160,49,8112,1.7364510589837567,1551900757,4,47105,49,8096,2.9553911992965514,1547702851,1,47124,49,8133
2.3668814117806574,1556098425,10,47386,49,8162,2.253764117521675,1553999730,7,47362,49,8108,2.481219916020773,1562383574,2,47428,49,8080,2.511303620967679,1545609013,5,46932,49,8099,2.7370174352207273,1545605759,1,47041,49,8095
2.3668814117806574,1556098425,10,47386,49,8162,2.253764117521675,1553999730,7,47362,49,8108,2.049680034114648,1558188644,3,47243,49,8164,2.364940738483013,1545609370,5,46871,49,8096,2.7370174352207273,1545605759,1,47041,49,8095
2.541394881355739,1558195469,10,47459,49,8132,1.617214496161299,1545611276,7,47091,49,8087,2.632681656237267,1564480081,2,47495,49,46,1.9161656058507803,1556094969,5,47183,49,8108,2.4529633094946997,1556091596,2,47426,49,8098
2.541394881355739,1558195469,10,47459,49,8132,1.617214496161299,1545611276,7,47091,49,8087,2.1926765422404024,1558188741,2,47305,49,8123,1.7202325191824277,1551901342,5,47104,49,8152,2.4529633094946997,1556091596,2,47426,49,8098
2.660218765038668,1560292286,9,47510,49,8072,2.209396875817297,1554000287,7,47341,49,8115,2.2961016726550065,1553994720,3,47339,49,8122,2.1962437005519977,1558192189,5,47301,49,8095,3.3603121991982863,1551897540,2,47290,49,8133
1.5889668481258596,1562390159,10,47565,49,8177,1.6732089123935594,1547708223,7,47118,49,8030,1.580299015126311,1549800295,3,47045,49,8191,1.6744376493353879,1551901137,5,47081,49,8139,2.9297909895979792,1547702973,1,47111,49,8118
1.6702570302341706,1545612600,10,47088,49,8122,2.3570850984219853,1556096611,6,47405,49,8081,1.6127342779300742,1545605472,2,47055,49,8136,2.1216848360153113,1558193279,5,47272,49,8162,2.4763217800356134,1558189087,2,47429,49,8136
1.6702570302341706,1545612600,10,47088,49,8122,2.3570850984219853,1556096611,6,47405,49,8081,2.3263917642361838,1560286218,3,47362,49,8145,1.8945433503481013,1553998490,5,47171,49,8116,2.4763217800356134,1558189087,2,47429,49,8136
1.715542570355548,1547708460,8,47108,49,8110,1.7627613173299623,1547708695,7,47152,49,8110,1.5963131098697356,1549799766,2,47048,49,8180,2.507123078650204,1547706609,5,46925,49,8067,3.1927322305187475,1549800640,2,47229,49,8086
1.715542570355548,1547708460,8,47108,49,8110,1.7627613173299623,1547708695,7,47152,49,8110,2.242246765337999,1560285779,2,47323,49,8159,2.1813504933046297,1560289107,4,47303,49,8136,3.1927322305187475,1549800640,2,47229,49,8086
1.741551731495255,1547709528,10,47117,49,8138,2.2740609996231003,1556096212,7,47371,49,8137,1.505130467443778,1549800314,3,47006,49,8156,1.7030975511553006,1551900946,4,47096,49,8111,2.591065452960316,1558188675,1,47480,49,8116
1.741551731495255,1547709528,10,47117,49,8138,2.2740609996231003,1556096212,7,47371,49,8137,2.176357614140143,1558189387,3,47297,49,8129,2.528031517640761,1547707127,5,46936,49,8155,2.591065452960316,1558188675,1,47480,49,8116
1.7610325818912578,1547709697,9,47126,49,8142,2.732833012498966,1562388258,7,47569,49,8100,2.63217234739189,1564480351,2,47492,49,8145,2.002044917230158,1556095522,5,47221,49,8149,3.193345684685225,1549800385,2,47223,49,8101
1.7610325818912578,1547709697,9,47126,49,8142,2.732833012498966,1562388258,7,47569,49,8100,2.0577381951174507,1556091421,3,47243,49,8083,1.6256834879022481,1551901029,5,47063,49,8106,3.193345684685225,1549800385,2,47223,49,8101
1.8225348144986542,1547710023,10,47155,49,8154,2.018971597791846,1551902449,6,47264,49,8147,2.5209995539453374,1564479905,2,47437,49,8140,2.3487259541333017,1560290269,5,47366,49,8108,2.540576929309631,1558188553,1,47466,49,8153
1.8225348144986542,1547710023,10,47155,49,8154,2.018971597791846,1551902449,6,47264,49,8147,1.9478907268660681,1556091781,2,47192,49,8125,1.9650201504426894,1556095641,5,47208,49,8157,2.540576929309631,1558188553,1,47466,49,8153
1.8811818355058139,1549806807,10,47180,49,8146,2.493043916025222,1558194456,7,47464,49,8114,1.8370208937322607,1553995104,3,47151,49,8124,2.286508047323358,1560289861,5,47344,49,8149,3.208134761614429,1549800551,1,47233,49,8063
1.9343210552228987,1549806934,10,47203,49,8113,1.7736746797199157,1547708362,7,47157,49,8105,2.2769256643009297,1553994605,3,47334,49,8174,1.7321663941554069,1551901384,5,,49,8130,2.5068182243684216,1558189308,2,47445,49,8130
1.9632876649158382,1549805769,8,47215,49,8141,2.253866360759341,1553999712,7,47361,49,8113,0,1558189030,2,47261,49,8184,1.950026588535221,1556095036,4,47203,49,8120,3.0408615350242614,154702963,2,47169,49,8117
1.9632876649158382,1549805769,8,47215,49,8141,2.253866360759341,1553999712,7,47361,49,8113,2.712952838092197,1566577467,3,47523,49,8156,1.6471031185866922,1551900642,5,47069,49,8071,3.0408615350242614,1547702963,2,47169,49,8117
2.034684607789145,1551902758,8,47243,49,8152,2.7097832013774803,1560291234,7,47555,49,8081,1.8992369345131461,1556091104,2,47181,49,8093,2.195935094749617,1560290151,5,47312,49,8045,2.4375626653441618,1556091625,2,47420,49,8125
2.034684607789145,1551902758,8,47243,49,8152,2.7097832013774803,1560291234,7,47555,49,8081,2.50019145196506,1564480026,3,47433,49,8182,1.9137174877195848,1553997942,5,47183,49,15,2.4375626653441618,1556091625,2,47420,49,8125
2.062732939441692,1551902787,8,47256,49,8143,1.9223834238733895,1549804877,6,47219,49,8124,1.7249279339391543,1551897542,3,47106,49,8075,2.508039454651588,1547705917,4,46932,49,8150,3.026377285174384,1547703095,2,47167,49,8094
2.1386171676121974,1551903936,10,47288,49,8141,2.2708990779600753,1556096406,7,47370,49,8081,2.6772553117154017,1566577609,3,47505,49,8170,1.604876827728127,1551900880,5,47053,49,8145,2.3982942476288844,1558188082,1,47405,49,8156
2.1386171676121974,1551903936,10,47288,49,8141,2.2708990779600753,1556096406,7,47370,49,8081,2.0359114627008807,1556091888,2,47233,49,8122,2.502330973637966,1545609417,5,46918,49,8106,2.3982942476288844,1558188082,1,47405,49,8156
2.1903287873453925,1554000621,9,47309,49,8176,2.581371328028443,1560291338,7,47502,49,8119,2.3759619930868676,1560285893,2,47379,49,8114,1.905557088385579,1556094442,4,47185,49,8148,3.038517541853196,1547702923,2,47160,49,8109
2.1903287873453925,1554000621,9,47309,49,8176,2.581371328028443,1560291338,7,47502,49,8119,1.687905009112917,1551897519,2,47085,49,8158,1.5942682916486313,1549802938,4,47053,49,2,3.038517541853196,1547702923,2,47160,49,8109
2.219702476175831,1554001186,9,47325,49,8144,1.6743316642826938,1547708046,7,47115,49,8118,2.0301991852013814,1556091982,3,47233,49,8144,2.2040954946450393,1560290373,5,47314,49,8099,2.42797465548701,1556091958,2,47418,49,8103
2.219702476175831,1554001186,9,47325,49,8144,1.6743316642826938,1547708046,7,47115,49,8118,2.477037468766584,1562383398,3,47428,49,8173,1.9017836040706713,1556095033,5,47182,49,8142,2.42797465548701,1556091958,2,47418,49,8103
2.2384695227704534,1554001315,10,47333,49,8072,1.9347243861836125,1549805391,6,47218,49,8021,1.6214040052160883,1551897392,2,47057,49,8174,2.589535632715829,1547706533,4,46959,49,8149,3.0189325684179034,1547702670,1,47160,49,8103
2.2384695227704534,1554001315,10,47333,49,8072,1.9347243861836125,1549805391,6,47218,49,8021,2.0665101560339876,1558189046,2,47245,49,47,2.260805595494982,1560288843,4,47334,49,8120,3.0189325684179034,1547702670,1,47160,49,8103
2.2284744407914205,1554001096,10,47327,49,8142,2.1185190963832823,1553999211,7,47304,49,8102,2.46174096515711,1562383353,3,47410,49,8153,1.7423659509528455,1551901374,5,47113,49,8080,2.4167545627583595,1558188640,2,47416,49,8102
2.2284744407914205,1554001096,10,47327,49,8142,2.1185190963832823,1553999211,7,47304,49,8102,1.6894348518296118,1551897879,3,47086,49,8142,1.4522923359401327,1547707024,5,46989,49,8148,2.4167545627583595,1558188640,2,47416,49,8102
2.1321910854164585,1551903801,9,47287,49,8124,2.2645752346652466,1553999179,7,47368,49,8128,1.9836886519448438,1549800003,2,47217,49,8145,2.0489606533019593,1558192135,5,47251,49,8145,3.031173177189678,1547703059,1,47160,49,8121
1.9765469102044262,1549803751,5,47221,49,8135,2.394721429420871,1556096068,6,47420,49,8125,2.014796668895486,1556091812,2,47232,49,8070,2.1788020096736376,1558192807,5,47298,49,8072,2.4366443804550464,1556091771,2,47421,49,8153
1.735125656220722,1547709268,9,47116,49,8161,2.421851462902006,1558193766,7,47434,49,8117,2.3271055656774426,1560285833,3,47362,49,8173,1.5999805804234009,1549802960,4,47053,49,8069,3.0214829313718576,1547703316,2,47159,49,8114
1.735125656220722,1547709268,9,47116,49,8161,2.421851462902006,1558193766,7,47434,49,8117,1.5638778495315897,1549800111,2,47037,49,8161,2.4969215992273677,1547706812,5,46931,49,8093,3.0214829313718576,1547703316,2,47159,49,8114
2.6516512834743953,1560292998,10,47506,49,8085,2.4780503461119765,1558192853,6,47459,49,8077,1.8650692309100112,1553994713,2,47164,49,8118,2.0322365149135453,1556095214,4,47231,49,8125,2.4149179922376343,1558188510,1,47418,49,8103
2.6516512834743953,1560292998,10,47506,49,8085,2.4780503461119765,1558192853,6,47459,49,8077,2.2837588276690344,1560286282,3,47339,49,8170,1.7339007024639859,1551900628,4,47108,49,8108,2.4149179922376343,1558188510,1,47418,49,8103
2.325676080595074,1554000062,8,47366,49,8121,2.5166049657187988,1558193676,6,47473,49,8067,2.5859704304538225,1564480445,3,47464,49,6,2.3530087433811513,1545608439,4,46862,49,8123,3.0443301801844407,1547702946,1,47167,49,8148
2.325676080595074,1554000062,8,47366,49,8121,2.5166049657187988,1558193676,6,47473,49,8067,1.7818424912067143,1553994871,3,47124,49,8088,2.0618128151096924,1558191688,4,47253,49,8131,3.0443301801844407,1547702946,1,47167,49,8148
1.9297315314660168,1549803813,4,47200,49,8152,2.5133407973127566,1558193757,6,47473,49,8050,2.042540154434429,1558188886,2,47240,49,8143,1.588762387545786,1549804411,5,47044,49,8081,2.478667654093481,1558189042,2,47433,49,8159
2.6703160853424444,1560292987,10,47515,49,8126,2.4694828667125672,1558194323,7,47455,49,8169,1.5336881200033834,1549800784,2,47021,49,8151,1.977567450808637,1556094543,4,47208,49,8147,3.1588693667159498,1549800554,2,47220,49,8082
2.6703160853424444,1560292987,10,47515,49,8126,2.4694828667125672,1558194323,7,47455,49,8169,1.9471769240571963,1556092025,3,47191,49,8126,1.7526677462498883,1551901145,5,47117,49,8107,3.1588693667159498,1549800554,2,47220,49,8082
2.1549360936655404,1551903657,9,47296,49,8116,2.4160369248999523,1558193680,7,47435,49,8090,2.1855366611218203,1558188787,2,47302,49,8191,2.4152247503544326,1545608875,4,46893,49,8099,2.6560382296681273,1560286183,2,47502,49,8158
2.1549360936655404,1551903657,9,47296,49,8116,2.4160369248999523,1558193680,7,47435,49,8090,2.535584154764463,1558188551,2,47446,49,8190,2.1835960090041904,1558192821,5,47300,49,8126,2.6560382296681273,1560286183,2,47502,49,8158
2.7703729204272465,1562389301,9,47558,49,8117,2.3727924640108045,1556097232,7,47411,49,8102,1.5639800913739386,1549800431,3,47036,49,8171,1.6745398770511168,1551901573,5,47083,49,8132,3.3405227072032275,1553994469,1,47295,49,8125
2.7703729204272465,1562389301,9,47558,49,8117,2.3727924640108045,1556097232,7,47411,49,8102,1.8838362814623744,1553994771,2,47171,49,8119,1.4355663326701396,1547706686,5,46978,49,8162,3.3405227072032275,1553994469,1,47295,49,8125
2.1471846508410244,1551903648,10,47292,49,8142,2.263554706068594,1556096705,7,47370,49,8104,2.055901641204409,1558188740,3,47244,49,8129,2.133005272437647,1558191818,4,47284,49,8152,2.8697144861147237,1547702723,1,47095,49,8142
2.1471846508410244,1551903648,10,47292,49,8142,2.263554706068594,1556096705,7,47370,49,8104,2.37290231396269,1562383005,2,47376,49,8112,1.8807729123908377,1553998258,5,47173,49,8118,2.8697144861147237,1547702723,1,47095,49,8142
2.6789858121439662,1560292573,9,47518,49,8123,2.1997066260545717,1553999062,6,47332,49,8062,2.575668622587405,1564480802,3,47460,49,8128,1.414656000344778,1547706851,5,46975,49,8124,2.395745782978517,1556091916,1,47398,49,8149
2.6789858121439662,1560292573,9,47518,49,8123,2.1997066260545717,1553999062,6,47332,49,8062,1.6879050107406977,1551897770,2,47084,49,8119,2.3529064986319943,1545609845,5,46864,49,8133,2.395745782978517,1556091916,1,47398,49,8149
1.9596164191126129,1549806395,9,47211,49,8133,2.064563847517585,1551902862,7,47281,49,8114,1.8344723888406707,1553994815,3,47143,49,8175,1.9043339573206826,1553998000,5,47182,49,8065,3.0846191181630407,1549800505,2,47180,49,8142
1.9596164191126129,1549806395,9,47211,49,8133,2.064563847517585,1551902862,7,47281,49,8114,2.0855839209473,1551897119,2,47249,49,8169,1.7073822081448635,1551901477,5,47097,49,8118,3.0846191181630407,1549800505,2,47180,49,8142
2.396459579187393,1556098081,9,47400,49,8140,1.9003522205350298,1549805481,7,47211,49,8078,2.2067518323729245,1560285521,2,47309,49,8156,2.4043113883318563,1545609357,4,46888,49,8118,2.5774994686221335,1558188923,2,47480,49,8118
2.396459579187393,1556098081,9,47400,49,8140,1.9003522205350298,1549805481,7,47211,49,8078,2.461432344746664,1556091416,2,47420,49,8144,2.186347081477244,1560289812,5,47313,49,8104,2.5774994686221335,1558188923,2,47480,49,8118
1.6262968624652774,1562389353,9,47583,49,8091,1.7416483937889626,1547708353,6,47143,49,8090,2.6111616649273954,1564480855,2,47480,49,8157,1.729104852998798,1551900771,5,47116,49,8117,3.3079871088114934,1551897492,2,47278,49,8152
1.6262968624652774,1562389353,9,47583,49,8091,1.7416483937889626,1547708353,6,47143,49,8090,1.6535328314189746,1551897158,3,47069,49,8139,1.591924309486254,1549803175,4,47045,49,8144,3.3079871088114934,1551897492,2,47278,49,8152
2.0324409655851245,1551903873,10,47241,49,8114,2.7164118503034085,1562387273,6,47562,49,8146,1.9917468118611064,1556091753,3,47217,49,8098,2.1729893650115577,1558193100,5,47292,49,8072,2.826878940795378,1545605996,1,47067,49,8148
2.405231546783429,1556098132,10,47402,49,8122,2.5007953533897314,1558193040,6,47460,49,8070,2.0727317615067298,1551897268,3,47247,49,8151,1.6450620941714464,1551900338,4,47076,49,8167,2.3484210928185383,1556091888,2,47374,49,8163
2.405231546783429,1556098132,10,47402,49,8122,2.5007953533897314,1558193040,6,47460,49,8070,2.298038596842601,1560286180,2,47342,49,8115,1.454127005797898,1549803891,5,46996,49,8135,2.3484210928185383,1556091888,2,47374,49,8163
1.580297123047657,1562388847,8,47562,49,8106,2.273244958321602,1556096202,6,47371,49,8127,2.5691402912627757,1558189106,3,47460,49,8151,2.035193956466121,1556095228,5,47235,49,8102,3.0775814756421696,1549799897,1,47177,49,8160
1.926876324181543,1549806798,10,47196,49,8102,1.9801121536408424,1551902362,7,47245,49,8135,2.6557334061990843,1564480290,2,47499,49,8156,1.571218453324316,1549803972,5,47040,49,8147,2.60310158410668,1560285992,2,47485,49,8142
1.926876324181543,1549806798,10,47196,49,8102,1.9801121536408424,1551902362,7,47245,49,8135,1.625484212072694,1549799897,3,47056,49,8139,2.629313359562181,1547707262,5,46978,49,8067,2.60310158410668,1560285992,2,47485,49,8142
2.263867136025849,1554001730,10,47340,49,8104,1.663111589474033,1545610939,7,47113,49,8147,1.7359453761218102,1551898026,2,47101,49,8115,2.157179759746089,1558193087,5,47287,49,8148,2.1873713485751463,1553994707,2,47305,49,8130
2.263867136025849,1554001730,10,47340,49,8104,1.663111589474033,1545610939,7,47113,49,8147,1.8603774705061285,1553994936,3,47161,49,8088,0,,5,7213,49,8117,2.1873713485751463,1553994707,2,47305,49,8130
2.582497962115757,1558194893,9,47480,49,8169,2.540777565766996,1558194160,7,47484,49,8137,2.0727317615067298,1556091606,2,47247,49,8090,2.4686687855843488,1547705629,4,46921,49,8118,2.8803211326135094,1547703145,2,47102,49,8130
1.7431838092141352,1547709678,10,47117,49,8083,2.2055211559683223,1553999646,6,47339,49,8104,2.140252991899906,1558189058,2,47273,49,8190,2.042740922660561,1556095243,5,47241,49,8165,2.4214463267369757,1556091922,2,47417,49,10
1.7431838092141352,1547709678,10,47117,49,8083,2.2055211559683223,1553999646,6,47339,49,8104,2.288348351350004,1553994226,2,47341,49,8113,1.8510925019515727,1553997728,4,47160,49,8080,2.4214463267369757,1556091922,2,47417,49,10
2.0394786083453633,1551902930,8,47244,49,8145,1.8299758089710774,1549804666,6,47181,49,8060,2.4699998276261463,1562383374,3,47424,49,8165,2.439705985776613,1545609506,4,46893,49,8169,3.182839389036405,1549799941,1,47224,49,8090
2.3681064210934895,1556098194,9,47382,49,8105,2.6150296956544814,1560291169,7,47516,49,8096,2.4984571285160206,1564479917,2,47433,49,8104,1.932584899752225,1556094870,4,47201,49,8079,2.668888496126815,1560285876,1,47511,49,8084
2.3681064210934895,1556098194,9,47382,49,8105,2.6150296956544814,1560291169,7,47516,49,8096,2.6542035668510526,1564480192,2,47498,49,8142,1.734103323254665,1551900985,5,47115,49,8115,2.668888496126815,1560285876,1,47511,49,8084
2.6733757628956933,1560292231,10,47517,49,8143,2.1826739077565103,1554000097,7,47331,49,8099,1.4977879877211027,1566577282,2,47508,49,8126,2.492029163631258,1545609961,5,46916,49,8174,3.3671434392629798,1553994688,1,47305,49,8118
2.6733757628956933,1560292231,10,47517,49,8143,2.1826739077565103,1554000097,7,47331,49,8099,1.6439464298874977,1551897532,3,47059,49,8,2.2659063185912562,1560290054,5,47333,49,8103,3.3671434392629798,1553994688,1,47305,49,8118
1.8094800417595482,1547709627,9,47147,49,8112,1.691671103696558,1547708296,7,47121,49,8064,1.7338039631854905,1551897738,2,47098,49,8150,1.7232921949961637,1553997140,4,47109,49,8114,2.900313177451258,1545606362,2,47106,49,8041
2.112098677361819,1551900521,4,47276,49,8082,2.4053280553993543,1556096280,7,47428,49,8079,1.89372913505347,1553994399,3,47178,49,8156,2.203279448718333,1560289626,5,47316,49,8150,2.348012127318893,1556091287,1,47377,49,8106
2.112098677361819,1551900521,4,47276,49,8082,2.4053280553993543,1556096280,7,47428,49,8079,2.0466203548177067,1556091434,2,47239,49,8151,2.013467594862313,1556095426,5,47233,49,8080,2.348012127318893,1556091287,1,47377,49,8106
2.4093117525760657,1556098282,9,47402,49,8115,1.8856653771173832,1549805664,7,47203,49,8075,2.122709068098395,1551897308,2,47269,49,8086,1.4789130600942353,1549804131,5,47002,49,8126,3.0855374021139217,1549800333,1,47178,49,8067
2.4093117525760657,1556098282,9,47402,49,8115,1.8856653771173832,1549805664,7,47203,49,8075,2.295488235173903,1560286205,2,47343,49,8147,2.4784631883298633,1545609859,5,46914,49,8182,3.0855374021139217,1549800333,1,47178,49,8067
2.672152657778736,1560292758,10,47514,49,8111,2.54383724211634,1558193429,6,47486,49,8139,2.379735474928653,1560285466,2,47381,49,8134,1.9916408675484094,1556095537,5,47223,49,8089,2.6125854370372137,1560285920,2,47495,49,8118
2.672152657778736,1560292758,10,47514,49,8111,2.54383724211634,1558193429,6,47486,49,8139,2.6139165204499,1564480748,2,47477,49,8161,1.7269652908738247,1551900704,5,47106,49,8092,2.6125854370372137,1560285920,2,47495,49,8118
1.7757194317459526,1547710179,10,47135,49,8112,2.0381476047658937,1551901632,6,47268,49,8112,2.6818448315458383,1560285534,2,47507,49,8139,2.4780561190232397,1545609691,4,46910,49,8106,3.3691844997337226,1553994472,2,47301,49,8158
1.7757194317459526,1547710179,10,47135,49,8112,2.0381476047658937,1551901632,6,47268,49,8112,1.705549316407538,1551897472,3,47096,49,8185,2.207155169413824,1560288765,4,47318,49,8079,3.3691844997337226,1553994472,2,47301,49,8158
2.0700772971931074,1551903406,9,47257,49,8121,2.7526211719904037,1562388301,6,47575,49,8075,1.83416568092873,1553994534,2,47147,49,8130,1.717070589219549,1551900399,4,47107,49,8115,2.9490692269346566,1547703075,1,47117,49,8131
2.0700772971931074,1551903406,9,47257,49,8121,2.7526211719904037,1562388301,6,47575,49,8075,2.064878076617978,1556091452,3,47245,49,8124,1.5504122507134384,1549803939,4,47029,49,8110,2.9490692269346566,1547703075,1,47117,49,8131
2.3965618195926535,1556098262,10,47400,49,8101,2.393803143166506,1556097127,7,47421,49,8099,2.2219498768381434,1560285420,2,47313,49,8146,2.297216916320408,1560290092,5,47355,49,8178,2.6180951559074055,1558189079,1,47490,49,8121
2.3965618195926535,1556098262,10,47400,49,8101,2.393803143166506,1556097127,7,47421,49,8099,2.4873392770507587,1562383087,2,47431,49,8092,2.036926401749106,1558192239,5,47243,49,8112,2.6180951559074055,1558189079,1,47490,49,8121
2.758745760139194,1560292167,9,47553,49,8111,2.0670119692010456,1551902359,6,47281,49,8132,2.661343452759641,1564479729,2,47501,49,8171,1.5945750156678138,1551900661,5,47052,49,8121,3.3288955478177145,1551897157,1,47289,49,8149
2.758745760139194,1560292167,9,47553,49,8111,2.0670119692010456,1551902359,6,47281,49,8132,1.7588930131403628,1551897112,3,47117,49,8128,1.4197567234028459,1547705786,4,46974,49,8092,3.3288955478177145,1551897157,1,47289,49,8149
1.87281882376904,1547709061,9,47175,49,8105,1.7558259142392412,1547708427,7,47148,49,8056,1.9314695580237364,1549799739,2,47185,49,8154,2.0939413386528547,1558192914,5,47268,49,8108,2.835037470606142,1545606139,2,47075,49,8127
1.87281882376904,1547709061,9,47175,49,8105,1.7558259142392412,1547708427,7,47148,49,8056,2.2159327524952936,1551896948,3,47308,49,8105,1.875367346333008,1553997909,4,47171,49,8146,2.835037470606142,1545606139,2,47075,49,8127
2.200426108756563,1554000623,9,47315,49,8106,2.6634771409611684,1560290510,6,47537,49,8078,2.4155371390667306,1562383037,3,47391,49,8161,2.4831530425538366,1547706067,5,46924,49,8169,2.1832911468034037,1553994604,2,47305,49,8113
2.200426108756563,1554000623,9,47315,49,8106,2.6634771409611684,1560290510,6,47537,49,8078,1.5507208457577912,1549800631,2,47030,49,8141,2.187572083823399,1560289747,5,47310,49,8138,2.1832911468034037,1553994604,2,47305,49,8113
2.5904538888204027,1558195221,9,47483,49,8148,2.4483699435306367,1558194222,7,47446,49,8062,1.7493050184787684,1551897353,3,47115,49,8161,1.5508193225983415,1549804055,5,47033,49,8145,2.594634430688367,1560286096,1,47488,49,8156
2.5904538888204027,1558195221,9,47483,49,8148,2.4483699435306367,1558194222,7,47446,49,8062,2.0841563156299894,1558188675,3,47248,49,8092,2.357802742020982,1545609497,5,46865,49,8144,2.594634430688367,1560286096,1,47488,49,8156
1.7843891524863154,1547709616,9,47138,49,8132,2.2888500794893876,1556096729,7,47378,49,8112,2.2938561525057977,1560286445,3,47344,49,8123,1.6965710756503438,1551901603,5,47092,49,8130,2.8575779997319297,1547702560,1,47086,49,8127
1.7843891524863154,1547709616,9,47138,49,8132,2.2888500794893876,1556096729,7,47378,49,8112,2.5943334276843744,1564480377,2,47470,49,8129,2.4361350909839694,1545610070,5,46897,49,8161,2.8575779997319297,1547702560,1,47086,49,8127
2.2416314419411245,1553999744,8,47335,49,8077,2.186447384945099,1553999732,7,47334,49,8071,1.543785443975361,1549800579,3,47026,49,8140,1.719418315756406,1551901463,5,47100,49,8091,2.9592669134125567,1547703209,1,47129,49,8133
2.2416314419411245,1553999744,8,47335,49,8077,2.186447384945099,1553999732,7,47334,49,8071,1.8101975360341502,1553994525,3,47134,49,8125,2.4289952058094024,1545609750,5,46895,49,8109,2.9592669134125567,1547703209,1,47129,49,8133
1.6497556686658503,1562389609,10,47594,49,8144,2.1331036930762726,1553998993,6,47313,49,8067,1.962679817104207,1556091913,2,47199,49,8142,1.6833118293060576,1551900511,4,47086,49,8131,2.899906093171692,1547703217,1,47103,49,0
1.6497556686658503,1562389609,10,47594,49,8144,2.1331036930762726,1553998993,6,47313,49,8067,2.1781922985821947,1558188618,2,47302,49,8152,2.3397475964291923,1562386779,5,47378,49,8089,2.899906093171692,1547703217,1,47103,49,0
2.2705980526953127,1554000449,9,47347,49,8137,2.0402890031704715,1551902034,6,47271,49,8095,2.327921606405074,1560286349,2,47362,49,8118,1.5693799785029712,1549803637,5,47051,49,8114,2.8037264870096963,1545606004,1,47054,49,8045
2.2705980526953127,1554000449,9,47347,49,8137,2.0402890031704715,1551902034,6,47271,49,8095,2.5515982527945673,1558188656,2,47449,49,8164,2.2096014003116213,1560290073,5,47326,49,8106,2.8037264870096963,1545606004,1,47054,49,8045
1.7780653126101769,1547708905,8,47136,49,8107,1.8996384106170543,1549805736,7,47213,49,8049,2.682049318244246,1549800372,2,46994,49,48,1.462696377644514,1549802695,4,46993,49,8132,2.5962665145784105,1560285550,1,47488,49,8154
1.7780653126101769,1547708905,8,47136,49,8107,1.8996384106170543,1549805736,7,47213,49,8049,1.7210522105077681,1545605838,3,47104,49,8164,2.0445756051657145,1558192371,5,47248,49,8040,2.5962665145784105,1560285550,1,47488,49,8154
2.522627832000273,1558195910,10,47452,49,8106,1.6860610564991896,1547707423,6,47123,49,8147,1.870372559394291,1553994405,2,47168,49,8107,2.495495908534086,1547705989,4,46923,49,8147,2.4189981996557273,1556091816,1,47418,49,8125
2.522627832000273,1558195910,10,47452,49,8106,1.6860610564991896,1547707423,6,47123,49,8147,2.0689582751163664,1558188807,2,47245,49,8137,1.868225605269992,1556095211,5,47177,49,8120,2.4189981996557273,1556091816,1,47418,49,8125
2.0847641444895757,1551902614,8,47265,49,8106,2.657357780276917,1560291471,7,47536,49,8065,2.1928810232117835,1558188768,2,47302,49,8127,2.3004810797236797,1560289865,5,47355,49,8165,3.356536807618096,1553994759,2,47298,49,8049
2.0847641444895757,1551902614,8,47265,49,8106,2.657357780276917,1560291471,7,47536,49,8065,2.4310400256442475,1562383364,3,47399,49,8102,1.6427162108575721,1551901646,5,47076,49,8104,3.356536807618096,1553994759,2,47298,49,8049
1.665565266255555,1545612195,9,47087,49,8119,2.4030844102271454,1556096203,6,47429,49,8062,2.504985456857121,1564479874,3,47434,49,8112,2.0441703915700886,1556095461,5,47236,49,8106,3.1003264846060814,1549800125,2,47186,49,8121
1.665565266255555,1545612195,9,47087,49,8119,2.4030844102271454,1556096203,6,47429,49,8062,2.665830726370021,1566577465,2,47505,49,8161,2.494577623513837,1547705653,4,46924,49,8125,3.1003264846060814,1549800125,2,47186,49,8121
2.462553213149059,1556098174,10,47425,49,8142,2.097201679491891,1551902184,7,47300,49,8102,1.5493954885158594,1549800474,2,47027,49,8111,1.5766221072427011,1551900040,4,47052,49,8168,2.735591767326087,1545605902,2,47034,49,8102
2.462553213149059,1556098174,10,47425,49,8142,2.097201679491891,1551902184,7,47300,49,8102,1.7043261773408418,1545605945,2,47092,49,8171,2.0994491401736477,1558191934,4,47270,49,8102,2.735591767326087,1545605902,2,47034,49,8102
2.0774197836796287,1551904023,9,47265,49,8119,1.7735724315496433,1547707424,6,47161,49,8134,1.738902825589653,1551897862,3,47105,49,8134,2.398805483159716,1545609136,4,46879,49,8153,2.415224723543929,1556091880,2,47415,49,25
2.0774197836796287,1551904023,9,47265,49,8119,1.7735724315496433,1547707424,6,47161,49,8134,1.7647075189581114,1553994431,3,47116,49,8186,1.6473057368479305,1551901576,5,47079,49,8119,2.415224723543929,1556091880,2,47415,49,25
1.7203365655198337,1547708682,9,47110,49,8113,2.696726506594884,1560290570,6,47558,49,8117,1.7390032202735222,1551897287,3,47112,49,8186,1.9010679301398696,1556094383,4,47192,49,8088,3.147444790621707,1549800374,2,47220,49,8112
2.545168355211542,1558195111,9,47463,49,8118,2.522724309071973,1558194469,7,47480,49,8111,1.7580769744065239,1551896952,3,47117,49,8183,1.4429069119699356,1549803906,5,46996,49,8179,2.706827719788641,1560286250,2,47540,49,8142
2.545168355211542,1558195111,9,47463,49,8118,2.522724309071973,1558194469,7,47480,49,8111,1.7810264524614312,1553994362,2,47124,49,8160,1.9153495544304993,1556094937,4,47188,49,8107,2.706827719788641,1560286250,2,47540,49,8142
2.1832911446330296,1554000810,9,47306,49,8087,2.299763429986337,1556096912,7,47386,49,8086,1.7150350755150074,1551897593,2,47099,49,8152,2.1694165947825574,1560289167,5,47305,49,8102,2.244995960525249,1553994392,2,47340,49,8109
2.1832911446330296,1554000810,9,47306,49,8087,2.299763429986337,1556096912,7,47386,49,8086,1.6930057075464973,1551898088,2,47083,49,8125,1.443927436984009,1549803320,4,46994,49,8059,2.244995960525249,1553994392,2,47340,49,8109
1.89005603161791,1549806333,9,47181,49,8094,2.026418193255408,1551902769,7,47266,49,8109,1.5641845747651202,1549800476,3,47034,49,8158,1.7165594054642805,1551900820,5,47113,49,8115,2.9754854784645532,1547703372,2,47130,49,8136
1.6583231556786062,1545609338,5,47085,49,8110,1.674536129451154,1547707424,6,47116,49,8176,2.5728134311531177,1564480469,2,47454,49,8120,2.4847870302945103,1545609773,5,46917,49,8118,2.468977400278225,1558188449,1,47432,49,8136
1.6583231556786062,1545609338,5,47085,49,8110,1.674536129451154,1547707424,6,47116,49,8176,2.4813221656677618,1562383557,3,47423,49,23,1.7295137928038686,1551900683,5,47114,49,8153,2.468977400278225,1558188449,1,47432,49,8136
2.6389013469183205,1560292527,10,47503,49,8076,2.3555552500781913,1556096774,6,47407,49,8090,2.295385998155756,1553994418,2,47342,49,8179,2.0111217115723767,1556095725,5,47233,49,8127,3.163356642355296,1549800054,1,47224,49,8145
2.6389013469183205,1560292527,10,47503,49,8076,2.3555552500781913,1556096774,6,47407,49,8090,2.157488333139024,1558189109,2,47286,49,8120,2.485807557843529,1545609785,5,46915,49,8128,3.163356642355296,1549800054,1,47224,49,8145
2.1816590638535556,1554001016,10,47306,49,8160,2.295989954645486,1556095895,6,47383,49,8100,1.7296215396081367,1551898038,3,47097,49,8136,2.340974500884335,1562386469,5,47367,49,8144,2.288446821595066,1556091288,1,47354,49,8126
2.1816590638535556,1554001016,10,47306,49,8160,2.295989954645486,1556095895,6,47383,49,8100,1.5852975101075224,1549800787,2,47040,49,22,1.6250719062574777,1551901231,5,47066,49,8122,2.288446821595066,1556091288,1,47354,49,8126
1.891688110380349,1549806393,9,47181,49,8142,1.559587988608431,1545611184,7,47067,49,8121,2.606572149747179,1564480470,2,47475,49,8164,1.9681839228514053,1556094652,4,47206,49,8118,3.121234929227676,1549800353,2,47197,49,8125
1.891688110380349,1549806393,9,47181,49,8142,1.559587988608431,1545611184,7,47067,49,8121,2.471836398883492,1562383200,3,47420,49,8149,2.494577621008332,1545608627,4,46925,49,8090,3.121234929227676,1549800353,2,47197,49,8125
1.603246619081677,1562389345,9,47569,49,8142,1.9642002999128125,1551901229,6,47244,49,8123,2.182988181036258,1558189303,2,47292,49,8153,2.1580961545739314,1558192409,5,47296,49,8174,2.775575915202727,1545606088,2,47042,49,8127
2.489887745000645,1558195533,10,47436,49,8142,2.333626284880443,1556097052,7,47398,49,8020,2.0003161583785434,1549800256,3,47211,49,8168,2.481522864852731,1545609358,5,46917,49,8088,2.4551046945732344,1558188840,2,47432,49,8107
2.489887745000645,1558195533,10,47436,49,8142,2.333626284880443,1556097052,7,47398,49,8020,1.87751244456706,1553994678,3,47167,49,8122,1.831102319427402,1553998690,5,47150,49,8118,2.4551046945732344,1558188840,2,47432,49,8107
1.9040290795938979,1549806257,9,47188,49,8149,1.8018252347224397,1547708400,7,47172,49,8159,2.6921466454199976,1566577398,3,47508,49,8142,1.8794475405213253,1553998149,5,47172,49,8162,3.078806479644023,1549800491,2,47173,49,8136
1.6388423052916319,1562389479,9,47588,49,8137,2.0825148402942824,1551902283,7,47292,49,8126,2.4773442022301326,1556091355,2,47422,49,8160,1.629252492381424,1551901104,5,47073,49,8134,2.8553362267861284,1545606148,2,47076,49,8035
0,1558194567,8,47479,49,8080,0,1556096869,6,47403,49,8087,2.3241481276807856,1553994549,2,47358,49,8072,1.4345458055822484,1547706603,5,46982,49,8119,2.63472081164046,1558188494,1,47495,49,8184
2.589944582807787,1558194567,8,47479,49,8080,2.3501496950832137,1556096869,6,47403,49,8087,2.2748865038976587,1553994392,3,47329,49,8168,2.0279518320831946,1556094847,4,47236,49,8136,2.63472081164046,1558188494,1,47495,49,8184
2.222355079480476,1554000713,9,47323,49,8181,2.547712954109151,1558193186,6,47490,49,8132,2.112611741895777,1558188735,3,47264,49,8165,1.7938730833109604,1553998013,4,47139,49,8171,2.4000304734113795,1556091669,1,47396,49,8097
1.8648629068366451,1547709317,10,47172,49,8106,2.716718588261506,1562387345,6,47561,49,8048,1.9950128271659582,1556092234,3,47209,49,8146,2.2021585694129784,1560289541,5,47312,49,8072,3.324306030352539,1551897576,2,47286,49,8167
1.8648629068366451,1547709317,10,47172,49,8106,2.716718588261506,1562387345,6,47561,49,8048,1.9066835263857713,1556091348,2,47179,49,8117,1.5751945086321382,1551900997,5,47051,49,8078,3.324306030352539,1551897576,2,47286,49,8167
2.6596072132285054,1560292850,10,47508,49,8162,1.697892699270382,1547708125,6,47126,49,8090,1.8426309325688366,1553994880,2,47151,49,8126,2.0335618722034927,1556095365,5,47237,49,8050,3.0930843595271975,1549800401,2,47185,49,8109
2.6596072132285054,1560292850,10,47508,49,8162,1.697892699270382,1547708125,6,47126,49,8090,1.7709291254737163,1551897026,3,47118,49,8170,1.4316906070037947,1547706929,5,46978,49,8070,3.0930843595271975,1549800401,2,47185,49,8109
2.2091980750411944,1554001076,9,47316,49,8118,1.8266094041250485,1549804698,6,47184,49,8089,1.6647529001899413,1551897179,3,47071,49,8122,1.7514427578024627,1553997942,5,47123,49,8179,2.762416991341299,1545605920,1,47043,49,8168
1.746141257563724,1547709393,9,47120,49,8100,1.983171827325097,1551902637,7,47249,49,8090,1.5489884140085675,1566577533,2,47534,49,8133,1.521036669095462,1549803972,5,47022,49,8087,2.566686433168883,1558188799,2,47482,49,8149
1.746141257563724,1547709393,9,47120,49,8100,1.983171827325097,1551902637,7,47249,49,8090,2.7116274896150725,1549800435,3,47007,49,8159,2.1322914670862314,1558193058,5,47285,49,8102,2.566686433168883,1558188799,2,47482,49,8149
2.4238963508756215,1556098314,10,47411,49,8118,2.120762728311217,1553999832,7,47308,49,8145,2.6392099942534974,1558189072,3,47493,49,8186,1.8624148094659096,1553998261,5,47163,49,8130,2.3401584415260253,1556092126,2,47375,49,8155
1.8460958599228505,1547708846,9,47164,49,8114,2.2592719130958154,1553998743,6,47366,49,8149,2.565061985755038,1558188815,3,47452,49,8163,2.188897438839465,1560289732,5,47314,49,8118,3.317984092796718,1551897251,2,47276,49,8102
1.8460958599228505,1547708846,9,47164,49,8114,2.2592719130958154,1553998743,6,47366,49,8149,2.5830110914926454,1558189016,3,47468,49,8141,1.6141585410004953,1551900975,5,47061,49,8159,3.317984092796718,1551897251,2,47276,49,8102
2.4262422317238874,1556098066,9,47412,49,8130,2.468666818154745,1558193938,6,47457,49,8038,2.498150399911875,1562382775,3,47436,49,13,2.030604428679685,1556095012,4,47234,49,8069,3.0980828449060196,1549800411,2,47184,49,8135
2.4262422317238874,1556098066,9,47412,49,8130,2.468666818154745,1558193938,6,47457,49,8038,2.5428262853495833,1564479990,2,47446,49,8177,1.4103731977755825,1547707211,5,46971,49,8078,3.0980828449060196,1549800411,2,47184,49,8135
1.7741895921606399,1547709670,9,47133,49,8147,2.71682083628607,1560290635,6,47560,49,8116,2.487543764267531,1562382797,2,47428,49,8160,1.7558278094638509,1553998510,5,47128,49,8115,2.89909005309724,1547703134,2,47103,49,8087
1.7741895921606399,1547709670,9,47133,49,8147,2.71682083628607,1560290635,6,47560,49,8116,2.5318106748179234,1564480280,3,47444,49,8131,2.349237150437003,1560288675,4,47366,49,8112,2.89909005309724,1547703134,2,47103,49,8087
2.319454478659963,1554000189,9,47363,49,8134,1.788361514652412,1547707731,7,47168,49,8143,2.494581404035527,1562383100,3,47433,49,1,1.5057363742939693,1549804352,5,47020,49,8089,2.695405050677056,1543508605,2,47022,49,8141
2.319454478659963,1554000189,9,47363,49,8134,1.788361514652412,1547707731,7,47168,49,8143,2.5537396471175566,1564480249,2,47453,49,8162,2.0728284099651946,1558191702,4,47260,49,8158,2.695405050677056,1543508605,2,47022,49,8141
1.642820263317234,1562389675,9,47589,49,8102,2.1383066548783045,1553999644,7,47313,49,8121,2.510595501383634,1562382800,2,47436,49,8093,2.4709162313130077,1545609718,5,46909,49,8107,2.5079409922560596,1558188957,2,47444,49,8092
1.642820263317234,1562389675,9,47589,49,8102,2.1383066548783045,1553999644,7,47313,49,8121,2.5788305422170326,1564480446,2,47463,49,8154,1.79081154414742,1553998024,4,47145,49,8163,2.5079409922560596,1558188957,2,47444,49,8092
2.095677511088828,1551900932,5,47269,49,8100,2.4861085109729855,1558194291,7,47463,49,8141,2.5562900139006297,1564480652,2,47452,49,12,2.1792109628942127,1558193062,5,47297,49,8088,2.267027164507421,1553994521,1,47350,49,8098
2.095677511088828,1551900932,5,47269,49,8100,2.4861085109729855,1558194291,7,47463,49,8141,2.632376835559226,1564480624,3,47490,49,8140,1.5072662138546886,1549803957,5,47021,49,8098,2.267027164507421,1553994521,1,47350,49,8098
2.5171200308607666,1558195210,10,47449,49,8126,1.6765752973988544,1547707647,6,47120,49,8103,2.6137120301566283,1564480609,3,47481,49,8136,1.8859758548661678,1553998730,5,47172,49,8123,3.200383315819652,1549800172,1,47231,49,8139
2.5171200308607666,1558195210,10,47449,49,8126,1.6765752973988544,1547707647,6,47120,49,8103,2.650939396156887,1558188271,2,47500,49,8130,2.3728966504572075,1545609563,5,46878,49,8081,3.200383315819652,1549800172,1,47231,49,8139
1.7151354732711301,1545612276,10,47104,49,8171,2.1262705266253867,1553999402,7,47311,49,8082,2.6335999424387198,1564480299,2,47494,49,8173,1.4795246148240213,1549803772,4,47005,49,8120,2.8032156510410933,1545606336,2,47061,49,8078
1.7151354732711301,1545612276,10,47104,49,8171,2.1262705266253867,1553999402,7,47311,49,8082,1.5039073482996934,1566577844,2,47514,49,9,2.006941143485793,1556095187,4,47226,49,8114,2.8032156510410933,1545606336,2,47061,49,8078
2.0441703701855225,1551903705,10,47246,49,8117,2.6089103342937205,1560290310,6,47515,49,8091,1.5299146380423552,1543508657,3,47019,49,8120,2.3357734229342566,1560290118,5,47362,49,8056,2.422160116289684,1556092030,2,47421,49,8152
2.0441703701855225,1551903705,10,47246,49,8117,2.6089103342937205,1560290310,6,47515,49,8091,1.6181398391744601,1545605604,3,47058,49,8171,1.513387470169508,1549804231,5,47017,49,8127,2.422160116289684,1556092030,2,47421,49,8152
2.406659143729967,1556098292,10,47404,49,8122,1.9479836185428974,1549805414,7,47235,49,8080,1.6732181500128638,1551897780,2,47078,49,8098,1.7397152025053,1551901043,5,47110,49,8183,3.1717215339599236,1549800407,2,47224,49,8134
2.406659143729967,1556098292,10,47404,49,8122,1.9479836185428974,1549805414,7,47235,49,8080,1.8402850480660442,1553994917,3,47152,49,8162,2.040802120538932,1558192615,5,47246,49,8154,3.1717215339599236,1549800407,2,47224,49,8134
1.6262968624652774,1562389407,9,47583,49,8093,2.5500588312151167,1558193878,7,47492,49,8093,1.8674151102182692,1553994499,2,47166,49,8190,2.230613973029097,1560289045,4,47329,49,8054,2.729676901179449,1543508888,1,47030,49,8105
1.6262968624652774,1562389407,9,47583,49,8093,2.5500588312151167,1558193878,7,47492,49,8093,2.0196929053707913,1556091673,2,47233,49,8181,2.5419042116164463,1547707033,5,46941,49,8155,2.729676901179449,1543508888,1,47030,49,8105
2.0845596679781893,1551904091,10,47266,49,8112,1.9972471063025328,1551902556,7,47256,49,8069,2.1722774131108813,1558189037,2,47297,49,8141,1.8049909210605828,1553998496,5,47142,49,8106,2.2688618346865708,1553994646,2,47356,49,8102
2.5859666183824297,1558194925,9,47478,49,8074,2.7171256347170396,1562387819,7,47566,49,8107,2.1812538551920606,1551897294,3,47297,49,8124,1.9221827212888543,1556095505,5,47193,49,8135,3.015363565710746,1547702918,2,47157,49,8148
2.5859666183824297,1558194925,9,47478,49,8074,2.7171256347170396,1562387819,7,47566,49,8107,2.3207817164925904,1560285993,3,47363,49,8145,2.2278610166213304,1560289737,5,47324,49,8118,3.015363565710746,1547702918,2,47157,49,8148
1.9337094914704898,1549806055,8,47201,49,8107,2.384521853522312,1556096659,7,47420,49,8140,2.4876459999014515,1562383488,3,47431,49,8156,1.4360756457438595,1547707188,5,46983,49,8087,2.599121701607803,1558189097,2,47492,49,8164
2.439603718571613,1556098335,10,47417,49,8078,1.9919437834609095,1551902579,7,47253,49,8067,2.5193674669725743,1564480213,3,47440,49,8130,1.534093324467048,1549804531,5,47022,49,8124,3.20691164855623,1551897110,1,47229,49,8094
2.439603718571613,1556098335,10,47417,49,8078,1.9919437834609095,1551902579,7,47253,49,8067,2.6164649737461367,1558188499,2,47488,49,8127,1.7428771221484824,1553998075,5,47111,49,8097,3.20691164855623,1551897110,1,47229,49,8094
1.6967755233779187,1545612425,10,47100,49,8112,1.5555077910409207,1562388324,6,47580,49,8098,2.663791573203374,1566577479,2,47504,49,8180,2.049369603237988,1558192074,5,47250,49,8089,2.6620553412162082,1560286230,1,47507,49,8128
2.0813977470288267,1551904308,10,47265,49,8097,0,1556096017,6,47384,49,8080,2.6826608670196035,1566577347,3,47511,49,8117,2.1421861901649826,1558191935,4,47284,49,8165,3.201504190068546,1549800237,1,47234,49,8071
2.0813977470288267,1551904308,10,47265,49,8097,2.2992541170927083,1556096017,6,47384,49,8080,1.5219587092030544,1549800391,3,47019,49,8124,2.3310816611260146,1560289099,4,47360,49,8098,3.201504190068546,1549800237,1,47234,49,8071
2.501617149601043,1558194681,9,47441,49,8100,1.8502726796995483,1549805644,7,47194,49,8143,2.699795832766795,1566577515,3,47519,49,8135,2.3774880689634372,1545609415,5,46873,49,8108,2.5163039915399095,1558188439,1,47448,49,8113
1.7289040524382286,1547709446,9,47113,49,8182,2.659499162263857,1560290970,6,47540,49,8040,1.557860725474228,1549800563,3,47035,49,8108,1.4343432099279672,1547707168,5,46976,49,8137,3.005266248010066,1547703206,2,47150,49,8132
1.7289040524382286,1547709446,9,47113,49,8182,2.659499162263857,1560290970,6,47540,49,8040,1.6017186678106738,1551896811,2,47053,49,8169,1.5891694533795764,1551900376,5,47050,49,8111,3.005266248010066,1547703206,2,47150,49,8132
2.1478984510968053,1551903718,10,47293,49,8131,2.17726833580375,1553999619,7,47332,49,8098,1.5600021228646914,1549800392,2,47038,49,8165,1.6035500405135155,1551900995,5,47061,49,8076,2.1763538613067253,1553993978,1,47309,49,8126
2.1478984510968053,1551903718,10,47293,49,8131,2.17726833580375,1553999619,7,47332,49,8098,1.6318083232990803,1551897115,2,47062,49,8139,1.8152927198081557,1553998245,5,47145,49,8144,2.1763538613067253,1553993978,1,47309,49,8126
2.6273764326043954,1560291942,9,47496,49,8080,1.8159005138275446,1549805183,7,47179,49,8068,1.5677535650537742,1543508700,2,47042,49,8156,1.8730214631148856,1553997610,4,47171,49,8151,2.7553793488443774,1560286011,1,47552,49,8130
1.8744509046172033,1549805546,8,47174,49,8157,2.7079466068277704,1562387379,6,47561,49,8059,2.6359458198000247,1564480194,3,47497,49,8186,2.0963894565290806,1558192818,5,47269,49,8116,3.1883471892122346,1549800478,1,47227,49,8151
1.8744509046172033,1549805546,8,47174,49,8157,2.7079466068277704,1562387379,6,47561,49,8059,2.606060919283192,1564480181,2,47486,49,8068,2.322819011794997,1560290151,5,47361,49,8168,3.1883471892122346,1549800478,1,47227,49,8151
2.290283384045449,1554001124,10,47353,49,8066,2.407776167726556,1558193393,7,47432,49,8109,2.4946836432840773,1562382523,2,47434,49,8120,2.320064163628383,1560288595,4,,49,8096,0,,,,,
2.290283384045449,1554001124,10,47353,49,8066,2.407776167726556,1558193393,7,47432,49,8109,2.4617390632708482,1562383300,3,47422,49,8158,2.492638806402161,1547706562,5,46928,49,8120,2.433380214724595,1556091670,2,47421,49,8113
2.635841669195773,1560292868,10,47501,49,8103,2.134226447583658,1553999844,7,47314,49,8042,2.3335316433498723,1560286087,3,47367,49,8170,2.5757651604339196,1547706219,4,46961,49,8102,2.892154650038531,1547702952,1,47099,49,8191
2.635841669195773,1560292868,10,47501,49,8103,2.134226447583658,1553999844,7,47314,49,8042,2.2972225486425253,1553994288,2,47347,49,8138,1.559898013973473,1549804491,5,47033,49,8135,2.892154650038531,1547702952,1,47099,49,8191
1.7603187788558916,1547709923,10,47125,49,8106,1.9025958481780727,1549805429,7,47217,49,8044,2.1135300124462746,1551897317,3,47268,49,8100,1.7854078359340082,1553997434,4,47134,49,6,2.1799247449380714,1553994989,2,47306,49,8117
2.0620191385572775,1551903496,9,47255,49,8139,1.6685171382652515,1547708152,7,47120,49,8078,1.9994982479747034,1556091804,3,47226,49,8178,1.8340597661474396,1553998687,5,47153,49,8134,2.64257257832613,1560286171,2,47506,49,8159
2.0620191385572775,1551903496,9,47255,49,8139,1.6685171382652515,1547708152,7,47120,49,8078,1.9346314727318585,1556091718,2,47190,49,8142,2.036926399147849,1558191755,5,47244,49,8139,2.64257257832613,1560286171,2,47506,49,8159
2.365453814145116,1556097062,8,47384,49,8160,2.7166163336279796,1562388247,7,47564,49,8081,1.8515051177327948,1553994868,2,47157,49,9,2.1723777998436753,1558193082,5,47292,49,8078,3.097878362495807,1549800745,2,47186,49,8089
2.365453814145116,1556097062,8,47384,49,8160,2.7166163336279796,1562388247,7,47564,49,8081,1.7787828000580492,1553994656,2,47126,49,8115,2.317309314087858,1562386675,5,47367,49,8183,3.097878362495807,1549800745,2,47186,49,8089
2.6741918049940483,1560291682,9,47517,49,8108,2.548426743329115,1558193732,7,47493,49,8094,1.709629502464124,1551897481,2,47100,49,8143,2.448782776697166,1545609351,4,46902,49,8157,2.313639953289217,1556091804,2,47363,49,8108
2.6741918049940483,1560291682,9,47517,49,8108,2.548426743329115,1558193732,7,47493,49,8094,1.625688688293519,1551897174,3,47059,49,8139,1.4429088055093047,1549803517,5,46988,49,8175,2.313639953289217,1556091804,2,47363,49,8108
1.8126419617819187,1547710034,10,47148,49,8142,2.367896201444946,1556096523,6,47415,49,8058,1.516043828239001,1549800573,3,47014,49,8167,1.5850911470615636,1549804020,5,47042,49,8130,2.7759829731562347,1545606050,1,47046,49,8141
1.8126419617819187,1547710034,10,47148,49,8142,2.367896201444946,1556096523,6,47415,49,8058,2.659813606742635,1560285585,3,47504,49,8103,1.7842850872205522,1553997886,4,47137,49,8161,2.7759829731562347,1545606050,1,47046,49,8141
2.149530531713228,1551903668,9,47293,49,8118,2.152891248395211,1553998715,6,47323,49,8115,2.5837267864703404,1564480566,3,47466,49,8119,1.8800591053963651,1553998316,5,47174,49,8077,3.2674955806549346,1551897611,1,47259,49,8160
2.149530531713228,1551903668,9,47293,49,8118,2.152891248395211,1553998715,6,47323,49,8115,2.5457837144666917,1564480337,3,47454,49,8146,2.151774193015558,1558192861,5,47286,49,8123,3.2674955806549346,1551897611,1,47259,49,8160
2.523341631962209,1558195175,9,47452,49,8172,2.0122406667096246,1551901909,6,47262,49,8130,2.46877670658166,1562383783,3,47425,49,8170,2.2258199703413,1560289793,5,47328,49,8123,2.5202800446849825,1558188826,1,47457,49,8036
2.523341631962209,1558195175,9,47452,49,8172,2.0122406667096246,1551901909,6,47262,49,8130,2.4299172531156383,1556091447,2,47406,49,8140,2.4749945337027066,1545609054,5,46917,49,8157,2.5202800446849825,1558188826,1,47457,49,8036
1.729822326894857,1547709197,9,47112,49,8082,1.7899935908247715,1547708305,7,47169,49,8105,2.322720519542314,1560286121,3,47361,49,8126,1.402417273997866,1547707268,5,46969,49,8133,2.993232005543902,1547703501,2,47140,49,8094
1.729822326894857,1547709197,9,47112,49,8082,1.7899935908247715,1547708305,7,47169,49,8105,2.312418713345623,1560286443,3,47358,49,8135,1.6464896954559052,1551901385,5,47080,49,8125,2.993232005543902,1547703501,2,47140,49,8094
2.1088345167159783,1551903648,9,47276,49,8146,2.7449719576557485,1562388194,7,47574,49,8089,2.17452104887285,1558188465,3,47302,49,8103,1.7252309752038142,1551901227,5,47108,49,8141,2.2598891760050748,1553994796,2,47338,49,8144
2.1088345167159783,1551903648,9,47276,49,8146,2.7449719576557485,1562388194,7,47574,49,8089,2.1621800808877127,1558188888,3,47296,49,8142,1.9882763351919763,1556095537,5,47217,49,8126,2.2598891760050748,1553994796,2,47338,49,8144
2.4998828231603785,1558194977,9,47442,49,8135,2.5493450321903035,1558193383,6,47492,49,8098,2.0291786603970254,1556091640,3,47240,49,8128,2.013160874897089,1556095078,5,47237,49,8131,2.692142814277905,1560285696,1,47523,49,8
2.4998828231603785,1558194977,9,47442,49,8135,2.5493450321903035,1558193383,6,47492,49,8098,2.0050060480154785,1556091592,3,47229,49,8146,2.3185343238269467,1560288661,4,47363,49,8078,2.692142814277905,1560285696,1,47523,49,8
1.6993258749338223,1547708227,8,47099,49,11,2.3677939567203437,1556096153,6,47416,49,8104,1.8876097567749834,1553994420,3,47180,49,8149,2.3267950789748837,1545609439,4,46858,49,8110,3.123785295434689,1549800495,2,47195,49,8134
1.6993258749338223,1547708227,8,47099,49,11,2.3677939567203437,1556096153,6,47416,49,8104,1.8479342514966917,1547703213,3,47161,49,8161,1.4321999247738835,1547706767,5,46981,49,8150,3.123785295434689,1549800495,2,47195,49,8134
2.073646303752613,1551903752,9,47261,49,8142,2.1968514201317224,1554000004,7,47340,49,8150,1.718808555322754,1551897394,3,47107,49,8141,1.8298773333443306,1553998434,5,47154,49,8148,2.352703888999466,1556091827,1,47379,49,8118
2.442765640738688,1556097399,9,47418,49,8107,1.9915348199799427,1551902744,7,47257,49,8111,1.6165096453579604,1551897081,3,47054,49,8120,1.898110486526645,1556095476,5,47189,49,8132,2.840545274424686,1545606067,2,47076,49,8034
2.442765640738688,1556097399,9,47418,49,8107,1.9915348199799427,1551902744,7,47257,49,8111,1.5814217752198145,1549800357,3,47046,49,8145,2.194509367777807,1558192365,5,47307,49,8102,2.840545274424686,1545606067,2,47076,49,8034
2.788630664271746,1562389278,9,47563,49,8123,1.7945831126394542,1547708170,7,47172,49,8149,2.6576722124626926,1564479927,3,47502,49,8143,2.2923225613899296,1560289864,5,47348,49,8145,3.3622491011964897,1551897578,1,47297,49,8079
2.788630664271746,1562389278,9,47563,49,8123,1.7945831126394542,1547708170,7,47172,49,8149,2.5951475520684837,1564481054,3,47483,49,15,2.5596488137321876,1547706511,4,46959,49,8124,3.3622491011964897,1551897578,1,47297,49,8079
1.8744509046172033,1549806343,9,47174,49,8149,2.6743904871204918,1560289835,6,47546,49,8113,2.4765281466321816,1562383164,3,47430,49,8140,1.4416856891298697,1549803479,5,46984,49,8079,2.5661790454655278,1558188979,2,47470,49,8106
1.8744509046172033,1549806343,9,47174,49,8149,2.6743904871204918,1560289835,6,47546,49,8113,2.446236177310206,1562383549,3,47415,49,8167,1.7492009614660684,1551901055,5,47113,49,8133,2.5661790454655278,1558188979,2,47470,49,8106
2.1795176633172466,1554000716,10,47303,49,8160,2.393496395435838,1556096706,7,47428,49,8133,2.334245441098099,1562382703,2,47369,49,8142,1.8407925521647353,1553998502,5,47151,49,8136,3.0602420305718416,1547703154,1,47170,49,8158
2.1795176633172466,1554000716,10,47303,49,8160,2.393496395435838,1556096706,7,47428,49,8133,2.2802920585947515,1560286313,3,47338,49,8182,2.0633426476749257,1558192521,5,47257,49,8183,3.0602420305718416,1547703154,1,47170,49,8158
2.4460298058945766,1556098202,9,47418,49,8167,2.0191760668785226,1551902668,7,47266,49,8101,2.159018159572705,1558189220,3,47295,49,8182,2.1692139986064154,1558192805,5,47299,49,8104,2.2153174411647165,1553994497,1,47318,49,8095
2.4460298058945766,1556098202,9,47418,49,8167,2.0191760668785226,1551902668,7,47266,49,8101,2.096395040775648,1558188864,2,47261,49,8111,2.4293019316657065,1545608801,4,46893,49,8114,2.2153174411647165,1553994497,1,47318,49,8095
2.6712343705198145,1560292390,9,47515,49,8083,1.6508728476132593,1545610967,7,47109,49,8094,1.9030122664336901,1556090954,2,47181,49,8121,1.5830500950131516,1549804253,5,47046,49,8078,2.6043246911969193,1560285571,1,47488,49,8132
1.7391036126889665,1547709144,9,47118,49,8152,2.4790708665929455,1558193186,6,47461,49,8165,1.771031351164346,1553994651,3,47123,49,8178,1.7230895656731295,1551900715,4,47105,49,8144,3.0955324839774896,1549800392,1,47184,49,8068
1.7391036126889665,1547709144,9,47118,49,8152,2.4790708665929455,1558193186,6,47461,49,8165,1.7162582058148266,1551897664,3,47107,49,8158,1.986644255876524,1556094659,4,47217,49,8146,3.0955324839774896,1549800392,1,47184,49,8068
1.9318729339992056,1549806844,9,47204,49,8168,2.0888386792518263,1551901931,6,47295,49,8053,1.5073741031740262,1543508854,3,47011,49,8153,2.3355670453099093,1545609786,5,46860,49,8053,2.3637194944036,1556091823,2,47383,49,8060
1.7861234668383106,1547710078,10,47137,49,8072,2.6010566474669794,1560291386,7,47513,49,8142,2.326698482099436,1560285930,3,47362,49,8125,2.0934301354883993,1558193213,5,47274,49,8113,2.415224726224979,1556091170,1,47414,49,8087
1.7861234668383106,1547710078,10,47137,49,8072,2.6010566474669794,1560291386,7,47513,49,8142,2.4726524275273176,1562383209,3,47427,49,8085,1.5884556550158317,1549803441,4,47049,49,8130,2.415224726224979,1556091170,1,47414,49,8087
2.306704547916666,1556097314,9,47361,49,8124,2.410835844787792,1558192792,6,47434,49,8103,2.3219044788351555,1553994527,3,47361,49,8121,1.6874924121329002,1551900827,5,47094,49,8130,3.197015014813782,1549800216,1,47237,49,8130
2.306704547916666,1556097314,9,47361,49,8124,2.410835844787792,1558192792,6,47434,49,8103,2.214300665840313,1560285934,2,47312,49,8159,1.9470691315909483,1556096110,5,47205,49,8109,3.197015014813782,1549800216,1,47237,49,8130
2.444295478049894,1556098038,10,47420,49,8105,1.9677711794934731,1549805071,7,47242,49,8113,2.0419285839449626,1556091445,2,47242,49,8165,2.055591205202916,1558191999,5,47253,49,8051,2.4063524197987642,1556092016,2,47405,49,8098
2.444295478049894,1556098038,10,47420,49,8105,1.9677711794934731,1549805071,7,47242,49,8113,1.946156405688406,1549800066,3,47197,49,8135,2.325164892595387,1560289619,5,47362,49,8077,2.4063524197987642,1556092016,2,47405,49,8098
2.6993849413692663,1560292598,10,47527,49,8175,2.197565218422099,1553999347,6,47341,49,8088,1.5364429595338744,1543508800,2,47022,49,8121,1.575196411499315,1549803368,4,47043,49,8149,3.2333278970629986,1551897123,1,47241,49,8149
2.6993849413692663,1560292598,10,47527,49,8175,2.197565218422099,1553999347,6,47341,49,8088,2.596779637467615,1558188780,3,47482,49,6,1.763374779684599,1553998241,5,47134,49,8118,3.2333278970629986,1551897123,1,47241,49,8149
1.6079383788791168,1562389455,9,47572,49,8111,1.667905574409641,1547707411,6,47118,49,8023,2.457863342263784,1562383334,3,47420,49,8120,1.8860762332703618,1556094176,4,47179,49,8127,2.4197120000828534,1556091718,2,47418,49,8165
1.6079383788791168,1562389455,9,47572,49,8111,1.667905574409641,1547707411,6,47118,49,8023,2.377289233203056,1562382952,3,47378,49,8160,2.1646244775004253,1558192031,4,47296,49,8154,2.4197120000828534,1556091718,2,47418,49,8165
1.6302748181640423,1562390071,10,47585,49,8158,2.3288322767066423,1556096001,6,47398,49,8091,2.1663625230947723,1558188890,3,47294,49,8118,2.4287907173199588,1545610021,5,46898,49,8146,2.7886306685167415,1545605607,1,47049,49,8176
1.64373853668521,1562389651,9,47588,49,8165,1.712579538894377,1547708615,7,47136,49,8047,2.0342793768681107,1549800272,3,47237,49,8182,2.4605121807789083,1545609884,5,46907,49,8120,3.086455683614111,1549800276,2,47177,49,8146
1.64373853668521,1562389651,9,47588,49,8165,1.712579538894377,1547708615,7,47136,49,8047,1.980733058741791,1556091963,3,47210,49,8137,1.429445078975787,1549803170,5,46984,49,8132,3.086455683614111,1549800276,2,47177,49,8146
1.6185454160930879,1562389655,9,47579,49,8104,2.3101674776904373,1556097230,7,47389,49,8137,1.850075661606867,1553995161,3,47163,49,8173,1.4841141342472346,1549803265,4,47008,49,8151,3.333078002087736,1551897534,2,47287,49,8105
1.6185454160930879,1562389655,9,47579,49,8104,2.3101674776904373,1556097230,7,47389,49,8137,1.870169932946146,1553994527,2,47165,49,8085,1.5972257189739234,1551900632,4,47059,49,8164,3.333078002087736,1551897534,2,47287,49,8105
2.7680270395630227,1562388191,8,47557,49,8177,1.7565397029544385,1547708399,7,47153,49,8164,1.7577721054784976,1553993901,2,47115,49,8159,1.5568383342101835,1549804056,5,47031,49,8117,2.2919135746180084,1553994481,2,47360,49,8170
2.653078877216029,1560292315,9,47508,49,8189,2.3952307240987656,1556096703,7,47427,49,8091,1.7170760858772063,1551897630,3,47098,49,16,2.49824885327543,1547706737,5,46929,49,8142,2.355966151998178,1556091797,2,47388,49,8118
0,1560292315,9,47508,49,8189,2.3952307240987656,1556096703,7,47427,49,8091,1.7324767465625142,1551897571,2,47107,49,8097,2.372285094942998,1545608971,4,46876,49,8139,2.355966151998178,1556091797,2,47388,49,8118
2.5101846317963776,1558195080,9,47445,49,8157,1.8339537562014214,1549805260,7,47186,49,8113,1.6840292803558505,1551897397,2,47086,49,8117,2.0294797997305825,1558192473,5,47245,49,8052,2.3027265898751037,1556091201,1,47358,49,8107
2.3818749804181074,1556098575,10,47391,49,8113,2.5704579555876754,1558193815,7,47493,49,8047,0,1549800126,3,47048,49,8146,1.4179182665348085,1547705944,4,46985,49,8154,3.2252697259605894,1551897304,1,47241,49,8134
2.3818749804181074,1556098575,10,47391,49,8113,2.5704579555876754,1558193815,7,47493,49,8047,1.5628592126450152,1549800443,3,47034,49,8185,2.2192916446171114,1560289903,5,47328,49,8144,3.2252697259605894,1551897304,1,47241,49,8134
2.1912470679974376,1554001042,10,47308,49,8143,2.018462267448494,1551902267,6,47265,49,8064,2.614425824703076,1564480543,2,47484,49,8167,1.7395107313317133,1553997612,5,47112,49,8120,2.55057008370342,1560285994,1,47480,49,8122
2.1912470679974376,1554001042,10,47308,49,8143,2.018462267448494,1551902267,6,47265,49,8064,2.4917262061623506,1556091477,3,47431,49,8178,2.460002868161516,1545609973,5,46904,49,8127,2.55057008370342,1560285994,1,47480,49,8122
1.96053469666695,1549806418,9,47210,49,8156,2.6293094594454707,1560290406,6,47524,49,8083,2.333531645105321,1560285526,2,47366,49,8131,1.8781221730237574,1553998009,5,47169,49,8146,2.9228555796170546,1547703141,1,47110,49,8125
1.96053469666695,1549806418,9,47210,49,8156,2.6293094594454707,1560290406,6,47524,49,8083,2.219094669369629,1560286037,3,47312,49,14,2.4622465062287717,1545609487,5,46906,49,8089,2.9228555796170546,1547703141,1,47110,49,8125
1.7455296901501733,1547709803,10,47118,49,8090,1.9637932185480729,1551902125,7,47241,49,8154,2.011227655192317,1556091738,3,47230,49,8128,1.7497102934253315,1551900847,5,47116,49,8116,3.166827189496795,1549800611,1,47214,49,8073
1.7455296901501733,1547709803,10,47118,49,8090,1.9637932185480729,1551902125,7,47241,49,8154,1.852218922447673,1553995191,3,47157,49,8146,2.1881855254225155,1558191911,4,47305,49,8155,3.166827189496795,1549800611,1,47214,49,8073
2.728963107147536,1560292886,10,47540,49,8163,2.3974743593998635,1558193489,7,47429,49,8105,1.5842769746699004,1549799818,3,47048,49,8129,1.4338320060188194,1547707445,5,46981,49,8134,3.1945687904371267,1549800186,1,47230,49,8104
2.728963107147536,150292886,10,47540,49,8163,2.3974743593998635,1558193489,7,47429,49,8105,2.5781148348421867,1564480692,3,47472,49,8158,1.7836735213502086,1553997553,4,47135,49,8120,3.1945687904371267,1549800186,1,47230,49,8104
2.6133011472754215,1558195447,10,47490,49,8171,1.6633160513023075,1547707191,6,47115,49,8073,2.3787168341768368,1562383166,3,47379,49,8151,2.190022086770385,1558191514,4,47303,49,8085,3.1127677946885695,1549799903,1,47200,49,8123
2.6133011472754215,1558195447,10,47490,49,8171,1.6633160513023075,1547707191,6,47115,49,8073,2.16289388515365,1558188923,3,47295,49,8153,2.493763484801413,1545608948,4,46917,49,8104,3.1127677946885695,1549799903,1,47200,49,8123
2.4555155724873803,1556098177,10,47421,49,8160,2.410019806228055,1556096563,7,47433,49,8075,2.6397193012476725,1564480079,3,47497,49,8109,2.2186819754126583,1560288496,4,47318,49,8133,2.6762328719111252,1560286236,1,47512,49,8161
2.4555155724873803,1556098177,10,47421,49,8160,2.410019806228055,1556096563,7,47433,49,8075,2.4502141491264564,1562383747,3,47411,49,8105,2.479279227309696,1545608847,4,46915,49,8156,2.6762328719111252,1560286236,1,47512,49,8161
2.4202251159492465,1556098180,9,47407,49,8117,2.726713652879797,1562387776,7,47568,49,8085,2.182681458491604,1558188752,2,47298,49,8158,1.5857008023443677,1551900654,5,47052,49,8118,2.3887062384031226,155609151,2,47403,49,8091
2.399825986452651,1556098075,9,47399,49,8115,1.812636357904626,1549805055,7,47178,49,8134,1.6641413275335137,1551897356,2,47070,49,8113,2.1514674733952766,1558192938,5,47289,49,8128,3.3339962850387925,1551897012,1,47287,49,8088
2.399825986452651,1556098075,9,47399,49,8115,1.812636357904626,1549805055,7,47178,49,8134,2.618403794135244,1564480388,3,47482,49,8173,2.3412793321738796,1560288895,4,47372,49,8120,3.3339962850387925,1551897012,1,47287,49,8088
2.363719489871349,1556097837,9,47385,49,8143,2.006019069077137,1551902878,7,47258,49,8067,2.337407371865472,1560286067,3,47365,49,8189,1.4443382928145332,1547705963,4,46982,49,8113,3.0561618250969973,1547703106,2,47171,49,8158
2.363719489871349,1556097837,9,47385,49,8143,2.006019069077137,1551902878,7,47258,49,8067,2.1332153466580994,1558189073,3,47271,49,8152,1.671377952849659,1551901603,5,47084,49,8110,3.0561618250969973,1547703106,2,47171,49,8158
2.433382117249873,1556096962,8,47414,49,8131,2.239077270788456,1553999956,7,47357,49,8086,1.8536465335503045,1553994817,3,47156,49,8176,1.8894407655940453,1556094703,4,47186,49,8121,2.7398745424498023,1545605534,1,47040,49,8129
2.433382117249873,1556096962,8,47414,49,8131,2.239077270788456,1553999956,7,47357,49,8086,1.5780553778997914,1549800267,3,47042,49,8120,2.1799247631947463,1558192614,5,47298,49,8120,2.7398745424498023,1545605534,1,47040,49,8129
2.5226278341866055,1558195452,9,47451,49,8135,2.44847217918206,1558192971,6,47448,49,8079,2.4876460050720475,1556091773,3,47428,49,19,2.480197511772758,1545610038,5,46914,49,8188,2.449598799289912,1556091708,1,47422,49,
2.5226278341866055,1558195452,9,47451,49,8135,2.44847217918206,1558192971,6,47448,49,8079,2.1784990179306982,1558188854,2,47299,49,8134,1.576828493766999,1549804165,5,47043,49,8120,2.449598799289912,1556091708,1,47422,49,8161
2.642267759889829,1560292450,10,47502,49,1,2.7065190207054934,1560290845,7,47558,49,8180,1.870270322820534,1553994718,3,47169,49,4,1.8293680045626188,1553998527,5,47151,49,8130,3.3339962850387925,1551897586,2,47287,49,8158
2.642267759889829,1560292450,10,47502,49,1,2.7065190207054934,1560290845,7,47558,49,8180,1.5931511893954056,1549800270,2,47046,49,8133,2.1395354670742712,1558192596,5,47278,49,8078,3.3339962850387925,1551897586,2,47287,49,8158
1.6195659236511162,1562389558,9,47577,49,18,1.8112087562643,1547707787,7,47176,49,8120,2.486829963851089,1562383416,2,47428,49,8176,2.4558204191462116,1545610047,5,46905,49,8125,3.062078591157645,1547702988,1,47169,49,8155
1.6195659236511162,1562389558,9,47577,49,18,1.8112087562643,1547707787,7,47176,49,8120,2.177173656068832,1551897320,2,47296,49,8175,1.5155288666304079,1549804282,5,47020,49,8173,3.062078591157645,1547702988,1,47169,49,8155
1.805502069316713,1547706361,4,47152,49,8079,2.1145411247778543,1553998696,6,47306,49,8110,1.8646621363128923,1553994756,2,47160,49,8122,1.883732210877562,1553997685,4,47170,49,8189,2.751299136829578,1543508815,1,47040,49,8119
1.805502069316713,1547706361,4,47152,49,8079,2.1145411247778543,1553998696,6,47306,49,8110,1.5537824160001048,1566577458,2,47536,49,8134,2.0988375769885175,1558191416,4,47269,49,8142,2.751299136829578,1543508815,1,47040,49,8119
1.9987825800320265,1549805862,9,47233,49,8142,2.4288890942917156,1558193900,7,47440,49,8102,2.369231072719311,1562382984,3,47373,49,8130,2.3795272223549957,1545609679,5,46877,49,8175,2.4559207361297037,1556091629,2,47432,49,8105
1.9987825800320265,1549805862,9,47233,49,8142,2.4288890942917156,1558193900,7,47440,49,8102,2.061409441428013,1558188603,2,47247,49,5,1.405679547798195,1549803318,5,46977,49,8132,2.4559207361297037,1556091629,2,47432,49,8105
2.3094593846383726,1554000235,9,47363,49,8107,0,1545611143,,47104,49,8106,1.745633765007647,1551897492,2,47111,49,8139,1.7580733058507187,1553997745,5,47122,49,8165,2.1694203350729997,1553994357,2,47300,49,8180
2.3094593846383726,1554000235,9,47363,49,8107,1.6431214076891167,1545611143,7,47104,49,8106,2.6401282783622695,1558188802,2,47493,49,8138,2.0393763892584214,1556095399,5,47236,49,8128,2.1694203350729997,1553994357,2,47300,49,8180
2.6478777958532236,1560292016,9,47509,49,8103,2.03569947389963,1551902339,6,47271,49,8102,2.325984688826554,1560286366,2,47357,49,18,2.3196570901764084,1560289370,4,47360,49,8137,3.163460776692786,1549800418,2,47218,49,8185
2.6478777958532236,1560292016,9,47509,49,8103,2.03569947389963,1551902339,6,47271,49,8102,2.0176537399385777,1556092293,3,47228,49,8134,2.5294610095863383,1547707242,5,46935,49,8151,3.163460776692786,1549800418,2,47218,49,8185
1.8118259095376945,1547706308,4,47154,49,8090,2.42654321392221,1558194000,7,47439,49,8102,1.7020825304286191,1545605803,3,47090,49,8116,1.649651614791725,1551901123,5,47081,49,8108,2.9471304217168726,1547703369,2,47123,49,8124
1.8118259095376945,1547706308,4,47154,49,8090,2.42654321392221,1558194000,7,47439,49,8102,2.6331928789418835,1564480512,2,47489,49,8099,1.8953575183355327,1556094777,4,47184,49,8124,2.9471304217168726,1547703369,2,47123,49,8124
2.1589140417967925,1554001173,10,47303,49,8129,1.61354323839175,1545611449,7,47090,49,8118,2.2887554279249422,1560286217,3,47346,49,19,2.1936914412355044,1560289928,5,47315,49,8090,2.7437521840507935,1545605577,1,47037,49,8150
2.1589140417967925,1554001173,10,47303,49,8129,1.61354323839175,1545611449,7,47090,49,8118,2.0330543919808433,1556091933,3,47237,49,8136,2.5016152632179973,1547706716,5,46928,49,8090,2.7437521840507935,1545605577,1,47037,49,8150
2.5134487851595213,1558195806,10,47451,49,8168,1.9387023372631114,1549805067,7,47230,49,8074,1.7438994526536793,1551897255,3,47112,49,8142,1.629661432869199,1551900605,5,47069,49,8119,2.6223779313018425,1560285675,1,47499,49,8142
2.5134487851595213,1558195806,10,47451,49,8168,1.9387023372631114,1549805067,7,47230,49,8074,2.663077780418964,1558188360,3,47500,49,8188,1.8889314401536703,1556095225,5,47183,49,8126,2.6223779313018425,1560285675,1,47499,49,8142
1.7040176239432419,1545612423,10,47107,49,8082,2.2202079844764397,1553999460,6,47350,49,8083,2.348422977796898,1562382997,2,47369,49,8141,2.256725384603158,1560289067,4,47337,49,8147,2.564649197207396,1558188765,1,47473,49,8155
1.7040176239432419,1545612423,10,47107,49,8082,2.2202079844764397,1553999460,6,47350,49,8083,2.087929800806131,1558188749,3,47251,49,8142,2.5272154630818253,1547706700,5,46941,49,8108,2.564649197207396,1558188765,1,47473,49,8155
2.0673224482467263,1551904312,10,47265,49,8130,2.441639028544427,1558194120,7,47443,49,8088,1.803262127291468,1553994252,2,47130,49,8131,1.6860666429415427,1551901049,5,47086,49,8147,2.4448047872590686,1558188521,1,47424,49,8118
2.0673224482467263,1551904312,10,47265,49,8130,2.441639028544427,1558194120,7,47443,49,8088,2.7144826772733586,1549800412,2,47012,49,8103,2.0084709797870914,1556095758,5,47229,49,8145,2.4448047872590686,1558188521,1,47424,49,8118
2.1354552330747554,1551903901,9,47293,49,8188,2.41644589571429,1558193503,7,47434,49,8155,2.176969177089497,1551897159,2,47298,49,8110,2.0261171392495427,1556095971,5,47232,49,8117,3.2239443646373656,1551896729,1,47241,49,8107
2.1354552330747554,1551903901,9,47293,49,8188,2.41644589571429,1558193503,7,47434,49,8155,2.1275030674246986,1558189151,2,47271,49,8118,1.4150630649673528,1547705640,4,46983,49,8098,3.2239443646373656,1551896729,1,47241,49,8107
1.6374146845861512,1545613007,10,47080,49,8145,2.766084884500224,1562388302,7,47582,49,8083,1.887202672771297,1553994792,2,47171,49,8061,1.8477279539972544,1553998236,5,47157,49,8170,2.289976654433342,1556091430,1,47358,49,8158
1.6374146845861512,1545613007,10,47080,49,8145,2.766084884500224,1562388302,7,47582,49,8083,1.5827471400750759,1543508978,3,47044,49,8160,2.1449410252121295,1558192740,5,47283,49,8148,2.289976654433342,1556091430,1,47358,49,8158
2.075176130956455,1551904044,10,47268,49,8121,1.6763708219245554,1547707866,7,47122,49,8090,2.486625478552135,1562382821,2,47430,49,8103,2.4847870256345903,1545608290,4,46919,49,8151,2.2942613420807643,1553994602,1,47356,49,8139
2.075176130956455,1551904044,10,47268,49,8121,1.6763708219245554,1547707866,7,47122,49,8090,2.1869661361667108,1558188937,2,47297,49,8139,1.576521760530322,1549803813,5,47048,49,8054,2.2942613420807643,1553994602,1,47356,49,8139
2.5053906132062083,1558195094,9,47450,49,8172,1.7253294593817172,1547708331,7,47138,49,8130,1.8632326778101278,1553994713,3,47167,49,8084,1.90698467843794,1556094603,4,47192,49,8132,2.2193957479396067,1553994388,1,47330,49,8093
2.5053906132062083,1558195094,9,47450,49,8172,1.7253294593817172,1547708331,7,47138,49,8130,1.5863180277504887,1549800273,2,47042,49,31,2.2735555102311387,1560290019,5,47342,49,8122,2.2193957479396067,1553994388,1,47330,49,8093
1.7554225317777599,1547709713,9,47131,49,8137,1.7370588614686289,1547708482,7,47143,49,8095,2.4757121126047466,1562383137,2,47426,49,8128,1.4328133653176884,1547707101,5,46977,49,8091,2.1955298635081055,1553994542,1,47316,49,8186
1.7554225317777599,1547709713,9,47131,49,8137,1.7370588614686289,1547708482,7,47143,49,8095,2.1793150563259416,1558189438,3,47300,49,8105,1.7418566074163275,1551901239,5,47115,49,8161,2.1955298635081055,1553994542,1,47316,49,8186
2.2448955933399883,1554001067,9,47340,49,8150,1.7253294593817172,1547708449,7,47138,49,8081,1.8548696656194812,1553994795,3,47161,49,6,2.031825674737988,1558192576,5,47248,49,8145,2.166256531142612,1553994009,1,47307,49,8090
2.2448955933399883,1554001067,9,47340,49,8150,1.7253294593817172,1547708449,7,47138,49,8081,1.5732613719351987,1549800353,3,47042,49,8119,2.3797317024661573,1545609677,5,46877,49,8114,2.166256531142612,1553994009,1,47307,49,8090
2.7148878085090637,1560292323,10,47540,49,8099,1.6968721811752419,1547707952,7,47129,49,8050,2.1913511805811297,1558189265,3,47302,49,8125,1.8844460087936719,1553998375,5,47173,49,8123,2.1700318952330075,1553994560,1,47302,49,8174
2.0141832286940837,1551903738,9,47242,49,8110,1.6994225371317826,1547708165,7,47128,49,8131,1.8727184385828595,1553994694,2,47170,49,2,2.179616152092418,1560289495,5,47311,49,8083,0,1553994473,1,47302,49,8118
2.4834616436895987,1558195548,10,47441,49,8079,1.6940169746265321,1547708314,7,47125,49,8100,2.26693057720771,1560286239,3,47329,49,8131,2.04335434536933,1556094905,5,47239,49,8118,3.3466439677138706,1553994478,1,47294,49,8148
1.761746371658754,1547709727,9,47133,49,8091,1.708194494764226,1547708408,7,47130,49,8145,1.9848132598709,1549800322,2,47207,49,8042,2.4407246022389804,1545609520,4,46903,49,8127,2.2131760326875973,1553994525,1,47319,49,8082
1.761746371658754,1547709727,9,47133,49,8091,1.708194494764226,1547708408,7,47130,49,8145,1.712995896315652,1551897336,2,47096,49,8163,1.5612233645101872,,5,47038,49,8168,2.2131760326875973,1553994525,1,47319,49,8082
2.200630579102355,1554001125,9,47318,49,8130,1.740934582814593,1547708660,7,47145,49,8104,2.6329883891481587,1564480709,2,47492,49,8180,1.936767325681047,1556094673,4,47204,49,8150,2.2778382826821613,1553994991,1,47357,49,8130
2.200630579102355,1554001125,9,47318,49,8130,1.740934582814593,1547708660,7,47145,49,8104,2.3564811424792054,1553994014,2,47371,49,8147,2.317006371360541,1560290394,5,47356,49,8118,2.2778382826821613,1553994991,1,47357,49,8130
2.649407634735318,1560292140,9,47510,49,8185,1.7886682306510409,1547708332,7,47165,49,8072,2.071915718596244,1558188567,3,47249,49,8135,1.423732788479555,1549803818,5,46986,49,8158,2.318331708139495,1556091088,1,47368,49,8107
2.649407634735318,1560292140,9,47510,49,8185,1.7886682306510409,1547708332,7,47165,49,8072,1.8387552059110255,1553994970,3,47151,49,8141,1.7461394248415696,1553998126,4,47121,49,8129,2.318331708139495,1556091088,1,47368,49,8107
1.8485439645207598,1547709563,10,47170,49,8163,1.8378294803450024,1549805276,7,47187,49,8090,1.560206610072781,1549800435,3,47034,49,8180,2.179006478125258,1558192390,5,47301,49,8099,2.4188978552279528,1556091664,1,47414,49,8078
1.8485439645207598,1547709563,10,47170,49,8163,1.8378294803450024,1549805276,7,47187,49,8090,2.528035296423091,1564480616,3,47448,49,8109,2.4878467044777066,1545609292,5,46921,49,8061,2.4188978552279528,1556091664,1,47414,49,8078
2.2324523895100183,1554001095,9,47334,49,8114,1.9651186168719548,1549805355,7,47232,49,8134,2.3114000824423795,1560285981,2,47348,49,8185,1.7061590625061924,1551901715,5,47097,49,8149,2.484889250648446,1558188359,1,47438,49,8082
2.2324523895100183,1554001095,9,47334,49,8114,1.9651186168719548,1549805355,7,47232,49,8134,2.039480471707774,1558188508,2,47238,49,8161,2.0379487821503797,1556094623,4,4736,49,8147,2.484889250648446,1558188359,1,47438,49,8082
2.5951456391065126,1558195196,9,47490,49,8120,2.008058263001316,1551902444,7,47251,49,8099,1.8046897347638777,1553994724,2,47132,49,8095,2.3839122499691663,1545610054,5,46884,49,8086,2.585457307363633,1558188574,1,47476,49,8125
2.5951456391065126,1558195196,9,47490,49,8120,2.008058263001316,1551902444,7,47251,49,8099,1.5916213492424438,1549800425,3,47045,49,8142,1.5825407769967554,1549804209,5,47045,49,8117,2.585457307363633,1558188574,1,47476,49,8125
1.7196227514920939,1547709417,9,47114,49,8170,2.1382044474233757,1551902023,7,47303,49,8079,2.5199790277450025,1564480334,2,47439,49,8136,1.9396262576280658,1556095187,5,47192,49,8110,2.626051080925267,1560285957,2,47494,49,8125
1.7196227514920939,1547709417,9,47114,49,8170,2.1382044474233757,1551902023,7,47303,49,8079,2.3334294093024446,1560286003,2,47364,49,8152,2.3009922805753766,1560290287,5,47353,49,8118,2.626051080925267,1560285957,2,47494,49,8125
2.0752783705377578,1551904366,10,47267,49,8052,2.3483131559349624,1556096677,7,47395,49,8025,2.1065946129769473,1551897142,2,47260,49,9,1.4529038809951351,1549803585,5,46996,49,8157,2.654813204190968,1560285757,1,47508,49,6
2.0752783705377578,1551904366,10,47267,49,8052,2.3483131559349624,1556096677,7,47395,49,8025,1.9115797599808342,1556091510,2,47180,49,8148,1.8040726402870675,1553998533,5,47145,49,8130,2.654813204190968,1560285757,1,47508,49,6
2.4624509592011803,1558195005,9,47431,49,8110,2.5975880234419484,1560291152,7,47503,49,8073,1.7263573809704047,1551897593,2,47100,49,8129,2.1877784415158508,1558192548,5,47303,49,8085,2.711216591523304,1560286307,2,47531,49,8120
2.4624509592011803,1558195005,9,47431,49,8110,2.5975880234419484,1560291152,7,47503,49,8073,1.5371567653687759,1549800329,2,47019,49,8116,2.492231735260766,1545609474,5,46926,49,8111,2.711216591523304,1560286307,2,47531,49,8120
1.6852505765826051,1545612172,9,47099,49,8082,1.71727133868417,1547707382,6,47126,49,8000,2.5217133527520565,1564480300,3,47438,49,8189,1.671480183165254,1551901252,5,47085,49,8129,2.666235872588705,1560286172,1,47516,49,8104
1.6852505765826051,1545612172,9,47099,49,8082,1.71727133868417,1547707382,6,47126,49,8000,2.386161558558836,1556091602,3,47383,49,8122,1.9664496014383972,1556095768,5,47209,49,8137,2.666235872588705,1560286172,1,47516,49,8104
2.138617154302699,1551903531,9,47294,49,8119,2.0700716744049945,1551902699,7,47275,49,8152,2.2055287086660744,1551896985,2,47306,49,8120,2.3032340249128542,1545608510,4,46851,49,8126,2.5905561334533105,1558188751,1,47482,49,8138
2.138617154302699,1551903531,9,47294,49,8119,2.0700716744049945,1551902699,7,47275,49,8152,2.0861954834741567,1558188693,2,47252,49,8165,1.467590722156045,1549803694,5,47004,49,8127,2.5905561334533105,1558188751,1,47482,49,8138
2.3138444213120044,1553999760,8,47368,49,8093,2.2809964233840567,1556096468,7,47367,49,8096,1.6903531244318406,1551897624,3,47085,49,8149,1.509205018097843,1549803606,4,47020,49,8096,3.3451160365075996,1551897434,1,47284,49,8118
2.3138444213120044,1553999760,8,47368,49,8093,2.2809964233840567,1556096468,7,47367,49,8096,1.8579311999245862,1553995088,3,47154,49,8141,2.162685670025001,1558192373,5,47301,49,8110,3.3451160365075996,1551897434,1,47284,49,8118
1.9643081677869012,1549806695,10,47219,49,8151,1.7855063453511577,1547708925,7,47153,49,8049,1.6964724953319272,1551897398,2,47089,49,8170,2.559343990362774,1547707290,5,46956,49,8099,2.2194979916552584,1553994195,1,47328,49,8135
1.9643081677869012,1549806695,10,47219,49,8151,1.7855063453511577,1547708925,7,47153,49,8049,1.6026369558766036,1549799755,2,47049,49,8181,1.7192138381209643,1551900667,4,47105,49,8133,2.2194979916552584,1553994195,1,47328,49,8135
2.5460866300300267,1558195624,10,47467,49,8091,2.2962948135679926,1556096863,7,47377,49,8081,2.667157989090983,1566577078,2,47500,49,8139,2.0514106351079997,1558192375,5,47248,49,8133,3.1825345521562625,1549800314,1,47222,49,8152
2.5460866300300267,1558195624,10,47467,49,8091,2.2962948135679926,1556096863,7,47377,49,8081,2.6229933143684536,1558188721,2,47484,49,8132,2.3650429619371325,1545609622,5,46877,49,8166,3.1825345521562625,1549800314,1,47222,49,8152
1.9390128030035032,1549807207,10,47211,49,8097,1.6986065362542038,1547707869,7,47116,49,8033,2.474080033809023,1562383171,3,47424,49,8087,1.5772374589495517,1549804116,5,47041,49,8102,2.7545633064525203,1545605839,1,47040,49,8084
1.9390128030035032,1549807207,10,47211,49,8097,0,1547707869,7,47116,49,8033,2.3765754402312895,1556091328,3,47372,49,8111,1.8797542470492643,1553997876,5,47171,49,8129,2.7545633064525203,1545605839,1,47040,49,8084
2.5537358256304423,1558194973,9,47472,49,8156,2.302925391054356,1556096319,6,47375,49,8063,2.205324231243073,1560286025,3,47307,49,8139,2.214806249508052,1560289165,4,47318,49,8144,2.402478596602817,1556091806,1,47396,49,8080
2.5537358256304423,1558194973,9,47472,49,8156,2.302925391054356,1556096319,6,47375,49,8063,2.1057785746694893,1558189034,3,47259,49,6,2.4845806291729873,1547706130,4,46929,49,8091,2.402478596602817,1556091806,1,47396,49,8080
2.0174473884684465,1551902909,9,47242,49,8142,1.7597016640075336,1547707632,6,47141,49,8088,1.9097432101781906,1553994413,2,47181,49,8107,1.6334349154924932,1551900117,4,47074,49,8142,3.174680873023609,1549800826,2,47217,49,8151
2.0174473884684465,1551902909,9,47242,49,8142,1.7597016640075336,1547707632,6,47141,49,8088,1.7506322332142121,1551897421,3,47109,49,8111,1.880261713781959,1556095490,5,47182,49,8115,3.174680873023609,1549800826,2,47217,49,8151
2.7029539120075876,1560291129,8,47537,49,8140,2.432051055223391,1556096770,7,47429,49,8116,1.5546988104275836,1549800751,3,47030,49,8183,2.2703916963884487,1560289923,5,47349,49,8183,2.734573159271828,1560286061,1,47540,49,8124
2.7029539120075876,1560291129,8,47537,49,8140,2.432051055223391,1556096770,7,47429,49,8116,2.627480588775374,1558188720,2,47488,49,8190,2.4767269457933243,1547705922,4,46926,49,8101,2.734573159271828,1560286061,1,47540,49,8124
2.2270468281547644,1554001146,10,47331,49,8148,1.9607335788799891,1549805699,7,47226,49,8112,2.3935059273163217,1562383536,3,47382,49,9,1.578356425047448,1551900965,5,47054,49,8127,2.3029291793810405,1556092050,2,47364,49,8123
2.2270468281547644,1554001146,10,47331,49,8148,1.9607335788799891,1549805699,7,47226,49,8112,2.2965087560659176,1553994568,3,47341,49,8176,1.8832191578014463,1553998071,5,47185,49,8158,2.3029291793810405,1556092050,2,47364,49,8123
1.7297200781727378,1547708907,9,47119,49,8143,2.739565880100071,1560290570,7,47558,49,8045,2.072833999406407,1558188776,2,47246,49,8181,2.180638558813153,1558192531,5,47301,49,8137,3.1295998197038677,1549800216,1,47195,49,8151
1.7297200781727378,1547708907,9,47119,49,8143,2.739565880100071,1560290570,7,47558,49,8045,1.9240229702171974,1556091318,2,47185,49,8112,2.473873662851538,1545610105,5,46914,49,8174,3.1295998197038677,1549800216,1,47195,49,8151
2.1199523471995207,1551903865,9,47285,49,8113,2.1341242472827,1551901832,6,47302,49,8067,2.6798056824336687,1566577272,2,47503,49,8099,2.370857487696946,1545608760,4,46878,49,8084,2.4384809500806197,1556091778,1,47419,49,8127
2.1199523471995207,1551903865,9,47285,49,8113,2.1341242472827,1551901832,6,47302,49,8067,1.5362384851760427,1549800723,2,47019,49,8163,1.7898951141028463,1553998419,5,47142,49,8051,2.4384809500806197,1556091778,1,47419,49,8127
1.90953686761298,1549806043,9,47196,49,8130,1.9623656589309806,1549805404,7,47226,49,8132,2.479690079751024,1556091572,3,47425,49,8165,2.1617692673906443,1558192291,4,47296,49,8093,2.378101503983934,1556091913,1,47387,49,8087
1.90953686761298,1549806043,9,47196,49,8130,1.9623656589309806,1549805404,7,47226,49,8132,2.2512232119978512,1560286021,3,47321,49,8157,2.358821355792434,1545609787,5,46876,49,8093,2.378101503983934,1556091913,1,47387,49,8087
2.6242144987188283,1560292352,10,47500,49,8138,2.6801028269825546,1560289944,6,47533,49,8091,2.0002139185440657,1549800102,2,47214,49,8135,1.5369485106490648,1549804605,5,47030,49,8111,3.2158862026951796,1549799908,1,47237,49,8142
2.6242144987188283,1560292352,10,47500,49,8138,2.6801028269825546,1560289944,6,47533,49,8091,1.7207473471965464,1551897191,2,47098,49,8105,1.8165176953796358,1553998183,4,47145,49,8119,3.2158862026951796,1549799908,1,47237,49,8142
2.111078146363666,1551903675,10,47283,49,8145,2.183489977298545,1553999829,7,47322,49,8058,2.626766791075023,1564480625,3,47487,49,11,2.151876423756474,1558192098,4,47289,49,8126,2.881750608180935,1547702845,1,47097,49,8123
2.111078146363666,1551903675,10,47283,49,8145,2.183489977298545,1553999829,7,47322,49,8058,2.302219153540005,1560286357,3,47351,49,8154,2.483768397162935,1545609295,4,46915,49,8136,2.881750608180935,1547702845,1,47097,49,8123
1.6332322584440906,1562389943,10,47592,49,8134,1.706357976119367,1547707149,6,47121,49,8062,2.0010299550242605,1556092193,3,47216,49,8142,1.5924336086075643,1551899900,4,47054,49,24,2.5925952848171345,1558188493,1,47484,49,8121
1.6332322584440906,1562389943,10,47592,49,8134,1.706357976119367,1547707149,6,47121,49,8062,1.6748502267464318,1551897411,3,47078,49,8131,1.666381318026571,1551901176,4,47081,49,8125,2.5925952848171345,1558188493,1,47484,49,8121
1.9047428702776241,1549807342,10,47194,49,8122,1.8603700407373236,1549805592,7,47187,49,8062,1.8978093277235435,1553994463,3,47180,49,8140,2.150958143628965,1558192860,5,47290,49,8165,3.1681506464830282,1549800078,2,47225,49,8115
1.9047428702776241,1549807342,10,47194,49,8122,1.8603700407373236,1549805592,7,47187,49,8062,1.5870318270267119,1549800452,3,47043,49,8152,2.041924868039878,1556095095,5,47247,49,8081,3.1681506464830282,1549800078,2,47225,49,8115
2.6564452796340134,1560292126,9,47512,49,8178,2.5861653609627626,1558193685,7,47495,49,8105,2.4710203504454147,1562383352,3,47424,49,8162,2.0932275252711237,1558193158,5,47272,49,8111,2.984359680901599,1547703331,2,47131,49,8119
2.6564452796340134,1560292126,9,47512,49,8178,2.5861653609627626,1558193685,7,47495,49,8105,2.140251118212513,1558189429,3,47283,49,8189,1.8526241845887297,1553997784,4,47159,49,8138,2.984359680901599,1547703331,2,47131,49,8119
2.2106256640681052,1553997407,4,47323,49,8072,2.100363636775285,1551902284,7,47290,49,8084,2.6422696692610304,1564480239,3,47497,49,8164,2.554958957242144,1547706698,4,46953,49,8059,2.7958728016838013,1545605995,1,47051,49,8119
1.730433883369107,1547708849,8,47119,49,8141,1.6478132035850026,1545611512,7,47095,49,8104,2.288348347998692,1560286494,3,47343,49,8148,2.322817105343785,1562386455,5,47373,49,8097,2.6318637066955044,1560286170,2,47499,49,8094
1.730433883369107,1547708849,8,47119,49,8141,1.6478132035850026,1545611512,7,47095,49,8104,1.9123957975826478,1556091606,3,47181,49,8142,2.0345823801462903,1556094945,5,47239,49,8122,2.6318637066955044,1560286170,2,47499,49,8094
1.995825138401365,1549805568,9,47229,49,8168,1.9574694155196637,1549805336,7,47227,49,8119,2.029076429561786,1556091697,3,47237,49,8143,1.573973287907921,1549804200,5,47044,49,8153,2.405536376085806,1556091289,1,47406,49,8127
1.995825138401365,1549805568,9,47229,49,8168,1.9574694155196637,1549805336,7,47227,49,8119,1.65618541050825,1551897532,3,47069,49,8176,1.3924221800814571,1547706315,4,46968,49,8079,2.405536376085806,1556091289,1,47406,49,8127
2.384016367326767,1556098312,10,47398,49,8128,2.4362335049817134,1556096185,7,47429,49,8103,2.241532964883734,1560285995,3,47322,49,8130,2.1900220752003765,1560289303,5,47308,49,8164,3.1994650369807114,1549799762,1,47230,49,8175
2.1771717739550507,1554000214,9,47306,49,8128,2.087920435805453,1551902839,7,47284,49,8075,1.6964724936881883,1551897669,3,47090,49,5,2.418286314355042,1545609601,5,46894,49,8064,2.2563182896309666,1553995116,2,47341,49,8168
2.1771717739550507,1554000214,9,47306,49,8128,2.087920435805453,1551902839,7,47284,49,8075,2.5144712241138896,1562382499,2,47437,49,8165,2.3144541060895514,1543511597,4,46856,49,8130,2.2563182896309666,1553995116,2,47341,49,8168
1.6092641183327858,1562389645,10,47578,49,8143,2.7486426549569147,1562388255,7,47566,49,8073,1.736250240433645,1551897339,3,47107,49,8117,2.0627310737170355,1558192078,4,47260,49,8130,3.3501107161566597,1551896869,1,47298,49,8152
2.179313174156228,1554000983,10,47309,49,8110,2.143507765568999,1553999305,7,47307,49,8106,2.545376650240168,1564480286,3,47446,49,8097,2.0399879407740364,1556095271,5,47243,49,8121,3.3200213314799067,1551897398,1,47289,49,8090
2.179313174156228,1554000983,10,47309,49,8110,2.143507765568999,1553999305,7,47307,49,8106,2.1818654183079564,1558188861,3,47298,49,8150,1.5691792836473912,1549804386,5,47043,49,8084,3.3200213314799067,1551897398,1,47289,49,8090
2.385750692314512,1556097897,9,47397,49,8181,2.504059547192209,1558193418,6,47460,49,8038,1.5435809608686537,1549800216,3,47028,49,8180,2.1850254739028707,1558191706,4,47301,49,8107,2.9540658290334108,1547703366,2,47125,49,8031
2.0175496316376593,1551903613,10,47239,49,8085,2.084351438783663,1551901908,6,47279,49,8098,2.1967567452568546,1558188497,3,47304,49,8139,1.5795833332866687,1549804041,5,47045,49,8128,3.267495578309024,1551897319,2,47260,49,8126
2.0175496316376593,1551903613,10,47239,49,8085,2.084351438783663,1551901908,6,47279,49,8098,1.831310467259235,1547702891,3,47143,49,8161,2.227452038072202,1560289780,5,47333,49,8128,3.267495578309024,1551897319,2,47260,49,8126
2.441949590435169,1556097884,10,47422,49,8157,2.6134998833778984,1560290060,6,47507,49,8102,2.636864111370506,1564480811,3,47493,49,8145,1.889033664760615,1556095516,5,47187,49,8085,3.251381141094245,1551897431,1,47250,49,8172
2.441949590435169,1556097884,10,47422,49,8157,2.6134998833778984,1560290060,6,47507,49,8102,2.2600974139599526,1560286098,3,47323,49,8183,1.4271995324493534,1549804026,5,46995,49,8092,3.251381141094245,1551897431,1,47250,49,8172
1.613242076250142,1562389752,9,47579,49,8091,1.9909233007609803,1551901985,7,47243,49,8077,1.870679268528534,1553994858,3,47165,49,8150,2.4368488746722488,1545609933,5,46904,49,8090,3.2782063577952516,1551897486,2,47259,49,8122
1.613242076250142,1562389752,9,47579,49,8091,1.9909233007609803,1551901985,7,47243,49,8077,2.689189206034195,1566577327,3,47508,49,8162,2.0419267363178,1556095335,5,47240,49,8115,3.2782063577952516,1551897486,2,47259,49,8122
1.9282016811700344,1549805874,8,47203,49,8123,2.5571987541267367,1558193494,6,47483,49,8107,2.3127254423417383,1553994384,3,47351,49,8104,1.783366797832473,1553997708,4,47143,49,8125,3.26372210100501,1551897158,1,47257,49,8137
2.2075659855177814,1554001145,10,47320,49,8085,1.8705696019848173,1549805676,7,47191,49,8095,1.5749956976979536,1549800450,3,47040,49,8116,2.158402863215774,1558191861,4,47298,49,8119,3.3312433347433354,1551897230,2,47283,49,8173
2.1218892747533493,1551903643,9,47287,49,8126,2.1696191754065026,1553999595,7,47315,9,8078,1.7834745686806261,1553994622,3,47124,49,8144,2.24662804969899,1560289871,5,47337,49,8138,3.0412704974371425,1547703141,2,47166,49,8120
2.1218892747533493,1551903643,9,47287,49,8126,2.1696191754065026,1553999595,7,47315,49,8078,1.713200366433037,1545605699,3,47093,49,8151,2.1967529957748,1560289156,5,47314,49,8116,3.0412704974371425,1547703141,2,47166,49,8120
2.315578751287846,1553999601,8,47364,49,8102,2.6580716107017346,1560291487,7,47526,49,8161,2.3050762389804538,1560286174,3,47346,49,8123,1.6120152756886776,1551900814,4,47071,49,8150,3.117258854333156,1549800403,1,47189,49,8153
2.315578751287846,1553999601,8,47364,49,8102,2.6580716107017346,1560291487,7,47526,49,8161,2.180131098386118,1558189051,2,47299,49,8156,1.5816205823730047,1551900775,5,47057,49,8108,3.117258854333156,1549800403,1,47189,49,8153
1.6067137702981764,1562390074,10,47578,49,8123,2.1553394061299236,1553999751,7,47312,49,8101,1.8237616459776964,1553995072,3,47145,49,33,1.4310790371364466,1547706874,5,46981,49,8111,2.2717189109474996,1553994794,1,47358,49,8114
1.6067137702981764,1562390074,10,47578,49,8123,2.1553394061299236,1553999751,7,47312,49,8101,1.527366162702985,1566577355,3,47523,49,8130,2.310885112129176,1560289931,5,47363,49,8099,2.2717189109474996,1553994794,1,47358,49,8114
1.7585844583678025,1547709202,9,47129,49,8170,2.674492770192305,1560291022,6,47534,49,8061,2.366680709559872,1562382824,3,47374,49,8149,2.18420943361548,1558192032,4,47301,49,8136,2.3258805493713566,1556091939,2,47371,49,8138
1.7585844583678025,1547709202,9,47129,49,8170,2.674492770192305,1560291022,6,47534,49,8061,2.0409080749316715,1556091967,3,47240,49,8082,1.8859758436153327,1553998303,5,47177,49,8066,2.3258805493713566,1556091939,2,47371,49,8138
1.9204502391004294,1549806162,9,47198,49,8095,2.0270297838039433,1551902512,7,47258,49,8108,1.7227865227212442,1551897567,3,47103,49,8155,1.7506267055408753,1553997283,4,47128,49,8130,2.4275675683265736,1556091977,2,47422,49,8152
1.9204502391004294,1549806162,9,47198,49,8095,2.0270297838039433,1551902512,7,47258,49,8108,2.630133199972436,1558188441,2,47487,49,8140,2.4757083188053985,1547706423,5,46923,49,8164,2.4275675683265736,1556091977,2,47422,49,8152
2.0473322846376356,1551903984,10,47250,49,8144,2.6062577457831093,1560291194,7,47507,49,8057,2.2963042740579587,1560286069,3,47344,49,8155,2.174312824276481,1560289294,4,47310,49,8190,2.4532719198915105,1558189073,2,47426,49,8065
2.0473322846376356,1551903984,10,47250,49,8144,2.6062577457831093,1560291194,7,47507,49,8057,2.016328373671407,1556091967,3,47225,49,8129,1.575707612593188,1549803723,5,47043,49,8061,2.4532719198915105,1558189073,2,47426,49,8065
2.1910425807993317,1554000486,9,47313,49,8086,2.072417551606712,1551902922,7,47277,49,8059,1.7202380101507941,1551897925,3,47096,49,8123,2.304665402047766,1560289227,4,47352,49,8067,2.437155578567389,1558188578,1,47424,49,8152
2.1910425807993317,1554000486,9,47313,49,8086,2.072417551606712,1551902922,7,47277,49,8059,2.563020930592174,1564480515,2,47457,49,8182,1.4424998257383108,1549803667,5,46997,49,8117,2.437155578567389,1558188578,1,47424,49,8152
2.3771832120668264,1556098095,9,47392,49,8146,1.5906960321074388,1562388448,7,47584,49,8118,2.2592813737045043,1560285783,3,47323,49,8182,2.069259394620247,1558192882,5,47260,49,8099,2.4334824378910938,1556091247,1,47428,49,8158
2.3771832120668264,1556098095,9,47392,49,8146,1.5906960321074388,1562388448,7,47584,49,8118,1.8992369345131461,1553994382,3,47181,49,8120,2.4680591225476056,1545609198,5,46918,49,8133,2.4334824378910938,1556091247,1,47428,49,8158
2.280288295947305,1553997964,5,47350,49,8076,2.128514197634628,1553999111,7,47303,49,8117,2.492133281981692,1562383007,3,47432,49,8140,1.5768284818777767,1549803374,4,47048,49,8125,3.3181885626322325,1551897728,2,47282,49,8059
2.280288295947305,1553997964,5,47350,49,8076,2.128514197634628,1553999111,7,47303,49,8117,2.381776519619949,1562383042,3,47378,49,8111,2.3816686043562982,1545609681,5,46885,49,8100,3.3181885626322325,1551897728,2,47282,49,8059
1.5938630890338574,1562389744,10,47568,49,8126,1.9763386954801412,1549805304,7,47235,49,8106,1.9903192060331696,1556091922,2,47216,49,8099,1.8776128334136977,1553997961,4,47171,49,8148,2.286305405752383,1553994220,1,47359,49,8135
1.5938630890338574,1562389744,10,47568,49,8126,1.9763386954801412,1549805304,7,47235,49,8106,1.6056966361513052,1549799970,2,47051,49,2,2.35535650021542,1562386142,4,47375,49,8160,2.286305405752383,1553994220,1,47359,49,8135
1.7274764416978643,1547709131,9,47113,49,8118,1.6221107524554033,1545611452,7,47084,49,8098,2.3759619930868676,1562383077,2,47379,49,8155,1.8958686942348728,1553997902,5,47184,49,8128,2.264069711853571,1553994966,2,47353,49,0
2.655731489119929,1560292428,10,47508,49,8146,2.2866064653719858,1553999652,7,47361,49,8059,2.362804987922783,1560285636,3,47372,49,8150,1.4145556299952706,1547706418,4,46975,49,8093,2.9938416591698815,1547702644,1,47158,49,8129
1.7821455056875986,1547709775,10,47137,49,8051,2.095978603054344,1551902747,7,47284,49,8114,1.9661484472490685,1556091604,2,47197,49,8114,2.2013444003846816,1558192030,5,47309,49,8145,3.3140061096105478,1551897490,1,47284,49,8118
1.7821455056875986,1547709775,10,47137,49,8051,2.095978603054344,1551902747,7,47284,49,8114,1.5655099314904686,1549800442,3,47037,49,55,1.5747874271752627,1551900237,4,47052,49,8167,3.3140061096105478,1551897490,1,47284,49,8118
1.7860212284254668,1547708696,8,47139,49,8174,2.754864256476365,1562388223,7,47568,49,8124,2.34362897441743,1553993925,2,47368,49,8076,2.4560248936218514,1545610045,5,46908,49,8102,3.2331233886229556,1551897642,1,47253,49,8163
1.7860212284254668,1547708696,8,47139,49,8174,2.754864256476365,1562388223,7,47568,49,8124,1.9477884903582694,1556091512,2,47193,49,8142,1.888321724479557,1553998094,5,47178,49,8188,3.2331233886229556,1551897642,1,47253,49,8163
1.764296733425401,1547709791,10,47128,49,8102,2.1653344909914094,1553999930,7,47316,49,8172,1.5348089941975613,1549800567,3,47026,49,8146,1.5506167215084625,1549803903,4,47033,49,8170,3.1825326355860994,1551897628,2,47237,49,8105
1.764296733425401,1547709791,10,47128,49,8102,2.1653344909914094,1553999930,7,47316,49,8172,2.336591331130557,1560286082,3,47365,49,8140,2.2026678744211523,1560289252,4,47320,49,8118,3.1825326355860994,1551897628,2,47237,49,8105
1.7651127723802449,1547709748,9,47128,49,8131,1.692384934252173,1545610971,7,47105,49,8100,1.9290214404442505,1549800177,3,47185,49,8180,1.8998485117749409,1553997974,5,47177,49,8108,3.168355108342845,1549800268,2,47232,49,8178
1.7651127723802449,1547709748,9,47128,49,8131,1.692384934252173,1545610971,7,47105,49,8100,2.6456360823673744,1558188616,3,47495,49,8102,1.4233275946046189,1547707047,5,46977,49,8126,3.168355108342845,1549800268,2,47232,49,8178
1.7674586533242627,1547709270,9,47129,49,8137,0,1556096714,7,47429,49,8090,0,1558188834,3,47301,49,811,2.346075218202118,1560289827,5,47370,49,8090,3.210582864454723,1551897651,2,47242,49,8068
1.764296733425401,1547709213,9,47128,49,8128,2.0074467068984694,1551901625,6,47248,49,8079,1.8450808921254298,1547702928,2,47144,49,8140,1.799992436584953,1553998060,4,47148,49,8122,3.302888259370602,1551897564,1,47281,49,8129
0,157708536,8,47132,49,8130,1.6251704417596984,1545611407,7,47084,49,8077,2.4708158669587887,1562383402,3,47425,49,8163,1.3785513762252817,1547706873,5,46960,49,8112,3.3268544625562684,1553994465,1,47302,49,8097
1.7687840231324055,1547708536,8,47132,49,8130,1.6251704417596984,1545611407,7,47084,49,8077,1.9106614842860954,1547702933,3,47181,49,8146,1.7873466110865301,1553997387,4,47136,49,8111,3.3268544625562684,1553994465,1,47302,49,8097
2.6203387855353264,1560292315,10,47495,49,8181,2.1268821228284627,1551902346,7,47301,49,8070,2.307319879862399,1560285959,2,47348,49,8115,2.155140582465074,1558193066,5,47290,49,8181,3.1545884500959676,1549800049,1,47215,49,8134
2.6203387855353264,1560292315,10,47495,49,8181,2.1268821228284627,1551902346,7,47301,49,8070,1.9511548837844175,1556091746,3,47192,49,8126,1.821107218541547,1553997874,4,47149,49,8101,3.1545884500959676,1549800049,1,47215,49,8134
1.6852506022440843,1562389177,9,47599,49,8181,1.8268139178320661,1547707985,7,47171,49,8163,2.567407865709621,1564480177,2,47454,49,8171,2.5030428457434435,1547707102,5,46935,49,8078,2.4280768762663016,1558188691,1,47426,49,8141
1.6852506022440843,1562389177,9,47599,49,8181,1.8268139178320661,1547707985,7,47171,49,8163,1.9478907268660681,1549799900,2,47192,49,8137,1.8817934094325341,1553997445,5,47178,49,8131,2.4280768762663016,1558188691,1,47426,49,8141
2.679904112357832,1560292540,10,47511,49,8132,2.3405617205014466,1556096894,6,47390,49,8065,2.599025190099044,1558188636,2,47472,49,8117,1.448516942299374,1549804017,5,47002,49,8090,2.5575073769334815,1558188498,1,47485,49,8095
2.679904112357832,1560292540,10,47511,49,8132,2.3405617205014466,1556096894,6,47390,49,8065,1.9764483936893047,1549800202,2,47208,49,8104,2.1016946436849073,1558192571,4,47270,49,8114,2.5575073769334815,1558188498,1,47485,49,8095
2.0705866353963893,1551902767,8,47253,49,3,2.6095219248585493,1560291128,7,47504,49,8052,2.3516871407643034,1553994156,3,47369,49,8173,1.3974206638802826,1547707424,5,46967,49,8108,2.3668813825284856,1556091812,2,47399,49,8115
2.0705866353963893,1551902767,8,47253,49,3,2.6095219248585493,1560291128,7,47504,49,8052,1.994299023173366,1556091941,2,47209,49,8123,2.3696343734767367,1545609495,5,46875,49,8105,2.3668813825284856,1556091812,2,47399,49,8115
1.9486008296268735,1549806856,10,47201,49,8155,2.041921116067116,1551902786,7,47261,49,8144,2.566998894595626,1564480994,3,47458,49,8133,2.03254321254173,1556095675,5,47236,49,8140,2.8010742206005252,1545606038,2,47070,49,8150
1.9486008296268735,1549806856,10,47201,49,8155,2.041921116067116,1551902786,7,47261,49,8144,1.9527869622102836,1556091692,2,47192,49,8119,1.4263853863373261,1549803510,5,46987,49,8142,2.8010742206005252,1545606038,2,47070,49,8150
2.6251328094157826,1558193872,8,47488,49,8128,2.511097194755996,1558193788,6,47461,49,8106,2.5743432669392643,1558188651,2,47458,49,8141,2.313128750823649,1560289755,5,47365,49,8113,2.792200020835809,1545605620,1,47069,49,8119
2.6251328094157826,1558193872,8,47488,49,8128,2.511097194755996,1558193788,6,47461,49,8106,1.8861821607706326,1553994567,3,47173,49,8143,1.721253004335661,1551900632,5,47112,49,8169,2.792200020835809,1545605620,1,47069,49,8119
2.0308088988874107,1549806634,10,47235,49,8117,2.621353573247883,1560291165,7,47508,49,8152,2.488155318340066,1562383257,2,47431,49,8124,2.6168701418523757,1547707214,5,46979,49,8094,2.7574203887032818,1545605964,2,47050,49,8170
2.0308088988874107,1549806634,10,47235,49,8117,0,1558193465,6,47446,49,8133,1.7976520910461207,1553994867,2,47129,49,8106,1.822125876350647,1553997826,4,47155,49,8141,2.7574203887032818,1545605964,2,47050,49,8170
2.6611370649971953,1560292118,9,47503,49,8124,2.7410957209783464,1560290725,7,47558,49,8121,2.3850406825415265,1556091848,3,47378,49,8146,2.487337386247391,1545609857,5,46921,49,8141,2.6038153498151457,1560286340,2,47500,49,8093
2.6611370649971953,1560292118,9,47503,49,8124,2.3446419304407264,1556097315,7,47389,49,8136,1.734720397925108,1551897547,3,47106,49,8171,1.724110063983852,1551901106,5,47108,49,8177,2.6038153498151457,1560286340,2,47500,49,8093
2.0879260805448197,1551903845,9,47259,49,8122,2.3922733362010242,1556096249,6,47410,49,8126,2.2505094098176133,1560285972,2,47321,49,8182,2.3728985377819876,1545609384,4,46875,49,8157,15.538994378833824,1558188840,2,47434,49,8152
2.0879260805448197,1551903845,9,47259,49,8122,2.3922733362010242,1556096249,6,47410,49,8126,1.5756091469763438,1566577699,3,47546,49,8190,1.6364945916732776,1551900415,4,47079,49,8091,2.455515544894906,1558188840,2,47434,49,8152
2.7227415200872627,1560292194,9,47531,49,8159,2.0647683610871987,1551902922,7,47269,49,8118,2.043151717731397,1556091794,3,47242,49,8092,2.3388330921695952,1560289691,5,47369,49,8129,2.273657704845886,1553994790,2,47361,49,8119
2.7227415200872627,1560292194,9,47531,49,8159,2.553220795990395,1558194241,7,47480,49,8164,2.473061403917474,1562383438,2,47419,49,8086,1.4045605471801772,1547706846,5,46969,49,8117,2.273657704845886,1553994790,2,47361,49,8119
1.6998352211507572,1545612331,10,47096,49,8170,1.9869453465698887,1549805196,7,47240,49,8097,2.638087217565826,1558188527,3,47497,49,8146,1.5822321365507845,1551899620,4,47059,49,8152,3.007104662520126,1547703309,1,47154,49,8149
1.6998352211507572,1545612331,10,47096,49,8170,1.9869453465698887,1549805196,7,47240,49,8097,2.0357069871318636,1556091549,2,47235,49,4,2.294056872588392,1560290221,5,47352,49,8119,3.007104662520126,1547703309,1,47154,49,8149
2.0630396669045385,1551903957,10,47248,49,8128,0,,,,,8064,2.1897191018742292,1558188558,2,47301,49,8137,2.4731579502812107,1547705410,4,46924,49,8143,2.6962210623839407,1543508576,1,47034,49,8154
2.0630396669045385,1551903957,10,47248,49,8128,2.171046779554431,1553999382,7,47315,49,8064,1.5506204939996462,1566577325,2,47535,49,8137,2.03254321254173,1556095498,5,47236,49,8123,2.6962210623839407,1543508576,1,47034,49,8154
2.659504979021453,1560291648,8,47504,49,8134,2.4390886995794925,1556096282,7,47431,49,8094,1.8979115662487556,1553994443,3,47178,49,8110,1.4481098699868244,1549803404,5,46998,49,8152,2.830854997577869,1545605536,1,47090,49,8154
2.659504979021453,1560291648,8,47504,49,8134,2.4390886995794925,1556096282,7,47431,49,8094,2.1958384653930803,1558189142,3,47305,49,8157,1.884444141377408,1556094901,5,47184,49,8120,2.830854997577869,1545605536,1,47090,49,8154
1.6657697488575702,1562389753,10,47591,49,8124,2.466627699569205,1558192976,6,47445,49,8067,2.566794408451598,1564480164,2,47460,49,8172,1.4152694297273152,1547707125,5,46976,49,8150,2.7102982840146113,1543508992,1,47029,49,8112
1.6657697488575702,1562389753,10,47591,49,8124,2.466627699569205,1558192976,6,47445,49,8067,1.6018209148652531,1551897016,3,47049,49,8125,1.863944639509693,1553997411,5,47169,49,8139,2.7102982840146113,1543508992,1,47029,49,8112
1.7355346086682437,1547709655,10,47107,49,8154,2.5113016729120137,1558193620,6,47463,49,8069,1.9571720153152785,1556092074,3,47197,49,0,1.4334249180485432,1547706553,5,46982,49,8122,2.4912130750828783,1558187767,1,47449,41,8168
1.7355346086682437,1547709655,10,47107,49,8154,2.5113016729120137,1558193620,6,47463,49,8069,2.2051216256958077,1551896897,2,47302,49,8163,1.9702230784324903,1556096056,5,47215,49,8143,2.4912130750828783,1558187767,1,47449,41,8168
1.71880673646895,1545612146,9,47103,49,8127,2.531700800429107,1558193560,6,47471,49,8134,2.540787130074927,1564480166,2,47443,49,8097,1.5648964913166445,1549803915,5,47037,49,8160,2.439910426152097,1556091785,1,47424,49,8130
1.71880673646895,1545612146,9,47103,49,8127,2.531700800429107,1558193560,6,47471,49,8134,1.5822378246365363,1549800210,2,47041,49,8142,2.172480028935289,1558192814,5,47296,49,8100,2.439910426152097,1556091785,1,47424,49,8130
0,1562389730,10,47574,49,2,0,1558194216,7,47460,49,8133,0,1553994314,2,47177,49,8155,1.740733853051126,1553998391,5,47121,49,8130,2.208891330697919,1553994361,1,47329,49,8149
1.6267058113172743,1562389730,10,47574,49,2,2.5067121572962026,1558194216,7,47460,49,8133,2.1071058023104383,1551897239,3,47255,49,8104,2.361778788704707,1545609044,4,46880,49,8149,2.208891330697919,1553994361,1,47329,49,8149
2.7020375707533923,1560292236,9,47519,49,8125,2.4296029203313756,1556095474,6,47432,49,8055,2.370454189976142,1562382853,2,47377,49,8108,2.016529132211586,1556095505,5,47233,49,8129,3.2309819893803833,1551897479,1,47252,49,8128
2.7020375707533923,1560292236,9,47519,49,8125,2.4296029203313756,1556095474,6,47432,49,8055,2.584949902855034,1564480721,2,47466,49,8148,1.4449498403757972,1549803404,5,46989,49,8100,3.2309819893803833,1551897479,1,47252,49,8128
2.5173245286394486,1558194765,9,47442,49,8095,2.3275069571736577,1556096049,6,47385,49,8130,1.6611838747358434,1551897125,2,47067,49,8092,2.3262876468998366,1560290048,5,47364,49,8129,3.02495154886955,1549799943,1,47168,49,8140
2.5173245286394486,1558194765,9,47442,49,8095,2.3275069571736577,1556096049,6,47385,49,8130,1.831617172824524,1547703136,3,47140,49,8116,1.7581755298248445,1553997848,4,47126,49,8150,3.02495154886955,1549799943,1,47168,49,8140
2.3200660472665877,1554000449,9,47360,49,8131,2.1778799239109543,1553999092,6,47324,49,8142,2.042744630538427,1556091388,3,47238,49,8157,1.4296495542934162,1547706206,4,46985,49,8093,2.8939911839291,1545605495,1,47108,49,8119
2.3200660472665877,1554000449,9,47360,49,8131,2.1778799239109543,1553999092,6,47324,49,8142,2.212464112564249,1558188655,3,47310,49,8176,2.16666551154352,1558193071,5,47295,49,8089,2.8939911839291,1545605495,1,47108,49,8119
2.063855706755495,1551902959,8,47248,49,8116,1.969301051084143,1549804667,6,47233,49,8095,2.462045797000785,1562383349,2,47415,49,8139,1.828960904737541,1553998184,4,47150,49,8139,2.770372897925576,1545605634,1,47056,49,8062
2.063855706755495,1551902959,8,47248,49,8116,1.969301051084143,1549804667,6,47233,49,8095,2.5723041133974722,1564480329,2,47454,49,8161,2.58341434682232,1547707346,5,46969,49,8110,2.770372897925576,1545605634,1,47056,49,8062
1.7604210251262749,1547709558,10,47119,49,8177,1.7253294876763765,1547708410,7,47129,49,8113,1.5775460623335822,1549800560,3,47039,49,8166,2.3278174914059577,1560290221,5,47363,49,8145,2.6970390409317795,1543509023,1,47023,49,8139
1.7604210251262749,1547709558,10,47119,49,8177,1.7253294876763765,1547708410,7,47129,49,8113,1.6807669636119653,1551897470,3,47075,49,8130,1.9065775881329843,1556094940,5,47189,49,8082,2.6970390409317795,1543509023,1,47023,49,8139
2.6118735635370673,1558195420,10,47483,49,8182,2.617580088597586,1560290753,6,47509,49,8102,1.874963936077887,1547702907,2,47163,49,8140,1.6981009084279093,1551901158,4,47097,49,8178,2.6206455032353047,1560286240,1,47500,49,8090
2.6118735635370673,1558195420,10,47483,49,8182,2.617580088597586,1560290753,6,47509,49,8102,1.898013802840887,1553994425,2,47177,49,8106,2.4714236285139073,1545609617,5,46923,49,8131,2.6206455032353047,1560286240,1,47500,49,8090
2.1992030016142166,1554000888,10,47305,49,8122,2.2670233779521984,1553999154,7,47362,49,8118,2.0698765525519622,1558189005,3,47244,49,8148,2.30089003665574,1560289005,4,47355,49,8124,2.6007556854804994,1558188444,1,47492,49,8115
2.1992030016142166,1554000888,10,47305,49,8122,2.2670233779521984,1553999154,7,47362,49,8118,2.11322516897529,1558189015,2,47259,49,8129,2.0001079707501224,1556095926,5,47224,49,8094,2.6007556854804994,1558188444,1,47492,49,8115
1.7792903083501805,1547709826,10,47126,49,8152,1.8432350708035337,1549805431,7,47181,49,8131,2.2874319493415465,1560285920,2,47335,49,8116,1.8251855643227866,1553998510,5,47155,49,8089,2.581681903746186,1558188412,1,47487,49,8129
1.7792903083501805,1547709826,10,47126,49,8152,1.8432350708035337,1549805431,7,47181,49,8131,2.31333888364874,1560286493,3,47345,49,8132,1.5030856566729138,1549804075,5,47017,49,8158,2.581681903746186,1558188412,1,47487,49,8129
2.5250759694941225,1558195394,9,47446,49,8152,2.60799207386389,1560290939,7,47499,49,8031,2.394628689395442,1562383073,3,47380,49,8185,2.542618002313347,1547707018,5,46945,49,8127,2.6160540737983426,1560286130,1,47502,49,8114
2.5250759694941225,1558195394,9,47446,49,8152,2.60799207386389,1560290939,7,47499,49,8031,2.3961585300017907,1562382845,2,47381,49,8134,2.2099100038092367,1560289799,5,47319,49,8084,2.6160540737983426,1560286130,1,47502,49,8114
2.0684452299701492,1551903011,8,47251,49,8102,2.1483017617498836,1553999185,6,47310,49,8041,2.4765281556488072,1562383305,2,47425,49,8127,2.0698709606293724,1558192162,5,47260,49,8130,2.7036696307921866,1560286209,2,47531,49,8118
2.0684452299701492,1551903011,8,47251,49,8102,2.1483017617498836,1553999185,6,47310,49,8041,2.4464406697953733,1562383739,3,47408,49,8158,1.7867350488942468,1553998387,5,47132,49,8061,2.7036696307921866,1560286209,2,47531,49,8118
2.752014867873923,1560289313,5,47541,49,8171,1.6729040793801917,1545610827,7,47107,49,8113,2.505087699380301,1562382972,2,47433,49,8132,1.6607712851501286,1551901666,5,47079,49,8158,2.691733809204941,1543508639,1,47024,49,8127
2.752014867873923,1560289313,5,47541,49,8171,1.6729040793801917,1545610827,7,47107,49,8113,2.426348263165743,1562383488,3,47397,49,8148,1.4119049153131367,1547706761,4,46967,49,8187,2.691733809204941,1543508639,1,47024,49,8127
2.136169058146209,1551904163,10,47283,49,8130,2.28579042090825,1556095278,6,47370,49,8086,2.47826248056188,1562383593,2,47424,49,8149,2.4534745312921062,1545610009,5,46907,49,8132,2.74140629186392,1543508959,2,47041,49,8170
2.136169058146209,1551904163,10,47283,49,8130,2.28579042090825,1556095278,6,47370,49,8086,2.336693572199086,1560285987,3,47364,49,8151,2.1760490349685,1558192044,4,47299,49,8115,2.74140629186392,1543508959,2,47041,49,8170
2.7074431296343757,1560292751,10,47522,49,8130,1.7088060874311028,1547708118,7,47123,49,8083,2.38748880467442,1562383082,2,47378,49,8142,2.015201900815972,1556095078,5,47237,49,8031,2.7191705824852272,1543508684,2,47035,49,8174
2.7074431296343757,1560292751,10,47522,49,8130,1.7088060874311028,1547708118,7,47123,49,8083,2.2433695265040616,1560286291,2,47319,49,8191,1.7273723740338691,1553997751,4,47115,49,8151,2.7191705824852272,1543508684,2,47035,49,8174
2.5547563798983592,1558195673,10,47459,49,8102,2.7888299167408213,1562388424,7,47582,49,8062,2.097211087956104,1551897391,3,47256,49,8143,2.485298236827698,1545609336,5,46916,49,8111,2.72121165271485,1543508903,1,47031,49,8130
2.5547563798983592,1558195673,10,47459,49,8102,2.7888299167408213,1562388424,7,47582,49,8062,1.921065521179214,1556091325,2,47183,49,8156,2.2078689551173794,1560289678,5,47324,49,8122,2.72121165271485,1543508903,1,47031,49,8130
1.842322385237194,1547706075,4,47156,49,8095,2.061606427786865,1551902814,7,47272,49,8062,1.8909761594821994,1553994586,3,47174,49,8167,2.1417790997662522,1558192940,5,47284,49,8103,2.5882083193673724,1558188809,2,47495,49,0
1.842322385237194,1547706075,4,47156,49,8095,2.061606427786865,1551902814,7,47272,49,8062,1.6947400125670706,1551897716,2,47086,49,8185,1.8656770984692304,1553997794,5,47175,49,8134,2.5882083193673724,1558188809,2,47495,49,0
2.3382215366969246,1554000281,9,47366,49,8103,2.524458667993498,1558194552,7,47470,49,8096,1.5775460556309344,1549800491,2,47043,49,8150,1.7705165024604335,1553997996,4,47132,49,8064,2.454290556278647,1558188500,1,47426,49,8133
2.3382215366969246,1554000281,9,47366,49,8103,2.524458667993498,1558194552,7,47470,49,8096,2.5317103262522083,1564480207,2,47440,49,8114,1.5717296517041877,1549803916,5,47041,49,8062,2.454290556278647,1558188500,1,47426,49,8133
2.528135648390679,1558194612,8,47448,49,8116,1.6807577597461114,1545610149,6,47110,49,8114,2.2372501567127356,1560286065,3,47319,49,8138,2.429608650417599,1545609526,5,46894,49,8155,3.163561122651442,1549800251,1,47224,49,8091
1.8463003444440762,1547708705,8,47157,49,8135,2.0404935039586096,1551902000,6,47263,49,8121,1.921167751481888,1556091423,3,47186,49,8170,1.9677749617396576,1556095543,5,47214,49,8099,2.9331573782209106,1547703009,1,47115,49,8162
2.64614349072115,1560292403,10,47499,49,8125,2.5027341930470213,1558193826,6,47459,49,8091,1.776743623698231,1553994262,2,47122,49,8118,1.977974524626352,1556095145,4,47218,49,8124,3.0554480207549157,1547703105,2,47172,49,8126
1.964308191836559,1549806705,9,47208,49,8181,1.6665802403491037,1545611043,7,47105,49,8106,2.5596564176880796,1558188712,2,47454,49,8174,1.689942361945787,1551900559,4,47090,49,8119,2.775780403006532,1543509050,2,47042,49,8117
2.518140570043944,1558195435,10,47442,49,8092,2.036720023943241,1551902774,7,47260,49,8102,2.0386644248367656,1558188413,2,47242,49,8163,2.4864191037899195,1545609281,5,46921,49,8115,2.3279197176205173,1556091545,1,47369,49,8077
2.518140570043944,1558195435,10,47442,49,8092,2.036720023943241,1551902774,7,47260,49,8102,1.7217678468236828,1551897804,3,47101,49,8145,2.2421407733307004,1560290098,5,47332,49,8080,2.3279197176205173,1556091545,1,47369,49,8077
1.8574181829797702,1547709531,10,47160,49,8147,2.4423528536643917,1558193904,7,47435,49,8134,1.5239997536006742,1549800000,2,47016,49,8149,2.1533040244692514,1558192781,5,47291,49,8177,3.0892086339203213,1549800111,1,47185,49,8170
1.8574181829797702,1547709531,10,47160,49,8147,2.4423528536643917,1558193904,7,47435,49,8134,2.3684150258812697,1560285792,3,47377,49,8149,1.8868922624918436,1556094388,4,47183,49,8092,3.0892086339203213,1549800111,1,47185,49,8170
2.467347230498956,1556098419,10,47420,49,8045,1.709112799108379,1547706927,6,47120,49,8090,2.201041418814636,1558188764,3,47306,49,8142,1.783366800529482,1553998508,5,47142,49,8165,2.6156470259612927,1560285995,1,47492,49,8093
2.467347230498956,1556098419,10,47420,49,8045,1.709112799108379,1547706927,6,47120,49,8090,1.8539532347877319,1547703015,3,47157,49,14,1.5408242311746254,1549804375,5,47032,49,8128,2.6156470259612927,1560285995,1,47492,49,8093
1.8745531500584336,1547709152,9,47169,49,8161,2.1946078133337688,1553998836,6,47328,49,8125,2.4829542359228354,1562383210,2,47430,49,8135,2.4115554019049186,1545609769,5,46887,49,8130,3.205279562173782,1551897150,1,47231,49,8166
2.208586523443334,1554001502,10,47310,49,8149,2.6343079911796554,1560290132,6,47505,49,8077,2.048456901894891,1556091574,3,47242,49,8152,1.9146357430158274,1556095341,5,47191,49,8107,2.302522101721526,1553994633,2,47362,49,8067
2.208586523443334,1554001502,10,47310,49,8149,2.6343079911796554,1560290132,6,47505,49,8077,1.886591101285781,1553994309,2,47172,49,8151,2.0427409080105363,1556095215,5,47247,49,8119,2.302522101721526,1553994633,2,47362,49,8067
1.9803222676881937,1549806806,10,47212,49,8163,2.090573036518149,1551902463,7,47283,49,8102,1.716566750108461,1551897449,3,47095,49,8118,1.8639446418236945,1553998245,5,47168,49,8142,3.1259285745955894,1549800713,2,47194,49,8103
1.9803222676881937,1549806806,10,47212,49,8163,2.090573036518149,1551902463,7,47283,49,8102,2.4689811933113264,1562382732,2,47422,49,8081,1.59783916841874,1549803735,5,47057,49,8146,3.1259285745955894,1549800713,2,47194,49,8103
2.661953102646556,1560292596,10,47505,49,8048,2.6629678622533564,1560291412,7,47527,49,8068,2.268869374025776,1560286198,2,47328,49,8156,1.4258760723467165,1547706398,5,46983,49,8096,2.3387308369096313,1556092041,1,47376,49,8132
2.661953102646556,1560292596,10,47505,49,8048,2.6629678622533564,1560291412,7,47527,49,8068,1.8305966593498488,1553994632,2,47145,49,8136,2.3081302654140634,1560289317,5,47365,49,8159,2.3387308369096313,1556092041,1,47376,49,8132
1.8315112541137013,1547709661,10,47151,49,8090,1.9599175325584648,1549805333,7,47228,49,8104,2.613916514257952,1564480410,2,47481,49,8107,1.874246441544378,1553998851,5,47171,49,8097,2.407984492653754,1558188330,1,47409,49,8065
1.8315112541137013,1547709661,10,47151,49,8090,1.9599175325584648,1549805333,7,47228,49,8104,2.384836195976354,1556091353,2,47383,49,8138,1.8598625843116943,1553998035,5,47176,49,8115,2.407984492653754,1558188330,1,47409,49,8065
2.4623487379504505,1556097031,8,47422,49,8068,2.59106161101288,1560289986,6,47496,49,8065,1.8863866285428335,1553994074,2,47174,49,8110,1.416492549177091,1547706836,5,46979,49,8087,2.7444659801351223,1543508795,2,47038,49,8102
2.212257764577304,1554001173,10,47314,49,8112,2.125761243018264,1551902280,7,47298,49,8099,2.62503245627592,1564480116,2,47492,49,8135,2.5115080852312617,1547706815,5,46939,49,8129,3.3430730689519463,1553994272,1,47297,49,8101
1.660261946365401,1562389244,9,47590,49,8130,2.7537434042021016,1562388202,7,47565,49,8043,1.9060719535434305,1556091462,3,47181,49,8154,2.0910879992793974,1558192745,5,47261,49,8167,2.385648454194118,1556091897,1,47396,49,8116
1.660261946365401,1562389244,9,47590,49,8130,2.7537434042021016,1562388202,7,47565,49,8043,2.636966350284621,1564480587,2,47495,49,8160,1.7991763999579697,1553998536,5,47147,49,8078,2.385648454194118,1556091897,1,47396,49,8116
2.018263450261484,1549806213,9,47232,49,8127,2.0388614264068767,1551901803,6,47262,49,8167,2.151064113662712,1558189156,3,47283,49,8145,2.4851940930511,1547706201,5,46923,49,8169,2.2295971992957204,1553994797,2,47326,49,8090
2.018263450261484,1549806213,9,47232,49,8127,2.0388614264068767,1551901803,6,47262,49,8167,1.896892901531267,1553994094,2,47175,49,8175,1.4213887976037536,1547707368,5,46977,49,8129,2.2295971992957204,1553994797,2,47326,49,8090
2.668888500467563,1560292189,9,47509,49,8183,2.6545026296555747,1560289773,5,47522,49,8075,2.621565712045854,1564480568,3,47486,49,8131,2.0482468388884802,1558192265,5,47255,49,8158,2.3357733990601437,1556091704,1,47373,49,8147
2.668888500467563,1560292189,9,47509,49,8183,2.6545026296555747,1560289773,5,47522,49,8075,2.345261050663238,1560285709,2,47371,49,8130,2.1441249850589967,1558192869,5,47283,49,8170,2.3357733990601437,1556091704,1,47373,49,8147
2.5033514840577835,1558195309,9,47436,49,8076,2.222860624048047,1553998729,6,47338,49,8078,2.082319756260563,1558188623,3,47253,49,8189,2.0156108607690384,1556094537,4,47231,49,8141,2.7697613663225207,1545605831,2,47046,49,8119
2.5033514840577835,1558195309,9,47436,49,8076,2.222860624048047,1553998729,6,47338,49,8078,1.5719360121915853,1549800249,2,47041,49,8140,1.7357372394943584,1551900736,4,47111,49,8110,2.7697613663225207,1545605831,2,47046,49,8119
1.9869509589452479,1549806956,10,47219,49,8108,2.2813031497398493,1553999086,7,47365,49,8050,2.4775486767049624,1556091249,2,47426,49,8154,1.5801948961405141,1549804117,5,47044,49,8090,2.769149816419757,1545605902,1,47044,49,8120
1.9869509589452479,1549806956,10,47219,49,8108,2.702745582267939,1560291195,7,47545,49,8072,2.000111673824161,1556091873,2,47220,49,8151,2.5167110719512986,1545609501,5,46934,49,8144,2.769149816419757,1545605902,1,47044,49,8120
2.665012780612657,1560292847,10,47507,49,8113,1.9738905686985933,1549804328,6,47237,49,8105,1.6982068002266015,1551897302,2,47092,49,8176,2.338933446402376,1545608741,4,46861,49,8170,2.7997470152514627,1545605874,1,47063,49,8118
2.665012780612657,1560292847,10,47507,49,8113,2.659805933126204,1560289978,6,47528,49,8099,2.390855202999149,1562383310,2,47381,49,8180,1.9073936301175536,1556094970,4,47188,49,8085,2.7997470152514627,1545605874,1,47063,49,8118
1.8345709377291595,1547708332,8,47153,49,8130,1.806619259556356,1547707981,6,47165,49,8132,1.8794512198171722,1553994665,2,47171,49,8141,2.4801975072085893,1545609234,5,46916,49,8118,2.49131533888869,1558188971,1,47439,49,8134
1.8345709377291595,1547708332,8,47153,49,8130,1.806619259556356,1547707981,6,47165,49,8132,1.5916213425397958,1549800071,3,47049,49,8175,2.444804808659594,1545609311,4,46903,49,8115,2.49131533888869,1558188971,1,47439,49,8134
1.6523060304633885,1562386796,5,47588,49,8140,2.1813485684129517,1553999862,7,47323,49,8055,2.496213481371377,1562382851,2,47436,49,8142,2.1851277198918932,1558192045,4,47297,49,8143,2.848094103165775,1545605979,1,47077,49,8117
1.6523060304633885,1562386796,5,47588,49,8140,2.1813485684129517,1553999862,7,47323,49,8055,1.9792032168840805,1556091712,2,47209,49,8088,1.7432842134412325,1551900719,5,47117,49,8098,2.848094103165775,1545605979,1,47077,49,8117
2.326389888465903,1554000186,9,47363,49,8133,2.528538874909301,1558194233,7,47471,49,8164,1.7124865562287312,1551897895,3,47096,49,8143,1.5419470035287524,1549804396,5,47027,49,8131,2.8291225790220547,1545606283,2,47071,49,8125
2.326389888465903,1554000186,9,47363,49,8133,2.528538874909301,1558194233,7,47471,49,8164,2.338325646783804,1560286424,2,47368,49,8143,2.334141337000144,1562386358,5,47364,49,8092,2.8291225790220547,1545606283,2,47071,49,8125
2.6556292569642554,1560292148,9,47503,49,8159,2.7443598762448698,1562387242,6,47563,49,8134,1.7640959438433723,1547702770,3,47118,49,8142,1.8266150260756078,1553998284,4,47148,49,8126,2.412572106011309,1556091750,2,47419,49,8061
2.6556292569642554,1560292148,9,47503,49,8159,2.7443598762448698,1562387242,6,47563,49,8134,2.6385984321305167,1564480221,2,47496,49,8108,1.8670043295509158,1553997683,4,47168,49,8120,2.412572106011309,1556091750,2,47419,49,8061
2.453781255689549,1556097476,9,47418,49,8119,1.970830888214569,1551901119,6,47235,49,8117,2.311602672640197,1560286174,2,47358,49,8142,1.6727051612574866,1551901600,5,47081,49,8079,2.723248878792474,1545605841,1,47037,49,8059
2.453781255689549,1556097476,9,47418,49,8119,1.970830888214569,1551901119,6,47235,49,8117,1.737677841007729,1553994504,3,47113,49,8081,1.4317928433890061,1547707240,5,46979,49,8062,2.723248878792474,1545605841,1,47037,49,8059
1.8844460020910465,1549806625,10,47176,49,8120,2.30792386932195,1556096677,7,47378,49,8120,2.6384961878556936,1564480476,2,47497,49,8138,2.46795879045948,1545609408,4,46908,49,8113,2.7453842710187533,1543508480,1,47036,49,8122
1.8844460020910465,1549806625,10,47176,49,8120,2.30792386932195,1556096677,7,47378,49,8120,2.0612068235513257,1549799724,2,47245,49,8161,2.1906336418062424,1558191501,4,47307,49,8107,2.7453842710187533,1543508480,1,47036,49,8122
2.189003435420974,1554000623,9,47302,49,8118,2.582187386487902,1560290266,6,47497,49,8156,1.517778150553933,1543508535,2,47013,49,8185,1.756747931182539,1551900824,5,47121,49,8158,2.319352234901671,1556091234,1,47365,49,8047
2.7100938189282076,1560292520,9,47531,49,8109,1.6876931606983763,1547707996,7,47115,49,8128,1.7615455928246477,1551897319,3,47119,49,8176,1.392524427641227,1547706164,4,46964,49,8075,2.2799815760564583,1553994470,1,47351,49,8124
2.7100938189282076,1560292520,9,47531,49,8109,1.6876931606983763,1547707996,7,47115,49,8128,2.6301331933974814,1564480757,2,47491,49,8154,1.566628924678701,1549804334,5,47041,49,8096,2.2799815760564583,1553994470,1,47351,49,8124
2.041926732136639,1551903429,9,47242,49,8125,2.042839381256079,1551903012,7,47265,49,8103,2.0289760504608436,1556092003,3,47233,49,8112,2.3348551362567775,1560290253,5,47365,49,8080,2.1929813868150583,1553994714,2,47308,49,8129
1.7048336797535242,1545611872,9,47099,49,8131,2.544857789155589,1558193984,7,47480,49,8078,2.477955747226367,1562383447,2,47430,49,8060,2.4666315339523144,1545609659,5,46913,49,8147,2.428076896438013,1556091270,1,47418,49,8133
1.7048336797535242,1545611872,9,47099,49,8131,2.544857789155589,1558193984,7,47480,49,8078,1.8887325096863339,1553994275,2,47175,49,8135,2.3165974054667613,1560289414,4,47360,49,8150,2.428076896438013,1556091270,1,47418,49,8133
2.230106526375834,1554001562,10,47325,49,8139,1.7283891635435005,1547708350,7,47133,49,8128,1.5639819775156267,1549800611,2,47031,49,8158,2.2192935292450047,1560289995,5,47322,49,8131,2.3794268571891886,1556091832,2,47391,49,8118
2.230106526375834,1554001562,10,47325,49,8139,1.7283891635435005,1547708350,7,47133,49,8128,2.159836076200416,1558189596,3,47285,49,8095,2.148101067046201,1558192975,5,47292,49,8095,2.3794268571891886,1556091832,2,47391,49,8118
1.5999824584985507,1562389678,10,47567,49,8071,2.160949440182578,1553999766,7,47316,49,8067,2.4166598991364294,1562383135,2,47391,49,8161,2.02999286130119,1556095407,5,47234,49,8099,2.363923974250343,1556091770,1,47383,49,8119
2.194511233550191,1554000876,10,47306,49,8086,2.5832079181839607,1558193630,7,47496,49,8069,2.0435606651573677,1556091591,2,47241,49,8174,2.036621549391769,1556094242,4,47241,49,8166,2.343831570544749,1556092007,2,47372,49,8161
2.194511233550191,1554000876,10,47306,49,8086,2.5832079181839607,1558193630,7,47496,49,8069,1.50941514875322,1566577418,3,47518,49,8170,1.9951094962816518,1556095647,5,47224,49,8130,2.343831570544749,1556092007,2,47372,49,8161
2.7588480127878374,1560292334,10,47549,49,8147,1.7894842921891236,1547708363,7,47158,49,8174,2.3501572953537244,1562382804,3,47371,49,1,2.030706662651528,1556095396,5,47235,49,8026,2.446234291557874,1556092172,2,47416,49,8164
2.7588480127878374,1560292334,10,47549,49,8147,0,1547708363,7,47158,49,8174,0,1553994497,2,47133,49,8150,1.920039445973721,1556095441,5,47200,49,8124,2.446234291557874,1556092172,2,47416,49,8164
2.0911902319610074,1551904042,10,47263,49,8119,2.2322441367647827,1553999782,7,47345,49,8115,1.5029890644652824,1566577531,3,47517,49,8187,2.0332570202942617,1556095567,5,47234,49,8063,2.47020241309752,1558188404,1,47429,49,8104
2.0911902319610074,1551904042,10,47263,49,8119,2.2322441367647827,1553999782,7,47345,49,8115,2.1876799339555437,1558189076,2,47300,49,8118,2.019486582613564,1556095576,5,47233,49,8125,2.47020241309752,1558188404,1,47429,49,8104
2.29599567362437,1553999411,8,47351,49,8147,2.597180954365373,1560291161,7,47503,49,8133,1.6680170475775227,1551897480,3,47075,49,8117,1.7299227268942832,1551900406,4,47114,49,5,2.285998696682841,1556091540,1,47355,49,8106
2.29599567362437,1553999411,8,47351,49,8147,2.597180954365373,1560291161,7,47503,49,8133,2.600861755180299,1564480619,3,47473,49,8140,2.131986617208391,1558192868,5,47284,49,8147,2.285998696682841,1556091540,1,47355,49,8106
2.7571136820823976,1560292205,9,47550,49,8107,1.8957627119538618,1549805606,7,47204,49,8104,2.077016429855003,1551896888,2,47249,49,8163,1.8699599082404716,1553997767,4,47181,49,8110,2.516508476616912,1558189060,2,47447,49,8117
2.7571136820823976,1560292205,9,47550,49,8107,1.8957627119538618,1549805606,7,47204,49,8104,1.8024460841915657,1553994920,3,47133,49,8122,2.3061933530977368,1560290133,5,47360,49,8087,2.516508476616912,1558189060,2,47447,49,8117
2.3019105513299727,1554001081,10,47357,49,8118,2.5684188394673786,1558193027,6,47489,49,8102,1.5746908601697853,1543508687,2,47038,49,8134,2.410023661405496,1545609934,5,46894,49,8110,3.0658520691426827,1549799920,1,47173,49,8130
2.3019105513299727,1554001081,10,47357,49,8118,2.5684188394673786,1558193027,6,47489,49,8102,2.299059111668579,1560286201,3,47344,49,8143,2.4759147130516275,1545608864,4,46912,49,8086,3.0658520691426827,1549799920,1,47173,49,8130
2.3617825814352313,1556097760,9,47378,49,8142,1.8263045778545253,1547708152,7,47173,49,8080,1.7965311837945788,1547702852,3,47127,49,8155,2.2010357958203475,1560289757,5,47319,49,8167,2.974873915435778,1547703129,2,47129,49,8167
2.3617825814352313,1556097760,9,47378,49,8142,1.8263045778545253,1547708152,7,47173,49,8080,1.552457057104285,1549800678,2,47021,49,1,1.4189406711173527,1547707121,5,46979,49,8114,2.974873915435778,1547703129,2,47129,49,8167
2.6938771439776095,1560292435,10,47522,49,8093,2.414916076282687,1556096576,7,47427,49,8095,2.2312330372028715,1560285917,2,47310,49,8167,2.3703500705708382,1545609693,5,46867,49,8126,3.2049728466903993,1551897041,1,47229,49,8113
2.6938771439776095,1560292435,10,47522,49,8093,2.414916076282687,1556096576,7,47427,49,8095,1.9725745247274757,1556091820,2,47198,49,8111,1.5481667009843412,1549803657,4,47040,49,8129,3.2049728466903993,1551897041,1,47229,49,8113
1.7760261465317493,1547709020,8,47129,49,8137,1.7901980903709152,1547708296,7,47160,49,8157,2.6304380214501677,1564479896,2,47492,49,8139,2.5095711809365673,1547706564,5,46934,49,8119,2.1879829151227668,1553994484,1,47304,49,8144
1.7760261465317493,1547709020,8,47129,49,8137,1.7901980903709152,1547708296,7,47160,49,8157,2.3635187876332386,1560285646,2,47373,49,8112,1.7028949031342626,1551901399,5,47099,49,8132,2.1879829151227668,1553994484,1,47304,49,8144
2.042028970633083,1551903760,10,47241,49,8130,2.3368904695712205,1556095940,6,47392,49,8091,1.8815944839075205,1553995026,3,47162,49,8178,1.4210820694922717,1547706340,5,46982,49,8113,2.4042110294569516,1556091630,1,47400,49,8085
2.6408401700490307,1560292503,10,47498,49,8098,1.811922576549142,1547708211,7,47171,49,8158,1.928307637580915,1556091605,2,47184,49,8138,2.0140810150913473,1556095447,5,47232,49,8182,2.9670202406993704,1547703162,1,47122,49,8114
2.6346185691217423,1558194098,8,47495,49,8148,2.2297960106656483,1553999848,7,47346,49,8040,2.6238093543359637,1564480739,2,47485,49,8090,1.7352260551463552,1553998343,5,47118,49,8097,2.8795069739709893,1545605477,1,47092,49,8172
2.6346185691217423,1558194098,8,47495,49,8148,2.2297960106656483,1553999848,7,47346,49,8040,2.33026748748474,1553994023,2,47363,49,8160,2.1655427483511387,1558192140,5,47299,49,8117,2.8795069739709893,1545605477,1,47092,49,8172
1.7525673371713668,1547709156,9,47119,49,8121,2.7287547496483677,1560290488,7,47558,49,8073,1.8002024421869505,1553994832,2,47128,49,8093,1.9882763259359697,1556095942,5,47221,49,8118,3.177638317736365,1551897127,2,47217,49,8158
1.7525673371713668,1547709156,9,47119,49,8121,2.7287547496483677,1560290488,7,47558,49,8073,1.5847881890723141,1549800438,3,47040,49,8109,2.350151631568889,1545610027,5,46873,49,26,3.177638317736365,1551897127,2,47217,49,8158
2.363312421467043,1556097067,8,47379,49,8152,2.0937349450690688,1551902109,6,47288,49,8096,2.459290946866368,1562383214,2,47418,49,8125,2.5337437836179943,1547706566,4,46946,49,8156,2.682045498640296,1560285776,1,47516,49,8135
2.363312421467043,1556097067,8,47379,49,8152,2.0937349450690688,1551902109,6,47288,49,8096,1.9740021304874806,1556091822,3,47200,49,8149,1.4264895160906055,1547705915,4,46978,49,8089,2.682045498640296,1560285776,1,47516,49,8135
2.665828818283528,1560292287,9,47509,49,8129,2.548733504746035,1558194112,7,47483,49,8102,2.369537794949587,1562383199,2,47370,49,8185,1.7136037949206524,1551901568,5,47107,49,8135,3.0090397358196554,1547702651,1,47150,49,8107
2.6190134380932144,1558195248,10,47491,49,8160,1.68871366789999,1547708162,7,47115,49,8039,1.8912828684561227,1553994635,2,47171,49,8173,1.5266467016316643,1549804348,5,47028,49,8128,3.0347421827197962,1547703134,1,47162,49,8125
2.6190134380932144,1558195248,10,47491,49,8160,1.68871366789999,1547708162,7,47115,49,8039,1.613754804472081,1549799864,2,47052,49,8139,1.9502310391791284,1556095634,5,47211,49,8123,3.0347421827197962,1547703134,1,47162,49,8125
1.9869509479337921,1549806440,9,47224,49,8147,2.2648819742427686,1553999082,6,47362,49,8089,2.5498639275273325,1558188704,2,47450,49,8130,2.1697251880532127,1558193056,5,47299,49,8155,2.5097756661926307,1558188493,1,47445,49,8172
1.9869509479337921,1549806440,9,47224,49,8147,2.2648819742427686,1553999082,6,47362,49,8089,2.039582709711549,1549799878,2,47237,49,8129,2.2813069447529926,1560289252,4,47349,49,8122,2.5097756661926307,1558188493,1,47445,49,8172
2.203894751293899,1554000261,8,47313,49,8169,2.708253373128036,1560291360,7,47551,49,8147,2.5182447025193713,1564480287,2,47440,49,8148,1.4183291102614783,1547706022,4,46978,49,8138,2.8897065347151543,1545605693,1,47097,49,8164
2.4084957092582675,1556098169,9,47403,49,8108,2.002041127036472,1551902485,7,47251,49,8156,2.290593871003813,1553994324,2,47336,49,8147,1.6312953368053404,1551900690,4,47066,49,10,3.3336895583097705,1551897390,1,47288,49,8138
2.4084957092582675,1556098169,9,47403,49,8108,2.002041127036472,1551902485,7,47251,49,8156,1.7630754416118684,1545605279,2,47116,49,8158,1.7189071235911269,1553997854,5,47111,49,8149,3.3336895583097705,1551897390,1,47288,49,8138
2.280083817554189,1554000730,9,47350,49,8128,2.4017590800806334,1556095778,6,47420,49,8068,2.483056485247174,1556091945,3,47425,49,8128,1.6038567322555233,1551900011,4,47063,49,8170,3.358678204931728,1551897506,1,47299,49,8147
2.280083817554189,1554000730,9,47350,49,8128,2.4017590800806334,1556095778,6,47420,49,8068,2.220624514941881,1551896827,2,47310,49,8163,2.132393694410647,1558192962,5,47289,49,8149,3.358678204931728,1551897506,1,47299,49,8147
2.460921130487857,1556097943,9,47425,49,8162,1.68555174827933,1547707855,7,47114,49,8085,1.5208378376374545,1543508736,2,47011,49,8154,2.4916201738522323,1547705667,4,46927,49,8127,2.586273357241466,1558189207,2,47472,49,8128
2.6028970901164143,1558195350,10,47489,49,8102,2.2078670457374647,1553999845,7,47337,49,8043,2.210220471000951,1553993963,2,47308,49,8169,2.360862406497157,1545609680,5,46873,49,8117,3.062792395438333,1547703478,1,47168,49,8153
2.6028970901164143,1558195350,10,47489,49,8102,2.2078670457374647,1553999845,7,47337,49,8043,2.011738848743576,1556092239,2,47222,49,9,1.7129922274408766,1551901637,5,47105,49,8113,3.062792395438333,1547703478,1,47168,49,8153
2.7316157234060565,1560292322,9,47539,49,8115,2.2206169737825787,1553999588,6,47340,49,8102,1.4990111063850615,1566577734,3,47513,49,8132,1.5741777727743345,1549803963,5,47042,49,8142,2.192572434511156,1553994646,1,47308,49,8151
2.7316157234060565,1560292322,9,47539,49,8115,2.2206169737825787,1553999588,6,47340,49,8102,2.492440009853093,1562383288,2,47429,49,8102,2.054368070059568,1558193109,5,47254,49,8136,2.192572434511156,1553994646,1,47308,49,8151
1.6001869375157387,1562388496,8,47568,49,8129,2.353209388627646,1556097138,7,47400,49,8182,2.030096947293358,1556091943,3,47234,49,8188,1.9448254789586943,1556095921,5,47207,49,8118,2.644511402450829,1560285882,2,47501,49,1
1.6001869375157387,1562388496,8,47568,49,8129,2.353209388627646,1556097138,7,47400,49,8182,1.8727202907021951,1553994650,2,47161,49,8131,2.482848207303534,1547706082,5,46924,49,8148,2.644511402450829,1560285882,2,47501,49,1
1.710341474003061,1545610853,8,47104,49,8174,2.5703557317296823,1558193737,7,47495,49,8080,2.625134705892383,1564480443,3,47488,49,8055,2.4773423097990497,1545609970,5,46914,49,8145,3.1627469895224745,1549799621,1,47212,49,8131
1.710341474003061,1545610853,8,47104,49,8174,2.5703557317296823,1558193737,7,47495,49,8080,2.4606181988662765,1562383113,2,47413,49,8122,1.830693362541179,1553998522,5,47158,49,8165,3.1627469895224745,1549799621,1,47212,49,8131
1.80417671144459,1547709629,10,47144,49,8071,1.6551575392631406,1545610572,6,47100,49,8033,2.03417714565821,1556092272,2,47234,49,8115,1.7190093619613294,1551901298,5,47109,49,8102,2.4566364464228156,1558188838,1,47423,49,8088
1.80417671144459,1547709629,10,47144,49,8071,1.6551575392631406,1545610572,6,47100,49,8033,1.862622962435008,1553994988,2,47156,49,8137,2.330877169214547,1560288988,5,47366,49,8082,2.4566364464228156,1558188838,1,47423,49,8088
1.9221845602029273,1549806832,9,47195,49,8125,1.9857222045742664,1551902178,7,47243,49,8066,2.626664545258106,1564480574,2,47489,49,8170,2.2693730602770077,1560290319,5,47345,49,8101,3.0210758590903746,1549799825,1,47153,49,8134
1.9221845602029273,1549806832,9,47195,49,8125,1.9857222045742664,1551902178,7,47243,49,8066,2.486218407581448,1562383537,2,47426,49,8135,1.6661768482962165,1551900195,4,47083,49,8128,3.0210758590903746,1549799825,1,47153,49,8134
2.056002011529002,1551904268,10,47251,49,8090,2.4118563988627226,1556095898,6,47425,49,8078,2.0255074229462977,1556091919,2,47231,49,8131,1.569177383868311,1551900892,5,47050,49,8114,2.436850771899131,1556091713,1,47410,49,8082
2.056002011529002,1551904268,10,47251,49,8090,2.4118563988627226,1556095898,6,47425,49,8078,1.8746572279001752,1553994862,2,47166,49,8184,2.2200073236834963,1560288614,4,47325,49,8123,2.436850771899131,1556091713,1,47410,49,8082
2.5094708317102374,1558195140,9,47445,49,8060,1.6980971896971886,1547708465,7,47119,49,8113,1.6830106114376735,1551897653,2,47077,49,8133,2.481418701345782,1547706768,5,46930,49,8102,3.2480147380777113,1551897422,2,47249,49,8074
2.5094708317102374,1558195140,9,47445,49,8060,1.6980971896971886,1547708465,7,47119,49,8113,2.476630398178247,1562383304,2,47424,49,8120,1.584172854759916,1549803603,5,47047,49,8090,3.2480147380777113,1551897422,2,47249,49,8074
2.6532833652800796,1560292605,10,47507,49,8124,2.1583990725592455,1553999681,7,47318,49,8076,2.2505094098176133,1553994390,2,47321,49,8137,1.876490085315456,1553997508,4,47173,49,8155,2.5177315893704186,1558189002,1,47449,49,3
2.6532833652800796,1560292605,10,47507,49,8124,2.1583990725592455,1553999681,7,47318,49,8076,1.8824086741662431,1547702989,2,47170,49,8150,2.1761512727863743,1558193060,5,47299,49,8183,2.5177315893704186,1558189002,1,47449,49,3
1.6586298585495631,1562388980,8,47595,49,8120,2.7015224740678145,1560289604,5,47545,49,8089,1.7104473826033646,1551897469,2,47088,49,8160,2.4457230882358503,1545608940,4,46904,49,8094,3.0096512894858667,1547703252,2,47154,49,8142
1.6586298585495631,1562388980,8,47595,49,8120,2.7015224740678145,1560289604,5,47545,49,8089,2.504985456857121,1562383124,2,47434,49,8174,1.446682274586005,1549803066,4,46995,49,8099,3.0096512894858667,1547703252,2,47154,49,8142
1.6117122403075577,1562389408,9,47575,49,8094,1.96624136110334,1549805103,7,47234,49,8128,2.083033562504004,1558188463,2,47251,49,8078,1.4208794750918357,1547706243,4,46976,49,8123,3.127763257813658,1549799963,1,47196,49,8136
1.6117122403075577,1562389408,9,47575,49,8094,1.96624136110334,1549805103,7,47234,49,8128,1.9275938346634562,1556091846,3,47183,49,8177,2.0290745785831854,1556094654,4,47237,49,8083,3.127763257813658,1549799963,1,47196,49,8136
1.9026014734079915,1549806558,9,47187,49,8125,2.550977139102462,1558192874,6,47485,49,8075,1.5123725938587955,1566577439,2,47518,49,8144,2.018772776755962,1556096028,5,47234,49,8097,2.4090050291663396,1556091932,2,47403,49,8119
1.9026014734079915,1549806558,9,47187,49,8125,2.550977139102462,1558192874,6,47485,49,8075,2.588825623785087,1564480421,2,47468,49,8158,1.3566224101565367,1547706719,5,46950,49,8118,2.4090050291663396,1556091932,2,47403,49,8119
2.2342889632743357,1554001268,10,47327,49,8129,1.9591014798479345,1549804105,6,47232,49,8156,2.143924235876044,1558189296,3,47278,49,8119,2.4879470343803938,1547706972,5,46930,49,8148,2.8461553145771576,1545605987,1,47077,49,8090
2.2342889632743357,1554001268,10,47327,49,8129,1.9591014798479345,1549804105,6,47232,49,8156,2.024182056783895,1556091756,3,47228,49,8105,1.9622671604801085,1556095039,4,47212,49,8116,2.8461553145771576,1545605987,1,47077,49,8090
2.5304815162725567,1558194645,8,47455,49,8181,2.570050920713879,1558193256,6,47490,49,8118,1.6120204805463458,1549799724,2,47053,49,8132,1.8999470311374704,1556095043,5,47191,49,8106,3.3117624935010683,1551897125,1,47272,49,8144
2.5304815162725567,1558194645,8,47455,49,8181,2.570050920713879,1558193256,6,47490,49,8118,1.5227766405298933,1566577402,2,47520,49,8164,2.5581208797256223,1547706022,4,46954,49,8098,3.3117624935010683,1551897125,1,47272,49,8144
2.017549638100905,1549806575,9,47236,49,8135,2.17196504045572,1553998862,6,47321,49,8080,2.585868187434901,1564480690,2,47465,49,8101,1.716051913800512,1551901127,5,47106,49,8125,3.0058796925603946,1547703331,1,47143,49,8110
2.017549638100905,1549806575,9,47236,49,8135,2.17196504045572,1553998862,6,47321,49,8080,2.207772350277248,1560285749,2,47308,49,25,2.0040859288076422,1556095913,5,47226,49,8125,3.0058796925603946,1547703331,1,47143,49,8110
2.087314503827731,1551900834,4,47264,49,8169,2.7660849034590167,1562388596,7,47576,49,8144,1.8736367161239686,1547703012,2,47168,49,8124,1.99908745182986,1556095929,5,47227,49,8175,3.2260857694494818,1549800035,1,47240,49,8102
2.087314503827731,1551900834,4,47264,49,8169,2.7660849034590167,1562388596,7,47576,49,8144,1.77919174654787,1547702761,3,47117,49,8111,1.430772316368781,1547706920,5,46983,49,8122,3.2260857694494818,1549800035,1,47240,49,8102
1.6353755185732763,1562389098,8,47583,49,8107,2.411856392543103,1556096784,7,47427,49,8077,1.6497609579602117,1551897559,3,47058,49,8139,1.7484853004474246,1553998137,5,47124,49,8129,2.886646848390353,1545606050,2,47097,49,8158
1.6353755185732763,1562389098,8,47583,49,8107,2.411856392543103,1556096784,7,47427,49,8077,2.500700766817497,1556091239,3,47435,49,8076,2.0520203142623528,1558192553,5,47260,49,8125,2.886646848390353,1545606050,2,47097,49,8158
1.7633784606250047,1547708815,8,47128,49,8141,1.8543528949131518,1549804726,6,47189,49,8099,2.1917601407406218,1551897305,3,47296,49,8144,2.0437595516586575,1558192945,5,47253,49,8094,3.1529563875778375,1549800223,1,47206,49,8158
1.7633784606250047,1547708815,8,47128,49,8141,1.8543528949131518,1549804726,6,47189,49,8099,2.1271982203647806,1558189036,3,47265,49,8134,1.5744806996864178,1549803033,4,47054,49,8163,3.1529563875778375,1549800223,1,47206,49,8158
2.6275809199940094,1560292165,9,47495,49,8140,1.6362882528196525,1545611382,7,47095,49,8127,2.0198973850086017,1556091983,3,47229,49,8103,2.021934697413213,1556095642,5,47235,49,8124,2.9424386666750593,1547702770,2,47118,49,8182
2.6275809199940094,1560292165,9,47495,49,8140,1.6362882528196525,1545611382,7,47095,49,8127,1.7167693889385445,1551897759,2,47097,49,8127,2.3528042406031675,1562385982,4,47383,49,8109,2.9424386666750593,1547702770,2,47118,49,8182
1.6813748641054413,1545611848,8,47092,49,8180,2.3594309819991772,1556096950,7,47405,49,8119,2.62309555811386,1564480263,2,47483,49,8133,2.414817665943432,1545609958,5,46895,49,8121,3.3184914950957483,1553994338,2,47287,49,8079
1.6813748641054413,1545611848,8,47092,49,8180,2.3594309819991772,1556096950,7,47405,49,8119,2.5351770853326565,1558188725,3,47441,49,8152,1.9062727342341952,1556095247,5,47185,49,8126,3.3184914950957483,1553994338,2,47287,49,8079
2.532725153264691,1558194654,8,47457,49,8164,2.144221541693173,1553999634,7,47315,49,8111,2.4609249256111254,1556091557,3,47409,49,8094,2.323839526645812,1560289902,5,47363,49,8124,3.1850830248567736,1551897055,1,47227,49,8125
2.532725153264691,1558194654,8,47457,49,8164,2.144221541693173,1553999634,7,47315,49,8111,2.1820698986354286,1558189278,3,47295,49,8142,1.4481098725880908,1549803691,5,46997,49,8119,3.1850830248567736,1551897055,1,47227,49,8125
1.9393195284340763,1549806625,9,47203,49,8131,1.9287072679460164,1549805676,7,47220,49,8076,2.061104593289939,1549799730,2,47241,49,8118,1.8738374926805152,1553998648,5,47175,49,8134,2.707746008807946,,1,47027,49,8140
1.9393195284340763,1549806625,9,47203,49,8131,1.9287072679460164,1549805676,7,47220,49,8076,1.7586903845755222,1551897158,3,47110,49,8137,2.180127351569003,1560289455,5,47308,49,8102,2.707746008807946,1545605542,1,47027,49,8140
2.2319430823303184,1554001457,10,47326,49,8172,2.7441553678326684,1562388197,7,47569,49,8098,2.6326816600673384,1564480400,3,47493,49,8129,2.288039753317772,1560289960,5,47347,49,8091,3.1891651257360647,1549800295,1,47219,49,8091
2.2319430823303184,1554001457,10,47326,49,8172,2.7441553678326684,1562388197,7,47569,49,8098,2.6068788768039575,1558188879,3,47474,49,8148,1.7715370118142135,1553998033,4,47131,49,8162,3.1891651257360647,1549800295,1,47219,49,8091
1.6292561484739527,1562389556,9,47579,49,8085,2.483762643274635,1558192929,6,47458,49,8037,2.2473474897577987,1560286188,3,47319,49,8188,1.8551726813101599,1553998223,4,47167,49,8112,2.760989399220517,1543508727,1,47041,49,8130
1.6292561484739527,1562389556,9,47579,49,8085,2.483762643274635,1558192929,6,47458,49,8037,2.190432904320541,1558188743,2,47301,49,8115,2.5768879235913182,1547707123,5,46963,49,8162,2.760989399220517,1543508727,1,47041,49,8130
2.224089401101973,1553999991,8,47322,49,8123,2.294357884830908,1556096437,7,47379,49,8134,1.8823064395377187,1553995306,3,47170,49,8174,1.438116679872736,1547706890,5,46984,49,8095,2.3290424874727704,1556091877,2,47364,49,8146
2.224089401101973,1553999991,8,47322,49,8123,2.294357884830908,1556096437,7,47379,49,8134,1.8257004321042718,1553995069,3,47141,49,8167,2.117299769398857,1558192482,5,47277,49,8099,2.3290424874727704,1556091877,2,47364,49,8146
2.002862791630466,1549806511,9,47227,49,8149,2.2578443267029193,1553999914,7,47361,49,8123,2.646247637540371,1564480352,3,47496,49,8107,1.7345140972888429,1551901408,5,47110,49,8100,2.2871195710747045,1553994579,2,47359,49,8107
2.634618564908664,1560292339,9,47497,49,8090,2.016014158977393,1551902989,7,47261,49,8109,2.5940266990934817,1558188944,3,47472,49,8134,2.1141378484009232,1558193064,5,47276,49,8092,3.0453506980404605,1549800315,2,47167,49,8141
2.634618564908664,1560292339,9,47497,49,8090,2.016014158977393,1551902989,7,47261,49,8109,2.3281260901227316,1560286128,3,47359,49,8158,2.4840732206515903,1547706140,5,46921,49,8143,3.0453506980404605,1549800315,2,47167,49,8141
1.7827570765887928,1547709011,9,47137,49,8137,1.6941192214999812,1547707907,6,47121,49,8084,2.0273439791518175,1556092023,3,47228,49,8163,1.3800812166443184,1547707192,5,46961,49,8098,2.3938088674675293,1556092111,2,47395,49,8113
1.7827570765887928,1547709011,9,47137,49,8137,1.6941192214999812,1547707907,6,47121,49,8084,1.9566626869787418,1556091834,3,47193,49,6,2.0839462397983133,1558192968,5,47268,49,8120,2.3938088674675293,1556092111,2,47395,49,8113
1.6386396744363554,1562389931,10,47582,49,8098,1.6563806604466618,1545610469,7,47107,49,8055,1.62956441714677,1551897354,2,47056,49,55,1.7143175979827137,1551900169,5,47108,49,8162,2.35168335623716,1556091274,1,47384,49,8079
2.074666822146557,1551903034,8,47259,49,8103,2.6316553523824013,1560291547,7,47521,49,8140,2.538746078871877,1558188637,3,47446,49,8153,1.878326635778801,1553998546,5,47172,49,8171,3.0149564882697617,1547703036,1,47153,49,8049
2.074666822146557,1551903034,8,47259,49,8103,2.6316553523824013,1560291547,7,47521,49,8140,2.5364001976805004,1558188611,2,47445,49,8103,1.4176134210340525,1547706810,5,46985,49,8115,3.0149564882697617,1547703036,1,47153,49,8049
2.021732077598562,1549806234,9,47234,49,8095,2.7135566715088832,1560290984,7,47558,49,8163,2.482035960846649,1562383538,3,47426,49,8129,1.87740649931137,1553998123,5,47181,49,8116,3.048103654686309,1547702980,2,47172,49,8127
2.021732077598562,1549806234,9,47234,49,8095,2.7135566715088832,1560290984,7,47558,49,8163,2.229294240568659,1558188423,2,47312,49,8131,2.272536868588777,1560289466,5,47339,49,8170,3.048103654686309,1547702980,2,47172,49,8127
2.517426761582987,1558195580,10,47446,49,8115,2.5252746911406585,1558194280,7,47476,49,8076,1.9422806901436938,1556091691,2,47190,49,8156,2.3597396371977357,1545609559,5,46876,49,8137,2.430829841209162,1556091707,2,47424,49,8077
2.517426761582987,1558195580,10,47446,49,8115,2.5252746911406585,1558194280,7,47476,49,8076,1.9948083535821088,1556091880,3,47211,49,8137,2.036928258784285,1556095179,5,47241,49,8123,2.430829841209162,1556091707,2,47424,49,8077
2.223171120003086,1554000052,8,47323,49,8111,2.5736198911635073,1558193524,7,47498,49,8108,1.7160555848457109,1551897763,2,47096,49,8120,2.1656449839018634,1558192938,5,47300,49,8052,2.235510190864873,1553994425,1,47339,49,8074
1.9957229105878334,1549806527,9,47225,49,8102,2.6715353196135503,1560291495,7,47538,49,8118,2.6733795925695913,1566577390,2,47502,49,8123,1.8988242709538519,1556095581,5,47196,49,8075,3.3101304043799917,1551897527,1,47275,49,8123
1.9957229105878334,1549806527,9,47225,49,8102,2.6715353196135503,1560291495,7,47538,49,8118,1.5345060484895765,1543508851,3,47012,49,8100,1.5618349107170089,1549803922,5,47044,49,8191,3.3101304043799917,1551897527,1,47275,49,8123
1.750323687670773,1547709241,9,47119,49,8102,2.7503775314311074,1562387426,6,47573,49,8117,2.461739072127888,1562383766,3,47417,49,8152,1.6994244219115024,1551900782,5,47111,49,8096,3.1570365874383355,1549800439,1,47208,49,8149
1.750323687670773,1547709241,9,47119,49,8102,2.7503775314311074,1562387426,6,47573,49,8117,2.5082496233839837,1562382978,2,47433,49,8185,1.3649854076495784,1547706969,5,46958,49,8139,3.1570365874383355,1549800439,1,47208,49,8149
2.7313089880197396,1560292365,10,47541,49,8147,1.660460856282661,1545611019,7,47107,49,8170,2.2197062368446843,1558188382,2,47310,49,8127,1.5663221862613432,1549804223,5,47048,49,8084,3.0143430429956557,1547702959,2,47159,49,8079
2.7313089880197396,1560292365,10,47541,49,8147,1.660460856282661,1545611019,7,47107,49,8170,2.278864464448482,1560286497,3,47331,49,8139,2.4812180259675127,1545610158,5,46918,49,8115,3.0143430429956557,1547702959,2,47159,49,8079
2.5735234164230847,1558192413,5,47472,49,8069,1.7846902804745968,1547706944,6,47161,49,8123,2.0296898587473313,1556091839,2,47230,49,8183,1.4246529509818981,1547706754,5,46981,49,8141,2.929179414877839,1547703141,2,47115,49,8114
2.5735234164230847,1558192413,5,47472,49,8069,1.7846902804745968,1547706944,6,47161,49,8123,2.0549852253623064,1558188372,2,47238,49,22,2.2977281078342573,1560289487,5,47357,49,8096,2.929179414877839,1547703141,2,47115,49,8114
2.736409733062504,1560292591,10,47539,49,8089,2.0655843704852996,1551902013,6,47271,49,8030,2.0284648679085575,1556091790,2,47234,49,8147,1.612422369102007,1551900371,4,47076,49,8109,3.246282303956287,1551897414,1,47246,49,8128
2.2514239317462548,1554000575,8,47334,49,8168,2.0060190785565664,1551901851,6,47255,49,8062,1.5720382591039275,1543508704,2,47037,49,8094,2.409514344250706,1545610074,5,46893,49,8081,2.8856263222109,1545606243,2,47102,49,8173
2.2514239317462548,1554000575,8,47334,49,8168,2.0060190785565664,1551901851,6,47255,49,8062,1.592946705478978,1549800739,3,47048,49,8114,2.062017270702169,1558192720,5,47260,49,8142,2.8856263222109,1545606243,2,47102,49,8173
2.1036334332785436,1551904349,10,47271,49,8101,2.1388159790248733,1553998445,6,47313,49,8124,2.5493546140368406,1564480189,2,47447,49,8108,2.317515678693213,1560289929,5,47363,49,8113,2.8901136042038886,1545605839,2,47106,49,8140
2.1036334332785436,1551904349,10,47271,49,8101,2.1388159790248733,1553998445,6,47313,49,8124,2.624727639733553,1564480388,3,47484,49,8096,2.018977249377614,1556095416,5,47234,49,8112,2.8901136042038886,1545605839,2,47106,49,8140
1.933811729255055,1549806583,9,47200,49,8094,2.2759998122013503,1553998738,6,47368,49,8102,2.333633891343055,1553994404,2,47362,49,8184,2.1789042282690105,1558191695,4,47306,49,8102,2.906332167406865,1547702973,1,47107,49,8101
1.933811729255055,1549806583,9,47200,49,8094,2.2759998122013503,1553998738,6,47368,49,8102,2.3764731981414466,1562383112,2,47374,49,8147,1.8905635031802388,1556095303,5,47189,49,8131,2.906332167406865,1547702973,1,47107,49,8101
1.7980573458803006,1547709340,9,47139,49,8130,2.4102243059206168,1556096377,7,47428,49,8103,2.1604457701188315,1558188970,2,47292,49,8125,1.877304258787775,1553997936,5,47183,49,8106,2.9442752194369612,1547703100,2,47119,49,8125
1.6574048817818963,1562388421,8,47598,49,8190,2.580045983024444,1560290315,6,47499,49,8106,1.9366706503641928,1556091419,2,47190,49,8096,2.1435115358623342,1558192960,5,47293,49,8122,3.015670285765273,1547703538,2,47155,49,8102
1.6574048817818963,1562388421,8,47598,49,8190,2.580045983024444,1560290315,6,47499,49,8106,2.0000094427467974,1549800041,2,47217,49,8178,1.8977052456862875,1553997995,5,47183,49,8156,3.015670285765273,1547703538,2,47155,49,8102
1.5828474892223523,1562388372,8,47561,49,8130,1.6613791323942568,1545610693,7,47106,49,8061,1.7600157565274828,1553994399,3,47114,49,12,2.1563637009088628,1558192147,4,47295,49,8100,3.1157290099686468,1549800505,2,47190,49,8159
1.5828474892223523,1562388372,8,47561,49,8130,1.6613791323942568,1545610693,7,47106,49,8061,1.8583382958851813,1553994698,2,47158,49,8113,1.866084181045656,1556095190,5,47181,49,8113,3.1157290099686468,1549800505,2,47190,49,8159
2.718763541414311,1560292616,10,47536,49,8102,1.9652208310909274,1549805465,7,47239,49,8131,1.6414983055493746,1551897239,3,47060,49,8090,2.1737031473138777,1558192738,5,47301,49,8126,3.2321047758277364,1551897686,2,47241,49,8129
2.718763541414311,1560292616,10,47536,49,8102,1.9652208310909274,1549805465,7,47239,49,8131,1.7383916517462823,1551897848,3,47110,49,8182,1.9580847185281864,1556095229,4,47215,49,8153,3.2321047758277364,1551897686,2,47241,49,8129
2.730085886749496,1560292335,9,47537,49,8175,2.320367053416575,1556096251,6,47389,49,8084,2.74018704083731,1566577480,2,47528,49,8150,2.211949153156637,1560289887,5,47326,49,8109,2.216847272771408,1553994690,1,47323,49,8180
2.730085886749496,1560292335,9,47537,49,8175,2.320367053416575,1556096251,6,47389,49,8084,14.614693391978847,1545605571,3,47060,49,8158,2.0308070208666806,1558192419,5,47246,49,8078,2.216847272771408,1553994690,1,47323,49,8180
2.778328851866044,1562389337,9,47560,49,8143,2.7503775282393916,1562388148,7,47574,49,8076,2.6400260360017858,1558188470,2,47493,49,8102,2.3318957941307925,1562386183,4,47374,49,8123,2.4458253085092965,1556091720,1,47425,49,8143
2.778328851866044,1562389337,9,47560,49,8143,2.7503775282393916,1562388148,7,47574,49,8076,1.607940276998031,1549799924,3,47052,49,8168,2.1722736638201527,1560289331,5,47307,49,8143,2.4458253085092965,1556091720,1,47425,49,8143
1.6430247328519119,1562389337,9,47587,49,8100,2.1146433731548955,1551902256,7,47303,49,8113,2.6368641131578725,1564480449,3,47492,49,8161,2.5066118296998003,1547706876,5,46941,49,8132,2.718047804949438,1543508683,1,47036,49,8120
1.6430247328519119,1562389337,9,47587,49,8100,2.1146433731548955,1551902256,7,47303,49,8113,1.6212014161988106,1551897337,2,47050,49,8132,2.447355166204532,1545609982,5,46906,49,8086,2.718047804949438,1543508683,1,47036,49,8120
2.091904028638249,1551904056,10,47266,49,8145,1.7466468652158178,1547708460,7,47143,49,8110,1.7525691751674992,1551897587,2,47114,49,8090,1.9909289170062328,1556096064,5,47221,49,8118,2.243261621294361,1553994769,1,47347,49,8139
2.091904028638249,1551904056,10,47266,49,8145,1.7466468652158178,1547708460,7,47143,49,8110,1.7130981337691822,1551897317,2,47093,49,8109,1.4691205512995595,1549803531,4,47009,49,8177,2.243261621294361,1553994769,1,47347,49,8139
1.9668585377469159,1549807326,10,47212,49,8181,2.280384839772687,1556096741,7,47374,49,8038,1.591825834250283,1543508639,3,47042,49,8158,1.8644539647232836,1553998071,5,47173,49,8122,2.2740647966950656,1556091538,1,47357,49,8096
1.9668585377469159,1549807326,10,47212,49,8181,2.280384839772687,1556096741,7,47374,49,8038,1.8166236126012079,1547703060,2,47134,49,8149,1.764090421213149,1553997833,4,47133,49,8141,0,1556091538,1,47357,49,8096
2.1934907086628406,1554001223,10,47310,49,8135,1.8691419717500823,1549804326,6,47198,49,8120,1.7294170678470129,1551897607,2,47101,49,8158,2.185635148426056,1558191865,4,47312,49,8114,2.707238617640724,1543509123,2,47022,49,4
2.1934907086628406,1554001223,10,47310,49,8135,1.8691419717500823,1549804326,6,47198,49,8120,1.9495228067566635,1556092141,3,47191,49,8151,2.171766226398107,1558192791,5,47296,49,8160,2.707238617640724,1543509123,2,47022,49,4
2.4984552272358767,1558195144,10,47440,49,8124,1.5821285238430163,1545611379,7,47076,49,8124,2.1596316046682738,1551897444,2,47283,49,8089,2.510589793784513,1547707013,5,46942,49,8104,3.1373512491196074,1549800533,2,47205,49,8112
1.645370613771992,1562389738,9,47588,49,8130,2.5298642027945544,1558193934,7,47480,49,8096,2.088236515108405,1551897052,3,47247,49,8110,1.7126855078701975,1551900337,4,47113,49,8121,2.3386285878714466,1556091573,1,47380,49,8136
1.645370613771992,1562389738,9,47588,49,8130,2.5298642027945544,1558193934,7,47480,49,8096,2.3575016680790157,1553994491,3,47367,49,8152,1.7124828840188013,1551901335,5,47107,49,8113,2.3386285878714466,1556091573,1,47380,49,8136
2.399825986452651,1556097901,9,47399,49,8105,2.4908002781273693,1558193288,6,47463,49,8113,2.5511892832944416,1564480390,3,47452,49,8131,2.48590787051273,1547706765,5,46932,49,8105,3.0946141853374214,1549800868,2,47192,49,8148
2.399825986452651,1556097901,9,47399,49,8105,2.4908002781273693,1558193288,6,47463,49,8113,2.638089130551462,1558188882,3,47488,49,8118,2.1142400766224623,1558192837,5,47280,49,8132,3.0946141853374214,1549800868,2,47192,49,8148
2.5541448091258645,1558195440,9,47465,49,8151,2.2218400730618373,1553998899,6,47348,49,8102,2.6081019859066084,1564480270,2,47478,49,8186,2.5350691209512592,1547707131,5,46954,49,8087,3.2091552740958376,1551897532,1,47237,49,8105
2.5541448091258645,1558195440,9,47465,49,8151,2.2218400730618373,1553998899,6,47348,49,8102,1.7537941530384655,1551897461,3,47110,49,8147,1.4112914563620869,1547706746,5,46980,49,8055,3.2091552740958376,1551897532,1,47237,49,8105
1.8878123815296297,1549806779,9,47182,49,8157,2.1514636607797453,1553999852,7,47318,49,8155,1.7470613742313081,1551897594,3,47112,49,8109,0,1553997900,4,47173,49,8117,2.5184453708973527,1558189142,2,47457,49,8071
2.529869958039386,1558195411,10,47455,49,8079,2.237445194773607,1553999864,7,47355,49,8118,2.1980821122404044,1558189234,3,47304,49,8167,2.4682616871201315,1545608926,5,46929,49,8125,3.0355600905738256,1549800138,1,47162,49,8116
2.529869958039386,1558195411,10,47455,49,8079,2.237445194773607,1553999864,7,47355,49,8118,2.6241141814991145,1564480298,2,47487,49,8167,1.4223070611728335,1547705777,4,46984,49,8105,3.0355600905738256,1549800138,1,47162,49,8116
2.0861917414611035,1551903412,9,47269,49,8082,2.4049209896903747,1556096258,6,47425,49,8090,2.7027532766307005,1560285861,2,47516,49,8123,1.9514560201721083,1556095722,5,47212,49,8100,2.4415425213553923,1558188829,1,47418,49,8089
2.0861917414611035,1551903412,9,47269,49,8082,2.4049209896903747,1556096258,6,47425,49,8090,1.9986840796418253,1556091959,3,47211,49,8141,2.14789844883068,1558191656,4,47294,49,8117,2.4415425213553923,1558188829,1,47418,49,8089
1.7022833172434109,1545612508,10,47105,49,8149,2.683060223377924,1560291011,7,47546,49,8062,2.073954892026551,1558188918,3,47249,49,8164,1.5574498679557247,1549804064,5,47043,49,8096,3.118788686483805,1549800001,1,47194,49,8160
1.7022833172434109,1545612508,10,47105,49,8149,2.683060223377924,1560291011,7,47546,49,8062,2.6344159915741217,1564480549,3,47490,49,8151,1.7315529365011866,1553998819,5,47128,49,8125,3.118788686483805,1549800001,1,47194,49,8160
2.5686271593534515,1558195299,9,47475,49,8122,1.901168257351455,1549805680,7,47212,49,8142,1.5797897069146407,1549800330,2,47038,49,8130,2.411044174010697,1545609102,4,46898,49,8101,2.7116255672856693,1543509001,2,47018,49,8122
2.5686271593534515,1558195299,9,47475,49,8122,1.901168257351455,1549805680,7,47212,49,8142,2.0736500421271216,1556091249,3,47244,49,8163,1.4288316001495611,1549803811,5,47000,49,8106,2.7116255672856693,1543509001,2,47018,49,8122
2.2284744340409195,1554000343,8,47330,49,8122,2.289768361314547,1556096961,7,47378,49,8097,2.221338320409938,1558188655,3,47308,49,8142,2.1062841540511053,1558193102,5,47278,49,8091,2.2591734738946916,1553994664,2,47350,49,8132
2.2284744340409195,1554000343,8,47330,49,8122,2.289768361314547,1556096961,7,47378,49,8097,1.5402164510243366,1560285682,2,47530,49,8135,2.3058847096380144,1545609675,5,46865,49,8145,2.2591734738946916,1553994664,2,47350,49,8132
1.91290326976277,1549806847,10,47192,49,8060,2.73711772027686,1562387249,6,47568,49,8085,2.2302125229531633,1560285849,3,47309,49,8155,2.098532711170393,1558192058,4,47274,49,8097,3.0291321184549123,1547703075,2,47169,49,8113
1.6211979942205295,1562389616,9,47580,49,8154,2.0358017212126396,1551902833,7,47268,49,8117,1.745429300395256,1551897290,3,47110,49,8104,1.8554793811295807,1553998794,5,47169,49,8131,2.6561385457255895,1560286101,1,47514,49,8050
2.6055497008636794,1558194038,8,47489,49,8129,2.551793168564386,1558193794,7,47489,49,8100,1.9132118431103484,1556091503,2,47177,49,8139,2.461326289539606,1547706704,5,46925,49,8120,2.254888785057881,1556091510,1,47352,49,8101
2.6055497008636794,1558194038,8,47489,49,8129,2.551793168564386,1558193794,7,47489,49,8100,2.478874042146428,1562383534,3,47423,49,8143,1.6343531689361661,1551900988,5,47081,49,8118,2.254888785057881,1556091510,1,47352,49,8101
2.7539517476271755,1560291887,9,47554,49,8090,2.1278003726513597,1553999182,7,47310,49,8158,1.7142208771437577,1551897503,3,47088,49,8104,1.4962524817560865,1549803940,4,47019,49,8127,2.341383439477727,1556091706,2,47376,49,8150
2.7539517476271755,1560291887,9,47554,49,8090,2.1278003726513597,1553999182,7,47310,49,8158,2.0441722392292054,1556091895,3,47237,49,8141,1.4248536375335072,1549802445,4,46999,49,8107,2.341383439477727,1556091706,2,47376,49,8150
2.646245718234948,1560292261,9,47506,49,8065,2.33209645230378,1556097063,7,47395,49,8078,2.487441525280212,1562383527,2,47427,49,8147,2.4923320456282485,1547706727,5,46941,49,8168,3.30441619789357,1551897750,2,47286,49,8092
2.5546541184644904,1558193978,8,47468,49,8111,1.9316646992745055,1549805033,6,47226,49,8054,2.0401942787567595,1556092009,3,47236,49,8135,2.3889107196716526,1545609802,5,46891,49,8123,3.076256110699458,1549799772,1,47177,49,8102
2.5546541184644904,1558193978,8,47468,49,8111,2.497124119844368,1558193702,6,47466,49,8129,2.4076834588080676,1562382965,2,47385,49,8105,2.1917544985881117,1560289409,5,47320,49,8107,3.076256110699458,1549799772,1,47177,49,8102
2.2394900388053167,1554001332,10,47334,49,8152,1.6810625859031711,1547707701,6,47123,49,8100,2.621972788492791,1564480532,2,47484,49,9,1.5522468917880643,1549803918,5,47046,49,8104,2.5613850300767833,1558188635,2,47473,49,8110
2.2394900388053167,1554001332,10,47334,49,8152,1.6810625859031711,1547707701,6,47123,49,8100,2.034890952627061,1556091941,2,47232,49,8152,1.746343877471959,1553997983,5,47127,49,8118,2.5613850300767833,1558188635,2,47473,49,8110
2.3009922571161874,1554000261,9,47363,49,8079,2.012954472621982,1551902575,7,47261,49,8089,2.2573425788180903,1560286081,3,47323,49,8091,2.3767742464256,1545609985,5,46882,49,8138,2.4347074659939674,1558188371,1,47419,49,8168
2.3009922571161874,1554000261,9,47363,49,8079,2.012954472621982,1551902575,7,47261,49,8089,1.7117727620246839,1551897499,3,47088,49,8144,1.3993575698379155,1547706945,5,46977,49,8147,2.4347074659939674,1558188371,1,47419,49,8168
2.3552542429706933,1556097309,8,47383,49,8114,2.3594309724718725,1556096002,6,47408,49,8039,1.9038283183129252,1547702744,3,47173,49,8109,2.0128578762767044,1556094634,4,47234,49,8101,2.2693730427384704,1556091674,2,47352,49,8129
2.3552542429706933,1556097309,8,47383,49,8114,2.3594309724718725,1556096002,6,47408,49,8039,2.574241028494577,1558188698,3,47456,49,8129,2.302012786172259,1560289046,4,47359,49,8142,2.2693730427384704,1556091674,2,47352,49,8129
1.6091618858856893,1562389404,9,47578,49,8121,1.8002953972416187,1547707941,7,47170,49,8165,1.8716997846985481,1553994866,2,47160,49,8121,2.0892495483424947,1558192225,4,47277,49,8086,2.568318508869391,1558188886,2,47485,49,8092
1.6091618858856893,1562389404,9,47578,49,8121,1.8002953972416187,1547707941,7,47170,49,8165,2.287430073906744,1560286472,2,47340,49,8121,2.007550806333941,1556094822,5,47246,49,8093,2.568318508869391,1558188886,2,47485,49,8092
2.645429676233736,1560292593,10,47506,49,8142,2.0505908000156046,1551902591,7,47276,49,8084,2.545478896798427,1564480334,3,47442,49,8170,1.5218526852022682,1549803800,4,47032,49,8063,2.2755965362775195,1553994673,2,47347,49,8134
2.645429676233736,1560292593,10,47506,49,8142,2.0505908000156046,1551902591,7,47276,49,8084,2.0467225960988937,1556091434,2,47236,49,8174,1.8407906723486662,1553998424,5,47169,49,8163,2.2755965362775195,1553994673,2,47347,49,8134
1.5929448049901473,1562388376,8,47569,49,8166,2.5313940378097644,1558192896,6,47482,49,8102,2.34291518008435,1560286005,2,47364,49,19,1.3811017272870982,1547707088,5,46964,49,8112,2.2054227045708354,1553994473,1,47323,49,8157
1.5929448049901473,1562388376,8,47569,49,8166,2.5313940378097644,1558192896,6,47482,49,8102,1.891894440101225,1553994450,2,47170,49,8111,1.697078530035821,1551900831,5,47114,49,8116,2.2054227045708354,1553994473,1,47323,49,8157
1.738492041022441,1547709374,10,47118,49,8064,1.8589424070777287,1549805831,7,47195,49,8099,2.1904329078314393,1558189113,2,47299,49,8098,2.4526565644126657,1545609020,5,46922,49,8159,2.287630773632952,1553994313,1,47357,49,8144
1.738492041022441,1547709374,10,47118,49,8064,1.8589424070777287,1549805831,7,47195,49,8099,1.7376778532958739,1545605547,2,47106,49,8099,1.6770902001028543,1551900430,4,47094,49,8147,2.287630773632952,1553994313,1,47357,49,8144
1.875164693733519,1549805266,8,47181,49,8131,2.407062377380116,1556095539,6,47429,49,8095,2.045599842580772,1549799653,2,47239,49,8136,2.4487827532379773,1545610128,5,46912,49,8121,2.2984418946823455,1556091199,1,47363,49,8125
1.875164693733519,1549805266,8,47181,49,8131,2.407062377380116,1556095539,6,47429,49,8095,1.6137548091639347,1549799609,2,47049,49,8157,1.5876395894034427,1551901207,5,47059,49,8111,2.2984418946823455,1556091199,1,47363,49,8125
2.0415177589158033,1551903563,9,47254,49,8175,1.8009069594084073,1547708227,7,47172,49,8173,1.997868040265139,1556092034,3,47211,49,8156,2.431647789357998,1545609860,5,46904,49,8111,2.4595938699112394,1556091546,1,47431,49,8115
2.0415177589158033,1551903563,9,47254,49,8175,1.8009069594084073,1547708227,7,47172,49,8173,1.5958038003955453,1549800635,3,47041,49,8164,1.679843177335003,1551901241,5,47099,49,8157,2.4595938699112394,1556091546,1,47431,49,8115
2.2089935807081886,1554001181,10,47324,49,8095,2.4161391701560584,1558192916,6,47434,49,8116,1.5538827730797884,1549800552,2,47028,49,8132,1.7049359086522413,1551901339,5,47101,49,8130,2.6115668164547947,1558188548,2,47492,49,8100
2.430424667858477,1556097873,9,47417,49,8109,1.9295233048887197,1549804792,6,47221,49,8074,1.9215748558450298,1556091786,3,47183,49,8168,2.44337528596722,1547706761,5,46917,49,8112,2.8548250300541156,1545605141,1,47083,49,8144
2.430424667858477,1556097873,9,47417,49,8109,1.9295233048887197,1549804792,6,47221,49,8074,1.5804012643974283,1549800452,3,47040,49,8120,1.7284932536490114,1553998593,5,47126,49,8127,2.8548250300541156,1545605141,1,47083,49,8144
2.595961681042853,1558195264,10,47490,49,8176,2.6055439272183385,1560291414,7,47513,49,8067,2.0110250512100816,1549800589,3,47218,49,8138,1.4279171047818984,1547706486,5,46985,49,8074,3.151831719407505,1549800626,2,47219,49,8159
2.595961681042853,1558195264,10,47490,49,8176,2.6055439272183385,1560291414,7,47513,49,8067,1.7095291145535427,1545605991,3,47086,49,8141,1.9516586285001745,1556095986,5,47218,49,8059,3.151831719407505,1549800626,2,47219,49,8159
1.6164039913596817,1562389839,10,47582,49,8140,2.172372102775937,1553999995,7,47320,49,8050,2.1023099422299985,1558188908,3,47259,49,8150,1.6451642981258323,1551901357,5,47087,49,8128,2.3086414611604287,1556091756,2,47366,49,8090
1.6164039913596817,1562389839,10,47582,49,8140,2.172372102775937,1553999995,7,47320,49,8050,1.8367160377685483,1553994448,2,47143,49,8116,2.1577894050751674,1560289605,5,47309,49,8118,2.3086414611604287,1556091756,2,47366,49,8090
1.8073386210102382,1547708370,9,47150,49,8142,1.7455241150943346,1547708823,7,47145,49,8133,2.279373789932936,1560286424,3,47331,49,8139,1.8752650815026963,1556095426,5,47183,49,8092,2.702953923657389,1560286211,2,47532,49,8101
1.8073386210102382,1547708370,9,47150,49,8142,1.7455241150943346,1547708823,7,47145,49,8133,2.014594062034893,1556092009,3,47223,49,8144,2.460510247916179,1547706496,5,46925,49,8057,2.702953923657389,1560286211,2,47532,49,8101
1.9775674133696872,1549806583,9,47225,49,8085,2.5945283209711008,1560290183,6,47509,49,8124,2.467246878998262,1556091651,3,47417,49,8135,2.1670706861104145,1560289684,5,47314,49,8094,3.1154222886753575,1549800010,1,47192,49,8117
1.9775674133696872,1549806583,9,47225,49,8085,2.5945283209711008,1560290183,6,47509,49,8124,2.20461043401211,1551896854,2,47304,49,8134,1.5958989578151164,1551900000,4,47074,49,8143,3.1154222886753575,1549800010,1,47192,49,8117
2.165340124791146,1554000706,10,47304,49,8132,2.3155730487623485,1556096198,6,47388,49,8050,2.4792830111983974,1562383558,3,47419,49,8174,2.017345160761061,,,,,,2.327205918498141,1556091982,1,47368,49,8132
2.3350595914446526,1556098259,10,47376,49,8108,2.1044438140704917,1551902410,7,47298,49,8074,2.7034689858209098,1543508490,3,46997,49,8075,2.4588800744392434,1545609842,5,46917,49,8119,2.7069299610730573,1560286284,2,47541,49,8151
2.516406219995962,1558195684,10,47454,49,8125,1.91299990220386,1549805056,6,47207,49,8038,2.0192858243059355,1556091874,3,47225,49,8119,2.1678867267856936,1560289838,5,47314,49,8128,3.166827184996477,1549800413,1,47216,49,8116
2.516406219995962,1558195684,10,47454,49,8125,1.91299990220386,1549805056,6,47207,49,8038,1.7846995504651888,1547702655,2,47117,49,8159,1.7011605759133388,1551901256,5,47106,49,8051,3.166827184996477,1549800413,1,47216,49,8116
2.7392649058874525,1560292536,10,47549,49,8118,1.760517675074006,1547708483,7,47142,49,8062,2.319558609652648,1560286224,2,47353,49,8055,1.473914544555916,1549803482,4,47014,49,8124,2.4314452051855833,,1,47410,49,8108
2.7392649058874525,1560292536,10,47549,49,8118,1.760517675074006,1547708483,7,47142,49,8062,2.124952715663529,1558188890,2,47268,49,8118,2.2219442223492623,1560289643,5,47336,49,8143,2.4314452051855833,1556091645,1,47410,49,8108
1.8212094331222612,1547709910,10,47158,49,8158,1.6607657091603818,1545610775,7,47112,49,8084,2.65481512552315,1564479943,2,47497,49,8140,2.02407421036866,1558192545,5,47252,49,8082,2.9460095410629172,1547702943,1,47117,49,8084
1.8212094331222612,1547709910,10,47158,49,8158,1.6607657091603818,1545610775,7,47112,49,8084,2.483770290846705,1556091569,2,47422,49,8130,1.5699934092866699,1551900688,5,47056,49,8109,2.9460095410629172,1547702943,1,47117,49,8084
2.4787698819292334,1558194200,8,47439,49,8155,1.8939261400654293,1549805747,7,47210,49,8126,2.0631437658349085,1551896845,3,47242,49,8123,1.798667056457568,1553998887,5,47150,49,8159,2.6673586507526803,1560286100,2,47513,49,8130
2.4787698819292334,1558194200,8,47439,49,8155,1.8939261400654293,1549805747,7,47210,49,8126,1.6994317860410706,1551897336,2,47080,49,8144,2.152181249037282,1558192378,5,47300,49,8139,2.6673586507526803,1560286100,2,47513,49,8130
2.596063925938383,1558195440,10,47489,49,8098,1.6742294268598674,1547708132,7,47116,49,8067,2.2450016129071693,1560285858,3,47315,49,8101,2.029890604996632,1556095177,5,47243,49,8092,2.9057206082942133,1545605577,1,47104,49,8119
1.8758784957222032,1549806763,10,47182,49,7,2.4744813638831684,1558194580,7,47454,49,8077,1.5793826334363557,1549800549,2,47033,49,8148,1.4538202452918798,1549803686,4,47011,49,8142,2.377080974082776,1556091537,1,47391,49,5
1.8758784957222032,1549806763,10,47182,49,7,2.4744813638831684,1558194580,7,47454,49,8077,2.7158099475215454,1566577736,3,47515,49,8105,2.3018083026973426,1560289297,4,47361,49,1,2.377080974082776,1556091537,1,47391,49,5
2.4239985803558075,1556098098,10,47416,49,8131,1.713395591311063,1547707077,6,47132,49,8093,2.1602431718682134,1558189133,2,47282,49,8147,2.137085442973224,1558192477,5,47296,49,8062,3.0404544543506797,1549800262,2,47167,49,8117
2.4239985803558075,1556098098,10,47416,49,8131,1.713395591311063,1547707077,6,47132,49,8093,2.120669906380989,1558189427,2,47262,49,8172,1.7243126753437747,1553997669,5,47119,49,8081,3.0404544543506797,1549800262,2,47167,49,8117
1.8299813912083138,1547708836,8,47160,49,8,1.8972925397429352,1549805883,7,47209,49,8123,1.5962108765309508,1549800118,3,47044,49,8156,2.439399229972583,1545610055,5,46908,49,8134,2.5786222399680185,1558189098,2,47479,49,8157
2.4678565189956108,1558195297,10,47434,49,8121,2.2873202404907653,1556096845,7,47377,49,8076,2.3232298515228775,1553994440,2,47356,49,8137,2.3011948525416885,1560289007,4,47366,49,16,3.2188436344547555,1551897360,1,47242,49,8038
2.4678565189956108,1558195297,10,47434,49,8121,2.2873202404907653,1556096845,7,47377,49,8076,2.3808582440726673,1560285708,3,47375,49,8162,1.8722054015147291,1556094872,5,47180,49,8113,3.2188436344547555,1551897360,1,47242,49,8038
2.0043926203077125,1549806916,10,47234,49,8095,2.3517817843263806,1556097268,7,47393,49,8035,2.0497822807752843,1556091712,3,47237,49,8163,2.52619490834822,1547705808,4,46952,49,8117,2.614014942175348,1560286073,2,47492,49,8070
2.7621121610442203,1562388473,8,47559,49,8121,2.7009089789409804,1560291020,7,47554,49,8141,1.6192626140966544,1551896864,2,47050,49,8122,2.4068617265759285,1545609216,4,46898,49,8096,3.1601947149981315,1549800455,2,47225,49,8119
2.7621121610442203,1562388473,8,47559,49,8121,2.7009089789409804,1560291020,7,47554,49,8141,1.7343114656307053,1551897751,3,47106,49,8160,1.8832191381404098,1556095366,5,47192,49,8100,3.1601947149981315,1549800455,2,47225,49,8119
2.3366916691794937,1556097660,9,47378,49,8144,2.053752727246802,1551903016,7,47275,49,8098,2.5562900210820128,1564480149,2,47447,49,8135,1.7240078192066253,1553997096,4,47113,49,8189,2.479688177784659,1558188764,2,47433,49,8133
2.3366916691794937,1556097660,9,47378,49,8144,2.053752727246802,1551903016,7,47275,49,8098,2.7023462136243572,1566577687,2,47511,49,8141,2.404720332335379,1545608937,4,46895,49,8097,2.479688177784659,1558188764,2,47433,49,8133
2.2681499139577155,1554001408,10,47354,49,8107,1.7952969267614816,1547707585,6,47169,49,8093,2.5967815582170712,1564480651,3,47466,49,8146,1.3934426931926491,1547706859,5,46970,49,7,3.3354238733050052,1553994526,1,47292,49,8176
2.2681499139577155,1554001408,10,47354,49,8107,1.7952969267614816,1547707585,6,47169,49,8093,2.4963157376942697,1562383085,2,47427,49,8161,1.6952456812576113,1551901410,5,47099,49,8109,3.3354238733050052,1553994526,1,47292,49,8176
1.5998805859709722,1562389591,9,47578,49,8062,2.4209331759895045,1558193848,7,47435,49,8141,2.1409667978304214,1551897325,2,47271,49,8126,1.3910968123044902,1547706716,5,46969,49,8103,2.3157813432376297,1556092066,2,47369,49,8174
1.5998805859709722,1562389591,9,47578,49,8062,2.4209331759895045,1558193848,7,47435,49,8141,2.3057900454379454,1560285932,2,47343,49,8170,2.021934685922998,1556094810,4,47240,49,8118,2.3157813432376297,1556092066,2,47369,49,8174
2.551696673557812,1558195156,9,47470,49,8089,2.273856512374102,1556095731,6,47373,49,8165,1.9072950977807204,1556091498,2,47178,49,8146,1.718704490059441,1551901096,5,47109,49,8158,2.9037818075007094,1547703211,2,47108,49,8136
2.551696673557812,1558195156,9,47470,49,8089,2.273856512374102,1556095731,6,47373,49,8165,2.0521281619108054,1549799839,3,47238,49,8155,2.2740648092225917,1560290008,5,47352,49,8113,2.9037818075007094,1547703211,2,47108,49,8136
2.3232279405239065,1556098169,10,47374,49,8122,2.2597812304443194,1553999400,7,47367,49,8162,1.7368618164284995,1545605937,2,47105,49,8111,1.9501287902553999,1556096095,5,47216,49,8111,2.311598895996465,1556091959,2,47370,49,8115
2.3232279405239065,1556098169,10,47374,49,8122,2.2597812304443194,1553999400,7,47367,49,8162,1.8571133196075982,1553994840,2,47158,49,8161,2.463980811783064,1545608851,4,46914,49,8148,2.311598895996465,1556091959,2,47370,49,8115
2.130865707040292,1551903962,10,47292,49,8142,2.25916967615244,1553999330,7,47365,49,8122,2.633599951694725,1564480400,3,47489,49,8105,2.134230245772611,1558193041,5,47291,49,8101,2.8826688803689784,1547702681,1,47099,49,8100
2.130865707040292,1551903962,10,47292,49,8142,2.25916967615244,1553999330,7,47365,49,8122,1.5497022183464764,1549800162,3,47020,49,8057,1.3962960009618344,1547707126,5,46982,49,8125,2.8826688803689784,1547702681,1,47099,49,8100
1.980422613454718,1549806282,9,47231,49,8111,2.321692404439056,1556096886,7,47392,49,8065,2.38952796914714,1562382761,2,47378,49,8093,1.567140121420354,1549804183,5,47043,49,8158,2.2941591004893684,1553994845,1,47357,49,8180
2.17604900324274,1554000901,10,47313,49,8081,2.7213081073732797,1562387936,7,47562,49,8116,2.191044470860587,1558188788,3,47300,49,8128,1.5575521128576784,1549804009,5,47041,49,8161,3.046880535838003,1549799718,1,47169,49,8129
2.17604900324274,1554000901,10,47313,49,8081,2.7213081073732797,1562387936,7,47562,49,8116,2.031524557985895,1549800047,2,47232,49,8155,1.627315529311799,1551901264,5,47077,49,8146,3.046880535838003,1549799718,1,47169,49,8129
1.7919361082389824,1547709713,10,47151,49,8167,2.56484791889801,1558193289,6,47496,49,8096,1.5867251103016142,1549800551,3,47041,49,8130,2.469793439346526,1545609402,5,46921,49,8099,3.2000765858174036,1549799826,1,47235,49,8113
1.7919361082389824,1547709713,10,47151,49,8167,2.56484791889801,1558193289,6,47496,49,8096,1.7255413487417937,1551897539,2,47096,49,8161,1.7141112622658405,1553997637,4,47122,49,8119,3.2000765858174036,1549799826,1,47235,49,8113
1.8242691141399276,1547708482,8,47161,49,7,2.6509316965274667,1560291120,6,47532,49,8137,2.4960090101798516,1562383601,3,47430,49,8125,1.4140463031793375,1547706377,4,46976,49,8113,2.479076620736586,1558188528,1,47432,49,8162
1.8242691141399276,1547708482,8,47161,49,7,2.6509316965274667,1560291120,6,47532,49,8137,2.6354365230013137,1564480926,3,47487,49,8124,1.9030066997254094,1556095503,5,47198,49,8118,2.479076620736586,1558188528,1,47432,49,8162
1.9267740712623023,1549806334,9,47204,49,8159,2.7690423345769877,1562388495,7,47582,49,8050,2.147799964625826,1558188603,2,47276,49,1,1.557959183090528,1549803653,5,47045,49,8091,3.016586679765889,1547703296,1,47162,49,8176
1.9267740712623023,1549806334,9,47204,49,8159,2.7690423345769877,1562388495,7,47582,49,8050,2.1950224305413486,1558188481,2,47302,49,8101,2.11831839990546,1558192438,4,47287,49,8072,3.016586679765889,1547703296,1,47162,49,8176
2.132293309607052,1551902666,8,47293,49,8178,1.6634182983953714,1545611078,7,47103,49,8037,1.7196246083433853,1551897350,2,47099,49,8151,1.72920705870102,1553997983,5,47126,49,8118,2.3022172649789083,1556091505,1,47359,49,8137
2.132293309607052,1551902666,8,47293,49,8178,1.6634182983953714,1545611078,7,47103,49,8037,1.7344136987074354,1545606038,3,47106,49,8125,2.3030314190220444,1560289195,4,47364,49,8078,2.3022172649789083,1556091505,1,47359,49,8137
1.9058656185683949,1549806266,9,47193,49,8170,1.7018706614955954,1547708307,7,47126,49,8129,2.404317054582072,1562382951,2,47386,49,8120,1.9871554265621114,1556095172,4,47221,49,8112,2.8743039972308027,1545605735,1,47102,49,17
1.9058656185683949,1549806266,9,47193,49,8170,1.7018706614955954,1547708307,7,47126,49,8129,2.3897324493926955,1562383081,2,47377,49,8164,2.465813564880241,1547706227,4,46928,49,8121,2.8743039972308027,1545605735,1,47102,49,17
1.7545042540440474,1547709605,10,47133,49,8050,1.6811648270086361,1547708032,7,47121,49,8170,1.8899556526482995,1553994503,3,47173,49,8139,2.2184774709021404,1560289902,5,47329,49,8154,2.2813069278847182,1553994886,2,47356,49,8184
1.7545042540440474,1547709605,10,47133,49,8050,1.6811648270086361,1547708032,7,47121,49,8170,1.8829180094571776,1553994668,2,47170,49,8160,1.5675471920355548,1549802646,4,47047,49,8117,2.2813069278847182,1553994886,2,47356,49,8184
1.686473709675742,1545612138,9,47104,49,8134,1.6331263271211809,1545611374,7,47096,49,8097,2.5880095870825075,1564480406,3,47465,49,8158,2.453983828138171,1545609486,5,46916,49,4,2.9005176444344314,1547702948,1,47109,49,8104
1.686473709675742,1545612138,9,47104,49,8134,1.6331263271211809,1545611374,7,47096,49,8097,2.624013846515136,1564480318,2,47480,49,8103,1.8593551057786655,1553997648,4,47170,49,8076,2.9005176444344314,1547702948,1,47109,49,8104
1.7086071479211302,1547709115,9,47111,49,8128,2.6802050430152526,1560290581,6,47542,49,8126,2.0797694082646054,1558188917,3,47248,49,8115,1.5606098892768654,1551900851,5,47051,49,8171,2.4429682147380527,1558188588,1,47427,49,8142
1.7086071479211302,1547709115,9,47111,49,8128,2.6802050430152526,1560290581,6,47542,49,8126,2.100270775410004,1551897144,2,47255,49,8131,2.1759448946870426,1560289551,5,47314,49,8120,2.4429682147380527,1558188588,1,47427,49,8142
1.7571568439312828,1547708750,8,47131,49,8094,2.3912527700384647,1556096807,7,47423,49,8065,1.653330196598641,1551897377,2,47061,49,8168,1.440765490800889,1549804010,5,47002,49,8122,3.245975574242762,1551897631,2,47250,49,8062
2.2035880170070152,1554000579,9,47322,49,8097,2.3522910901524328,1556096957,7,47405,49,8105,2.5981069100583576,1564480762,3,47470,49,8170,1.5910045771955683,1551901324,5,47064,49,8115,3.2662724611009137,1551897867,1,47259,49,8130
2.2035880170070152,1554000579,9,47322,49,8097,2.3522910901524328,1556096957,7,47405,49,8105,2.4134979847551175,1562383080,2,47384,49,8150,2.0076549256354563,1556095097,4,47235,49,8177,3.2662724611009137,1551897867,1,47259,49,8130
1.993172537513103,1549805638,8,47233,49,8123,1.8249773277646502,1549805044,7,47183,49,8099,1.9130073704645436,1556091555,3,47179,49,8140,1.7447099493436389,1553998384,5,47133,49,8089,2.5804588082342756,1558189030,2,47479,49,1
1.993172537513103,1549805638,8,47233,49,8123,1.8249773277646502,1549805044,7,47183,49,8099,2.0122481808993715,1556092251,3,47222,49,8105,2.4597964558707996,1547706516,5,46922,49,8148,2.5804588082342756,1558189030,2,47479,49,1
2.038662564155392,1551903483,9,47246,49,8106,2.2710013182308266,1556096133,6,47370,49,8064,1.5479678943166686,1549800418,2,47022,49,8160,2.281204695779667,1560289801,5,47353,49,8182,3.31706388987948,1553994189,1,47289,49,8062
2.038662564155392,1551903483,9,47246,49,8106,2.2710013182308266,1556096133,6,47370,49,8064,1.6388457032995012,1551897656,2,47059,49,8157,1.7266604093093014,1551900699,5,47110,49,8146,3.31706388987948,1553994189,1,47289,49,8062
2.0135716753512054,1551903597,10,47236,49,8114,1.6432236510610363,1545611236,7,47101,49,8135,2.4417489122640434,1562383744,2,47403,49,8162,1.4212865425499885,1547706732,5,46984,49,8117,2.755074528665071,1545605916,1,47039,49,8126
2.0135716753512054,1551903597,10,47236,49,8114,1.6432236510610363,1545611236,7,47101,49,8135,2.5308923972331336,1564480049,3,47441,49,8139,2.0118373637007188,1556094573,4,47234,49,8103,2.755074528665071,1545605916,1,47039,49,8126
1.9014787189425966,1549807144,10,47191,49,8077,2.2770203365827593,1553998912,6,47367,49,8047,2.129848953323871,1558189307,2,47269,49,8168,1.6811685525381141,1551901333,5,47100,49,8171,3.1727420551571934,1549799929,2,47224,49,8157
1.9014787189425966,1549807144,10,47191,49,8077,2.2770203365827593,1553998912,6,47367,49,8047,2.2032850716967753,1558188843,3,47301,49,8177,2.162685654034451,1558192606,5,47307,49,8149,3.1727420551571934,1549799929,2,47224,49,8157
1.7985666720164453,1547709476,9,47144,49,8103,1.7652094327649195,1547708262,7,47153,49,8081,1.7929603330679496,1553994695,3,47124,49,8175,1.7401222791108988,1553998690,5,47122,49,8126,2.2778382801128214,1553994397,1,47358,49,8112
1.7985666720164453,1547709476,9,47144,49,8103,1.7652094327649195,1547708262,7,47153,49,8081,1.8829180094571776,1553994967,2,47170,49,8131,2.183391503540329,1558192167,5,47312,49,8097,2.2778382801128214,1553994397,1,47358,49,8112
1.9631854219079317,1549806841,10,47218,49,8126,1.6298621708048624,1545611539,7,47096,49,8089,1.6469038716216298,1551897494,2,47060,49,15,2.140247369240984,1558192558,4,47295,49,8099,2.883075959520631,1547703001,1,47104,49,8107
1.9631854219079317,1549806841,10,47218,49,8126,1.6298621708048624,1545611539,7,47096,49,8089,2.586886815689007,1564480422,2,47468,49,8145,2.1114852407447326,1558192978,5,47281,49,8067,2.883075959520631,1547703001,1,47104,49,8107
2.7158061055277387,1560292271,9,47535,49,8121,2.255498439997835,1553999745,7,47362,49,8054,2.0619206359707567,1556091169,2,47239,49,8093,1.8509902397298021,1553998410,5,47171,49,8095,2.7157019294233766,1543508685,1,47033,49,8138
2.558427596407436,1558195412,10,47470,49,8096,1.9151412998490134,1549805639,7,47219,49,8077,2.709281611535629,1560285777,2,47516,49,8175,2.4631647726353245,1545609954,5,46913,49,8103,2.84951982905689,1545605737,1,47089,49,8093
2.558427596407436,1558195412,10,47470,49,8096,1.9151412998490134,1549805639,7,47219,49,8077,2.6164649846618397,1558188590,2,47482,49,8142,1.4145537334718457,1549803824,5,46986,49,8091,2.84951982905689,1545605737,1,47089,49,8093
2.4406242414020607,1556097725,9,47417,49,8129,1.6065056033714495,1545611271,7,47085,49,8135,2.0489662393923127,1556091543,2,47238,49,8094,2.014794806905354,1556094558,4,47237,49,8130,2.8814438791531503,1545605611,1,47104,49,8151
2.279370015986678,1554000120,9,47350,49,8131,2.5415936047617764,1558193481,6,47485,49,8069,2.5409897205409915,1564480565,2,47446,49,8188,1.566424424327453,1549804132,5,47049,49,8165,2.912349288084869,1547703119,2,47113,49,8084
2.279370015986678,1554000120,9,47350,49,8131,2.5415936047617764,1558193481,6,47485,49,8069,2.4462361909707933,1562383575,3,47407,49,8098,1.5150195328829437,1549803889,4,47025,49,8124,2.912349288084869,1547703119,2,47113,49,8084
2.1292336396549656,1551904124,10,47286,49,5,2.251622720345915,1553999411,6,47360,49,8102,1.7630754463515814,1553993943,3,47113,49,8150,1.8623106919719776,1556095697,5,47180,49,8113,2.8931751594218973,1547703202,2,47101,49,8146
2.1292336396549656,1551904124,10,47286,49,5,2.251622720345915,1553999411,6,47360,49,8102,1.6256886985709122,1551897155,3,47052,49,8157,1.705240774782377,1551901327,5,47104,49,8130,2.8931751594218973,1547703202,2,47101,49,8146
1.9963344692841503,1549806259,9,47229,49,8173,1.9139181787126913,1549804933,6,47215,49,8051,2.173297939152032,1558188802,2,47291,49,8185,1.969916355787684,1556095562,5,47221,49,8094,2.9364215343985975,1547703151,2,47117,49,8121
1.9963344692841503,1549806259,9,47229,49,8173,1.9139181787126913,1549804933,6,47215,49,8051,2.040296516690112,1556091543,2,47235,49,8130,1.7648042184509916,1553998783,5,47136,49,8118,2.9364215343985975,1547703151,2,47117,49,8121
1.8791426621325737,1549806423,9,47178,49,8101,2.652666025825606,1560291202,7,47532,49,8102,2.627889567335907,1564480472,2,47482,49,8118,2.105263638742677,1558192760,5,47278,49,8079,2.963142624969638,1547702901,1,47135,49,8134
1.8791426621325737,1549806423,9,47178,49,8101,2.652666025825606,1560291202,7,47532,49,8102,2.4792811108280373,1562383941,3,47428,49,8118,1.7460371729415571,1553998380,5,47128,49,8165,2.963142624969638,1547702901,1,47135,49,8134
1.5936586055454551,1562389427,9,47569,49,8027,2.1121952541271565,1553998434,6,47302,49,8157,1.837736545589721,1553994900,2,47142,49,8138,1.9744055082176375,1556095527,5,47217,49,8065,3.0729919504273457,1549800501,2,47176,49,8138
1.5936586055454551,1562389427,9,47569,49,8027,2.1121952541271565,1553998434,6,47302,49,8157,1.6816834072315616,1551897758,2,47080,49,8125,1.7103414782161397,1551901641,5,47102,49,8088,3.0729919504273457,1549800501,2,47176,49,8138
2.424712387601468,1556097502,9,47413,49,8155,2.7042753978326965,1560290138,6,47553,49,8071,2.2289875236279366,1560286105,3,47314,49,8087,1.9083100263083734,1556094845,4,47201,49,8141,3.1755991514597524,,,,,
2.424712387601468,1556097502,9,47413,49,8155,2.7042753978326965,1560290138,6,47553,49,8071,2.0862977242987646,1558188942,3,47249,49,8176,1.5179769698008376,1549804352,5,47028,49,8160,3.1755991514597524,1549799849,2,47218,49,8104
1.915044677713257,1549806703,9,47194,49,8074,2.0128522381920932,1551902951,7,47260,49,8147,2.665728485515541,1566577155,2,47504,49,8139,1.653122062472068,1551901270,5,47079,49,8102,2.1338231636932092,1551897296,1,47288,49,8121
1.915044677713257,1549806703,9,47194,49,8074,2.0128522381920932,1551902951,7,47260,49,8147,2.538236766872151,1564479805,2,47442,49,8120,2.288651304737633,1560289788,5,47352,49,8160,2.1338231636932092,1551897296,1,47288,49,8121
2.564649197207396,1558194476,8,47473,49,8097,2.5182370498885116,1558193494,6,47473,49,8091,1.902603332014738,1547702843,3,47178,49,8102,2.314455994156329,1560289225,4,47363,49,8116,2.3772854586983683,1556091989,2,47389,49,8057
2.564649197207396,1558194476,8,47473,49,8097,2.5182370498885116,1558193494,6,47473,49,8091,1.790614450328586,1553994540,3,47124,49,8155,1.8513991890863335,1553998303,5,47167,49,5,2.3772854586983683,1556091989,2,47389,49,8057
1.9595141765963136,1549807164,10,47214,49,8083,1.7274708735281017,1547708533,7,47138,49,8139,2.352298702775234,1560285730,2,47369,49,8106,1.5682609927639675,1549804280,5,47047,49,8118,2.6256421015443885,1560286164,1,47498,49,8141
2.5265035500088335,1558195546,9,47455,49,8143,2.13718389735303,1553999778,7,47313,49,8091,1.8081583623151187,1553994413,2,47128,49,8141,1.7088097902193269,1551901470,5,47109,49,8116,2.9409088214970156,1547703325,2,47119,49,8148
2.5265035500088335,1558195546,9,47455,49,8143,2.13718389735303,1553999778,7,47313,49,8091,1.7446132599101283,1551897252,2,47111,49,8108,1.411086978603512,1547707239,5,46980,49,8142,2.9409088214970156,1547703325,2,47119,49,8148
1.8314090046741387,1547709495,9,47158,49,8051,2.5595446088507168,1558194158,7,47492,49,8090,2.400645813566262,1562383049,2,47383,49,8124,1.5948803106819052,1551900524,4,47062,49,8112,3.3000311763601036,1551897122,1,47278,49,8150
2.3083366274097386,1553999854,8,47362,49,8154,1.7714310376162614,1547708732,7,47155,49,8115,1.8550759886960286,1553994711,3,47148,49,8146,2.456430056472336,1545608607,4,46919,49,8142,2.4466394521278723,1558189071,2,47429,49,8086
2.3083366274097386,1553999854,8,47362,49,8154,1.7714310376162614,1547708732,7,47155,49,8115,1.7662373646229919,1553994483,2,47115,49,8152,2.0723190784063683,1558192860,5,47261,49,8099,2.4466394521278723,1558189071,2,47429,49,8086
2.7197840708915324,1560292618,10,47536,49,8130,2.1615609842155106,1553999397,6,47322,49,8120,2.436343348986773,1562383138,3,47401,49,8059,2.1962417933108775,1560289099,5,47318,49,8105,2.853088836903395,1545606044,1,47092,49,8154
2.7197840708915324,1560292618,10,47536,49,8130,2.1615609842155106,1553999397,6,47322,49,8120,2.395749568973651,1562383044,2,47383,49,8156,1.8810796097571687,1553998504,5,47176,49,8076,2.853088836903395,1545606044,1,47092,49,8154
2.2012421470425365,1554000813,9,47316,49,8118,2.7214103554478073,1562388010,7,47561,49,8114,2.084054080738184,1558188883,2,47247,49,8144,2.4121669580447147,1545609875,5,46889,49,8089,2.404926715722717,1556091875,2,47398,49,8108
2.2012421470425365,1554000813,9,47316,49,8118,2.7214103554478073,1562388010,7,47561,49,8114,1.802241619951128,1553994368,2,47131,49,8148,1.8114151308671231,1553997790,4,47155,49,8126,2.404926715722717,1556091875,2,47398,49,8108
2.256727247870167,1554000993,10,47340,49,8125,1.7120702256406184,1547708327,7,47129,49,8048,2.462045798628566,1562383318,2,47414,49,8173,2.008878059547942,1556095775,5,47235,49,8147,2.4410313126872256,1558188773,1,47420,49,8138
2.256727247870167,1554000993,10,47340,49,8125,1.7120702256406184,1547708327,7,47129,49,8048,2.415537140503008,1556091643,2,47390,49,8152,1.5682610022115104,1549804164,5,47043,49,8160,2.4410313126872256,1558188773,1,47420,49,8138
2.628294715008428,1560292313,10,47497,49,8128,2.113827335612352,1551902272,7,47302,49,8130,1.8713930731452202,1547703279,3,47165,49,8112,1.710034781048673,1551900881,4,47101,49,8120,2.8853196055569055,1545605874,2,47104,49,8059
2.628294715008428,1560292313,10,47497,49,8128,2.113827335612352,1551902272,7,47302,49,8130,1.8081583609745941,1553994642,2,47129,49,8164,2.288651313802136,1560289741,5,47348,49,8147,2.8853196055569055,1545605874,2,47104,49,8059
1.7851029529526827,1547709876,10,47140,49,8094,2.5447555305358835,1558194343,7,47485,49,8085,2.4408325174619083,1562383470,3,47398,49,8158,2.235612447984057,1560289785,5,47332,49,8113,2.1611576935877768,1553994675,2,47300,49,8100
1.7851029529526827,1547709876,10,47140,49,8094,2.5447555305358835,1558194343,7,47485,49,8085,2.3335316521271183,1560285786,2,47362,49,8151,1.4775857958482288,1549804164,5,47012,49,8141,2.1611576935877768,1553994675,2,47300,49,8100
2.4757102118911076,1558194328,8,47433,49,8093,1.8965787392821833,1549805119,6,47208,49,8103,1.9691058962645425,1556091911,2,47199,49,8101,1.6924908702705255,1551901531,5,47097,49,8124,2.9799727561619793,1547703312,2,47136,49,8163
2.4757102118911076,1558194328,8,47433,49,8093,1.8965787392821833,1549805119,6,47208,49,8103,1.6177327692258145,1551897328,3,47052,49,8163,1.8436477535514466,1553998698,5,47159,49,8157,2.9799727561619793,1547703312,2,47136,49,8163
2.521914032048049,1558195298,9,47452,49,8128,2.04416472341147,1551902978,7,47273,49,8102,2.149432039817655,1551897472,3,47279,49,8136,2.1185228928966264,1558192464,5,47280,49,8141,3.1562205466155757,1549800028,1,47208,49,8125
1.686473721165957,1545612726,10,47099,49,8121,2.4179757439456777,1556096034,6,47432,49,8118,1.5203266345192625,1549800589,3,47015,49,8148,1.9198368305302778,1556095666,5,47196,49,8155,2.452249498912319,1556091575,2,47430,49,8124
1.686473721165957,1545612726,10,47099,49,8121,2.4179757439456777,1556096034,6,47432,49,8118,2.6089180275074506,1564480309,2,47478,49,8170,2.3659612406436934,1545610068,5,46878,49,8115,15.538990804593825,1556091575,2,47430,49,8124
2.039987927177282,1551903651,9,47249,49,8160,2.27814120604732,1556095511,6,47371,49,8015,1.9907281565911281,1549800179,2,47211,49,8105,2.253054136484266,1560289555,5,47337,49,8058,3.0207710117875197,1547703469,2,47152,49,8140
2.039987927177282,1551903651,9,47249,49,8160,2.27814120604732,1556095511,6,47371,49,8015,1.8612975924351862,1553994688,2,47152,49,8120,1.5790721222071589,1551901040,5,47049,49,8092,3.0207710117875197,1547703469,2,47152,49,8140
2.3858529391462326,1556097982,9,47394,49,8087,2.271001321438512,1556096454,7,47369,49,8072,2.4026849697720447,1562383661,3,47388,49,8139,1.5684654873270416,1549804350,5,47041,49,8149,2.3326114794128006,1556091925,2,47371,49,8113
2.3858529391462326,1556097982,9,47394,49,8087,2.271001321438512,1556096454,7,47369,49,8072,2.262136577918192,1560286032,2,47326,49,8159,1.906270871669329,1556094750,4,47193,49,8131,2.3326114794128006,1556091925,2,47371,49,8113
2.6929588429071747,1560292659,10,47529,49,8144,2.2795688016740185,1556096381,7,47373,49,8157,1.6378254677897046,1551897202,2,47063,49,8131,1.7349193461211456,1553998574,5,47121,49,8120,2.904597850016824,1545605902,1,47107,49,8156
2.6929588429071747,1560292659,10,47529,49,8144,2.2795688016740185,1556096381,7,47373,49,8157,1.508394632874094,1543508647,2,47004,49,8179,2.2685570195021705,1560289887,5,47345,49,8100,2.904597850016824,1545605902,1,47107,49,8156
1.7711298996159857,1547709120,9,47135,49,8122,2.3024160514893333,1556095785,6,47381,49,8131,2.066612395401163,1558188724,3,47243,49,8170,2.1676860294018137,1558192255,4,47294,49,8179,2.249689607407971,1553994527,1,47336,49,30
2.0120418299507046,1551903213,9,47237,49,8115,2.370548827856943,1556097076,7,47409,49,8126,2.353828543133515,1562383178,2,47370,49,8133,2.0228511046107442,1558192365,5,47242,49,8051,2.851254153379226,1545605447,1,47086,49,8112
2.2308203126549766,1554001249,10,47332,49,8089,2.4108358578738716,1556096218,7,47430,49,8113,1.7322722854506272,1551897482,2,47104,49,8161,2.0202003790333682,1558192192,5,47236,49,8154,2.323737271071872,1556091739,1,47370,49,8121
2.2308203126549766,1554001249,10,47332,49,8089,2.4108358578738716,1556096218,7,47430,49,8113,1.5866228648460141,1549800385,2,47044,49,8139,2.487437724921865,1547706487,4,46927,49,8108,2.323737271071872,1556091739,1,47370,49,8121
2.7554815837997673,1560291176,8,47556,49,8116,2.675513285228587,1560291182,7,47539,49,8130,2.3784101187005002,1562383162,2,47377,49,8116,1.5570409113075534,1549804372,5,47041,49,8096,3.3684706952421086,1553994264,1,47303,49,8067
2.7554815837997673,1560291176,8,47556,49,8116,2.675513285228587,1560291182,7,47539,49,8130,2.008167981317845,1556091960,2,47223,49,8142,1.5176702521353005,1549804185,5,47027,49,8097,3.3684706952421086,1553994264,1,,49,8067
2.617381348033453,1560291140,8,47494,49,8123,2.5082419774719695,1558194095,7,47467,49,8102,2.553228436939849,1564480329,2,47455,49,8154,2.467856543220814,1545610025,5,46911,49,8153,2.4731598464071176,1558188744,1,47433,49,8147
2.617381348033453,1560291140,8,47494,49,8123,2.5082419774719695,1558194095,7,47467,49,8102,2.4404235536014793,1562383287,3,47401,49,8173,1.6030406962651536,1551900912,4,47062,49,8116,2.4731598464071176,1558188744,1,47433,49,8147
2.7643558040961316,1562389204,9,47557,49,8158,2.5228265648059485,1558193214,6,47476,49,8118,1.8110135777567549,1547702840,2,47132,49,8149,1.425978313566386,1547706826,5,46982,49,8124,3.1816143696107715,1549800271,1,47231,49,8103
2.7643558040961316,1562389204,9,47557,49,8158,2.5228265648059485,1558193214,6,47476,49,8118,1.7270711882514993,1551897605,2,47099,49,8189,1.8849553320030885,1553998228,5,47178,49,8123,3.1816143696107715,1549800271,1,47231,49,8103
1.7305361214561898,1547709067,9,47117,49,8149,2.5719878065504176,1560290530,6,47498,49,8072,2.2873278316971732,1560286163,2,47342,49,8118,1.7125832868296789,1551900287,4,47108,49,8108,2.6477755614786047,1560285510,1,47505,49,8110
1.7305361214561898,1547709067,9,47117,49,8149,2.5719878065504176,1560290530,6,47498,49,8072,2.1990003902956565,1558188725,3,47304,49,1,2.2506060143845663,1560290327,5,47337,49,8101,2.6477755614786047,1560285510,1,47505,49,8110
1.9071909911294,1549807034,10,47193,49,8139,2.580453038945566,1560291054,7,47503,49,8101,1.6143663650012707,1545605345,2,47052,49,4,2.1626875524264824,1558192809,5,47293,49,8166,3.357964397646681,1553994557,2,47302,49,8090
2.0644672498796646,1551904037,10,47259,49,8059,2.5720900530682806,1558193761,7,47497,49,8098,2.163405089847513,1551897529,2,47285,49,8151,1.5147128205580411,1549804438,5,47022,49,8158,2.7797564416339773,1545605504,1,47051,49,8133
2.0644672498796646,1551904037,10,47259,49,8059,2.5720900530682806,1558193761,7,47497,49,8098,2.053760237877677,1558188758,3,47240,49,8130,2.190940362715,1558192664,5,47304,49,8121,2.7797564416339773,1545605504,1,47051,49,8133
2.2324523917282684,1554000053,8,47333,49,8173,2.5650524118879474,1558193721,7,47494,49,8106,2.652775973222442,1564480010,3,47495,49,8117,1.7102392558510908,1551901725,5,47097,49,8112,2.267027164507421,1553994580,1,47350,49,8061
2.431852266543823,1556097606,9,47418,49,8078,2.569641926180911,1560290544,7,47497,49,8157,2.0973133301836806,1558189040,3,47252,49,8145,2.4961093614046823,1545609534,5,46920,49,8133,2.9371353393554513,1547703323,2,47116,49,8142
2.6424722391710675,1560292431,10,47505,49,8081,2.6051368410292257,1560291479,7,47519,49,8090,1.5727520635320242,1543508572,2,47035,49,8142,2.608404912080898,1547706678,5,46971,49,8083,2.4042110153814376,1556091184,1,47406,49,8129
2.6424722391710675,1560292431,10,47505,49,8081,2.6051368410292257,1560291479,7,47519,49,8090,1.591416870737402,1549800155,2,47044,49,8171,2.1877784415158508,1558192759,5,47303,49,8109,2.4042110153814376,1556091184,1,47406,49,8129
1.9824636541573384,1549807023,10,47224,49,8080,1.6869793112796552,1547708591,7,47129,49,8097,2.4907056901140945,1562383253,2,47427,49,3,1.4379122045336605,1547706835,5,46983,49,8142,2.2026697467846184,1553994599,1,47318,49,8133
1.9824636541573384,1549807023,10,47224,49,8080,1.6869793112796552,1547708591,7,47129,49,8097,2.319763090727395,1560286596,2,47351,49,8167,1.8821001279214682,1553997820,5,47172,49,8171,2.2026697467846184,1553994599,1,47318,49,8133
0,1549807000,10,47183,49,8177,1.6715767995711444,1547707913,6,47128,49,8084,1.7698063852148291,1553994393,3,47119,49,8134,2.031420463947744,1556095295,5,47236,49,8119,2.486623574910074,1558189017,2,47438,49,8064
1.883018378053678,1549807000,10,47183,49,8177,1.6715767995711444,1547707913,6,47128,49,8084,1.8805739779035573,1553994775,2,47161,49,8187,1.6297636627674534,1551901182,5,47070,49,8145,2.486623574910074,1558189017,2,47438,49,8064
2.149530520542186,1551904144,10,47298,49,8073,1.9136114305497982,1549805295,7,47227,49,8123,2.589539426818061,1564480391,2,47466,49,8118,1.7772474399360412,1553998381,5,47136,49,8096,3.0378018471854946,1549800322,1,47170,49,8152
2.149530520542186,1551904144,10,47298,49,8073,1.9136114305497982,1549805295,7,47227,49,8123,2.6629755412477913,1564480190,3,47498,49,8132,2.450517097415295,1545609834,5,46903,49,8110,3.0378018471854946,1549800322,1,47170,49,8152
2.4710184435398266,1558194604,9,47434,49,6,2.2245929922663135,1553999850,7,47362,49,8068,2.200427993312091,1558188629,2,47305,49,8151,2.3815663693283633,1545610000,5,46883,49,8111,2.403599459895263,1556092157,2,47404,49,8126
2.4710184435398266,1558194604,9,47434,49,6,2.2245929922663135,1553999850,7,47362,49,8068,2.3130302847530504,1560286451,2,47353,49,8124,1.9001533726901156,1553998194,5,47179,49,8087,2.403599459895263,1556092157,2,47404,49,8126
1.5944746402926924,1562389135,9,47572,49,8109,2.6253314750408734,1560291399,7,47529,49,8105,1.866701314432952,1553994926,3,47161,49,8185,1.8544588862180449,1553997493,4,47163,49,8118,2.8673685976222956,1545606208,2,47097,49,8109
1.5944746402926924,1562389135,9,47572,49,8109,2.6253314750408734,1560291399,7,47529,49,8105,1.9241252099229815,1556091399,2,47182,49,8093,2.508243923931746,1547707003,5,46937,49,8098,2.8673685976222956,1545606208,2,47097,49,8109
1.9109644732854278,1549806035,9,47197,49,8099,1.827629896508756,1549805479,7,47190,49,8074,2.6542035702981166,1564479981,3,47496,49,8164,2.5518992814436614,1547707130,5,46950,49,8105,0,1551897608,2,47281,49,8127
1.9109644732854278,1549806035,9,47197,49,8099,1.827629896508756,1549805479,7,47190,49,8074,1.5498044577092975,1560285929,2,47532,49,15,2.0419248704975077,1558191912,4,47246,49,8063,3.2998266859309937,1551897608,2,47281,49,8127
2.2761058460244596,1554000309,9,47353,49,9,2.2496838783111226,1556096313,7,47372,49,8110,2.2786599893326023,1560286255,3,47330,49,8152,2.11536097439656,1558192576,5,47278,49,8112,2.6018765557911956,1560285890,2,47492,49,8102
2.2761058460244596,1554000309,9,47353,49,9,2.2496838783111226,1556096313,7,47372,49,8110,2.2966109990536165,1553994247,2,47338,49,8151,1.6798431946501198,1551901735,5,47092,49,8080,2.6018765557911956,1560285890,2,47492,49,8102
2.623500701789033,1560292141,9,47499,49,8118,2.578107125573602,1560291496,7,47512,49,8078,1.7798033188886018,1553994176,2,47117,49,8147,1.7382857411701509,1553997198,4,47119,49,8171,3.0532043786992444,1549800188,1,47171,49,8158
2.623500701789033,1560292141,9,47499,49,8118,2.578107125573602,1560291496,7,47512,49,8078,1.7595045869690038,1553994038,2,47116,49,8160,2.5476145842702445,1547707254,5,46952,49,8152,3.0532043786992444,149800188,1,47171,49,8158
1.7656220965718523,1547709698,10,47134,49,8101,1.621701749607277,1545610796,6,47105,49,8089,2.4631685681735944,1562383447,2,47409,49,8125,2.041209194316937,1558191896,4,47253,49,8116,2.357293399054469,1556091972,2,47386,49,8126
2.077012692374354,1551904179,10,47265,49,8101,1.7753067302869865,1547708314,7,47166,49,8171,1.88607992970608,1553994604,3,47171,49,8145,2.0369282632527024,1558191785,5,47239,49,8137,2.804745494452592,1545606060,2,47061,49,8066
2.077012692374354,1551904179,10,47265,49,8101,1.7753067302869865,1547708314,7,47166,49,8171,1.8578289688500054,1547703142,2,47152,49,8124,1.4770764844013495,1549804172,5,47008,49,8089,2.804745494452592,1545606060,2,47061,49,8066
2.3670858853861847,1556098329,10,47389,49,8108,1.915957314150928,1549805492,7,47227,49,8108,2.4803016394850537,1562383031,2,47425,49,8148,1.4557590740892605,1549803580,5,47001,49,8107,3.3167609802290112,1551897585,2,47273,49,8132
2.3670858853861847,1556098329,10,47389,49,8108,1.915957314150928,1549805492,7,47227,49,8108,2.4322631458929798,1562383645,3,47400,49,8184,2.178394915824745,1558192571,5,47300,49,8145,3.3167609802290112,1551897585,2,47273,49,8132
2.6093231714941068,1560292401,10,47494,49,8158,2.1043415429915964,1553998969,6,47308,49,8150,1.8853661269721707,1553994617,3,47170,49,8146,2.1590125411419385,1558192090,5,47306,49,8136,2.4849914964383544,1558189103,2,47436,49,8122
2.6093231714941068,1560292401,10,47494,49,8158,2.1043415429915964,1553998969,6,47308,49,8150,1.8285574916430474,1553994317,2,47135,49,8088,1.731248099056237,1551900760,5,47116,49,8072,2.4849914964383544,1558189103,2,47436,49,8122
1.9396243682927836,1549805940,9,47212,49,8182,2.5072214155311885,1558193187,6,47478,49,8068,2.649409563959017,1564480820,3,47495,49,8173,2.1698274326868137,1558192678,5,47296,49,8124,3.2895267903359766,1551897537,2,47268,49,8138
1.9396243682927836,1549805940,9,47212,49,8182,2.5072214155311885,1558193187,6,47478,49,8068,2.32924885594735,1553994416,2,47354,49,8128,2.4645904744100227,1547706244,5,46918,49,8061,3.2895267903359766,1551897537,2,47268,49,8138
1.9134125920233809,1549806762,10,47197,49,8139,2.4720332095098327,1558194082,7,47463,49,8130,1.7117709264864194,1551897909,3,47096,49,8178,2.56842269129318,1547706578,4,46956,49,8144,3.316145611789858,1553994289,2,47287,49,8102
1.9134125920233809,1549806762,10,47197,49,8139,2.4720332095098327,1558194082,7,47463,49,8130,1.563573021783706,1549800474,3,47029,49,8140,2.111587492918459,1558192957,5,47275,49,8102,3.316145611789858,1553994289,2,47287,49,8102
2.49182464014805,1558194074,8,47446,49,8120,1.578252776567394,1545611403,7,47082,49,8101,2.3491367826977156,1560285908,2,47367,49,8154,2.5438411089594757,1547706956,5,46949,49,8084,2.9045978523946516,1545605867,1,47106,49,8134
2.49182464014805,1558194074,8,47446,49,8120,1.578252776567394,1545611403,7,47082,49,8101,2.007863130542448,1556092132,3,47217,49,8148,1.8311023124853973,1553998486,5,47153,49,8104,2.9045978523946516,1545605867,1,47106,49,8134
2.50386077608581,1558195773,10,47448,49,8130,1.5735610157645463,1545610576,6,47080,49,8086,2.4559264411434434,1562383663,3,47408,49,8164,1.578358321459323,1551900716,5,47049,49,8146,3.015670290489011,1547703256,2,47153,49,8187
1.5779512310761903,1562389506,9,47566,49,8128,1.7269615195593513,1547708509,7,47144,49,8077,1.651186953459221,1551897863,2,47066,49,8139,1.4092504219125943,1547706817,5,46979,49,1,2.281611766138764,1553994440,1,47358,49,8117
1.877510576815993,1549806667,10,47181,49,8102,1.8788321868780242,1549805180,6,47207,49,8064,2.2447971324832885,1560286321,2,47318,49,8123,1.5745829404506084,1549803571,5,47054,49,8118,2.7382424548004507,1543508655,2,47041,49,8085
2.190328776493523,1554000624,9,47314,49,8131,2.0685417804649524,1551901636,6,47291,49,8066,2.6697064520713503,1566577389,2,47504,49,8181,1.5561245243252906,1549804325,5,47035,49,8120,3.2004836606178975,1551897439,2,47237,49,8081
2.190328776493523,1554000624,9,47314,49,8131,2.0685417804649524,1551901636,6,47291,49,8066,2.48642099865481,1562383418,2,47429,49,8147,2.2872237126300248,1560289995,5,47347,49,8142,3.2004836606178975,1551897439,2,47237,49,8081
2.5294609776371573,1558195011,9,47461,49,8101,2.2498883819308984,1553998339,6,47365,49,8088,1.8363070957352825,1553994942,3,47147,49,8127,2.322103304144397,1560289357,5,47373,49,8112,2.4555155703648825,1558188936,1,47422,49,8167
2.5294609776371573,1558195011,9,47461,49,8101,2.2498883819308984,1553998339,6,47365,49,8088,1.6865796389670757,1551897733,3,47079,49,8102,1.9074958605157248,1556095081,5,47190,49,8148,2.4555155703648825,1558188936,1,47422,49,8167
1.666381296163246,1545611776,9,47091,49,8078,2.628493413786227,1560291225,7,47525,49,8087,2.465105482125408,1562383571,2,47414,49,8142,2.3472964355076407,1562386729,5,47382,49,8066,3.2958506325290315,1551897605,1,47271,49,8117
1.666381296163246,1545611776,9,47091,49,8078,2.628493413786227,1560291225,7,47525,49,8087,2.03642079411355,1556091848,3,47233,49,8153,1.5880466699389384,1551899818,4,47058,49,29,3.2958506325290315,1551897605,1,47271,49,8117
2.5984098090368164,1558195267,10,47489,49,8072,2.5431234301140333,1558193978,7,47490,49,8021,2.578830548217477,1564480348,2,47459,49,8130,1.731861509765572,1551901126,5,47112,49,8117,2.2067499515038653,1553994260,1,47317,49,8099
2.5984098090368164,1558195267,10,47489,49,8072,2.5431234301140333,1558193978,7,47490,49,8021,2.41339574396938,1562383544,3,47385,49,8134,2.5783155179157577,1547707677,5,46965,49,8123,2.2067499515038653,1553994260,1,47317,49,8099
2.303135543112955,1556096800,8,47360,49,8129,2.654502593078385,1560289948,6,47534,49,8048,1.7408397730486675,1551897557,3,47107,49,8140,1.5213433836823247,1549804178,5,47024,49,8169,2.6777627068209116,1560286337,2,47515,49,8124
2.303135543112955,1556096800,8,47360,49,8129,2.654502593078385,1560289948,6,47534,49,8048,1.5350153702513236,1543508736,2,47013,49,8158,2.366370209082664,1545610065,5,46875,49,8090,2.6777627068209116,1560286337,2,47515,49,8124
2.0916995389172883,1551904320,10,47273,49,8065,1.5852904304747384,1562388503,7,47593,49,8113,2.0395827148821453,1556092106,2,47234,49,8099,2.536294152741288,1547706090,4,46945,49,8118,3.086557918039586,1549800430,1,47179,49,8142
1.9976598261251814,1551902944,8,47235,49,8125,1.7198216528103463,1547707865,6,47138,49,8117,2.34291518008435,1560285857,3,47364,49,1,2.4282813928880325,1545609110,4,46900,49,8142,2.2790632936378348,1553995026,2,47352,49,8166
1.9976598261251814,1551902944,8,47235,49,8125,1.7198216528103463,1547707865,6,47138,49,8117,2.1326037874551402,1558188773,3,47266,49,8142,2.151569701477361,1558192495,4,47293,49,8130,2.2790632936378348,1553995026,2,47352,49,8166
1.9976598261251814,1549806287,9,4735,49,8139,1.9036163648150752,1549805860,7,47216,49,8088,2.583929379787775,1564480369,2,47465,49,8140,2.3171067109578916,1560288683,4,47367,49,8153,2.579640854187773,1558188964,1,47485,49,8102
1.9976598261251814,1549806287,9,47235,49,8139,1.9036163648150752,1549805860,7,47216,49,8088,2.3760642391289246,1562382812,3,47375,49,8114,2.0849648768721076,1558192055,4,47275,49,8124,2.579640854187773,1558188964,1,47485,49,8102
2.107509144335389,1551901083,5,47278,49,8118,1.9959217414699209,1551901499,6,47255,49,8045,1.6906598305841571,1551897432,2,47079,49,8134,2.3134354743264205,1560289333,4,47363,49,8116,2.86369735787587,1545605829,2,47092,49,8116
2.3453613981742767,1556098013,9,47379,49,8067,2.324956554265781,1556096687,6,47397,49,8062,2.0945584971212727,1558188679,3,47255,49,8182,2.3949278443840747,1545609846,5,46892,49,8105,2.270698401075373,1553994849,2,47354,49,8132
2.4101277808871995,1556098399,10,47408,49,8115,2.4893726728429164,1558193602,6,47465,49,8090,2.330574215427953,1560286642,3,47357,49,8131,2.4800952546660935,1545609383,5,,49,8075,2.5077365051058265,1558189034,1,47446,49,8091
2.4101277808871995,1556098399,10,47408,49,8115,2.4893726728429164,1558193602,6,47465,49,8090,2.049272952672981,1556091524,2,47235,49,8178,2.31445599868858,1560290073,5,47361,49,8053,2.5077365051058265,1558189034,1,47446,49,8091
1.5806038383230832,1562389366,9,47565,49,8126,1.6625000087345274,1547708082,7,47116,49,8119,1.5366474515017474,1549800219,2,47013,49,8129,1.7246193934285814,1551900736,5,47112,49,8158,3.0282138442518893,1547702933,2,47167,49,8115
2.5476164691931302,1558195412,10,47468,49,8136,1.678921171209362,1547707459,6,47123,49,8096,2.6503278497611364,1564480028,2,47494,49,8171,1.494111094460304,1549804716,5,47012,49,8173,2.8548231567077464,1545605998,1,47091,49,8088
2.5476164691931302,1558195412,10,47468,49,8136,1.678921171209362,1547707459,6,47123,49,8096,2.6503278497611364,1564480028,2,47494,49,8171,1.494111094460304,1549804716,5,47012,49,8173,2.8548231567077464,1545605998,1,47091,49,8088
1.8364074683392337,1547709343,10,47161,49,8108,0,1553999604,7,47335,49,8107,1.5224699233417427,1566577518,3,47520,49,8182,2.043147985516337,1558192605,5,47253,49,8137,2.161259933840038,1551897105,1,47299,49,10
1.8364074683392337,1547709343,10,47161,49,8108,0,1553999604,7,47335,49,8107,2.005415012152183,1549800068,2,47217,49,8101,1.558672988747393,1549804250,5,47043,49,8146,2.161259933840038,1551897105,1,47299,49,10
2.3630056776785118,1556098109,9,47390,49,8109,1.6626022462770436,1547707912,7,47115,49,8142,2.3093609255617924,1560286195,2,47341,49,8169,1.8661882808123802,1553997549,4,47172,49,8119,3.0936978017343226,1549800038,1,47181,49,8094
2.3630056776785118,1556098109,9,47390,49,8109,1.6626022462770436,1547707912,7,47115,49,8142,1.827332512843456,1547702790,2,47139,49,8161,1.7356349944517275,1551900887,5,47116,49,8056,3.0936978017343226,1549800038,1,47181,49,8094
2.1817612911758477,1554000464,8,47311,49,8141,2.7347718271723633,1562387858,6,47571,49,8108,2.165546494769083,1558188660,3,47287,49,8144,2.073239226414238,1558192322,4,47254,49,8167,3.1898789207663425,1549800504,1,47222,49,8117
2.1817612911758477,1554000464,8,47311,49,8141,2.7347718271723633,1562387858,6,47571,49,8108,1.7462453390715071,1551897025,2,47110,49,8163,2.0238716178910723,1556095051,5,47242,49,8121,3.1898789207663425,1549800504,1,47222,49,8117
2.764458046169399,1562389462,10,47558,49,8147,2.1037299991893814,1553999257,7,47302,49,8099,2.350973345978476,1560285985,2,47365,49,8087,1.5486779027617705,1549804626,5,47040,49,8074,3.120623366978482,1549800833,2,47197,49,8134
2.317924621691188,1556097991,9,47370,49,8145,2.69244373199329,1560291187,7,47554,49,8104,1.9736954251178669,1556091645,2,47200,49,8128,1.7019766171409096,1551901395,5,47105,49,8134,2.2785539774502217,1553994350,1,47349,49,8170
2.317924621691188,1556097991,9,47370,49,8145,2.69244373199329,1560291187,7,47554,49,8104,1.5356269294746963,1566577316,2,47527,49,19,1.5647923392371552,1549802941,4,47050,49,8129,2.2785539774502217,1553994350,1,47349,49,8170
2.53037925685676,1558195605,10,47463,49,8175,2.722940176900605,1560290354,7,47559,49,8011,1.894035848598554,1553995055,3,47173,49,8130,1.983684920703239,1556095668,5,47231,49,8106,3.1842669787430373,1549800330,1,47229,49,8151
2.53037925685676,1558195605,10,47463,49,8175,2.722940176900605,1560290354,7,47559,49,8011,2.6476752399281698,1564480691,3,47494,49,8162,1.853745067580701,1553998774,5,47169,49,8095,3.1842669787430373,1549800330,1,47229,49,8151
1.8632308098834403,1549806072,9,47180,49,8107,1.6956490438957321,1547708684,7,47128,49,8080,2.0289742028737043,1556092112,3,47232,49,8174,1.4083340191232467,1547707097,5,46976,49,8098,3.2309820094881885,1551896998,1,47243,49,8151
1.8632308098834403,1549806072,9,47180,49,8107,1.6956490438957321,1547708684,7,47128,49,8080,2.628503029496669,1558188851,2,47474,49,8172,2.165747217216293,1558191873,4,47302,49,8126,3.2309820094881885,1551896998,1,47243,49,8151
1.7758216525831456,1547708743,8,47141,49,8165,2.7168208236468314,1562388245,7,47564,49,8094,1.7409420111787197,1545605893,2,47104,49,8128,2.5248695589818313,1547706905,5,46949,49,8162,2.634823052146303,1560285587,1,47496,49,8109
2.0183656629569944,1551903783,10,47243,49,8123,2.710292480598382,1562387477,6,47564,49,8085,1.615896210120507,1549800154,3,47050,49,8131,1.7231917803152617,1551900966,4,47113,49,8142,2.3918700578801633,1556091319,1,47398,49,8051
2.0183656629569944,1551903783,10,47243,49,8123,2.710292480598382,1562387477,6,47564,49,8085,2.415639387157714,1562383422,3,47385,49,8173,1.710748573002843,1551901410,5,47107,49,8118,2.3918700578801633,1556091319,1,47398,49,8051
2.314762699823862,1556097961,9,47369,49,8088,2.7042753787780867,1560290898,7,47559,49,8141,1.5737725905576603,1549800165,2,47031,49,8181,2.134841805366024,1558192594,4,47293,49,8161,2.235205357711683,1553994836,2,47334,49,8085
2.314762699823862,1556097961,9,47369,49,8088,2.7042753787780867,1560290898,7,47559,49,8141,2.351380426298153,1560286133,3,47367,49,8147,2.1196456409751576,,,,,8135,2.235205357711683,1553994836,2,47334,49,8085
2.6320681767623912,1560291874,8,47506,49,8116,2.7073350538889027,1560290458,7,47561,49,8166,2.694594773661241,1549800069,3,46994,49,8144,1.4057836562783548,1547707102,5,46977,49,8078,3.243832281691814,1551897582,1,47253,49,8133
1.8791426492060819,1549806010,8,47184,49,8169,2.7223286273376712,1562387144,6,47566,49,8086,2.658384114601802,1564480316,2,47501,49,8142,1.8863847833493919,1553997218,4,47177,49,8131,3.1003264800738455,1549800333,2,47188,49,8183
1.8791426492060819,1549806010,8,47184,49,8169,0,1562387144,6,47566,49,8086,2.2875341956742976,1560286047,2,47329,49,8141,1.8780180522916385,1556095011,5,47187,49,8091,3.1003264800738455,1549800333,2,47188,49,8183
2.6654198141584233,1560292623,10,47523,49,8058,1.7845880226826585,1547707458,6,47168,49,8161,1.6877023808422231,1551897612,3,47074,49,8169,1.5584685002957617,1549804105,5,47046,49,8167,3.356943866997063,1551897273,1,47304,49,8143
2.6654198141584233,1560292623,10,47523,49,8058,1.7845880226826585,1547707458,6,47168,49,8161,2.2251118064224906,1560285636,2,47309,49,8146,2.4827478633248625,1545609719,5,46920,49,8067,3.356943866997063,1551897273,1,47304,49,8143
1.6476142424351152,1545612459,10,47086,49,8,1.637818072428194,1545611054,7,47103,49,8167,2.559654530260399,1564480196,2,47453,49,8111,1.751953921656509,1551900729,5,47125,49,8121,2.948253182710293,1547702889,1,47119,49,8115
1.6476142424351152,1545612459,10,47086,49,8,1.637818072428194,1545611054,7,47103,49,8167,2.1610592134437256,1558188449,2,47281,49,8102,1.8191684254005474,1553997906,4,47154,49,8162,2.948253182710293,1547702889,1,47119,49,8115
2.1566703968978502,1554000850,10,47303,49,8142,1.666682439515605,1547706785,6,47116,49,8107,2.511002582389202,1562383481,2,47434,49,8128,2.316699635516956,1560289640,5,47364,49,8178,2.870937601895444,1545606027,2,47101,49,8163
2.7132557193228535,1560292433,9,47542,49,8122,2.4649955778328665,1558194215,7,47457,49,8108,2.4595995733763716,1562383347,2,47402,49,8103,1.723701116173262,1551900545,5,47114,49,8124,2.8915412073934217,1545605833,1,47107,49,8121
2.7132557193228535,1560292433,9,47542,49,8122,2.4649955778328665,1558194215,7,47457,49,8108,2.015512337391036,1549800090,2,47223,49,8086,1.868738633735897,1553998122,5,47172,49,8117,2.8915412073934217,1545605833,1,47107,49,8121
2.094963693119307,1551904170,10,47276,49,8074,1.6867748614287017,1547708058,7,47123,49,8102,2.353828543133515,1560286168,3,47370,49,1,2.4204277044095996,1545610150,5,46899,49,8111,3.022707930552262,1547703544,2,47157,49,8096
2.094963693119307,1551904170,10,47276,49,8074,1.6867748614287017,1547708058,7,47123,49,8102,1.9212699967516698,1547702640,2,47179,49,8146,2.579438288735348,1547706364,4,46964,49,8121,3.022707930552262,1547703544,2,47157,49,8096
2.046618473118867,1551903928,10,47254,49,8122,1.6406732933771577,1545610571,6,47103,49,8036,2.475100561732258,1556091816,3,47421,49,8089,2.2035861510350316,1560289971,5,47321,49,8131,2.239694524983462,1553994534,1,47330,49,8112
2.3521945523667473,1556098205,9,47386,49,8180,1.6235383286347793,1545611165,7,47095,49,8113,2.1548376050640847,1558188748,2,47281,49,8142,1.4461710561448482,1549802788,4,47003,49,8156,3.250667340391744,1551897541,1,47250,49,8070
2.3521945523667473,1556098205,9,47386,49,8180,1.6235383286347793,1545611165,7,47095,49,8113,1.7196246065560188,1551897250,2,47100,49,8157,1.6229304780739329,1551901179,5,47070,49,8085,3.250667340391744,1551897541,1,47250,49,8070
2.490601525709884,1558195237,9,47445,49,8150,2.2883407626973367,1556097093,7,47377,49,8078,2.0737522783403817,1558188742,3,47244,49,8153,2.191754506391883,1560288884,4,47317,49,8090,2.182882180494701,1553994672,1,47311,49,6
2.490601525709884,1558195237,9,47445,49,8150,2.2883407626973367,1556097093,7,47377,49,8078,1.678523318162006,1545605613,2,47071,49,8072,2.4267515485682174,1545610194,5,46901,49,8079,2.182882180494701,1553994672,1,47311,49,6
2.7471185866831833,1560292248,9,47554,49,8147,1.8447648855242174,1549805473,7,47190,49,8056,2.016735466076981,1556091951,3,47227,49,8115,1.858539071007752,1553998738,5,47168,49,8118,2.4037017048546265,1556091739,2,47402,49,8139
2.7471185866831833,1560292248,9,47554,49,8147,1.8447648855242174,1549805473,7,47190,49,8056,1.57642329954272,1549800726,3,47040,49,8182,2.020912297928701,1558192344,5,47248,49,8130,2.4037017048546265,1556091739,2,47402,49,8139
1.77592388907367,1547709924,10,47140,49,8041,2.646546671212566,1560291158,7,47529,49,8054,1.9193312095260593,1556091404,3,47182,49,3,1.4846234296077556,1549803735,4,47018,49,8121,2.6689907348182436,1543508835,1,47001,49,8092
1.77592388907367,1547709924,10,47140,49,8041,2.646546671212566,1560291158,7,47529,49,8054,2.686434351278437,1566577243,2,47509,49,8102,1.720436960406567,1551900049,4,47114,49,8108,2.6689907348182436,1543508835,1,47001,49,8092
1.9602279644681966,1549806601,9,47221,49,8163,2.2499906348148637,1553999138,6,47353,49,8009,2.6105501123521777,1564480544,2,47477,49,8135,1.4367894283497913,1549803602,4,46991,49,8118,2.9087802899313666,1547703024,1,47106,49,8129
2.151162594689116,1554001182,10,47301,49,8094,2.56586844779716,1560290724,7,47496,49,8107,1.7638914834156567,1547702661,3,47114,49,8180,2.0937387168623074,1558192647,5,47270,49,8115,3.286770022651513,1551897153,2,47280,49,8150
2.151162594689116,1554001182,10,47301,49,8094,2.56586844779716,1560290724,7,47496,49,8107,2.6106523558568138,1558188896,2,47476,49,8114,2.4132878189942617,1545609808,5,46897,49,8120,3.286770022651513,1551897153,2,47280,49,8150
2.3139466567485663,1556098143,10,47370,49,8149,1.855678247458654,1549805756,7,47195,49,8175,1.750937099507307,1551897457,3,47113,49,8131,1.8600670519772409,1553997669,4,47177,49,8129,2.5623014022957165,1558189165,2,47479,49,8092
2.3139466567485663,1556098143,10,47370,49,8149,1.855678247458654,1549805756,7,47195,49,8175,2.5525165393352456,1558188737,3,47446,49,17,2.1836982280283603,1558192298,5,47308,49,8168,2.5623014022957165,1558189165,2,47479,49,8092
2.437462304131532,1556097877,10,47423,49,8109,2.4034933924400437,1556095791,6,47424,49,8084,1.7352297355595472,1551897746,2,47107,49,8140,1.6861670238777018,1551900401,4,47098,49,8062,2.991495794711072,1549799897,1,47151,49,8109
2.437462304131532,1556097877,10,47423,49,8109,2.4034933924400437,1556095791,6,47424,49,8084,2.535788644687904,1564479912,2,47441,49,8135,2.0071437326967945,1556095555,5,47239,49,8132,0,1549799897,1,47151,49,8109
2.5209957311177775,1558195243,9,47460,49,8149,2.518339295660124,1558193736,6,47472,49,8111,1.704530650413355,1551897705,2,47087,49,8095,1.482381687960841,1549804261,5,47008,49,8142,2.3383237656913964,1556092055,2,47371,49,8134
2.5209957311177775,1558195243,9,47460,49,8149,2.518339295660124,1558193736,6,47472,49,8111,2.511002578846386,1562382749,3,47436,49,8108,1.8785273825879525,1556095308,5,47188,49,8139,2.3383237656913964,1556092055,2,47371,49,8134
2.6288040062319062,1560291420,8,47507,49,8165,2.272837890535556,1553998617,6,47367,49,8125,1.7224816617264138,1551897504,2,47095,49,8151,1.4001717268262595,1547706707,5,46982,49,8136,2.9260174961012053,1547703045,2,47113,49,8142
2.6288040062319062,1560291420,8,47507,49,8165,2.272837890535556,1553998617,6,47367,49,8125,2.5104932653642913,1564480036,3,47433,49,8177,1.8672087922012037,1553998624,5,47171,49,8136,2.9260174961012053,1547703045,2,47113,49,8142
1.8023401425192083,1547709126,9,47154,49,37,2.3039458905507533,1556096824,6,47382,49,8078,1.9422806931758334,1549800023,3,47188,49,8191,1.7197213051571087,1553997698,4,47121,49,8120,2.758643513855958,1545606018,2,47042,49,8130
1.8023401425192083,1547709126,9,47154,49,37,2.3039458905507533,1556096824,6,47382,49,8078,2.5308923972331336,1564479865,2,47441,49,8142,1.8351824993063524,1553998602,5,47157,49,8165,2.758643513855958,1545606018,2,47042,49,8130
2.6775581993609032,1560292486,9,47525,49,8104,2.1649273898677714,1553998603,6,47321,49,8060,1.7502232975269179,1551897444,3,47111,49,8153,1.4241417421740514,1547707012,5,46987,49,8118,3.119400251032462,1549800321,1,47193,49,8144
2.6775581993609032,1560292486,9,47525,49,8104,2.1649273898677714,1553998603,6,47321,49,8060,2.64206518802457,1564480530,2,47495,49,8111,1.8511947170294565,1553998263,5,47168,49,8126,3.119400251032462,1549800321,1,47193,49,8144
2.6446136211089772,1560291724,8,47512,49,8128,2.300886212406403,1556096717,7,47380,49,8081,1.9020940038552123,1553994409,2,47174,49,8140,1.4210801682767986,1547706278,5,46993,49,8127,2.6366577089162915,1560285998,1,47502,49,8128
2.5399672667950193,1558195183,9,47466,49,8159,2.5626042850723914,1558193264,6,47494,49,8059,2.127095985082685,1558189265,2,47264,49,8151,1.521241136589162,1549804114,5,47027,49,8123,2.184004942539427,1553994760,2,47308,49,8093
2.450007750113183,1556097574,9,47428,49,8114,1.8130453224728225,1547708530,7,47163,49,8047,2.327614888568833,1560285921,3,47362,49,8107,1.5836616407654922,1549803973,5,47052,49,8115,2.9401950209093473,1547702930,1,47118,49,8145
2.450007750113183,1556097574,9,47428,49,8114,1.8130453224728225,1547708530,7,47163,49,8047,2.094967448904532,1558188749,2,47251,49,8131,2.01091722268741,1556095015,5,47239,49,8063,2.9401950209093473,,,,,
2.3342435439991203,1556097771,9,47379,49,8149,2.2836490081502743,1556096311,6,47373,49,8085,2.37545268027535,1560285466,3,47373,49,32,2.0641586771108127,1558191955,4,47261,49,8137,2.50579769044704,1558188755,1,47449,49,8112
2.2686611178213063,1554000659,9,47351,49,8133,1.665968656299889,1545611023,7,47109,49,8112,1.6906598305841571,1551897686,2,47079,49,8142,1.6873920110601461,1551901327,5,47091,49,8121,3.3305295345580967,1551897303,2,47283,49,8104
2.2686611178213063,1554000659,9,47351,49,8133,1.665968656299889,1545611023,7,47109,49,8112,2.6473704147421313,1564480247,2,47491,49,8104,2.17349867143249,1558192928,5,47301,49,8110,3.3305295345580967,1551897303,2,47283,49,8104
2.256624988660442,1553999855,8,47349,49,8141,2.2711035648191107,1553999099,7,47368,49,8100,1.9463608891416426,1556091527,3,47188,49,8095,1.7091128052045774,1551900237,4,47118,49,8095,2.88766548623761,1547703117,1,47105,49,8136
2.256624988660442,1553999855,8,47349,49,8141,2.2711035648191107,1553999099,7,47368,49,8100,1.7266622498428927,1551897519,3,47103,49,8124,2.2131741635558817,1560289716,5,47320,49,8082,2.88766548623761,1547703117,1,47105,49,8136
2.327205899108404,1556098272,10,47377,49,8188,1.698606507385033,1547708604,7,47125,49,8171,2.21144547134753,1558188660,3,47302,49,8123,1.8647606811140243,1553997522,4,47168,49,8168,2.4811157739006653,1558188956,1,47435,49,8129
2.327205899108404,1556098272,10,47377,49,8188,1.698606507385033,1547708604,7,47125,49,8171,1.9838949880440795,1556091809,3,47205,49,8136,2.32241192815475,1560290005,5,47361,49,8130,2.4811157739006653,1558188956,1,47435,49,8129
2.440521980958323,1556097693,9,47426,49,8084,2.411754144566417,1556095445,6,47429,49,8118,2.4724498499274628,1562383726,3,47415,49,8181,1.9204483939384887,1556094456,4,47198,49,8183,3.3545979862924202,1553994430,2,47303,49,8104
2.440521980958323,1556097693,9,47426,49,8084,2.411754144566417,1556095445,6,47429,49,8118,2.189616865881241,1551897261,2,47300,49,8152,2.4116557439453015,1545609426,4,46894,49,8129,3.3545979862924202,1553994430,2,47303,49,8104
2.560161906661546,1558195106,9,47477,49,8100,1.8549644533490968,1549805053,6,47192,49,8138,2.38891640725031,1556091571,3,47378,49,0,1.3770215379870336,1547707287,5,46958,49,8132,3.0501447006347386,1549800042,1,47168,49,8137
2.6400241025011733,1560292305,9,47510,49,8171,2.4577534649448274,1558194040,7,47450,49,8105,1.6404777838394227,1551897348,2,47060,49,8147,2.1806366693898593,1560289379,5,47311,49,8081,2.819432340039781,1545606164,1,47070,49,8069
2.6400241025011733,1560292305,9,47510,49,8171,2.4577534649448274,1558194040,7,47450,49,8105,2.5784234762516753,1564480449,3,47456,49,3,1.5472503173274679,1549804321,5,47033,49,8125,0,1545606164,1,47070,49,8069
2.6907151945618666,1560289224,4,47533,49,8142,1.8017230056546534,1547707307,6,47170,49,8062,1.8562991250276508,1553994791,2,47152,49,8153,2.442561166136769,1545609992,5,46903,49,8087,2.636964443738162,1560286213,1,47499,49,8130
2.6907151945618666,1560289224,4,47533,49,8142,1.8017230056546534,1547707307,6,47170,49,8062,1.5681625410789988,1549799889,2,47033,49,8089,1.7245153114789697,1553998388,5,47119,49,8128,2.636964443738162,1560286213,1,47499,49,8130
2.6494076261814916,1560292570,9,47514,49,8084,2.254682401953289,1553999072,6,47361,49,8096,2.0369301180852997,1556091490,3,47237,49,8170,1.3991512106203454,1549802745,4,46981,49,8151,2.470202410895229,1558188906,1,47430,49,8130
2.6494076261814916,1560292570,9,47514,49,8084,2.254682401953289,1553999072,6,47361,49,8096,1.855687557011025,1553994396,2,47150,49,8144,2.024994379406429,1556094780,4,47237,49,8129,2.470202410895229,1558188906,1,47430,49,8130
2.5179360505309965,1558194411,8,47459,49,8142,2.6988698420269537,1560290579,6,47550,49,8080,2.322516048131542,1553994571,2,47357,49,8131,1.7366555116106317,1551901355,5,47111,49,8081,2.3764656122504366,1556091365,1,47405,49,8095
2.5179360505309965,1558194411,8,47459,49,8142,2.6988698420269537,1560290579,6,47550,49,8080,2.115978140934179,1558188955,3,47262,49,8154,2.3284290489344976,1560288776,5,47365,49,8121,2.3764656122504366,1556091365,1,47405,49,8095
2.3544381864065356,1556098567,10,47390,49,8163,1.949717948730893,1549805641,7,47231,49,8124,2.602491940115531,1564480642,3,47476,49,8136,2.0434528350402057,1558192535,5,47255,49,8144,2.4277720689945013,1556091640,1,47414,49,8096
2.3544381864065356,1556098567,10,47390,49,8163,1.949717948730893,1549805641,7,47231,49,8124,2.3754526787433217,1562382891,3,47374,49,8136,1.483705156866527,1549804337,5,47015,49,8099,2.4277720689945013,1556091640,1,47414,49,8096
1.6476142358761177,1545612578,10,47089,49,8190,1.9518593487923883,1549804615,6,47234,49,8059,2.221338318845992,1560285874,3,47309,49,8163,2.129742978636022,1558192757,5,47281,49,8141,3.2585210243137035,1551897577,2,47253,49,8127
2.114444534208303,1551904293,10,47288,49,8090,1.7433827106001425,1547708152,6,47142,49,8095,2.196042947942975,1551897154,3,47301,49,8174,2.0409062237775633,1556094554,4,47240,49,8106,2.872876401723593,1545605861,1,47098,49,8165
2.114444534208303,1551904293,10,47288,49,8090,1.7433827106001425,1547708152,6,47142,49,8095,1.744613256303478,1551897239,2,47113,49,8181,2.3231257296615513,1560289882,5,47361,49,8117,2.872876401723593,1545605861,1,47098,49,8165
2.63380249967238,1560292529,9,47508,49,8103,1.972360715764263,1549804573,6,47240,49,8082,2.220522275486237,1560285989,2,47311,49,8147,2.0523270367955653,1558192421,5,47256,49,8140,2.611055593266934,1560285873,1,47496,49,8102
2.63380249967238,1560292529,9,47508,49,8103,1.972360715764263,154980573,6,47240,49,8082,2.017858215270997,1556092074,3,47226,49,8169,1.5627532018311516,1549804323,5,47040,49,8103,0,1560285873,1,47496,49,8102
2.277737914188294,1554000077,8,47359,49,3,2.389111385571344,1556097262,7,47418,49,8106,2.491419483441781,1562383058,2,47431,49,8179,2.553836184621618,1547706117,4,46955,49,8145,2.7348779688889095,1543508772,1,47034,49,8117
2.277737914188294,1554000077,8,47359,49,3,2.389111385571344,1556097262,7,47418,49,8106,2.2528552910808037,1560285924,2,47322,49,8117,2.0248921430119844,1556094693,4,47237,49,8136,2.7348779688889095,1543508772,1,47034,49,8117
1.863435278321148,1549807007,10,47181,49,8158,2.7370154785073852,1562388041,7,47567,49,8116,1.506048750150687,1566577671,2,47516,49,8159,1.8203915658324792,1553997864,4,47154,49,8064,2.8663499587127426,1545605767,1,47089,49,8107
1.863435278321148,1549807007,10,47181,49,8158,2.7370154785073852,1562388041,7,47567,49,8116,2.4721431206246924,1556091399,2,47420,49,8155,2.4934548399633547,1547706272,4,46931,49,8123,2.8663499587127426,1545605767,1,47089,49,8107
2.6172790880212937,1560292752,10,47502,49,8118,1.9237087877096246,1549805351,7,47221,49,8129,1.7580769744065239,1551897080,2,47117,49,8172,2.313433585621208,1560289368,5,47368,49,8133,3.020460512924308,1547703023,1,47170,49,8105
2.1974686470534226,1554001137,10,47322,49,8119,2.271919609207213,1553998277,6,47367,49,8114,2.03693011435098,1556091714,2,47239,49,8145,1.6799454300513206,1551900868,4,47091,49,8103,3.3117605825723357,1551897801,2,47282,49,8085
2.1974686470534226,1554001137,10,47322,49,8119,2.271919609207213,1553998277,6,47367,49,8114,1.8005073055329708,1553994440,2,47133,49,9,2.3533135561079206,1545609915,5,46873,49,8152,3.3117605825723357,1551897801,2,47282,49,8085
1.7429793135419998,1547709544,9,47130,49,8128,2.549549540622635,1558193952,7,47485,49,8117,2.3362846073379395,1560286028,3,47368,49,8178,2.1836963522337127,1560289397,4,47312,49,8162,2.4370533515021537,1556092102,1,47418,49,8155
2.4679587516800052,1558194385,8,47438,49,8106,1.5674416812115002,1562388332,7,47578,49,8077,2.488359803736163,1556091379,2,47429,49,8102,2.3324070092036804,1560289426,5,47367,49,8118,2.715499372381156,1560286048,1,47536,49,8114
1.982259164134556,1549805888,8,47232,49,8122,1.8311989355679856,1549805421,7,47184,49,8138,1.8582360598956713,1553994813,2,47159,49,8153,2.1587077030580235,1560289540,5,47302,49,8139,3.0608535841922886,1549800214,1,47174,49,8096
1.982259164134556,1549805888,8,47232,49,8122,1.8311989355679856,1549805421,7,47184,49,8138,1.7019802961654238,1551897424,2,47091,49,8143,1.7448121976720672,1553997333,4,47128,49,8126,3.0608535841922886,1549800214,1,47174,49,8096
2.682147711074579,1560292943,10,47530,49,8142,2.1128068142956344,1551902480,7,47303,49,8142,2.270601821072137,1560286208,2,47332,49,8087,1.6658701429668978,1551901556,5,47086,49,8111,2.283141605840629,1553994367,1,47359,49,8142
2.682147711074579,1560292943,10,47530,49,8142,2.1128068142956344,1551902480,7,47303,49,8142,2.1333175849591584,1551897339,3,47270,49,2,2.406759496259267,1545609324,4,46894,49,8173,2.283141605840629,1553994367,1,47359,49,8142
2.1622804331325387,1554000889,10,47307,49,8138,2.4034934015843414,1556096800,7,47421,49,8092,2.684497443507814,1549800218,3,46994,49,8095,2.3384260194834945,1560289901,5,47364,49,8036,2.723453375067687,1543508741,2,47034,49,8134
2.1622804331325387,1554000889,10,47307,49,8138,2.4034934015843414,1556096800,7,47421,49,8092,2.6179967266129363,1558188814,3,47478,49,8156,1.8836281044631693,1556094530,4,47183,49,8130,2.723453375067687,1543508741,2,47034,49,8134
1.918002102257409,1549807341,10,47206,49,8108,1.6399595009560914,1545611058,7,47099,49,8063,2.230110279288614,1560285744,3,47313,49,8158,2.1799247540664086,1558192886,5,47302,49,8118,2.282937118387763,1553994575,1,47362,49,8146
1.918002102257409,1549807341,10,47206,49,8108,1.6399595009560914,1545611058,7,47099,49,8063,1.8988298420590364,1553994208,2,47177,49,8127,2.5418000445303237,1547706356,4,46954,49,8077,2.282937118387763,1553994575,1,47362,49,8146
2.1989984873877533,1554000678,9,47323,49,8134,1.8344630948956573,154980532,7,47184,49,8145,2.5653668117915296,1564480255,2,47458,49,8161,2.34862369108794,1560289500,5,47376,49,8109,3.164988719206352,1549800105,1,47226,49,8155
2.1989984873877533,1554000678,9,47323,49,8134,1.8344630948956573,1549805362,7,47184,49,8145,2.506515296761972,1558188403,2,47435,49,8124,1.734205543536819,1551900857,5,47120,49,8078,3.164988719206352,1549800105,1,47226,49,8155
1.8454842705654997,1549806866,10,47173,49,8155,2.4070623870031724,1556096435,7,47426,49,8048,2.2457154077433144,1553994447,2,47320,49,8091,1.75929642838607,1553998677,5,47130,49,8106,3.3301205602666197,1551897846,2,47287,49,8090
1.8454842705654997,1549806866,10,47173,49,8155,2.4070623870031724,1556096435,7,47426,49,8048,1.9590067119495136,1556091933,2,47203,49,8127,1.8855650327689553,1556095458,5,47188,49,8128,3.3301205602666197,1551897846,2,47287,49,8090
2.030808861991055,1551904075,10,47252,49,8103,2.7245722818338938,1560290141,6,47561,49,8069,2.6272760986208223,1564480169,2,47491,49,8154,1.4944159299873732,1549804182,5,47015,49,8091,2.4251194586215323,1556092015,1,47416,49,8160
2.5366008510505424,1558194070,8,47469,49,8156,2.0926121737395764,1551902203,7,47293,49,8118,1.9563559760152622,1556091773,2,47197,49,8123,1.4945162731250088,1549804240,5,47022,49,8091,2.749871540143944,1545605933,1,47040,49,8153
2.5366008510505424,1558194070,8,47469,49,8156,2.0926121737395764,1551902203,7,47293,49,8118,1.884551932759931,1553994793,3,47165,49,8137,1.8807747557254364,1553998369,5,47171,49,8147,2.749871540143944,1545605933,1,47040,49,8153
1.729720067241075,1547709539,9,47124,49,8097,2.7119245891827335,1560290802,7,47557,49,8102,2.4630663219702313,1562383878,2,47413,49,8130,2.5619965995714997,1547707022,5,46956,49,8088,2.7694546292102165,1545606089,1,47048,49,8110
1.729720067241075,1547709539,9,47124,49,8097,2.7119245891827335,1560290802,7,47557,49,8102,2.300486716705563,1560286158,2,47343,49,8147,1.584680263558665,1551900577,5,47058,49,8116,2.7694546292102165,1545606089,1,47048,49,8110
1.9775674023582313,1549806143,9,47230,49,8142,1.9926575990792406,1551901799,6,47249,49,8127,1.6729132813709675,1551897587,2,47072,49,8113,2.1713553876867646,1560289821,5,47306,49,8075,2.4780560949735815,1558189085,1,47433,49,8055
1.9775674023582313,1549806143,9,47230,49,8142,1.9926575990792406,1551901799,6,47249,49,8127,2.682049318244246,1566577323,3,47506,49,8126,2.342299847557956,1560288770,4,47374,49,8112,2.4780560949735815,1558189085,1,47433,49,8055
2.2107278919881512,1554001357,10,47328,49,8158,2.4110403508304996,1556096796,7,47427,49,8072,2.0231615418187556,1556091861,3,47230,49,8179,1.701669922030641,1551901606,5,47103,49,8146,3.0663632708163333,1549800176,1,47169,49,8118
2.2107278919881512,1554001357,10,47328,49,8158,2.4110403508304996,1556096796,7,47427,49,8072,1.7748048476086467,1553994417,2,47121,49,8191,1.7200298722438203,1551900369,4,47107,49,8054,3.0663632708163333,1549800176,1,47169,49,8118
2.4345048639770477,1556098187,10,47422,49,8072,2.70906940954723,1560291033,7,47553,49,8077,2.256221691571758,1553994395,2,47321,49,8149,2.1674815495724227,1558192777,5,47296,49,8065,2.316699628574951,1556091908,2,47367,49,8066
2.4345048639770477,1556098187,10,47422,49,8072,2.70906940954723,1560291033,7,47553,49,8077,2.002966888732863,1556091963,3,47220,49,8170,2.1788038734033415,1558192943,5,47297,49,8136,2.316699628574951,1556091908,2,47367,49,8066
2.5914743980759627,1560292075,9,47491,49,8095,1.7425666742982127,1547707496,6,47141,49,8078,2.4551103954218103,1562383622,3,47411,49,8182,2.6200320669069264,1547707301,5,46979,49,8085,2.602183293061732,1560285909,1,47488,49,8171
2.5914743980759627,1560292075,9,47491,49,8095,1.7425666742982127,1547707496,6,47141,49,8078,2.0962928055112307,1558188668,2,47260,49,8170,2.5439433507854226,1547706905,5,46949,49,8172,2.602183293061732,1560285909,1,47488,49,8171
2.641553939175426,1560289318,4,47512,49,8179,1.8417052141060886,1549805353,7,47185,49,8100,2.1505529184018286,1558188893,2,47288,49,8151,1.6983053767275513,1551900592,4,47096,49,8069,2.777003503714811,1545605861,1,47046,49,8121
2.6172790880212937,1560292607,10,47502,49,8110,1.7357335083319343,1547707279,6,47136,49,8076,2.5171238282342827,1562382526,2,47438,49,8174,2.0165272632872004,1558192239,5,47240,49,8051,2.9052094108706683,1547703180,2,47109,49,8189
2.4718344719657943,1558194610,8,47440,49,8142,2.585349296298518,1560290650,6,47502,49,8107,2.0291786640675107,1556091965,2,47238,49,8138,2.205115998823764,1560289631,4,47319,49,8133,2.9971058376660573,1547702574,1,47152,49,8172
1.6033492030702412,1562390198,10,47579,49,8080,2.6064622197677036,1560291541,7,47511,49,8063,2.60218710818138,1564480460,2,47476,49,8,1.7131948537050754,1551900797,5,47110,49,8038,2.427058270723839,1556092063,1,47413,49,8128
1.7218663855485392,1547708954,9,47121,49,8156,2.724879025324729,1560290473,7,47558,49,8110,2.2323539164622646,1553994306,2,47318,49,8099,1.6894311861784068,1551901444,5,47095,49,8043,2.4850937376620066,1558188431,1,47436,49,8139
1.7218663855485392,1547708954,9,47121,49,8156,2.724879025324729,1560290473,7,47558,49,8110,1.7867387191093764,1553994616,2,47127,49,8097,1.566322191336206,1549803986,5,47046,49,8129,2.4850937376620066,1558188431,1,47436,49,8139
2.3453613878011663,1556098331,9,47384,49,8158,2.2110289609431355,1554000028,7,47340,49,8122,2.0793623111421313,1558189332,3,47250,49,10,1.9783816102839171,1556095671,5,47222,49,8090,2.251522387168547,1556091552,1,47350,49,8113
2.3453613878011663,1556098331,9,47384,49,8158,2.2110289609431355,1554000028,7,47340,49,8122,1.6633252850192246,1551897718,3,47073,49,8162,1.9682842862444534,1556095020,4,47217,49,8157,2.251522387168547,1556091552,1,47350,49,8113
1.7470595088661114,1547709826,10,47130,49,8092,1.805089406148122,1547708323,7,47168,49,8040,2.0130642102918612,1556091981,2,47228,49,8147,2.4246082541822105,1545610167,5,46904,49,8162,2.165849455284308,1553994087,1,47302,49,8100
1.7470595088661114,1547709826,10,47130,49,8092,1.805089406148122,1547708323,7,47168,49,8040,1.5478656432186493,1549800540,2,47029,49,8111,2.4493943198760992,1545610131,5,46909,49,8126,2.165849455284308,1553994087,1,47302,49,8100
2.326389855910295,1556097789,9,47378,49,8152,2.6003428676407454,1560291176,7,47507,49,8120,2.6265622955451953,1564480551,2,47493,49,8130,1.7201321055242436,1551901329,5,47107,49,8130,3.3061486195683045,1553994018,1,47290,49,8142
1.7526695459854515,1547709846,10,47131,49,8118,2.1868563578888067,1553999535,6,47329,49,8090,1.770419785186264,1553994510,2,47119,49,8106,2.1784952679856397,1558192203,5,47309,49,8159,3.3037024083187383,1553994432,1,47282,49,8087
1.7526695459854515,1547709846,10,47131,49,8118,2.1868563578888067,1553999535,6,47329,49,8090,2.5561877682013545,1564480361,2,47455,49,8118,2.18634895061732,1560290061,5,47312,49,8118,3.3037024083187383,1553994432,1,47282,49,8087
2.3569885501614283,1556097890,9,47390,49,8143,1.7792847215569159,1547708508,7,47157,49,8113,1.723807025778132,1551897639,3,47104,49,8175,1.5201202699624021,1549804090,5,47020,49,8128,2.1918586256443024,1553994835,2,47311,49,8057
