a1_m,a1_peak,a1_pwr,a1_fp_idx,a1_acc,a1_xo,a2_m,a2_peak,a2_pwr,a2_fp_idx,a2_acc,a2_xo,a3_m,a3_peak,a3_pwr,a3_fp_idx,a3_acc,a3_xo,a4_m,a4_peak,a4_pwr,a4_fp_idx,a4_acc,a4_xo,a5_m,a5_peak,a5_pwr,a5_fp_idx,a5_acc,a5_xo
0.5918652078377311,1547709576,10,47153,49,8118,1.1444669546634751,1556096107,5,47408,49,8116,0.23284469196870528,1558193913,8,47489,49,8150,0.8042158213557686,1549801859,4,47237,49,8130,1.1996509806273379,1556092462,3,47408,49,8101
0.016919524220502725,1558196323,14,47422,49,8145,0.1952008731337534,1560291921,9,47515,49,8038,1.0023962474286028,1554000495,8,47304,49,8124,0.09616647651578011,1558190412,4,47451,49,8081,0.5704456042452629,1547705192,4,47137,49,8097
0.016919524220502725,1558196323,14,47422,49,8145,0.1952008731337534,1560291921,9,47515,49,8038,1.0023962474286028,1554000495,8,47304,49,8124,0.09616647651578011,1558190412,4,47451,49,8081,0.5704456042452629,1547705192,4,47137,49,8097
0.059859181618581905,1558196129,13,47441,49,8121,0.7017090018332863,1549806000,8,47213,49,8098,1.2557514014468771,1556097119,7,47412,49,8122,1.0464530872896072,1553996047,4,47342,49,8047,0.5165907552682899,1547705791,5,47121,49,8116
0.059859181618581905,1558196129,13,47441,49,8121,0.7017090018332863,1549806000,8,47213,49,8098,1.2557514014468771,1556097119,7,47412,49,8122,1.0464530872896072,1553996047,4,47342,49,8047,0.5165907552682899,1547705791,5,47121,49,8116
0.374207630601665,1562389265,9,47575,49,8125,0.3202463269547548,1562389580,9,47569,49,8112,0.5463770538384627,1547708967,11,47111,49,8134,1.0903110170347188,1553996892,5,47360,49,8118,0.8017695295248949,1551899602,6,47237,49,8108
0.374207630601665,1562389265,9,47575,49,8125,0.3202463269547548,1562389580,9,47569,49,8112,0.5463770538384627,1547708967,11,47111,49,8134,1.0903110170347188,1553996892,5,47360,49,8118,0.8017695295248949,1551899602,6,47237,49,8108
0.28975550083794926,1562390359,13,47539,49,8154,1.0795983474347204,1556097986,10,47380,49,8088,0.9876071578911685,1551903368,8,47297,49,8136,1.0720551634421018,1553996122,4,47347,49,8114,1.1110168362045476,1556093989,4,47373,49,8151
0.908865834566504,1554001603,12,47285,49,8101,0,1556099047,12,47372,49,8090,0.5113933003394272,1545610930,7,47094,49,8132,0.20815717862021907,1558189192,3,47497,49,8115,0.6721345168828783,1549803011,6,47180,49,8095
0.908865834566504,1554001603,12,47285,49,8101,1.0665435861319337,1556099047,12,47372,49,8090,0.5113933003394272,1545610930,7,47094,49,8132,0.20815717862021907,1558189192,3,47497,49,8115,0.6721345168828783,1549803011,6,47180,49,8095
0.21315747381547195,1560290577,6,47506,49,8105,0,1554000110,7,47336,49,8099,1.2063856612376742,1556098249,9,47392,49,8125,0.5936981374755902,1547706071,5,47149,49,8094,0.12248418461465164,1558190905,4,47457,49,8096
0.21315747381547195,1560290577,6,47506,49,8105,1.0057551761064438,1554000110,7,47336,49,8099,1.2063856612376742,1556098249,9,47392,49,8125,0.5936981374755902,1547706071,5,47149,49,8094,0.12248418461465164,1558190905,4,47457,49,8096
0.38828291545185495,1562389765,10,47581,49,8131,0.363697757698822,1562390628,12,47583,49,8077,0.41888309474867597,1562388495,9,47569,49,8139,0.48486936096874383,1545608079,4,47104,49,8168,0.5044542448798811,1547704818,4,47112,49,8113
0.23896216279521493,1560292511,9,47517,49,8119,0.5075102637459631,1547708290,6,47133,49,8108,0.6286873539235999,1547709209,8,47144,49,8142,1.1060183801213144,1553995909,3,47366,49,8102,0.6026763636627386,1547704335,4,47149,49,8134
0.23896216279521493,1560292511,9,47517,49,8119,0.5075102637459631,1547708290,6,47133,49,8108,0.6286873539235999,1547709209,8,47144,49,8142,1.1060183801213144,1553995909,3,47366,49,8102,0.6026763636627386,1547704335,4,47149,49,8134
0.04394919692065618,1558196864,15,47429,49,8134,0.6120543699021774,1549807016,11,47180,49,8057,0.8392050801729045,1549806506,10,47232,49,8102,0.5569800863149956,1547704260,3,47133,49,8073,0.7127282946985762,1549801529,5,47198,49,8126
0.44631837336465574,1545613955,14,47087,49,8180,0.3944990740848538,1547709614,10,47089,49,7989,0.6090020339020301,1547709590,10,47138,49,8127,0.8100303278698165,1549801549,4,47236,49,8159,0.3359574655755052,1562384879,5,47556,49,8083
0.44631837336465574,1545613955,14,47087,49,8180,0.3944990740848538,1547709614,10,47089,49,7989,0.6090020339020301,1547709590,10,47138,49,8127,0.8100303278698165,1549801549,4,47236,49,8159,0.3359574655755052,1562384879,5,47556,49,8083
0.8208432703187465,1551903867,10,47247,49,8140,0.20489111365148244,1560293545,12,47516,49,8151,0.14512881700044242,1558194942,8,47454,49,8138,1.0324800363694802,1553996094,4,47337,49,8124,1.2157654262622808,1556093142,5,47418,49,8146
0.8208432703187465,1551903867,10,47247,49,8140,0.20489111365148244,1560293545,12,47516,49,8151,0.14512881700044242,1558194942,8,47454,49,8138,1.0324800363694802,1553996094,4,47337,49,8124,1.2157654262622808,1556093142,5,47418,49,8146
1.1252984551284944,1556099209,12,47374,49,8135,1.1455897177390275,1556098455,11,47405,49,8114,0.9210042121909174,1551903693,9,47271,49,8086,1.238510448515319,1556092636,3,47421,49,8062,0.9199818435027258,1551899028,5,47286,49,8099
0.806972455736937,1551905455,15,47239,49,8129,1.1755749557872643,1556098911,11,47423,49,8125,1.1798671661836275,1556098051,9,47381,49,8143,0.6694801138220052,1549801548,3,47184,49,8058,1.1796608114287392,1556094020,5,47396,49,8122
0.806972455736937,1551905455,15,47239,49,8129,1.1755749557872643,1556098911,11,47423,49,8125,1.1798671661836275,1556098051,9,47381,49,8143,0.6694801138220052,1549801548,3,47184,49,8058,1.1796608114287392,1556094020,5,47396,49,8122
0.19143299391146032,1560292971,11,47490,49,8127,0.1665409882453364,1560293521,12,47500,49,8067,0.9877093917454971,1551902353,7,47297,49,8107,0.31494679507399986,1560286692,3,47540,49,8085,1.1949592191542362,1556093892,5,47406,49,8082
0.4268375205522028,1562387497,6,47590,49,8163,1.0989769486538068,1556099046,11,47382,49,8073,0.5225111283541243,1545612128,9,47098,49,8109,0.4861965554240102,1545607356,3,47101,49,8116,0.9544543957386765,1553996715,5,47308,49,8144
0.2876141090171832,1560290035,5,47531,49,8115,0.2931162858304986,1560292992,11,47555,49,8088,0.9414033381125928,1551903730,9,47279,49,8108,0.20948440306947338,1558189499,3,47494,49,8177,0.4799749352439213,1545607926,5,47104,49,8077
0.2876141090171832,1560290035,5,47531,49,8115,0.2931162858304986,1560292992,11,47555,49,8088,0.9414033381125928,1551903730,9,47279,49,8108,0.20948440306947338,1558189499,3,47494,49,8177,0.4799749352439213,1545607926,5,47104,49,8077
0.9907672043063328,1554001823,11,47317,49,8147,0.28556932607224333,1560291212,7,47541,49,8071,1.132337980264441,1554000967,10,47359,49,8085,0.790038296544525,1549801562,3,47234,49,8069,0.7829002481856936,1551898996,4,47230,49,8133
0.9907672043063328,1554001823,11,47317,49,8147,0.28556932607224333,1560291212,7,47541,49,8071,1.132337980264441,1554000967,10,47359,49,8085,0.790038296544525,1549801562,3,47234,49,8069,0.7829002481856936,1551898996,4,47230,49,8133
0.9477253090264458,1553998695,6,47299,49,8097,1.0775591877177082,1556098642,11,47368,49,8051,0.5541285009560003,1547709373,9,47116,49,8143,0.8759176024882797,1551899081,3,47272,49,8136,0.5182228309852951,1547705393,5,47121,49,8168
0.9477253090264458,1553998695,6,47299,49,8097,1.0775591877177082,1556098642,11,47368,49,8051,0.5541285009560003,1547709373,9,47116,49,8143,0.8759176024882797,1551899081,3,47272,49,8136,0.5182228309852951,1547705393,5,47121,49,8168
0.11493720149112094,1558193188,6,47456,49,8130,0.23610135825049877,1560293526,12,47530,49,8115,0.9523167045523221,1551903772,9,47284,49,17,0.6526518486167242,1547703741,3,47173,49,8073,1.228822069027964,1556093373,5,4748,49,8123
0.11493720149112094,1558193188,6,47456,49,8130,0.23610135825049877,1560293526,12,47530,49,8115,0.9523167045523221,1551903772,9,47284,49,17,0.6526518486167242,1547703741,3,47173,49,8073,1.228822069027964,1556093373,5,47418,49,8123
0.748834763376868,1551905450,15,47219,49,8111,0.5944100715904467,1547708141,7,47169,49,8125,0.12819831624142075,1558195527,9,47445,49,8077,0.3581912888567145,1545607024,3,47052,49,8124,0.6453074872680766,1549802374,5,47179,49,8109
0.748834763376868,1551905450,15,47219,49,8111,0.5944100715904467,1547708141,7,47169,49,8125,0.12819831624142075,1558195527,9,47445,49,8077,0.3581912888567145,1545607024,3,47052,49,8124,0.6453074872680766,1549802374,5,47179,49,8109
0.6117549989259801,1547710473,14,47155,49,8163,0.2704735229470638,1560291219,7,47545,49,8097,0.8290055138385436,1549806877,10,47230,49,8125,0.644900399775699,1547704655,4,47170,49,8093,0.6161400768575184,1547705170,5,47153,49,8111
0.6117549989259801,1547710473,14,47155,49,8163,0.2704735229470638,1560291219,7,47545,49,8097,0.8290055138385436,1549806877,10,47230,49,8125,0.644900399775699,1547704655,4,47170,49,8093,0.6161400768575184,1547705170,5,47153,49,8111
0.4871166129198634,1545612848,11,47105,49,8121,1.168232480752557,1556096718,7,47415,49,8113,0.3064852770826879,1560291951,8,47521,49,8102,0.8486853083593767,1551898933,3,47260,49,8096,0.5583072531564867,1547705019,5,47142,49,8118
0.4871166129198634,1545612848,11,47105,49,8121,1.168232480752557,1556096718,7,47415,49,8113,0.3064852770826879,1560291951,8,47521,49,8102,0.8486853083593767,1551898933,3,47260,49,8096,0.5583072531564867,1547705019,5,47142,49,8118
0.8710250383321543,1551904785,14,47269,49,8169,1.133146516277854,1556096801,6,47399,49,8060,0.4682491696169824,1545609070,4,47079,49,8091,0.31657887224518727,1560287494,3,47541,49,8152,1.083580053273219,1556093788,4,47368,49,8099
0.8710250383321543,1551904785,14,47269,49,8169,1.133146516277854,1556096801,6,47399,49,8060,0.4682491696169824,1545609070,4,47079,49,8091,0.31657887224518727,1560287494,3,47541,49,8152,1.083580053273219,1556093788,4,47368,49,8099
0.07352738014706542,1558196329,11,47440,49,8158,0.9866814156980352,1553999756,7,47339,49,8095,0.627871312518481,1547708791,8,47146,49,8139,0.9600644470516883,1553995509,3,47304,49,8095,0.33840556993150256,1562384926,5,47562,49,8174
0.07352738014706542,1558196329,11,47440,49,8158,0.9866814156980352,1553999756,7,47339,49,8095,0.627871312518481,1547708791,8,47146,49,8139,0.9600644470516883,1553995509,3,47304,49,8095,0.33840556993150256,1562384926,5,47562,49,8174
1.052880992840869,1553998321,5,47350,49,8150,0.6479563770649822,1549805282,7,47196,49,8027,0.34340780989637343,1560292634,9,47535,49,8073,1.1808820715090755,1556092743,3,47403,49,8093,0.3972575220185111,1545608141,5,47073,49,8079
1.052880992840869,1553998321,5,47350,49,8150,0.6479563770649822,1549805282,7,47196,49,8027,0.34340780989637343,1560292634,9,47535,49,8073,1.1808820715090755,1556092743,3,47403,49,8093,0.3972575220185111,1545608141,5,47073,49,8079
0.1711361010857029,1558195879,11,47483,49,8093,0.5523868541663333,1547710256,11,47157,49,8092,0.5158805966669647,1545610904,7,47100,49,8124,0.6489805907265194,1547704167,3,47170,49,8096,0.9849526895965955,1553996898,5,47319,49,8104
0.1711361010857029,1558195879,11,47483,49,8093,0.5523868541663333,1547710256,11,47157,49,8092,0.5158805966669647,1545610904,7,47100,49,8124,0.6489805907265194,1547704167,3,47170,49,8096,0.9849526895965955,1553996898,5,47319,49,8104
1.1602821866152213,1556099370,14,47393,49,8112,1.1549732391212788,1556098135,10,47409,49,8057,1.280128486982565,1556098245,10,47423,49,8095,0.49721215079833775,1545607283,3,47106,49,8106,0.36359869705907555,1545607161,4,47059,49,8088
1.1602821866152213,1556099370,14,47393,49,8112,1.1549732391212788,1556098135,10,47409,49,8057,1.280128486982565,1556098245,10,47423,49,8095,0.49721215079833775,1545607283,3,47106,49,8106,0.36359869705907555,1545607161,4,47059,49,8088
0.013043808470019697,1556098388,10,47417,49,8126,0.2132541152387833,1560291363,7,47522,49,8113,0.40960180538740504,1562389758,9,47566,49,8134,0.3101527920119103,1560287323,3,47540,49,8107,1.2119919294851278,1558190785,5,47421,49,8143
0.013043808470019697,1556098388,10,47417,49,8126,0.2132541152387833,1560291363,7,47522,49,8113,0.40960180538740504,1562389758,9,47566,49,8134,0.3101527920119103,1560287323,3,47540,49,8107,1.2119919294851278,1558190785,5,47421,49,8143
0.38236762053844403,1562389995,10,47571,49,8114,0.3024998070850565,1562389914,11,47559,49,8089,0.7037555500527194,1549806582,9,47175,49,8162,0.0619987730123245,1558189432,3,47437,49,8081,0.8370599623332916,1551899625,5,47257,49,8173
0.38236762053844403,1562389995,10,47571,49,8114,0.3024998070850565,1562389914,11,47559,49,8089,0.7037555500527194,1549806582,9,47175,49,8162,0.0619987730123245,1558189432,3,47437,49,8081,0.8370599623332916,1551899625,5,47257,49,8173
1.0015783300360355,1554000850,9,47324,49,8153,0.9239542096811681,1554000036,7,47314,49,8117,1.2464701173913593,1556098074,9,47406,49,8141,0.19102220474506812,1558189951,3,47492,49,8096,0.8261447472242449,1551899602,5,47260,49,8165
1.0015783300360355,1554000850,9,47324,49,8153,0.9239542096811681,1554000036,7,47314,49,8117,1.2464701173913593,1556098074,9,47406,49,8141,0.19102220474506812,1558189951,3,47492,49,8096,0.8261447472242449,1551899602,5,47260,49,8165
1.015653615221358,1554000964,9,47330,49,8114,0.5767639303473227,1549807559,12,47166,49,8110,1.222093028809295,1556098203,9,47397,49,8114,0.337794037571092,1560287196,3,47549,49,8112,0.1690950742869121,1560287694,5,47486,49,8091
0.4431564527352298,1562390097,10,47599,49,8127,1.0921437890505923,1556097029,7,47377,49,8078,0.474470781235259,1562389374,8,47591,49,8135,1.2086255577889948,1556093270,3,47411,49,8063,0.19326768337069541,1560287915,4,47497,49,8120
0.4431564527352298,1562390097,10,47599,49,8127,1.0921437890505923,1556097029,7,47377,49,8078,0.474470781235259,1562389374,8,47591,49,8135,1.2086255577889948,1556093270,3,47411,49,8063,0.19326768337069541,1560287915,4,47497,49,8120
1.0639988357909143,1553998703,6,47352,49,8119,0.4474356462661702,1545611065,7,47098,49,8106,0.884286157933955,1551902889,7,47253,49,8113,0.9218165540042109,1551898846,3,47287,49,8110,0.15624477880176166,1558190867,5,47476,49,8062
1.0639988357909143,1553998703,6,47352,49,8119,0.4474356462661702,1545611065,7,47098,49,8106,0.884286157933955,1551902889,7,47253,49,8113,0.9218165540042109,1551898846,3,47287,49,8110,0.15624477880176166,1558190867,5,47476,49,8062
1.076339803158735,1553998638,6,47359,49,8164,0.04047501329649736,1558196906,13,47440,49,8050,0.7899415785851761,1549806783,9,47210,49,8176,0.6624424692903638,1549801810,3,47182,49,8136,0.649082796598057,1549802430,5,47180,49,8091
1.076339803158735,1553998638,6,47359,49,8164,0.04047501329649736,1558196906,13,47440,49,8050,0.7899415785851761,1549806783,9,47210,49,8176,0.6624424692903638,1549801810,3,47182,49,8136,1.121114143781337,1556093653,5,47384,49,8118
1.044517987389308,1554001586,11,47343,49,8078,0.8398092334908827,1551902301,6,47275,49,8085,0.8436923759328815,1551903707,9,47235,49,8144,0.5104713971551486,1545606979,3,47112,49,8157,1.19342936354115,1558190460,5,47411,49,8148
1.044517987389308,1554001586,11,47343,49,8078,0.8398092334908827,1551902301,6,47275,49,8085,0.8436923759328815,1551903707,9,47235,49,8144,0.5104713971551486,1545606979,3,47112,49,8157,1.19342936354115,1558190460,5,47411,49,8148
1.0564518672118517,1553998601,6,47346,49,8141,0.4361133549725339,1547710471,12,47103,49,8097,0.711404765445718,1549806348,8,47180,49,8157,0.6897769974561833,1549801755,3,47194,49,8124,0.5019038833702545,1547704268,4,47119,49,8100
1.0564518672118517,1553998601,6,47346,49,8141,0.4361133549725339,1547710471,12,47103,49,8097,0.711404765445718,1549806348,8,47180,49,8157,0.6897769974561833,1549801755,3,47194,49,8124,0.5019038833702545,1547704268,4,47119,49,8100
0.7683156158545288,1549807711,12,47227,49,8117,0.29291181114310005,1562390478,12,47555,49,8038,0.7475112523210131,1549806722,9,47194,49,8137,0.9647562083811617,1551898558,3,47306,49,8102,0.18429311154186576,1558190749,5,47489,49,8125
0.8154377030139145,1551904906,11,47245,49,8135,1.2217787685337171,1558196607,12,47440,49,8111,0.74669521422177,1549803123,4,47194,49,8170,1.213928879432368,1556092785,3,47415,49,8120,0.9759762561939209,1553996487,5,47319,49,8138
0.8154377030139145,1551904906,11,47245,49,8135,1.2217787685337171,1558196607,12,47440,49,8111,0.74669521422177,1549803123,,47194,49,8170,1.213928879432368,1556092785,3,47415,49,810,0.9759762561939209,1553996487,5,47319,49,8138
0.524957399552971,1547710802,14,47120,49,8112,0.44417150099074976,1547710311,12,47104,49,8115,0.4681469370025649,1545612896,9,47081,49,8188,1.0625675265610937,1553995548,3,47355,49,8135,0.3076024022379444,1545607554,5,47040,49,8102
0.524957399552971,1547710802,14,47120,49,8112,0.44417150099074976,1547710311,12,47104,49,8115,0.4681469370025649,1545612896,9,47081,49,8188,1.0625675265610937,1553995548,3,47355,49,8135,0.3076024022379444,1545607554,5,47040,49,8102
0.7830043042722293,1551905633,15,47230,49,8154,0.4526367507474227,1547710746,12,47109,49,8073,0.6387846781897658,1547709553,9,47152,49,8158,0.5120012347886873,1547704090,3,47115,49,8083,0.3941978355081831,1545607704,5,47071,49,8119
0.7830043042722293,1551905633,15,47230,49,8154,0.4526367507474227,1547710746,12,47109,49,8073,0.6387846781897658,1547709553,9,47152,49,8158,0.5120012347886873,1547704090,3,47115,49,8083,0.3941978355081831,1545607704,5,,49,8119
1.0367665362488172,1554001760,11,47342,49,8086,0.47446347770541036,1547710548,12,47119,49,8096,0.7920829851265611,1549806434,9,47217,49,8114,1.1819025855813905,1556093248,3,47403,49,8159,0.46579923280967567,1547704920,5,47093,49,8127
1.0367665362488172,1554001760,11,47342,49,8086,0.47446347770541036,1547710548,12,47119,49,8096,0.7920829851265611,1549806434,9,47217,49,8114,1.1819025855813905,1556093248,3,47403,49,8159,0.46579923280967567,1547704920,5,47093,49,8127
0.6199135470076556,1547710298,11,47165,49,8174,0.7653526346185525,1551905257,13,47243,49,8115,0.4088880021779439,1562389199,8,47566,49,4,1.0326845043350565,1553995431,3,47338,49,8064,1.0261580389129432,1553996566,5,47335,49,8138
0.7249688502790523,1549806843,10,47207,49,19,0.7095626881534478,1549805914,7,47214,49,8092,0.6679557537611849,1547708576,8,47162,49,8135,0.3532969178347919,1543509934,3,47047,49,8106,0.9628192583797425,1553996321,5,47308,49,8074
0.7249688502790523,1549806843,10,47207,49,19,0.7095626881534478,1549805914,7,47214,49,8092,0.6679557537611849,1547708576,8,47162,49,8135,0.3532969178347919,1543509934,3,47047,49,8106,0.9628192583797425,1553996321,5,47308,49,8074
0.8537878288396229,1551901640,6,47264,49,8188,0.6136864538317118,1549807596,12,47178,49,8099,0.6957996285752074,1549806459,9,47177,49,8162,0.9382377135346291,1551898794,3,47296,49,8112,0.9676132570058281,1553996609,5,47309,49,8150
0.8537878288396229,1551901640,6,47264,49,8188,0.6136864538317118,1549807596,12,47178,49,8099,0.6957996285752074,1549806459,9,47177,49,8162,0.9382377135346291,1551898794,3,47296,49,8112,0.9676132570058281,1553996609,5,47309,49,8150
0.328514592422252,1560292957,11,47550,49,8102,0.7844263879992392,1551904515,12,47248,49,8079,0.2290712001293447,1558193744,7,47489,49,8158,0.7576049011210808,1549801064,3,47219,49,8060,0.32494373185851466,1560287807,5,47546,49,8096
0.328514592422252,1560292957,11,47550,49,8102,0.7844263879992392,1551904515,12,47248,49,8079,0.2290712001293447,1558193744,7,47489,49,8158,0.7576049011210808,1549801064,3,47219,49,8060,0.32494373185851466,1560287807,5,47546,49,8096
0.36441660689498845,1562390755,12,47566,49,8118,0.6585648866866939,1549807877,12,47194,49,8127,0.2438602889740742,1560292435,9,47496,49,8147,0.3500327575113526,1543509550,3,47047,49,8109,0.4142920856612225,1545607945,5,47070,49,8158
0.36441660689498845,1562390755,12,47566,49,8118,0.6585648866866939,1549807877,12,47194,49,8127,0.2438602889740742,1560292435,9,47496,49,8147,0.3500327575113526,1543509550,3,47047,49,8109,0.4142920856612225,1545607945,5,47070,49,8158
0.9339548698725367,1554001480,10,47302,49,8059,0.7789185881992626,1551904765,12,47246,49,8076,0.9618024605969038,1551903392,9,47289,49,8121,0.15277430824039723,1558190318,3,47477,49,8071,1.0673633763393466,1553996460,5,47355,49,8130
0.9339548698725367,1554001480,10,47302,49,8059,0.7789185881992626,1551904765,12,47246,49,8076,0.9618024605969038,1551903392,9,47289,49,8121,0.15277430824039723,1558190318,3,47477,49,8071,1.0673633763393466,1553996460,5,47355,49,8130
0,1551901928,6,47245,49,8132,1.1100947978556892,1556097098,7,47391,49,8144,1.2807400474704305,1558194782,8,47426,49,8102,1.0883740770991366,1553996114,3,47360,49,8083,0.28445032523927,1560287476,5,47535,49,8121
0.8141123249387201,1551901928,6,47245,49,8132,1.1100947978556892,1556097098,7,47391,49,8144,1.2807400474704305,1558194782,8,47426,49,8102,1.0883740770991366,1553996114,3,47360,49,8083,0.28445032523927,1560287476,5,47535,49,8121
0.9302836237216211,1554001481,11,47297,49,8122,0.4359088875202753,1545610954,7,47105,49,8084,1.0429900186624186,1554001650,10,47327,49,8179,1.2426928815822826,1556093017,3,47423,49,8159,1.2488122309105278,1558190603,5,47432,49,8098
0.9302836237216211,1554001481,11,47297,49,8122,0.4359088875202753,1545610954,7,47105,49,8084,1.0429900186624186,1554001650,10,47327,49,8179,1.2426928815822826,1556093017,3,47423,49,8159,1.2488122309105278,1558190603,5,47432,49,8098
0.1531850912810202,1558195872,11,47476,49,8151,1.0143226642103167,1554001852,12,47346,49,8069,0.8343088405708198,1551903642,9,47237,49,8116,0.2144809992158665,1560286610,3,47506,49,8094,1.0769513759610556,1556093413,5,47357,49,8112
0.1531850912810202,1558195872,11,47476,49,8151,1.0143226642103167,1554001852,12,47346,49,8069,0.8343088405708198,1551903642,9,47237,49,8116,0.2144809992158665,1560286610,3,47506,49,8094,1.0769513759610556,1556093413,5,47357,49,8112
0.9045811710188087,1554002197,13,47285,49,8153,0.35492581524029826,1562390852,12,47571,49,8052,0.48497702354701966,1545612643,9,47086,49,8098,0.35054394954854173,1560286468,3,47556,49,8109,0.8032993691241339,1551899082,5,47239,49,8072
0.9045811710188087,1554002197,13,47285,49,8153,0.35492581524029826,1562390852,12,47571,49,8052,0.48497702354701966,1545612643,9,47086,49,8098,0.35054394954854173,1560286468,3,47556,49,8109,0.8032993691241339,1551899082,5,47239,49,8072
0.17664390000297917,1560293171,13,47486,49,8175,0.43529731699709223,1547710389,12,47103,49,8142,1.028200929705744,1554001220,9,47320,49,8105,0.07811321364325023,1558190582,3,47451,49,8191,0.21121870220142566,1560288073,5,47500,49,8105
0.17664390000297917,1560293171,13,47486,49,8175,0.43529731699709223,1547710389,12,47103,49,8142,1.028200929705744,1554001220,9,47320,49,8105,0.07811321364325023,1558190582,3,47451,49,8191,0.21121870220142566,1560288073,5,47500,49,8105
0.31423483155272786,1560290497,6,47545,49,8113,0.6255180908051905,1549807839,12,47182,49,8076,0.10014997330744752,1558195054,9,47435,49,8137,0.9704684730812051,1553995791,3,47310,49,8078,0.5740146262262646,1547704447,5,47143,49,8088
0.31423483155272786,1560290497,6,47545,49,8113,0.6255180908051905,1549807839,12,47182,49,8076,0.10014997330744752,1558195054,9,47435,49,8137,0.9704684730812051,1553995791,3,47310,49,8078,0.5740146262262646,1547704447,5,47143,49,8088
0.9547629450840248,1554001665,11,47305,49,8118,1.1180507195498979,1556099163,12,47393,49,8118,0.5832995667544802,1547708487,7,47130,49,8177,1.082050231021429,1553996191,3,47360,49,8104,0.31749713578624555,1560287812,5,47546,49,8105
0.6723389662509408,1549806814,9,47186,49,8127,0.834608152279824,1551903861,11,47268,49,8077,0.24855204730329544,1560292165,9,47500,49,8101,0.18969682895924733,1558189992,3,47493,49,8110,0.39124039260126936,1545607800,5,47063,49,8142
0.6723389662509408,1549806814,9,47186,49,8127,0.834608152279824,1551903861,11,47268,49,8077,0.24855204730329544,1560292165,9,47500,49,8101,0.18969682895924733,1558189992,3,47493,49,8110,0.39124039260126936,1545607800,5,47063,49,8142
0.4534582408463762,1562389805,10,47604,49,8182,0.5894116021423277,1549807906,12,47171,49,8110,1.170483634460146,1556098571,10,47381,49,8156,0.49904868058709223,1545607308,3,47108,49,8157,0.5225074830532838,1547704872,4,47120,49,8179
0.4534582408463762,1562389805,10,47604,49,8182,0.5894116021423277,1549807906,12,47171,49,8110,1.170483634460146,1556098571,10,47381,49,8156,0.49904868058709223,1545607308,3,47108,49,8157,0.5225074830532838,1547704872,4,47120,49,8179
0.8649056682603437,1551901845,6,47266,49,8084,0.6255180808469674,1549805397,7,47185,49,8087,0.4480545022277296,1545609243,4,47072,49,8133,1.1856760611685033,1556093222,3,47408,49,8099,1.1831275735107587,1556094038,5,47403,49,8099
0.8649056682603437,1551901845,6,47266,49,8084,0.6255180808469674,1549805397,7,47185,49,8087,0.4480545022277296,1545609243,4,47072,49,8133,1.1856760611685033,1556093222,3,47408,49,8099,1.1831275735107587,1556094038,5,47403,49,8099
0.0486409630217847,1558193063,6,47429,49,8116,0.6301076058695223,1549807122,11,47188,49,8089,1.1284622503332955,1553999938,8,47361,49,8097,0.6319478448875411,1547704571,3,47165,49,8146,0.552799466651855,1547705284,5,47135,49,8153
0.0486409630217847,1558193063,6,47429,49,8116,0.6301076058695223,1549807122,11,47188,49,8089,1.1284622503332955,1553999938,8,47361,49,8097,0.6319478448875411,1547704571,3,47165,49,8146,0.552799466651855,1547705284,5,47135,49,8153
0.9931130786434501,1554001471,10,47321,49,8091,0.3529870307780165,1562388697,7,47585,49,8104,0.8406326778746633,1551903873,9,47240,49,8154,0.9716916022802536,1553995970,3,47314,49,8180,0.4612078872290091,1545607899,5,47097,49,8100
0.9931130786434501,1554001471,10,47321,49,8091,0.3529870307780165,1562388697,7,47585,49,8104,0.8406326778746633,1551903873,9,47240,49,8154,0.9716916022802536,1553995970,3,47314,49,8180,0.4612078872290091,1545607899,5,47097,49,8100
1.058695505873921,1556100055,15,47350,49,8118,0.6060372349721077,1549807681,12,47176,49,8130,0.8327789961485672,1551902756,7,47237,49,8127,0.36359871504457997,1545607217,3,47052,49,8122,0.6077752279327385,1547704941,5,47156,49,8154
1.0626734659393149,1554001448,11,47351,49,8106,0.14746722432451229,1560293697,12,47488,49,8057,0.9202903992752385,1551904029,9,47275,49,8145,0.5310731468306599,1547704729,3,47130,49,8093,0.4614123592501346,1545607689,5,47092,49,8163
1.0626734659393149,1554001448,11,47351,49,8106,0.14746722432451229,1560293697,12,47488,49,8057,0.9202903992752385,1551904029,9,47275,49,8145,0.5310731468306599,1547704729,3,47130,49,8093,0.4614123592501346,1545607689,5,47092,49,8163
0.6872302897301468,1549807759,11,47192,49,8100,1.0092219357911445,1554002031,12,47351,49,8133,0.5534146853238786,1547709349,9,47120,49,8158,0.5445368590777281,1547703960,3,47134,49,8117,1.0898016767935284,1556093795,5,47363,49,8073
0.27353881708133587,1560293084,11,47528,49,8092,0.6794733284278601,1549807705,12,47208,49,8121,0.1625704857256671,1558194766,8,47464,49,8178,0.49782371283891885,1545606695,3,47112,49,8111,0.5193455720386134,1547705068,4,47116,49,8113
0.2844521815373621,1560292469,9,47533,49,8112,1.183123799980541,1558196222,12,47422,49,8059,0.6858045266169185,1549806122,9,47174,49,8141,0.07056624477590957,1558190222,3,47445,49,8096,0.6955914930996301,1549802583,5,47196,49,8104
0.6631599105062667,1549807300,11,47180,49,8068,0.32361272655647527,1562390747,12,47569,49,8102,1.065632787840217,1554000985,9,47338,49,8113,0.773923825236951,1549801080,3,47229,49,8129,0.7797383337957602,1551898895,5,47227,49,8134
0.6631599105062667,1549807300,11,47180,49,8068,0.32361272655647527,1562390747,12,47569,49,8102,1.065632787840217,1554000985,9,47338,49,8113,0.773923825236951,1549801080,3,47229,49,8129,0,1551898895,5,47227,49,8134
0.7567906770756201,1549804299,6,47222,49,8150,0.2603761984449812,1560291241,7,47541,49,8113,1.1526348614698156,1556096797,7,47373,49,8176,1.1017355548395362,1553995173,3,47367,49,8091,0.45070345660725464,1545607661,5,47085,49,8153
0.7567906770756201,1549804299,6,47222,49,8150,0.2603761984449812,1560291241,7,47541,49,8113,1.1526348614698156,1556096797,7,47373,49,8176,1.1017355548395362,1553995173,3,47367,49,8091,0.45070345660725464,1545607661,5,47085,49,8153
0.18959829318106583,1560294094,14,47487,49,8142,0.9225266044138292,1554002258,12,47313,49,8124,0.4621297868225814,1545612415,9,47079,49,8123,0.9430317067018187,1551898656,3,47299,49,8137,0.7900401305659122,1551899324,5,47230,49,8123
0.18959829318106583,1560294094,14,47487,49,8142,0.9225266044138292,1554002258,12,47313,49,8124,0.4621297868225814,1545612415,9,47079,49,8123,0.9430317067018187,1551898656,3,47299,49,8137,0.7900401305659122,1551899324,5,47230,49,8123
0.8445065433405763,1551904938,14,47258,49,8150,0.5229109154940996,1547708433,7,47143,49,8071,0.9283485518802191,1551903806,9,47276,49,8088,0.7651518704001298,1549801662,3,47227,49,8123,1.0911270400214628,1556094005,5,47366,49,8096
0.9678177100964408,1554001878,11,47316,49,8146,0.34880643461993915,1562385635,4,47578,49,8096,0.857665410823648,1551903528,8,47251,49,8182,0.9530267944609089,1551898462,3,47305,49,8115,0.7417971418736126,1549802555,5,47207,49,8129
0.9678177100964408,1554001878,11,47316,49,8146,0.34880643461993915,1562385635,4,47578,49,8096,0.857665410823648,1551903528,8,47251,49,8182,0.9530267944609089,1551898462,3,47305,49,8115,0.7417971418736126,1549802555,5,47207,49,8129
1.0940881888846048,1556097817,9,47366,49,8173,0.16276750337285242,1560293353,11,47498,49,8104,1.004844349812479,1553999724,7,47312,49,8094,1.0791950183369587,1553996038,3,47359,49,8115,0.3439133925107531,1562385163,5,47556,49,8086
1.0940881888846048,1556097817,9,47366,49,8173,0.16276750337285242,1560293353,11,47498,49,8104,1.004844349812479,1553999724,7,47312,49,8094,1.0791950183369587,1553996038,3,47359,49,8115,0.3439133925107531,1562385163,5,47556,49,8086
1.1714000201909047,1556095866,5,47400,49,8154,1.1661933197341794,1556099500,12,47412,49,8087,0.8929558616097998,1551903786,9,47265,49,16,0.06036667471105175,1558189905,3,47444,49,8133,1.180374619479067,1556093151,4,47394,49,8102
1.1714000201909047,1556095866,5,47400,49,8154,1.1661933197341794,1556099500,12,47412,49,8087,0.8929558616097998,1551903786,9,47265,49,16,0.06036667471105175,1558189905,3,47444,49,8133,1.180374619479067,1556093151,4,47394,49,8102
0,1549806671,10,47182,49,8109,0,1551902657,7,47265,49,8094,0.09464216687986331,1558195310,9,47436,49,8126,0.7361852560896792,1549801978,4,47218,49,8098,1.2953208953004234,1558190902,5,47451,49,8136
0.6616300613436008,1549806671,10,47182,49,8109,0.8197168211296615,1551902657,7,47265,49,8094,0.09464216687986331,1558195310,9,47436,49,8126,0.7361852560896792,1549801978,4,47218,49,8098,1.2953208953004234,1558190902,5,47451,49,8136
0.12401400044860657,1558196864,15,47469,49,8163,0.5592218628083206,1547708387,7,47155,49,8079,0.4903825869621312,1545612919,10,47092,49,8166,0.0573069920855217,1558190364,3,47442,49,8109,0.36227335826625795,1562385166,5,47559,49,8113
0.8673537785729415,1551901985,6,47269,49,8148,0.3022953218648849,1562390592,12,47562,49,8126,0.9007073083200482,1551903776,9,47269,49,8137,0.6131807914785921,1547703781,3,47160,49,8149,0.6111416229510456,1547704889,5,47151,49,8136
0.8673537785729415,1551901985,6,47269,49,8148,0.3022953218648849,1562390592,12,47562,49,8126,0.9007073083200482,1551903776,9,47269,49,8137,0.6131807914785921,1547703781,3,47160,49,8149,0.6111416229510456,1547704889,5,47151,49,8136
0.3078087441061619,1560290138,6,47547,49,8071,0.11350401561345427,1558194212,7,47477,49,8141,0.1682827555630401,1558195625,9,47466,49,8127,1.090515467016244,1556092741,3,47368,49,8133,0.7920793080518062,1551899117,5,47233,49,8112
0.3078087441061619,1560290138,6,47547,49,8071,0.11350401561345427,1558194212,7,47477,49,8141,0.1682827555630401,1558195625,9,47466,49,8127,1.090515467016244,1556092741,3,47368,49,8133,0.7920793080518062,1551899117,5,47233,49,8112
0.9694497888344706,1554001666,10,47316,49,8142,1.1210081485587056,1556096774,6,47399,49,8051,0.6263414581699254,1547709523,9,47151,49,8181,0.4288748963262301,1545607791,3,47087,49,8115,0.969652438876552,1553996630,5,47308,49,8130
0.9694497888344706,1554001666,10,47316,49,8142,1.1210081485587056,1556096774,6,47399,49,8051,0.6263414581699254,1547709523,9,47151,49,8181,0.4288748963262301,1545607791,3,47087,49,8115,0.969652438876552,1553996630,5,47308,49,8130
0,1560289654,5,47504,49,8128,0.2536452777000878,1560288440,3,47535,49,8038,0.16818051943896536,1558195379,9,47467,49,8153,0.14124936699554838,1558190570,3,47475,49,8095,0.20713851457697724,1560288048,5,47496,49,8148
0.21264814598428702,1560289654,5,47504,49,8128,0,1560292561,10,47478,49,8075,0.16818051943896536,1558195379,9,47467,49,8153,0.14124936699554838,1558190570,3,47475,49,8095,0.20713851457697724,1560288048,5,47496,49,8148
0.4991527049317867,1547710199,11,47111,49,8127,1.1484449123969025,1556099017,12,47410,49,8054,1.158040421808364,1556098092,9,47378,49,8130,0.9077412515994638,1551898830,3,47288,49,8060,0.6388832583981434,1549802274,5,47167,49,8098
0.4991527049317867,1547710199,11,47111,49,8127,1.1484449123969025,1556099017,12,47410,49,8054,1.158040421808364,1556098092,9,47378,49,8130,0.9077412515994638,1551898830,3,47288,49,8060,0.6388832583981434,1549802274,5,47167,49,8098
0.7508757664882647,1549804535,6,47221,49,8182,1.164254516194715,1556096771,6,47415,49,8102,0.5989046909066137,1547708380,7,47140,49,8148,0.4413181046108221,1545607479,3,47093,49,8088,0.9669998463926932,1553996872,5,47310,49,8128
0.7508757664882647,1549804535,6,47221,49,8182,1.164254516194715,1556096771,6,47415,49,8102,0.5989046909066137,1547708380,7,47140,49,8148,0.4413181046108221,1545607479,3,47093,49,8088,0.9669998463926932,1553996872,5,47310,49,8128
0.12758486466653846,1558192904,5,47468,49,8082,1.0340079768730321,1556099426,13,47356,49,8139,1.1643642632295492,1556096957,7,47380,49,8180,1.0923520268823048,1553995436,3,47365,49,8141,1.2998100598174478,1558191142,5,47447,49,8051
0.12758486466653846,1558192904,5,47468,49,8082,1.0340079768730321,1556099426,13,47356,49,8139,1.1643642632295492,1556096957,7,47380,49,8180,1.0923520268823048,1553995436,3,47365,49,8141,1.2998100598174478,1558191142,5,47447,49,8051
0.10555366032005038,1558195389,10,47460,49,8099,0.015588603948843522,1558195654,11,47437,49,8100,1.182213034049498,1556097373,8,47389,49,8170,0.9204911704722704,1551898570,3,47290,49,8176,0.9597595875221072,1553996437,5,47301,49,8128
0.10555366032005038,1558195389,10,47460,49,8099,0.015588603948843522,1558195654,11,47437,49,8100,1.182213034049498,1556097373,8,47389,49,8170,0.9204911704722704,1551898570,3,47290,49,8176,0.9597595875221072,1553996437,5,47301,49,8128
0.6976343091148549,1549804853,6,47199,49,8143,1.1119313493471066,1556099650,13,47392,49,8182,0.4878322439168551,1545611913,8,47093,49,8158,0.29373161134418563,1560287219,3,47539,49,8169,0.9518036692605355,1553996376,5,47299,49,8096
0.6976343091148549,1549804853,6,47199,49,8143,1.1119313493471066,1556099650,13,47392,49,8182,0.4878322439168551,1545611913,8,47093,49,8158,0.29373161134418563,1560287219,3,47539,49,8169,0.9518036692605355,1553996376,5,47299,49,8096
0.7021216021284723,1549804044,5,47203,49,8104,0.1965262297997812,1560291250,7,47519,49,8078,0.43000125489443075,1562388624,7,47580,49,8151,0.0365007799406321,1556092981,3,47429,49,8121,0.2965886969726881,1560288090,5,47531,49,8130
0.10188241121106358,1558192840,5,47456,49,8112,0.2570097970846889,1560291230,7,47542,49,8066,1.0219793201135259,1554000585,8,47320,49,8154,0.4755898681626794,1545607490,3,47100,49,8081,1.1579344575584203,1556093584,5,47390,49,8124
0.3555423961015698,1562390823,15,47569,49,28,1.0609335419773405,1556099165,12,47372,49,8163,1.1878230740261775,1556098635,9,47390,49,8113,0.6390877158899099,1547704753,4,47169,49,4,0.6591801465798656,1549801542,4,47176,49,8148
0.579319758725132,1547710309,11,47151,49,8097,0.6268434477390079,1549808271,13,47181,49,8013,0.1454355116089847,1558195540,9,47458,49,8150,0.4903789579869793,1545606775,3,47107,49,8161,0.19143115141769856,1560287824,5,47490,49,8118
0.579319758725132,1547710309,11,47151,49,8097,0.6268434477390079,1549808271,13,47181,49,8013,0.1454355116089847,1558195540,9,47458,49,8150,0.4903789579869793,1545606775,3,47107,49,8161,0.19143115141769856,1560287824,5,47490,49,8118
0.20877241939885474,1560290623,6,47504,49,8104,0.6481608421019182,1549807304,11,47196,49,8078,0.8547079607140597,1551903672,9,47248,49,8145,1.1207051999159314,1556092540,3,47383,49,8130,0.4710003484959074,1545608148,5,47093,49,8137
0.20877241939885474,1560290623,6,47504,49,8104,0.6481608421019182,1549807304,11,47196,49,8078,0.8547079607140597,1551903672,9,47248,49,8145,1.1207051999159314,1556092540,3,47383,49,8130,0.4710003484959074,1545608148,5,47093,49,8137
0.7461840046161956,1549807550,12,47219,49,8171,0.1068734556393104,1558195484,10,47479,49,8078,0.5652463184924539,1547709690,9,47126,49,8098,0.3452387456140111,1545606961,4,47050,49,8101,0.6739692349203482,1549802370,5,47183,49,8156
0.7461840046161956,1549807550,12,47219,49,8171,0.1068734556393104,1558195484,10,47479,49,8078,0.5652463184924539,1547709690,9,47126,49,8098,0.3452387456140111,1545606961,4,47050,49,8101,0.6739692349203482,1549802370,5,47183,49,8156
0.2691537660136021,1560290184,6,47525,49,8114,0.09871492906098127,1558194386,7,47471,49,8084,0.5138413961309733,1547709041,9,47103,49,8092,1.2021994597669867,1556093462,4,47416,49,8095,1.1127511623459343,1556093882,5,47369,49,8152
0.2691537660136021,1560290184,6,47525,49,8114,0.09871492906098127,1558194386,7,47471,49,8084,0.5138413961309733,1547709041,9,47103,49,8092,1.2021994597669867,1556093462,4,47416,49,8095,1.1127511623459343,1556093882,5,47369,49,8152
0.37686020489667155,1562387932,6,47573,49,8106,1.1776159954959922,1558195863,11,47421,49,8080,0.3800236169417553,1562389419,9,47559,49,8172,0.7841233839507216,1549801255,3,47234,49,8094,0.42234842694429603,1545608256,5,47074,49,8123
0.37686020489667155,1562387932,6,47573,49,8106,1.1776159954959922,1558195863,11,47421,49,8080,0.3800236169417553,1562389419,9,47559,49,8172,0.7841233839507216,1549801255,3,47234,49,8094,0.42234842694429603,1545608256,5,47074,49,8123
0.36880352228744384,1562391040,15,47564,49,8124,0.685388218103369,1549805682,7,47207,49,8010,0.7192584275783662,1549806535,8,47193,49,8120,1.0720551428873113,1553995337,3,47355,49,8130,0.349727909545054,1562384424,4,47556,49,8141
0.9857687196436565,1553999101,6,47323,49,8168,0.5470835184315562,1547710226,11,47155,49,8088,0.606758369986691,1547709127,8,47144,49,8179,0.7321050683205048,1549801685,3,47216,49,8134,0.9138606254541161,1553996296,5,47289,49,8074
0.9857687196436565,1553999101,6,47323,49,8168,0.5470835184315562,1547710226,11,47155,49,8088,0.606758369986691,1547709127,8,47144,49,8179,0.7321050683205048,1549801685,3,47216,49,8134,0.9138606254541161,1553996296,5,47289,49,8074
0.7273147290367261,1549804402,5,47209,49,8104,0.8960081166210901,1554002351,13,47302,49,8095,0.926716468960356,1551902722,7,47279,49,8142,0.9713848863569283,1553996010,3,47318,49,8070,0.6699931057899021,1549801585,5,47176,49,8078
0.7273147290367261,1549804402,5,47209,49,8104,0.8960081166210901,1554002351,13,47302,49,8095,0.926716468960356,1551902722,7,47279,49,8142,0.9713848863569283,1553996010,3,47318,49,8070,0.6699931057899021,1549801585,5,47176,49,8078
0.358195002075409,1562390448,11,47564,49,8133,1.141816231552981,1556098908,12,47404,49,8150,1.0133095967287034,1554000919,9,47318,49,8143,0.9712826484191486,1553995388,3,47319,49,8094,1.1492666017465878,1556093910,5,47381,49,8120
0.905906534921967,1551901357,6,47290,49,8098,0.9898433291669034,1554001132,11,47334,49,8011,0.8703130877897559,1551900505,4,47256,49,8110,0.7347576548625678,1549801982,3,47214,49,8170,0.16062798395763195,1558190245,5,47482,49,8089
0.905906534921967,1551901357,6,47290,49,8098,0.9898433291669034,1554001132,11,47334,49,8011,0.8703130877897559,1551900505,4,47256,49,8110,0.7347576548625678,1549801982,3,47214,49,8170,0.16062798395763195,1558190245,5,47482,49,8089
0.08852093455363505,1558192970,5,47448,49,8133,0.1068734556393104,1558196193,12,47479,49,8102,0.9813855371965609,1554000127,8,47303,49,8145,0.8816298593620256,1551898761,3,47278,49,8098,0.7378191818789843,1549802127,5,47207,49,8090
0.08852093455363505,1558192970,5,47448,49,8133,0,1558196193,12,47479,49,8102,0.9813855371965609,1554000127,8,47303,49,8145,0.8816298593620256,1551898761,3,47278,49,8098,0.7378191818789843,1549802127,5,47207,49,8090
1.1557948960301105,1556099082,13,47392,49,8102,0,1551905686,13,47243,49,8148,1.2817605544336068,1558195406,9,47430,49,8108,0.19081957985879208,1558189974,3,47491,49,8107,1.262683042206158,1558190972,5,47437,49,8170
1.1557948960301105,1556099082,13,47392,49,8102,0.7592332563149896,1551905686,13,47243,49,8148,1.2817605544336068,1558195406,9,47430,49,8108,0.19081957985879208,1558189974,3,47491,49,8107,1.262683042206158,1558190972,5,47437,49,8170
0.745877306835308,1549804648,6,47219,49,8119,1.1133589454694308,1556097082,7,47395,49,8074,1.273906871112337,1558195338,9,47427,49,8158,0.3381007424544736,1560286779,3,47551,49,8079,0.3964415025222184,1545607814,5,47066,49,8123
0.745877306835308,1549804648,6,47219,49,8119,1.1133589454694308,1556097082,7,47395,49,8074,1.273906871112337,1558195338,9,47427,49,8158,0.3381007424544736,1560286779,3,47551,49,8079,0.3964415025222184,1545607814,5,47066,49,8123
0.29689538223614764,1560292902,10,47541,49,8092,0.7971744307824618,1551904505,11,47263,49,8098,0.08760452000229138,1558193933,7,47435,49,8116,0.5099602189808632,1547704294,3,47122,49,8090,0.9073341665476461,1551899454,5,47281,49,8075
0.29689538223614764,1560292902,10,47541,49,8092,0.7971744307824618,1551904505,11,47263,49,8098,0.08760452000229138,1558193933,7,47435,49,8116,1.1003060726196603,1556093006,3,47376,49,8131,0.9073341665476461,1551899454,5,47281,49,8075
0.41215064942496604,1562386135,4,47587,49,8116,1.0250334087636175,1553999723,7,47349,49,8075,0.7750502342844116,1549803132,4,47215,49,8114,1.2356552269009151,1556093490,4,47425,49,8111,0.7841233865998639,1551899408,5,47233,49,8040
0.41215064942496604,1562386135,4,47587,49,8116,1.0250334087636175,1553999723,7,47349,49,8075,0.7750502342844116,1549803132,4,47215,49,8114,1.2356552269009151,1556093490,4,47425,49,8111,0.7841233865998639,1551899408,5,47233,49,8040
0.19867510059569807,1560294055,15,47496,49,17,0.201831426410436,1560291557,7,47516,49,8111,1.133051765983054,1556098046,9,47369,49,8120,0.6483671658642598,1549801231,3,47183,49,8138,0.6387810193876942,1549801613,5,47170,49,8142
0.19867510059569807,1560294055,15,47496,49,17,0.201831426410436,1560291557,7,47516,49,8111,1.133051765983054,1556098046,9,47369,49,8120,0.6483671658642598,1549801231,3,47183,49,8138,0.6387810193876942,1549801613,5,47170,49,8142
1.1758873057635963,1556095910,6,47403,49,8089,0.6155229884367255,1549808198,13,47180,49,8106,0.10943125292210151,1558195471,9,47445,49,8110,0.18847369403938566,1558190143,3,47492,49,8061,0.5797268968861528,1547705112,5,47141,49,8126
1.1758873057635963,1556095910,6,47403,49,8089,0.6155229884367255,1549808198,13,47180,49,8106,0.10943125292210151,1558195471,9,47445,49,8110,0.18847369403938566,1558190143,3,47492,49,8061,0.5797268968861528,1547705112,5,47141,49,8126
0.8954021156731041,1551904846,11,47281,49,8122,1.0204420128779055,1554002078,12,47354,49,8038,0.2658914820564234,1560292817,9,47511,49,8093,0.8907085209687768,1551898909,3,47279,49,8090,0.5863556061958645,1547705195,5,47148,49,8107
0.8954021156731041,1551904846,11,47281,49,8122,1.0204420128779055,1554002078,12,47354,49,8038,0.2658914820564234,1560292817,9,47511,49,8093,0.8907085209687768,1551898909,3,47279,49,8090,0.5863556061958645,1547705195,5,47148,49,8107
0.03487238032348549,1558196972,15,47422,49,8182,0.58257842822899,1547710215,12,47167,49,8098,1.1414147749164913,1556096719,7,47375,49,8071,0.9352802546600281,1551898751,3,47298,49,8105,1.2463659957578497,1556093336,5,47421,49,8093
0.3656416013045761,1562390630,12,47563,49,8114,0.1469578990869265,1560293753,12,47494,49,8148,0.856442268986432,1551902483,7,47249,49,8169,1.2071979385195402,1556093289,3,47416,49,8105,0.7531176046299353,1549802116,5,47217,49,8115
0,1556094004,4,47366,49,8095,1.1633362311849857,1556099324,13,47417,49,8109,0.15012727008183469,1558194443,8,47462,49,8172,1.2299429451299402,1556092617,3,47425,49,8142,0.18317037611718054,1560287823,5,47485,49,8101
1.089089714377912,1556094004,4,47366,49,8095,1.1633362311849857,1556099324,13,47417,49,8109,0.15012727008183469,1558194443,8,47462,49,8172,1.2299429451299402,1556092617,3,47425,49,8142,0.18317037611718054,1560287823,5,47485,49,8101
0.9569043475648704,1553999044,6,47310,49,8153,1.163133636502366,1556096988,7,47411,49,8064,0.12503638136543188,1558195029,10,47452,49,8169,0.3679837489141984,1545606811,4,47060,49,8114,0.249568838586471,1560288146,5,47514,49,5
0.9569043475648704,1553999044,6,47310,49,8153,1.163133636502366,1556096988,7,47411,49,8064,0.12503638136543188,1558195029,10,47452,49,8169,0.3679837489141984,1545606811,4,47060,49,8114,0.249568838586471,1560288146,5,47514,49,5
0.6104277877518646,1547710174,11,47163,49,8125,0.4048026870649984,1562390606,12,47590,49,8034,0.38706125832154076,1562389553,9,47563,49,8144,1.145796082886053,1556093094,3,47394,49,8120,0,1549801809,5,47222,49,8068
0.6104277877518646,1547710174,11,47163,49,8125,0.4048026870649984,1562390606,12,47590,49,8034,0.38706125832154076,1562389553,9,47563,49,8144,1.145796082886053,1556093094,3,47394,49,8120,0.7640309696690936,1549801809,5,47222,49,8068
0.6015554329912697,1547710248,11,47153,49,8104,0.3698171216007197,1562388585,7,47589,49,8104,0.4817128672283843,1545612506,9,47090,49,8136,0.3498282640815848,1545607165,3,47054,49,8148,1.0827658986474065,1556093624,5,47353,49,8146
0.6015554329912697,1547710248,11,47153,49,8104,0.3698171216007197,1562388585,7,47589,49,8104,0.4817128672283843,1545612506,9,47090,49,8136,0.3498282640815848,1545607165,3,47054,49,8148,1.0827658986474065,1556093624,5,47353,49,8146
1.0157558459738465,1553998302,5,47332,49,8153,0.2977057988696061,1560290257,6,47552,49,8053,0.5325062134673384,1547709445,9,47112,49,8155,0.6792725525331333,1549801769,3,47192,49,8141,0.14747283676323228,1560287274,4,47467,49,8141
1.0157558459738465,1553998302,5,47332,49,8153,0.2977057988696061,1560290257,6,47552,49,8053,0.5325062134673384,1547709445,9,47112,49,8155,0.6792725525331333,1549801769,3,47192,49,8141,0.14747283676323228,1560287274,4,47467,49,8141
1.0952090809269988,1556099785,15,47369,49,8121,0.9937190498804656,1554002527,13,47344,49,8123,0.3659483305116737,1560292135,9,47553,49,8067,0.6426567346808801,1547704014,4,47175,49,8116,0.18470022488789503,1558191019,5,47483,49,8151
0.5832977245706928,1547707022,6,47148,49,12,0.1983627866264676,1560291447,7,47518,49,8059,0.7256844995133156,1549806096,8,47194,49,8127,0.1926561294635255,1558189653,3,47491,49,8083,0.9110054236146214,1551899081,5,47282,49,8142
0.5832977245706928,1547707022,6,47148,49,12,0.1983627866264676,1560291447,7,47518,49,8059,0.7256844995133156,1549806096,8,47194,49,8127,0.1926561294635255,1558189653,3,47491,49,8083,0.9110054236146214,1551899081,5,47282,49,8142
1.1935334708710492,1556095829,5,47405,49,8143,0.6820236775668733,1549805633,7,47208,49,8105,1.0917441850419387,1554001142,9,47349,49,8130,0.9382377004485044,1551898744,4,47301,49,8137,0.42408273556822135,1545607970,5,47072,49,8158
1.1935334708710492,1556095829,5,47405,49,8143,0.6820236775668733,1549805633,7,47208,49,8105,1.0917441850419387,1554001142,9,47349,49,8130,0.9382377004485044,1551898744,4,47301,49,8137,0.42408273556822135,1545607970,5,47072,49,8158
0.2705813710496276,1560290200,6,47526,49,8150,0.6841650857676604,1549804748,6,47211,49,8087,0.24947031631810251,1560292965,10,47503,49,8147,0.2090754285065211,1560286760,3,47506,49,8158,0.8857119156759794,1553995928,5,47266,49,8134
0.2705813710496276,1560290200,6,47526,49,8150,0.6841650857676604,1549804748,6,47211,49,8087,0.24947031631810251,1560292965,10,47503,49,8147,0.2090754285065211,1560286760,3,47506,49,8158,0.8857119156759794,1553995928,5,47266,49,8134
0.21264815042081756,1560292587,10,47502,49,8090,0.1478761780955733,1560292782,10,47493,49,8043,0.19469901227901487,1558195636,10,47480,49,8044,0.5828869783520623,1547704782,3,47153,49,8066,1.0583888202368574,1553996398,5,47341,49,8134
0.21264815042081756,1560292587,10,47502,49,8090,0.1478761780955733,1560292782,10,47493,49,8043,0.19469901227901487,1558195636,10,47480,49,8044,0.5828869783520623,1547704782,3,47153,49,8066,1.0583888202368574,1553996398,5,47341,49,8134
1.1062265499442725,1556099699,14,47365,49,8126,0.35237545227930583,1562387554,6,47585,49,8132,1.0861341463846337,1554001182,9,47348,49,8045,0.3983784484107733,1545607366,3,47074,49,8102,0.9424201487719699,1551899234,5,47294,49,8118
1.1062265499442725,1556099699,14,47365,49,8126,0.35237545227930583,1562387554,6,47585,49,8132,1.0861341463846337,1554001182,9,47348,49,8045,0.3983784484107733,1545607366,3,47074,49,8102,0.9424201487719699,1551899234,5,47294,49,8118
0.5694269049549399,1547710231,11,47140,49,8096,0.8359335022622754,1551902391,6,47276,49,8130,1.0346269993589445,1554001315,9,47325,49,8153,0.9664886434685156,1553995592,3,47320,49,8108,0.3264717144036845,1562385032,5,47549,49,8130
0.5694269049549399,1547710231,11,47140,49,8096,0.8359335022622754,1551902391,6,47276,49,8130,1.0346269993589445,1554001315,9,47325,49,8153,0.9664886434685156,1553995592,3,47320,49,8108,0.3264717144036845,1562385032,5,47549,49,8130
1.1815995859753994,1556095498,5,47403,49,8078,0.651118285840262,1549806766,11,47200,49,8085,0.2687466961071334,1560292602,9,47512,49,8101,0.8016654407626196,1551897777,3,47248,49,8116,0.1860274503024507,1560287455,4,47478,49,8102
1.1815995859753994,1556095498,5,47403,49,8078,0.651118285840262,1549806766,11,47200,49,8085,0.2687466961071334,1560292602,9,47512,49,8101,0.8016654407626196,1551897777,3,47248,49,8116,0.1860274503024507,1560287455,4,47478,49,8102
0.6656080208826983,1549807983,14,47182,49,8122,0.7600492921027004,1551905113,12,47244,49,8063,0.799120620912843,1549806663,9,47224,49,8126,0.7337371372273235,1549801311,3,47219,49,8143,1.24758724539092,1558190114,4,47430,49,8110
0.6656080208826983,1549807983,14,47182,49,8122,0.7600492921027004,1551905113,12,47244,49,8063,0.799120620912843,1549806663,9,47224,49,8126,0.7337371372273235,1549801311,3,47219,49,8143,1.24758724539092,1558190114,4,47430,49,8110
0.08566572328950672,1558196270,11,47444,49,8159,0.3205530401577781,1562388556,7,47569,49,8078,1.272479272312896,1556097294,8,47423,49,8149,0.6489805700440592,1547704192,3,47178,49,8130,1.1898603863093442,1556093814,5,47395,49,8118
0.08566572328950672,1558196270,11,47444,49,8159,0.3205530401577781,1562388556,7,47569,49,8078,1.272479272312896,1556097294,8,47423,49,8149,0.6489805700440592,1547704192,3,47178,49,8130,1.1898603863093442,1556093814,5,47395,49,8118
0.7167080653968662,1549804386,5,47201,49,8103,0.051695080017842496,1558196321,12,47453,49,8037,0.5302625673750694,1547709374,9,47108,49,8136,0.6215438059373963,1547704351,3,47167,49,8077,1.1154018941944863,1556093880,5,47373,49,8088
0.7167080653968662,1549804386,5,47201,49,8103,0.051695080017842496,1558196321,12,47453,49,8037,0.5302625673750694,1547709374,9,47108,49,8136,0.6215438059373963,1547704351,3,47167,49,8077,1.1154018941944863,1556093880,5,47373,49,8088
0.6597935191460129,1549807280,13,47183,49,8148,0.773410772067994,1551902554,7,47249,49,8062,0.46294582222966224,1545612748,9,47080,49,8087,1.0403336927511289,1553995965,3,47349,49,8127,0.4248987753434925,1545607645,5,47071,49,8095
0.6597935191460129,1549807280,13,47183,49,8148,0.773410772067994,1551902554,7,47249,49,8062,0.46294582222966224,1545612748,9,47080,49,8087,1.0403336927511289,1553995965,3,47349,49,8127,0.4248987753434925,1545607645,5,47071,49,8095
0.08852093455363505,1558196126,11,47448,49,8111,0.13910421493027267,1560293305,12,47492,49,8068,1.0501298947291826,1553999948,7,47331,49,8184,1.079806578453488,1553995362,3,47362,49,8130,0.46834777708415143,1547704838,5,47093,49,8141
0.08852093455363505,1558196126,11,47448,49,8111,0.13910421493027267,1560293305,12,47492,49,8068,1.0501298947291826,1553999948,7,47331,49,8184,1.079806578453488,1553995362,3,47362,49,8130,0.46834777708415143,1547704838,5,47093,49,8141
0.6535719148687449,1549808024,14,47180,49,8127,0.7907502108688875,1551902831,7,47255,49,8066,0.24773600414832317,1560291422,7,47502,49,8119,1.0858237030376283,1553995539,3,47367,49,8133,0.4857876227803611,1547704594,5,47106,49,8094
0.6469432069819913,1549808587,16,47173,49,8153,0.5972652782229146,1547710389,12,47167,49,8013,0.14064151534089414,1558194364,7,47456,49,8169,0.40001052072511223,1545607565,3,47075,49,8095,0,1556093587,5,47357,49,8121
0.6520420722664904,1549807700,11,47179,49,8137,0.48456078925273904,1547710509,12,47128,49,8002,1.2527939448264889,1556097117,8,47416,49,8171,1.1606874036869936,1556093350,3,47401,49,8179,0.5019039121597286,1547704816,5,47108,49,8158
0.6926358510216772,1549804567,6,47197,49,8186,0.07382852253314429,1558193042,5,47459,49,8117,1.1790511151706833,1556098281,9,47387,49,8153,0.6145061638953099,1547704709,3,47164,49,8120,1.2600304510902014,1558191126,5,47435,49,8104
0.6926358510216772,1549804567,6,47197,49,8186,0.07382852253314429,1558193042,5,47459,49,8117,1.1790511151706833,1556098281,9,47387,49,8153,0.6145061638953099,1547704709,3,47164,49,8120,1.2600304510902014,1558191126,5,47435,49,8104
1.0250371341778899,1554002129,13,47336,49,8162,0,1551902463,7,47295,49,8117,0.6006390002437142,1547710308,10,47138,49,8160,1.0805203795596878,1553995802,3,47363,49,8127,0.6383739260002254,1549802154,5,47162,49,8147
0.14380156779223663,1558195152,10,47472,49,8111,1.1058119856623907,1556097164,7,47389,49,8110,0.7138528645042932,1549806949,9,47188,49,8122,0.838485716005031,1551898914,3,47267,49,8157,0.5035359875339634,1547704796,5,47108,49,8139
0,1558195152,10,47472,49,8111,1.1058119856623907,1556097164,7,47389,49,8110,0.7138528645042932,1549806949,9,47188,49,8122,0.838485716005031,1551898914,3,47267,49,8157,0.5035359875339634,1547704796,5,47108,49,8139
0.4245938643602082,1562390665,14,47591,49,8162,1.0769476211026423,1556099346,13,47376,49,8118,0.8337995014631263,1551903321,9,47236,49,8159,0.6321504598637554,1549800661,3,47178,49,8138,0.4678384351200467,1545607484,5,47090,49,8066
0.4245938643602082,1562390665,14,47591,49,8162,1.0769476211026423,1556099346,13,47376,49,8118,0.8337995014631263,1551903321,9,47236,49,8159,0.6321504598637554,1549800661,3,47178,49,8138,0,1545607484,5,47090,49,8066
0.7568929119222062,1549804418,6,47221,49,8117,0.058528247763875337,1558196099,12,47449,49,8040,0.9117229119706401,1551904119,9,47272,49,8161,0.4862987564149698,1545607165,3,47112,49,8107,0.37410500622458226,1545608180,5,47049,49,8088
0.7568929119222062,1549804418,6,47221,49,8117,0.058528247763875337,1558196099,12,47449,49,8040,0.9117229119706401,1551904119,9,47272,49,8161,0.4862987564149698,1545607165,3,47112,49,8107,0.37410500622458226,1545608180,5,47049,49,8088
0.21509627126526984,1560292563,10,47501,49,8125,0.7796323772562599,1551903205,8,47251,49,8093,1.2818627968230516,1558194987,9,47427,49,8146,0.7247625480363206,1549801566,3,47214,49,8068,0.7463866761634096,1549802295,5,47207,49,8121
0.21509627126526984,1560292563,10,47501,49,8125,0.7796323772562599,1551903205,8,47251,49,8093,1.2818627968230516,1558194987,9,47427,49,8146,0.7247625480363206,1549801566,3,47214,49,8068,0.7463866761634096,1549802295,5,47207,49,8121
0.27812834020579097,1560292504,10,47531,49,8147,0.6418370040305683,1549804680,6,47194,49,8093,1.1214246034716855,1554000635,9,47360,49,8129,0.25446318855576516,1560287623,3,47529,49,8108,0.39185153342998397,1545607603,4,47059,49,8130
0.27812834020579097,1560292504,10,47531,49,8147,0.6418370040305683,1549804680,6,47194,49,8093,1.1214246034716855,1554000635,9,47360,49,8129,0.25446318855576516,1560287623,3,47529,49,8108,0.39185153342998397,1545607603,4,47059,49,8130
0.027221327176435724,1556098522,10,47423,49,8141,0.7390386090311065,1549805264,7,47233,49,8090,0.676318767612697,1549805313,7,47172,49,8137,1.1631355158626613,1556092463,3,47404,49,8147,1.1498763025448528,1556093610,5,47387,49,8142
0.027221327176435724,1556098522,10,47423,49,8141,0.7390386090311065,1549805264,7,47233,49,8090,0.676318767612697,1549805313,7,47172,49,8137,1.1631355158626613,1556092463,3,47404,49,8147,1.1498763025448528,1556093610,5,47387,49,8142
0.36859904834345486,1562390696,15,47564,49,8170,1.148853869461766,1556096832,6,47400,49,8035,0.7256845031518958,1549806921,9,47192,49,8117,0.8233899199353049,1551898791,3,47263,49,8167,1.2216821992891107,1556093834,5,47411,49,8128
0.36859904834345486,1562390696,15,47564,49,8170,1.148853869461766,1556096832,6,47400,49,8035,0.7256845031518958,1549806921,9,47192,49,8117,0.8233899199353049,1551898791,3,47263,49,8167,1.2216821992891107,1556093834,5,47411,49,8128
1.016062559954525,1554001981,14,47328,49,8174,0.7670869331154506,1551902453,7,47239,49,8050,1.003110037188228,1554000878,9,47312,49,8128,1.1129537435098065,1556093105,3,47384,49,8051,0.4145969837422257,1545608042,5,47068,49,8095
0.5163899154803603,1547710019,10,47115,49,8088,0,1545610755,7,47102,49,8104,0.11106333625677725,1558195559,9,47442,49,8159,0.22763798384931228,1560287810,4,47520,49,8116,0.8312454819391755,1551898593,5,47247,49,8147
0.5163899154803603,1547710019,10,47115,49,8088,0.4179578661459747,1545610755,7,47102,49,8104,0.11106333625677725,1558195559,9,47442,49,8159,0.22763798384931228,1560287810,4,47520,49,8116,0.8312454819391755,1551898593,5,47247,49,8147
1.1991416421037078,1556095586,5,47412,49,8058,0.12451961009326627,1558194038,7,47483,49,8093,0.39256906399663655,1562389693,9,47563,49,8127,0.5595303950274242,1547704457,3,47146,49,8068,0.15481534261002974,1558191008,5,47471,49,8119
1.1991416421037078,1556095586,5,47412,49,8058,0.12451961009326627,1558194038,7,47483,49,8093,0.39256906399663655,1562389693,9,47563,49,8127,0.5595303950274242,1547704457,3,47146,49,8068,0.15481534261002974,1558191008,5,47471,49,8119
0.7368004935113374,1549804620,6,47209,49,8100,1.0817416186762263,1556099502,12,47378,49,8126,0.6921283611855795,1549807221,10,47178,49,8132,0.9342597305990187,1551898378,3,47304,49,8123,0.6508153009194874,1549802587,5,47176,49,8098
0.7368004935113374,1549804620,6,47209,49,8100,1.0817416186762263,1556099502,12,47378,49,8126,0.6921283611855795,1549807221,10,47178,49,8132,0.9342597305990187,1551898378,3,47304,49,8123,0.6508153009194874,1549802587,5,47176,49,8098
0.24008492377258087,1560293569,12,47511,49,8177,0.8587807420472126,1554002212,13,47284,49,8108,0.9776120517124921,1554000404,8,47299,49,8151,0.13247739730911567,1558190303,3,47477,49,8125,1.2420813280618774,1558190714,5,47418,49,8075
0.24008492377258087,1560293569,12,47511,49,8177,0.8587807420472126,1554002212,13,47284,49,8108,0.9776120517124921,1554000404,8,47299,49,8151,0.13247739730911567,1558190303,3,47477,49,8125,1.2420813280618774,1558190714,5,47418,49,8075
1.0558403008120378,1553998346,5,47345,49,8146,0.7552552944510451,1551901771,6,47243,49,8054,0.10433239741212232,1558195332,9,47437,49,8157,0.6066524757714882,1547704650,4,47164,49,8075,13.973257398924993,1549802072,5,47184,49,8068
0.6637714833381173,1549806957,10,47181,49,8135,0.645814958444927,1549807873,13,47196,49,8139,0.3971585875634726,1562389977,9,47566,49,8132,1.0705252865383923,1553995845,3,47360,49,8115,0.1749096159808827,1558191369,5,47473,49,8034
0.6637714833381173,1549806957,10,47181,49,8135,0.645814958444927,1549807873,13,47196,49,8139,0.3971585875634726,1562389977,9,47566,49,8132,1.0705252865383923,1553995845,3,47360,49,8115,0.1749096159808827,1558191369,5,47473,49,8034
0.03181085512841184,1558196933,15,47425,49,8174,0.22579954666351282,1560293383,12,47530,49,8071,0.5028257987646397,1545612347,9,47098,49,8150,0.3144374416509718,1560286867,3,47549,49,8119,0.5492304589209367,1547705004,5,47123,49,8111
0.03181085512841184,1558196933,15,47425,49,8174,0.22579954666351282,1560293383,12,47530,49,8071,0.5028257987646397,1545612347,9,47098,49,8150,0.3144374416509718,1560286867,3,47549,49,8119,0.5492304589209367,1547705004,5,47123,49,8111
0.6028808140625517,1547706988,5,47154,49,8094,0.9453738387717879,1554001803,12,47323,49,8073,0.543624046070158,1547708884,8,47114,49,8154,0.4597802635618805,1545607529,3,47100,49,8102,0.9264079334100153,1551899559,5,47281,49,8117
0.2956722639618138,1560292473,9,47534,49,8155,1.0042253163226107,1554002099,12,47349,49,8109,0.856340037879084,1551903045,7,47248,49,8182,1.0342143209766714,1553996545,4,47348,49,8079,0.4918065866360003,1547704942,5,47102,49,8102
0.2956722639618138,1560292473,9,47534,49,8155,1.0042253163226107,1554002099,12,47349,49,8109,0.856340037879084,1551903045,7,47248,49,8182,1.0342143209766714,1553996545,4,47348,49,8079,0.4918065866360003,1547704942,5,47102,49,8102
0.018960551899727358,1556098955,11,47415,49,8118,1.079393845365268,1556099026,11,47388,49,8132,1.1449856501712476,1556098194,9,47370,49,8129,0.35819177130437696,1545607047,3,47064,49,8146,1.2495260516552842,1558190572,5,47425,49,8136
0.018960551899727358,1556098955,11,47415,49,8118,1.079393845365268,1556099026,11,47388,49,8132,1.1449856501712476,1556098194,9,47370,49,8129,0.35819177130437696,1545607047,3,47064,49,8146,1.2495260516552842,1558190572,5,47425,49,8136
0.998416407534586,1553998678,5,47324,49,6,0.026604187664138943,1558195938,11,47446,49,8078,0.21897386410182382,1558194561,8,47489,49,8142,0.9805639148495708,1553996224,3,47330,49,8125,0.8159452188784687,1551899296,5,47244,49,8090
0.998416407534586,1553998678,5,47324,49,6,0.026604187664138943,1558195938,11,47446,49,8078,0.21897386410182382,1558194561,8,47489,49,8142,0.9805639148495708,1553996224,3,47330,49,8125,0.8159452188784687,1551899296,5,47244,49,8090
0.748427663708863,1549807422,11,47215,49,8123,0.1647044089883161,1560294013,13,47508,49,8068,0.45590817717138366,1562389799,9,47590,49,8161,0.43458714901009426,1545607772,4,47091,49,8080,0.46987762280944095,1545608135,5,47093,49,8053
0.748427663708863,1549807422,11,47215,49,8123,0.1647044089883161,1560294013,13,47508,49,8068,0.45590817717138366,1562389799,9,47590,49,8161,0.43458714901009426,1545607772,4,47091,49,8080,0.46987762280944095,1545608135,5,47093,49,8053
1.1415151397652925,1556097886,9,47385,49,8156,0.7212920650894362,1551904134,10,47227,49,8084,0.23549726850235508,1560292084,9,47495,49,8095,0.33881265002180727,1545607003,3,47054,49,8087,0.6293975096393261,1549802084,5,47161,49,8119
1.1415151397652925,1556097886,9,47385,49,8156,0.7212920650894362,1551904134,10,47227,49,8084,0.23549726850235508,1560292084,9,47495,49,8095,0.33881265002180727,1545607003,3,47054,49,8087,0.6293975096393261,1549802084,5,47161,49,8119
0.11034767190648492,1558192380,5,47455,49,11,0.5417801758553444,1547710650,12,47155,49,8177,0.26191352576508703,1560292295,8,47508,49,8116,0.6790680718817942,1549801345,3,47198,49,8109,1.2279038039760934,1558190655,5,47413,49,8142
0.7676018099714578,1549804384,6,47227,49,8160,0.38338305199134626,1562388728,7,47596,49,8056,0.27282689161023255,1560292467,9,47513,49,8135,1.0366624401380713,1553995464,3,47348,49,8147,0.6138946162383517,1547705098,5,47153,49,8042
1.1848637522939387,1556096005,6,47400,49,8127,1.0164640392555278,1553999680,7,47357,49,8056,1.254935346529606,1556097228,8,47420,49,8183,1.0054503220239122,1553996114,3,47342,49,8113,0.8857119203039988,1551899637,5,47264,49,8129
1.1848637522939387,1556096005,6,47400,49,8127,1.0164640392555278,1553999680,7,47357,49,8056,1.254935346529606,1556097228,8,47420,49,8183,0.34381113152459797,1545607172,3,47053,49,8113,0.8857119203039988,1551899637,5,47264,49,8129
0.15247129129698228,1558195553,10,47474,49,8151,0.4247928611141163,1547710475,12,47102,49,8118,1.0658372578837119,1554001219,9,47338,49,8109,1.0625693660564628,1553996178,4,47358,49,8117,1.223925843094707,1556093038,5,47412,49,8128
0.15247129129698228,1558195553,10,47474,49,8151,0.4247928611141163,1547710475,12,47102,49,8118,1.0658372578837119,1554001219,9,47338,49,8109,1.0625693660564628,1553996178,4,47358,49,8117,1.223925843094707,1556093038,5,47412,49,8128
0,1558196910,15,47405,49,8130,0.23803825645517038,1562390735,12,47541,49,8157,0.64980026888676,1547709898,10,47161,49,6,0.1824546910922061,1558189753,3,47499,49,8130,0.26303257216265924,1560287280,5,47513,49,8163
0,1558196910,15,47405,49,8130,0.23803825645517038,1562390735,12,47541,49,8157,0.64980026888676,1547709898,10,47161,49,6,0.1824546910922061,1558189753,3,47499,49,8130,0.26303257216265924,1560287280,5,47513,49,8163
0.4557018921935181,1562389826,10,47605,49,8091,0.29393230615098437,1562390536,12,47561,49,8054,0.6801944898319793,1549805364,7,47175,49,8131,0.3408518094411565,1545607113,3,47058,49,8030,0.9296702377896979,1553996587,5,47289,49,8070
0.4557018921935181,1562389826,10,47605,49,8091,0.29393230615098437,1562390536,12,47561,49,8054,0.6801944898319793,1549805364,7,47175,49,8131,0.3408518094411565,1545607113,3,47058,49,8030,0.9296702377896979,1553996587,5,47289,49,8070
1.0140215340798129,1553999167,6,47331,49,8150,0.46100157244853535,1545609841,5,47107,49,8044,0.7443493163615489,1549806771,9,47202,49,8100,1.0955120603838846,1556092811,3,47379,49,8066,0.4444818613567107,1545607919,6,47078,49,8150
0.3778803351124542,1562387637,6,47568,49,8136,0.5755407740423405,1547709955,11,47168,49,8095,0.8117682970622756,1549805290,7,47229,49,8184,0.3513580932077674,1545607239,3,47059,49,8078,1.112444454213267,1556093656,5,47369,49,8114
0.3778803351124542,1562387637,6,47568,49,8136,0.5755407740423405,1547709955,11,47168,49,8095,0.8117682970622756,1549805290,7,47229,49,8184,0.3513580932077674,1545607239,3,47059,49,8078,1.112444454213267,1556093656,5,47369,49,8114
0.7458773135858326,1549804830,6,47216,49,8099,0.3510500656862566,1562389912,11,47585,49,8130,0.6468428149796861,1547708988,8,47158,49,8181,0.5287272461696855,1547704624,4,47136,49,8040,0.332897800425484,1560287722,5,47548,49,8089
0.9460932262425474,1554002191,13,47301,49,8141,0.7092559537394165,1549807222,11,47225,49,8050,0.7726021229258618,1549802603,3,47213,49,8107,1.1113216691020944,1556093329,3,47382,49,8127,1.1502852614079102,1556094035,5,47382,49,8143
0.446420600463993,1562387781,6,47600,49,8161,0.9483312707721696,1554002137,12,47329,49,8085,0.8406326742360829,1551903656,9,47242,49,8139,0.40123366441875896,1545607153,3,47080,49,8121,0.5997170960967827,1547704504,5,47149,49,8163
0.446420600463993,1562387781,6,47600,49,8161,0.9483312707721696,1554002137,12,47329,49,8085,0.8406326742360829,1551903656,9,47242,49,8139,0.40123366441875896,1545607153,3,47080,49,8121,0.5997170960967827,1547704504,5,47149,49,8163
0.950173422149164,1554001173,10,47301,49,8111,0.9163049863243529,1554002620,13,47315,49,8140,0.713852862637127,1549806341,8,47189,49,8110,0.577481407326806,1547704752,4,47152,49,8062,1.0011694070530939,1553996307,5,47317,49,8055
0.950173422149164,1554001173,10,47301,49,8111,0.9163049863243529,1554002620,13,47315,49,8140,0.713852862637127,1549806341,8,47189,49,8110,0.577481407326806,1547704752,4,47152,49,8062,1.0011694070530939,1553996307,5,47317,49,8055
0.5668765628459539,1547707789,7,47139,49,8132,0.04883986485315268,1558196273,11,47452,49,8104,0.9649643714582113,1551903385,9,47295,49,8118,1.092352019126382,1553995528,3,47368,49,8126,0.5081255164824324,1547704575,4,47111,49,8115
0.5668765628459539,1547707789,7,47139,49,8132,0.04883986485315268,1558196273,11,47452,49,8104,0.9649643714582113,1551903385,9,47295,49,8118,1.092352019126382,1553995528,3,47368,49,8126,0.5081255164824324,1547704575,4,47111,49,8115
0.22335704375056076,1560290395,6,47507,49,8142,0.5660550175035884,1547708108,7,47165,49,8104,1.0470702092464095,1553997831,4,47330,49,8129,0.3574779715439269,1545607327,3,47061,49,8076,1.2488122487842583,1558190797,5,47425,49,8123
0.22335704375056076,1560290395,6,47507,49,8142,0.5660550175035884,1547708108,7,47165,49,8104,1.0470702092464095,1553997831,4,47330,49,8129,0.3574779715439269,1545607327,3,47061,49,8076,1.2488122487842583,1558190797,5,47425,49,8123
0.9053972123528226,1551903641,9,47284,49,8117,0.6692737516550746,1549807550,12,47209,49,8063,0.9471155972619496,1551903857,9,47286,49,8156,0.49751700005946353,1547704452,3,47120,49,8085,0.42816111005467855,1545608059,5,47079,49,8070
0.9053972123528226,1551903641,9,47284,49,8117,0.6692737516550746,1549807550,12,47209,49,8063,0.9471155972619496,1551903857,9,47286,49,8156,0.49751700005946353,1547704452,3,47120,49,8085,0.42816111005467855,1545608059,5,47079,49,8070
0.44407471959179323,1562390367,11,47599,49,8107,0.9173255132511631,1554001708,11,47302,49,8100,0,,,,,,0.8563344901577792,1551898906,4,47274,49,8101,0.7655608219860163,1549802031,5,47219,49,8113
0.44407471959179323,1562390367,11,47599,49,8107,0.9173255132511631,1554001708,11,47302,49,8100,0.8173783318468161,1549805358,7,47230,49,8145,0.8563344901577792,1551898906,4,47274,49,8101,0.7655608219860163,1549802031,5,47219,49,8113
0,1562387308,5,47589,49,8118,0.12360133146243227,1558196352,12,47484,49,8107,0.19327140863759557,1558195001,9,47477,49,8186,0.7925886212222337,1551897998,3,47243,49,8130,0.8736758066846292,1551899745,5,47263,49,8118
0,1547709054,9,47161,49,8186,0.11646145148272993,1558196453,12,47482,49,8062,0.5068037546314816,1545611829,8,47099,49,8133,0.3006670056590375,1560286995,3,47546,49,8091,0.5319932533594408,1547705590,5,47117,49,8097
0.6176699041345773,1547709054,9,47161,49,8186,0.11646145148272993,1558196453,12,47482,49,8062,0.5068037546314816,1545611829,8,47099,49,8133,0.3006670056590375,1560286995,3,47546,49,8091,0.5319932533594408,1547705590,5,47117,49,8097
0.24549048717980182,1560292146,9,47514,49,8151,0.41999887660861784,1547710469,12,47098,49,8083,0.22927566446404543,1560291331,8,47492,49,8151,0.13349791795039778,1558190310,4,47473,49,8068,0.6436772585923517,1549802001,4,47166,49,8064
0.24549048717980182,1560292146,9,47514,49,8151,0.41999887660861784,1547710469,12,47098,49,8083,0.22927566446404543,1560291331,8,47492,49,8151,0.13349791795039778,1558190310,4,47473,49,8068,0.6436772585923517,1549802001,4,47166,49,8064
0.4972139419784662,1547710125,11,47110,49,8102,0,1562388715,7,47584,49,8147,0.3982813428697702,1562388863,8,47563,49,8168,0.6177703166642874,1547703886,3,47164,49,8125,1.284000459473451,1558190969,5,47440,49,8117
0.4972139419784662,1547710125,11,47110,49,8102,0.35410976081769313,1562388715,7,47584,49,8147,0.3982813428697702,1562388863,8,47563,49,8168,0.6177703166642874,1547703886,3,47164,49,8125,1.284000459473451,1558190969,5,47440,49,8117
0.44458406193827243,1564488077,15,47602,49,8127,1.1533411483690599,1556099333,12,47412,49,8103,0.22764358591352687,1560291231,8,47492,49,8178,0.6167498105738022,1547703973,4,47166,49,8145,0.32759446965928596,1562385019,5,47547,49,8116
0.44458406193827243,1564488077,15,47602,49,8127,1.1533411483690599,1556099333,12,47412,49,8103,0.22764358591352687,1560291231,8,47492,49,8178,0.6167498105738022,1547703973,4,47166,49,8145,0.32759446965928596,1562385019,5,47547,49,8116
0.15410336992871052,1558192934,6,47474,49,8149,0.1850013016825451,1560293434,12,47514,49,8129,1.007904033731301,1554001129,9,47314,49,8130,0.12472596213975208,1558190537,3,47470,49,8112,1.2669677292823138,1558191048,5,47433,49,8187
1.0928632048025084,1556100022,16,47366,49,8106,0.33779083133769094,1562390352,11,47576,49,8053,0.5098634420036281,1545612178,9,47101,49,8182,0.6476533593151211,1549800687,3,47183,49,8075,0.8482782087598972,1551899452,5,47258,49,8140
1.0928632048025084,1556100022,16,47366,49,8106,0.33779083133769094,1562390352,11,47576,49,8053,0.5098634420036281,1545612178,9,47101,49,8182,0.6476533593151211,1549800687,3,47183,49,8075,0.8482782087598972,1551899452,5,47258,49,8140
1.2073020431348571,1556094786,5,47412,49,8128,1.1459967840904,1556096570,6,47404,49,8095,0.39093698426863566,1562388022,7,47563,49,8126,0.4941524440648867,1545607145,3,47112,49,8073,0.683250523314469,1549802252,5,47188,49,8117
1.2073020431348571,1556094786,5,47412,49,8128,1.1459967840904,1556096570,6,47404,49,8095,0.39093698426863566,1562388022,7,47563,49,8126,0.4941524440648867,1545607145,3,47112,49,8073,0.683250523314469,1549802252,5,47188,49,8117
0.007026676231394261,1556099497,15,47412,49,8034,0.6074648346913891,1549807923,13,47180,49,8069,1.2646255872687837,1556098011,9,47421,49,8086,1.0902106182504865,1553995779,3,47364,49,8090,0.33687575312581136,,,,,
0.007026676231394261,1556099497,15,47412,49,8034,0.6074648346913891,1549807923,13,47180,49,8069,1.2646255872687837,1556098011,9,47421,49,8086,1.0902106182504865,1553995779,3,47364,49,8090,0.33687575312581136,1562384472,5,47552,49,8113
1.106124316035112,1556098045,10,47364,49,8061,1.0362516242373412,1554001508,11,47356,49,8022,0.7178308199655802,1549807271,10,47190,49,8147,1.2158676583966255,1556092605,3,47420,49,18,0.7760652402449272,1551899243,5,47230,49,8114
1.106124316035112,1556098045,10,47364,49,8061,1.0362516242373412,1554001508,11,47356,49,8022,0.7178308199655802,1549807271,10,47190,49,8147,1.2158676583966255,1556092605,3,47420,49,18,0.7760652402449272,1551899243,5,47230,49,8114
0,1558196091,11,47486,49,8148,0.4541665896791412,1545613804,13,47103,49,8073,0.4896687805038138,1545612813,10,47091,49,8185,1.0865375039304594,1556092298,3,47368,49,8126,0.4025608809438414,1545608011,5,47068,49,8155
0.17082938854911947,1558196091,11,47486,49,8148,0.4541665896791412,1545613804,13,47103,49,8073,0.4896687805038138,1545612813,10,47091,49,8185,1.0865375039304594,1556092298,3,47368,49,8126,0.4025608809438414,1545608011,5,47068,49,8155
0.8991756087985515,1551901798,6,47281,49,8122,0.25446132410236244,1560290317,6,47525,49,8058,1.0938855936645384,1553999482,7,47351,49,8142,0.24171327578515964,1560287648,3,47523,49,8109,0.6133852706061664,1549801948,5,47153,49,8069
0.8991756087985515,1551901798,6,47281,49,8122,0.25446132410236244,1560290317,6,47525,49,8058,1.0938855936645384,1553999482,7,47351,49,8142,0.24171327578515964,1560287648,3,47523,49,8109,0.6133852706061664,1549801948,5,47153,49,8069
0.7625029491814421,1549806846,10,47221,49,8138,0.785751751933735,1551903069,7,47252,49,8118,0.27925297180451025,1560288932,4,47513,49,8108,0.151448926368389,1558190511,3,47480,49,8074,0.3612528394786665,1562385079,5,47561,49,8131
0.7625029491814421,1549806846,10,47221,49,8138,0.785751751933735,1551903069,7,47252,49,8118,0.27925297180451025,1560288932,4,47513,49,8108,0.151448926368389,1558190511,3,47480,49,8074,0.3612528394786665,1562385079,5,47561,49,8131
0.7903468147989733,1551905756,16,47236,49,8104,1.100813513804498,1556098208,10,47387,49,8075,1.175482106465018,1556098065,9,47382,49,8148,0.6665226471169323,1549801705,3,47187,49,8111,0.7777995531871095,1551899207,5,47229,49,8102
0.7903468147989733,1551905756,16,47236,49,8104,1.100813513804498,1556098208,10,47387,49,8075,1.175482106465018,1556098065,9,47382,49,8148,0.6665226471169323,1549801705,3,47187,49,8111,0.7777995531871095,1551899207,5,47229,49,8102
0.8140100939968148,1551904623,11,47244,49,8128,0.578600480893702,1547708473,7,47163,49,8086,0.40970403462945676,1562388773,8,47570,49,8087,0.4259174478272248,1545607022,3,47082,49,8120,0.455904562814343,1545607622,5,47089,49,8156
0.8140100939968148,1551904623,11,47244,49,8128,0.578600480893702,1547708473,7,47163,49,8086,0.40970403462945676,1562388773,8,47570,49,8087,0.4259174478272248,1545607022,3,47082,49,8120,0.455904562814343,1545607622,5,47089,49,8156
0.318008316668892,1560290097,6,47547,49,8175,0.8808100904164999,1554001901,12,47296,49,8067,0.23478346770959332,1560292154,9,47493,49,8149,0.7947300408620356,1549801389,3,47242,49,8084,0.793099817275381,1551898519,4,47231,49,8187
0.4579455411607293,1562390454,11,47607,49,8147,0.42489328703494583,1562388402,7,47606,49,8075,0.7923896794720462,1549805697,7,47218,49,15,0.46651122411225415,1545607576,3,47100,49,8111,0.31606954409178056,1560287671,5,47540,49,8142
0.9513965535263582,1554001643,11,47305,49,8120,0.4575329754152525,1547710626,12,47110,49,8062,0.5605545582800879,1547709671,9,47123,49,8176,0.6410246634017808,1547704195,3,47173,49,8078,1.2966481387064779,1558190304,5,47446,49,8145
0.9513965535263582,1554001643,11,47305,49,8120,0.4575329754152525,1547710626,12,47110,49,8062,0.5605545582800879,1547709671,9,47123,49,8176,0.6410246634017808,1547704195,3,47173,49,8078,1.2966481387064779,1558190304,5,47446,49,8145
0.231619677532316,1560293179,11,47506,49,8129,0.48456079949821884,1547710210,11,47125,49,8062,0.9197810644330294,1551903842,9,47273,49,8166,0.5024132385668436,1547703984,3,47116,49,8110,0.8863234805180525,1551899359,5,47269,49,8154
0.231619677532316,1560293179,11,47506,49,8129,0.48456079949821884,1547710210,11,47125,49,8062,0.9197810644330294,1551903842,9,47273,49,8166,0.5024132385668436,1547703984,3,47116,49,8110,0.8863234805180525,1551899359,5,47269,49,8154
1.1307040138982096,1556098979,11,47379,49,8104,1.2036251715405455,1556096466,6,47419,49,8053,0.5919692816111163,1547708483,7,47135,49,8162,0.8082959935780447,1551898591,3,47245,49,8089,0.7853483714706548,1549802048,5,47227,49,8142
1.1307040138982096,1556098979,11,47379,49,8104,1.2036251715405455,1556096466,6,47419,49,8053,0.5919692816111163,1547708483,7,47135,49,8162,0.8082959935780447,1551898591,3,47245,49,8089,0.7853483714706548,1549802048,5,47227,49,8142
0.9272239426941286,1554002382,14,47294,49,8064,0.7151708694747844,1549807244,11,47224,49,8116,0.4105200745441091,1562388873,8,47570,49,8130,1.171600774882032,1556093161,3,47403,49,8137,0.6296019691620184,1549802018,5,47162,49,8172
0.9272239426941286,1554002382,14,47294,49,8064,0.7151708694747844,1549807244,11,47224,49,8116,0.4105200745441091,1562388873,8,47570,49,8130,1.171600774882032,1556093161,3,47403,49,8137,0.6296019691620184,1549802018,5,47162,49,8172
0.2783328195022556,1560292491,10,47528,49,8187,0.7081332286774766,1549808071,13,47221,49,8106,1.0541078543046878,1554001136,9,47332,49,8134,0.8075821905980889,1551898552,3,47244,49,8071,0.9947433247157477,1553995940,4,47318,49,8186
0.2783328195022556,1560292491,10,47528,49,8187,0.7081332286774766,1549808071,13,47221,49,8106,1.0541078543046878,1554001136,9,47332,49,8134,0.8075821905980889,1551898552,3,47244,49,8071,0.9947433247157477,1553995940,4,47318,49,8186
0,1558193216,6,47438,49,8146,0.9178348505849411,1554002858,13,47309,49,8103,1.2723770335620312,1556096813,7,47424,49,8140,0.3517670693693802,1543509634,3,47049,49,8130,1.080113308692378,1553996509,5,47353,49,8173
0.05996142280198231,1558193216,6,47438,49,8146,0.9178348505849411,1554002858,13,47309,49,8103,1.2723770335620312,1556096813,7,47424,49,8140,0.3517670693693802,1543509634,3,47049,49,8130,1.080113308692378,1553996509,5,47353,49,8173
0,1558196304,11,47438,49,8141,0.7676985115329967,1551905110,13,47245,49,8086,0.1345221470533736,1558194667,8,47452,49,8135,0.7928953390359273,1549800903,3,47236,49,8145,0.9298747034405299,1553996554,5,47290,49,8112
0.06404161813757621,1558196304,11,47438,49,8141,0.7676985115329967,1551905110,13,47245,49,8086,0.1345221470533736,1558194667,8,47452,49,8135,0.7928953390359273,1549800903,3,47236,49,8145,0.9298747034405299,1553996554,5,47290,49,8112
0,1551901602,6,47281,49,8138,0.5875750611850226,1549807692,12,47171,49,8093,0.26650305246642525,1560292763,9,47510,49,8115,1.235655231880026,1556093196,3,47423,49,8132,0.7855528460125233,1549801969,5,47223,49,8103
0,1551901602,6,47281,49,8138,0.5875750611850226,1549807692,12,47171,49,8093,0.26650305246642525,1560292763,9,47510,49,8115,1.235655231880026,1556093196,3,47423,49,8132,0.7855528460125233,1549801969,5,47223,49,8103
0,1562390518,11,47595,49,8106,0.5606494766219087,1547710335,12,47155,49,8059,0.5287327237205658,1545612533,10,47107,49,8177,0.4579437392483227,1545607550,3,47096,49,8130,0.6418407148272491,1549802392,5,47168,49,8131
0.4339773879128422,1562390518,11,47595,49,8106,0.5606494766219087,1547710335,12,47155,49,8059,0.5287327237205658,1545612533,10,47107,49,8177,0.4579437392483227,1545607550,3,47096,49,8130,0.6418407148272491,1549802392,5,47168,49,8131
0.7335363376297819,1549804614,6,47210,49,8148,0.2697597264022128,1560291093,7,47543,49,8117,0.3761478982583157,1562389536,9,47555,49,8158,1.1535475306266094,1556093341,4,47396,49,8060,0.5869690144581534,1547704601,5,47138,49,8079
0.7335363376297819,1549804614,6,47210,49,8148,0.2697597264022128,1560291093,7,47543,49,8117,0.3761478982583157,1562389536,9,47555,49,8158,1.1535475306266094,1556093341,4,47396,49,8060,0.5869690144581534,1547704601,5,47138,49,8079
1.0399284588963227,1556099609,15,47342,49,8160,0.900597648935374,1554001166,11,47302,49,8118,0.5521915347565741,1547709454,9,47117,49,8168,1.108773194344191,1556092658,3,47371,49,8128,1.2446298076560582,1558190712,5,47426,49,8107
0.1954109469805463,1560292150,9,47494,49,14,0.29678752437691636,1562390916,12,47559,49,8083,0.7946333267646932,1549806508,9,47220,49,8167,0.9468051891144218,1553995461,3,47303,49,8148,0.6747852783897148,1549802122,5,47181,49,8129
0.16736261380607845,1558195998,11,47481,49,8159,0.31953252764211126,1562389635,10,47568,49,8122,0.8640914868520011,1551903483,8,47251,49,8061,1.2266787893260256,1556093086,3,47423,49,8114,0.9469092920540638,1553996172,4,47289,49,8104
0.16736261380607845,1558195998,11,47481,49,8159,0.31953252764211126,1562389635,10,47568,49,8122,0.8640914868520011,1551903483,8,47251,49,8061,1.2266787893260256,1556093086,3,47423,49,8114,0.9469092920540638,1553996172,4,47289,49,8104
0.4454000971455402,1545613574,14,47091,49,8182,0.8900932361245649,1551902473,7,47286,49,8078,0.2533460427415319,1560291750,8,47503,49,8170,0.8487875308376877,1551898912,3,47264,49,8123,0.22111156583556354,1560288057,5,47501,49,8055
0.4454000971455402,1545613574,14,47091,49,8182,0.8900932361245649,1551902473,7,47286,49,8078,0.2533460427415319,1560291750,8,47503,49,8170,0.8487875308376877,1551898912,3,47264,49,8123,0.22111156583556354,1560288057,5,47501,49,8055
1.0662424808787703,1554000321,9,47353,49,8137,0.07392889988745134,1558193965,7,47456,49,8026,0.9539487748197293,1551902680,7,47288,49,8118,0.7640309671316623,1549801358,3,47223,49,8090,0.7959550359339692,1551899135,5,47233,49,8129
1.0662424808787703,1554000321,9,47353,49,8137,0.07392889988745134,1558193965,7,47456,49,8026,0.9539487748197293,1551902680,7,47288,49,8118,0.7640309671316623,1549801358,3,47223,49,8090,0.7959550359339692,1551899135,5,47233,49,8129
0.7655626382771012,1549807414,11,47221,49,8119,0.32116460856504575,1562388499,7,47568,49,8141,0.9462995637043432,1551904090,9,47283,49,8136,0.8196164462351466,1551898865,3,47256,49,8159,0.5939044241383419,1547705009,5,47142,49,8141
0.7655626382771012,1549807414,11,47221,49,8119,0.32116460856504575,1562388499,7,47568,49,8141,0.9462995637043432,1551904090,9,47283,49,8136,0.8196164462351466,1551898865,3,47256,49,8159,0.5939044241383419,1547705009,5,47142,49,8141
1.1007168916853598,1556099955,15,47367,49,8123,0,1551905152,13,47249,49,8062,0.7922874491640238,1549806479,8,47217,49,8097,0.07546247193068308,1558190113,3,47448,49,8124,0.2505893642165303,1560287365,5,47508,49,8158
1.1118347329045708,1556099060,13,47370,49,8179,0.02078969342038765,1558196741,13,47441,49,8048,1.2245411369549528,1556097703,8,47403,49,8115,0.8244104438419996,1551899037,4,47257,49,8101,0.35870248498465396,1562384477,5,47560,49,8106
1.1118347329045708,1556099060,13,47370,49,8179,0.02078969342038765,1558196741,13,47441,49,8048,1.2245411369549528,1556097703,8,47403,49,8115,0.8244104438419996,1551899037,4,47257,49,8101,0.35870248498465396,1562384477,5,47560,49,8106
0.22753948412254388,1560290020,6,47504,49,8100,1.0158524982017823,1553999747,7,47349,49,8140,0.7654622514645706,1549806338,8,47208,49,8115,0.8831596952675107,1551898897,3,47281,49,8111,0.8494009602828039,1551899627,5,47253,49,8088
0.22753948412254388,1560290020,6,47504,49,8100,1.0158524982017823,1553999747,7,47349,49,8140,0.7654622514645706,1549806338,8,47208,49,8115,0.8831596952675107,1551898897,3,47281,49,8111,0.8494009602828039,1551899627,5,47253,49,8088
0.8304312646185219,1551904729,11,47249,49,8103,0.06393381627330474,1558194049,7,47458,49,8095,0.603596458619562,1547709297,8,47139,49,8078,0,1558189466,3,47493,49,8121,0.4517239640139252,1545607736,5,47080,49,8087
0.3656397386072656,1562390361,11,47566,49,8162,0.9948418172346506,1553999489,6,47338,49,8131,1.2175034937399027,1556098346,9,47400,49,8090,0.8847917736253389,1551898601,3,47281,49,8164,0.3596207645430941,1562385320,5,47559,49,8101
0.3656397386072656,1562390361,11,47566,49,8162,0.9948418172346506,1553999489,6,47338,49,8131,1.2175034937399027,1556098346,9,47400,49,8090,0.8847917736253389,1551898601,3,47281,49,8164,0.3596207645430941,1562385320,5,47559,49,8101
0.8969319684608195,1551903291,9,47277,49,8174,1.0056529401547871,1553999836,7,47344,49,8080,1.2450425036989994,1556096569,7,47410,49,8135,0.23865359734706848,1560287722,4,47520,49,8103,1.0750125996237883,1556093477,5,4735,49,8160
0.8969319684608195,1551903291,9,47277,49,8174,1.0056529401547871,1553999836,7,47344,49,8080,1.2450425036989994,1556096569,7,47410,49,8135,0.23865359734706848,1560287722,4,47520,49,8103,1.0750125996237883,1556093477,5,47353,49,8160
0.8319611067427111,1551901754,6,47250,49,8073,0.10207946644390557,1558196083,11,47475,49,8069,0.5542307248257535,1547709454,9,47119,49,8150,0.19428820844219838,1558190284,3,47491,49,8084,1.169461260065688,1556093574,5,47387,49,8110
0.8319611067427111,1551901754,6,47250,49,8073,0.10207946644390557,1558196083,11,47475,49,8069,0.5542307248257535,1547709454,9,47119,49,8150,0.19428820844219838,1558190284,3,47491,49,8084,1.169461260065688,1556093574,5,47387,49,8110
0.5698340112163262,1547707221,6,47144,49,8132,0.7254726661746373,1549805669,7,47219,49,8040,0.6591837950087427,1547709183,9,47164,49,8139,0.33993542107485986,1543509841,3,47047,49,8149,1.2142374735023698,1556093509,5,47404,49,8123
0.3673740490646802,1562390176,10,47569,49,8125,0.16246079215915007,1560293518,12,47499,49,8111,0.8069743025248004,1549806254,8,47227,49,8138,0.46049408444714457,1545607416,3,47095,49,8087,0.16940181275092697,1558190287,5,47472,49,8142
0.4550903137039697,1547710650,13,47093,49,8092,0.13441246762854703,1558196840,13,47486,49,8062,1.1985319649399062,1556097662,8,47396,49,8105,0.9548614846038233,1553995788,4,47312,49,8171,0.6542839224027286,1549802180,5,47174,49,8078
1.1728276263736026,1556095942,6,47400,49,8128,0.4286686064699845,1545611145,7,47097,49,8101,1.1760936704471534,1556096905,7,47384,49,8151,0.8857100549877199,1551899085,3,47278,49,8118,0.6894739662434423,1549801660,5,47181,49,8131
1.1728276263736026,1556095942,6,47400,49,8128,0.4286686064699845,1545611145,7,47097,49,8101,1.1760936704471534,1556096905,7,47384,49,8151,0.8857100549877199,1551899085,3,47278,49,8118,0.6894739662434423,1549801660,5,47181,49,8131
0.29546778238881294,1560293909,14,47538,49,8134,0.25558220416360344,1560290568,6,47538,49,8083,0.9828131468742629,1553999665,7,47303,49,8181,0.4877263824474491,1547703487,3,47108,49,8114,0.464778748543102,1545608010,5,47088,49,8122
0.29546778238881294,1560293909,14,47538,49,8134,0.25558220416360344,1560290568,6,47538,49,8083,0.9828131468742629,1553999665,7,47303,49,8181,0.4877263824474491,1547703487,3,47108,49,8114,0.464778748543102,1545608010,5,47088,49,8122
0,1556096262,6,47395,49,8117,0.4135728199455489,1562388255,7,47605,49,8103,0.39491494689559276,1562389393,9,47563,49,8091,0.15603845789299903,1558190347,4,47480,49,8090,1.272373295987985,1558190886,5,47434,49,8138
1.1627303019749387,1556096262,6,47395,49,8117,0.4135728199455489,1562388255,7,47605,49,8103,0.39491494689559276,1562389393,9,47563,49,8091,0.15603845789299903,1558190347,4,47480,49,8090,1.272373295987985,1558190886,5,47434,49,8138
0.29771142445026266,1560292227,9,47540,49,8169,0.43845923186304,1562387528,6,47609,49,8050,0.2641571714266625,1560292387,9,47509,49,8111,1.181902577298831,1556093056,3,47406,49,8115,1.2654378936862782,1558190807,5,47430,49,8095
0.29771142445026266,1560292227,9,47540,49,8169,0.43845923186304,1562387528,6,47609,49,8050,0.2641571714266625,1560292387,9,47509,49,8111,1.181902577298831,1556093056,3,47406,49,8115,1.2654378936862782,1558190807,5,47430,49,8095
0.8381827016529247,1551905708,17,47257,49,8131,0.8498043219520286,1551901932,6,47272,49,8066,0.3987906691857079,1562389401,8,47565,49,8127,0.20948438746182166,1558189773,3,47500,49,8084,0.4802816445890719,1547705143,5,47096,49,8097
0.8381827016529247,1551905708,17,47257,49,8131,0.8498043219520286,1551901932,6,47272,49,8066,0.3987906691857079,1562389401,8,47565,49,8127,0.20948438746182166,1558189773,3,47500,49,8084,0.4802816445890719,1547705143,5,47096,49,8097
0.2813924972035138,1560290083,6,47532,49,8129,0.16154251281327028,1560294002,13,47500,49,8157,0.6302171843261473,1547708889,8,47152,49,8159,0.6166475846126918,1547704505,3,47164,49,8097,1.0557362287015528,1553996309,5,47342,49,8129
0.2813924972035138,1560290083,6,47532,49,8129,0.16154251281327028,1560294002,13,47500,49,8157,0.6302171843261473,1547708889,8,47152,49,8159,0.6166475846126918,1547704505,3,47164,49,8097,1.0557362287015528,1553996309,5,47342,49,8129
0.17490958127061645,1558195795,11,47488,49,8084,0.46110199668093954,1547710646,12,47115,49,8142,0.37461805695453565,1562388432,8,47554,49,8150,0.28455256949926966,1560287000,3,47532,49,8118,0.18928975134597043,1558189978,4,47485,49,8120
0.392567567045826,1562387611,6,47578,49,8078,0.9461898916536852,1554000010,7,47319,49,8166,0.7152804740355866,1549806795,9,47190,49,8105,0.433566663065699,1545607697,3,47087,49,8079,0.23039471418323768,1560287770,5,47498,49,8153
0.392567567045826,1562387611,6,47578,49,8078,0.9461898916536852,1554000010,7,47319,49,8166,0.7152804740355866,1549806795,9,47190,49,8105,0.433566663065699,1545607697,3,47087,49,8079,0.23039471418323768,1560287770,5,47498,49,8153
0.0662852603672894,1558193009,6,47441,49,8116,0.1975467568386266,1560291271,7,47507,49,8050,0.2484498063780545,1560292234,9,47503,49,8134,0.5068001256084526,1547703834,3,47113,49,8112,0.36074352238708507,1562385039,5,47556,49,8055
0.0662852603672894,1558193009,6,47441,49,8116,0.1975467568386266,1560291271,7,47507,49,8050,0.2484498063780545,1560292234,9,47503,49,8134,0.5068001256084526,1547703834,3,47113,49,8112,0.36074352238708507,1562385039,5,47556,49,8055
0.2241730787488958,1560293357,11,47509,49,8122,0.8556188351713703,1551904838,12,47279,49,8073,0.4158237401202522,1562388839,8,47574,49,13,0.7040567366036937,1549801735,3,47203,49,8102,0.9613916706626607,1553996502,4,47299,49,8107
0.2241730787488958,1560293357,11,47509,49,8122,0.8556188351713703,1551904838,12,47279,49,8073,0.4158237401202522,1562388839,8,47574,49,13,0.7040567366036937,1549801735,3,47203,49,8102,0.9613916706626607,1553996502,4,47299,49,8107
0.36431436754442675,1562390323,11,47567,49,8137,0.4725265292841889,1547711182,13,47115,49,8070,0.6840702157800425,1549805873,8,47176,49,8126,1.0160588554623986,,,,,8148,0.34442272201193974,1545607634,5,47044,49,8116
0.05496480069323917,1558196540,15,47432,49,8135,0.1736808718389995,1560292836,10,47501,49,8100,0.9921966710652446,1554000083,7,47307,49,8118,0.2409994836212994,1560287457,3,47519,49,8064,1.2112781573824534,1556093272,4,47409,49,8130
0.05496480069323917,1558196540,15,47432,49,8135,0.1736808718389995,1560292836,10,47501,49,8100,0.9921966710652446,1554000083,7,47307,49,8118,0.2409994836212994,1560287457,3,47519,49,8064,1.2112781573824534,1556093272,4,47409,49,8130
0.29648829946561883,1560290497,6,47536,49,8135,0.020280371246878585,1558196759,13,47437,49,8092,0.22845962696298214,1558193765,7,47491,49,8123,0.5131221374721913,1547704435,3,47123,49,8081,0.9368101140067526,1553996429,5,47292,49,8174
0.12666659712266817,1558193238,6,47465,49,8145,0.09290042287837874,1558194329,7,47461,49,8073,0.3970563507881994,1562389284,9,47566,49,8125,1.0003514927636676,1553996135,3,47330,49,8077,0.5043520252127537,1545607485,5,47108,49,8090
0.482118150148341,1547710387,11,47108,49,8070,0.4333603736722559,1562388283,7,47601,49,8121,1.0514552628424108,1554000906,8,47334,49,8130,0.2314114833816865,1560287521,3,47517,49,8135,0.5844186681419302,1549801919,4,47139,49,8074
0.482118150148341,1547710387,11,47108,49,8070,0.4333603736722559,1562388283,7,47601,49,8121,1.0514552628424108,1554000906,8,47334,49,8130,0.2314114833816865,1560287521,3,47517,49,8135,0.5844186681419302,1549801919,4,47139,49,8074
1.11367128026375,1556099106,14,47372,49,8159,1.2322850588632968,1558196615,13,47432,49,8058,0.7670943243061816,1549805918,7,47210,49,8108,0.19897811045728364,1558189811,3,47499,49,8098,1.1864939877620866,1556093633,5,47396,49,8099
0.5441315547625252,1547710290,11,47132,49,8093,0.9014136952676197,1554001693,11,47300,49,8054,0.5261823800463122,1547708829,8,47108,49,8131,0.2385513640395983,1560287629,3,47519,49,8100,0.6355168771486694,1549802041,5,47166,49,8097
0.5441315547625252,1547710290,11,47132,49,8093,0.9014136952676197,1554001693,11,47300,49,8054,0.5261823800463122,1547708829,8,47108,49,8131,0.2385513640395983,1560287629,3,47519,49,8100,0.6355168771486694,1549802041,5,47166,49,8097
0.5762600863666705,1547707404,6,47143,49,8171,0.9241586971414598,1554001677,11,47301,49,8032,0.9945425539961148,1553999448,7,47307,49,8108,0.8634743801836393,1551898709,3,47272,49,8090,0.7046701577426743,1549802642,5,47192,49,8135
0.5762600863666705,1547707404,6,47143,49,8171,0.9241586971414598,1554001677,11,47301,49,8032,0.9945425539961148,1553999448,7,47307,49,8108,0.8634743801836393,1551898709,3,47272,49,8090,0.7046701577426743,1549802642,5,47192,49,8135
0.041501086531267564,1556097844,9,47426,49,8189,0.7163958605233305,1549805769,7,47218,49,8115,0.8359409157153377,1551903546,9,47238,49,8114,0.18602558057511914,1558190486,3,47490,49,8113,0.3148445532934983,1562384931,5,47542,49,8080
0.041501086531267564,1556097844,9,47426,49,8189,0.7163958605233305,1549805769,7,47218,49,8115,0.8359409157153377,1551903546,9,47238,49,8114,0.18602558057511914,1558190486,3,47490,49,8113,0.3148445532934983,1562384931,5,47542,49,8080
0.09066234908823396,1558195080,9,47448,49,8096,0.754643748868847,1551904579,12,47235,49,8130,0.18694757174675297,1558195221,9,47473,49,8173,0.8057456409913705,1551898637,3,47246,49,8063,0.5174068118969862,1547705378,5,47114,49,8117
0.09066234908823396,1558195080,9,47448,49,8096,0.754643748868847,1551904579,12,47235,49,8130,0.18694757174675297,1558195221,9,47473,49,8173,0.8057456409913705,1551898637,3,47246,49,8063,0.5174068118969862,1547705378,5,47114,49,8117
0,1547707739,6,47149,49,8096,1.0000429070224528,1554001852,11,47341,49,8114,0.33218772347887293,1560292601,9,47537,49,8123,0.2044859113475635,1560287266,4,47501,49,8143,0.7089548219829226,1549801615,5,47188,49,8122
0.5927834855531329,1547707739,6,47149,49,8096,1.0000429070224528,1554001852,11,47341,49,8114,0.33218772347887293,1560292601,9,47537,49,8123,0.2044859113475635,1560287266,4,47501,49,8143,0.7089548219829226,1549801615,5,47188,49,8122
0,1558193332,6,47443,49,8092,0.7599470751862865,1551904930,12,47239,49,8064,0.26568701492337865,1560291655,8,47509,49,8160,0.4667156888631725,1545607440,3,47098,49,8127,0.6317433929292672,1549801785,4,47161,49,8134
0.07811690560497558,1558193332,6,47443,49,8092,0.7599470751862865,1551904930,12,47239,49,8064,0.26568701492337865,1560291655,8,47509,49,8160,0.4667156888631725,1545607440,3,47098,49,8127,0.6317433929292672,1549801785,4,47161,49,8134
0,1549806331,9,47223,49,8089,0.4727291708829227,1547710607,12,47119,49,8056,0.2071422257843758,1558194325,8,47483,49,8166,0.6498970137477786,1549801620,3,47182,49,8044,0.5096553647205199,1547705289,5,47110,49,8140
0.7647465953454867,1549806331,9,47223,49,8089,0.4727291708829227,1547710607,12,47119,49,8056,0.2071422257843758,1558194325,8,47483,49,8166,0.6498970137477786,1549801620,3,47182,49,8044,0.5096553647205199,1547705289,5,47110,49,8140
0,1560290528,6,47514,49,8155,0.1828599211434526,1560293989,13,47505,49,8084,0.15471680351047848,1558194811,8,47461,49,8137,0.9635312051851888,1553995924,3,47315,49,8082,0.4790566838946398,1547704777,5,47098,49,8127
0.23651405073637935,1560290528,6,47514,49,8155,0.1828599211434526,1560293989,13,47505,49,8084,0.15471680351047848,1558194811,8,47461,49,8137,0.9635312051851888,1553995924,3,47315,49,8082,0.4790566838946398,1547704777,5,47098,49,8127
0,1551904520,11,47276,49,8097,1.0671551461053894,1556099163,12,47374,49,8102,1.290939606079751,1558194317,8,47433,49,8183,0.05343127577303123,1558190048,3,47438,49,8066,0.4780361815558028,1547704259,5,47100,49,8115
0.8907103603760141,1551904520,11,47276,49,8097,1.0671551461053894,1556099163,12,47374,49,8102,1.290939606079751,1558194317,8,47433,49,8183,0.05343127577303123,1558190048,3,47438,49,8066,0.4780361815558028,1547704259,5,47100,49,8115
0,1560292829,10,47540,49,8104,0.7341423816822126,1549807615,12,47231,49,8078,1.2001640464276615,1556095113,4,47395,49,8174,0.3560498712300787,1545607384,4,47055,49,8164,0.5212825354290161,1547704764,5,47116,49,8058
0.30485131034604446,1560292829,10,47540,49,8104,0.7341423816822126,1549807615,12,47231,49,8078,1.2001640464276615,1556095113,4,47395,49,8174,0.3560498712300787,1545607384,4,47055,49,8164,0.5212825354290161,1547704764,5,47116,49,8058
0,1551904372,11,47294,49,8126,0.41489819200924627,1545613008,12,47097,49,8129,1.1524303860163256,1556098101,9,47375,49,8124,0.6939594106515223,1549801937,3,47198,49,8100,0.6445937030867731,1549801687,5,47171,49,8125
0.9280399818473534,1551904372,11,47294,49,8126,0.41489819200924627,1545613008,12,47097,49,8129,1.1524303860163256,1556098101,9,47375,49,8124,0.6939594106515223,1549801937,3,47198,49,8100,0.6445937030867731,1549801687,5,47171,49,8125
1.074198398771194,1554000740,9,47356,49,8181,1.1737402818857805,1556096986,7,47409,49,8084,0.3385115611704349,1560291087,7,47541,49,8157,1.090822188524379,1553995751,3,47363,49,8147,0.9234486374056676,1551899445,5,47285,49,8162
1.074198398771194,1554000740,9,47356,49,8181,1.1737402818857805,1556096986,7,47409,49,8084,0.3385115611704349,1560291087,7,47541,49,8157,1.090822188524379,1553995751,3,47363,49,8147,0.9234486374056676,1551899445,5,47285,49,8162
0.537196151396413,1547710040,11,47125,49,8080,1.1503837191621342,1556098723,11,47406,49,8114,0.954764808205609,1551902595,7,47291,49,8182,0.699262740354721,1549801593,3,47202,49,8084,0.3613550890015742,1562385231,5,47556,49,8141
0.537196151396413,1547710040,11,47125,49,8080,1.1503837191621342,1556098723,11,47406,49,8114,0.954764808205609,1551902595,7,47291,49,8182,0.699262740354721,1549801593,3,47202,49,8084,0.3613550890015742,1562385231,5,47556,49,8141
1.0986777233423326,1556099898,16,47364,49,8104,0.8844831979565816,1551905100,12,47285,49,8055,0.8981569565529806,1551903584,8,47270,49,8123,1.2063819036033339,1556093304,3,47414,49,8110,0.503943097897257,1547704872,5,47111,49,8117
1.0986777233423326,1556099898,16,47364,49,8104,0.8844831979565816,1551905100,12,47285,49,8055,0.8981569565529806,1551903584,8,47270,49,8123,1.2063819036033339,1556093304,3,47414,49,8110,0.503943097897257,1547704872,5,47111,49,8117
1.0599186376118908,1554000999,10,47352,49,8112,0.9225266077970717,1553999128,6,47312,49,8142,0.3518730459168475,1560292039,9,47546,49,8170,0.9658770857461939,1553996275,4,47316,49,8106,1.190572315856611,1556093703,5,47403,49,8118
1.0599186376118908,1554000999,10,47352,49,8112,0.9225266077970717,1553999128,6,47312,49,8142,0.3518730459168475,1560292039,9,47546,49,8170,0.9658770857461939,1553996275,4,47316,49,8106,1.190572315856611,1556093703,5,47403,49,8118
0.3728818576585063,1562390132,10,47568,49,8128,0.7108880512039951,1549805613,7,47219,49,8062,0.547397539278233,1547709576,9,47117,49,8102,0.34789134809336647,1543509253,3,47047,49,8129,0.20877060138585463,1560287997,5,47493,49,8090
0.3728818576585063,1562390132,10,47568,49,8128,0.7108880512039951,1549805613,7,47219,49,8062,0.547397539278233,1547709576,9,47117,49,8102,0.34789134809336647,1543509253,3,47047,49,8129,0.20877060138585463,1560287997,5,47493,49,8090
1.1970002425263213,1556095805,6,47408,49,8130,1.0251337801599703,1553999431,6,47354,49,8084,0.8179899018970732,1549805085,7,47232,49,18,0.49007226310420643,1545606970,3,47109,49,8134,0.8530722139207362,1551899738,5,47256,49,8101
1.1970002425263213,1556095805,6,47408,49,8130,1.0251337801599703,1553999431,6,47354,49,8084,0.8179899018970732,1549805085,7,47232,49,18,0.49007226310420643,1545606970,3,47109,49,8134,0.8530722139207362,1551899738,5,47256,49,8101
0.05506704271860843,1558194951,9,47428,49,8085,0.28689468519839595,1562390075,11,47552,49,8071,0.48232444446107686,1545612298,9,47091,49,8125,0.4200007203332221,1545606892,3,47084,49,8110,0.7722936019096941,1549802345,5,47216,49,8078
0.05506704271860843,1558194951,9,47428,49,8085,0.28689468519839595,1562390075,11,47552,49,8071,0.48232444446107686,1545612298,9,47091,49,8125,0.4200007203332221,1545606892,3,47084,49,8110,0.7722936019096941,1549802345,5,47216,49,8078
0.3251482004508361,1560292301,10,47548,49,8151,1.2077034661130093,1558196149,11,47440,49,8097,0.4140894334017437,1562389787,9,47576,49,8118,1.1024493533316346,1553995588,3,47369,49,8111,1.0630805865933177,1553996186,5,47341,49,8126
0.3251482004508361,1560292301,10,47548,49,8151,1.2077034661130093,1558196149,11,47440,49,8097,0.4140894334017437,1562389787,9,47576,49,8118,1.1024493533316346,1553995588,3,47369,49,8111,1.0630805865933177,1553996186,5,47341,49,8126
0.29485622634590325,1560293272,11,47533,49,8155,0.5216877671774655,1547710149,11,47134,49,8043,0.15481903589570575,1558194139,7,47462,49,17,0.5405588996787444,1547704629,3,47134,49,8112,1.0498213412009587,1553996255,5,47335,49,8141
0.1954109514489943,1560292781,10,47492,49,8119,0.8600038657229369,1551904996,12,47289,49,8066,0.9836291840454746,1554001361,10,47304,49,8126,0.8484808209782996,1551898233,3,47267,49,8075,1.0740943242903254,1553995948,5,47353,49,8125
0.1954109514489943,1560292781,10,47492,49,8119,0.8600038657229369,1551904996,12,47289,49,8066,0.9836291840454746,1554001361,10,47304,49,8126,0.8484808209782996,1551898233,3,47267,49,8075,1.0740943242903254,1553995948,5,47353,49,8125
0.360131932174458,1562387652,6,47566,49,8090,0.4380521118616276,1547707839,7,47106,49,8080,0.3840015849117672,1562388224,7,47556,49,8149,0.3367735056646922,1543509750,3,47044,49,8090,0.26762209557539623,1560287326,5,47516,49,8103
0.360131932174458,1562387652,6,47566,49,8090,0.4380521118616276,1547707839,7,47106,49,8080,0.3840015849117672,1562388224,7,47556,49,8149,0.3367735056646922,1543509750,3,47044,49,8090,0.26762209557539623,1560287326,5,47516,49,8103
0.6154262565515999,1547708998,9,47159,49,8107,1.1484467884539786,1556098958,12,47405,49,8056,1.1554900707462583,1556098295,9,47376,49,8159,1.0832733500013252,1553995969,3,47366,49,8105,0.7573000441171153,1549802438,5,47211,49,8113
0.581054081032547,1547707344,6,47144,49,8166,0.1118719264232073,1558196288,12,47480,49,8049,0.5519870753936172,1547709626,9,47117,49,8095,0.3304496615021511,1560286997,3,47555,49,8141,0.8787746601383899,1551899236,5,47270,49,8049
0.581054081032547,1547707344,6,47144,49,8166,0.1118719264232073,1558196288,12,47480,49,8049,0.5519870753936172,1547709626,9,47117,49,8095,0.3304496615021511,1560286997,3,47555,49,8141,0.8787746601383899,1551899236,5,47270,49,8049
0,1560292351,10,47543,49,8143,0.7443419286177974,1551904398,11,47239,49,8084,0.2237678682986272,1558194602,8,47487,49,8164,1.1018359160770699,1556092796,3,47376,49,8067,0.1727663462657271,1558190489,5,47480,49,8158
0.31107291304727164,1560292351,10,47543,49,8143,0.7443419286177974,1551904398,11,47239,49,8084,0.2237678682986272,1558194602,8,47487,49,8164,1.1018359160770699,1556092796,3,47376,49,8067,0.1727663462657271,1558190489,5,47480,49,8158
0,1547707210,5,47125,49,8099,0.10830105006744903,1558193909,7,47483,49,8148,1.132133498173529,1556098169,9,47365,49,8108,0.6554048103959016,1549801592,3,47185,49,8104,0.7523015736784271,1549802254,5,47214,49,8146
0.5356663060829138,1547707210,5,47125,49,8099,0.10830105006744903,1558193909,7,47483,49,8148,1.132133498173529,1556098169,9,47365,49,8108,0.6554048103959016,1549801592,3,47185,49,8104,0.7523015736784271,1549802254,5,47214,49,8146
0,1549804411,6,47199,49,8138,0,1549808101,13,47177,49,,0.8662329020533878,1551903065,7,47252,49,8138,0.21427651595665095,1560286981,3,47510,49,8142,1.3239826696865904,1558191239,5,47457,49,8120
0.7133416841509918,1549804411,6,47199,49,8138,0.5915530011529586,1549808101,13,47177,49,8128,0.8662329020533878,1551903065,7,47252,49,8138,0.21427651595665095,1560286981,3,47510,49,8142,1.3239826696865904,1558191239,5,47457,49,8120
0,1551904497,11,47253,49,8132,1.0322736477101406,1556099308,12,47360,49,8056,0.5409714761524795,1547708867,8,47113,49,8144,0.9481305530254707,1553995749,3,47307,49,8117,0.7228256315266188,1549802404,5,47199,49,8142
0.8359390607885557,1551904497,11,47253,49,8132,1.0322736477101406,1556099308,12,47360,49,8056,0.5409714761524795,1547708867,8,47113,49,8144,0.9481305530254707,1553995749,3,47307,49,8117,0.7228256315266188,1549802404,5,47199,49,8142
0,1554001377,11,47346,49,8107,0.5873724175234876,1549807760,12,47170,49,8122,0.9759799791178985,1551903602,9,47296,49,8086,1.2186206239733004,1556093168,3,47423,49,8136,0.6633607393401311,1549801544,5,47182,49,8090
1.0541059841293736,1554001377,11,47346,49,8107,0.5873724175234876,1549807760,12,47170,49,8122,0.9759799791178985,1551903602,9,47296,49,8086,1.2186206239733004,1556093168,3,47423,49,8136,0.6633607393401311,1549801544,5,47182,49,8090
0,1556098836,11,47383,49,8149,0.8602083418775197,1551904002,11,47287,49,8120,0.5855432159080348,1547710033,10,47132,49,8178,0.7104828072124884,1549801611,3,47205,49,8139,1.2459551647398952,1558190801,5,47430,49,8130
1.146615855980443,1556098836,11,47383,49,8149,0.8602083418775197,1551904002,11,47287,49,8120,0.5855432159080348,1547710033,10,47132,49,8178,0.7104828072124884,1549801611,3,47205,49,8139,1.2459551647398952,1558190801,5,47430,49,8130
0,1556098936,11,47401,49,8093,1.013506604817969,1554002258,13,47352,49,8089,0.20632619032706848,1558195589,9,47481,49,8083,0.2220279583768228,1560287157,3,47514,49,8111,0.6379649890228387,1549801853,5,47167,49,8144
1.173643664143278,1556098936,11,47401,49,8093,1.013506604817969,1554002258,13,47352,49,8089,0.20632619032706848,1558195589,9,47481,49,8083,0.2220279583768228,1560287157,3,47514,49,8111,0.6379649890228387,1549801853,5,47167,49,8144
0,1556098642,10,47387,49,8143,1.150281465280192,1556097059,7,47411,49,8087,1.0218770912036075,1554001096,9,47317,49,8133,1.0145290089180197,1553996211,3,47337,49,8048,1.2665587711513053,1558191170,5,47436,49,8096
1.147329650997746,1556098642,10,47387,49,8143,1.150281465280192,1556097059,7,47411,49,8087,1.0218770912036075,1554001096,9,47317,49,8133,1.0145290089180197,1553996211,3,47337,49,8048,1.2665587711513053,1558191170,5,47436,49,8096
0.6524510070414302,1549804588,6,47175,49,8099,0.9719945590174238,1554002315,13,47327,49,8036,1.0030078066643962,1553999944,7,47310,49,8181,0.5372947418085013,1547704817,3,47136,49,8098,0.8632717653136294,1551899488,5,47264,49,8122
0.6524510070414302,1549804588,6,47175,49,8099,0.9719945590174238,1554002315,13,47327,49,8036,1.0030078066643962,1553999944,7,47310,49,8181,0.5372947418085013,1547704817,3,47136,49,8098,0.8632717653136294,1551899488,5,47264,49,8122
0.9378324450291551,1554002844,16,47297,49,8127,0.548104020011811,1547708574,7,47155,49,8087,0.29771331367096204,1560292485,9,47521,49,8133,0.9264060599308781,1551898683,3,47297,49,8048,1.2006696276915876,1558190404,5,47412,49,8149
0.9378324450291551,1554002844,16,47297,49,8127,0.548104020011811,1547708574,7,47155,49,8087,0.29771331367096204,1560292485,9,47521,49,8133,0.9264060599308781,1551898683,3,47297,49,8048,1.2006696276915876,1558190404,5,47412,49,8149
0.5107798796310541,1547711591,16,47116,49,8076,0.060874121374841245,1558196453,13,47460,49,8115,0.682642611231324,1549806174,8,47171,49,8,1.200669616648175,1556093247,3,47416,49,8095,0.33871230908076105,1562385141,5,47551,49,8039
0.5107798796310541,1547711591,16,47116,49,8076,0.060874121374841245,1558196453,13,47460,49,8115,0.682642611231324,1549806174,8,47171,49,8,1.200669616648175,1556093247,3,47416,49,8095,0.33871230908076105,1562385141,5,47551,49,8039
1.0705271438433182,1554001364,11,47356,49,8113,0.5184236140281626,1547710238,11,47134,49,7987,0.8218656328759412,1549806871,10,47230,49,8132,1.2125012599228495,1556092600,3,47420,49,8071,0.3510532740404657,1562385273,5,47558,49,8085
1.0705271438433182,1554001364,11,47356,49,8113,0.5184236140281626,1547710238,11,47134,49,7987,0.8218656328759412,1549806871,10,47230,49,8132,1.2125012599228495,1556092600,3,47420,49,8071,0.3510532740404657,1562385273,5,47558,49,8085
0.6723389617186738,1549807198,11,47188,49,8129,0.14746721398324425,1560293665,12,47499,49,8091,0.1462515579095613,1558194204,7,47454,49,8115,0.6516313195630391,1549801489,3,47183,49,8146,0.6364333055073652,1549801834,5,47176,49,8121
0.6723389617186738,1549807198,11,47188,49,8129,0.14746721398324425,1560293665,12,47499,49,8091,0.1462515579095613,1558194204,7,47454,49,8115,0.6516313195630391,1549801489,3,47183,49,8146,0.6364333055073652,1549801834,5,47176,49,8121
0.9000938774813385,1554002455,15,47283,49,8109,0.10289548203956436,1558196603,13,47482,49,8035,1.1470248258658169,1556098291,9,47370,49,8154,0.3392216206325589,1560286841,3,47558,49,8142,0.3296336295886972,1562384667,5,47552,49,8138
0.9000938774813385,1554002455,15,47283,49,8109,0.10289548203956436,1558196603,13,47482,49,8035,1.1470248258658169,1556098291,9,47370,49,8154,0.3392216206325589,1560286841,3,47558,49,8142,0.3296336295886972,1562384667,5,47552,49,8138
0,1549807553,11,47184,49,8121,0.8236947641630343,1551904616,11,47271,49,8050,0.8399188773592248,1551903232,8,47237,49,8179,0.44998782180616165,1545606876,3,47096,49,8118,0.42245065590527253,1545608102,5,47074,49,8078
0.6743799739028988,1549807553,11,47184,49,8121,0.8236947641630343,1551904616,11,47271,49,8050,0.8399188773592248,1551903232,8,47237,49,8179,0,1545606876,3,,49,8118,0.42245065590527253,1545608102,5,47074,49,8078
0,1547710109,10,47112,49,8139,0.9743404327880059,1554002287,13,47338,49,8101,0.20887654429809593,1558193985,7,47480,49,8150,0.11024173027830891,1558190619,3,47467,49,8126,1.1721119783244678,1556093687,5,47396,49,8130
0.5046605065631561,1547710109,10,47112,49,8139,0.9743404327880059,1554002287,13,47338,49,8101,0.20887654429809593,1558193985,7,47480,49,8150,0.11024173027830891,1558190619,3,47467,49,8126,1.1721119783244678,1556093687,5,47396,49,8130
1.072159212342801,1556098923,12,47361,49,8038,0.8650023341157023,1554002264,13,47290,49,8102,1.1534508992332315,1556097597,8,47374,49,8113,0.9469055598095332,1553995770,3,47312,49,8101,0.8279813189247189,1551899498,5,47250,49,8174
1.072159212342801,1556098923,12,47361,49,8038,0.8650023341157023,1554002264,13,47290,49,8102,1.1534508992332315,1556097597,8,47374,49,8113,0.9469055598095332,1553995770,3,47312,49,8101,0.8279813189247189,1551899498,5,47250,49,8174
0.911007231974245,1551904640,12,47293,49,8160,0.06852331776486942,1558194233,7,47467,49,8139,1.2285190940377801,1556098020,9,47406,49,8153,1.085109902090674,1553995367,3,47366,49,8112,0.9040700128329562,1551899610,5,47280,49,8063
0.032322017686128704,1558196854,15,47428,49,8155,0.29933786620540026,1562390905,13,47564,49,8092,1.2399417834221482,1556098147,9,47414,49,8101,1.1598713635231483,1556093368,3,47401,49,8121,0.9186546289413797,1551899205,5,47288,49,8139
0.032322017686128704,1558196854,15,47428,49,8155,0.29933786620540026,1562390905,13,47564,49,8092,1.2399417834221482,1556098147,9,47414,49,8101,1.1598713635231483,1556093368,3,47401,49,8121,0.9186546289413797,1551899205,5,47288,49,8139
0.10861333906973024,1558193387,6,47464,49,8167,0.8551076217353478,1551904465,11,47291,49,8097,1.0954154371660427,1554000984,9,47351,49,8175,0.35278570169356194,1545607418,4,47058,49,8109,0.8099280792102527,1551899404,5,47242,49,8121
0.10861333906973024,1558193387,6,47464,49,8167,0.8551076217353478,1551904465,11,47291,49,8097,1.0954154371660427,1554000984,9,47351,49,8175,0.35278570169356194,1545607418,4,47058,49,8109,0.8099280792102527,1551899404,5,47242,49,8121
1.0453340065303391,1553998930,6,47352,49,8143,0.9210989857800371,1553998989,6,47316,49,8103,0.3923645887246326,1562388316,7,47564,49,10,0.0372145769743512,1558189673,3,47432,49,8115,0.3596207593405436,1562385356,5,47561,49,8130
1.0453340065303391,1553998930,6,47352,49,8143,0.9210989857800371,1553998989,6,47316,49,8103,0.3923645887246326,1562388316,7,47564,49,10,0.0372145769743512,1558189673,3,47432,49,8115,0.3596207593405436,1562385356,5,47561,49,8130
0.7592387772745827,1549807012,11,47229,49,8130,0.9570009913705684,1554001637,11,47332,49,8073,0.8976476255884156,1551903074,8,47266,49,8145,0.9273243336896272,1551898722,3,47297,49,8094,1.1533449353365421,1556093946,5,47387,49,8123
0.36278451344244333,1562389405,9,47572,49,8182,0.9539413103944936,1554002560,13,47322,49,8023,0.21428210376180107,1558193750,7,47486,49,8078,0.5605490762924289,1547704867,3,47149,49,8124,0.6984485488512717,1549802580,5,47191,49,8074
0.36278451344244333,1562389405,9,47572,49,8182,0.9539413103944936,1554002560,13,47322,49,8023,0.21428210376180107,1558193750,7,47486,49,8078,0.5605490762924289,1547704867,3,47149,49,8124,0.6984485488512717,1549802580,5,47191,49,8074
0.8627642441922244,1551901741,6,47270,49,8145,0.48955922638868005,1547708557,7,47135,49,8059,0.5161872808013404,1545612485,9,47102,49,8187,0.6860034869764419,1549801065,3,47199,49,8149,1.0845987240735049,1556093492,5,47365,49,8153
0.8627642441922244,1551901741,6,47270,49,8145,0.48955922638868005,1547708557,7,47135,49,8059,0.5161872808013404,1545612485,9,47102,49,8187,0.6860034869764419,1549801065,3,47199,49,8149,1.0845987240735049,1556093492,5,47365,49,8153
1.0448246810091555,1554001464,11,47349,49,8142,0.7310826658044793,1551905053,13,47239,49,8062,0.5098634438229183,1545612114,9,47100,49,8136,0.7415908177121435,1549801181,3,47222,49,8130,1.1189727646880272,1556093831,5,47372,49,8118
0.6145079671880888,1549807467,11,47168,49,8147,0.6913049367932995,1549807258,11,47221,49,8074,1.0030078008235168,1554000990,9,47313,49,8134,0.6041021350861914,1547704556,3,47162,49,8098,0.6065502658263128,1547704295,5,47156,49,8119
0.6145079671880888,1549807467,11,47168,49,8147,0.6913049367932995,1549807258,11,47221,49,8074,1.0030078008235168,1554000990,9,47313,49,8134,0.6041021350861914,1547704556,3,47162,49,8098,0.6065502658263128,1547704295,5,47156,49,8119
1.1373326846108738,1556098677,10,47393,49,8112,0.15766675444256595,1560291781,7,47509,49,8099,0.09056196878694732,1558194968,9,47438,49,8128,0.920489307142694,1551897988,3,47300,49,8110,0.9842370502795768,1553996506,5,47317,49,8136
1.1373326846108738,1556098677,10,47393,49,8112,0.15766675444256595,1560291781,7,47509,49,8099,0.09056196878694732,1558194968,9,47438,49,8128,0.920489307142694,1551897988,3,47300,49,8110,0.9842370502795768,1553996506,5,47317,49,8136
1.048598167396571,1554001147,10,47351,49,8098,1.0758248336405043,1556098822,11,47379,49,8084,1.0657350172615088,1554001382,9,47341,49,8118,0.44050206130068864,1545607524,3,47095,49,8188,0.6103255849853524,1547704923,5,47151,49,8135
1.048598167396571,1554001147,10,47351,49,8098,1.0758248336405043,1556098822,11,47379,49,8084,1.0657350172615088,1554001382,9,47341,49,8118,0.44050206130068864,1545607524,3,47095,49,8188,0.6103255849853524,1547704923,5,47151,49,8135
0.03956413440768126,1558197069,16,47428,49,8104,0.8710194459733318,1551901386,6,47299,49,8103,0.3666621301047474,1562389362,9,47555,49,23,0.9884176019378238,1553995224,3,47331,49,8143,1.1846574218484158,1556093909,5,47401,49,8102
0.03956413440768126,1558197069,16,47428,49,8104,0.8710194459733318,1551901386,6,47299,49,8103,0.3666621301047474,1562389362,9,47555,49,23,0.9884176019378238,1553995224,3,47331,49,8143,1.1846574218484158,1556093909,5,47401,49,8102
0.5076179524502454,1547710461,11,47119,49,8083,0.15103807236874728,1560293366,12,47502,49,8079,0.6513301083458615,1547708516,8,47164,49,1,0.038539941820454234,1558189613,3,47436,49,8152,0.25344456288007855,1560288208,5,47515,49,8133
0.5076179524502454,1547710461,11,47119,49,8083,0.15103807236874728,1560293366,12,47502,49,8079,0.6513301083458615,1547708516,8,47164,49,1,0.038539941820454234,1558189613,3,47436,49,8152,0.25344456288007855,1560288208,5,47515,49,8133
0.8882622279026925,1551901349,5,47283,49,8110,0.5919619233113185,1549804456,6,47179,49,8129,0.8468542752376725,1551904016,9,47247,49,8110,0.2654787964061996,1560287200,3,47531,49,8168,0.38226352345282966,1562385466,5,47572,49,8139
0.8882622279026925,1551901349,5,47283,49,8110,0.5919619233113185,1549804456,6,47179,49,8129,0.8468542752376725,1551904016,9,47247,49,8110,0.2654787964061996,1560287200,3,47531,49,8168,0.38226352345282966,1562385466,5,47572,49,8139
0.9371186341426697,1554002003,14,47300,49,8162,0.6178669928288192,1549807160,11,47197,49,8133,0.7966724999915629,1549806355,9,47227,49,8118,0.13094756175641437,1558190647,3,47474,49,8140,0.16256677889096718,1558190373,4,47478,49,8163
0,,,,,,0.6178669928288192,1549807160,11,47197,49,8133,0.7966724999915629,1549806355,9,47227,49,8118,0.13094756175641437,1558190647,3,47474,49,8140,0.16256677889096718,1558190373,4,47478,49,8163
0.6936563492375012,1549804230,5,47199,49,8109,0.8397069622830012,1551901920,6,47286,49,8050,0.481610634386043,1545612325,9,47092,49,8118,0.1974482585173797,1560287091,3,47502,49,8075,0.9480283238531846,1553996204,5,47305,49,8155
0.6936563492375012,1549804230,5,47199,49,8109,0.8397069622830012,1551901920,6,47286,49,8050,0.481610634386043,1545612325,9,47092,49,8118,0.1974482585173797,1560287091,3,47502,49,8075,0.9480283238531846,1553996204,5,47305,49,8155
0.92630565042057,1554002874,15,47302,49,8068,0.09881714856139118,1558194435,7,47476,49,8075,0.6459245409854902,1547709329,9,47161,49,8151,1.156913919691384,1556093620,4,47399,49,8124,0.9711822777267693,1553996475,5,47310,49,8146
0.5319950320358046,1547709653,9,47128,49,8096,0.16776408249442024,1560291169,7,47512,49,8066,0.09912945400656206,1558194539,8,47442,49,8130,0.9988216405171806,1553995853,3,47333,49,8090,0.49660057005901714,1547705389,5,47107,49,8078
0.5319950320358046,1547709653,9,47128,49,8096,0.16776408249442024,1560291169,7,47512,49,8066,0.09912945400656206,1558194539,8,47442,49,8130,0.9988216405171806,1553995853,3,47333,49,8090,0.21998880292113238,1560287830,5,4757,49,8152
0.13380646594640092,1558195798,10,47472,49,8121,0.8664299303171393,1554001818,12,47294,49,8121,0.9665964457985485,1551902978,8,47297,49,8131,1.169050402677584,1556093254,3,47408,49,8094,0.9482346544140979,1553996488,5,47295,49,8175
0.13380646594640092,1558195798,10,47472,49,8121,0.8664299303171393,1554001818,12,47294,49,8121,0.9665964457985485,1551902978,8,47297,49,8131,1.169050402677584,1556093254,3,47408,49,8094,0.9482346544140979,1553996488,5,47295,49,8175
0.6510233856549316,1549807711,14,47179,49,18,0.4972084431934329,1547708471,7,47138,49,8096,0.1476791509515945,1558195350,9,47463,49,8083,0.6119558124951447,1547704220,3,47166,49,8140,1.2432021994078102,1558191118,5,47427,49,8098
0.6510233856549316,1549807711,14,47179,49,18,0.4972084431934329,1547708471,7,47138,49,8096,0.1476791509515945,1558195350,9,47463,49,8083,0.6119558124951447,1547704220,3,47166,49,8140,1.2432021994078102,1558191118,5,47427,49,8098
0.5723843426958019,1547707041,6,47150,49,8140,0.26333361451013304,1562390705,12,47551,49,8103,1.221481443561528,1556097233,7,47407,49,8134,0.06414015625445675,1558189841,3,47448,49,8079,0.8187000319255933,1551899279,5,47245,49,8112
0.5723843426958019,1547707041,6,47150,49,8140,0.26333361451013304,1562390705,12,47551,49,8103,1.221481443561528,1556097233,7,47407,49,8134,0.06414015625445675,1558189841,3,47448,49,8079,0.8187000319255933,1551899279,5,47245,49,8112
0,1551904333,11,47237,49,8118,0.1845942042966634,1560293877,13,47507,49,8043,0.632563057985021,1547709221,9,47157,49,8100,0.5940048083235914,1547704876,3,47157,49,8088,0.23865547703286236,1560288047,5,47508,49,8146
0,1558195904,11,47433,49,8088,0.7693305595762914,1551902012,6,47254,49,8103,0.9742456542210769,1554000962,9,47303,49,8120,0.6451048469359718,1547704364,3,47176,49,8033,0.4424408497468312,1545607399,5,47086,49,8118
0.037625344241736844,1558195904,11,47433,49,8088,0.7693305595762914,1551902012,6,47254,49,8103,0.9742456542210769,1554000962,9,47303,49,8120,0.6451048469359718,1547704364,3,47176,49,8033,0.4424408497468312,1545607399,5,47086,49,8118
0,1547709599,10,47107,49,8124,0.11329951471557485,1558196358,12,47486,49,8159,0.0865840080115465,1558195576,9,47438,49,8118,0.6326616391662062,1547704463,3,47170,49,8111,0.5715665199810106,1547704452,4,47140,49,8076
0.4739595776037653,1547709599,10,47107,49,8124,0.11329951471557485,1558196358,12,47486,49,8159,0.0865840080115465,1558195576,9,47438,49,8118,0.6326616391662062,1547704463,3,47170,49,8111,0.5715665199810106,1547704452,4,47140,49,8076
0,1551901936,6,47271,49,8190,0.6668256282832887,1549807427,12,47211,49,8101,0.3854291766833467,1562389359,9,47564,49,14,0.5172023187499959,1547704445,3,47126,49,8138,0.6616282587371186,1549802293,5,47177,49,8111
0.8562359301629779,1551901936,6,47271,49,8190,0.6668256282832887,1549807427,12,47211,49,8101,0.3854291766833467,1562389359,9,47564,49,14,0.5172023187499959,1547704445,3,47126,49,8138,0.6616282587371186,1549802293,5,47177,49,8111
0.88968982858311,1551904365,11,47287,49,20,1.0154435124695491,1556099673,13,47361,49,8065,1.0689991728647883,1554000691,8,47342,49,8165,0.4076597359202125,1545607189,3,47080,49,8130,0.9124330234297544,1551899440,5,47286,49,8095
0.88968982858311,1551904365,11,47287,49,20,1.0154435124695491,1556099673,13,47361,49,8065,1.0689991728647883,1554000691,8,47342,49,8165,0.4076597359202125,1545607189,3,47080,49,8130,0.9124330234297544,1551899440,5,47286,49,8095
0.6617322845993114,1549804956,6,47186,49,8155,0.34462399648034026,1562390102,11,47584,49,8004,0.0953559646886822,1558195268,9,47440,49,8078,0.18561661978456348,1558189078,2,47497,49,8121,0.9593506370436632,1553996880,5,47306,49,1
0.6617322845993114,1549804956,6,47186,49,8155,0.34462399648034026,1562390102,11,47584,49,8004,0.0953559646886822,1558195268,9,47440,49,8078,0.18561661978456348,1558189078,2,47497,49,8121,0.9593506370436632,1553996880,5,47306,49,1
0.9653714385681904,1554000878,9,47313,49,8131,0.8517430912677438,1551902518,7,47284,49,8114,0.3205605468039671,1560292557,9,47536,49,8111,1.15976912355133,1556093504,3,47402,49,8089,0.9700595262059087,1553996825,5,47313,49,8186
0.9653714385681904,1554000878,9,47313,49,8131,0.8517430912677438,1551902518,7,47284,49,8114,0.3205605468039671,1560292557,9,47536,49,8111,1.15976912355133,1556093504,3,47402,49,8089,0.9700595262059087,1553996825,5,47313,49,8186
0.6629554246969077,1549805091,7,47190,49,8050,0.4213242418288307,1547710262,11,47104,49,8060,1.2432059356415042,1556097684,8,47418,49,8155,0.17990620816409722,1558190461,4,47489,49,8090,0.27333436352215107,1560288206,5,47520,49,8108
0.6629554246969077,1549805091,7,47190,49,8050,0.4213242418288307,1547710262,11,47104,49,8060,1.2432059356415042,1556097684,8,47418,49,8155,0.17990620816409722,1558190461,4,47489,49,8090,0.27333436352215107,1560288206,5,47520,49,8108
0.011515794008732722,1558196803,15,47417,49,8139,0.028134028507492897,1558194254,7,47447,49,8097,0.6966156515168224,1549806275,8,47185,49,8151,0.19632550565900586,1560286495,3,47504,49,8082,0.5205687169722545,1547704992,5,47120,49,8153
0.011515794008732722,1558196803,15,47417,49,8139,0.028134028507492897,1558194254,7,47447,49,8097,0.6966156515168224,1549806275,8,47185,49,8151,0.19632550565900586,1560286495,3,47504,49,8082,0.5205687169722545,1547704992,5,47120,49,8153
1.143963239405703,1556098855,10,47394,49,8149,1.1714966230499562,1556099319,12,47421,49,8107,0.35717636558768573,1560291971,9,47553,49,8133,0.7440389338688059,1549801781,3,47222,49,8129,1.2151538710086511,1556094185,5,47414,49,8135
0.18123526713839255,1560293227,11,47489,49,8116,0.3741017633176559,1562391041,13,47591,49,8128,0.45203244681490395,1545612631,9,47079,49,8191,0.3903203021588528,1545607458,3,47074,49,8151,0.9703662306562899,1553996757,5,47313,49,8132
0.18123526713839255,1560293227,11,47489,49,8116,0.3741017633176559,1562391041,13,47591,49,8128,0.45203244681490395,1545612631,9,47079,49,8191,0.3903203021588528,1545607458,3,47074,49,8151,0.9703662306562899,1553996757,5,47313,49,8132
1.0531876865471357,1554000558,9,47356,49,8152,1.1514042218639715,1556097027,7,47410,49,8052,1.2520801365010072,1556096587,7,47419,49,8150,0.6111397769607114,1547704098,3,47165,49,8106,1.2620714773932742,1558191171,5,47437,49,8119
0.6889645830885041,1549805078,6,47199,49,8107,0.5808441026141175,1549808117,13,47172,49,8115,0.9891369796680455,1554000320,8,47309,49,8149,0.7338393727199447,1549802048,3,47218,49,8107,0.25048711161915,1560288083,5,47515,49,8095
0.6889645830885041,1549805078,6,47199,49,8107,0.5808441026141175,1549808117,13,47172,49,8115,0.9891369796680455,1554000320,8,47309,49,8149,0.7338393727199447,1549802048,3,47218,49,8107,0.25048711161915,1560288083,5,47515,49,8095
0.9309992628468716,1554001481,11,47298,49,8155,1.0002473560763983,1553999459,6,47348,49,8037,0.9937265054328291,1554000804,8,47312,49,8158,0.6578529200528752,1549801668,4,47187,49,8073,1.0580820943012879,1556093855,5,47349,49,8088
0.9309992628468716,1554001481,11,47298,49,8155,1.0002473560763983,1553999459,6,47348,49,8037,0.9937265054328291,1554000804,8,47312,49,8158,0.6578529200528752,1549801668,4,47187,49,8073,1.0580820943012879,1556093855,5,47349,49,8088
1.1670149649165373,1556098822,11,47400,49,8188,0.18469645049883832,1560293016,11,47504,49,8052,0.9611908786650645,1551902949,8,47295,49,8105,0.3538062223605431,1545606429,3,47056,49,8141,0.5844186535876069,1547705421,5,47145,49,8142
1.1670149649165373,1556098822,11,47400,49,8188,0.18469645049883832,1560293016,11,47504,49,8052,0.9611908786650645,1551902949,8,47295,49,8105,0.3538062223605431,1545606429,3,47056,49,8141,0.5844186535876069,1547705421,5,47145,49,8142
1.1233615048361574,1556096338,6,47380,49,8091,0.13747212511485213,1560293812,12,47495,49,8066,0.68284706439953,1549806877,10,47176,49,8172,0.9582278717195609,1553995611,3,47314,49,8103,0.8128855161548221,1551899453,5,47249,49,8115
1.1233615048361574,1556096338,6,47380,49,8091,0.13747212511485213,1560293812,12,47495,49,8066,0.68284706439953,1549806877,10,47176,49,8172,0.9582278717195609,1553995611,3,47314,49,8103,0.8128855161548221,1551899453,5,47249,49,8115
0.9724090815438603,1554002063,12,47316,49,8109,0.010692350428021902,1558194008,7,47442,49,8070,0.3120952999936515,1560289078,4,47531,49,8142,0.2818999634690947,1560287059,3,47537,49,8062,0.9339548892783012,1553996495,5,47294,49,8110
0.9724090815438603,1554002063,12,47316,49,8109,0.010692350428021902,1558194008,7,47442,49,8070,0.3120952999936515,1560289078,4,47531,49,8142,0.2818999634690947,1560287059,3,47537,49,8062,0.9339548892783012,1553996495,5,47294,49,8110
0.04782490483019954,1558196216,11,47438,49,8109,1.158746698344067,1556096592,6,47418,49,8098,0.8500161930968636,1551903409,8,47249,49,8147,0.324737375034147,1543509457,3,47045,49,8153,1.001678719178958,1553996665,5,47326,49,8100
0.7155853093952842,1549804536,6,47211,49,8078,0.6210307748577676,1549807121,11,47186,49,8048,0.22264510739217933,1560291804,8,47496,49,8114,0.643472772961245,1547704178,3,47175,49,8090,0.6635651945561015,1549802249,5,47185,49,8155
0.08076947435259015,1558195858,11,47451,49,8134,1.1479355783596485,1556099138,12,47412,49,8142,0.7829039141849706,1549807203,10,47219,49,8122,0.9473145108889954,1551898212,3,47308,49,8114,0.2229462256477622,1560288302,5,47517,49,8128
0.08076947435259015,1558195858,11,47451,49,8134,1.1479355783596485,1556099138,12,47412,49,8142,0.7829039141849706,1549807203,10,47219,49,8122,0.9473145108889954,1551898212,3,47308,49,8114,0.2229462256477622,1560288302,5,47517,49,8128
0.3102568503292954,1560291612,9,47553,49,8128,0.7239428012597423,1551904814,12,47233,49,8128,1.0745069744097644,1553997711,4,47344,49,8153,0.30025992831152354,1560287405,3,47540,49,8158,0.8384875707009161,1551899376,5,47258,49,8094
0.3102568503292954,1560291612,9,47553,49,8128,0.7239428012597423,1551904814,12,47233,49,8128,1.0745069744097644,1553997711,4,47344,49,8153,0.30025992831152354,1560287405,3,47540,49,8158,0.8384875707009161,1551899376,5,47258,49,8094
0.1862318791144561,1560289444,5,47497,49,8115,0.9070237038024128,1553999602,7,47310,49,8118,0.8390005915909825,1551903517,8,47245,49,8122,0.13706693170212686,1558190279,3,47476,49,8149,1.0118782712764618,1553996801,5,47334,49,8153
0.1862318791144561,1560289444,5,47497,49,8115,0.9070237038024128,1553999602,7,47310,49,8118,0.8390005915909825,1551903517,8,47245,49,8122,0.13706693170212686,1558190279,3,47476,49,8149,1.0118782712764618,1553996801,5,47334,49,8153
0.1317672898554593,1558192779,5,47471,49,8121,1.085106127714449,1556097698,8,47388,49,8118,0.6121639337979874,1547709128,8,47149,49,8124,1.2243329033390662,1556092903,3,47424,49,8091,1.1562019915356603,1556093694,5,47391,49,8128
0.1317672898554593,1558192779,5,47471,49,8121,1.085106127714449,1556097698,8,47388,49,8118,0.6121639337979874,1547709128,8,47149,49,8124,1.2243329033390662,1556092903,3,47424,49,8091,1.1562019915356603,1556093694,5,47391,49,8128
0.26813323391060306,1560290191,6,47534,49,8162,1.0697054867533604,1556099442,13,47371,49,8067,0.8165622882144233,1551902666,8,47233,49,8139,0.8268585608458642,1551898871,3,47257,49,8135,0.18337297207134046,,5,47497,49,8106
0.26813323391060306,1560290191,6,47534,49,8162,1.0697054867533604,1556099442,13,47371,49,8067,0.8165622882144233,1551902666,8,47233,49,8139,0.8268585608458642,1551898871,3,47257,49,8135,0.18337297207134046,1560287878,5,47497,49,8106
0.07750531759288369,1558193265,6,47451,49,8072,0.0350694312221332,1558193739,6,47451,49,8139,0,1558194061,7,47431,49,8158,0.9954552493659676,1553996203,3,47332,49,8099,0.23824837299876092,1560288024,5,47511,49,8186
0.07750531759288369,1558193265,6,47451,49,8072,0.0350694312221332,1558193739,6,47451,49,8139,0.08729965584819603,1558194061,7,47431,49,8158,0.9954552493659676,1553996203,3,47332,49,8099,0.23824837299876092,1560288024,5,47511,49,8186
0.717931190307381,1549804608,6,47212,49,8140,1.0118745183170097,1554001983,12,47354,49,8120,0.4158237324600828,1562390009,9,47578,49,8121,0.5963506916614085,1547704468,3,47157,49,8085,1.1990394073139994,1556093486,5,47411,49,8181
0.717931190307381,1549804608,6,47212,49,8140,1.0118745183170097,1554001983,12,47354,49,8120,0.4158237324600828,1562390009,9,47578,49,8121,0.5963506916614085,1547704468,3,47157,49,8085,1.1990394073139994,1556093486,5,47411,49,8181
0,1556098952,13,47348,49,8127,0.014670309722483387,1558193768,6,47443,49,8111,1.0618592926428727,1553997832,4,47340,49,8173,0.4967009678319442,1547703964,3,47118,49,8129,1.238101457372662,1558190768,5,47436,49,8086
1.044315350728085,1556098952,13,47348,49,8127,0.014670309722483387,1558193768,6,47443,49,8111,1.0618592926428727,1553997832,4,47340,49,8173,0.4967009678319442,1547703964,3,47118,49,8129,1.238101457372662,1558190768,5,47436,49,8086
0,1551903897,9,47252,49,8144,0.2548683809707691,1562390555,12,47544,49,8095,0.5473975338203624,1547709060,8,47120,49,8163,0.48629876682003464,1545607319,3,47108,49,8070,0.21621716799308308,1560288121,5,47503,49,8069
0.8221704646703123,1551903897,9,47252,49,8144,0.2548683809707691,1562390555,12,47544,49,8095,0.5473975338203624,1547709060,8,47120,49,8163,0.48629876682003464,1545607319,3,47108,49,8070,0.21621716799308308,1560288121,5,47503,49,8069
0,1547709198,9,47118,49,8083,0.4793596798742683,1547708438,7,47127,49,8109,0.08770675366143581,1558194414,8,47435,49,8144,0.38491473842949875,1545606854,3,47070,49,8132,0.39532056968637885,1545608151,5,47067,49,8128
0.49966203736518777,1547709198,9,47118,49,8083,0.4793596798742683,1547708438,7,47127,49,8109,0.08770675366143581,1558194414,8,47435,49,8144,0.38491473842949875,1545606854,3,47070,49,8132,0.39532056968637885,1545608151,5,47067,49,8128
1.0265669596804103,1556099857,15,47344,49,8113,0.4791552112348434,1547711022,13,47129,49,8105,1.2458585330938172,1556096310,7,47416,49,8119,0.3888926940493959,1545607511,3,47071,49,8140,0.635414616110361,1549802078,4,47177,49,8084
1.0265669596804103,1556099857,15,47344,49,8113,0.4791552112348434,1547711022,13,47129,49,8105,1.2458585330938172,1556096310,7,47416,49,8119,0.3888926940493959,1545607511,3,47071,49,8140,0.635414616110361,1549802078,4,47177,49,8084
0.15961115382499114,1558194680,9,47484,49,8152,0.7381203200709224,1551901327,6,47238,49,8132,0.8070765295089143,1549806367,9,47230,49,8168,0.4452960605883991,1545607618,3,47094,49,8126,0.7264968629150302,1549802416,5,47212,49,8118
1.069915569575872,1556098664,11,47359,49,8157,0.9986152761934397,1554001477,11,47340,49,8059,0.37992137467806597,1562388784,8,47562,49,8121,0.49119316881152825,1547704131,3,47116,49,8148,0.7911610126992201,1551898734,5,47242,49,8118
1.069915569575872,1556098664,11,47359,49,8157,0.9986152761934397,1554001477,11,47340,49,8059,0.37992137467806597,1562388784,8,47562,49,8121,0.49119316881152825,1547704131,3,47116,49,8148,0.7911610126992201,1551898734,5,47242,49,8118
0.8252301489603324,1551901417,5,47254,49,8078,0.08729035995481023,1558196715,13,47475,49,8078,1.1720134644550504,1556098350,9,47388,49,8131,0.6445936778082094,1549801369,3,47180,49,8118,0.9389514945776345,1553996551,5,47305,49,8128
0.8252301489603324,1551901417,5,47254,49,8078,0.08729035995481023,1558196715,13,47475,49,8078,1.1720134644550504,1556098350,9,47388,49,8131,0.6445936778082094,1549801369,3,47180,49,8118,0.9389514945776345,1553996551,5,47305,49,8128
0.24661322401432173,1560293731,14,47519,49,8122,1.0259498003903862,1556099503,13,47360,49,8119,0.4996638747932723,1545611107,7,47100,49,8150,0.4462143306502924,1545607321,3,47093,49,8111,0.7417971255638338,1549802469,5,47214,49,8135
0.24661322401432173,1560293731,14,47519,49,8122,1.0259498003903862,1556099503,13,47360,49,8119,0.4996638747932723,1545611107,7,47100,49,8150,0.4462143306502924,1545607321,3,47093,49,8111,0.7417971255638338,1549802469,5,47214,49,8135
0.8759212547636929,1551901011,5,47277,49,8150,0.8324667214610351,1551902758,7,47273,49,8051,0.977407574349525,1554001252,10,47304,49,8148,0.19551133617721078,1558189938,3,47495,49,8142,0,1547705092,5,47115,49,8153
0.8759212547636929,1551901011,5,47277,49,8150,0.8324667214610351,1551902758,7,47273,49,8051,0.977407574349525,1554001252,10,47304,49,8148,0.19551133617721078,1558189938,3,47495,49,8142,0.5054747352444312,1547705092,5,47115,49,8153
0.011209089118221908,1556097955,9,47419,49,8174,0.11768643690076215,1558193983,7,47481,49,8082,1.22464336452954,1556097039,7,47408,49,8156,0.7656630393543987,1549801605,3,47225,49,8142,1.0839890107977943,1556093490,5,47363,49,8130
0.011209089118221908,1556097955,9,47419,49,8174,0.11768643690076215,1558193983,7,47481,49,8082,1.22464336452954,1556097039,7,47408,49,8156,0.7656630393543987,1549801605,3,47225,49,8142,1.0839890107977943,1556093490,5,47363,49,8130
0.00967924705745082,1556097590,9,47418,49,8118,0.7914640031908279,1551902669,7,47259,49,8055,1.254323778788518,1556097891,9,47421,49,8124,0.3903203050314169,1545607331,3,47073,49,8074,0.3520718960095217,1545608042,5,47059,49,8090
0.8681698090768997,1551902002,6,47273,49,8063,1.012078997432956,1554002339,13,47352,49,8102,0,1551903816,9,47250,49,8151,0,1547704745,3,47161,49,8120,0.5154698308614718,1547705243,5,47121,49,8129
0.8681698090768997,1551902002,6,47273,49,8063,1.012078997432956,1554002339,13,47352,49,8102,0.84746584230884,1551903816,9,47250,49,8151,0,1547704745,3,47161,49,8120,0.5154698308614718,1547705243,5,47121,49,8129
0.5317905646830349,1547710277,11,47131,49,8182,0.050267467660367576,1558193438,6,47454,49,8064,0.488648275686051,1545612010,8,47096,49,8051,0.7964643463230705,1551898565,3,47244,49,8078,0.7493441018023371,1549801617,5,47220,49,8140
0.5317905646830349,1547710277,11,47131,49,8182,0.050267467660367576,1558193438,6,47454,49,8064,0.488648275686051,1545612010,8,47096,49,8051,0.7964643463230705,1551898565,3,47244,49,8078,0.7493441018023371,1549801617,5,47220,49,8140
0.19092364523154337,1560293077,11,47497,49,8154,0.26873918141743974,1562390812,12,47552,49,8127,0.11340921005925081,1558191708,4,47447,49,8177,1.0719528966309193,1553995533,3,47359,49,10,1.044006799843968,1556093443,5,47347,49,8123
0.19092364523154337,1560293077,11,47497,49,8154,0.26873918141743974,1562390812,12,47552,49,8127,0.11340921005925081,1558191708,4,47447,49,8177,1.0719528966309193,1553995533,3,47359,49,10,1.044006799843968,1556093443,5,47347,49,8123
0.7282329914244929,1549804399,6,47213,49,8118,0.02742022715281121,1558194050,7,47446,49,8149,0.69508580858983,1549806725,9,47184,49,8166,0.5248515317074011,1547704606,3,47131,49,8082,0.9418067019596236,1553996618,5,47309,49,8069
0.7282329914244929,1549804399,6,47213,49,8118,0.02742022715281121,1558194050,7,47446,49,8149,0.69508580858983,1549806725,9,47184,49,8166,0.5248515317074011,1547704606,3,47131,49,8082,0.9418067019596236,1553996618,5,47309,49,8069
0.9155967570302205,1551900653,5,47296,49,8095,0.518830706450843,1547710755,12,47148,49,8062,1.053394044549171,1554001317,9,47335,49,8108,1.224435140876122,1556093377,3,47424,49,8086,0.6253191224642539,1549801691,5,47164,49,8179
0.9155967570302205,1551900653,5,47296,49,8095,0.518830706450843,1547710755,12,47148,49,8062,1.053394044549171,1554001317,9,47335,49,8108,1.224435140876122,1556093377,3,47424,49,8086,0.6253191224642539,1549801691,5,47164,49,8179
0.46722863270765536,1562389725,10,47612,49,8118,0.7606608469572391,1551905604,13,47249,49,8096,0.6912100845776237,1549807023,10,47182,49,8144,0.45722992591429995,1545607493,3,47098,49,8097,1.0550224021034222,1553996410,5,47351,49,8079
0.3099520099334852,1562390748,13,47546,49,8146,0.7294506009469711,1551905315,13,47235,49,8113,0.9682285219998051,1554000416,8,47298,49,8154,0.3324906943660776,1560287272,3,47553,49,8099,0.36778114027559955,1545607248,4,47057,49,8122
0.3099520099334852,1562390748,13,47546,49,8146,0.7294506009469711,1551905315,13,47235,49,8113,0.9682285219998051,1554000416,8,47298,49,8154,0.3324906943660776,1560287272,3,47553,49,8099,0.36778114027559955,1545607248,4,47057,49,8122
0,1562391273,15,47555,49,8186,0.8062530872029884,1551904290,11,47266,49,8050,0.6185900040374963,1547710277,10,47150,49,8102,0.9314045299154802,1551897929,3,47297,49,8118,0.8836708711947059,1551899135,5,47279,49,8098
0.3245366185426236,1562391273,15,47555,49,8186,0.8062530872029884,1551904290,11,47266,49,8050,0.6185900040374963,1547710277,10,47150,49,8102,0.9314045299154802,1551897929,3,47297,49,8118,0.8836708711947059,1551899135,5,47279,49,8098
0,1554001947,13,47294,49,8162,0.9607744727828686,1553999796,7,47335,49,8140,0.2744589650456331,1560292789,9,47516,49,8190,0.46753171870937016,1545607446,3,47101,49,8126,0.2549743861480248,1560288205,5,47523,49,8108
0.9109049952858209,1554001947,13,47294,49,8162,0.9607744727828686,1553999796,7,47335,49,8140,0.2744589650456331,1560292789,9,47516,49,8190,0.46753171870937016,1545607446,3,47101,49,8126,0.2549743861480248,1560288205,5,47523,49,8108
0.24946842986633497,1560292448,9,47523,49,8102,0,1562390481,12,47551,49,8129,1.108879151354705,1554000766,9,47359,49,8063,1.2225985797083765,1556093418,4,47426,49,8139,0.7642354250210064,1551898843,5,47226,49,8116
0.19143297125004533,1560293255,11,47500,49,8060,0.14563252393922752,1560293366,12,47495,49,8091,0.19480124521273248,1558195134,9,47481,49,8066,0.18123156804360205,1558189886,3,47494,49,8090,0.7031402904238893,1549802435,5,47201,49,8108
0.19143297125004533,1560293255,11,47500,49,8060,0.14563252393922752,1560293366,12,47495,49,8091,0.19480124521273248,1558195134,9,47481,49,8066,0.18123156804360205,1558189886,3,47494,49,8090,0.7031402904238893,1549802435,5,47201,49,8108
0.11911961290974554,1558196221,11,47465,49,8125,0.37093984514930844,1562389869,11,47590,49,8068,0.41439611906053897,1562388619,7,47576,49,8119,0.4075574979439306,1545607327,4,47083,49,8112,0.6257262308335028,1549802138,5,47166,49,8078
0.41837224378530136,1562390361,13,47595,49,8143,0.8676530626202426,1551902276,7,47296,49,8062,0.18143976136938014,1558194634,8,47476,49,8184,0.6712143943389245,1549801581,3,47194,49,8104,0.15665187599721395,1560287922,5,47477,49,8182
0.1478817492645273,1558195474,10,47479,49,8130,0.9979014757068975,1556099018,12,47347,49,8062,0.9766937713986548,1554000830,9,47303,49,8139,0.9273243284870947,1551898873,3,47299,49,8096,1.2352462636124684,1558190259,5,47430,49,8095
0.6788672574773198,1549807520,11,47193,49,8100,0.10004027921728433,1558196021,11,47478,49,8072,0.37696393082882357,1562389559,9,47559,49,8125,0.1805177665927762,1558190225,3,47493,49,8110,0.29169244284075535,1560288097,5,47537,49,8015
0.12676882105569237,1558195897,10,47470,49,8146,1.0688894465450915,1556099365,12,47371,49,8045,1.1267279228431866,1556097817,9,47368,49,8056,1.0949005023184528,1556092581,3,47376,49,8126,0.6732554153915735,1549802371,5,47188,49,8100
0.12676882105569237,1558195897,10,47470,49,8146,1.0688894465450915,1556099365,12,47371,49,8045,1.1267279228431866,1556097817,9,47368,49,8056,1.0949005023184528,1556092581,3,47376,49,8126,0.6732554153915735,1549802371,5,47188,49,8100
0.20214372339427655,1560294407,16,47499,49,8130,0.5714605813914535,1547709636,10,47168,49,8113,1.2701333842912048,1556097812,9,47426,49,8161,1.0327867211671038,1553996179,3,47345,49,8114,1.1456957161701258,1556093166,5,47388,49,8093
0.20214372339427655,1560294407,16,47499,49,8130,0.5714605813914535,1547709636,10,47168,49,8113,1.2701333842912048,1556097812,9,47426,49,8161,1.0327867211671038,1553996179,3,47345,49,8114,1.1456957161701258,1556093166,5,47388,49,8093
0,1556099676,15,47364,49,8129,0.36981710832308884,1562387818,6,47593,49,8094,0.34463092062998807,1560292314,9,47548,49,8109,0.9405835732775252,1551898098,3,47305,49,8101,0.6732554153915735,1549802292,5,47188,49,8063
1.0865412124600655,1556099676,15,47364,49,8129,0.36981710832308884,1562387818,6,47593,49,8094,0.34463092062998807,1560292314,9,47548,49,8109,0.9405835732775252,1551898098,3,47305,49,8101,0.6732554153915735,1549802292,5,47188,49,8063
0,1560290583,6,47518,49,8128,0.1703144493940938,1560291455,7,47509,49,8099,0.6787668761007694,1549806973,10,47175,49,8082,0.8508266869929593,1551899102,4,47273,49,8117,0.29383571634089445,1560288236,5,47532,49,8173
0.37441355750642924,1562389756,10,47568,49,8152,1.0205442393913877,1556099077,11,47357,49,8133,0.2633411262313992,1560292563,9,47512,49,8186,0.8478692467869505,1551898868,3,47268,49,8125,1.2278015419494066,1556093049,4,47423,49,8132
1.0878665815651212,1556099080,13,47365,49,8138,0.28393722604115096,1560293202,12,47555,49,8127,0.3877750596062411,1562389311,9,47564,49,8086,0.4793633546201305,1545607031,3,47105,49,8118,1.2250466980014199,1558191093,5,47427,49,8141
1.0878665815651212,1556099080,13,47365,49,8138,0.28393722604115096,1560293202,12,47555,49,8127,0.3877750596062411,1562389311,9,47564,49,8086,0.4793633546201305,1545607031,3,47105,49,8118,1.2250466980014199,1558191093,5,47427,49,8141
0.05639239800176974,1558196260,14,47438,49,8090,0.8416439030002605,1551904597,11,47287,49,8074,0.5262846059226873,1547708645,8,47110,49,6,1.214133337773466,1556093177,3,47421,49,8082,0.1272763154039148,1558191062,5,47470,49,8108
0.05639239800176974,1558196260,14,47438,49,8090,0.8416439030002605,1551904597,11,47287,49,8074,0.5262846059226873,1547708645,8,47110,49,6,1.214133337773466,1556093177,3,47421,49,8082,0.1272763154039148,1558191062,5,47470,49,8108
0.8039127539013899,1551903578,9,47245,49,8116,1.154666495607963,1556099277,12,47418,49,8076,0.10943125292210151,1558195167,9,47445,49,8072,0.2889376053196623,1560287498,3,47540,49,8034,0.9667972128714061,1553996433,5,47311,49,8066
0.8039127539013899,1551903578,9,47245,49,8116,1.154666495607963,1556099277,12,47418,49,8076,0.10943125292210151,1558195167,9,47445,49,8072,0.2889376053196623,1560287498,3,47540,49,8034,0.9667972128714061,1553996433,5,47311,49,8066
0.9370163996229071,1554000299,9,47300,49,8121,0.5776821837376819,1549807633,12,47171,49,8115,1.2699289081757952,1558195155,9,47427,49,8142,1.0354374542409603,1553995896,3,47349,49,8108,1.1891446881575032,1556093710,5,47411,49,8087
0.9370163996229071,1554000299,9,47300,49,8121,0.5776821837376819,1549807633,12,47171,49,8115,1.2699289081757952,1558195155,9,47427,49,8142,1.0354374542409603,1553995896,3,47349,49,8108,1.1891446881575032,1556093710,5,47411,49,8087
0.17144280010241156,1558195692,11,47486,49,8078,0.4405002194353323,1547710609,12,47108,49,8090,0.40266638588471204,1562389651,9,47570,49,8129,0.9128401009954927,1551898906,3,47295,49,8053,0.5601438006059467,1547705224,5,47138,49,8085
0.04752005407188643,1558195813,11,47429,49,8159,0.5933895394042166,1549808176,13,47178,49,8100,0.2424326712598271,1560292446,9,47501,49,0,0.06822035284430361,1558189822,3,47448,49,8111,0.4925203658819226,1547705350,5,47113,49,8108
0.739451226099763,1549807189,11,47221,49,8151,0.9017203773177509,1554002180,13,47307,49,8142,0.9852612584669963,1554001055,9,47306,49,8137,0.630927328660178,1547704722,3,47171,49,8113,0.266397075477215,1560287938,5,47530,49,8160
0.739451226099763,1549807189,11,47221,49,8151,0.9017203773177509,1554002180,13,47307,49,8142,0.9852612584669963,1554001055,9,47306,49,8137,0.630927328660178,1547704722,3,47171,49,8113,0.266397075477215,1560287938,5,47530,49,8160
0,1556098270,10,47412,49,8142,0.800745283928873,1551902705,7,47265,49,8093,0.13747958958220255,1558195037,8,47458,49,12,0.49843527394278037,1547704264,3,47118,49,8122,0,,,,,
0,1556098270,10,47412,49,8142,0.800745283928873,1551902705,7,47265,49,8093,0.13747958958220255,1558195037,8,47458,49,12,0.49843527394278037,1547704264,3,47118,49,8122,0.9409906653177932,1553996393,5,47308,49,8153
0.44040344966689227,1562387522,6,47599,49,8147,0.6724356675226016,1549805699,7,47211,49,8081,0.42133153552807545,1562389803,9,47578,49,8140,0.33463209623733564,1543509959,4,47044,49,8122,0.40541790131813715,1547704478,5,47071,49,8128
0.44040344966689227,1562387522,6,47599,49,8147,0.6724356675226016,1549805699,7,47211,49,8081,0.42133153552807545,1562389803,9,47578,49,8140,0.33463209623733564,1543509959,4,47044,49,8122,0.40541790131813715,1547704478,5,47071,49,8128
0.8844887479927703,1551903094,9,47277,49,8139,0.5344376668673758,1547710415,12,47148,49,8132,0.6818265640252225,1549806428,9,47176,49,8096,0.16929769386001342,1558190245,3,47489,49,8112,1.1685429596459007,1556093978,5,47397,49,8125
0.8844887479927703,1551903094,9,47277,49,8139,0.5344376668673758,1547710415,12,47148,49,8132,0.6818265640252225,1549806428,9,47176,49,8096,0.16929769386001342,1558190245,3,47489,49,8112,1.1685429596459007,1556093978,5,47397,49,8125
0.132990433110134,1558196010,11,47469,49,8120,0.4313193297400894,1547707315,6,47111,49,8089,0.9415055588422931,1551903449,8,47286,49,8119,1.1427363991019068,1556093460,3,47393,49,8078,0.7229278467589527,1549801738,5,47206,49,8072
0.132990433110134,1558196010,11,47469,49,8120,0.4313193297400894,1547707315,6,47111,49,8089,0.9415055588422931,1551903449,8,47286,49,8119,1.1427363991019068,1556093460,3,47393,49,8078,0.7229278467589527,1549801738,5,47206,49,8072
0.2839428507836289,1560293080,11,47533,49,8111,1.052366040685696,1556099705,13,47374,49,8090,0.943953675515086,1551902952,8,47286,49,8095,0.31035724927081654,1560286833,3,47546,49,8146,1.1236645081118526,1556093826,5,47381,49,8079
0.2839428507836289,1560293080,11,47533,49,8111,1.052366040685696,1556099705,13,47374,49,8090,0.943953675515086,1551902952,8,47286,49,8095,0.31035724927081654,1560286833,3,47546,49,8146,1.1236645081118526,1556093826,5,47381,49,8079
1.0837863873258449,1554001212,10,47363,49,8070,0.2386516959570857,1560293560,12,47536,49,8065,0.2486542769276608,1560293085,10,47503,49,8168,0.783511808509347,1549802032,3,47235,49,8146,1.1359051063801837,1556093750,5,47381,49,8040
0.7655626251590604,1549807151,11,47227,49,8094,0.09096347082779117,1558195585,11,47464,49,8049,0.9968884293944854,1554001168,9,47311,49,8120,0.42856819612983593,1545607067,3,47091,49,8141,1.055838444241276,1553995958,4,47350,49,8115
0.7655626251590604,1549807151,11,47227,49,8094,0.09096347082779117,1558195585,11,47464,49,8049,0.9968884293944854,1554001168,9,47311,49,8120,0.42856819612983593,1545607067,3,47091,49,8141,1.055838444241276,1553995958,4,47350,49,8115
0.20265305838579012,1560293149,11,47498,49,8109,0.16939616610467068,1560293119,11,47511,49,8054,0.13758182753772616,1558191763,4,47456,49,11,0.6350075198867983,1547704044,3,47171,49,8126,0.8950954204931141,1551899303,5,47278,49,8132
0.20265305838579012,1560293149,11,47498,49,8109,0.16939616610467068,1560293119,11,47511,49,8054,0.13758182753772616,1558191763,4,47456,49,11,0.6350075198867983,1547704044,3,47171,49,8126,0.8950954204931141,1551899303,5,47278,49,8132
1.1320312372244614,1556099154,14,47378,49,8120,0.676311395955315,1549807391,11,47211,49,8078,0.7015118837806927,1549806085,8,47183,49,8160,0.9252851637542818,1551898850,3,47293,49,8042,1.1018377807472097,1556093789,5,47371,49,8142
1.1320312372244614,1556099154,14,47378,49,8120,0.676311395955315,1549807391,11,47211,49,8078,0.7015118837806927,1549806085,8,47183,49,8160,0.9252851637542818,1551898850,3,47293,49,8042,1.1018377807472097,1556093789,5,47371,49,8142
0.2784350491651645,1560290518,6,47531,49,8145,0.23773342205177184,1560290502,6,47535,49,8098,0.7021234554913368,1549806840,9,47185,49,8147,0.3567636628287941,1545606785,3,47059,49,8130,0.528831312774017,1547704701,5,47125,49,8099
0.2784350491651645,1560290518,6,47531,49,8145,0.23773342205177184,1560290502,6,47535,49,8098,0.7021234554913368,1549806840,9,47185,49,8147,0.3567636628287941,1545606785,3,47059,49,8130,0.528831312774017,1547704701,5,47125,49,8099
0.7562813363936797,1549803882,5,47222,49,8167,1.1337580586721285,1556098024,10,47406,49,8078,0.7991206172104278,1549805182,7,47226,49,8169,1.1585460026550278,1556092565,3,47398,49,8105,0.12921510644153322,1558190777,5,47467,49,8139
0.7562813363936797,1549803882,5,47222,49,8167,1.1337580586721285,1556098024,10,47406,49,8078,0.7991206172104278,1549805182,7,47226,49,8169,1.1585460026550278,1556092565,3,47398,49,8105,0.12921510644153322,1558190777,5,47467,49,8139
0.00804717763184328,1556095828,6,47414,49,8155,0.7420982818647853,1551905318,13,47238,49,8092,0.7937150508235368,1549805480,7,47223,49,8183,0.668766284435982,1549801717,3,47192,49,8112,0.7786155732249608,1551899113,5,47236,49,8095
0.00804717763184328,1556095828,6,47414,49,8155,0.7420982818647853,1551905318,13,47238,49,8092,0.7937150508235368,1549805480,7,47223,49,8183,0.668766284435982,1549801717,3,47192,49,8112,0.7786155732249608,1551899113,5,47236,49,8095
0.22519359002055028,1560290548,6,47509,49,8187,1.1664981418402687,1558195862,12,47421,49,8176,0.5583109052558565,1547708617,7,47123,49,8151,1.0891901038094534,1553995759,3,47365,49,8030,1.1984278485757855,1556093757,5,47408,49,8106
0.74067620845796,1549807393,11,47215,49,8110,0,1547709983,11,47111,49,8084,1.04554036559503,1554001209,9,47330,49,8130,0.1903102486870821,1558190345,4,47490,49,8091,0.16531972572167514,1558190706,5,47491,49,8100
0.74067620845796,1549807393,11,47215,49,8110,0.446619592113826,1547709983,11,47111,49,8084,0,1554001271,9,47309,49,8170,0,1558190345,4,47490,49,8091,0,1558190706,5,47491,49,8100
0.6995712567461968,1549803134,4,47202,49,8152,0.5878817468983992,1549804094,5,47174,49,8076,0.5271006452261157,1547709259,9,47109,49,8092,0.18888078118280174,1558190010,3,47496,49,8153,0.10973425330287044,1558190927,5,47460,49,8132
0.6995712567461968,1549803134,4,47202,49,8152,0.5878817468983992,1549804094,5,47174,49,8076,0.5271006452261157,1547709259,9,47109,49,8092,0.18888078118280174,1558190010,3,47496,49,8153,0.10973425330287044,1558190927,5,47460,49,8132
0.9938268741655261,1554001096,10,47325,49,8108,0.9984108003899461,1554001619,12,47349,49,8105,0.27048100868733826,1560292348,8,47513,49,8131,0.6365373649185799,1547704281,3,47171,49,8094,0.46834774864576867,1547704870,5,47104,49,8131
0.9938268741655261,1554001096,10,47325,49,8108,0.9984108003899461,1554001619,12,47349,49,8105,0.27048100868733826,1560292348,8,47513,49,8131,0.6365373649185799,1547704281,3,47171,49,8094,0.46834774864576867,1547704870,5,47104,49,8131
0.9102934380258321,1551904941,14,47288,49,8159,0.47854364498579616,1547708364,7,47126,49,8111,0.8804104157264188,1551903852,9,47261,49,8127,1.2268832642544232,1556092812,3,47423,49,8098,0.611853572775558,1549802203,5,47169,49,8049
0.8719433044615509,1551901428,5,47272,49,8142,0.5075102473085115,1547708112,7,47138,49,8079,0.30974942247279114,1560291504,7,47528,49,8124,0.8906062843847421,1551898090,3,47280,49,8083,0.47905664883340043,1547705256,5,47111,49,8105
0.517001482545941,1547709882,10,47120,49,8070,0.7036459208481974,1549806752,10,47223,49,8150,0.4668215434602017,1545611588,8,47084,49,8113,1.1032653879415018,1553995789,4,47371,49,8093,0.23416817233778872,1560288240,5,47512,49,8086
0.517001482545941,1547709882,10,47120,49,8070,0.7036459208481974,1549806752,10,47223,49,8150,0.4668215434602017,1545611588,8,47084,49,8113,1.1032653879415018,1553995789,4,47371,49,8093,0.23416817233778872,1560288240,5,47512,49,8086
0.5294446924604433,1547710031,10,47126,49,8135,0.2269223005170465,1560291275,7,47529,49,8074,0.8569516051691711,1551903880,9,47251,49,8115,0.17919054364259368,1558189782,3,47495,49,8129,0.33147016766502296,1562385070,5,47558,49,8181
0.5294446924604433,1547710031,10,47126,49,8135,0.2269223005170465,1560291275,7,47529,49,8074,0.8569516051691711,1551903880,9,47251,49,8115,0.17919054364259368,1558189782,3,47495,49,8129,0.33147016766502296,1562385070,5,47558,49,8181
0.5732003916757585,1547711255,15,47145,49,8102,0.3243271149707683,1562390862,12,47574,49,8085,0.2603836822860621,1560292317,9,47508,49,8144,0.18877854283793252,1558189998,4,47497,49,8155,0.19642960371488427,1560287655,4,47498,49,8150
0.5732003916757585,1547711255,15,47145,49,8102,0.3243271149707683,1562390862,12,47574,49,8085,0.2603836822860621,1560292317,9,47508,49,8144,0.18877854283793252,1558189998,4,47497,49,8155,0.19642960371488427,1560287655,4,47498,49,8150
1.075116667510887,1553998559,6,47359,49,8165,1.043594086000012,1556099067,12,47370,49,8066,1.1324402033213288,1556097921,9,47366,49,8089,0.6143016985539184,1547704518,3,47165,49,8075,0.4541720511527866,1545607888,5,47091,49,8104
1.075116667510887,1553998559,6,47359,49,8165,1.043594086000012,1556099067,12,47370,49,8066,1.1324402033213288,1556097921,9,47366,49,8089,0.6143016985539184,1547704518,3,47165,49,8075,0.4541720511527866,1545607888,5,47091,49,8104
0.25324192458273287,1560289842,5,47521,49,8149,0.17521069269714687,1560293484,12,47500,49,8090,1.1635482217501876,1556098072,9,47381,49,8170,0.3794069397816844,1545606805,3,47068,49,8121,1.2611531834592753,1558191105,5,47443,49,8079
0.25324192458273287,1560289842,5,47521,49,8149,0.17521069269714687,1560293484,12,47500,49,8090,1.1635482217501876,1556098072,9,47381,49,8170,0.3794069397816844,1545606805,3,47068,49,8121,1.2611531834592753,1558191105,5,47443,49,8079
0,1558196177,13,47403,49,8149,0.4800734871338862,1547708448,7,47127,49,8111,1.1518188163917704,1556097812,8,47376,49,8142,0.11911592653382692,1558190022,3,47468,49,8127,0.8751033924297636,1551899515,5,47273,49,8165
0,1558196177,13,47403,49,8149,0.4800734871338862,1547708448,7,47127,49,8111,1.1518188163917704,1556097812,8,47376,49,8142,0.11911592653382692,1558190022,3,47468,49,8127,0.8751033924297636,1551899515,5,47273,49,8165
1.0238140008231855,1554002479,15,47334,49,3,0.8565352274342545,1551904975,12,47284,49,8085,1.1635482217501876,1556097513,8,47381,49,8166,1.0807248593367431,1553995595,3,47360,49,8100,0.49660055737185993,1547705014,5,47112,49,8115
1.0238140008231855,1554002479,15,47334,49,3,0.8565352274342545,1551904975,12,47284,49,8085,1.1635482217501876,1556097513,8,47381,49,8166,1.0807248593367431,1553995595,3,47360,49,8100,0.49660055737185993,1547705014,5,47112,49,8115
0.8814290662637783,1554001574,13,47274,49,8132,1.1986266670273626,1558195885,11,47434,49,8066,1.166710142489922,1556097911,8,47382,49,8130,0.7473030913476963,1549801511,3,47221,49,8078,1.3130692889808573,1560287424,5,47459,49,8087
0.8814290662637783,1554001574,13,47274,49,8132,1.1986266670273626,1558195885,11,47434,49,8066,1.166710142489922,1556097911,8,47382,49,8130,0.7473030913476963,1549801511,3,47221,49,8078,1.3130692889808573,1560287424,5,47459,49,8087
0.8003437424769394,1551905767,16,47237,49,8174,0.37736409052155195,1562388107,6,47598,49,8099,1.179051111372516,1556097047,7,47389,49,8109,0.35095102399611644,1545607272,3,47051,49,8105,0.9366074752155448,1553996720,5,47294,49,8147
0.8003437424769394,1551905767,16,47237,49,8174,0.37736409052155195,1562388107,6,47598,49,8099,1.179051111372516,1556097047,7,47389,49,8109,0.35095102399611644,1545607272,3,47051,49,8105,0.9366074752155448,1553996720,5,47294,49,8147
0.4497869755016184,1562389990,11,47602,49,8099,0.1692939330833582,1560293057,11,47510,49,8057,0.9752661688454565,1554000221,8,47299,49,8130,0.7801454204305888,1549801583,3,47235,49,8083,0.17633533571058102,1560287707,5,47492,49,8079
0.4497869755016184,1562389990,11,47602,49,8099,0.1692939330833582,1560293057,11,47510,49,8057,0.9752661688454565,1554000221,8,47299,49,8130,0.7801454204305888,1549801583,3,47235,49,8083,0.17633533571058102,1560287707,5,47492,49,8079
0.7515895766919921,1549804396,6,47219,49,8132,0.38950242865326623,1562388529,7,47598,49,8132,0.25059306643883156,1560290937,7,47500,49,8130,0.3731853355845761,1545606603,3,47065,49,8078,1.120502590071539,1556093140,5,47379,49,8116
0.7729069745568808,1549806390,9,47226,49,8136,0.7482176501587839,1551904911,13,47241,49,8138,0.3879795384647888,1562388387,7,47561,49,8109,1.1129537548085584,1556093151,3,47380,49,5,0.7685200926874936,1551899102,5,47222,49,8146
0.7729069745568808,1549806390,9,47226,49,8136,0.7482176501587839,1551904911,13,47241,49,8138,0.3879795384647888,1562388387,7,47561,49,8109,1.1129537548085584,1556093151,3,47380,49,5,0.7685200926874936,1551899102,5,47222,49,8146
0.32382282844363625,1560290519,6,47549,49,8136,0.32901887894938414,1562388596,7,47575,49,8158,1.1126526402431702,1554001211,10,47360,49,8179,1.1843506923290177,1556093231,3,47408,49,8136,0.9489465869376699,1553995838,5,47309,49,8114
0.32382282844363625,1560290519,6,47549,49,8136,0.32901887894938414,1562388596,7,47575,49,8158,1.1126526402431702,1554001211,10,47360,49,8179,1.1843506923290177,1556093231,3,47408,49,8136,0.9489465869376699,1553995838,5,47309,49,8114
0.4557018853472412,1562389829,10,47608,49,8133,0.7952374938630024,1551904953,12,47260,49,8066,1.048804505134843,1553999982,8,47340,49,8088,0.9768926813446526,1553995461,3,47322,49,8152,0.6559159777980766,1549802369,5,47182,49,8166
0.4557018853472412,1562389829,10,47608,49,8133,0.7952374938630024,1551904953,12,47260,49,8066,1.048804505134843,1553999982,8,47340,49,8088,0.9768926813446526,1553995461,3,47322,49,8152,0.6559159777980766,1549802369,5,47182,49,8166
0.758524984656987,1549804557,6,47223,49,8170,0.1704166957440705,1560293974,13,47506,49,8095,0.9898507674199996,1554001768,10,47318,49,8088,0.639392578822847,1549800774,3,47176,49,8074,0.38359074970564294,1545607197,4,47060,49,8114
0.758524984656987,1549804557,6,47223,49,8170,0.1704166957440705,1560293974,13,47506,49,8095,0.9898507674199996,1554001768,10,47318,49,8088,0.639392578822847,1549800774,3,47176,49,8074,0.38359074970564294,1545607197,4,47060,49,8114
0.1954109425120983,1560293954,15,47496,49,8142,0.027215757483417702,1558196499,12,47446,49,8085,1.149370678666688,1556098469,9,47386,49,8046,0.6350056833917448,1547704112,3,47179,49,8142,0.501087848132448,1547704402,5,47118,49,8106
0.1954109425120983,1560293954,15,47496,49,8142,0.027215757483417702,1558196499,12,47446,49,8085,1.149370678666688,1556098469,9,47386,49,8046,0.6350056833917448,1547704112,3,47179,49,8142,0.501087848132448,1547704402,5,47118,49,8106
0.2884301375459806,1560290189,6,47536,49,8134,0.2282476638164119,1560290968,6,47523,49,8073,0.7830061344390212,1549806521,9,47226,49,8158,1.0940863399660068,1553996002,3,47366,49,8166,1.0709323739714778,1556093350,5,47363,49,8153
0,1560290189,6,47536,49,8134,0.2282476638164119,1560290968,6,47523,49,8073,0.7830061344390212,1549806521,9,47226,49,8158,1.0940863399660068,1553996002,3,47366,49,8166,1.0709323739714778,1556093350,5,47363,49,8153
0.7663786659466595,1549807503,12,47226,49,8117,0.8793824708432434,1551902231,7,47299,49,8092,0.5928875301033323,1547709464,9,47146,49,8121,0.6494899053332313,1549801222,3,47181,49,8143,0.8692907290237709,1551899464,5,47268,49,8177
0.7663786659466595,1549807503,12,47226,49,8117,0.8793824708432434,1551902231,7,47299,49,8092,0.5928875301033323,1547709464,9,47146,49,8121,0.6494899053332313,1549801222,3,47181,49,8143,0.8692907290237709,1551899464,5,47268,49,8177
0.14533140482877296,1558195519,10,47475,49,8137,0.4980244948472055,1547708424,7,47134,49,8026,0,1562389240,8,47589,49,8142,0.24905763483311266,1560286626,3,47523,49,8090,0.6393925734607274,1549801985,5,47178,49,8141
0.14533140482877296,1558195519,10,47475,49,8137,0.4980244948472055,1547708424,7,47134,49,8026,0.42857362151183054,1562389240,8,47589,49,8142,0.24905763483311266,1560286626,3,47523,49,8090,0.6393925734607274,1549801985,5,47178,49,8141
0.5051698478741017,1547711142,15,47115,49,8120,0.9640386390141547,1553999799,7,47333,49,8050,1.2567718846805243,1558194904,9,47429,49,8152,0.7501583013219261,1549801831,3,47226,49,8120,1.2909358352316858,1558190094,4,47454,49,8170
0.5051698478741017,1547711142,15,47115,49,8120,0.9640386390141547,1553999799,7,47333,49,8050,1.2567718846805243,1558194904,9,47429,49,8152,0.7501583013219261,1549801831,3,47226,49,8120,1.2909358352316858,1558190094,4,47454,49,8170
0,1549804265,5,47201,49,8121,0.7427098605414894,1551905177,12,47236,49,8077,1.0900098505976616,1556097938,9,47360,49,8130,0.34258613922194264,1545607126,3,47054,49,8057,1.13610770977915,1556093811,5,47388,49,8081
0.7093637201306264,1549804265,5,47201,49,8121,0.7427098605414894,1551905177,12,47236,49,8077,1.0900098505976616,1556097938,9,47360,49,8130,0.34258613922194264,1545607126,3,47054,49,8057,1.13610770977915,1556093811,5,47388,49,8081
1.194858831338623,1556098786,11,47409,49,8154,0.4109202323545327,1545609697,5,47097,49,8144,0.1993907560698227,1560292428,9,47492,49,8139,0.0441499819888473,1558189958,3,47436,49,8098,0.6045110654442372,1547704891,5,47160,49,8122
1.194858831338623,1556098786,11,47409,49,8154,0.4109202323545327,1545609697,5,47097,49,8144,0.1993907560698227,1560292428,9,47492,49,8139,0.0441499819888473,1558189958,3,47436,49,8098,0.6045110654442372,1547704891,5,47160,49,8122
0.4116394918185435,1562387016,5,47592,49,8144,0.31524972739003704,1562389670,11,47563,49,8113,0.07189713924196121,1558195241,9,47438,49,8126,0.9274265707291804,1551898927,3,47296,49,8111,1.1322319883841947,1556093744,5,47386,49,8122
0.4116394918185435,1562387016,5,47592,49,8144,0.31524972739003704,1562389670,11,47563,49,8113,0.07189713924196121,1558195241,9,47438,49,8126,0.9274265707291804,1551898927,3,47296,49,8111,1.1322319883841947,1556093744,5,47386,49,8122
0.8802040825490901,1551904311,10,47278,49,8134,0.5825784315164804,1547709799,11,47166,49,8135,0.6802967026309072,1549807070,9,47185,49,21,1.0537974139201343,1553995943,3,47353,49,8119,1.0003533431746512,1553996805,5,47327,49,8113
0.2446744408282121,1560290552,6,47517,49,18,0.8499065530970074,1551902240,7,47281,49,8061,0.07964858550202045,1558193984,7,47442,49,8155,1.2266787786656215,1556092849,3,47427,49,8123,0.8791835826759513,1553996243,5,47275,49,8156
0.2446744408282121,1560290552,6,47517,49,18,0.8499065530970074,1551902240,7,47281,49,8061,0.07964858550202045,1558193984,7,47442,49,8155,1.2266787786656215,1556092849,3,47427,49,8123,0.8791835826759513,1553996243,5,47275,49,8156
0.5903353649929727,1547709802,10,47152,49,8090,0.1583824595898929,1560290092,6,47493,49,8090,0.3637046697982236,1562389706,9,47561,49,8156,0.39674636775975164,1545607427,3,47076,49,8099,0.6172609674778295,1549802212,5,47166,49,8084
0.5903353649929727,1547709802,10,47152,49,8090,0.1583824595898929,1560290092,6,47493,49,8090,0.3637046697982236,1562389706,9,47561,49,8156,0.39674636775975164,1545607427,3,47076,49,8099,0.6172609674778295,1549802212,5,47166,49,8084
0.6734617019187642,1549806892,9,47185,49,8143,0.1858173486076524,1560291458,7,47512,49,8077,0.22907117050992043,1560292523,9,47505,49,8129,0.16848165149843808,1558189947,3,47490,49,8141,1.1778242334773872,1556093419,5,47406,49,8126
0.6734617019187642,1549806892,9,47185,49,8143,0.1858173486076524,1560291458,7,47512,49,8077,0.22907117050992043,1560292523,9,47505,49,8129,0.16848165149843808,1558189947,3,47490,49,8141,1.1778242334773872,1556093419,5,47406,49,8126
0.8060541705244159,1551904576,14,47245,49,8165,0.3129038470205419,1562391130,13,47562,49,8088,0.09923167294794039,1558195037,8,47450,49,2,1.141818116395162,1556093383,3,47395,49,8145,0.6262355542126624,1549802491,5,47174,49,8126
0.8060541705244159,1551904576,14,47245,49,8165,0.3129038470205419,1562391130,13,47562,49,8088,0.09923167294794039,1558195037,8,47450,49,2,1.141818116395162,1556093383,3,47395,49,8145,0.6262355542126624,1549802491,5,47174,49,8126
1.052473898388262,1553999043,6,47349,49,8144,0.4641616741433226,1547710742,12,47119,49,8065,1.2183195080496017,1556097864,8,47414,49,8165,0.9378287453086563,1553995775,3,47307,49,8089,1.295322752541675,1558191054,5,47454,49,8116
1.052473898388262,1553999043,6,47349,49,8144,0.4641616741433226,1547710742,12,47119,49,8065,1.2183195080496017,1556097864,8,47414,49,8165,0.9378287453086563,1553995775,3,47307,49,8089,1.295322752541675,1558191054,5,47454,49,8116
0.11330511198524201,1558193285,6,47461,49,8134,0.6899795966264779,1549805602,7,47209,49,8088,1.0854203260516315,1554000677,9,47357,49,8145,0.756686608580689,1549801963,3,47227,49,8137,0.7094641215011118,1549802030,5,47206,49,8162
0.11330511198524201,1558193285,6,47461,49,8134,0.6899795966264779,1549805602,7,47209,49,8088,1.0854203260516315,1554000677,9,47357,49,8145,0.756686608580689,1549801963,3,47227,49,8137,1.145900182163706,1556093155,4,47391,49,8185
0.7742323472786565,1551905737,15,47229,49,8094,0.7739201132911809,1551903986,11,47248,49,8096,0.23927073428838708,1560292882,9,47509,49,8170,0.33962869590055383,1545606997,3,47052,49,8170,0.2954677846389957,1560287985,5,47537,49,8141
0.7742323472786565,1551905737,15,47229,49,8094,0.7739201132911809,1551903986,11,47248,49,8096,0.23927073428838708,1560292882,9,47509,49,8170,0.33962869590055383,1545606997,3,47052,49,8170,0.2954677846389957,1560287985,5,47537,49,8141
0.05149617026011217,1558196037,11,47435,49,8118,1.1621131242492522,1556099187,12,47410,49,8027,0.15573729149440843,1558195993,10,47472,49,6,0.4854827238398363,1545607223,3,47110,49,8089,0.8009534711601795,1551899626,5,47245,49,8129
0.05149617026011217,1558196037,11,47435,49,8118,1.1621131242492522,1556099187,12,47410,49,8027,0.15573729149440843,1558195993,10,47472,49,6,0.4854827238398363,1545607223,3,47110,49,8089,0.8009534711601795,1551899626,5,47245,49,8129
0.5660605182435334,1547705776,4,47142,49,8149,0.2700645639754963,1562390989,13,47548,49,8146,1.2238273102225181,1556097990,9,47416,49,8175,0.17909016608215408,1558190367,3,47490,49,8122,1.245650294475398,1558191230,5,47437,49,8047
0.5660605182435334,1547705776,4,47142,49,8149,0.2700645639754963,1562390989,13,47548,49,8146,1.2238273102225181,1556097990,9,47416,49,8175,0.17909016608215408,1558190367,3,47490,49,8122,1.245650294475398,1558191230,5,47437,49,8047
1.0949042307168029,1556097641,9,47365,49,8114,0.636533686039404,1549808398,13,47187,49,8116,1.0475795167607327,1554000654,9,47344,49,8176,0.9342597358973034,1553995396,3,47302,49,8106,0.35074652792276123,1545607892,5,47059,49,8135
1.0949042307168029,1556097641,9,47365,49,8114,0.636533686039404,1549808398,13,47187,49,8116,1.0475795167607327,1554000654,9,47344,49,8176,0.9342597358973034,1553995396,3,47302,49,8106,0.35074652792276123,1545607892,5,47059,49,8135
0.2139735134633527,1560294261,16,47506,49,8166,0.6230699716870918,1549806827,11,47183,49,8139,0.6968201037157217,1549806852,9,47191,49,8117,0.16338280279659637,1558190437,3,47484,49,8137,0.3005666306255472,1562384880,5,47543,49,8074
0.2139735134633527,1560294261,16,47506,49,8166,0.6230699716870918,1549806827,11,47183,49,8139,0.6968201037157217,1549806852,9,47191,49,8117,0.16338280279659637,1558190437,3,47484,49,8137,0.3005666306255472,1562384880,5,47543,49,8074
0,1562387087,5,47593,49,8149,1.035640063024974,1556098938,12,47354,49,8109,0.5645324923279413,1547709291,8,47136,49,8110,0.804011315610414,1551898715,3,47251,49,8119,0.46396085591520386,1547705161,5,47109,49,8103
0.4205136726233151,1562387087,5,47593,49,8149,1.035640063024974,1556098938,12,47354,49,8109,0.5645324923279413,1547709291,8,47136,49,8110,0.804011315610414,1551898715,3,47251,49,8119,0.46396085591520386,1547705161,5,47109,49,8103
0.08280866064669538,1558193241,6,47448,49,8155,1.021462541348878,1553999091,6,47349,49,8083,0.2041847552961738,1560292208,9,47493,49,8162,1.0919430631941598,1556092993,3,47372,49,8095,0.21193248584507526,1560288281,5,47508,49,8056
0.08280866064669538,1558193241,6,47448,49,8155,1.021462541348878,1553999091,6,47349,49,8083,0.2041847552961738,1560292208,9,47493,49,8162,1.0919430631941598,1556092993,3,47372,49,8095,0.21193248584507526,1560288281,5,47508,49,8056
0.21652387036186138,1560293431,11,47505,49,8126,0.5055714875659089,1547708890,7,47135,49,8123,0.8040168301455489,1551903307,8,47236,49,8133,1.0072868847320862,1553995985,3,47338,49,8127,0.8380804681780901,1551899539,5,47257,49,8154
0.8171720070604327,1551904580,11,47248,49,8140,0,1560293049,12,47493,49,8083,0.941710012647458,1551903354,9,47294,49,28,0.7905494480538986,1551897868,3,47239,49,8069,1.2396331733716068,1558190536,5,47432,49,8064
0.8171720070604327,1551904580,11,47248,49,8140,0.14512135095292775,1560293049,12,47493,49,8083,0.941710012647458,1551903354,9,47294,49,28,0.7905494480538986,1551897868,3,47239,49,8069,1.2396331733716068,1558190536,5,47432,49,8064
0.14563811612573366,1558196160,11,47472,49,8124,0.12574274715762038,1558194374,7,47483,49,8091,0.5349543081178387,1547708243,7,47122,49,8154,0.8282861602862843,1551898742,3,47261,49,8078,0.8490960693613571,1551899541,5,47261,49,8114
0.14563811612573366,1558196160,11,47472,49,8124,0.12574274715762038,1558194374,7,47483,49,8091,0.5349543081178387,1547708243,7,47122,49,8154,0.8282861602862843,1551898742,3,47261,49,8078,0.8490960693613571,1551899541,5,47261,49,8114
1.0648148662178605,1553998503,6,47356,49,8114,0.4915984403434026,1547708353,7,47128,49,8121,0.41510991072237274,1562388736,7,47585,49,8183,1.2176019762797334,1556092679,3,47420,49,8143,0.7740260370964748,1551899658,5,47237,49,8104
1.0648148662178605,1553998503,6,47356,49,8114,0.4915984403434026,1547708353,7,47128,49,8121,0.41510991072237274,1562388736,7,47585,49,8183,1.2176019762797334,1556092679,3,47420,49,8143,0.7740260370964748,1551899658,5,47237,49,8104
0.8069724447254429,1551905809,16,47244,49,8034,0.8555165975280936,1551904548,12,47280,49,8136,0.2556919017901489,1560292505,9,47516,49,8064,0.21896826825346527,1560287243,3,47515,49,8110,0.6166475629088748,1549802159,5,47172,49,8129
0.8069724447254429,1551905809,16,47244,49,8034,0.8555165975280936,1551904548,12,47280,49,8136,0.2556919017901489,1560292505,9,47516,49,8064,0.21896826825346527,1560287243,3,47515,49,8110,0.6166475629088748,1549802159,5,47172,49,8129
0.9554767430286979,1554001770,14,47308,49,8177,0,1547708526,7,47146,49,8095,0.38002359858920265,1562388406,7,47569,49,8170,0.843075246020277,1551898823,3,47268,49,8122,0.6945727984604161,1549801669,4,47200,49,8174
0.9554767430286979,1554001770,14,47308,49,8177,0,154770856,7,47146,49,8095,0.38002359858920265,1562388406,7,47569,49,8170,0.843075246020277,1551898823,3,47268,49,8122,0.6945727984604161,1549801669,4,47200,49,8174
0.8012620159396687,1551905521,14,47236,49,8098,0.7323058335365636,1551905154,13,47232,49,8092,0.6826425855378395,1549806931,9,47185,49,8119,1.0336027634721825,1553995560,3,47344,49,8079,0.44305239608024394,1545607426,5,47098,49,8173
0.8012620159396687,1551905521,14,47236,49,8098,0.7323058335365636,1551905154,13,47232,49,8092,0.6826425855378395,1549806931,9,47185,49,8119,1.0336027634721825,1553995560,3,47344,49,8079,0.44305239608024394,1545607426,5,47098,49,8173
0.28475889272678667,1560290349,6,47532,49,8117,1.125802156747273,1556096067,5,47390,49,8096,0.5763641318366172,1547709202,8,47139,49,8118,1.086537495695776,1556092694,3,47371,49,8118,1.177619754041027,1556093576,5,47408,49,8118
0.28475889272678667,1560290349,6,47532,49,8117,1.125802156747273,1556096067,5,47390,49,8096,0.5763641318366172,1547709202,8,47139,49,8118,1.086537495695776,1556092694,3,47371,49,8118,1.177619754041027,1556093576,5,47408,49,8118
0.4634533334652951,1545609962,6,47100,49,8115,0.6340855701782693,1549806924,11,47179,49,8003,1.1964927788704725,1556098241,9,47403,49,8083,0.4258151994115447,1545607184,3,47089,49,8085,1.1497758988799966,1556093860,5,47395,49,8152
0.16185480824268136,1558195240,10,47481,49,8106,1.07653867066342,1556098753,11,47377,49,8120,0.08515638848078409,1558192284,4,47443,49,8141,0.4907860520373939,1547703526,3,47116,49,8081,0.5841119306300594,1547704998,5,47157,49,8103
0.16185480824268136,1558195240,10,47481,49,8106,1.07653867066342,1556098753,11,47377,49,8120,0.08515638848078409,1558192284,4,47443,49,8141,0.4907860520373939,1547703526,3,47116,49,8081,0.5841119306300594,1547704998,5,47157,49,8103
0.530770072491617,1547710235,13,47128,49,8145,0.6860016450871236,1549805622,7,47206,49,8110,0.7843315101312738,1549805960,8,47228,49,8138,0.9919884695859233,1553996030,3,47330,49,8101,0.45396575599388134,1547704797,5,47105,49,8063
0.7504668336200195,1551905711,15,47222,49,8142,0.5157710468844002,1547708668,7,47139,49,8090,1.0134118166452066,1554001366,9,47326,49,8099,0.4719167740782882,1545607238,3,47109,49,8081,0.17011371435255732,1560287868,4,47496,49,8150
0.7504668336200195,1551905711,15,47222,49,8142,0.5157710468844002,1547708668,7,47139,49,8090,1.0134118166452066,1554001366,9,47326,49,8099,0.4719167740782882,1545607238,3,47109,49,8081,0.17011371435255732,1560287868,4,47496,49,8150
0.38603926599929456,1562390738,14,47579,49,8139,0.5518775241458266,1547708487,7,47145,49,8097,0.7319060880431921,1549806341,8,47206,49,8126,0.05639056150858733,1558189634,3,47439,49,8115,0.4214319416200751,1545608168,5,47080,49,8140
0.38603926599929456,1562390738,14,47579,49,8139,0.5518775241458266,1547708487,7,47145,49,8097,0.7319060880431921,1549806341,8,47206,49,8126,0.05639056150858733,1558189634,3,47439,49,8115,0.4214319416200751,1545608168,5,47080,49,8140
0,1554000867,10,47346,49,8172,0.18112559149129778,1560293109,11,47509,49,8088,0.24865426041036337,1560292507,9,47512,49,8148,0.5072072165229847,1547704071,3,47123,49,8108,0.3228004348580361,1545607761,5,47047,49,8067
1.115098880869937,1556095781,6,47375,49,8167,0.7277163063724339,1551904779,12,47230,49,8138,0.2703787540063573,1560292522,9,47523,49,8136,0.47110073624268045,1545607007,3,47109,49,8131,0.9048860220057114,1553996076,4,47292,49,8097
1.115098880869937,1556095781,6,47375,49,8167,0.7277163063724339,1551904779,12,47230,49,8138,0.2703787540063573,1560292522,9,47523,49,8136,0.47110073624268045,1545607007,3,47109,49,8131,0.9048860220057114,1553996076,4,47292,49,8097
0.057820010110984456,1558196076,11,47437,49,8135,0.13900198579908837,1558195919,11,47482,49,8062,0.35666702829874747,1562388393,7,47557,49,8097,0.4803838495946672,1545607168,3,47106,49,8114,0.3655374871370625,1562384863,5,47572,49,8048
0.8372644293065702,1551904567,11,47257,49,8150,1.0318647019065526,1554001804,12,47360,49,8083,0,1558195720,9,47455,49,8168,0.9046815582234368,1551898905,3,47290,49,8084,0.3668632940966382,1545608223,5,47063,49,8077
0.06200244561586522,1558196053,11,47434,49,8131,0.8471535872159339,1551902682,7,47275,49,8106,0.8179898838637584,1551904140,9,47242,49,8093,0.18775802036067307,1560286789,3,47501,49,8130,0.40174662583722115,1547704636,5,47073,49,8144
0.06200244561586522,1558196053,11,47434,49,8131,0.8471535872159339,1551902682,7,47275,49,8106,0.8179898838637584,1551904140,9,47242,49,8093,0.18775802036067307,1560286789,3,47501,49,8130,0.40174662583722115,1547704636,5,47073,49,8144
0.9852593966300851,1553998125,5,47318,49,8131,0.7085421708424736,1549805420,7,47218,49,8040,0.5278144348067316,1547709618,9,47119,49,8131,0.7934046600944614,1551898594,3,47243,49,8087,0.4506012001994209,1547704642,4,47096,49,8056
0.9852593966300851,1553998125,5,47318,49,8131,0.7085421708424736,1549805420,7,47218,49,8040,0.5278144348067316,1547709618,9,47119,49,8131,0.7934046600944614,1551898594,3,47243,49,8087,0.4506012001994209,1547704642,4,47096,49,8056
0.1172830757723561,1558193312,6,47460,49,8128,0.22467679595726642,1560291301,7,47522,49,8074,0.8468542605556814,1551903969,9,47255,49,8101,0.8706142475301154,1551898934,3,47278,49,8088,1.1309066184271959,1556093956,5,47386,49,8124
0.1172830757723561,1558193312,6,47460,49,8128,0.22467679595726642,1560291301,7,47522,49,8074,0.8468542605556814,1551903969,9,47255,49,8101,0.8706142475301154,1551898934,3,47278,49,8088,1.1309066184271959,1556093956,5,47386,49,8124
0.2142802317287589,1560292970,11,47501,49,8102,0.5831900031234863,1549807238,11,47167,49,8067,0.8369614022635197,1551903245,8,47248,49,8096,0.8432797194985541,1551898809,3,47266,49,8119,0.2975069489450235,1562384809,5,47541,49,8130
0.2142802317287589,1560292970,11,47501,49,8102,0.5831900031234863,1549807238,11,47167,49,8067,0.8369614022635197,1551903245,8,47248,49,8096,0.8432797194985541,1551898809,3,47266,49,8119,0.2975069489450235,1562384809,5,47541,49,8130
0.05955432867680373,1558196934,15,47434,49,8140,0.5118953211875649,1547708554,7,47138,49,8148,0.5700402940970337,1547709630,9,47137,49,8168,0.20581126377983472,1560287455,3,47508,49,8086,0.21111644611947475,1560288294,5,47508,49,8076
0.6817224896759053,1549804285,5,47190,49,8180,0.48170557994477287,1547710165,11,47122,49,8062,0.3198467323342227,1560292369,9,47542,49,8139,0.7897334092579995,1549800711,3,47239,49,8118,0.20877056541484573,1560288126,5,47507,49,8152
0.6817224896759053,1549804285,5,47190,49,8180,0.48170557994477287,1547710165,11,47122,49,8062,0.3198467323342227,1560292369,9,47542,49,8139,0.7897334092579995,1549800711,3,47239,49,8118,0.20877056541484573,1560288126,5,47507,49,8152
0.9155967726697339,1551904420,11,47289,49,8143,0.9406820880069683,1554002748,14,47318,49,8059,0.34187794026513213,1562389128,9,47550,49,8165,0.5838052449013126,1547704622,3,47154,49,8130,0.607061406208595,1549802230,5,47162,49,8185
0.9155967726697339,1551904420,11,47289,49,8143,0.9406820880069683,1554002748,14,47318,49,8059,0.34187794026513213,1562389128,9,47550,49,8165,0.5838052449013126,1547704622,3,47154,49,8130,0.607061406208595,1549802230,5,47162,49,8185
0.07842361222393711,1558192997,6,47441,49,8136,0.3093329661092639,1562390549,12,47564,49,8070,0.43234711727849295,1562388912,8,47591,49,8125,0.4493762435907663,1545607482,3,47096,49,8082,1.0512489111206378,1556093173,4,47351,49,8144
0.07842361222393711,1558192997,6,47441,49,8136,0.3093329661092639,1562390549,12,47564,49,8070,0.43234711727849295,1562388912,8,47591,49,8125,0.4493762435907663,1545607482,3,47096,49,8082,1.0512489111206378,1556093173,4,47351,49,8144
0.965676310258149,1554001014,10,47310,49,8096,1.065523065792229,1556099315,12,47374,49,8106,1.2103635877911936,1556098468,10,47411,49,8149,0.6736625126180922,1549801940,4,47193,49,8107,0.7617873015684787,1551899187,5,47229,49,8101
0.4840569263678816,1547711666,16,47103,49,8112,0.861431481976103,1551905185,13,47287,49,8118,0.529344280074795,1547708360,7,47119,49,23,0.931811617901584,1551898678,3,47302,49,8123,0.30852067667572697,1562384964,5,47553,49,8064
0.4840569263678816,1547711666,16,47103,49,8112,0.861431481976103,1551905185,13,47287,49,8118,0.529344280074795,1547708360,7,47119,49,23,0.931811617901584,1551898678,3,47302,49,8123,0.30852067667572697,1562384964,5,47553,49,8064
0.12401400983234759,1558195883,10,47465,49,8118,0.7379158665096751,1551904133,10,47234,49,8095,0.9414033082379326,1551903767,9,47295,49,8118,1.2418768238631976,1556092317,3,47430,49,8172,1.1426360221897436,1556093669,5,47391,49,4
0.12401400983234759,1558195883,10,47465,49,8118,0.7379158665096751,1551904133,10,47234,49,8095,0.9414033082379326,1551903767,9,47295,49,8118,1.2418768238631976,1556092317,3,47430,49,8172,1.1426360221897436,1556093669,5,47391,49,4
1.0005578135207784,1553998203,5,47327,49,8190,0.6811054093176057,1549807361,11,47199,49,8030,0.13911165462955158,1558193942,7,47465,49,8140,0.3088274059888732,1560287676,3,47546,49,8140,0.7988120640013883,1551899181,5,47241,49,8125
1.0005578135207784,1553998203,5,47327,49,8190,0.6811054093176057,1549807361,11,47199,49,8030,0.13911165462955158,1558193942,7,47465,49,8140,0.3088274059888732,1560287676,3,47546,49,8140,0.7988120640013883,1551899181,5,47241,49,8125
0.20040942340306636,1560291823,9,47492,49,8181,0.9475152513303183,1554001885,12,47315,49,8015,0.07893478613549189,1558195870,10,47439,49,18,1.086844217918246,1553995455,4,47366,49,8070,1.0075935916429264,1553997033,5,47338,49,8103
0.05159841310633251,1558195510,10,47431,49,8119,0.9247702493673143,1554001675,11,47314,49,8045,0.5394416100191297,1547709934,10,47124,49,8153,0.4085780029128399,1545607472,4,47080,49,8167,0.6639741167724357,1549802155,5,47187,49,8094
0.05159841310633251,1558195510,10,47431,49,8119,0.9247702493673143,1554001675,11,47314,49,8045,0,1547709934,10,47124,49,8153,0,1545607472,4,47080,49,8167,0.6639741167724357,1549802155,5,47187,49,8094
0.8467501907473115,1551900107,4,47259,49,8160,0.5831900031234863,1549808020,13,47167,49,8091,0.8601135100570743,1551904353,10,47260,49,8105,0.3402421347081733,1560286797,3,47558,49,8071,1.1804749577351896,1556093513,4,47411,49,8127
0.8467501907473115,1551900107,4,47259,49,8160,0.5831900031234863,1549808020,13,47167,49,8091,0.8601135100570743,1551904353,10,47260,49,8105,0.3402421347081733,1560286797,3,47558,49,8071,1.1804749577351896,1556093513,4,47411,49,8127
0.4768148198278738,1562389530,10,47614,49,20,0.23844723858009698,1560291597,7,47531,49,8026,1.1445766820823264,1556097196,8,47383,49,8102,0.17909016608215408,1558190292,3,47490,49,8078,0.4792611117476792,1547705280,5,47110,49,8133
0.4768148198278738,1562389530,10,47614,49,20,0.23844723858009698,1560291597,7,47531,49,8026,1.1445766820823264,1556097196,8,47383,49,8102,0.17909016608215408,1558190292,3,47490,49,8078,0.4792611117476792,1547705280,5,47110,49,8133
1.0815427532265691,1554002072,14,47357,49,8078,0.7476060914505627,1551904120,10,47237,49,8052,0.08678846829968084,1558195522,9,47442,49,8158,0.8566412007332221,1551898690,3,47271,49,8134,0.6634647813014215,1549801635,5,47184,49,8076
0.7863688565660473,1551905388,15,47235,49,8074,1.043798576380746,1556099380,12,47365,49,8079,0.819519728145506,1551904168,10,47242,49,14,1.1001034621820396,1556092372,3,47372,49,8106,0.3850187730352365,1545607895,5,47066,49,8077
1.0076976935016313,1553998748,6,47329,49,8109,0.31657508226422,1562391010,12,47559,49,8075,0.4990522891510358,1545612025,9,47104,49,8129,0.19132889471646722,1558189881,3,47498,49,8081,0.1355389393142868,1558190504,5,47472,49,8161
1.0076976935016313,1553998748,6,47329,49,8109,0.31657508226422,1562391010,12,47559,49,8075,0.4990522891510358,1545612025,9,47104,49,8129,0.19132889471646722,1558189881,3,47498,49,8081,0.1355389393142868,1558190504,5,47472,49,8161
0.4299994298901621,1562387570,6,47595,49,8122,0,1560292895,11,47493,49,8010,0.5362796912839437,1547709440,9,47123,49,8122,0.9368100910262415,1551898077,3,47301,49,8075,0.2686425806483832,1560287782,5,47527,49,8117
0.4299994298901621,1562387570,6,47595,49,8122,0.15848282183719395,1560292895,11,47493,49,8010,0.5362796912839437,1547709440,9,47123,49,8122,0.9368100910262415,1551898077,3,47301,49,8075,0.2686425806483832,1560287782,5,47527,49,8117
0,1562390007,10,47599,49,8107,0.22447418993604007,1560293539,13,47526,49,8088,0.18766135438193196,1558195360,9,47485,49,8137,0.9208982566762113,1551898404,3,47296,49,8078,0.8588866898776543,,,,,
0,1562390007,10,47599,49,8107,0.22447418993604007,1560293539,13,47526,49,8088,0.18766135438193196,1558195360,9,47485,49,8137,0.9208982566762113,1551898404,3,47296,49,8078,0.8588866898776543,1551899267,5,47268,49,8130
0,1547710320,11,47146,49,8079,1.1240678248179365,1556096977,7,47402,49,8118,0.9649643550845998,1554000655,9,47304,49,8133,0.05506334580997589,1558190088,3,47441,49,8121,0.5377036621563492,1547705351,5,47137,49,8096
0,1553998890,6,47323,49,8122,0.5650345221243219,1547708146,7,47163,49,8121,0.9969906509786715,1554001123,9,47318,49,8143,0.5381107769994811,1547704478,3,47137,49,8147,0.35727485263912045,1545607350,4,47058,49,8145
0.9840344056284837,1553998890,6,47323,49,8122,0.5650345221243219,1547708146,7,47163,49,8121,0.9969906509786715,1554001123,9,47318,49,8143,0.5381107769994811,1547704478,3,47137,49,8147,0.35727485263912045,1545607350,4,47058,49,8145
0,1560290272,6,47518,49,8130,1.1432438308184842,1556098515,11,47406,49,8065,1.015655462711449,1554001298,9,47327,49,8099,1.0501261691719153,1553996097,3,47349,49,8170,0.2865917137231902,1560287901,5,47543,49,8078
0.246102045964138,1560290272,6,47518,49,8130,1.1432438308184842,1556098515,11,47406,49,8065,1.015655462711449,1554001298,9,47327,49,8099,1.0501261691719153,1553996097,3,47349,49,8170,0.2865917137231902,1560287901,5,47543,49,8078
0,1549806691,10,47229,49,8163,0.6913049629655524,1549805685,7,47213,49,8112,0.9789374051295288,1554001203,9,47311,49,8161,0.3292265342424894,1560286770,3,47553,49,8156,0.31576280073948,1562385291,5,47553,49,8128
0.7635216118923494,1549806691,10,47229,49,8163,0.6913049629655524,1549805685,7,47213,49,8112,0.9789374051295288,1554001203,9,47311,49,8161,0.3292265342424894,1560286770,3,47553,49,8156,0.31576280073948,1562385291,5,47553,49,8128
0,1558193007,5,47465,49,8154,0.24589195148494122,1560291434,7,47540,49,8061,0.9109068545135106,1551903114,8,47282,49,8181,0.7305752179387558,1549801297,3,47218,49,8078,0.3201478426040626,1562385168,5,47558,49,8122
0.12095432212773903,1558193007,5,47465,49,8154,0.24589195148494122,1560291434,7,47540,49,8061,0.9109068545135106,1551903114,8,47282,49,8181,0.7305752179387558,1549801297,3,47218,49,8078,0.3201478426040626,1562385168,5,47558,49,8122
0,1549806991,10,47197,49,8164,1.0916344665035944,1556099447,12,47383,49,8086,0.8365524643740007,1551903928,9,47251,49,8150,1.0853143796217273,1553995336,3,47364,49,8107,0.37859270529593464,1545608041,5,47065,49,8100
0.70069400280176,1549806991,10,47197,49,8164,1.0916344665035944,1556099447,12,47383,49,8086,0.8365524643740007,1551903928,9,47251,49,8150,1.0853143796217273,1553995336,3,47364,49,8107,0.37859270529593464,1545608041,5,47065,49,8100
0,1558195379,10,47431,49,8136,0.7685145439038152,1551904378,11,47247,49,8047,0.8164600431671635,1551902743,7,47240,49,8105,0.12411439798849712,1558190432,3,47468,49,8093,0.3385078071297584,1562384397,4,47562,49,8122
0.05425099764892866,1558195379,10,47431,49,8136,0.7685145439038152,1551904378,11,47247,49,8047,0.8164600431671635,1551902743,7,47240,49,8105,0.12411439798849712,1558190432,3,47468,49,8093,0.3385078071297584,1562384397,4,47562,49,8122
0,1549807017,10,47167,49,8146,0.5694214226714821,1547708316,7,47151,49,8126,0.8169693774053585,1551903750,9,47243,49,8074,0.3348365751106035,1560287023,3,47554,49,8090,0.29750695133883504,1560287850,5,47540,49,8083
0.6246053087041791,1549807017,10,4167,49,8146,0.5694214226714821,1547708316,7,47151,49,8126,0.8169693774053585,1551903750,9,47243,49,8074,0.3348365751106035,1560287023,3,47554,49,8090,0.29750695133883504,1560287850,5,47540,49,8083
0,1556095463,5,47397,49,8156,0.2997449593868068,1562390869,12,47555,49,8111,0.8232932073807002,1551902973,7,47250,49,8171,0.4399927236767138,1545607361,3,47091,49,8046,1.2197433690458317,1556093125,5,47426,49,8110
1.1681358668953365,1556095463,5,47397,49,8156,0,1560291325,7,47534,49,8106,0.8232932073807002,1551902973,7,47250,49,8171,0.4399927236767138,1545607361,3,47091,49,8046,1.2197433690458317,1556093125,5,47426,49,8110
1.153040063702618,1556096293,6,47393,49,8133,0.421528725579744,1545612948,12,47097,49,8164,0.3480995366751633,1562389949,10,47557,49,8115,1.0988784685220871,1556092331,3,47375,49,8089,0.32188216285154664,1562384722,4,47557,49,8102
1.153040063702618,1556096293,6,47393,49,8133,0.421528725579744,1545612948,12,47097,49,8164,0.3480995366751633,1562389949,10,47557,49,8115,1.0988784685220871,1556092331,3,47375,49,8089,0.32188216285154664,1562384722,4,47557,49,8102
0.04996633290440084,1558196942,15,47432,49,8061,0.6657029043724247,1549805448,7,47199,49,8083,1.1392733473818253,1556098321,9,47384,49,8129,0.6734580455739511,1549801895,3,47194,49,8115,0.2482434738488821,1560288078,5,47511,49,8121
0.04996633290440084,1558196942,15,47432,49,8061,0.6657029043724247,1549805448,7,47199,49,8083,1.1392733473818253,1556098321,9,47384,49,8129,0.6734580455739511,1549801895,3,47194,49,8115,0.2482434738488821,1560288078,5,47511,49,8121
0.471714126972007,1547710113,11,47105,49,8077,0.029357171526510246,1558193272,6,47446,49,8136,0.9546625460544437,1554001014,9,47306,49,8078,0.552390527763525,1547704655,3,47141,49,8078,0.47089811165272955,1547704998,5,47096,49,8134
0.471714126972007,1547710113,11,47105,49,8077,0.029357171526510246,1558193272,6,47446,49,8136,0.9546625460544437,1554001014,9,47306,49,8078,0.552390527763525,1547704655,3,47141,49,8078,0.47089811165272955,1547704998,5,47096,49,8134
0.6669334002165567,1549803640,5,47183,49,8157,0.18693822862262355,1560292803,11,47517,49,8077,0.571570129965431,1547709473,8,47142,49,8083,0.11218051964626533,1558189708,3,47465,49,8050,0.4647787388402197,1545607781,5,47092,49,8158
0.30474906926915685,1560291960,9,47542,49,8133,0.13961354364235085,1560293506,12,47493,49,8053,0.9025438315655503,1551903526,8,47281,49,8143,0.34340217948147855,1545607243,3,47054,49,8093,1.1781309728678522,1556093403,5,47394,49,8094
0.30474906926915685,1560291960,9,47542,49,8133,0.13961354364235085,1560293506,12,47493,49,8053,0.9025438315655503,1551903526,8,47281,49,8143,0.34340217948147855,1545607243,3,47054,49,8093,1.1781309728678522,1556093403,5,47394,49,8094
1.1354961406938389,1556096093,6,47389,49,8131,0.1584828252523658,1560293283,12,47500,49,8034,1.0488044999163526,1554001191,9,47343,49,8156,0.6423500289735744,1549801368,3,47179,49,8146,0.703956343732824,1551898853,5,47195,49,8182
1.1354961406938389,1556096093,6,47389,49,8131,0.1584828252523658,1560293283,12,47500,49,8034,1.0488044999163526,1554001191,9,47343,49,8156,0.6423500289735744,1549801368,3,47179,49,8146,0.703956343732824,1551898853,5,47195,49,8182
1.2090363603837146,1556095657,5,47412,49,8115,0.8350152351689617,1551902203,6,47274,49,8113,0.33076009057815137,1560290988,7,47551,49,8137,0.3394242184197932,1545607157,3,47053,49,8161,0.7910606368544417,1551899342,5,47229,49,8119
1.2090363603837146,1556095657,5,47412,49,8115,0.8350152351689617,1551902203,6,47274,49,8113,0.33076009057815137,1560290988,7,47551,49,8137,0.3394242184197932,1545607157,3,47053,49,8161,0.7910606368544417,1551899342,5,47229,49,8119
0.5379099522455685,1547709677,10,47128,49,8052,0.592777994659848,1549807705,12,47169,49,8097,0.34442642137821644,1562389465,9,47561,49,8147,1.2236191005953687,1556093405,3,47424,49,8106,0.18418902811996718,1560287537,5,47491,49,8097
0.5379099522455685,1547709677,10,47128,49,8052,0.592777994659848,1549807705,12,47169,49,8097,0.34442642137821644,1562389465,9,47561,49,8147,1.2236191005953687,1556093405,3,47424,49,8106,0.18418902811996718,1560287537,5,47491,49,8097
0.9112098669031585,1554002257,13,47292,49,8138,0.10360930348386756,1558195417,10,47469,49,8058,0.2641571429403086,1560292430,9,47524,49,8102,0.8252264800401099,1551898512,3,47258,49,8127,0.615424446165235,1547704932,5,47159,49,8128
0.9112098669031585,1554002257,13,47292,49,8138,0.10360930348386756,1558195417,10,47469,49,8058,0.2641571429403086,1560292430,9,47524,49,8102,0.8252264800401099,1551898512,3,47258,49,8127,0.615424446165235,1547704932,5,47159,49,8128
0.5208772066178095,1547710123,10,47122,49,8130,0.20509371407256793,1560291104,6,47514,49,8077,0.579423812878021,1547706107,4,47144,49,8142,1.1206029545646439,1556092514,3,47386,49,8106,0.2110142311451618,1560287555,5,47500,49,8093
0.5208772066178095,1547710123,10,47122,49,8130,0.20509371407256793,1560291104,6,47514,49,8077,0.579423812878021,1547706107,4,47144,49,8142,1.1206029545646439,1556092514,3,47386,49,8106,0.2110142311451618,1560287555,5,47500,49,8093
0,1558196228,11,47475,49,8158,0.770860427576765,1551904504,11,47247,49,8047,1.2143415432715643,1556098141,9,47415,49,8141,0.46049407404207965,1545607055,3,47099,49,8162,0.31117329961210555,1562384605,4,47542,49,8106
0.13564116708784132,1558196228,11,47475,49,8158,0.770860427576765,1551904504,11,47247,49,8047,1.2143415432715643,1556098141,9,47415,49,8141,0.46049407404207965,1545607055,3,47099,49,8162,0.31117329961210555,1562384605,4,47542,49,8106
0,1558196141,11,47480,49,8142,0.15154742715258612,1560290028,5,47495,49,8049,0.6636710644778098,1549807121,10,47182,49,8107,0.9558819883418471,1553996199,3,47314,49,8102,0.5145515831830537,1547705201,5,47113,49,8134
0.153898886614817,1558196141,11,47480,49,8142,0,1547707599,6,47157,49,8025,0.6636710644778098,1549807121,10,47182,49,8107,0.9558819883418471,1553996199,3,47314,49,8102,0.5145515831830537,1547705201,5,47113,49,8134
0.8363461474876851,1551901698,6,47261,49,8118,0.6206218524232787,1549808157,13,47184,49,8116,0.6691788647426256,1549806692,9,47184,49,8118,0.03945821801023151,1556092563,3,47435,49,8152,0.958636840099557,1553996600,5,47303,49,8132
0.3679860231683953,1562390339,11,47573,49,8128,1.1008135104212557,1556098564,11,47388,49,8087,0.11963079596218337,1558195591,9,47460,49,8149,1.2423861433439138,1558189397,3,47433,49,8115,1.0677723434384,1553995815,5,47345,49,8134
0.3679860231683953,1562390339,11,47573,49,8128,1.1008135104212557,1556098564,11,47388,49,8087,0.11963079596218337,1558195591,9,47460,49,8149,1.2423861433439138,1558189397,3,47433,49,8115,1.0677723434384,1553995815,5,47345,49,8134
0.7178289687731217,1549804700,6,47207,49,8101,0.5278071485922923,1547710394,12,47134,49,8082,0.20408251454267268,1560291083,7,47496,49,8139,0.4734466223732682,1545606950,3,47108,49,8159,0.3894034105035723,1545608238,5,47060,49,8161
0.7178289687731217,1549804700,6,47207,49,8101,0.5278071485922923,1547710394,12,47134,49,8082,0.20408251454267268,1560291083,7,47496,49,8139,0.4734466223732682,1545606950,3,47108,49,8159,0.3894034105035723,1545608238,5,47060,49,8161
0,1551904274,10,47249,49,8179,0.13706318798524855,1560293783,13,47493,49,8027,0.12666843917722415,1558195828,10,47463,49,8130,0.8562322531036208,1551898768,3,47275,49,8177,0.7935069172062378,1551899336,5,47234,49,8113
0.09453806277345085,1558192313,5,47454,49,8128,0.4184672130875279,1547710401,12,47102,49,8075,0.19653554301685008,1560292165,9,47490,49,8142,0.7764741638260977,1549801572,3,47233,49,8118,0.4078642191436791,1547704480,5,47071,49,8120
1.0832770619781078,1556099625,15,47360,49,8090,0.92782993050505,1554002714,13,47316,49,8112,0.9430353789889564,1554000917,10,47299,49,8110,0.5741150206319048,1547704717,3,47153,49,8104,0.5897219991461676,1547704988,5,47144,49,8169
0.038543629903976785,1558195833,11,47427,49,8161,0.8112497192233556,1551902691,7,47267,49,8078,0.8194174858715799,1551904004,9,47247,49,8183,1.0317662072870155,1553996036,3,47346,49,8142,1.1047952444812297,1556093192,4,47366,49,8181
0.038543629903976785,1558195833,11,47427,49,8161,0.8112497192233556,1551902691,7,47267,49,8078,0.8194174858715799,1551904004,9,47247,49,8183,1.0317662072870155,1553996036,3,47346,49,8142,1.1047952444812297,1556093192,4,47366,49,8181
0.738125856007743,1549804828,6,47217,49,8067,0.9066147694779577,1554001695,11,47308,49,8099,0.1391116490280333,1558195087,9,47468,49,20,0.7714756955268597,1549800828,3,47234,49,8110,0.9449686468452333,1553995700,5,47301,49,8118
0.738125856007743,1549804828,6,47217,49,8067,0.9066147694779577,1554001695,11,47308,49,8099,0.1391116490280333,1558195087,9,47468,49,20,0.7714756955268597,1549800828,3,47234,49,8110,0.9449686468452333,1553995700,5,47301,49,8118
0.013655363489118551,1558196144,11,47424,49,8113,0.16174698826668676,1560293530,12,47499,49,8102,0.24947029630584078,1560292096,8,47514,49,8138,0.7898356398335876,1549800786,3,47240,49,8186,0.7245599424416431,1549802298,5,47198,49,8071
0.013655363489118551,1558196144,11,47424,49,8113,0.16174698826668676,1560293530,12,47499,49,8102,0.24947029630584078,1560292096,8,47514,49,8138,0.7898356398335876,1549800786,3,47240,49,8186,0.7245599424416431,1549802298,5,47198,49,8071
0.2383505951732127,1560290502,6,47517,49,8170,0.15532090848012917,1560294104,13,47498,49,8129,0.19316915039400961,1560291596,8,47490,49,8072,0.17154132784871615,1558189985,3,47494,49,8130,0.18663715486747284,1560287779,5,47488,49,8119
0.2383505951732127,1560290502,6,47517,49,8170,0.15532090848012917,1560294104,13,47498,49,8129,0.19316915039400961,1560291596,8,47490,49,8072,0.17154132784871615,1558189985,3,47494,49,8130,0.18663715486747284,1560287779,5,47488,49,8119
0.19561541348710215,1560291871,9,47496,49,8102,0.9826012163253987,1554001693,11,47339,49,8166,1.1164261040036347,1556098219,9,47374,49,8101,0.4581463633694542,1547704199,4,47108,49,8145,0.6562226979392831,1549802320,5,47172,49,8107
1.060530185957522,1556098347,10,47360,49,8121,0.13553334767756253,1560293145,12,47492,49,8137,0.6355204941231224,1549806338,9,47169,49,8169,0.4851760198959682,1547704155,3,47115,49,8114,0.7567888651571536,1549802003,5,47218,49,8079
1.060530185957522,1556098347,10,47360,49,8121,0.13553334767756253,1560293145,12,47492,49,8137,0.6355204941231224,1549806338,9,47169,49,8169,0.4851760198959682,1547704155,3,47115,49,8114,0.7567888651571536,1549802003,5,47218,49,8079
0.18204945462352126,1560294211,15,47493,49,8160,0.3506411540550768,1562388184,6,47575,49,8039,0.73261988867693,1549806408,9,47209,49,8118,0.18612780311318117,1558190301,3,47495,49,8148,0.36268044315883063,1545608050,5,47050,49,8115
0.18204945462352126,1560294211,15,47493,49,8160,0.3506411540550768,1562388184,6,47575,49,8039,0.73261988867693,1549806408,9,47209,49,8118,0.18612780311318117,1558190301,3,47495,49,8148,0.36268044315883063,1545608050,5,47050,49,8115
1.160179936031281,1556095871,6,47399,49,8120,0.8847880462952529,1551902319,7,47290,49,8108,0.3603382693687624,1562388981,8,47563,49,8169,0.44458224441026467,1545607599,4,47097,49,8075,0.6355168744835684,1549801946,4,47167,49,8087
1.160179936031281,1556095871,6,47399,49,8120,0.8847880462952529,1551902319,7,47290,49,8108,0.3603382693687624,1562388981,8,47563,49,8169,0.44458224441026467,1545607599,4,47097,49,8075,0.6355168744835684,1549801946,4,47167,49,8087
0,1556099035,13,47411,49,8105,1.1983199591254987,1558196155,12,47432,49,8090,0.5699380579904453,1547709685,9,47140,49,8143,0.3395264500436166,1545606887,3,47055,49,8180,0.4799749457766558,1545607630,5,47100,49,8149
0.40725442043116317,1562385726,4,47589,49,8121,0.40316879068040007,1562388757,7,47604,49,8085,0.818499213980098,1551903442,8,47247,49,8130,0.33279552857003286,1545606388,3,47049,49,8090,0.3754303658085325,1545608225,5,47053,49,8092
0.40725442043116317,1562385726,4,47589,49,8121,0.40316879068040007,1562388757,7,47604,49,8085,0.818499213980098,1551903442,8,47247,49,8130,0.33279552857003286,1545606388,3,47049,49,8090,0.3754303658085325,1545608225,5,47053,49,8092
0.10238988400117381,1558196139,11,47466,49,8118,1.0390045826289023,1556098868,12,47362,49,8129,0.6348066892568677,1549805534,8,47168,49,11,0.9004991249059692,1551898828,4,47291,49,8113,0.8577639701434293,1551900025,5,47260,49,8155
0.10238988400117381,1558196139,11,47466,49,8118,1.0390045826289023,1556098868,12,47362,49,8129,0.6348066892568677,1549805534,8,47168,49,11,0.9004991249059692,1551898828,4,47291,49,8113,0.8577639701434293,1551900025,5,47260,49,8155
0.37339159085657864,1562387595,6,47576,49,8127,0.408983289232328,1562388512,7,47603,49,8054,0.9578244700265071,1554000849,9,47305,49,8141,1.04849408197229,1553996194,3,47352,49,8111,0.865108320040255,1551899586,5,47260,49,8146
0.37339159085657864,1562387595,6,47576,49,8127,0.408983289232328,1562388512,7,47603,49,8054,0.9578244700265071,1554000849,9,47305,49,8141,1.04849408197229,1553996194,3,47352,49,8111,0.865108320040255,1551899586,5,47260,49,8146
0.43214084277329506,1562387654,6,47600,49,8116,0.5112837518859058,1547709643,11,47128,49,8021,0.20092059589429584,1560291630,8,47494,49,8151,1.0057570438568608,1553995600,3,47337,49,8087,0.6759080159976666,1549802445,5,47179,49,8135
0.43214084277329506,1562387654,6,47600,49,8116,0.5112837518859058,1547709643,11,47128,49,8021,0.20092059589429584,1560291630,8,47494,49,8151,1.0057570438568608,1553995600,3,47337,49,8087,0.6759080159976666,1549802445,5,47179,49,8135
0.7283333953064214,1549807212,11,47216,49,8089,1.0474698236523337,1554001695,12,47359,49,8075,0.6393962180596958,1547708916,8,47171,49,8124,0.4720190123050412,1545607209,3,47106,49,8081,0.8123762059572252,1551899647,5,47238,49,8149
0.7283333953064214,1549807212,11,47216,49,8089,1.0474698236523337,1554001695,12,47359,49,8075,0.6393962180596958,1547708916,8,47171,49,8124,0.4720190123050412,1545607209,3,47106,49,8081,0.8123762059572252,1551899647,5,47238,49,8149
0.7740278749557782,1551904249,11,47232,49,8073,1.1950557964925286,1556096445,6,47424,49,8106,0.8755141617358202,1551904201,9,47272,49,8154,0.26129635725317496,1560287024,3,47532,49,8068,0.6069592097728145,1547705310,5,47148,49,8110
0.7740278749557782,1551904249,11,47232,49,8073,1.1950557964925286,1556096445,6,47424,49,8106,0.8755141617358202,1551904201,9,47272,49,8154,0.26129635725317496,1560287024,3,47532,49,8068,0.6069592097728145,1547705310,5,47148,49,8110
0.015287443897830964,1556098826,11,47423,49,8100,0.8717332807204021,1554002271,13,47290,49,8128,0.5683059822908387,1547708781,8,47140,49,8155,0.2016306953362281,1558189329,3,47501,49,8093,0.3761422958269609,1562385537,5,47571,49,8135
0.015287443897830964,1556098826,11,47423,49,8100,0.8717332807204021,1554002271,13,47290,49,8128,0.5683059822908387,1547708781,8,47140,49,8155,0.2016306953362281,1558189329,3,47501,49,8093,0.3761422958269609,1562385537,5,47571,49,8135
0.3732893594501162,1562387976,6,47577,49,8123,0.45273897778962385,1547710214,12,47110,49,8065,1.2441241981066022,1558193826,7,47426,49,8130,0.9300773017319257,1551898143,3,47303,49,8070,0.3468708476357458,1562385365,5,47554,49,8146
0.3732893594501162,1562387976,6,47577,49,8123,0.45273897778962385,1547710214,12,47110,49,8065,1.2441241981066022,1558193826,7,47426,49,8130,0.9300773017319257,1551898143,3,47303,49,8070,0.3468708476357458,1562385365,5,47554,49,8146
0.46539210230427197,1547710750,14,47098,49,8153,0.8454173961151134,1551904139,11,47287,49,8085,0.5212861295506688,1547708701,7,47121,49,8060,0.1809248558059477,1558189672,3,47496,49,8097,1.1804768676719866,1556093734,5,47389,49,8116
0.025691478503547704,1558194849,9,47425,49,8157,1.0696032564795197,1556098923,12,47369,49,8022,0.3586039503894425,1562389219,8,47564,49,8158,0.26864071696930913,1560287574,3,47532,49,8116,0.29077605666330386,1560287970,5,47520,49,8112
0.025691478503547704,1558194849,9,47425,49,8157,1.0696032564795197,1556098923,12,47369,49,8022,0.3586039503894425,1562389219,8,47564,49,8158,0.26864071696930913,1560287574,3,47532,49,8116,0.29077605666330386,1560287970,5,47520,49,8112
0.19979598812329594,1560292177,9,47502,49,8185,0.3222861146425309,1562390673,12,47576,49,8097,0.9640460740116751,1554001126,9,47308,49,8133,0.8485830462695125,1551898196,3,47270,49,8107,1.1037766021552395,1556093625,5,47357,49,8104
0.19979598812329594,1560292177,9,47502,49,8185,0.3222861146425309,1562390673,12,47576,49,8097,0.9640460740116751,1554001126,9,47308,49,8133,0.8485830462695125,1551898196,3,47270,49,8107,1.1037766021552395,1556093625,5,47357,49,8104
0.13737549258186765,1558195356,9,47470,49,8135,0.30821019116304393,1562390968,12,47570,49,8089,0.09923166921359486,1558195186,8,47452,49,8129,1.0617533315447756,1553996094,3,47356,49,8053,0.2556882180477925,1560288397,5,47512,49,8108
0.13737549258186765,1558195356,9,47470,49,8135,0.30821019116304393,1562390968,12,47570,49,8089,0.09923166921359486,1558195186,8,47452,49,8129,1.0617533315447756,1553996094,3,47356,49,8053,0.2556882180477925,1560288397,5,47512,49,8108
0,1549804041,5,47220,49,8109,0.678962139635136,1549807789,12,47215,49,8091,0.08903210592672596,1558194725,8,47448,49,8130,0.04047873345797786,1556092632,3,47432,49,8109,0.4865032542544714,1545607868,5,47097,49,8092
0.7536287599227595,1549804041,5,47220,49,8109,0.678962139635136,1549807789,12,47215,49,8091,0.08903210592672596,1558194725,8,47448,49,8130,0.04047873345797786,1556092632,3,47432,49,8109,0.4865032542544714,1545607868,5,47097,49,8092
0,1560292234,10,47489,49,8118,0.5941033559712159,1549808119,13,47167,49,8038,1.0157576922111433,1554000927,9,47330,49,8115,0.9633267204490792,1553995908,3,47320,49,8159,0.23202492952000572,1560288068,5,47506,49,8136
0.18684346517542005,1560292234,10,47489,49,8118,0.5941033559712159,1549808119,13,47167,49,8038,1.0157576922111433,1554000927,9,47330,49,8115,0.9633267204490792,1553995908,3,47320,49,8159,0.23202492952000572,1560288068,5,47506,49,8136
0,1551903676,9,47236,49,8134,0.5264799259907413,1547708276,6,47142,49,8094,0.7348635336326539,1549806203,8,47212,49,8118,0.6413295213326183,1549801550,3,47181,49,8089,1.2194385578273548,1556093724,5,47409,49,8139
0.7830024662853939,1551903676,9,47236,49,8134,0.5264799259907413,1547708276,6,47142,49,8094,0.7348635336326539,1549806203,8,47212,49,8118,0.6413295213326183,1549801550,3,47181,49,8089,1.2194385578273548,1556093724,5,47409,49,8139
0.17450249589881034,1560294041,15,47482,49,8113,1.1164186219916388,1556097256,7,47390,49,8086,0.20530750200241524,1560291841,8,47492,49,8186,1.1081616243853118,1556092843,3,47372,49,8052,0.4933364270949226,1547705136,5,47104,49,8098
0.17450249589881034,1560294041,15,47482,49,8113,1.1164186219916388,1556097256,7,47390,49,8086,0.20530750200241524,1560291841,8,47492,49,8186,1.1081616243853118,1556092843,3,47372,49,8052,0.4933364270949226,1547705136,5,47104,49,8098
0,1551904609,11,47249,49,8104,0.31422919859924364,1562389601,10,47567,49,8077,0.23753641381624285,1560292223,8,47512,49,8142,1.0934729066505322,1556092834,3,47372,49,8115,0.5574912435570083,1547705204,5,47131,49,8118
0.8257394984376072,1551904609,11,47249,49,8104,0.31422919859924364,1562389601,10,47567,49,8077,0.23753641381624285,1560292223,8,47512,49,8142,1.0934729066505322,1556092834,3,47372,49,8115,0.5574912435570083,1547705204,5,47131,49,8118
0.8058497064264831,1551904311,10,47244,49,8190,0.05363200679980474,1558194080,7,47458,49,8117,0.4956859001815627,1547707932,7,47109,49,8109,0.7650496236413694,1549801525,3,47232,49,8128,0.3806314510373477,1545607590,5,47057,49,8107
0.8058497064264831,1551904311,10,47244,49,8190,0.05363200679980474,1558194080,7,47458,49,8117,0.4956859001815627,1547707932,7,47109,49,8109,0.7650496236413694,1549801525,3,47232,49,8128,0.3806314510373477,1545607590,5,47057,49,8107
0.791367323761937,1551905230,15,47234,49,8118,1.0148319726314594,1553999784,7,47353,49,8122,0.1579809323798186,1558195315,9,47476,49,8124,0.05720475201293575,1558190103,3,47444,49,8083,0.9834210162723209,1553996702,5,47315,49,8169
0.791367323761937,1551905230,15,47234,49,8118,1.0148319726314594,1553999784,7,47353,49,8122,0.1579809323798186,1558195315,9,47476,49,8124,0.05720475201293575,1558190103,3,47444,49,8083,0.9834210162723209,1553996702,5,47315,49,8169
1.0638965953466337,1554000820,10,47354,49,8132,0.5446354031147377,1547709729,10,47155,49,8122,0.9639438355251542,1554001350,9,47310,49,8141,0.49996511664111637,1547704567,3,47119,49,8134,0.27557801327882614,1560288230,5,47519,49,8130
1.0638965953466337,1554000820,10,47354,49,8132,0.5446354031147377,1547709729,10,47155,49,8122,0.9639438355251542,1554001350,9,47310,49,8141,0.49996511664111637,1547704567,3,47119,49,8134,0.27557801327882614,1560288230,5,47519,49,8130
0.21478956004773522,1560289662,5,47503,49,8148,0.311067281202883,1562391147,13,47565,49,8092,1.0107592188213064,1553999913,7,47331,49,8120,1.0541041292102729,1553996135,3,47350,49,8131,0.8965230473880916,1551899222,5,47271,49,8153
0.47752863234317156,1547711093,15,47100,49,8084,1.1944442323122522,1558195996,12,47432,49,8102,0.7547533250469095,1549806798,9,47216,49,8107,0.18979905637757397,1558189472,3,47496,49,807,0.19693895752995272,1560288105,5,47490,49,8111
0.47752863234317156,1547711093,15,47100,49,8084,1.1944442323122522,1558195996,12,47432,49,8102,0.7547533250469095,1549806798,9,47216,49,8107,0.18979905637757397,1558189472,3,47496,49,8078,0.19693895752995272,1560288105,5,47490,49,8111
1.1134668145824644,1556097857,9,47369,49,8185,0.268534713538862,1560293289,12,47550,49,8053,0.8035056541174526,1551903705,9,47242,49,8133,0.9424182629965097,1553995857,3,47312,49,8109,1.0844983606409673,1556093922,5,47356,49,8090
0.17807151308635957,1558195726,11,47484,49,8087,0.0989175360262449,1558196114,12,47477,49,8072,0.6643848710294384,1549806806,9,47182,49,8169,0.4844622150325445,1545607319,3,47114,49,8099,0.3893011811983065,1545608078,5,47057,49,8117
0.17807151308635957,1558195726,11,47484,49,8087,0.0989175360262449,1558196114,12,47477,49,8072,0.6643848710294384,1549806806,9,47182,49,8169,0.4844622150325445,1545607319,3,47114,49,8099,0.3893011811983065,1545608078,5,47057,49,8117
0.7203793332787355,1549804040,5,47199,49,8161,0.42468880832068173,1545609929,6,47107,49,8093,0.8060560051597907,1551902549,7,47241,49,8112,0.04812793277690625,1558189970,3,47440,49,8097,1.1918995575699907,1556093649,5,47396,49,8137
0.011616209069527811,1556098829,11,47412,49,8081,0.7221062630438642,1549805683,7,47223,49,8092,0.955987918590302,1554000795,9,47307,49,8095,0.797482997553814,1551898660,3,47253,49,8065,0.7435314664742358,1549802098,4,47200,49,8171
0.011616209069527811,1556098829,11,47412,49,8081,0.7221062630438642,1549805683,7,47223,49,8092,0.955987918590302,1554000795,9,47307,49,8095,0.797482997553814,1551898660,3,47253,49,8065,0.7435314664742358,1549802098,4,47200,49,8171
1.1341707878806184,1556096033,6,47382,49,8138,0.08861573623413985,1558195978,11,47474,49,8080,0.6527576994351609,1549805596,8,47176,49,0,0.9406858080117434,1551898433,3,47305,49,8136,0.7026309862867095,1549802022,5,47185,49,8161
1.1341707878806184,1556096033,6,47382,49,8138,0.08861573623413985,1558195978,11,47474,49,8080,0.6527576994351609,1549805596,8,47176,49,0,0.9406858080117434,1551898433,3,47305,49,8136,0.7026309862867095,1549802022,5,47185,49,8161
0.24396065254193292,1560293146,10,47510,49,8148,1.18261258941114,1556098817,11,47420,49,8056,0.6357249604336729,1547709230,9,47167,49,8070,0.21978430231615192,1560287842,3,47517,49,8099,1.0653242345908525,1553996233,5,47341,49,8089
0.24396065254193292,1560293146,10,47510,49,8148,1.18261258941114,1556098817,11,47420,49,8056,0.6357249604336729,1547709230,9,47167,49,8070,0.21978430231615192,1560287842,3,47517,49,8099,1.0653242345908525,1553996233,5,47341,49,8089
0.18337483916559463,1560292170,10,47488,49,8067,0.45589905800420605,1547709858,10,47112,49,8057,0.28832975867962185,1560292943,10,47533,49,8113,0.3196385246136456,1560287205,3,47554,49,8132,0.9779132237706869,1553996561,5,47310,49,8066
0.18337483916559463,1560292170,10,47488,49,8067,0.45589905800420605,1547709858,10,47112,49,8057,0.28832975867962185,1560292943,10,47533,49,8113,0.3196385246136456,1560287205,3,47554,49,8132,0.9779132237706869,1553996561,5,47310,49,8066
1.0350322309342646,1554001820,11,47338,49,8138,0.9442510888465431,1553999813,7,47316,49,8080,1.1916987744226515,1556097920,8,47404,49,8123,0.39399155204050573,1545607451,3,47081,49,8124,0.9654718732303218,1553996495,5,47296,49,8093
0.8098276717991894,1551904873,12,47242,49,8104,0.6577469884503855,1549807677,12,47205,49,8112,0.8310446578509518,1551903858,9,47252,49,8139,0.49027488593790547,1547704399,3,47121,49,8068,0.7051795008901341,1549802227,5,47192,49,8118
0.8098276717991894,1551904873,12,47242,49,8104,0.6577469884503855,1549807677,12,47205,49,8112,0.8310446578509518,1551903858,9,47252,49,8139,0.49027488593790547,1547704399,3,47121,49,8068,0.7051795008901341,1549802227,5,47192,49,8118
1.1488595069196104,1556098998,11,47381,49,8114,0.5086311645321813,1547708260,7,47131,49,8093,0.4986433493221751,1547709265,8,47115,49,8117,1.045229923018268,1553995729,3,47352,49,8115,0.9640424141084035,1553996210,5,47302,49,8092
1.1488595069196104,1556098998,11,47381,49,8114,0.5086311645321813,1547708260,7,47131,49,8093,0.4986433493221751,1547709265,8,47115,49,8117,1.045229923018268,1553995729,3,47352,49,8115,0.9640424141084035,1553996210,5,47302,49,8092
0.6639759594910791,1549807427,11,47175,49,8113,0.8518434810899931,1551904765,12,47286,49,8119,0.8231909683037085,1551904377,9,47253,49,8122,0.8228805938377081,1551899125,3,47259,49,8134,0.3797131792081369,1545607842,5,47055,49,8094
0.6639759594910791,1549807427,11,47175,49,8113,0.8518434810899931,1551904765,12,47286,49,8119,0.8231909683037085,1551904377,9,47253,49,8122,0.8228805938377081,1551899125,3,47259,49,8134,0.3797131792081369,1545607842,5,47055,49,8094
0.2453882581371976,1560289951,5,47511,49,8153,0.10860777741998334,1558194523,7,47469,49,8046,0,1556098785,9,47393,49,8115,0.6764154886487067,1549801418,3,47199,49,8099,1.0456389065104101,1553996345,5,47336,49,8109
0.2453882581371976,1560289951,5,47511,49,8153,0.10860777741998334,1558194523,7,47469,49,8046,1.1483501519459378,1556098785,9,47393,49,8115,0.6764154886487067,1549801418,3,47199,49,8099,1.0456389065104101,1553996345,5,47336,49,8109
0.4511123711452575,1562387046,5,47598,49,8110,0.7874842001949028,1551902754,7,47253,49,8113,0.9623117511745477,1554000563,8,47313,49,8155,1.0764401750803967,1553995973,3,47365,49,8077,1.0481892623754974,1553996706,5,47335,49,8119
0.4511123711452575,1562387046,5,47598,49,8110,0.7874842001949028,1551902754,7,47253,49,8113,0.9623117511745477,1554000563,8,47313,49,8155,1.0764401750803967,1553995973,3,47365,49,8077,1.0481892623754974,1553996706,5,47335,49,8119
0.08423628177328284,1558196288,11,47443,49,8127,0.08647433741466852,1558194523,7,47470,49,8062,0.44060789831190744,1545612534,9,47092,49,8050,1.0117741655531107,1553996083,3,47343,49,8108,0.48079098865069464,1547704780,5,47098,49,8099
0.08423628177328284,1558196288,11,47443,49,8127,0.08647433741466852,1558194523,7,47470,49,8062,0.44060789831190744,1545612534,9,47092,49,8050,1.0117741655531107,1553996083,3,47343,49,8108,0.48079098865069464,1547704780,5,47098,49,8099
0.3134188029680748,1560292701,10,47540,49,2,0.845317030219507,1551902222,6,47270,49,8083,0.272622385262386,1560291478,7,47531,49,8182,0.19244977856222314,1560286889,3,47504,49,8142,0.5280152996625898,1547705066,5,47115,49,8091
0.3134188029680748,1560292701,10,47540,49,2,0.845317030219507,1551902222,6,47270,49,8083,0.272622385262386,1560291478,7,47531,49,8182,0.19244977856222314,1560286889,3,47504,49,8142,0.5280152996625898,1547705066,5,47115,49,8091
0.3240254505186262,1560292853,11,47548,49,8147,0.6194991027717298,1549807187,11,47188,49,8147,0.917944484610521,1551903255,8,47292,49,8122,0.9704665943833837,1553996135,4,47324,49,8085,0.3861392551523312,1545608006,5,47058,49,8106
0.3240254505186262,1560292853,11,47548,49,8147,0.6194991027717298,1549807187,11,47188,49,8147,0.917944484610521,1551903255,8,47292,49,8122,0.9704665943833837,1553996135,4,47324,49,8085,0.3861392551523312,1545608006,5,47058,49,8106
0.6621394159689207,1549806061,9,47177,49,8056,0.28995436518653306,1562390706,12,47554,49,8139,0.7731114281740545,1549806090,9,47232,49,8158,0.3575802005521207,1545606892,3,47061,49,8103,0.4839529069414896,1547704637,5,47099,49,8123
0.14298553971583564,1558195340,9,47467,49,8131,0.42397684249136874,1545613837,13,47096,49,8081,0.8630709457084339,1551904141,9,47270,49,8120,0.16368764922143836,1558189546,3,47490,49,8037,1.04237474862772,1553996511,5,47336,49,8104
0.14298553971583564,1558195340,9,47467,49,8131,0.42397684249136874,1545613837,13,47096,49,8081,0.8630709457084339,1551904141,9,47270,49,8120,0.16368764922143836,1558189546,3,47490,49,8037,1.04237474862772,1553996511,5,47336,49,8104
0.4009306045042996,1562387192,6,47578,49,8128,1.153850475726552,1556098952,12,47412,49,8141,0.642455895905189,1549807041,10,47177,49,8107,0.7660701284947414,1549800724,3,47232,49,8113,1.2485055313795907,1558190943,5,47427,49,8164
0.4009306045042996,1562387192,6,47578,49,8128,1.153850475726552,1556098952,12,47412,49,8141,0.642455895905189,1549807041,10,47177,49,8107,0.7660701284947414,1549800724,3,47232,49,8113,1.2485055313795907,1558190943,5,47427,49,8164
0.33901901434678594,1562391062,14,47553,49,8143,0.6479563770649822,1549805982,7,47196,49,8124,0.43703886631977856,1545612851,9,47088,49,8109,0.16664509256676704,1558189791,3,47493,49,8066,0.2534445729660047,1560287530,5,47511,49,8102
0.33901901434678594,1562391062,14,47553,49,8143,0.6479563770649822,1549805982,7,47196,49,8124,0.43703886631977856,1545612851,9,47088,49,8109,0.16664509256676704,1558189791,3,47493,49,8066,0.2534445729660047,1560287530,5,47511,49,8102
0.994131745214255,1553998856,6,47322,49,8153,0.8271615549127486,1551905228,12,47263,49,8114,0.8051377216857675,1551903911,9,47247,49,8166,0.12278716364062378,1558190436,3,47475,49,8086,0.9347690907018488,1553995944,5,47295,49,8095
0.994131745214255,1553998856,6,47322,49,8153,0.8271615549127486,1551905228,12,47263,49,8114,0.8051377216857675,1551903911,9,47247,49,8166,0.12278716364062378,1558190436,3,47475,49,8086,0.9347690907018488,1553995944,5,47295,49,8095
0.42347114411053055,1562387731,6,47589,49,8144,0.7255748993862654,1549807613,12,47227,49,8156,0.8052399569260861,1551904256,9,47246,49,8076,0.041599621653203966,1558190004,3,47439,49,8134,0.511900828079795,1547704863,5,47106,49,8102
0.7859617669200983,1551904951,13,47227,49,8154,0.23028683697330854,1560291030,6,47523,49,8052,0.5392371299320611,1547709691,9,47134,49,8112,0.9485394920359156,1553995761,4,47307,49,8089,0.9254896559957276,1551899038,5,47283,49,8114
0.6270534365602413,1547709783,10,47161,49,8122,0.5913485439232637,1549807618,12,47175,49,8109,0.7566902591162987,1549806409,9,47226,49,31,0.5672818439676666,1547704442,3,4149,49,8090,0.8679635344309429,1551899643,5,47263,49,8177
0.6270534365602413,1547709783,10,47161,49,8122,0.5913485439232637,1549807618,12,47175,49,8109,0.7566902591162987,1549806409,9,47226,49,31,0.5672818439676666,1547704442,3,47149,49,8090,0.8679635344309429,1551899643,5,47263,49,8177
1.0575727640008943,1554001539,10,47348,49,8090,0.1187051028733445,1558193852,6,47473,49,8082,0.4581517958213015,1545611934,8,47097,49,8134,0.4085780001679454,1545606780,3,47081,49,8029,0.18826923652931382,1560287087,4,47487,49,8090
1.0575727640008943,1554001539,10,47348,49,8090,0.1187051028733445,1558193852,6,47473,49,8082,0.4581517958213015,1545611934,8,47097,49,8134,0.4085780001679454,1545606780,3,47081,49,8029,0.18826923652931382,1560287087,4,47487,49,8090
0.8784697847878417,1551904166,10,47272,49,8139,0.47028104598151954,1547710624,12,47122,49,8081,0.6098180263864924,1547709265,9,47162,49,8136,0.9694460780383107,1553995742,3,47326,49,8102,0.21621532815636313,1560287734,5,47501,49,8140
0.8784697847878417,1551904166,10,47272,49,8139,0.47028104598151954,1547710624,12,47122,49,8081,0.6098180263864924,1547709265,9,47162,49,8136,0,1553995742,3,47326,49,802,0,1560287734,5,47501,49,8140
0.17817375267908345,1558195637,10,47482,49,8099,0.0069188909178167805,1558196430,12,47432,49,8090,0.2806805428040558,1560292959,10,47533,49,8137,0.9255900126116481,1551898355,3,47300,49,8057,0.8468506080892415,1551899777,5,47254,49,8073
0.13472290975336915,1558195818,10,47468,49,8114,0,1556099075,12,47415,49,8041,0.7279281172296492,1549806154,8,47212,49,8142,0.8602102091412278,1551898864,3,47277,49,8093,1.3149039862441945,1560287601,5,47457,49,8099
0.13472290975336915,1558195818,10,47468,49,8114,1.1656821216722968,1556099075,12,47415,49,8041,0.7279281172296492,1549806154,8,47212,49,8142,0.8602102091412278,1551898864,3,47277,49,8093,1.3149039862441945,1560287601,5,47457,49,8099
0.14757506446079943,1558196154,11,47470,49,8090,0,1547707311,6,47129,49,8067,0.8833678339710123,1551904024,9,47280,49,8152,0.4937435071873527,1547704282,3,47118,49,8092,0.3104595089688146,1562384587,5,47537,49,8130
0.14757506446079943,1558196154,11,47470,49,8090,0.49394432062513044,1547707311,6,47129,49,8067,0.8833678339710123,1551904024,9,47280,49,8152,0.4937435071873527,1547704282,3,47118,49,8092,0.3104595089688146,1562384587,5,47537,49,8130
0.3483003031373103,1562390022,10,47556,49,8114,0.5336198158064308,1547710915,13,47140,49,8020,0.21958539558845508,1560292396,9,47509,49,8060,0.18276140907709512,1558189955,3,47495,49,8108,0.6605073580888965,1547704882,5,47169,49,8158
0.35860210554198574,1562389908,10,47559,49,8126,1.1537482380256598,1556099274,12,47412,49,8130,0.3930786997159942,1562389622,9,47584,49,8135,1.0762356970115783,1553995111,3,47367,49,8137,0.8831615656347905,1551899640,5,47266,49,8114
0.35860210554198574,1562389908,10,47559,49,8126,1.1537482380256598,1556099274,12,47412,49,8130,0.3930786997159942,1562389622,9,47584,49,8135,1.0762356970115783,1553995111,3,47367,49,8137,0.8831615656347905,1551899640,5,47266,49,8114
0.4101096700843592,1562387572,6,47582,49,8137,0.4515140076216172,1547707142,6,47113,49,8171,0.5923763528783387,1547709819,9,47158,49,8147,0.8758153336211694,1551899115,3,47284,49,8100,1.2292291629444985,1556092796,4,47417,49,8131
0.4101096700843592,1562387572,6,47582,49,8137,0.4515140076216172,1547707142,6,47113,49,8171,0.5923763528783387,1547709819,9,47158,49,8147,0.8758153336211694,1551899115,3,47284,49,8100,1.2292291629444985,1556092796,4,47417,49,8131
1.0757282515224778,1554001675,11,47352,49,8112,1.1868972855670867,1558196342,12,47423,49,8109,0.2303965231953207,1560292552,9,47515,49,8138,1.2091348499900143,1556093311,3,47424,49,8138,0.8862212493981488,1553995895,4,47268,49,8160
1.0757282515224778,1554001675,11,47352,49,8112,1.1868972855670867,1558196342,12,47423,49,8109,0.2303965231953207,1560292552,9,47515,49,8138,1.2091348499900143,1556093311,3,47424,49,8138,0.8862212493981488,1553995895,4,47268,49,8160
1.1129574955110058,1556099849,15,47363,49,8104,0.396233386648309,1562388339,7,47599,49,8113,0.659795331040267,1549806544,9,47185,49,8147,1.0395176474277714,1553995174,3,47351,49,8123,1.2243329219947732,1558190572,5,47417,49,8146
1.1129574955110058,1556099849,15,47363,49,8104,0.396233386648309,1562388339,7,47599,49,8113,0.659795331040267,1549806544,9,47185,49,8147,1.0395176474277714,1553995174,3,47351,49,8123,1.2243329219947732,1558190572,5,47417,49,8146
0.5251600613227377,1547707348,6,47118,49,8158,1.061647348803289,1556098038,10,47371,49,8043,0.24600165052257567,1560291065,7,47522,49,8130,0.18541213692709876,1560286574,3,47501,49,8060,0.9100871506007336,1551899207,5,47282,49,8159
0.5251600613227377,1547707348,6,47118,49,8158,1.061647348803289,1556098038,10,47371,49,8043,0.24600165052257567,1560291065,7,47522,49,8130,0,1560286574,3,47501,49,8060,0.9100871506007336,,5,47282,49,8159
0.9209001165904767,1554002435,14,47286,49,8141,0.7891181454986266,1551905358,13,47251,49,8125,0.5992095290507881,1547709574,9,47163,49,8140,0.927629180754347,1551898504,3,47304,49,8078,0.511185202340528,1547705089,5,47113,49,8083
0.9209001165904767,1554002435,14,47286,49,8141,0.7891181454986266,1551905358,,47251,49,8125,0.5992095290507881,1547709574,9,47163,49,8140,0.927629180754347,1551898504,3,47304,49,8078,0.511185202340528,1547705089,5,47113,49,8083
0.4641671600977846,1562387734,6,47604,49,8130,0.29678752437691636,1562390742,12,47559,49,8050,0.18296957572127398,1560291321,8,47492,49,8137,0.2127466636094573,1560287389,3,47513,49,8084,0.9682248394513576,1553996564,5,47304,49,8119
0.4641671600977846,1562387734,6,47604,49,8130,0.29678752437691636,1562390742,12,47559,49,8050,0.18296957572127398,1560291321,8,47492,49,8137,0.2127466636094573,1560287389,3,47513,49,8084,0.9682248394513576,1553996564,5,47304,49,8119
0.25456730996958193,1560288651,4,47515,49,8168,0.28913832485065566,1562390590,12,47554,49,8068,1.1874140847142507,1556097993,9,47412,49,8141,1.1465098746605669,1556093326,4,47398,49,8123,0.684373269363201,1549802503,5,47183,49,8114
0.25456730996958193,1560288651,4,47515,49,8168,0.28913832485065566,1562390590,12,47554,49,8068,1.1874140847142507,1556097993,9,47412,49,8141,1.1465098746605669,1556093326,4,47398,49,8123,0.684373269363201,1549802503,5,47183,49,8114
0.34707717940303834,1560292828,11,47552,49,8081,0.6767185065604795,1549805631,7,47202,49,8118,1.2165851757243509,1556097766,9,47422,49,8115,0.03150229726487947,1556092337,3,47434,49,8139,0.7685201108165626,1549802218,5,47214,49,8099
0.34707717940303834,1560292828,11,47552,49,8081,0.6767185065604795,1549805631,7,47202,49,8118,1.2165851757243509,1556097766,9,47422,49,8115,0.03150229726487947,1556092337,3,47434,49,8139,0.7685201108165626,1549802218,5,47214,49,8099
0.400012340750652,1562390313,10,47577,49,8177,0.9497588926046295,1553999759,7,47325,49,8140,1.159365755833837,1556097562,8,47397,49,8137,0.05883682488707204,1558190032,3,47446,49,8118,0.7313931186792433,1551899068,5,47202,49,8126
0.400012340750652,1562390313,10,47577,49,8177,0.9497588926046295,1553999759,7,47325,49,8140,1.159365755833837,1556097562,8,47397,49,8137,0.05883682488707204,1558190032,3,47446,49,8118,0.7313931186792433,1551899068,5,47202,49,8126
1.0592048479012184,1553998553,6,47346,49,8118,0.30994452428834063,1562388446,7,47566,49,8127,0.5989046610319535,1547708682,8,47156,49,8135,0.6143016877020099,1547704463,3,47169,49,8116,1.3306113511105266,1558190754,5,47463,49,8139
1.0592048479012184,1553998553,6,47346,49,8118,0.30994452428834063,1562388446,7,47566,49,8127,0.5989046610319535,1547708682,8,47156,49,8135,0.6143016877020099,1547704463,3,47169,49,8116,1.3306113511105266,1558190754,5,47463,49,8139
0.1981639329342534,1560292892,11,47492,49,8132,0.8934577662261681,1551904806,12,47293,49,8062,1.1775212418240082,1556097682,8,47403,49,8116,1.1439595111029468,1556093174,3,47400,49,8111,0.7552608617946384,1549802154,5,47209,49,8179
0.1981639329342534,1560292892,11,47492,49,8132,0.8934577662261681,1551904806,12,47293,49,8062,1.1775212418240082,1556097682,8,47403,49,8116,1.1439595111029468,1556093174,3,47400,49,8111,0.7552608617946384,1549802154,5,47209,49,8179
0.8893831545257965,1551901896,6,47275,49,8145,0.42948280998978955,1547711069,13,47106,49,8087,0.5823812608213899,1547709551,9,47150,49,8113,0.5552457364180173,1547704226,3,47148,49,8147,0.1729708211652656,1558190808,5,47478,49,8113
0.8893831545257965,1551901896,6,47275,49,8145,0.42948280998978955,1547711069,13,47106,49,8087,0.5823812608213899,1547709551,9,47150,49,8113,0.5552457364180173,1547704226,3,47148,49,8147,0.1729708211652656,1558190808,5,47478,49,8113
1.0127965586600998,1553998528,5,47329,49,8182,0.7254726627913947,1549805749,7,47228,49,8127,0.8091156821608643,1551904436,10,47247,49,8123,0.762092167569628,1549801789,3,47232,49,8136,0.27965820916397366,1560287973,5,47520,49,8110
1.0127965586600998,1553998528,5,47329,49,8182,0.7254726627913947,1549805749,7,47228,49,8127,0.8091156821608643,1551904436,10,47247,49,8123,0.762092167569628,1549801789,3,47232,49,8136,0.27965820916397366,1560287973,5,47520,49,8110
0.515164964745723,1547710904,14,47112,49,8094,0.06546365698759764,1558194400,7,47459,49,8106,0.18990498533024328,1560291572,8,47494,49,8098,0.16134176582776094,1558190078,3,47490,49,8104,0.9353825065383792,1553996354,5,47291,49,8161
0.515164964745723,1547710904,14,47112,49,8094,0.06546365698759764,1558194400,7,47459,49,8106,0.18990498533024328,1560291572,8,47494,49,8098,13.199084126656166,1558190078,3,47490,49,8104,0,1553996354,5,47291,49,8161
0.9872985821425753,1554001110,10,47315,49,8157,0.8067624339478815,1551901673,6,47255,49,8070,0.34942489657670855,1562388698,8,47562,49,8157,1.1142791045527523,1556092856,3,47387,49,8148,0.2583408057583144,1560288041,5,47513,49,8087
0.9872985821425753,1554001110,10,47315,49,8157,0.8067624339478815,1551901673,6,47255,49,8070,0.34942489657670855,1562388698,8,47562,49,8157,1.1142791045527523,1556092856,3,47387,49,8148,0.2583408057583144,1560288041,5,47513,49,8087
0.8451181266975214,1551900891,5,47253,49,8070,0.5369862006315445,1547710457,12,47140,49,8095,1.1741548428567279,1556095027,4,47404,49,8118,0.9273243258858285,1551898529,3,47300,49,8162,1.250749166324966,1558190018,4,47431,49,8113
0.8451181266975214,1551900891,5,47253,49,8070,0.5369862006315445,1547710457,12,47140,49,8095,1.1741548428567279,1556095027,4,47404,49,8118,0.9273243258858285,1551898529,3,47300,49,8162,1.250749166324966,1558190018,4,47431,49,8113
0.20887468314096275,1560293190,11,47491,49,8114,0.07943670006446821,1558196705,13,47458,49,8033,0.15461453259876207,1558195304,9,47480,49,8140,0.3055632406252529,1560287284,3,47548,49,8137,0.6754990799139657,1549802197,5,47183,49,8078
0.20887468314096275,1560293190,11,47491,49,8114,0.07943670006446821,1558196705,13,47458,49,8033,0.15461453259876207,1558195304,9,47480,49,8140,0.3055632406252529,1560287284,3,47548,49,8137,0.6754990799139657,1549802197,5,47183,49,8078
0.7387374501010666,1549804282,5,47208,49,8157,0.13634938757423268,1560293535,12,47492,49,8052,0.5040489169128981,1547709410,9,47118,49,8175,0.5874764942698943,1547704126,3,47160,49,8126,0.6159337911024846,1547705001,5,47159,49,8156
0.7387374501010666,1549804282,5,47208,49,8157,0.13634938757423268,1560293535,12,47492,49,8052,0.5040489169128981,1547709410,9,47118,49,8175,0.5874764942698943,1547704126,3,47160,49,8126,0.6159337911024846,1547705001,5,47159,49,8156
0.4553952108829882,1562390055,11,47602,49,8117,0.7274095956354597,1551904231,10,47233,49,8066,1.1156100603788666,1556097721,8,47376,49,8109,0.07668558955536457,1558190360,3,47456,49,8173,1.0131014224110684,1553996844,5,47329,49,8087
0.1463500811673791,1558196908,15,47472,49,8090,0.6369407785391057,1549807505,11,47192,49,8069,0.6856000300500902,1549806206,8,47192,49,8084,1.0887811398791458,1556092707,3,47372,49,8091,0.4840551339190871,1545607279,5,47100,49,8120
0.1463500811673791,1558196908,15,47472,49,8090,0.6369407785391057,1549807505,11,47192,49,8069,0.6856000300500902,1549806206,8,47192,49,8084,1.0887811398791458,1556092707,3,47372,49,8091,0.4840551339190871,1545607279,5,47100,49,8120
0.6964093609158756,1549808113,14,47191,49,8112,0.5630975884281445,1547710002,11,47156,49,8077,0.884286114622081,1551903921,9,47276,49,8131,1.2099508903533434,1556092951,3,47424,49,8065,0.3799176453893728,1545608328,5,47058,49,8120
0.6964093609158756,1549808113,14,47191,49,8112,0.5630975884281445,1547710002,11,47156,49,8077,0.884286114622081,1551903921,9,47276,49,8131,1.2099508903533434,1556092951,3,47424,49,8065,0.3799176453893728,1545608328,5,47058,49,8120
1.0534925709095564,1553998791,6,47346,49,8070,0.7812626026213738,1551902808,7,47257,49,8169,1.01463493939788,1554000778,9,47334,49,8141,0.11442415693773297,1558190475,3,47469,49,8026,0.27853731731847386,1560288168,5,47516,49,8150
1.0534925709095564,1553998791,6,47346,49,8070,0.7812626026213738,1551902808,7,47257,49,8169,1.01463493939788,1554000778,9,47334,49,8141,0.11442415693773297,1558190475,3,47469,49,8026,0.27853731731847386,1560288168,5,47516,49,8150
0.23651592688694292,1560292869,10,47500,49,8153,1.0588943847516035,1556099600,13,47367,49,8108,0.8459359790376466,1551903934,9,47260,49,8165,0.1754170521461301,1558189851,3,47495,49,8149,0.1835774699015465,1558190148,5,47487,49,8117
0.23651592688694292,1560292869,10,47500,49,8153,1.0588943847516035,1556099600,13,47367,49,8108,0.8459359790376466,1551903934,9,47260,49,8165,0.1754170521461301,1558189851,3,47495,49,8149,0.1835774699015465,1558190148,5,47487,49,8117
1.2008759756366985,1556094260,3,47405,49,8174,0.34717253636417256,1562387602,6,47577,49,8056,0.1380911324442807,1558195866,,47472,49,8157,0.6321504626405673,1549800888,3,47177,49,8090,0.6554066572640779,1549802470,5,47173,49,8110
1.2008759756366985,1556094260,3,47405,49,8174,0.34717253636417256,1562387602,6,47577,49,8056,0.1380911324442807,1558195866,10,47472,49,8157,0.6321504626405673,1549800888,3,47177,49,8090,0.6554066572640779,1549802470,5,47173,49,8110
0.07546432948160317,1558192793,5,47439,49,8130,0.09993806042806355,1558194598,7,47473,9,8152,0.8373684936671727,1551903896,9,47256,49,8102,0.6373515581198489,1549801502,3,47182,49,8111,0.22192760016294805,1560288319,5,47503,49,8150
0.07546432948160317,1558192793,5,47439,49,8130,0.09993806042806355,1558194598,7,47473,49,8152,0.8373684936671727,1551903896,9,47256,49,8102,0.6373515581198489,1549801502,3,47182,49,8111,0.22192760016294805,1560288319,5,47503,49,8150
0.16052760303399313,1558195697,10,47477,49,8109,0.9418029764966471,1553998929,6,47314,49,8035,0.3415712172524798,1562389113,8,47557,49,8170,0.20876870335542153,1560287519,3,47512,49,8108,0.9253855599678052,1553996419,5,47294,49,8110
0.16052760303399313,1558195697,10,47477,49,8109,0.9418029764966471,1553998929,6,47314,49,8035,0.3415712172524798,1562389113,8,47557,49,8170,0.20876870335542153,1560287519,3,47512,49,8108,0.9253855599678052,1553996419,5,47294,49,8110
1.1592616827642181,1556096131,6,47389,49,8135,0.14359151054254674,1560293334,12,47484,49,8046,0.789737068889913,1551904157,10,47235,49,8088,0.6207277624409683,1547704561,4,47169,49,8143,1.2709456905435856,1558190847,5,47434,49,8078
0.46406492830970436,1562389956,10,47605,49,8092,0,1553999832,7,47318,49,8038,0.8489956634275917,1551903720,9,47262,49,8144,0.9553707951510405,1553995834,3,47320,49,8112,0.2839410148729329,1560288081,5,47527,49,8094
0.46406492830970436,1562389956,10,47605,49,8092,0.9471062983681595,1553999832,7,47318,49,8038,0.8489956634275917,1551903720,9,47262,49,8144,0.9553707951510405,1553995834,3,47320,49,8112,0.2839410148729329,1560288081,5,47527,49,8094
0.8846913953986218,1551904696,11,47272,49,8113,1.0637887486569417,1556098771,11,47374,49,8089,0.6274623443303005,1549806569,9,47169,49,8098,0.8455233605606106,1551898943,3,47269,49,8113,1.3067454616157603,1558190781,5,47451,49,8116
0.09647502248080457,1558195537,10,47448,49,8140,0,1558196266,12,47427,49,8081,0.4206177063983704,1562385967,4,47589,49,8150,0.6421455569010555,1549801274,3,47182,49,8085,1.145593492322514,1556092928,5,47383,49,8102
0.09647502248080457,1558195537,10,47448,49,8140,1.193016644580053,1558196266,12,47427,49,8081,0.4206177063983704,1562385967,4,47589,49,8150,0.6421455569010555,1549801274,3,47182,49,8085,1.145593492322514,1556092928,5,47383,49,8102
0.45845489978990117,1562390031,10,47603,49,8102,0,1558193128,6,47480,49,8089,0.20632615831383277,1560292180,9,47498,49,8130,0.3996015891367869,1545607844,4,47080,49,8140,0.9775061203178446,1553996869,5,47311,49,8035
0.45845489978990117,1562390031,10,47603,49,8102,0.14073630783544294,1558193128,6,47480,49,8089,0.20632615831383277,1560292180,9,47498,49,8130,0.3996015891367869,1545607844,4,47080,49,8140,0.9775061203178446,1553996869,5,47311,49,8035
0.8214566914400802,1551904515,11,47236,49,8102,0.17408795410120054,1560291186,7,47505,49,8147,1.1869047716643646,1556097525,8,47404,49,8168,0.14094264764201456,1558189824,3,47480,49,8124,0.7914677399840285,1549801771,5,47231,49,8136
1.1053064267331927,1556100095,15,47365,49,5,0,1560291397,7,47530,49,8086,0.9500730222040067,1554001054,9,47302,49,8150,1.0151405661008814,1553996029,3,47341,49,8056,0.5788086308802305,1547705145,5,47140,49,8130
1.1053064267331927,1556100095,15,47365,49,5,0.2335510010978128,1560291397,7,47530,49,8086,0.9500730222040067,1554001054,9,47302,49,8150,1.0151405661008814,1553996029,3,47341,49,8056,0.5788086308802305,1547705145,5,47140,49,8130
0.19836841041976636,1558192460,6,47489,49,8129,0,1560292520,10,47529,49,8080,0.7021234330853419,1549805919,8,47197,49,8156,0.6975284163309371,1549801744,3,47207,49,8098,0.35176707722108225,1562385175,5,47558,49,8135
0.19836841041976636,1558192460,6,47489,49,8129,0.24262780098988965,1560292520,10,47529,49,8080,0.7021234330853419,1549805919,8,47197,49,8156,0.6975284163309371,1549801744,3,47207,49,8098,0.35176707722108225,1562385175,5,47558,49,8135
0.41480143406297504,1562390244,10,47583,49,8156,0,1560291046,7,47530,49,8054,0.465903252494627,1545612335,9,47097,49,8067,0.3974601731851949,1545607363,3,47077,49,8096,0.17082941248723452,1558190627,5,47476,49,8083
0.41480143406297504,1562390244,10,47583,49,8156,0.2515020031347064,1560291046,7,47530,49,8054,0.465903252494627,1545612335,9,47097,49,8067,0.3974601731851949,1545607363,3,47077,49,8096,0.17082941248723452,1558190627,5,47476,49,8083
1.1967957779482332,1556098712,11,47404,49,8061,0.7817738034688441,1551905292,12,47248,49,8127,1.1149984988928998,1556097848,8,47373,49,8129,0.9163068694351199,1551898391,3,47302,49,8115,0.8047269857014544,1551899134,5,47237,49,8063
0.9746509041786328,1554001674,11,47310,49,8080,0.7159869187281657,1549808376,13,47221,49,8067,0.8146234887134024,1551904191,9,47246,49,8083,0.6507130406721575,1549801574,3,47186,49,8132,0.6361284419625836,1549802028,5,47170,49,8116
0.9746509041786328,1554001674,11,47310,49,8080,0.7159869187281657,1549808376,13,47221,49,8067,0.8146234887134024,1551904191,9,47246,49,8083,0.6507130406721575,1549801574,3,47186,49,8132,0.6361284419625836,1549802028,5,47170,49,8116
0.17144096988104895,1558196066,11,47481,49,8088,0.9771956689065635,1554000040,7,47324,49,8084,0.06312517846342879,1558194270,7,47438,49,8137,0.9288541724912729,1551898764,3,47299,49,8095,1.0871509509738446,1553996479,5,47356,49,8083
0.17144096988104895,1558196066,11,47481,49,8088,0.9771956689065635,1554000040,7,47324,49,8084,0.06312517846342879,1558194270,7,47438,49,8137,0.9288541724912729,1551898764,3,47299,49,8095,1.0871509509738446,1553996479,5,47356,49,8083
1.0070861445592554,1554001508,10,47320,49,8121,0.619601356362973,1549807949,12,47182,49,8103,1.0922534920112512,1556097245,8,47363,49,8130,0.3368738542495074,1545607314,4,47055,49,8040,0.6331709911617102,1549801560,5,47167,49,8076
1.0070861445592554,1554001508,10,47320,49,8121,0.619601356362973,1549807949,12,47182,49,8103,1.0922534920112512,1556097245,8,47363,49,8130,0.3368738542495074,1545607314,4,47055,49,8040,0.6331709911617102,1549801560,5,47167,49,8076
1.19455213630815,1556098559,10,47402,49,8169,0.37257012798074063,1562388480,7,47580,49,8074,0.07240646840580374,1558194716,8,47442,49,8172,0.21662238772438255,1560287142,3,47514,49,8166,0.698244080185641,1549802532,5,47193,49,8139
1.19455213630815,1556098559,10,47402,49,8169,0.37257012798074063,1562388480,7,47580,49,8074,0.07240646840580374,1558194716,8,47442,49,8172,0.21662238772438255,1560287142,3,47514,49,8166,0.698244080185641,1549802532,5,47193,49,8139
0.3716568739352569,1562390571,11,47566,49,8080,0.9271161433655375,1554001390,11,47311,49,8138,0.2304987726359417,1560291733,8,47508,49,8164,0.9375220318523015,1553995664,4,47310,49,8090,1.094086354999091,1556093425,5,47360,49,8073
0.3716568739352569,1562390571,11,47566,49,8080,0.9271161433655375,1554001390,11,47311,49,8138,0.2304987726359417,1560291733,8,47508,49,8164,0.9375220318523015,1553995664,4,47310,49,8090,1.094086354999091,1556093425,5,47360,49,8073
0.1513485567635967,1558193028,6,47470,49,8109,0,1547708277,7,47155,49,8061,1.117242143728932,1556098005,9,47374,49,142,0.5035341369234186,1547704418,3,47125,49,8153,0.738023655153161,1549802604,5,47203,49,8064
0.1513485567635967,1558193028,6,47470,49,8109,0.5848220934302502,1547708277,7,47155,49,8061,1.117242143728932,1556098005,9,47374,49,8142,0.5035341369234186,1547704418,3,47125,49,8153,0.738023655153161,1549802604,5,47203,49,8064
0.8203339484451688,1551904457,11,47239,49,8085,0.8711198649575724,1551902384,7,47292,49,8095,0.5407669830257736,1547709787,9,47130,49,8135,0.9539431954442052,1553996057,3,47317,49,8099,1.2512584823547226,1558190481,5,47435,49,8153
0.8203339484451688,1551904457,11,47239,49,8085,0.8711198649575724,1551902384,7,47292,49,8095,13.872289977378784,1547709787,9,47130,49,8135,0.9539431954442052,1553996057,3,47317,49,8099,1.2512584823547226,1558190481,5,47435,49,8153
0,1554002579,15,47291,49,8085,0.2712876920140246,1562390466,12,47549,49,8134,0.813705216811159,1551904237,9,47246,49,8045,0.32769669102368554,1560287295,3,47553,49,8116,0.5750351401846986,1547704997,5,47137,49,8170
0.9317112475046542,1554002579,15,47291,49,8085,0.2712876920140246,1562390466,12,47549,49,8134,0.813705216811159,1551904237,9,47246,49,8045,0.32769669102368554,1560287295,3,47553,49,8116,0.5750351401846986,1547704997,5,47137,49,8170
1.0536970491247082,1553998503,5,47343,49,14,1.0893889607032374,1556096363,6,47376,49,8093,0,1547708489,8,47112,49,8143,1.2011789302796139,1556093158,3,47421,49,8102,0.28536861711959266,1560287835,5,47529,49,8122
1.0536970491247082,1553998503,5,47343,49,14,1.0893889607032374,1556096363,6,47376,49,8093,0.5042533886535736,1547708489,8,47112,49,8143,1.2011789302796139,1556093158,3,47421,49,8102,0.28536861711959266,1560287835,5,47529,49,8122
0.5965569919242929,1547710080,10,47145,49,8134,0.32779329841486726,1562391153,13,47571,49,8110,1.2156669078738793,1556098050,9,47417,49,8102,0.5846212830633782,1547704901,3,47154,49,8031,0.9269154013096519,,,,,
0.5965569919242929,1547710080,10,47145,49,8134,0.32779329841486726,1562391153,13,47571,49,8110,1.2156669078738793,1556098050,9,47417,49,8102,0.5846212830633782,1547704901,3,47154,49,8031,0.9269154013096519,1553996269,5,47295,49,8067
0.835836840888671,1551904617,10,47247,49,8120,1.157317244726166,1556099037,12,47414,49,8114,0,1554001086,9,47307,49,8027,1.132943914617731,1556093092,3,47394,49,8142,0.2934267764321383,1560288090,5,47530,49,8083
0.47406002751328974,1562389685,10,47610,49,8101,0.5356608410426771,1547708587,7,47141,49,8105,1.1147940245363859,1556097983,9,47374,49,8149,0.5883947722084515,1547704444,3,47157,49,8036,0.9719983195891648,1553995935,4,47309,49,8042
0.47406002751328974,1562389685,10,47610,49,8101,0.5356608410426771,1547708587,7,47141,49,8105,1.1147940245363859,1556097983,9,47374,49,8149,0.5883947722084515,1547704444,3,47157,49,8036,0.9719983195891648,1553995935,4,47309,49,8042
0.48456627715409034,1547707313,6,47102,49,8142,0.39388751655620535,1562388587,7,47595,49,8116,0.9810788070890109,1554001309,9,47317,49,8094,0.46722501833435587,1545606771,3,47105,49,8119,0.8482782087598972,1551899169,5,47258,49,8124
1.1472255569440601,1556096512,6,47389,49,8137,1.1984222145644767,1556098988,12,47419,49,8070,0.5157783298277533,1547709847,10,47119,49,8133,1.0854147465086368,1556092174,3,47371,49,8172,0.2105030448981426,1560288191,5,47503,49,8104
1.1472255569440601,1556096512,6,47389,49,8137,1.1984222145644767,1556098988,12,47419,49,8070,0.5157783298277533,1547709847,10,47119,49,8133,1.0854147465086368,1556092174,3,47371,49,8172,0.2105030448981426,1560288191,5,47503,49,8104
0.32657580934053104,1562389804,10,47547,49,8101,0.3372796915815364,1562390647,12,47566,49,8080,0.7041626140934248,1549807044,9,47200,49,8101,0.12686736706879354,1558190379,3,47473,49,8105,0.38777178830075876,1545608148,5,47062,49,8144
0.32657580934053104,1562389804,10,47547,49,8101,0.3372796915815364,1562390647,12,47566,49,8080,0.7041626140934248,1549807044,9,47200,49,8101,0.12686736706879354,1558190379,3,47473,49,8105,0.38777178830075876,1545608148,5,47062,49,8144
0.9598618099757484,1554001581,11,47306,49,8135,0.3991908485004538,1562390423,11,47599,49,8109,1.0155532199799175,1554001087,9,47331,49,8074,0.40408888809867655,1545607828,4,47083,49,8120,0.7673973614276824,1549802160,5,47220,49,8110
0.9598618099757484,1554001581,11,47306,49,8135,0.3991908485004538,1562390423,11,47599,49,8109,1.0155532199799175,1554001087,9,47331,49,8074,0.40408888809867655,1545607828,4,47083,49,8120,0.7841233892490063,1551898944,5,47232,49,8062
1.0882736907070416,1556097555,9,47359,49,8119,0.33207798317565146,1562388296,7,47569,49,8152,0.17113794448083225,1558194019,7,47482,49,8158,0.740774778982153,1549802035,3,47222,49,8100,0.630620639733434,1549801632,4,47169,49,8118
1.0882736907070416,1556097555,9,47359,49,8119,0.33207798317565146,1562388296,7,47569,49,8152,0.17113794448083225,1558194019,7,47482,49,8158,0.740774778982153,1549802035,3,47222,49,8100,0.630620639733434,1549801632,4,47169,49,8118
0.04027611272017492,1558194771,9,47426,49,8131,0.3029068977182743,1562390675,12,47559,49,8118,0.21795332796550146,1560292337,9,47503,49,8079,0.6781498067119202,1549801647,3,47196,49,8104,0.6121602963007392,1547704742,5,47158,49,8100
0.15471494403691824,1558196597,14,47472,49,8109,0.222637649994441,1560292590,11,47522,49,8064,0.2413099003961479,1560292831,9,47514,49,8126,0.5977782974048298,1547704741,3,47160,49,8067,0.4987419858920173,1547705150,5,47110,49,8138
0.15471494403691824,1558196597,14,47472,49,8109,0.222637649994441,1560292590,11,47522,49,8064,0.2413099003961479,1560292831,9,47514,49,8126,0.5977782974048298,1547704741,3,47160,49,8067,0.4987419858920173,1547705150,5,47110,49,8138
0.3661490649181698,1562389600,9,47567,49,8136,0.6730472710313715,1549805721,7,47202,49,8088,0,1547709739,9,47142,49,8119,0.8760198137105172,1551898860,3,47280,49,8091,0.7717824178329237,1551898658,5,47225,49,8145
0.1701155961448018,1558193476,6,47481,49,30,0.7972766891179393,1551904933,12,47256,49,8084,0.07322250744723943,1558195398,9,47442,49,8118,1.1088735518793083,1556093146,4,47381,49,8142,1.2083207079959781,1556093623,5,47409,49,8148
0.6639759594910791,1549807156,10,47175,49,8107,0.7245544008790933,1549805440,7,47217,49,8075,0.648881975495464,1549806523,9,47174,49,8139,0.5990032709633847,1547704289,3,47156,49,8105,0.6170565248942597,1549801672,5,47158,49,8141
1.1287652276035158,1556096389,6,47378,49,8153,0,1556097081,7,47405,49,8118,0.9513983990057029,1554000498,9,47301,49,8160,0.8650042130531543,1551898791,3,47276,49,8129,0.9626147941853235,1553996784,5,47306,49,8065
1.1287652276035158,1556096389,6,47378,49,8153,1.1468128487175537,1556097081,7,47405,49,8118,0.9513983990057029,1554000498,9,47301,49,8160,0.8650042130531543,1551898791,3,47276,49,8129,0.9626147941853235,1553996784,5,47306,49,8065
0.1086133658804182,1558192990,5,47452,49,8119,0.8824421799614213,1551904436,12,47293,49,8133,0.9960723750780934,1554001320,9,47319,49,8130,0.7460780987635484,1549801970,3,47229,49,8118,0.909066629960069,1551899118,5,47287,49,8101
0.1086133658804182,1558192990,5,47452,49,8119,0.8824421799614213,1551904436,12,47293,49,8133,0.9960723750780934,1554001320,9,47319,49,8130,0.7460780987635484,1549801970,3,47229,49,8118,0.909066629960069,1551899118,5,47287,49,8101
1.1884327659546488,1556095557,5,47401,49,8130,0.3551284624928413,1562387645,6,47575,49,8013,0.8082996570401931,1551903310,8,47240,49,8128,0.24242706770339165,1560287803,3,47527,49,8082,0.6262374097621645,1547704917,5,47156,49,8135
0.4460116829257566,1545613102,13,47088,49,8116,0.9039621872260996,1554001918,11,47306,49,8041,1.1301946810179728,1556098508,10,47380,49,8135,0.5128154192937924,1547704233,3,47132,49,8099,0.9735281584314028,1553996812,5,47311,49,8139
0.4460116829257566,1545613102,13,47088,49,8116,0.9039621872260996,1554001918,11,47306,49,8041,1.1301946810179728,1556098508,10,47380,49,8135,0.5128154192937924,1547704233,3,47132,49,8099,0.9735281584314028,1553996812,5,47311,49,8139
0.9514987994742987,1554001286,10,47300,49,8116,0.1049346799897307,1558193824,6,47476,49,8118,0.26395267667803923,1560293207,10,47521,49,8136,0.7890177511244807,1551898485,3,47248,49,8122,0.15542875770418735,1558190625,5,47468,49,8108
0.9514987994742987,1554001286,10,47300,49,8116,0.1049346799897307,1558193824,6,47476,49,8118,0.26395267667803923,1560293207,10,47521,49,8136,0.7890177511244807,1551898485,3,47248,49,8122,0.15542875770418735,1558190625,5,47468,49,8108
1.057470525962898,1553998872,6,47349,49,8160,0.08514899088068476,1558195881,11,47462,49,8126,0.6996753258160223,1549806763,9,47193,49,8165,0.7707618871112379,1549801741,3,47235,49,8023,0.19173786214234464,1560288117,5,47488,49,8050
1.057470525962898,1553998872,6,47349,49,8160,0.08514899088068476,1558195881,11,47462,49,8126,0.6996753258160223,1549806763,9,47193,49,8165,0.7707618871112379,1549801741,3,47235,49,8023,0.19173786214234464,1560288117,5,47488,49,8050
1.043701954741676,1553999025,6,47340,49,8124,1.2102538573743384,1558195685,11,47431,49,8100,0.7858613545271604,1549805788,8,47228,49,8141,0.6097121606082272,1547704634,3,47166,49,8130,1.2906291313218077,1558190336,5,47450,49,8119
1.043701954741676,1553999025,6,47340,49,8124,1.2102538573743384,1558195685,11,47431,49,8100,0.7858613545271604,1549805788,8,47228,49,8141,0.6097121606082272,1547704634,3,47166,49,8130,1.2906291313218077,1558190336,5,47450,49,8119
0.14757506446079943,1558192775,5,47470,49,8119,0.48578394913520323,1547710523,12,47126,49,8130,1.1280532767302818,1556097260,8,47377,49,8140,0.8933592458413129,1551899006,3,47289,49,8131,0.4769152544704004,1547704971,5,47100,49,8169
0.14757506446079943,1558192775,5,47470,49,8119,0.48578394913520323,1547710523,12,47126,49,8130,1.1280532767302818,1556097260,8,47377,49,8140,0.8933592458413129,1551899006,3,47289,49,8131,0.4769152544704004,1547704971,5,47100,49,8169
0.12330021684414454,1558192811,5,47460,49,8126,0.5272959892308787,1547708146,6,47135,49,8055,1.2534054886493258,1558194689,8,47428,49,8157,1.213826608319254,1556092631,3,47427,49,8143,0.5553498209453729,1547705292,5,47131,49,8151
0.4146991954025935,1562389472,9,47587,49,8122,1.0380863164733183,1553999951,7,47359,49,8180,0.4400985686535348,1562388404,7,47594,49,8144,0.34156560922739077,1545607579,4,47059,49,8047,1.0657313073277703,1553996363,5,47351,49,8127
0.39277023112329773,1562387274,6,47578,49,8154,0.9886183522552704,1553999476,6,47340,49,8089,0.5674899463637095,1547708873,8,47139,49,8142,0.322595965882629,1543509855,3,47045,49,8149,1.1115261645540986,1556093911,5,47374,49,8153
0.39277023112329773,1562387274,6,47578,49,8154,0.9886183522552704,1553999476,6,47340,49,8089,0.5674899463637095,1547708873,8,47139,49,8142,0.322595965882629,1543509855,3,47045,49,8149,1.1115261645540986,1556093911,5,47374,49,8153
0.7362893301018754,1549804804,6,47210,49,8182,0.28495589624132817,1560290897,7,47551,49,8123,1.0257527854042923,1554001260,9,47334,49,8093,0.7651518511858683,1549801630,3,47234,49,8089,0.4008283850942684,1545608120,5,47062,49,8153
1.0521672007523517,1554001924,11,47345,49,8131,0.7620884851314008,1551904428,11,47241,49,8102,0.295469641894297,1560292430,9,47534,49,8122,0.017427010978427786,1556092496,3,47429,49,8129,0.9466007199575089,1553996664,4,47303,49,8124
1.0521672007523517,1554001924,11,47345,49,8131,0.7620884851314008,1551904428,11,47241,49,8102,0.295469641894297,1560292430,9,47534,49,8122,0.017427010978427786,1556092496,3,47429,49,8129,0.9466007199575089,1553996664,4,47303,49,8124
0.15145078683173277,1558195483,10,47472,49,8167,0.11850063863753675,1558195770,11,47471,49,8022,0.7990183639395763,1551902792,7,47237,49,8183,0.6190956832352565,1547704701,4,47170,49,8085,0.3108684564559253,1562384613,4,47536,49,8064
0.15145078683173277,1558195483,10,47472,49,8167,0.11850063863753675,1558195770,11,47471,49,8022,0.7990183639395763,1551902792,7,47237,49,8183,0.6190956832352565,1547704701,4,47170,49,8085,0.3108684564559253,1562384613,4,47536,49,8064
0.7361870954412298,1551904730,13,47211,49,8120,1.0791893997174031,1556096997,7,47380,49,8117,0.35809462901346906,1562388597,8,47560,49,8108,0.3605376518414442,1545607296,3,47065,49,8132,0.13655947422052248,1558191128,5,47461,49,8126
1.0421721133873232,1553998705,6,47339,49,8118,0.3835857245499436,1562389883,11,47592,49,8085,0.8348181477888603,1551904283,10,47254,49,8170,1.0190162817520871,1553996124,3,47345,49,8120,0.7685182632543668,1551898894,4,47225,49,8128
1.0421721133873232,1553998705,6,47339,49,8118,0.3835857245499436,1562389883,11,47592,49,8085,0.8348181477888603,1551904283,10,47254,49,8170,1.0190162817520871,1553996124,3,47345,49,8120,0.7685182632543668,1551898894,4,47225,49,8128
0.24294013929139446,1560290639,6,47511,49,8083,0.618173750328931,1549807511,11,47172,49,8059,0.5525986224210184,1547709230,8,47133,49,8084,0.48211633440770446,1545607023,3,47113,49,8120,0.30413566010747317,1560287932,5,47538,49,8146
0.24294013929139446,1560290639,6,47511,49,8083,0.618173750328931,1549807511,11,47172,49,8059,0.5525986224210184,1547709230,8,47133,49,8084,0.48211633440770446,1545607023,3,47113,49,8120,0.30413566010747317,1560287932,5,47538,49,8146
0.4194931884663781,1562387511,6,47588,49,8047,1.1524228905033316,1556096921,7,47398,49,8104,1.1063287801489312,1556097946,9,47368,49,8084,1.1976099249839014,1556092936,3,47418,49,8094,1.0504328958658895,1553996542,5,47341,49,8130
1.146818472962137,1556099113,11,47385,49,8150,1.1477311299079584,1556098407,11,47396,49,8079,0.20142992537731175,1560292049,9,47496,49,8118,0.3340186486516729,1545607323,3,47053,49,8130,0.20010086990969123,1560286977,4,47494,49,8137
1.146818472962137,1556099113,11,47385,49,8150,1.1477311299079584,1556098407,11,47396,49,8079,0.20142992537731175,1560292049,9,47496,49,8118,0.3340186486516729,1545607323,3,47053,49,8130,0.20010086990969123,1560286977,4,47494,49,8137
0.33657089439565596,1562389828,10,47553,49,8085,0.1417549626402663,1558193136,6,47491,49,8086,1.1499822416170342,1556097865,8,47388,49,8134,1.1001015816887951,1556092892,3,47382,49,8094,1.0929635972210565,1556093681,5,47364,49,8137
0.33657089439565596,1562389828,10,47553,49,8085,0.1417549626402663,1558193136,6,47491,49,8086,1.1499822416170342,1556097865,8,47388,49,8134,1.1001015816887951,1556092892,3,47382,49,8094,1.0929635972210565,1556093681,5,47364,49,8137
0.3024031999191734,1560293213,11,47536,49,8117,0.2968897789498217,1562390590,12,47554,49,8102,0.6554102838294558,1549806635,9,47172,49,8122,0.3526839727141506,1545607482,3,47062,49,8035,0.3768579617036115,1545608082,5,47057,49,8109
0.3024031999191734,1560293213,11,47536,49,8117,0.2968897789498217,1562390590,12,47554,49,8102,0.6554102838294558,1549806635,9,47172,49,8122,0.3526839727141506,1545607482,3,47062,49,8035,0.3768579617036115,1545608082,5,47057,49,8109
0.2014280861553174,1560294032,15,47494,49,8191,0.16776412405099744,1560293294,12,47500,49,8101,0.9536420415880835,1554000017,7,47304,49,8155,0.8265518395898853,1551898849,3,47264,49,8067,0.8558270278229674,1551899474,5,47257,49,8097
0.47089810169450824,1562389901,10,47612,49,8152,0.5652390125050489,1547710737,13,47155,49,8032,0.3897123354071574,1562389417,8,47577,49,8151,0.61409721896903,1547704471,3,47171,49,8038,0.5358671441741927,1547704733,5,47130,49,8148
0.47089810169450824,1562389901,10,47612,49,8152,0.5652390125050489,1547710737,13,47155,49,8032,0.3897123354071574,1562389417,8,47577,49,8151,0.61409721896903,1547704471,3,47171,49,8038,0.5358671441741927,1547704733,5,47130,49,8148
0.09351756860366513,1558196164,11,47448,49,8136,1.1984222145644767,1558195866,11,47427,49,8091,0.5252640898661778,1547709619,9,47120,49,8168,0.8979487697471625,1551898427,3,47292,49,8113,0.7979942017810733,1551899508,5,47240,49,8113
0.09351756860366513,1558196164,11,47448,49,8136,1.1984222145644767,1558195866,11,47427,49,8091,0.5252640898661778,1547709619,9,47120,49,8168,0.8979487697471625,1551898427,3,47292,49,8113,0.7979942017810733,1551899508,5,47240,49,8113
0.8911174639806025,1551901350,5,47276,49,8117,0.55004098797613,1547708395,7,47152,49,8169,0.6494935507780597,1549805707,8,47174,49,8158,0.44142032605909987,1545606622,3,47096,49,8113,1.0439045795704072,1553996664,5,47341,49,8052
0.8911174639806025,1551901350,5,47276,49,8117,0.55004098797613,1547708395,7,47152,49,8169,0.6494935507780597,1549805707,8,47174,49,8158,0.44142032605909987,1545606622,3,47096,49,8113,1.0439045795704072,1553996664,5,47341,49,8052
1.095515809385028,1556098527,11,47360,49,8101,0.8316488537878094,1551902499,6,47271,49,8110,0.11779425052214999,1558195741,9,47459,49,8167,0.4412158607225411,1545607532,3,47098,49,8104,0.9101893794062988,1551899200,5,47284,49,8112
1.095515809385028,1556098527,11,47360,49,8101,0.8316488537878094,1551902499,6,47271,49,8110,0.11779425052214999,1558195741,9,47459,49,8167,0.4412158607225411,1545607532,3,47098,49,8104,0.9101893794062988,1551899200,5,47284,49,8112
0.6802948921809767,1549806997,10,47183,49,8140,0.1358400792754907,1558194384,7,47477,49,8107,0.29383756432419117,1560292803,9,47533,49,8181,0.8853010902296139,1551898841,3,47288,49,8111,1.2082165892458903,1558190621,5,47418,49,8177
0.6802948921809767,1549806997,10,47183,49,8140,0.1358400792754907,1558194384,7,47477,49,8107,0,1560292501,9,47544,49,8131,0.8853010902296139,1551898841,3,47288,49,8111,1.2082165892458903,1558190621,5,47418,49,8177
0.3271873712579649,1560290007,6,47549,49,8116,0.03476275418544305,1558196781,13,47443,49,8077,0.7828016675491261,1549806330,9,47227,49,8167,0.613892749844696,1547704211,4,47173,49,8052,0.8211481482799822,1551899214,5,47245,49,8099
0.3271873712579649,1560290007,6,47549,49,8116,0.03476275418544305,1558196781,13,47443,49,8077,0.7828016675491261,1549806330,9,47227,49,8167,0.613892749844696,1547704211,4,47173,49,8052,0.8211481482799822,1551899214,5,47245,49,8099
0.23518869513445023,1560293434,11,47507,49,8071,0.9999406745369432,1553999974,7,47340,49,8096,0.07556839238093521,1558194964,8,47441,49,8190,0.41388133157456614,1545607623,3,47086,49,8097,0.4687548777206248,1545607773,5,47100,49,8108
0.9089662349853922,1554001747,13,47285,49,8136,0.17653608747825172,1560293898,12,47493,49,8038,0.34932266916054183,1562389287,9,47557,49,8121,1.0191185204312507,1553996328,4,47344,49,8062,0.9433365626673393,1553996683,5,47303,49,8154
0.9089662349853922,1554001747,13,47285,49,8136,0.17653608747825172,1560293898,12,47493,49,8038,0.34932266916054183,1562389287,9,47557,49,8121,1.0191185204312507,1553996328,4,47344,49,8062,0.41561747617549855,1545608266,5,47069,49,8114
0.4565179388074285,1562390481,11,47601,49,8122,0.5822717465556154,1547707900,7,47163,49,8100,0.9787329358957543,1554000947,9,47311,49,8093,0.48711296742679977,1547704318,3,47120,49,8139,0.34177011347931335,1545608376,5,47049,49,8127
0,1556098049,9,47407,49,8140,1.1420188507963178,1556097199,7,47403,49,8064,0.18194908294588968,1558194990,9,47483,49,8082,0.6219508963020087,1549801475,4,47175,49,8129,1.0885766814485192,1556093779,5,47367,49,8117
0,1556098049,9,47407,49,8140,1.1420188507963178,1556097199,7,47403,49,8064,0.18194908294588968,1558194990,9,47483,49,8082,0.6219508963020087,1549801475,4,47175,49,8129,1.0885766814485192,1556093779,5,47367,49,8117
0,1558196774,14,47430,49,8122,0.6641749310820291,1549806972,11,47184,49,8129,0.15216643229566407,1558194717,8,47471,49,8108,0.22437382117573954,1560287673,4,47521,49,8079,0.5540244433982523,1547704890,5,47128,49,8139
0.009168094884374249,1558196707,14,47411,49,8187,0.45834719428243675,1547709963,11,47106,49,8023,0.818499223635103,1551903704,9,47242,49,8156,0.3031132377998492,1560286588,3,47557,49,8173,0.5054729296295457,1547705263,5,47116,49,8156
0.06567370724448637,1558195600,10,47433,49,8089,0.09769443540129809,1558196773,13,47458,49,8086,0.8230887507050221,1551903561,8,47245,49,8136,0.039151498057879555,1558190346,3,47441,49,8170,1.2569707623047386,1558191210,5,47436,49,8055
0.08372695148686467,1558193500,6,47440,49,8121,1.1714947708190517,1556098606,11,47418,49,8084,0.28812529214327176,1560292413,9,47530,49,8179,0.30780687900678266,1560287061,3,47551,49,8113,0.11452827107577165,1558190326,4,47453,49,8142
0.08372695148686467,1558193500,6,47440,49,8121,1.1714947708190517,1556098606,11,47418,49,8084,0.28812529214327176,1560292413,9,47530,49,8179,0.30780687900678266,1560287061,3,47551,49,8113,0.11452827107577165,1558190326,4,47453,49,8142
0.6875351685708705,1549807184,10,47192,49,8131,0.632351270907718,1549807510,11,47184,49,8102,0.7464907161187345,1549806522,9,47212,49,8116,0.17592637018715665,1560287072,3,47500,49,8105,1.1143832393514226,1556093470,5,47370,49,8067
0.6875351685708705,1549807184,10,47192,49,8131,0.632351270907718,1549807510,11,47184,49,8102,0.7464907161187345,1549806522,9,47212,49,8116,0.17592637018715665,1560287072,3,47500,49,8105,1.1143832393514226,1556093470,5,47370,49,8067
0.8856096633584364,1551901505,6,47274,49,8060,0,1551904945,12,47239,49,8058,0.6528599421181194,1549806561,9,47170,49,8137,0.9180411773038692,1551898467,3,47304,49,8083,0.2197843255520848,1560288335,5,47509,49,8139
0.8856096633584364,1551901505,6,47274,49,8060,0.7548463739093404,1551904945,12,47239,49,8058,0.6528599421181194,1549806561,9,47170,49,8137,0.9180411773038692,1551898467,3,47304,49,8083,0.2197843255520848,1560288335,5,47509,49,8139
0.7661742140973861,1549803551,5,47220,49,8089,0.8995771463309631,1551901764,6,47292,49,8038,1.177316781685292,1556098101,8,47396,49,8090,0.9702621116858128,1553996073,3,47328,49,8097,1.1039791994527668,1556093108,5,47368,49,8144
0.7661742140973861,1549803551,5,47220,49,8089,0.8995771463309631,1551901764,6,47292,49,8038,1.177316781685292,1556098101,8,47396,49,8090,0.9702621116858128,1553996073,3,47328,49,8097,1.1039791994527668,1556093108,5,47368,49,8144
0.04048058701115567,1558195709,10,47423,49,8132,0,1549807383,11,47220,49,8037,1.2587088159730946,1558194943,9,47430,49,8145,1.1064254258452388,1556092976,3,47383,49,8147,1.0239144054711227,1553996507,5,47329,49,8071
0.04048058701115567,1558195709,10,47423,49,8132,0.7143548443613518,1549807383,11,47220,49,8037,1.2587088159730946,1558194943,9,47430,49,8145,1.1064254258452388,1556092976,3,47383,49,8147,1.0239144054711227,1553996507,5,47329,49,8071
0.14757506675885848,1558195840,10,47469,49,8138,0.9752568750584429,1553999562,6,47326,49,8076,1.0067812710718707,1554001561,10,47324,49,8112,0.7818778760484357,1551898588,3,47245,49,8140,0.4804860986441548,1545607504,5,47098,49,2
0.2913875993057129,1560290279,6,47531,49,8126,0,1556099189,12,47421,49,8142,0.766278271211325,1549805654,7,47218,49,8142,0.5002699817959714,1547704048,3,47126,49,8150,1.2136240278815058,1558190717,5,47414,49,8073
0.2913875993057129,1560290279,6,47531,49,8126,1.2062758993727367,1556099189,12,47421,49,8142,0.766278271211325,1549805654,7,47218,49,8142,0.5002699817959714,1547704048,3,47126,49,8150,1.2136240278815058,1558190717,5,47414,49,8073
0.5989028683280601,1547711181,15,47148,49,8048,0.980969153932458,1553999955,7,47326,49,8082,0.8255368667065252,1551903477,8,47245,49,8140,0.1907154600802302,1560287505,3,47505,49,8061,0.8237988858216457,1551899274,5,47252,49,8158
0.5989028683280601,1547711181,15,47148,49,8048,0.980969153932458,1553999955,7,47326,49,8082,0.8255368667065252,1551903477,8,47245,49,8140,0.1907154600802302,1560287505,3,47505,49,8061,0.8237988858216457,1551899274,5,47252,49,8158
0.13023562476456066,1558193566,6,47463,49,8121,0.41500044256277213,1545612897,11,47091,49,8074,1.1844566633490536,1556097359,7,47398,49,8129,0.3400357720767418,1545607045,3,47057,49,8090,0.927017632963514,1553996445,5,47296,49,8102
1.1288674685671496,1556098328,10,47376,49,8066,0.24640317606832537,1560288557,4,47528,49,8085,0.9574155338965393,1554000730,9,47304,49,8127,0.19448894217835827,1560287279,3,47508,49,8118,0.22233654728095736,1560287940,5,47501,49,8126
1.1288674685671496,1556098328,10,47376,49,8066,0.24640317606832537,1560288557,4,47528,49,8085,0,1554000730,9,47304,49,8127,0.19448894217835827,1560287279,3,47508,49,8118,0.22233654728095736,1560287940,5,47501,49,8126
0.8975435420468871,1551903795,9,47276,49,8112,0.04261642742597209,1558193228,5,47448,49,8127,0.3608476023970326,1562388764,8,47561,49,8086,0.8666362857532856,1551898597,3,47278,49,8116,0.7452639239043563,1549801908,5,47214,49,8164
0.8975435420468871,1551903795,9,47276,49,8112,0.04261642742597209,1558193228,5,47448,49,8127,0.3608476023970326,1562388764,8,47561,49,8086,0.8666362857532856,1551898597,3,47278,49,8116,0.7452639239043563,1549801908,5,47214,49,8164
0.3825706732182233,1562390373,11,47573,49,8144,0.5816583271056085,1549807604,12,47171,49,8099,0.7043670917096805,1549806837,9,47193,49,8105,1.1142791074891512,1556093049,3,47386,49,8093,0.8998875782932839,1553995968,5,47282,49,8136
0.3825706732182233,1562390373,11,47573,49,8144,0.5816583271056085,1549807604,12,47171,49,8099,0.7043670917096805,1549806837,9,47193,49,8105,1.1142791074891512,1556093049,3,47386,49,8093,0.8998875782932839,1553995968,5,47282,49,8136
0.525669399121307,1547711356,16,47122,49,8125,0.9494521857435259,1553999429,6,47325,49,8071,0.396852215255103,1562389460,9,47576,49,8145,1.0166704040716252,1553995980,3,47343,49,8061,0.6756013063736023,1549801569,5,47185,49,8102
0.525669399121307,1547711356,16,47122,49,8125,0.9494521857435259,1553999429,6,47325,49,8071,0.396852215255103,1562389460,9,47576,49,8145,1.0166704040716252,1553995980,3,47343,49,8061,0.6756013063736023,1549801569,5,47185,49,8102
0,1549807090,10,47191,49,8118,0.6236815460039393,1549807542,12,47183,49,8114,0.34697679199875325,1562388463,8,47554,49,8130,0.1425747239569932,1558190283,3,47481,49,8066,0.7694365345589415,1551899320,5,47225,49,8165
0.6995712823758491,1549807090,10,47191,49,8118,0,1554000076,7,47334,49,8076,0.34697679199875325,1562388463,8,47554,49,8130,0.1425747239569932,1558190283,3,47481,49,8066,0.7694365345589415,1551899320,5,47225,49,8165
0.18755728288649776,1558195731,11,47483,49,8102,0.813902322400129,1551902845,7,47262,49,8153,0.3859384902509809,1562389855,9,47572,49,8129,0.8515404891250051,1551898907,3,47274,49,8079,0.605122651641428,1547705189,5,47156,49,8123
0.18755728288649776,1558195731,11,47483,49,8102,0.813902322400129,1551902845,7,47262,49,8153,0.3859384902509809,1562389855,9,47572,49,8129,0.8515404891250051,1551898907,3,47274,49,8079,0.605122651641428,1547705189,5,47156,49,8123
0.627869481258414,1547706585,5,47158,49,8085,0.3010722176818253,1562390657,12,47554,49,8092,0.6978387835824185,1549807260,10,47194,49,8142,0.7952393566184024,1551898816,3,47250,49,8107,0.8082959908969849,1551899426,5,47246,49,8126
0.627869481258414,1547706585,5,47158,49,8085,0.3010722176818253,1562390657,12,47554,49,8092,0.6978387835824185,1549807260,10,47194,49,8142,0.7952393566184024,1551898816,3,47250,49,8107,0.8082959908969849,1551899426,5,47246,49,8126
0.6339888526360566,1549807823,13,47162,49,8124,0.7515822103160713,1551904629,12,47241,49,8080,0.22896893873840873,1560292646,9,47503,49,8118,0.2651720754585086,1560287411,3,47535,49,8144,0.4933364114873252,1547705066,5,47110,49,8142
0.6339888526360566,1549807823,13,47162,49,8124,0.7515822103160713,1551904629,12,47241,49,8080,0.22896893873840873,1560292646,9,47503,49,8118,0.2651720754585086,1560287411,3,47535,49,8144,0.4933364114873252,1547705066,5,47110,49,8142
1.19302229545164,1556098275,10,47401,49,8147,0,1558194450,7,47455,49,8100,0.39624063741877413,1562389432,9,47575,49,8123,0,1558189815,3,47488,49,8171,0.6313344354303226,1549802294,5,47173,49,8073
1.19302229545164,1556098275,10,47401,49,8147,0.08188482921314637,1558194450,7,47455,49,8100,0.39624063741877413,1562389432,9,47575,49,8123,0.16389212572036724,1558189815,3,47488,49,8171,0.6313344354303226,1549802294,5,47173,49,8073
1.045231803016548,1554001514,11,47338,49,24,0.24905388940876483,1560291454,7,47528,49,8041,0.17348383306110043,1558194132,7,47479,49,8122,0.8232876860069633,1551898193,3,47263,49,8096,0.28914208921788576,1560287566,5,47536,49,8122
1.045231803016548,1554001514,11,47338,49,24,0.24905388940876483,1560291454,7,47528,49,8041,0.17348383306110043,1558194132,7,47479,49,8122,0.8232876860069633,1551898193,3,47263,49,8096,0.28914208921788576,1560287566,5,47536,49,8122
0.5588184329164271,1547707272,6,47131,49,8164,1.0509384737837346,155609951,13,47362,49,8102,0.5072108513552503,1547708965,8,47111,49,14,0.4467236624767487,155607599,3,47099,49,8118,0,,,,,
0.5588184329164271,1547707272,6,47131,49,8164,1.0509384737837346,1556099541,13,47362,49,8102,0.5072108513552503,1547708965,8,47111,49,14,0.4467236624767487,1545607599,3,47099,49,8118,0.8123761851470953,1551899077,5,47246,49,8123
0.5649378047769787,1547707432,6,47135,49,8107,0.8686736090114705,1551903013,7,47277,49,8071,0.28771820265608467,1560292323,9,47527,49,12,1.1862876037935612,1556093175,3,47416,49,8090,0.5639154688278935,1547705018,5,47146,49,8124
0.5649378047769787,1547707432,6,47135,49,8107,0.8686736090114705,1551903013,7,47277,49,8071,0.28771820265608467,1560292323,9,47527,49,12,1.1862876037935612,1556093175,3,47416,49,8090,0.5639154688278935,1547705018,5,47146,49,8124
0.2246824256077336,1560293455,11,47503,49,8118,0.8962107422110643,1554002165,12,47303,49,8081,0.8569515920990074,1551903823,9,47258,49,8161,0.7101760903136006,1549801291,3,47212,49,8097,0.32800154118462743,1562385256,5,47555,49,8181
0.2246824256077336,1560293455,11,47503,49,8118,0.8962107422110643,1554002165,12,47303,49,8081,0.8569515920990074,1551903823,9,47258,49,8161,0.7101760903136006,1549801291,3,47212,49,8097,0.32800154118462743,1562385256,5,47555,49,8181
1.0964322282190997,1556098724,11,47364,49,8127,1.0124861091622126,1554000055,7,47347,49,8090,0.21009965318881885,1560291150,7,47496,49,8145,0.26048031436842567,1560287614,3,47533,49,8111,1.1980188979037831,1558190511,5,47409,49,8090
1.0964322282190997,1556098724,11,47364,49,8127,1.0124861091622126,1554000055,7,47347,49,8090,0.21009965318881885,1560291150,7,47496,49,8145,0.26048031436842567,1560287614,3,47533,49,8111,1.1980188979037831,1558190511,5,47409,49,8090
0.049150309647540365,1558196210,13,47425,49,8148,0.036904150774497164,1558196223,12,47448,49,8091,0.16410031828578944,1558191905,4,47470,49,8177,0.16542196674761342,1558190019,3,47489,49,8124,1.2598259525713447,1558190891,5,47443,49,8078
0.049150309647540365,1558196210,13,47425,49,8148,0.036904150774497164,1558196223,12,47448,49,8091,0.16410031828578944,1558191905,4,47470,49,8177,0.16542196674761342,1558190019,3,47489,49,8124,1.2598259525713447,1558190891,5,47443,49,8078
1.1395763577426459,1556099121,11,47382,49,8145,0.33166965702641993,1562387155,5,47566,49,8057,1.2703359894570831,1558195004,9,47432,49,8126,0.09453436530595576,1558190764,3,47462,49,8087,0.1658309289154512,1558190889,5,47481,49,8078
0.7574022621408285,1549804630,6,47217,49,8120,0.44845433026748,1547710112,11,47109,49,8112,0.49089192547725796,1545611081,7,47098,49,8115,0.8091101722692925,1551898230,3,47256,49,8117,0.9854601726114823,1553996601,5,47323,49,8127
0.7574022621408285,1549804630,6,47217,49,8120,0.44845433026748,1547710112,11,47109,49,8112,0.49089192547725796,1545611081,7,47098,49,8115,0.8091101722692925,1551898230,3,47256,49,8117,0.9854601726114823,1553996601,5,47323,49,8127
1.2062815380997998,1556098411,10,47408,49,8106,1.1364088019210492,1556096540,6,47396,49,8015,0.9810788247552765,1554000186,8,47308,49,8089,0.025892265641344833,1556092858,3,47431,49,8059,0.3428928704869633,1545608249,5,47047,49,8118
1.2062815380997998,1556098411,10,47408,49,8106,1.1364088019210492,1556096540,6,47396,49,8015,0.9810788247552765,1554000186,8,47308,49,8089,0.025892265641344833,1556092858,3,47431,49,8059,0.3428928704869633,1545608249,5,47047,49,8118
0.30005732367501303,1560293336,11,47533,49,8102,0.39929307834098915,1562390996,12,47591,49,8056,1.049211611042498,1554000369,8,47336,49,8135,0.38460803900464907,1545607524,3,47074,49,8091,0.8597008975889271,1551899367,5,47268,49,8095
0.909782278866903,1551904223,10,47283,49,8146,0.13716543799812447,1560293236,12,47489,49,8071,0.2093858605853323,1560292493,10,47490,49,8151,0.027933291061634596,1556092634,3,47427,49,8008,0.6341914918661375,1549802317,5,47167,49,8129
0.909782278866903,1551904223,10,47283,49,8146,0.13716543799812447,1560293236,12,47489,49,8071,0.2093858605853323,1560292493,10,47490,49,8151,0.027933291061634596,1556092634,3,47427,49,8008,0.6341914918661375,1549802317,5,47167,49,8129
1.1829249688472123,1556096109,6,47397,49,8175,0.5640140307020911,1547710432,12,47160,49,8137,0.25395760018921665,1560292540,9,47509,49,8180,0.9141654673027351,1551898064,3,47298,49,8150,1.228208632390373,1558190717,5,47423,49,8135
0.16144587974237992,1558196124,11,47476,49,8054,0.9002909474187135,1554001715,11,47301,49,8104,0.2351905519349496,1560292845,9,47501,49,8143,0.09841008683729702,1558190251,3,47464,49,8110,0.5993099810800808,1547704907,5,47149,49,8189
0.16144587974237992,1558196124,11,47476,49,8054,0.9002909474187135,1554001715,11,47301,49,8104,0.2351905519349496,1560292845,9,47501,49,8143,0.09841008683729702,1558190251,3,47464,49,8110,0.5993099810800808,1547704907,5,47149,49,8189
0.637457468848584,1549808052,14,47161,49,8089,0.5195445484469685,1547710508,12,47130,49,8043,0.5136369297926798,1547708795,8,47107,49,8135,0.9142677048342636,1551899118,3,47297,49,8150,0.31708818370154884,1562385295,5,47548,49,8163
0.637457468848584,1549808052,14,47161,49,8089,0.5195445484469685,1547710508,12,47130,49,8043,0.5136369297926798,1547708795,8,47107,49,8135,0.9142677048342636,1551899118,3,47297,49,8150,0.31708818370154884,1562385295,5,47548,49,8163
1.103369496066309,1556099728,14,47361,49,8177,0.09575564047289524,1558194340,7,47469,49,8116,0.742512766281835,1549807075,10,47207,49,8155,0.47446530253502744,1547704090,3,47113,49,8144,0.15603846062194435,1558190810,5,47479,49,8101
1.103369496066309,1556099728,14,47361,49,8177,0.09575564047289524,1558194340,7,47469,49,8116,0.742512766281835,1549807075,10,47207,49,8155,0.47446530253502744,1547704090,3,47113,49,8144,0.15603846062194435,1558190810,5,47479,49,8101
0.8541949380276412,1551901946,6,47262,49,8108,1.036658719335201,1554002221,12,47348,49,8081,0.4320404380569406,1562386528,4,47587,49,8142,0.4815029439786626,1547704056,3,47116,49,8178,0.4757925167864155,1547705024,5,47104,49,8109
0.8541949380276412,1551901946,6,47262,49,8108,1.036658719335201,1554002221,12,47348,49,8081,0.4320404380569406,1562386528,4,47587,49,8142,0.4815029439786626,1547704056,3,47116,49,8178,0.4757925167864155,1547705024,5,47104,49,8109
0.00927033045549404,1558197041,15,47410,49,8130,0.9864769542649772,1553999907,7,47336,49,8117,0.9091725524025568,1551903772,9,47277,49,8127,0.5269929568164976,1547704849,3,47130,49,8144,0.786162560148755,1551899166,5,47237,49,8102
0.9520081283426103,1554002664,16,47303,49,8147,0.6269457072047689,1549808061,13,47181,49,8111,0.5534146756688735,1547709552,9,47125,49,8143,0.5646292788976564,1547704541,3,47145,49,8084,1.2179087099073933,1556093369,5,47411,49,8108
0.9520081283426103,1554002664,16,47303,49,8147,0.6269457072047689,1549808061,13,47181,49,8111,0.5534146756688735,1547709552,9,47125,49,8143,0.5646292788976564,1547704541,3,47145,49,8084,1.2179087099073933,1556093369,5,47411,49,8108
0.3694132253775747,1562391262,15,47567,49,8121,0.9341537876179019,1553999641,7,47313,49,8154,1.1509005350971557,1556098642,10,47379,49,8127,0.1950001533273557,1558189655,3,47497,49,8152,1.2224982320585194,1558190586,5,47414,49,8132
0.3694132253775747,1562391262,15,47567,49,8121,0.9341537876179019,1553999641,7,47313,49,8154,1.1509005350971557,1556098642,10,47379,49,8127,0,,,,,8152,0,1558190586,5,47414,49,8132
0.002946491156931123,1556098686,11,47408,49,8152,0.9006999007076567,1551902105,6,47297,49,8157,0.3031188638824028,1560292198,9,47531,49,18,0.7177230815399455,1549802054,3,47212,49,8061,1.093677398298804,1556093238,5,47365,49,8111
0.002946491156931123,1556098686,11,47408,49,8152,0.9006999007076567,1551902105,6,47297,49,8157,0.3031188638824028,1560292198,9,47531,49,18,0.7177230815399455,1549802054,3,47212,49,8061,1.093677398298804,1556093238,5,47365,49,8111
0.9219206236613001,1554002467,14,47286,49,8108,0.3873592175284697,1562388406,7,47586,49,8107,1.087459509605487,1554001006,9,47353,49,8122,0.7674977510169905,1549801811,3,47228,49,8142,0.29464989838381167,1560287436,5,47535,49,8098
0.9219206236613001,1554002467,14,47286,49,8108,0.3873592175284697,1562388406,7,47586,49,8107,1.087459509605487,1554001006,9,47353,49,8122,0.7674977510169905,1549801811,3,47228,49,8142,0.29464989838381167,1560287436,5,47535,49,8098
0,1558193821,6,47449,49,8133,0.8693874105165876,1551901756,6,47278,49,8009,0.23508831465489002,1560291048,7,47502,49,8153,0.3558453937971943,1545606798,3,47056,49,8092,0.1881669905995394,1560287265,5,47491,49,8090
0.09096721448022162,1558193821,6,47449,49,8133,0.8693874105165876,1551901756,6,47278,49,8009,0.23508831465489002,1560291048,7,47502,49,8153,0.3558453937971943,1545606798,3,47056,49,8092,0.1881669905995394,1560287265,5,47491,49,8090
0.7639305656540312,1549806310,9,47219,49,8179,0.5544278805196887,1547710021,11,47142,49,8049,0.5291398278384158,1547709387,9,47115,49,8130,0.8971327502019444,1551898768,3,47285,49,8135,0.4869103500575731,1547705166,5,47106,49,8121
0.7639305656540312,1549806310,9,47219,49,8179,0.5544278805196887,1547710021,11,47142,49,8049,0.5291398278384158,1547709387,9,47115,49,8130,0.8971327502019444,1551898768,3,47285,49,8135,0.4869103500575731,1547705166,5,47106,49,8121
0.7589320997067263,1549807061,10,47220,49,8112,0.4588583570250408,1545612549,11,47103,49,8057,0.2764981332040923,1560292605,9,47520,49,8150,0.7976874909742308,1551898009,3,47244,49,8102,1.210869190348546,1558190378,5,47416,49,8130
0.7832069464287624,1551900343,5,47230,49,8071,0.37797568957123817,1562388655,7,47584,49,8072,1.2408600527106337,1556097845,9,47418,49,8172,0.42775217008804145,1545606974,3,47087,49,8068,0.7418993762202815,1549802420,5,47206,49,8078
0.7832069464287624,1551900343,5,47230,49,8071,0.37797568957123817,1562388655,7,47584,49,8072,1.2408600527106337,1556097845,9,47418,49,8172,0.42775217008804145,1545606974,3,47087,49,8068,0.7418993762202815,1549802420,5,47206,49,8078
0.7309859989876362,1549804508,6,47206,49,8050,0.18408304267503856,1560293874,13,47501,49,8040,0.8763302162340048,1551904256,9,47264,49,8188,0.6358217449201137,1547704351,3,47171,49,8183,1.3052156187831554,1558190517,5,47451,49,8135
0.9691430960735743,1554002724,15,47311,49,8089,0.4851723760936833,1547710864,12,47125,49,8059,0.8296170654849586,1551902557,7,47242,49,8148,1.1065276945780929,1556092456,3,47372,49,8071,0.9229374337238591,1553996644,5,47297,49,3
1.137537188352972,1556096179,6,47380,49,8134,0.7927893995773211,1551902395,7,47253,49,8055,0.7842292868402048,1549805744,8,47223,49,15,0.2743511479989701,1560287611,3,47531,49,8122,0.48915399265583936,1547705193,5,47110,49,8189
0.5413785786646995,1547710386,11,47121,49,8109,0.11350215736764327,1558196134,12,47481,49,8164,0.1317673119742758,1558192279,4,47460,49,8148,0.8336917496612504,1551898928,4,47255,49,8056,0.3412607874498875,1545608332,5,47048,49,8100
0,1562387758,6,47572,49,8108,0.8925394986075834,1554001864,12,47299,49,8078,0.23906627262779964,1560292558,9,47504,49,8136,1.242488406980014,1556092987,3,47423,49,8165,1.2822661253128218,1558191103,5,47446,49,8093
0.38032658915326756,1562387758,6,47572,49,8108,0.8925394986075834,1554001864,12,47299,49,8078,0.23906627262779964,1560292558,9,47504,49,8136,1.242488406980014,1556092987,3,47423,49,8165,1.2822661253128218,1558191103,5,47446,49,8093
0,1560293618,13,47476,49,8128,1.070317076701057,1556099455,12,47372,49,8103,1.237698131669417,1556097554,8,47417,49,8106,0.9657748623540643,1553995608,3,47312,49,8101,0.3412607874498875,1562384465,5,47560,49,8105
0.15104183762942655,1560293618,13,47476,49,8128,1.070317076701057,1556099455,12,47372,49,8103,1.237698131669417,1556097554,8,47417,49,8106,0.9657748623540643,1553995608,3,47312,49,8101,0.3412607874498875,1562384465,5,47560,49,8105
0,1556098611,11,47360,49,8151,1.2383021790825535,1558196329,12,47436,49,8038,1.0373799669807267,1554000894,8,47333,49,8029,0.6196050492223333,1547704533,4,47162,49,8090,0.6065502577831337,1547704979,5,47159,49,4
1.0840912541195074,1556098611,11,47360,49,8151,1.2383021790825535,1558196329,12,47436,49,8038,1.0373799669807267,1554000894,8,47333,49,8029,0.6196050492223333,1547704533,4,47162,49,8090,0.6065502577831337,1547704979,5,47159,49,4
0.7960590942995731,1549804414,6,47232,49,8148,0.7414848911460541,1549807418,12,47235,49,8092,0.4977251035956442,1545612301,9,47104,49,8142,0.8374652353623434,1551897983,3,47258,49,8081,0.3453409881386812,1545607260,5,47048,49,8143
0,1562386276,5,47559,49,8146,0.09443027367617159,1558196348,12,47459,49,8101,0.47375695009788277,1545611656,8,47091,49,8142,0.6446959316692814,1547704287,3,47172,49,8123,0.8023810974084646,1551899589,5,47239,49,8088
0.36451885897854003,1562386276,5,47559,49,8146,0.09443027367617159,1558196348,12,47459,49,8101,0.47375695009788277,1545611656,8,47091,49,8142,0.6446959316692814,1547704287,3,47172,49,8123,0.8023810974084646,1551899589,5,47239,49,8088
0,1556096140,6,47396,49,8131,0.0922888702147529,1558194468,7,47464,49,8177,0.15787871427836025,1558195528,9,47467,49,8133,1.1034680132592227,1556092185,3,47370,49,8085,0.7956483156744236,1551899456,5,47241,49,8071
1.1767033616734435,1556096140,6,47396,49,8131,0.0922888702147529,1558194468,7,47464,49,8177,0.15787871427836025,1558195528,9,47467,49,8133,1.1034680132592227,1556092185,3,47370,49,8085,0.7956483156744236,1551899456,5,47241,49,8071
0,1549807256,11,47221,49,8079,1.1935259711125232,1558196419,12,47427,49,8127,1.0015801877237263,1554000738,8,47315,49,8166,0.30352222444299476,1560287731,3,47544,49,8118,0.6983463069550814,1549801794,5,47195,49,8130
0.7653581732924375,1549807256,11,47221,49,8079,1.1935259711125232,1558196419,12,47427,49,8127,1.0015801877237263,1554000738,8,47315,49,8166,0.30352222444299476,1560287731,3,47544,49,8118,0.6983463069550814,1549801794,5,47195,49,8130
0.3707404617665034,1562391116,15,47562,49,8069,0.5269911236006364,1547708465,7,47130,49,8071,0.2695627278682596,1560292977,10,47516,49,8160,0.19459306899755968,1558189532,3,47492,49,8090,1.3177610579385837,1558190834,5,47458,49,8163
0,1556099311,13,47366,49,8150,0.7884024951847423,1551905248,13,47247,49,8055,0.07505907395281117,1558194909,9,47431,49,8089,0.9501715883514161,1551898695,3,47300,49,8107,0.17174582071992586,1560287647,5,47486,49,8110
1.1144873326390887,1556099311,13,47366,49,8150,0.7884024951847423,1551905248,13,47247,49,8055,0.07505907395281117,1558194909,9,47431,49,8089,0.9501715883514161,1551898695,3,47300,49,8107,0.17174582071992586,1560287647,5,47486,49,8110
0.06954943003971753,1558193241,6,47435,49,8142,0.21529328925708627,1560292860,11,47522,49,8078,1.085215865983706,1554000155,8,47351,49,8120,0.04527274445745469,1556092364,3,47428,49,8111,1.0725644671375787,1556093151,5,47358,49,8114
0.06954943003971753,1558193241,6,47435,49,8142,0.21529328925708627,1560292860,11,47522,49,8078,1.085215865983706,1554000155,8,47351,49,8120,0.04527274445745469,1556092364,3,47428,49,8111,1.0725644671375787,1556093151,5,47358,49,8114
0.6702979649795769,1549804796,6,47185,49,8113,0,1547710937,13,47123,49,8118,0.6823358986283702,1549806763,9,47181,49,8111,0.6843714241387814,1549801760,3,47194,49,8106,0.9697546684453525,1553996458,5,47310,49,8174
0.6702979649795769,1549804796,6,47185,49,8113,0.48201046119442725,1547710937,13,47123,49,8118,0.6823358986283702,1549806763,9,47181,49,8111,0.6843714241387814,1549801760,3,47194,49,8106,0.9697546684453525,1553996458,5,47310,49,8174
0.0903556486605315,1558196309,11,47447,49,8074,0,1560293171,12,47478,49,8132,1.1507982970328439,1556098400,9,47380,49,8133,0.8571505465738166,1551899075,3,47268,49,8062,0.36308751298489367,1545607121,5,47058,49,8100
0.0903556486605315,1558196309,11,47447,49,8074,0.11289059942310195,1560293171,12,47478,49,8132,1.1507982970328439,1556098400,9,47380,49,8133,0.8571505465738166,1551899075,3,47268,49,8062,0.36308751298489367,1545607121,5,47058,49,8100
0.6661173732030374,1549807519,11,47178,49,8122,0,1554002200,12,47349,49,8101,0.39624030315367637,1562389414,8,47570,49,8175,0.9354828815760888,1551898465,3,47300,49,8100,1.0404378037961841,1556093043,4,47337,49,8122
0.6661173732030374,1549807519,11,47178,49,8122,1.0372702834069052,1554002200,12,47349,49,8101,0.39624030315367637,1562389414,8,47570,49,8175,0.9354828815760888,1551898465,3,47300,49,8100,1.0404378037961841,1556093043,4,47337,49,8122
0.8732686923124776,1551901480,6,47267,49,8090,0.13104608659379513,1558195818,11,47482,49,8088,0.5549445190125242,1547709753,9,47126,49,8116,0.49262078995020503,1547703790,3,47114,49,8066,1.2493215555483157,1558190567,5,47433,49,8110
0.8732686923124776,1551901480,6,47267,49,8090,0.13104608659379513,1558195818,11,47482,49,8088,0.5549445190125242,1547709753,9,47126,49,8116,0.49262078995020503,1547703790,3,47114,49,8066,1.2493215555483157,1558190567,5,47433,49,8110
0.6034923947623771,1547710061,10,47152,49,8142,0,1545613435,12,47093,49,8119,0.09831341313056656,1558195414,9,47443,49,8128,0.8225739044231213,1551898907,3,47255,49,8079,1.0629783344086405,1553996277,5,47348,49,8079
0.6034923947623771,1547710061,10,47152,49,8142,0.41306167002473043,1545613435,12,47093,49,8119,0.09831341313056656,1558195414,9,47443,49,8128,0.8225739044231213,1551898907,3,47255,49,8079,1.0629783344086405,1553996277,5,47348,49,8079
0.582072763108277,1547707197,6,47148,49,8169,0.44437415067285396,1545610766,7,47106,49,8068,1.225968734066921,1556097227,7,47408,49,8080,1.117441048560294,1556093256,4,47380,49,8112,0.9541495425363995,1553996138,5,47303,49,8130
0.582072763108277,1547707197,6,47148,49,8169,0.44437415067285396,1545610766,7,47106,49,8068,1.225968734066921,1556097227,7,47408,49,8080,1.117441048560294,1556093256,4,47380,49,8112,0.9541495425363995,1553996138,5,47303,49,8130
0.87632837152068,1551903856,10,47271,49,8096,0.864084095996441,1551902705,7,47279,49,8102,0.1594085618396997,1558195035,8,47465,49,8125,0.5066960789496534,1547704336,4,47118,49,8146,1.1581389281911476,1556093191,5,47391,49,8118
0.87632837152068,1551903856,10,47271,49,8096,0.864084095996441,1551902705,7,47279,49,8102,0.1594085618396997,1558195035,8,47465,49,8125,0.5066960789496534,1547704336,4,47118,49,8146,1.1581389281911476,1556093191,5,47391,49,8118
0.8779604494448165,1551902084,6,47271,49,8133,0.7327147966449277,1549805614,7,47215,49,8106,1.2087315269491223,1556098419,9,47401,49,8135,0.6710099502072883,1549801468,3,47187,49,8084,1.0251375262252929,1553996338,5,47336,49,8185
0.3087270367233175,1560292924,10,47540,49,8123,0.27118734294502544,1560292495,10,47540,49,8080,0.6302171824749396,1547709925,10,47153,49,8124,0.34901224071021986,1545606685,3,47048,49,8138,0.30403341317507926,1562384635,5,47542,49,8130
0.3087270367233175,1560292924,10,47540,49,8123,0.27118734294502544,1560292495,10,47540,49,8080,0.6302171824749396,1547709925,10,47153,49,8124,0.34901224071021986,1545606685,3,47048,49,8138,0.30403341317507926,1562384635,5,47542,49,8130
0.9235526973744174,1551904102,10,47288,49,8102,0.9531253105960584,1554001277,10,47310,49,8051,0.9014211117850616,1551902908,7,47270,49,8097,1.0960232843336395,1553995778,3,47364,49,8087,0.7493441116328889,1549802272,5,47216,49,8090
0.8933611037448461,1551903250,9,47280,49,8153,0.6627454821530107,1549808288,13,47189,49,8037,0.6418443551651697,1547708636,8,47159,49,8118,1.0425773544477697,1553996197,3,47344,49,8121,0.4655947715482203,1545607910,5,47094,49,8137
0.29138759231578343,1560290143,5,47534,49,8140,0.029152719682304505,1558195744,11,47441,49,8048,0.7951426611715046,1549806128,8,47224,49,8189,0.8266541051296088,1551898791,3,47253,49,8125,0.7579115960933508,1551899376,5,47220,49,8122
0.29138759231578343,1560290143,5,47534,49,8140,0.029152719682304505,1558195744,11,47441,49,8048,0.7951426611715046,1549806128,8,47224,49,8189,0.8266541051296088,1551898791,3,47253,49,8125,0.7579115960933508,1551899376,5,47220,49,8122
0.2464087691167261,1560290043,5,47511,49,8058,0.9229337134952614,1554002084,12,47310,49,8075,0.3604405304405241,1562388610,8,47550,49,8119,0.6397996991928934,1547703979,3,47173,49,8108,0.3142329758610922,1560287902,5,47546,49,8152
0.2464087691167261,1560290043,5,47511,49,8058,0,1554002084,12,47310,49,8075,0.3604405304405241,1562388610,8,47550,49,8119,0,1547703979,3,47173,49,8108,0.3142329758610922,1560287902,5,47546,49,8152
0.7791267483298766,1551903978,10,47232,49,8102,1.0081010758258568,1553999514,6,47339,49,8160,0.370742332746248,1562389391,9,47553,49,8175,1.112342209930188,1556092752,3,47372,49,8117,0.5109807203979284,1547704626,5,47121,49,8112
0.7791267483298766,1551903978,10,47232,49,8102,1.0081010758258568,1553999514,6,47339,49,8160,0.370742332746248,1562389391,9,47553,49,8175,1.112342209930188,1556092752,3,47372,49,8117,0.5109807203979284,1547704626,5,47121,49,8112
0.22305219754752317,1560292561,10,47500,49,8153,1.20331846451923,1558196286,12,47425,49,8139,0.4018503496749156,1562389857,9,47568,49,8125,0.3831804487966939,1545607565,3,47065,49,8130,0.7796360909413524,1551898916,4,47231,49,8127
0.22305219754752317,1560292561,10,47500,49,8153,1.20331846451923,1558196286,12,47425,49,8139,0.4018503496749156,1562389857,9,47568,49,8125,0.3831804487966939,1545607565,3,47065,49,8130,0.7796360909413524,1551898916,4,47231,49,8127
0.7963639525133743,1551904272,11,47239,49,8176,0.1608287294402905,1560293701,12,47494,49,8064,0.361154337594918,1560292285,9,47548,49,8124,0.7736171268324635,1549801788,3,47229,49,8122,0.9423178993592362,1553996600,5,47300,49,8030
0.7963639525133743,1551904272,11,47239,49,8176,0.1608287294402905,1560293701,12,47494,49,8064,0.361154337594918,1560292285,9,47548,49,8124,0.7736171268324635,1549801788,3,47229,49,8122,0.9423178993592362,1553996600,5,47300,49,8030
0.802178458827473,1551904817,11,47238,49,8187,1.1728220204418403,1556099416,12,47412,49,8088,1.2753344805471922,1556097124,8,47425,49,9,0.7575026686349524,1549801835,3,47219,49,8188,0.7781062489177838,1549801979,5,47230,49,8130
0.802178458827473,1551904817,11,47238,49,8187,1.1728220204418403,1556099416,12,47412,49,8088,1.2753344805471922,1556097124,8,47425,49,9,0.7575026686349524,1549801835,3,47219,49,8188,0.7781062489177838,1549801979,5,47230,49,8130
1.1554881905647427,1556094701,4,47390,49,8155,0.9404776308564039,1554002079,12,47306,49,8095,0.8514438119667694,1551903915,9,47245,49,8159,0.5677912062252426,1547704221,3,47143,49,8187,0.45029452148107957,1547704667,5,47092,49,8121
1.1554881905647427,1556094701,4,47390,49,8155,0.9404776308564039,1554002079,12,47306,49,8095,0.8514438119667694,1551903915,9,47245,49,8159,0.5677912062252426,1547704221,3,47143,49,8187,0.45029452148107957,1547704667,5,47092,49,8121
0.07148821153696618,1558197195,16,47434,49,8092,0.27190114287659567,1560291332,7,47541,49,8058,0.21112018712179775,1558194689,8,47483,49,8101,1.2510558869356105,1556093100,3,47428,49,8105,0.9894399885606769,1553996539,5,47318,49,8115
0.07148821153696618,1558197195,16,47434,49,8092,0.27190114287659567,1560291332,7,47541,49,8058,0.21112018712179775,1558194689,8,47483,49,8101,1.2510558869356105,1556093100,3,47428,49,8105,0.9894399885606769,1553996539,5,47318,49,8115
0.7961613248657539,1549807004,10,47233,49,8129,1.1864883375445032,1558196284,12,47422,49,8090,1.2174012554150544,1556098225,9,47401,49,8101,0.12931550510400025,1558190289,3,47466,49,8078,0.9748535169602256,1553996818,5,47317,49,8143
0.7961613248657539,1549807004,10,47233,49,8129,1.1864883375445032,1558196284,12,47422,49,8090,1.2174012554150544,1556098225,9,47401,49,8101,0.12931550510400025,1558190289,3,47466,49,8078,0.9748535169602256,1553996818,5,47317,49,8143
0.3192314449208541,1562388981,9,47549,49,8138,1.0483881241829387,1553999769,7,47352,49,8046,0.9999481208652309,1554001591,10,47309,49,8170,0.1989781215007349,1558189979,3,47495,49,8054,0.9616965098726836,1553995797,5,47310,49,8109
0.3192314449208541,1562388981,9,47549,49,8138,1.0483881241829387,1553999769,7,47352,49,8046,0.9999481208652309,1554001591,10,47309,49,8170,0.1989781215007349,1558189979,3,47495,49,8054,0.9616965098726836,1553995797,5,47310,49,8109
1.064305551621448,1556100080,16,47348,49,8172,0.8201239341994535,1551902746,7,47262,49,8071,0.7427172455723616,1549806340,8,47199,49,8177,0.19510239985975633,1558189439,3,47493,49,8071,0.9512924730203814,1553996619,5,47308,49,8108
1.064305551621448,1556100080,16,47348,49,8172,0.8201239341994535,1551902746,7,47262,49,8071,0.7427172455723616,1549806340,8,47199,49,8177,0.19510239985975633,1558189439,3,47493,49,8071,0.9512924730203814,1553996619,5,47308,49,8108
0.08790937831260494,1558192894,6,47441,49,8122,0.9226288597442047,1554002419,13,47307,49,8178,1.1719112378570544,1556098420,9,47383,49,8109,0.6148110512338643,1547704598,3,47162,49,8126,0.29577264729022246,1560287864,5,47535,49,8093
0.08790937831260494,1558192894,6,47441,49,8122,0.9226288597442047,1554002419,13,47307,49,8178,0,1556098420,9,47383,49,8109,13.920219780256314,,,,,,0.2055064249211964,1560287970,5,47500,49,8133
0.24916173747802983,1560293677,14,47516,49,8149,0.5792120594430804,1547710825,13,47162,49,8090,0.6374592957997317,1547709566,9,47151,49,8118,0.9728125010607843,1553995961,3,47316,49,8127,0.7885084351561364,1551898624,5,47240,49,8134
1.19597972596526,1556098553,10,47409,49,8088,0.22987977057377454,1560291272,7,47523,49,8077,0.3479973289409931,1560291687,8,47541,49,8138,0.06505845297274426,1558190092,3,47440,49,8114,0.9185523813895528,1553996488,5,47293,49,8119
1.19597972596526,1556098553,10,47409,49,8088,0.22987977057377454,1560291272,7,47523,49,8077,0.3479973289409931,1560291687,8,47541,49,8138,0.06505845297274426,1558190092,3,47440,49,8114,0.9185523813895528,1553996488,5,47293,49,8119
0.21693097439009504,1560294280,16,47502,49,8124,0.059242069210960493,1558194103,6,47452,49,8113,0.6404167501057728,1547709683,9,47154,49,8100,0.3410581948283531,1560287422,3,47550,49,8163,0.19928482250723936,1560288188,5,47497,49,8108
1.1106116103858161,1556099451,15,47364,49,8156,0.8484789662820621,1551902049,6,47274,49,8108,0.24732891605574153,1560292241,9,47496,49,8123,0.08005202382384927,1558190251,3,47441,49,8058,0.19683670367805275,1560287725,5,47497,49,8143
1.1106116103858161,1556099451,15,47364,49,8156,0.8484789662820621,1551902049,6,47274,49,8108,0.24732891605574153,1560292241,9,47496,49,8123,0.08005202382384927,1558190251,3,47441,49,8058,0.19683670367805275,1560287725,5,47497,49,8143
0.7575044922272238,1549808318,15,47218,49,8095,0.49445366618037506,1547710913,13,47121,49,8047,1.0280986932466716,1553999966,7,47321,49,8127,1.011060402733565,1553996249,3,47329,49,8116,1.2872646032805801,1558190849,5,47447,49,8106
1.0287083926687017,1553998193,5,47335,49,8130,0.4687512178958186,1547709645,10,47117,49,8049,0.0930100947322654,1558194545,8,47433,49,8046,1.1199914247863303,1556093144,4,47373,49,8090,0.4861965342308717,1547705038,5,47109,49,8148
1.0287083926687017,1553998193,5,47335,49,8130,0.4687512178958186,1547709645,10,47117,49,8049,0.0930100947322654,1558194545,8,47433,49,8046,1.1199914247863303,1556093144,4,47373,49,8090,0.4861965342308717,1547705038,5,47109,49,8148
0.623482583796269,1547710282,12,47164,49,8052,0,1551902574,7,47245,49,8097,1.0767506294388953,1554000726,8,47340,49,8126,1.205156925821567,1556093093,3,47410,49,8038,0.7059955130596567,1549802067,5,47202,49,8094
0.623482583796269,1547710282,12,47164,49,8052,0.7739201234887846,1551902574,7,47245,49,8097,1.0767506294388953,1554000726,8,47340,49,8126,1.205156925821567,1556093093,3,,49,8038,0.7059955130596567,1549802067,5,47202,49,8094
0.5579001552183503,1547707661,6,47135,49,8165,0.3202463408069472,1562390772,13,47565,49,8051,0.9931149498720355,1554000129,8,47304,49,8083,0.8832619594604438,1551898975,3,47270,49,8073,0.6495921424335066,1549802336,5,47179,49,8106
0.5579001552183503,1547707661,6,47135,49,8165,0.3202463408069472,1562390772,13,47565,49,8051,0.9931149498720355,1554000129,8,47304,49,8083,0.8832619594604438,1551898975,3,47270,49,8073,0.6495921424335066,1549802336,5,47179,49,8106
0.24518378201235033,1560292609,10,47513,49,8124,0.1327803981764874,1558195630,11,47483,49,8089,0.4439743163317776,1562389233,8,47584,49,8170,0.4192869378848266,1545607712,4,47075,49,8078,0.4443796103116919,1545608052,5,47087,49,8102
0.24518378201235033,1560292609,10,47513,49,8124,0.1327803981764874,1558195630,11,47483,49,8089,0.4439743163317776,1562389233,8,47584,49,8170,0.4192869378848266,1545607712,4,47075,49,8078,0.4443796103116919,1545608052,5,47087,49,8102
0.6191997559186286,1547710184,11,47158,49,8103,0.21427464489621575,1560292668,11,47517,49,8084,0.6115523715945589,1547709969,10,47141,49,8090,0.4869103661439314,1545607554,3,47100,49,8110,0.7366964319655164,1549802079,5,47213,49,8149
0.6191997559186286,1547710184,11,47158,49,8103,0.21427464489621575,1560292668,11,47517,49,8084,0.6115523715945589,1547709969,10,47141,49,8090,0,1545607554,3,47100,49,8110,0,,5,47213,49,8149
0.7737211881197307,1549807054,11,47227,49,8120,0.5321922156389395,1547708420,7,47136,49,8120,0,1547709950,9,47130,49,8141,0.6733576775088126,1547704248,3,47176,49,8188,0.8884648767104427,1551899255,5,47277,49,8086
0.7737211881197307,1549807054,11,47227,49,8120,0.5321922156389395,1547708420,7,47136,49,8120,0.5808514538285027,1547709950,9,47130,49,8141,0.6733576775088126,1547704248,3,47176,49,8188,0.3328977791046016,1562385402,5,47556,49,8113
0.06006367049446323,1558196017,11,47432,49,8125,0.6935486236831151,1549805861,7,47210,49,8151,0.7717860901200463,1549806372,8,47210,49,8159,0.5757471309307068,1547703840,3,47141,49,8078,1.209543819192256,1556093640,5,47417,49,8111
0.06006367049446323,1558196017,11,47432,49,8125,0.6935486236831151,1549805861,7,47210,49,8151,0.7717860901200463,1549806372,8,47210,49,8159,0.5757471309307068,1547703840,3,47141,49,8078,1.209543819192256,1556093640,5,47417,49,8111
0.8355301275553088,1551903791,9,47253,49,8123,0.1085055520790017,1558196233,12,47474,49,8101,1.1541647048044492,1556098542,10,47373,49,8118,0.8147220892471663,1549801332,3,47238,49,8114,0.704567905584352,1549802483,5,47200,49,8160
0.8355301275553088,1551903791,9,47253,49,8123,0.1085055520790017,1558196233,12,47474,49,8101,1.1541647048044492,1556098542,10,47373,49,8118,0.8147220892471663,1549801332,3,47238,49,8114,0.704567905584352,1549802483,5,47200,49,8160
0.7144625987197891,1549804494,6,47200,49,8141,1.166498168906209,1556098688,11,47413,49,8092,0.5512732693818015,1547708375,7,47116,49,8162,0.08596691223457642,1558189635,3,47448,49,8139,0.44672549107218074,1545607538,5,47088,49,8162
0.7144625987197891,1549804494,6,47200,49,8141,1.166498168906209,1556098688,11,47413,49,8092,0.5512732693818015,1547708375,7,47116,49,8162,0.08596691223457642,1558189635,3,47448,49,8139,0.44672549107218074,1545607538,5,47088,49,8162
1.1720115999609613,1556096315,6,47394,49,8127,0.024563186773530695,1558196909,13,47441,49,8096,0.5760574598367348,1547709689,9,47129,49,8120,0.927629214650603,1551898797,3,47292,49,8105,0.6354146296752465,1549801934,4,47172,49,8100
1.1720115999609613,1556096315,6,47394,49,8127,0.024563186773530695,1558196909,13,47441,49,8096,0.5760574598367348,1547709689,9,47129,49,8120,0.927629214650603,1551898797,3,47292,49,8105,0.6354146296752465,1549801934,4,47172,49,8100
1.0614484859731446,1554000707,9,47350,49,15,1.0618518354309487,1556095527,6,47367,49,8157,1.1227499740144649,1554000332,9,47361,49,8133,1.2401425314539751,1556092828,3,47420,49,8114,0.3049516948594971,1560287739,5,47540,49,8094
1.0614484859731446,1554000707,9,47350,49,15,1.0618518354309487,1556095527,6,47367,49,8157,1.1227499740144649,1554000332,9,47361,49,8133,1.2401425314539751,1556092828,3,47420,49,8114,0.3049516948594971,1560287739,5,47540,49,8094
0.9852594076415792,1554001398,10,47313,49,8120,0.8528640105598233,1551902674,7,47280,49,8141,0.3971585931649909,1562389369,9,47563,49,8162,0.2582367073382169,1560287113,3,47519,49,8145,1.0930658306088528,1556093755,5,47365,49,8091
0.9852594076415792,1554001398,10,47313,49,8120,0.8528640105598233,1551902674,7,47280,49,8141,0.3971585931649909,1562389369,9,47563,49,8162,0.2582367073382169,1560287113,3,47519,49,8145,1.0930658306088528,1556093755,5,47365,49,8091
0.26007510656382404,1560290524,6,47519,49,8111,0.9261978615579433,1554001196,11,47313,49,8078,0.3777799813952402,1562389411,9,47553,49,8128,0.9467029706233668,1551898410,3,47297,49,8109,1.1801701340186699,1556093348,4,47399,49,8106
0.14910490599943374,1558196279,11,47471,49,8140,0,1558195729,11,47483,49,8092,1.1323379730511154,1556097902,9,47363,49,8102,0.31158039900939455,1560287584,3,47540,49,8125,1.0583888107254795,1553996223,5,47345,49,8102
0.14910490599943374,1558196279,11,47471,49,8140,0.12553827594784017,1558195729,11,47483,49,8092,0,1549805738,8,47168,49,8186,0.31158039900939455,1560287584,3,47540,49,8125,1.0583888107254795,1553996223,5,47345,49,8102
0.7544448075500471,1549806773,10,47216,49,8061,1.063279435807997,1556099099,12,47369,49,8106,1.1369274977886497,1556098060,9,47366,49,8175,0.9724054204754278,1553995522,3,47309,49,8158,1.0464549311256244,1553996571,5,47342,49,8083
0.7544448075500471,1549806773,10,47216,49,8061,1.063279435807997,1556099099,12,47369,49,8106,1.1369274977886497,1556098060,9,47366,49,8175,0.9724054204754278,1553995522,3,47309,49,8158,1.0464549311256244,1553996571,5,47342,49,8083
0.9796493697491918,1554002117,12,47312,49,8161,0.39031666167581247,1562390849,12,47599,49,8102,0.8553195354811328,1551904322,10,47247,49,8150,1.2256582879905016,1556093136,3,47418,49,8086,0.5404584936565431,1547704946,5,47127,49,8172
0.9796493697491918,1554002117,12,47312,49,8161,0.39031666167581247,1562390849,12,47599,49,8102,0.8553195354811328,1551904322,10,47247,49,8150,1.2256582879905016,1556093136,3,47418,49,8086,0.5404584936565431,1547704946,5,47127,49,8172
0.10157572326383052,1558196208,11,47449,49,8110,0.44417150427824004,1547709586,10,47095,49,8063,0.6359294524453198,1547706331,4,47150,49,8069,0.7941184929875885,1549801901,3,47233,49,8105,0.23651220019930738,1560288091,5,47515,49,8129
0.10157572326383052,1558196208,11,47449,49,8110,0.44417150427824004,1547709586,10,47095,49,8063,0.6359294524453198,1547706331,4,47150,49,8069,0.7941184929875885,1549801901,3,47233,49,8105,0.23651220019930738,1560288091,5,47515,49,8129
0.8993782288102282,1551901653,6,47287,49,8152,0.7170074269791555,1549805462,7,47220,49,8104,0.8401233423326866,1551903272,8,47237,49,8142,0.1552224376079189,1558190328,3,47473,49,8115,0.3359574655755052,1562384902,5,47556,49,8090
0.5988006239374845,1547707305,6,47154,49,8129,1.0617495955811982,1556098524,10,47368,49,8050,1.0978635572487974,1554000864,9,47350,49,8145,0.11972751343979915,1558190295,3,47462,49,8104,0.4875219170699688,1547704719,5,47110,49,8096
0.5988006239374845,1547707305,6,47154,49,8129,1.0617495955811982,1556098524,10,47368,49,8050,1.0978635572487974,1554000864,9,47350,49,8145,0.11972751343979915,1558190295,3,47462,49,8104,0.4875219170699688,1547704719,5,47110,49,8096
0.7370031244277332,1551904837,13,47215,49,8132,0.4082694943344481,1562388880,7,47599,49,8102,0.7926945497522312,1549806650,9,47222,49,8171,0.17796743936010703,1558189831,3,47483,49,8128,1.064201458522455,1553996246,5,47353,49,8148
0.7370031244277332,1551904837,13,47215,49,8132,0.4082694943344481,1562388880,7,47599,49,8102,0.7926945497522312,1549806650,9,47222,49,8171,0.17796743936010703,1558189831,3,47483,49,8128,1.064201458522455,1553996246,5,47353,49,8148
0.7383284966127318,1551905157,14,47218,49,8149,1.192200610868008,1558196132,12,47425,49,8114,0.12197670456269268,1558194106,7,47446,49,8106,0.14349303177873554,1558190147,3,47469,49,8133,0.3077046557443173,1562385223,5,47546,49,8122
0.11187565711729121,1558196213,11,47464,49,8134,1.040229590879865,1553999501,6,47347,49,8075,1.2502435882003653,1556097729,9,47416,49,8183,0.5094508968867925,1547703681,3,47113,49,8105,1.2097483015067443,1556092883,5,47414,49,8074
0.11187565711729121,1558196213,11,47464,49,8134,1.040229590879865,1553999501,6,47347,49,8075,1.2502435882003653,1556097729,9,47416,49,8183,0.5094508968867925,1547703681,3,47113,49,8105,1.2097483015067443,1556092883,5,47414,49,8074
0.34003952330929227,1562390743,12,47555,49,8134,0.7853428096562919,1551902622,7,47254,49,8038,1.1445767033233376,1556097929,9,47372,49,8133,0.8188004303222632,1551898311,3,47248,49,8077,0.8965230331210247,1551899109,5,47277,49,8148
0.34003952330929227,1562390743,12,47555,49,8134,0.7853428096562919,1551902622,7,47254,49,8038,1.1445767033233376,1556097929,9,47372,49,8133,0.8188004303222632,1551898311,3,47248,49,8077,0,1551899109,5,47277,49,8148
0.3255552815598718,1560291853,9,47553,49,8078,0.3350360406164885,1562390919,12,47573,49,8069,0.33637015949989907,1560291029,7,47536,49,8127,0.6812095165871346,1549801613,3,47189,49,8097,1.12998835700661,1556093531,5,47380,49,8089
0.3255552815598718,1560291853,9,47553,49,8078,0.3350360406164885,1562390919,12,47573,49,8069,0.33637015949989907,1560291029,7,47536,49,8127,0.6812095165871346,1549801613,3,47189,49,8097,1.12998835700661,1556093531,5,47380,49,8089
0.9651651268520415,1553999035,6,47314,49,8141,0.26098777481150404,1560291333,7,47538,49,8127,0.23957746831220245,1560292611,10,47493,49,8149,1.0977576076735933,1553996042,3,47361,49,8116,0.7806566001670013,1549801810,5,47229,49,8147
0.9651651268520415,1553999035,6,47314,49,8141,0.26098777481150404,1560291333,7,47538,49,8127,0.23957746831220245,1560292611,10,47493,49,8149,1.0977576076735933,1553996042,3,47361,49,8116,0.7806566001670013,1549801810,5,47229,49,8147
0.20448775923547002,1560293309,11,47500,49,8102,0.3986815102362303,1562390355,12,47596,49,8142,1.1353976543957327,1556096906,7,47366,49,8127,0.42622234173310214,1545607063,3,47081,49,8121,0.27802611805319083,1560287925,5,47525,49,8157
0.20448775923547002,1560293309,11,47500,49,8102,0.3986815102362303,1562390355,12,47596,49,8142,1.1353976543957327,1556096906,7,47366,49,8127,0.42622234173310214,1545607063,3,47081,49,8121,0.27802611805319083,1560287925,5,47525,49,8157
0.024366117014193046,1558197032,15,47418,49,8081,0.8505181336932554,1551902335,7,47278,49,8100,1.2832904008569412,1558195296,9,47428,49,6,0.8653109479694043,1551898681,3,47264,49,8126,0.28842828837349255,1560287996,5,47535,49,8120
1.148143828627815,1556096087,6,47391,49,8159,0.23783569139482458,1560290729,6,47525,49,8093,0.25783333047327056,1560292478,9,47507,49,8125,0.7808592451879082,1549800994,3,47228,49,8083,0.33483658008973155,1562384886,5,47552,49,8169
1.148143828627815,1556096087,6,47391,49,8159,0.23783569139482458,1560290729,6,47525,49,8093,0.25783333047327056,1560292478,,47507,49,8125,0.7808592451879082,1549800994,3,47228,49,8083,0,1562384886,5,47552,49,8169
0.4323453174650106,1562387182,5,47593,49,8114,1.0585876785958666,1556099395,12,47366,49,8062,1.1471270579189012,1556097337,8,47372,49,8163,0.8115601672459754,1549801425,3,47238,49,8111,0.7881013395012217,1551899411,5,47236,49,8110
0.4323453174650106,1562387182,5,47593,49,8114,1.0585876785958666,1556099395,12,47366,49,8062,1.1471270579189012,1556097337,8,47372,49,8163,0.8115601672459754,1549801425,3,47238,49,8111,0.7881013395012217,1551899411,5,47236,49,8110
0,1549804631,6,47199,49,8096,1.0034093086235858,1554002003,11,47331,49,8087,0.3779844540867585,1562389625,9,47553,49,8163,0.8062568378643414,1549801500,3,47234,49,8102,1.0506354989712923,1556093675,5,47350,49,8095
0.6985507610622158,1549804631,6,47199,49,8096,1.0034093086235858,1554002003,11,47331,49,8087,0.3779844540867585,1562389625,9,47553,49,8163,0.8062568378643414,1549801500,3,47234,49,8102,1.0506354989712923,1556093675,5,47350,49,8095
0.4326501966786954,1562390418,11,47598,49,8120,0.07229683455967877,1558196507,13,47460,49,8132,0.28292421974476467,1560292353,9,47517,49,8118,0.07699233812174625,1558189940,3,47440,49,8087,0.6510215872457076,1549801623,5,47172,49,8126
0.995152252260825,1554001751,11,47323,49,8080,0.3895024546978495,1562388030,6,47590,49,8090,0.14614931646844376,1558191819,4,47458,49,8142,0.62501245098808,1547704846,3,47155,49,8053,0.1535921980302209,1558190581,5,47473,49,8144
0.1602227383660559,1558193309,6,47477,49,8095,0.5032256176972271,1547708533,7,47131,49,8147,0.504253413134198,1545611345,8,47099,49,8114,0.3495234462329527,1560287374,3,47552,49,8081,0.2908764080623653,1562384958,5,47535,49,8097
0.1602227383660559,1558193309,6,47477,49,8095,0.5032256176972271,1547708533,7,47131,49,8147,0.504253413134198,1545611345,8,47099,49,8114,0.3495234462329527,1560287374,3,47552,49,8081,0.2908764080623653,1562384958,5,47535,49,8097
0.19459491197805084,1560292690,10,47492,49,8144,0.18102336564344226,1560291073,7,47506,49,8155,0.8408371448457428,1551902977,8,47239,49,8129,0.9662860550816628,1551898114,3,47305,49,8124,1.2179068239644442,1558190393,5,47422,49,8144
0,1547709427,9,47140,49,8111,0.42907572090181456,1545610897,7,47098,49,8072,1.2166874502521743,1556097685,8,47402,49,8132,1.0961255309047035,1553996020,3,47360,49,8123,1.3448911014762706,1558190972,5,47473,49,8133
0.568304175192174,1547709427,9,47140,49,8111,0.42907572090181456,1545610897,7,47098,49,8072,1.2166874502521743,1556097685,8,47402,49,8132,1.0961255309047035,1553996020,3,47360,49,8123,1.3448911014762706,1558190972,5,47473,49,8133
0.9958660542659342,1553998808,6,47324,49,8074,0.7542348052807436,1551905048,13,47238,49,8074,0.4276553757058722,1562389649,9,47578,49,8180,1.0315617614505772,1553995382,3,47337,49,8112,0.16389213657231347,1560287343,5,47484,49,8111
0.5463752097076552,1547707386,6,47131,49,8121,0.965670745236591,1553999816,7,47325,49,8087,0.16828275731850162,1558195692,10,47465,49,8156,0.9066185262678372,1551899236,3,47282,49,8108,0.41255596684443224,1545607957,5,47078,49,8090
0.19561355909619635,1560293634,12,47500,49,8108,0.8018662122358448,1551902831,7,47251,49,8085,1.0329949282263031,1554001336,9,47321,49,8150,0.5389268436394862,1547704710,3,47127,49,8100,0.8014628204971928,1551898575,5,47241,49,8143
0.19561355909619635,1560293634,12,47500,49,8108,0.8018662122358448,1551902831,7,47251,49,8085,1.0329949282263031,1554001336,9,47321,49,8150,0.5389268436394862,1547704710,3,47127,49,8100,0.8014628204971928,1551898575,5,47241,49,8143
0.35921365003663197,1562387229,6,47568,49,8066,0.7848334858048734,1551905356,13,47250,49,8072,0.16736448580720145,1558195334,9,47464,49,8155,0.3422813257176053,1560287129,3,47551,49,6,0.5276063509472236,1547705242,5,47126,49,8141
0.35921365003663197,1562387229,6,47568,49,8066,0.7848334858048734,1551905356,13,47250,49,8072,0.16736448580720145,1558195334,9,47464,49,8155,0.3422813257176053,1560287129,3,47551,49,6,0.5276063509472236,1547705242,5,47126,49,8141
0.2402875316869452,1560292923,10,47518,49,8108,0.3096397020514141,1562389797,11,47557,49,8066,0.2416166410536411,1560292465,9,47496,49,8164,0.9736285491838548,1553995286,3,47313,49,8099,1.0716480583305446,1556093445,5,47350,49,8071
0.2402875316869452,1560292923,10,47518,49,8108,0.3096397020514141,1562389797,11,47557,49,8066,0.2416166410536411,1560292465,9,47496,49,8164,0.9736285491838548,1553995286,3,47313,49,8099,1.0716480583305446,1556093445,5,47350,49,8071
0.20867019266298448,1560294102,15,47500,49,8107,1.0765386808610236,1556099627,13,47374,49,8082,0.3470790513084651,1560291063,7,47542,49,8150,0.5875787645451732,1547704767,3,47146,49,8086,0.3646173561412409,1562385044,5,47570,49,8129
0.20867019266298448,1560294102,15,47500,49,8107,1.0765386808610236,1556099627,13,47374,49,8082,0.3470790513084651,1560291063,7,47542,49,8150,0.5875787645451732,1547704767,3,47146,49,8086,0.3646173561412409,1562385044,5,47570,49,8129
1.0343184198902915,1554000615,9,47341,49,8171,0.6329628348240005,1549805830,7,47187,49,8090,0.5246525401618775,1545612116,9,47105,49,8162,0.21417616704808917,1558189183,3,47495,49,8153,0.9000920514634397,1551899632,5,47280,49,8142
1.0343184198902915,1554000615,9,47341,49,8171,0.6329628348240005,1549805830,7,47187,49,8090,0.5246525401618775,1545612116,9,47105,49,8162,0.21417616704808917,1558189183,3,47495,49,8153,0.9000920514634397,1551899632,5,47280,49,8142
1.0328908162797232,1553998257,5,47339,49,8147,0.2901569742960651,1562390311,12,47556,49,8076,0.717626358921396,1549806735,9,47189,49,8136,1.0725644860167078,1553995770,3,47351,49,8157,0.20081466884215898,1560288123,5,47496,49,8155
1.0328908162797232,1553998257,5,47339,49,8147,0.2901569742960651,1562390311,12,47556,49,8076,0.717626358921396,1549806735,9,47189,49,8136,1.0725644860167078,1553995770,3,47351,49,8157,0.20081466884215898,,,,,
0.06138902803434479,1558196478,15,47440,49,8189,0.4529434578165982,1562388318,7,47608,49,8111,0.24936808665453575,1560291288,7,47500,49,8065,0.22019329346375668,1560287120,4,47500,49,8127,1.0772562311161946,1556093654,5,47359,49,8118
0.06138902803434479,1558196478,15,47440,49,8189,0.4529434578165982,1562388318,7,47608,49,8111,0.24936808665453575,1560291288,7,47500,49,8065,0.22019329346375668,1560287120,4,47500,49,8127,1.0772562311161946,1556093654,5,47359,49,8118
0.34799544280839806,1562389985,10,47558,49,8155,0.5235224982614167,1547708610,7,47141,49,8095,0.7115069871829011,1549806616,9,47185,49,8134,0.22049814119784764,1560286978,3,47505,49,8101,0.6635670341789086,1549802175,5,47175,49,8131
0.34799544280839806,1562389985,10,47558,49,8155,0.5235224982614167,1547708610,7,47141,49,8095,0.7115069871829011,1549806616,9,47185,49,8134,0.22049814119784764,1560286978,3,47505,49,8101,0.6635670341789086,1549802175,5,47175,49,8131
0.2820040620285753,1560293140,11,47533,49,8142,0.9528185839767422,1554001647,11,47316,49,8061,0.9743479012347331,1551902986,8,47296,49,8101,1.0765424459492599,1553996251,3,47352,49,8067,1.0786838332689073,1556093607,5,47361,49,8090
0.2820040620285753,1560293140,11,47533,49,8142,0.9528185839767422,1554001647,11,47316,49,8061,0.9743479012347331,1551902986,8,47296,49,8101,1.0765424459492599,1553996251,3,47352,49,8067,1.0786838332689073,1556093607,5,47361,49,8090
0.8496054004684004,1551902018,6,47264,49,8083,0.02619526567734085,1558195951,11,47441,49,8100,0.5565766058575403,1547709642,9,47120,49,8090,0.20815717576360374,1558189558,3,47498,49,8126,0.9492533095570178,1553996226,5,47302,49,8082
0.8496054004684004,1551902018,6,47264,49,8083,0.02619526567734085,1558195951,11,47441,49,8100,0.5565766058575403,1547709642,9,47120,49,8090,0.20815717576360374,1558189558,3,47498,49,8126,0.9492533095570178,1553996226,5,47302,49,8082
0.8095209578069815,1551904600,11,47248,49,8145,0.7412822692227276,1549804769,6,47230,49,8094,0.8809197607620308,1551903861,9,47258,49,8142,1.0588962884968598,1553996306,3,47349,49,8050,0.22458019007614302,1560287795,5,47503,49,8104
0.8095209578069815,1551904600,11,47248,49,8145,0.7412822692227276,1549804769,6,47230,49,8094,0.8809197607620308,1551903861,9,47258,49,8142,1.0588962884968598,1553996306,3,47349,49,8050,0.22458019007614302,1560287795,5,47503,49,8104
0.5542288878205114,1547709895,10,47135,49,8134,0.13410575716834616,1560293819,13,47487,49,8047,0.24855205106955844,1560292217,9,47498,49,8130,0.6232763068467425,1547704306,3,47165,49,8139,0.41031413935568417,1545607858,5,47065,49,8066
0.01732847425397661,1556099798,15,47415,49,8092,1.1786365340927567,1556096718,7,47414,49,8125,1.1821108054972589,1556094439,4,47385,49,8168,1.118461578436579,1556092404,3,47374,49,8130,0.5903335655542435,1547705198,5,47148,49,8098
0.01732847425397661,1556099798,15,47415,49,8092,1.1786365340927567,1556096718,7,47414,49,8125,1.1821108054972589,1556094439,4,47385,49,8168,1.118461578436579,1556092404,3,47374,49,8130,0.5903335655542435,1547705198,5,47148,49,8098
0.08647991677090332,1558195716,10,47449,49,8102,0.15532091877352092,1560293677,12,47495,49,8080,0.47987634208170504,1545610970,7,47086,49,8170,0.9127378891761948,1551899201,4,47287,49,8055,1.2565636834040164,1558190770,5,47432,49,8154
0.08647991677090332,1558195716,10,47449,49,8102,0.15532091877352092,1560293677,12,47495,49,8080,0.47987634208170504,1545610970,7,47086,49,8170,0.9127378891761948,1551899201,4,47287,49,8055,1.2565636834040164,1558190770,5,47432,49,8154
1.1830271943347255,1556096268,6,47402,49,8063,0.7784074063225795,1551905645,13,47250,49,8118,0.9091725679782346,1551903792,9,47269,49,8123,0.7966688418596943,1549801903,3,47233,49,8071,0.6798859683924942,1549802481,5,47182,49,8103
1.1830271943347255,1556096268,6,47402,49,8063,0.7784074063225795,1551905645,13,47250,49,8118,0.9091725679782346,1551903792,9,47269,49,8123,0.7966688418596943,1549801903,3,47233,49,8071,0.6798859683924942,1549802481,5,47182,49,8103
0.3757374811683421,1562386768,5,47573,49,8146,0.4734429748845275,1547708620,7,47120,49,8072,0.35258685684062774,1560292433,9,47542,49,8128,1.077460721176209,1553995573,3,47352,49,8079,0.5960458315909806,1547705164,5,47148,49,8089
0.3757374811683421,1562386768,5,47573,49,8146,0.4734429748845275,1547708620,7,47120,49,8072,0.35258685684062774,1560292433,9,47542,49,8128,1.077460721176209,1553995573,3,47352,49,8079,0.5960458315909806,1547705164,5,47148,49,8089
0.019876978859501807,1556098555,11,47422,49,8145,0.7958490818717212,1551904826,12,47255,49,8079,0.3645207380573329,1560291298,7,47545,49,8153,0.6190957152164688,1547704587,3,47158,49,8069,0.8778563793453246,1553996097,4,47273,49,8182
0.019876978859501807,1556098555,11,47422,49,8145,0.7958490818717212,1551904826,12,47255,49,8079,0.3645207380573329,1560291298,7,47545,49,8153,0.6190957152164688,1547704587,3,47158,49,8069,0.8778563793453246,1553996097,4,47273,49,8182
0.15859065739185726,1558195128,10,47478,49,8172,0.025583702260313736,1558195373,11,47439,49,8052,0.5386255989108808,1547709568,9,47110,49,8132,1.1176455385599904,1556092185,3,47374,49,8112,0.1907173471550102,1560287726,5,47490,49,8143
0.15859065739185726,1558195128,10,47478,49,8172,0.025583702260313736,1558195373,11,47439,49,8052,0.5386255989108808,1547709568,9,47110,49,8132,1.1176455385599904,1556092185,3,47374,49,8112,0.1907173471550102,1560287726,5,47490,49,8143
0.36859717556813454,1562390200,10,47571,49,8141,0.8351174827260629,1551902788,7,47262,49,8079,0.16022461027146387,1558195984,10,47460,49,8062,0.18531179433956463,1558190034,3,47483,49,8055,1.1772126963826317,1556093763,5,47394,49,8078
0.9401764777727677,1554001640,11,47303,49,8183,0.9178348573514261,1554001932,12,47299,49,8091,1.2799240074769587,1558195056,9,47426,49,8130,0.8033997714977161,1549800880,3,47241,49,8125,1.3113349798986236,1558190830,5,47455,49,8111
0.9401764777727677,1554001640,11,47303,49,8183,0.9178348573514261,1554001932,12,47299,49,8091,1.2799240074769587,1558195056,9,47426,49,8130,0.8033997714977161,1549800880,3,47241,49,8125,1.3113349798986236,1558190830,5,47455,49,8111
1.0013738529650789,1553998760,6,47327,49,8114,0.7888114409786614,1551903991,10,47252,49,8114,0.5497434294543466,1547709477,9,47113,49,8102,1.1021426476402798,1553995053,3,47368,49,8132,0.9616965151071335,1553996800,5,47308,49,8137
1.0013738529650789,1553998760,6,47327,49,8114,0.7888114409786614,1551903991,10,47252,49,8114,0.5497434294543466,1547709477,9,47113,49,8102,1.1021426476402798,1553995053,3,47368,49,8132,0.9616965151071335,1553996800,5,47308,49,8137
1.0391124216133873,1553998714,6,47341,49,8116,0.06750283198736683,1558194296,7,47452,49,8093,1.188434646926082,1556097571,8,47387,49,8144,1.1573210233956668,1556093487,4,47395,49,8094,0.5043520149353584,1547705467,5,47112,49,8113
1.0391124216133873,1553998714,6,47341,49,8116,0.06750283198736683,1558194296,7,47452,49,8093,1.188434646926082,1556097571,8,47387,49,8144,1.1573210233956668,1556093487,4,47395,49,8094,0.5043520149353584,1547705467,5,47112,49,8113
0.8715343690607033,1551904456,11,47272,49,8124,0.7971744482572289,1551904698,11,47258,49,8103,0.268032901700309,1560291635,8,47507,49,11,0.11585178594647551,1558190052,3,47462,49,8127,1.2305545130391509,1558190762,5,47424,49,8036
0.8715343690607033,1551904456,11,47272,49,8124,0.7971744482572289,1551904698,11,47258,49,8103,0.268032901700309,1560291635,8,47507,49,11,0.11585178594647551,1558190052,3,47462,49,8127,1.2305545130391509,1558190762,5,47424,49,8036
0.67784676852344,1549807513,11,47187,49,8093,0.3147385364032898,1562390743,13,47564,49,8077,0.5191447443478031,1545612126,9,47101,49,8125,0.30688862950905316,1560287502,3,47541,49,8147,0,1549801688,4,47186,49,8106
0.9784243719876703,1554001990,14,47320,49,8123,0.12084651543227251,1558194122,7,47481,49,8057,0.24151440792633205,1560292678,9,47495,49,8148,0.9560864851752999,1551898581,3,47304,49,8091,0.7877964824493814,1549802282,5,47229,49,8148
0.9784243719876703,1554001990,14,47320,49,8123,0.12084651543227251,1558194122,7,47481,49,8057,0,1547710163,9,47133,49,8166,0.9560864851752999,1551898581,3,47304,49,8091,0.7877964824493814,1549802282,5,47229,49,8148
1.0438041833418283,1554001518,11,47343,49,8075,0.018852781001295685,1558192852,6,47431,49,8062,1.2197471402290496,1556096768,7,47400,49,8138,0.5340306072129576,1547704470,3,47130,49,8153,0.9136561514096717,1553996400,5,47291,49,8119
0.231619677532316,1560293078,11,47506,49,8130,1.214129580776244,1558195547,10,47432,49,8107,1.0210610539813962,1554001213,9,47316,49,8191,0.25731841995406146,1560287737,3,47523,49,8147,1.2383059550227937,1558190887,5,47428,49,8134
0.231619677532316,1560293078,11,47506,49,8130,1.214129580776244,1558195547,10,47432,49,8107,1.0210610539813962,1554001213,9,47316,49,8191,0.25731841995406146,1560287737,3,47523,49,8147,1.2383059550227937,1558190887,5,47428,49,8134
0.5283219658904402,1547710447,11,47125,49,8123,1.0977538470538648,1556095694,5,47373,49,8060,1.1062265733077892,1553999955,8,47353,49,8114,1.1099963293133275,1556092589,3,47371,49,8174,0.3328996600350285,1560288045,5,47545,49,8136
1.1937360799053158,1556095200,5,47409,49,8147,0.6951807078284336,1549805670,7,47208,49,8125,0.2297849970382268,1560291554,8,47493,49,8159,0.6584645090937867,1549801218,3,47182,49,8078,0.12707371184570201,1558190740,5,47459,49,8073
1.1937360799053158,1556095200,5,47409,49,8147,0.6951807078284336,1549805670,7,47208,49,8125,0.2297849970382268,1560291554,8,47493,49,8159,0.6584645090937867,1549801218,3,47182,49,8078,0.12707371184570201,1558190740,5,47459,49,8073
1.121116013278791,1556099263,12,47377,49,8067,0.5963470281981068,1549807511,11,47169,49,8102,0.09851789384589012,1558194764,8,47436,49,8129,0.35472451879294054,1543509810,3,47049,49,8123,0.5748306692584996,1547704722,5,47141,49,8130
0.42194129132802377,1562387632,6,47592,49,8131,0.21376345266223704,1560290697,6,47520,49,8088,0.4823244482592442,1545612657,10,47089,49,8127,0.7588280373037672,1549801822,3,47223,49,8077,0.48099361161590826,1547704090,5,47111,49,8116
0.42194129132802377,1562387632,6,47592,49,8131,0.21376345266223704,1560290697,6,47520,49,8088,0.4823244482592442,1545612657,10,47089,49,8127,0.7588280373037672,1549801822,3,47223,49,8077,0.48099361161590826,1547704090,5,47111,49,8116
0.29985283213123715,1560293087,11,47541,49,8078,0.17123276543779425,1558193940,7,47489,49,8014,0.37522962199823934,1562388732,8,47555,49,8176,0.45539340213221075,1545607588,3,47094,49,8152,0.939665307228555,1553995865,5,47302,49,8154
0.29985283213123715,1560293087,11,47541,49,8078,0.17123276543779425,1558193940,7,47489,49,8014,0.37522962199823934,1562388732,8,47555,49,8176,0.45539340213221075,1545607588,3,47094,49,8152,0.939665307228555,1553995865,5,47302,49,8154
0.41388314813714616,1562387510,6,47591,49,8140,0.9047782305272438,1554002177,12,47305,49,8099,0.7582201388242437,1549805657,7,47208,49,8101,0.8134970939677695,1551898664,4,47247,49,8144,0.9240601819392218,1553996575,5,47295,49,8175
0.41388314813714616,1562387510,6,47591,49,8140,0.9047782305272438,1554002177,12,47305,49,8099,0.7582201388242437,1549805657,7,47208,49,8101,0.8134970939677695,1551898664,4,47247,49,8144,0.9240601819392218,1553996575,5,47295,49,8175
0.23753456685430704,1560293235,11,47512,49,8187,0.8022751646067935,1551902681,7,47246,49,8072,0.7035510708475508,1549805517,7,47184,49,8112,0.5052684664925039,1547704058,3,47117,49,8094,0.2854708456654268,1560288159,5,47532,49,8115
0.23753456685430704,1560293235,11,47512,49,8187,0.8022751646067935,1551902681,7,47246,49,8072,0.7035510708475508,1549805517,7,47184,49,8112,0.5052684664925039,1547704058,3,47117,49,8094,0.2854708456654268,1560288159,5,47532,49,8115
1.0626734681416137,1553997082,4,47350,49,8161,0.7942170103469449,1551905295,12,47253,49,8043,0.4871184412914042,1545612920,10,47090,49,8127,0.17643759009259724,1558189571,3,47485,49,8131,0.6901859199903743,1549802367,5,47196,49,8152
1.0626734681416137,1553997082,4,47350,49,8161,0.7942170103469449,1551905295,12,47253,49,8043,0.4871184412914042,1545612920,10,47090,49,8127,0.2578277392127823,1560287531,3,47527,49,8074,0.6901859199903743,1549802367,5,47196,49,8152
0.5381144193804801,1547710399,10,47125,49,8154,1.2193306570521771,1558196952,13,47437,49,8142,1.042887780039553,1554001300,9,47329,49,8128,0.6950803211044252,1549801002,3,47200,49,8086,0.9461936215368633,1553996704,5,47302,49,8151
0.5381144193804801,1547710399,10,47125,49,8154,1.2193306570521771,1558196952,13,47437,49,8142,1.042887780039553,1554001300,9,47329,49,8128,0.6950803211044252,1549801002,3,47200,49,8086,0.9461936215368633,1553996704,5,47302,49,8151
0.30546287260174826,1560289322,5,47542,49,8142,0.951900312212362,1553999954,7,47323,49,8151,1.2668692331875906,1556096378,7,47421,49,8128,0.5069005422199286,1547703611,3,47117,49,8127,0.42132791579283563,1545607267,4,47080,49,8087
0.30546287260174826,1560289322,5,47542,49,8142,0.951900312212362,1553999954,7,47323,49,8151,1.2668692331875906,1556096378,7,47421,49,8128,0.5069005422199286,1547703611,3,47117,49,8127,0.42132791579283563,1545607267,4,47080,49,8087
0.5478028175063326,1547707736,6,47134,49,8112,0.31524974682779,1562390621,12,47557,49,8114,0.4830382546096573,1545612203,9,47090,49,8156,0.2118284083731444,1560287264,3,47506,49,8126,0.6354146269622694,1549802387,5,47173,49,8071
0.5478028175063326,1547707736,6,47134,49,8112,0.31524974682779,1562390621,12,47557,49,8114,0.4830382546096573,1545612203,9,47090,49,8156,0.2118284083731444,1560287264,3,47506,49,8126,0.6354146269622694,1549802387,5,47173,49,8071
0.776680469423925,1551905522,15,47226,49,8097,0.8973335044689619,1551901485,6,47298,49,8080,0.9433402604887271,1551904090,10,47292,49,8106,0.9302817953576817,1551898760,3,47294,49,8118,0.9022334536996328,1551898891,5,47285,49,8128
0.776680469423925,1551905522,15,47226,49,8097,0.8973335044689619,1551901485,6,47298,49,8080,0.9433402604887271,1551904090,10,47292,49,8106,0.9302817953576817,1551898760,3,47294,49,8118,0.9022334536996328,1551898891,5,47285,49,8128
0.3820613174501698,1562387649,6,47575,49,8112,0.5902276608769035,1547708046,7,47165,49,8062,0.967310250718584,1554000575,9,47297,49,8185,0.8836690406522326,1551898814,3,47278,49,8113,0.6187908271426911,1547705285,5,47160,49,8051
0.29230586619737453,1560293047,11,47535,49,8100,1.1277390876655216,1556097073,7,47399,49,8102,0.26650304866824476,1560292553,9,47512,49,8163,0.4774246004473826,1545607627,3,47101,49,8102,0.5246488982920053,1547705373,5,47123,49,8078
0.29230586619737453,1560293047,11,47535,49,8100,1.1277390876655216,1556097073,7,47399,49,8102,0.26650304866824476,1560292553,9,47512,49,8163,0.4774246004473826,1545607627,3,47101,49,8102,0.5246488982920053,1547705373,5,47123,49,8078
0,1558196087,11,47440,49,8120,1.0374747592999294,1553999372,7,47356,49,8043,1.1212201249249925,1553999741,7,47364,49,8090,0.5701370867702891,1547704501,3,47144,49,8118,0.9978029972143453,1553996698,5,47324,49,8093
0.06455095032098569,1558196087,11,47440,49,8120,1.0374747592999294,1553999372,7,47356,49,8043,1.1212201249249925,1553999741,7,47364,49,8090,0.5701370867702891,1547704501,3,47144,49,8118,0.9978029972143453,1553996698,5,47324,49,8093
1.078890158153708,1556099181,13,47359,49,8121,1.0748043639248788,1556098627,11,47374,49,8088,0.17287227981090558,1558194858,8,47470,49,8160,1.107752687537633,1553995536,3,47369,49,8116,0.7957505488263152,1551899312,5,47241,49,8078
1.078890158153708,1556099181,13,47359,49,8121,1.0748043639248788,1556098627,11,47374,49,8088,0.17287227981090558,1558194858,8,47470,49,8160,1.107752687537633,1553995536,3,47369,49,8116,0.7957505488263152,1551899312,5,47241,49,8078
0.9184519852280033,1551904147,10,47292,49,8158,0.48986414356725255,1547708548,7,47125,49,8079,0.7021234554913368,1549806440,8,47185,49,8169,0.9536383672899005,1551897988,3,47304,49,8142,1.087253179421365,1556093469,5,47359,49,8107
0.9184519852280033,1551904147,10,47292,49,8158,0.48986414356725255,1547708548,7,47125,49,8079,0.7021234554913368,1549806440,8,47185,49,8169,0.9536383672899005,1551897988,3,47304,49,8142,1.087253179421365,1556093469,5,47359,49,8107
0.1405374127477283,1558193194,6,47471,49,8121,0.1515474439890639,1560293103,11,47490,49,8046,0.7074267889352656,1549806974,9,47189,49,8116,0.04588431594107082,1556093056,3,47428,49,8088,0.7803498942273055,1551899376,5,47232,49,8102
0.1405374127477283,1558193194,6,47471,49,8121,0.1515474439890639,1560293103,11,47490,49,8046,0.7074267889352656,1549806974,9,47189,49,8116,0.04588431594107082,1556093056,3,47428,49,8088,0.7803498942273055,1551899376,5,47232,49,8102
0.010391219617097353,1556098731,11,47419,49,8118,0,1560293415,12,47493,49,8113,0.36278640965301107,1560291151,8,47552,49,8179,0.3714505260074444,1545607289,3,47060,49,8094,0.48221858071683793,1547704917,5,47107,49,8115
0.010391219617097353,1556098731,11,47419,49,8118,0.154504885804338,1560293415,12,47493,49,8113,0.36278640965301107,1560291151,8,47552,49,8179,0.3714505260074444,1545607289,3,47060,49,8094,0.48221858071683793,1547704917,5,47107,49,8115
0.7591365601979948,1551905162,14,47222,49,8090,0.2579280978825901,1560290301,6,47527,49,8084,0.648984229133365,1547708911,8,47162,49,8100,1.1363103381290203,1556092664,3,47385,49,8058,0.7741282908295107,1551899186,5,47229,49,8134
0.7591365601979948,1551905162,14,47222,49,8090,0.2579280978825901,1560290301,6,47527,49,8084,0.648984229133365,1547708911,8,47162,49,8100,1.1363103381290203,1556092664,3,47385,49,8058,0.7741282908295107,1551899186,5,47229,49,8134
0.6651990919853863,1549807258,10,47183,49,8113,0.8983540203940114,1554001577,11,47296,49,8083,1.2565674246327292,1556097299,8,47421,49,8130,1.1824119090274245,1556092979,3,47405,49,8154,0.27649440694741495,1560287773,5,47532,49,8173
0.6651990919853863,1549807258,10,47183,49,8113,0.8983540203940114,1554001577,11,47296,49,8083,1.2565674246327292,1556097299,8,47421,49,8130,1.1824119090274245,1556092979,3,47405,49,8154,0.27649440694741495,1560287773,5,47532,49,8173
1.0670585158227206,1553998675,6,47355,49,8087,0.4822149328771306,1547710604,13,47120,49,8102,0.08505416973091073,1558195070,9,47435,49,8097,0.4465192230820643,1545607719,3,47092,49,8103,0.4059272517584044,1545607828,5,47071,49,8113
1.0670585158227206,1553998675,6,47355,49,8087,0.4822149328771306,1547710604,13,47120,49,8102,0.08505416973091073,1558195070,9,47435,49,8097,0.4465192230820643,1545607719,3,47092,49,8103,0.4059272517584044,1545607828,5,47071,49,8113
0.60522669495071,1549808192,15,47155,49,8116,0.7409755661865552,1551904884,12,47231,49,8102,0.701307417378563,1549806747,9,47185,49,6,0.18235247530952456,1558189770,3,47492,49,8145,0.9473163715454038,1553995671,5,47299,49,8148
0.60522669495071,1549808192,15,47155,49,8116,0.7409755661865552,1551904884,12,47231,49,8102,0.701307417378563,1549806747,9,47185,49,6,0.18235247530952456,1558189770,3,47492,49,8145,0.9473163715454038,1553995671,5,47299,49,8148
0.43550723355592247,1562390377,11,47595,49,8168,0.11819579579019751,1558196379,12,47465,49,8096,1.2636050678238415,1556098286,10,47424,49,8176,0.7283315867152302,1549801723,3,47211,49,8151,0.7353710617573209,1549802409,5,47209,49,17
0.43550723355592247,1562390377,11,47595,49,8168,0.11819579579019751,1558196379,12,47465,49,8096,1.2636050678238415,1556098286,10,47424,49,8176,0.7283315867152302,1549801723,3,47211,49,8151,0.7353710617573209,1549802409,5,47209,49,17
0.27965818353423216,1560290655,6,47531,49,8124,0.7463811289514057,1549805369,7,47226,49,8097,0.6285851048984551,1547709536,9,47154,49,8115,0.9461917699368847,1553995180,3,47307,49,8108,0.5880899105498177,1547705125,5,47149,49,23
0.27965818353423216,1560290655,6,47531,49,8124,0.7463811289514057,1549805369,7,47226,49,8097,0.6285851048984551,1547709536,9,47154,49,8115,0.9461917699368847,1553995180,3,47307,49,8108,0.5880899105498177,1547705125,5,47149,49,23
0.11493719708650793,1558193087,5,47458,49,8171,0.13267816264445495,1558193973,7,47483,49,8112,1.1820085555582933,1556097940,8,47392,49,8182,0.05547045080212563,1558190152,3,47440,49,8027,0.4758947439305544,1545607321,4,47105,49,8099
0.11493719708650793,1558193087,5,47458,49,8171,0.13267816264445495,1558193973,7,47483,49,8112,1.1820085555582933,1556097940,8,47392,49,8182,0.05547045080212563,1558190152,3,47440,49,8027,0.4758947439305544,154560731,4,47105,49,8099
1.1437587817752082,1556095255,5,47387,49,8182,0.7023187336239103,1551903801,10,47218,49,8066,0.5480091116754432,1547709638,9,47120,49,8149,0.4027635247445047,1545607367,3,47075,49,8074,0.40286756508224253,1547704354,4,47069,49,8141
0.9376279784583575,1554002912,15,47296,49,8124,0.08351691512492046,1558194392,7,47461,49,8093,1.1262185994752747,1556097884,9,47363,49,8094,0.7774928436014736,1549801612,4,47233,49,8081,0.37104392127775315,1545608071,5,47061,49,8062
0.7278240705918804,1549804780,6,47209,49,8122,0.642448608812557,1549805719,7,47185,49,8116,0.4519302197822199,1562389742,9,47590,49,8155,1.1792499825137301,1556093066,3,47406,49,8118,0.39093369858272004,1545607896,5,47066,49,8124
0.7278240705918804,1549804780,6,47209,49,8122,0.642448608812557,1549805719,7,47185,49,8116,0.4519302197822199,1562389742,9,47590,49,8155,1.1792499825137301,1556093066,3,47406,49,8118,0.39093369858272004,1545607896,5,47066,49,8124
0.5263850147801008,1547710282,11,47120,49,8150,1.20097259425956,1558196337,12,47421,49,8089,1.012493557549125,1554001003,9,47318,49,8113,0.463349311240471,1545607364,3,47097,49,8087,0.4697771909756424,1545607896,5,47093,49,1
0.5263850147801008,1547710282,11,47120,49,8150,1.20097259425956,1558196337,12,47421,49,8089,1.012493557549125,1554001003,9,47318,49,8113,0.463349311240471,1545607364,3,47097,49,8087,0.4697771909756424,1545607896,5,47093,49,1
0.0066177330809696604,1556096003,6,47416,49,8158,0.0999380907337235,1558194369,7,47464,49,8097,0.1427829201695045,1558195389,9,47461,49,8134,0.19255203720350522,1558189841,3,47496,49,8113,0.2061179879629765,1560287872,4,47502,49,8173
0.0066177330809696604,1556096003,6,47416,49,8158,0.0999380907337235,1558194369,7,47464,49,8097,0.1427829201695045,1558195389,9,47461,49,8134,0.19255203720350522,1558189841,3,47496,49,8113,0.2061179879629765,1560287872,4,47502,49,8173
0.15318509351524423,1558192985,5,47475,49,8108,1.1679257883448635,1556096847,6,47409,49,8078,1.035034091861633,1554001154,9,47329,49,25,0.4053138693789158,1545606915,3,47074,49,8117,0.7638264940093838,1551899221,5,47226,49,8143
0.15318509351524423,1558192985,5,47475,49,8108,1.1679257883448635,1556096847,6,47409,49,8078,1.035034091861633,1554001154,9,47329,49,25,0.4053138693789158,1545606915,3,47074,49,8117,0.7638264940093838,1551899221,5,47226,49,8143
1.13651666143576,1556098331,10,47386,49,8132,0.5031234008536544,1547710644,12,47127,49,8112,0.4539694082690377,1562389125,8,47594,49,34,1.0961255203081341,1553994809,3,47364,49,8148,1.0486985713870018,1553996459,5,47345,49,8086
1.13651666143576,1556098331,10,47386,49,8132,0.5031234008536544,1547710644,12,47127,49,8112,0.4539694082690377,1562389125,8,47594,49,34,1.0961255203081341,1553994809,3,47364,49,8148,1.0486985713870018,1553996459,5,47345,49,8086
1.028401669320526,1553997108,4,47342,49,8113,1.1463035472131402,1556097201,7,47397,49,8101,1.130603649115974,1556097077,7,47368,49,8176,0.6005312968575924,1547704113,3,47159,49,8096,0.21458510324475327,1560287964,5,47497,49,8048
0.9184519852280033,1551905038,14,47292,49,8050,0.540964187927053,1547708221,7,47140,49,8127,0.6740751157607339,1549806881,10,47172,49,8143,0.1884718418185426,1558190041,3,47495,49,8080,0.6431660783233765,1549802446,5,47175,49,8150
0.9184519852280033,1551905038,14,47292,49,8050,0.540964187927053,1547708221,7,47140,49,8127,0.6740751157607339,1549806881,10,47172,49,8143,0.1884718418185426,1558190041,3,47495,49,8080,0.6431660783233765,1549802446,5,47175,49,8150
0.9251829169122877,1554000764,9,47298,49,8169,1.173638070834878,1556099423,12,47401,49,8030,0.20224598447090683,1558194021,7,47486,49,8167,1.010855911160181,1553996183,3,47336,49,8128,1.21954078765252,1558190660,5,47412,49,8115
0.9251829169122877,1554000764,9,47298,49,8169,1.173638070834878,1556099423,12,47401,49,8030,0.20224598447090683,1558194021,7,47486,49,8167,1.010855911160181,1553996183,3,47336,49,8128,1.21954078765252,1558190660,5,47412,49,8115
0.9773034798284163,1553998354,5,47315,49,8126,0.6373497508209321,1547706922,6,47171,49,8090,0.9586405295423072,1551903517,9,47294,49,8118,0.7124197585418495,1549801761,3,47206,49,8115,0.5795224307156426,1547704551,5,47143,49,8144
0.9773034798284163,1553998354,5,47315,49,8126,0.6373497508209321,1547706922,6,47171,49,8090,0.9586405295423072,1551903517,9,47294,49,8118,0.7124197585418495,1549801761,3,47206,49,8115,0.5795224307156426,1547704551,5,47143,49,8144
1.0123894551662374,1554001702,11,47331,49,8105,1.2118859553475239,1558196569,12,47426,49,8096,0.5361774747798194,1547709231,9,47116,49,8156,0.4990468626759763,1547704175,3,47114,49,8082,1.1753761357728094,1556093449,5,47397,49,8130
1.0123894551662374,1554001702,11,47331,49,8105,1.2118859553475239,1558196569,12,47426,49,8096,0.5361774747798194,1547709231,9,47116,49,8156,0.4990468626759763,1547704175,3,47114,49,8082,1.1753761357728094,1556093449,5,47397,49,8130
1.1111209270475126,1556099016,11,47371,49,8178,0.7006885007373789,1549805513,7,47212,49,8052,0.17348384624302102,1558195247,9,47472,49,8164,0.33871043561088143,1543509998,4,47046,49,8146,0.6692774683404662,1549801795,4,47183,49,8118
0.0013144043085246066,1556098053,10,47412,49,8134,0.16878463926161563,1560293624,12,47499,49,8077,0.9735318549438279,1554000871,9,47300,49,8175,0.226108169065881,1560286892,3,47510,49,8103,0.20091690686957306,1560287925,5,47495,49,8147
0.10993872493430598,1558196202,13,47459,49,0,0.91202034142252,1554002107,13,47308,49,8122,0.5650418525926575,1547706520,4,47129,49,8120,0.17072531344616607,1558189930,3,47485,49,8073,0.9545566358072698,1553996576,5,47306,49,8155
0.10993872493430598,1558196202,13,47459,49,0,0.91202034142252,1554002107,13,47308,49,8122,0.5650418525926575,1547706520,4,47129,49,8120,0.17072531344616607,1558189930,3,47485,49,8073,0.9545566358072698,1553996576,5,47306,49,8155
0.2812902562702549,1560292634,10,47534,49,8136,0.4865999837749369,1547708488,7,47127,49,8115,0.20938586633047934,1558194858,9,47487,49,8127,0.17541707461604275,1558190397,3,47487,49,8144,1.2378969930359272,1558191100,5,47432,49,8153
1.068997302577775,1556099673,15,47355,49,8135,0.44743565593713674,1562388183,7,47607,49,8126,0.5768734916999504,1547709440,8,47132,49,8150,0.6692756474210432,1549801610,4,47185,49,8144,0.7804521347132388,1551899420,5,47229,49,8165
0.7439385245545596,1549804413,6,47222,49,8123,0.40510757619107574,1562390612,12,47598,49,8120,0.9982138003823515,1554000439,8,47313,49,8106,0.15032620116515544,1558189901,3,47473,49,8096,1.236573511865764,1558190676,5,47422,49,8096
0.7439385245545596,1549804413,6,47222,49,8123,0.40510757619107574,1562390612,12,47598,49,8120,0.9982138003823515,1554000439,8,47313,49,8106,0.15032620116515544,1558189901,3,47473,49,8096,1.236573511865764,1558190676,5,47422,49,8096
0.6738688042355834,1549804377,5,47189,49,8111,0.753725473251861,1551904701,11,47236,49,8113,0.40174811093671714,1562389698,9,47569,49,8119,1.0950027753958758,1553995998,3,47363,49,8092,0.6389854845916797,1549802183,5,47169,49,8043
0.6738688042355834,1549804377,5,47189,49,8111,0.753725473251861,1551904701,11,47236,49,8113,0.40174811093671714,1562389698,9,47569,49,8119,1.0950027753958758,1553995998,3,47363,49,8092,0.6389854845916797,1549802183,5,47169,49,8043
0.8892808959715168,1551903585,9,47285,49,8143,0.41306165930048955,1545613418,12,47096,49,8084,0.09912945783666008,1558194051,7,47440,49,8135,0.05802081985958964,1556092338,3,47434,49,8121,0.48731927437488587,1545607917,5,47104,49,8130
0.8892808959715168,1551903585,9,47285,49,8143,0.41306165930048955,1545613418,12,47096,49,8084,0.09912945783666008,1558194051,7,47440,49,8135,0.05802081985958964,1556092338,3,47434,49,8121,0.48731927437488587,1545607917,5,47104,49,8130
0,1556099727,15,47401,49,8110,0.18510356196000619,1560293774,12,47507,49,8049,1.0288124900506654,1554001170,9,47325,49,8138,0.3465641288626167,1543509392,3,47045,49,8098,0.360843872469761,1545607810,5,47056,49,8087
0,1556099727,15,47401,49,8110,0.18510356196000619,1560293774,12,47507,49,8049,1.0288124900506654,1554001170,9,47325,49,8138,0.3465641288626167,1543509392,3,47045,49,8098,0.360843872469761,1545607810,5,47056,49,8087
0.8700045202120139,1551901559,6,47274,49,8190,0.7259820020041042,1551904881,12,47228,49,8150,0.5589224811442,1547708719,8,47124,49,8118,0.3341209255889612,1560287432,3,47551,49,8081,0,1556093490,5,47417,49,8152
0.8700045202120139,1551901559,6,47274,49,8190,0.7259820020041042,1551904881,12,47228,49,8150,0.5589224811442,1547708719,8,47124,49,8118,0.3341209255889612,1560287432,3,47551,49,8081,1.2044431029595264,1556093490,5,47417,49,8152
0.9084568890617577,1554002153,13,47289,49,8153,0.14053184665331955,1558194094,7,47485,49,8085,0.1023936134334269,1558195554,9,47440,49,8158,0.3564569713683229,1545606842,3,47052,49,8117,0.9140650965218984,1553996182,5,47288,49,8112
0.9084568890617577,1554002153,13,47289,49,8153,0.14053184665331955,1558194094,7,47485,49,8085,0.1023936134334269,1558195554,9,47440,49,8158,0.3564569713683229,1545606842,3,47052,49,8117,0.9140650965218984,1553996182,5,47288,49,8112
0.6721344932640206,1549807829,14,47190,49,12,0.2619060617925952,1560293557,12,47535,49,8058,0.6199153879706547,1547709535,9,47150,49,8125,0.07576735094806543,1558189888,3,47444,49,8119,0.3158650584200883,1560288092,5,47545,49,8095
0.6721344932640206,1549807829,14,47190,49,12,0.2619060617925952,1560293557,12,47535,49,8058,0.6199153879706547,1547709535,9,47150,49,8125,0.07576735094806543,1558189888,3,47444,49,8119,0.3158650584200883,1560288092,5,47545,49,8095
0.5055769558701052,1547710798,12,47119,49,8144,0.5761523824101914,1547710360,11,47158,49,8125,1.2285190922344487,1556097700,8,47407,49,8142,1.0913315311430973,1553995884,3,47359,49,8114,0.9587390669408128,1553996564,5,47306,49,8108
0.0982093138147989,1558195673,10,47457,49,8095,1.0656253262554112,1556098311,10,47367,49,8022,0.5728955352783609,1547709992,9,47131,49,8099,0.18500508397153745,1558190400,3,47485,49,8132,0.35350138909991197,1545608040,5,47048,49,8114
0.0982093138147989,1558195673,10,47457,49,8095,1.0656253262554112,1556098311,10,47367,49,8022,0.5728955352783609,1547709992,9,47131,49,8099,0.18500508397153745,1558190400,3,47485,49,8132,0.15440637888863049,1560287847,5,47480,49,8103
0.020285916028180143,1556098592,11,47421,49,8182,0.2500744201940844,1560294017,13,47531,49,8115,0.12340430714180652,1558192102,4,47450,49,8130,0.9033543782628436,1551898764,3,47279,49,8171,1.1756828507447625,1556093735,5,47395,49,8142
0.020285916028180143,1556098592,11,47421,49,8182,0.2500744201940844,1560294017,13,47531,49,8115,0.12340430714180652,1558192102,4,47450,49,8130,0.9033543782628436,1551898764,3,47279,49,8171,1.1756828507447625,1556093735,5,47395,49,8142
0,1556098780,11,47409,49,8184,1.1924051034017762,1556096757,7,47412,49,8067,1.2024076852219396,1556096973,7,47399,49,8145,0.8483786136864021,1551898791,3,47258,49,8097,1.2100531446054064,1558190952,5,47418,49,8109
0,1556098780,11,47409,49,8184,1.1924051034017762,1556096757,7,47412,49,8067,1.2024076852219396,1556096973,7,47399,49,8145,0.8483786136864021,1551898791,3,47258,49,8097,1.2100531446054064,1558190952,5,47418,49,8109
0.16318017479510363,1558196107,11,47484,49,8164,0.14114340835478012,1558194236,7,47479,49,8079,0.14145755248982797,1558191845,4,47457,49,8135,0.0690364288666906,1558189724,3,47435,49,8122,0.47334440072481127,1547704901,5,47105,49,8091
0.38532545989938893,1562387651,6,47578,49,8121,0.19020241416240097,1560293666,12,47510,49,8081,0.2942446716164534,1560291877,8,47527,49,8151,0.5433119136570151,1547704170,3,47129,49,8113,0.9376261404554831,1553996424,5,47297,49,8130
0.38532545989938893,1562387651,6,47578,49,8121,0.19020241416240097,1560293666,12,47510,49,8081,0.2942446716164534,1560291877,8,47527,49,8151,0.5433119136570151,1547704170,3,47129,49,8113,0.9376261404554831,1553996424,5,47297,49,8130
0.7159924248464311,1549808071,14,47208,49,8147,0.32738622944255114,1562390779,13,47565,49,8090,0.5408692387584352,1547709350,9,47117,49,8084,1.190163368325537,1556092588,3,47403,49,8085,0.3135191777234386,1562384638,5,47544,49,8018
0.7159924248464311,1549808071,14,47208,49,8147,0.32738622944255114,1562390779,13,47565,49,8090,0.5408692387584352,1547709350,9,47117,49,8084,1.190163368325537,1556092588,3,47403,49,8085,0.3135191777234386,1562384638,5,47544,49,8018
1.1466139780729374,1556098558,10,47394,49,8106,0.4344812927405737,1545612775,11,47099,49,8077,0.7942243884678626,1549806732,9,47225,49,8158,0.6826371356511803,1549801649,3,47187,49,8019,0.8301227221992515,1551899103,5,47255,49,8170
1.1466139780729374,1556098558,10,47394,49,8106,0.4344812927405737,1545612775,11,47099,49,8077,0.7942243884678626,1549806732,9,47225,49,8158,0.6826371356511803,1549801649,3,47187,49,8019,0.8301227221992515,1551899103,5,47255,49,8170
0.3326951560434326,1562391511,16,47558,49,8078,0.578600504129556,1547708473,7,47156,49,8108,1.0631846659187358,1554001071,9,47340,49,8115,0.2649676409317362,1560287670,3,47522,49,8142,0.2594616830267536,1562384614,5,47522,49,8118
0.3326951560434326,1562391511,16,47558,49,8078,0.578600504129556,1547708473,7,47156,49,8108,1.0631846659187358,1554001071,9,47340,49,8115,0.2649676409317362,1560287670,3,47522,49,8142,0.2594616830267536,1562384614,5,47522,49,8118
0.449989622011038,1562387149,6,47608,49,8116,0.13573785401950025,1558194022,7,47482,49,8110,1.102350841032803,1554000006,7,47356,49,8159,0.6926322264982164,1549801539,3,47193,49,8114,0.6630558619799066,1549801912,5,47181,49,8141
0.49425648106906717,1547710024,11,47110,49,8117,0.8033960672757751,1551902843,7,47256,49,8083,1.0516597346614927,1554000938,9,47333,49,8140,1.1066299479725596,1553995834,4,47366,49,8145,0.913555767324751,1551899703,5,47285,49,8047
0.49425648106906717,1547710024,11,47110,49,8117,0.8033960672757751,1551902843,7,47256,49,8083,1.0516597346614927,1554000938,9,47333,49,8140,1.1066299479725596,1553995834,4,47366,49,8145,0.913555767324751,1551899703,5,47285,49,8047
0.22549844577935887,1560293068,11,47511,49,8138,1.0866360157049153,1556099456,13,47375,49,8126,0.7787214938372866,1549806256,8,47217,49,8160,1.163644881998189,1556093180,3,47391,49,8131,0.7957505515233338,1551899325,5,47240,49,8100
0.22549844577935887,1560293068,11,47511,49,8138,1.0866360157049153,1556099456,13,47375,49,8126,0.7787214938372866,1549806256,8,47217,49,8160,1.163644881998189,1556093180,3,47391,49,8131,0.7957505515233338,1551899325,5,47240,49,8100
0.34228316271361114,1562389596,10,47558,49,8188,1.154973265421201,1556096979,7,47401,49,8078,1.0115752837460648,1554001735,10,47318,49,30,0.8100284836666606,1551898083,3,47243,49,8093,0.27710784226694546,1560288280,5,47525,49,8122
0.34228316271361114,1562389596,10,47558,49,8188,1.154973265421201,1556096979,7,47401,49,8078,1.0115752837460648,1554001735,10,47318,49,30,0.8100284836666606,1551898083,3,47243,49,8093,0.27710784226694546,1560288280,5,47525,49,8122
0.11299840564273812,1558193122,5,47462,49,8082,0.2443621463041902,1560291412,7,47521,49,8043,0.7121185529138814,1549806800,9,47190,49,8124,0.9158998174151594,1551898955,3,47285,49,8071,0.20591351098528504,1560288279,5,47504,49,8124
0.11299840564273812,1558193122,5,47462,49,8082,0.2443621463041902,1560291412,7,47521,49,8043,0.7121185529138814,1549806800,9,47190,49,8124,0.9158998174151594,1551898955,3,47285,49,8071,0.20591351098528504,1560288279,5,47504,49,8124
0.1649144956419997,1560293548,14,47481,49,8160,1.192200628023601,1556096815,7,47420,49,8102,1.0539033788511987,1553997667,4,47335,49,8158,0.2879171205508419,1560287252,3,47530,49,8108,0.5966573953575521,1547704428,5,47153,49,8100
0.1649144956419997,1560293548,14,47481,49,8160,1.192200628023601,1556096815,7,47420,49,8102,1.0539033788511987,1553997667,4,47335,49,8158,0.2879171205508419,1560287252,3,47530,49,8108,0.5966573953575521,1547704428,5,47153,49,8100
0.574525775194942,1547707384,6,47145,49,8082,0.824713464254888,1551905535,13,47255,49,8053,0.10116863125905327,1558192126,4,47444,49,8180,0.5230150241490025,1547704248,3,47121,49,8117,0.17786518221653247,1560287891,5,47491,49,8101
0.574525775194942,1547707384,6,47145,49,8082,0.824713464254888,1551905535,13,47255,49,8053,0.10116863125905327,1558192126,4,47444,49,8180,0.5230150241490025,1547704248,3,47121,49,8117,0.17786518221653247,1560287891,5,47491,49,8101
0.9942339706369079,1554000916,9,47326,49,8096,0.6293938328825848,1549805416,7,47178,49,8102,0.3906302681934959,1562389784,9,47566,49,8177,0.3582935373808485,1543509599,3,47048,49,8038,1.019731963138778,1553996270,5,47333,49,8153
0.9942339706369079,1554000916,9,47326,49,8096,0.6293938328825848,1549805416,7,47178,49,8102,0.3906302681934959,1562389784,9,47566,49,8177,0.3582935373808485,1543509599,3,47048,49,8038,1.019731963138778,1553996270,5,47333,49,8153
0.26476685646682835,1560290281,6,47526,49,8094,0.4997570102427958,1547709848,10,47129,49,8163,0.6824381377712823,1549806554,9,47177,49,8096,0.19020617651912178,1558190533,4,47488,49,8119,0.6494899107591854,1549802412,5,47179,49,8135
0.26476685646682835,1560290281,6,47526,49,8094,0.4997570102427958,1547709848,10,47129,49,8163,0.6824381377712823,1549806554,9,47177,49,8096,0.19020617651912178,1558190533,4,47488,49,8119,0.6494899107591854,1549802412,5,47179,49,8135
0.41653572144725354,1562387467,6,47590,49,17,1.187917827751446,1556099514,13,47415,49,8128,0.698757071564087,1549806683,9,47185,49,8130,0.30025808478817917,1560287465,3,47537,49,8090,1.1608918887138013,1556093718,5,47397,49,8093
0.41653572144725354,1562387467,6,47590,49,17,1.187917827751446,1556099514,13,47415,49,8128,0.698757071564087,1549806683,9,47185,49,8130,0.30025808478817917,1560287465,3,47537,49,8090,1.1608918887138013,1556093718,5,47397,49,8093
0.008861375375542378,1556098564,11,47419,49,8112,0.5006752792695726,1547708302,7,47129,49,8101,0.10147533886844347,1558195305,9,47441,49,8132,1.0483900169248048,1553996043,3,47346,49,8164,1.2882851267854296,1558190566,5,47444,49,8140
0.008861375375542378,1556098564,11,47419,49,8112,0.5006752792695726,1547708302,7,47129,49,8101,0.10147533886844347,1558195305,9,47441,49,8132,1.0483900169248048,1553996043,3,47346,49,8164,1.2882851267854296,1558190566,5,47444,49,8140
0.2228477157393151,1560292693,10,47505,49,8091,0.16093097194629544,1560293342,12,47492,49,8092,0.21550523314423112,1560291023,7,47491,49,4,0.05363577395989219,1556092480,3,47427,49,8114,0.7623988873063432,1549802099,5,47224,49,8119
1.0951068494979854,1556099099,11,47367,49,8096,0.7830991807860558,1551904366,11,47248,49,8077,0.8138074770354966,1549806315,9,47232,49,8105,0.8202280445764953,1551898720,3,47247,49,8113,0.9482327904782301,1553996263,5,47306,49,8108
1.0951068494979854,1556099099,11,47367,49,8096,0.7830991807860558,1551904366,11,47248,49,8077,0.8138074770354966,1549806315,9,47232,49,8105,0.8202280445764953,1551898720,3,47247,49,8113,1.2045453403678885,1558190604,4,47417,49,8101
1.0910266505817263,1556099881,15,47367,49,8105,0.13798149181567795,1558194039,7,47477,49,8048,0.6551036053624979,1547708685,8,47164,49,8154,0.053738010267238345,1556093005,3,47426,49,8080,0.17939502321116568,1560287552,5,47492,49,8102
1.0910266505817263,1556099881,15,47367,49,8105,0.13798149181567795,1558194039,7,47477,49,8048,0.6551036053624979,1547708685,8,47164,49,8154,0.053738010267238345,1556093005,3,47426,49,8080,0.17939502321116568,1560287552,5,47492,49,8102
1.1422289431393837,1556095319,5,47385,49,8102,1.194241669244888,1556096909,7,47409,49,8066,0.7066107546886543,1549806705,9,47187,49,8089,0.8079893108748204,1549801369,3,47239,49,8153,0.9630218761445813,1553996663,5,47313,49,8116
1.1422289431393837,1556095319,5,47385,49,8102,1.194241669244888,1556096909,7,47409,49,8066,0.7066107546886543,1549806705,9,47187,49,8089,0.8079893108748204,1549801369,3,47239,49,8153,0.9630218761445813,1553996663,5,47313,49,8116
1.0767487556728634,1556099740,15,47355,49,0,0.9509820405506638,1554002307,12,47314,49,8072,0.730171798379673,1549806649,9,47196,49,8102,0.3369761330435754,1543510142,4,47041,49,8132,0.773211858932243,1549802248,5,47222,49,8116
1.0767487556728634,1556099740,15,47355,49,0,0.9509820405506638,1554002307,12,47314,49,8072,0.730171798379673,1549806649,9,47196,49,8102,0.3369761330435754,1543510142,4,47041,49,8132,0.773211858932243,1549802248,5,47222,49,8116
0.7356777539017175,1549807514,11,47211,49,8129,0.6611134082108349,1549805683,7,47196,49,8062,0.6599998329213375,1547708974,8,47164,49,8175,0.9495581847468534,1551898720,3,47299,49,8144,0.24661138974745242,1560288220,5,47513,49,8107
0.7356777539017175,1549807514,11,47211,49,8129,0.6611134082108349,1549805683,7,47196,49,8062,0.6599998329213375,1547708974,8,47164,49,8175,0.9495581847468534,1551898720,3,47299,49,8144,0.24661138974745242,1560288220,5,47513,49,8107
0.08209486685464938,1558193046,6,47443,49,8148,0.5146483259591824,1547708576,7,47136,49,8084,0.6291966814296477,1547709772,9,47154,49,8105,0.46396090366360193,1545607346,3,47092,49,8060,1.057366424768791,1556093789,5,47356,49,8070
0.08209486685464938,1558193046,6,47443,49,8148,0.5146483259591824,1547708576,7,47136,49,8084,0.6291966814296477,1547709772,9,47154,49,8105,0.46396090366360193,1545607346,3,47092,49,8060,1.057366424768791,1556093789,5,47356,49,8070
0.7280285417525558,1549804439,5,47206,49,8118,1.116316415603786,1556098569,10,47381,49,8055,0.28282198220208127,1560292587,9,47518,49,8136,0.6646861268894304,1549801287,3,47180,49,8170,0.3126027676911571,1560287986,5,47538,49,8114
0.7280285417525558,1549804439,5,47206,49,8118,1.116316415603786,1556098569,10,47381,49,8055,0.28282198220208127,1560292587,9,47518,49,8136,0.6646861268894304,1549801287,3,47180,49,8170,0.3126027676911571,1560287986,5,47538,49,8114
0.8456274465765787,1551901954,6,47261,49,8094,0.17694317646528177,1560293776,13,47503,49,8109,0.8129914385414464,1549806584,9,47232,49,8161,0.4709985454184317,1545607482,3,47095,49,8189,0.2947521295649251,1560288019,5,47537,49,8054
0.8456274465765787,1551901954,6,47261,49,8094,0.17694317646528177,1560293776,13,47503,49,8109,0.8129914385414464,1549806584,9,47232,49,8161,0.4709985454184317,1545607482,3,47095,49,8189,0.2947521295649251,1560288019,5,47537,49,8054
0.6815180259450236,1549807672,11,47190,49,8119,1.1431416199830242,1556098923,12,47398,49,8073,0.3493226904016271,1560291528,8,47546,49,8116,0.9587372323607888,1551898286,3,47305,49,8076,1.1157085949167962,1556093441,5,47376,49,8143
0.6815180259450236,1549807672,11,47190,49,8119,1.1431416199830242,1556098923,12,47398,49,8073,0.3493226904016271,1560291528,8,47546,49,8116,0.9587372323607888,1551898286,3,47305,49,8076,1.1157085949167962,1556093441,5,47376,49,8143
0.31321431836913416,1560292881,11,47545,49,8182,0.597265308528469,1547710537,12,47158,49,8060,1.1844566787970618,1556097802,8,47390,49,25,1.1439595553883108,1556092951,3,47385,49,8140,0.4945613786109863,1547704995,5,47106,49,8079
0.31321431836913416,1560292881,11,47545,49,8182,0.597265308528469,1547710537,12,47158,49,8060,1.1844566787970618,1556097802,8,47390,49,25,1.1439595553883108,1556092951,3,47385,49,8140,0.4945613786109863,1547704995,5,47106,49,8079
1.162525830747642,1556098137,9,47394,49,8102,0.06240399910857052,1558196499,12,47442,49,8115,1.138966659895751,1556097685,8,47373,49,8141,0.1543041662040321,1558189756,3,47472,49,8110,1.0723618550887104,1553996264,5,47353,49,8151
1.162525830747642,1556098137,9,47394,49,8102,0.06240399910857052,1558196499,12,47442,49,8115,1.138966659895751,1556097685,8,47373,49,8141,0.1543041662040321,1558189756,3,47472,49,8110,1.0723618550887104,1553996264,5,47353,49,8151
0.022325098132383654,1558197052,16,47421,49,8109,0.537802262659162,1547708628,7,47141,49,8117,0.10147533886844347,1558195339,9,47441,49,8129,0.48425778842911493,1545607484,3,47102,49,8146,1.1781290932765014,1556094127,5,47404,49,8037
0.022325098132383654,1558197052,16,47421,49,8109,0.537802262659162,1547708628,7,47141,49,8117,0.10147533886844347,1558195339,9,47441,49,8129,0.48425778842911493,1545607484,3,47102,49,8146,1.1781290932765014,1556094127,5,47404,49,8037
0.9804654022580513,1553998329,5,47315,49,8075,0.5995089537938468,1547710651,12,47168,49,8111,1.242492140101712,1556097921,9,47414,49,8118,1.1689481979862555,1556093202,3,47397,49,8098,1.2202545788185566,1558190786,5,47417,49,8101
0.9804654022580513,1553998329,5,47315,49,8075,0.5995089537938468,1547710651,12,47168,49,8111,1.242492140101712,1556097921,9,47414,49,8118,1.1689481979862555,1556093202,3,47397,49,8098,1.2202545788185566,1558190786,5,47417,49,8101
0.8040150041279776,1551904428,11,47237,49,8061,0.6645820343715886,1549806596,10,47194,49,8080,1.151512104538869,1556098478,10,47378,49,8145,0.6514268791005112,1547704254,3,47175,49,8055,1.0587958906354986,1553996081,5,47352,49,8142
0.8040150041279776,1551904428,11,47237,49,8061,0.6645820343715886,1549806596,10,47194,49,8080,1.151512104538869,1556098478,10,47378,49,8145,0.6514268791005112,1547704254,3,47175,49,8055,1.0587958906354986,1553996081,5,47352,49,8142
0.978017284319616,1553998686,6,47315,49,8109,0.09137060231685941,1558196392,12,47454,49,8134,0.1625704819913216,1558194855,8,47466,49,8127,0.548717473094164,1547704141,3,47134,49,8129,1.2476894667021625,1558191069,5,47436,49,8065
0.978017284319616,1553998686,6,47315,49,8109,0.09137060231685941,1558196392,12,47454,49,8134,0.1625704819913216,1558194855,8,47466,49,8127,0.548717473094164,1547704141,3,47134,49,8129,1.2476894667021625,1558191069,5,47436,49,8065
0.9608823161008623,1554000546,9,47307,49,8076,0.7308782495706109,1549805472,7,47224,49,8101,0.3408574422261563,1560291218,7,47542,49,8086,0.4914998951121657,1545606863,3,47103,49,8159,0.29638232863364505,1560287763,5,47547,49,8113
0.9608823161008623,1554000546,9,47307,49,8076,0.7308782495706109,1549805472,7,47224,49,8101,0.3408574422261563,1560291218,7,47542,49,8086,0.4914998951121657,1545606863,3,47103,49,8159,0.29638232863364505,1560287763,5,47547,49,8113
0.8324704365342125,1551904770,14,47254,49,8114,0.12013272839190424,1558196238,12,47476,49,8061,0.4642712025571963,1545612730,9,47084,49,8126,0.3574774943979187,1545607047,3,47049,49,8110,0.5691183929075816,1549801611,4,47145,49,8146
0.8324704365342125,1551904770,14,47254,49,8114,0.12013272839190424,1558196238,12,47476,49,8061,0.4642712025571963,1545612730,9,47084,49,8126,0.3574774943979187,1545607047,3,47049,49,8110,0.5691183929075816,1549801611,4,47145,49,8146
0.5892126363812813,1547709916,10,47151,49,8026,0.8263455494243451,1551905510,13,47253,49,8090,0.573609340850263,1547710030,9,47132,49,8133,0.23844914854000138,1560287247,3,47512,49,8148,0.8225757415964647,1551899568,5,47252,49,8067
0.5892126363812813,1547709916,10,47151,49,8026,0.8263455494243451,1551905510,13,47253,49,8090,0.573609340850263,1547710030,9,47132,49,8133,0.23844914854000138,1560287247,3,47512,49,8148,0.8225757415964647,1551899568,5,47252,49,8067
0.22947641075298444,1560290530,6,47510,49,8114,0.3168799593655606,1562390716,12,47552,49,8061,0.6872321329752156,1549806861,9,47178,49,8129,0.15879144901542017,1558189898,3,47477,49,8005,1.0777655433294122,1556093713,5,47366,49,4
0.22947641075298444,1560290530,6,47510,49,8114,0.3168799593655606,1562390716,12,47552,49,8061,0.6872321329752156,1549806861,9,47178,49,8129,0.15879144901542017,1558189898,3,47477,49,8005,1.0777655433294122,1556093713,5,47366,49,4
0.5707522889247979,1547707312,6,47140,49,8131,0.6235793348263965,1547707243,6,47169,49,8057,0.5455610007900912,1547709725,9,47119,49,8118,0.8285910519148392,1551898922,3,47254,49,8112,1.0705252941985628,1556093730,5,47357,49,8135
0.5707522889247979,1547707312,6,47140,49,8131,0.6235793348263965,1547707243,6,47169,49,8057,0.5455610007900912,1547709725,9,47119,49,8118,0.8285910519148392,1551898922,3,47254,49,8112,1.0705252941985628,1556093730,5,47357,49,8135
0,549806195,9,47174,49,8145,0.9472085694907236,1554001507,11,47316,49,8145,0.9812833048569162,1554000543,8,47302,49,48,0.6577507168020043,1547703930,3,47177,49,8127,0.9213072046443106,1551899310,5,47292,49,8107
0.6488801622207971,1549806195,9,47174,49,8145,0.9472085694907236,1554001507,11,47316,49,8145,0.9812833048569162,1554000543,8,47302,49,48,0.37083898601186394,1545606692,3,47051,49,8095,0.9213072046443106,1551899310,5,47292,49,8107
0,1556097859,9,47409,49,8139,0.8612270407890622,1551902643,6,47271,49,8052,0.5071086375852593,1545612587,10,47103,49,8119,0.9555753183371976,1551898489,3,47302,49,8125,1.220762017930002,1558190946,5,47428,49,8059
0,1556097859,9,47409,49,8139,0.8612270407890622,1551902643,6,47271,49,8052,0.5071086375852593,1545612587,10,47103,49,8119,0.9555753183371976,1551898489,3,47302,49,8125,1.220762017930002,1558190946,5,47428,49,8059
0.4826293169844129,1545613095,11,47100,49,8109,0.9294620442259979,1554001573,11,47306,49,8116,1.1663011940641506,1556098705,10,47384,49,8146,0.6217464789809715,1547703834,3,47159,49,8107,0.39899182859140375,1545607852,5,47072,49,8122
0.6201180205302157,1547705555,4,47160,49,8097,0.46987397768283906,1545611074,7,47100,49,8099,1.1992457663368778,1556097933,8,47397,49,8102,0.48711301761687886,1545607231,3,47103,49,8118,0.2854708329782254,1560287413,5,47537,49,8120
0.7737211809383213,1549806988,11,47230,49,8133,1.1326353473037603,1556097230,7,47394,49,8118,1.2283146170057704,1556097502,8,47408,49,8035,0.3262672552012516,1560287596,3,47544,49,8060,0.16195332858815126,1560287100,5,47492,49,8184
0.7003873067839418,1549807007,10,47197,49,8105,0,1558196314,12,47465,49,8103,0.9773053457508013,1553999418,7,47301,49,8167,0.480177608608054,1545607628,3,47099,49,8093,0.927629177929659,1553996838,5,47305,49,8126
0.7003873067839418,1549807007,10,47197,49,8105,0.09891757777432722,1558196314,12,47465,49,8103,0.9773053457508013,1553999418,7,47301,49,8167,0.480177608608054,1545607628,3,47099,49,8093,0.927629177929659,1553996838,5,47305,49,8126
0.15196010713522265,1558195991,11,47478,49,8126,0.16837570615639874,1560292689,10,47496,49,8045,0.08811385788863614,1558195173,9,47435,49,8158,1.2186206572950429,1556093136,3,47411,49,8096,1.2132150490062503,1558190215,5,47425,49,8079
0.5411741078329364,1547709942,10,47126,49,8126,0.9851516020528641,1554001516,11,47322,49,8022,0.12575019008065955,1558195189,9,47450,49,8142,0.592168303443518,1547704571,3,47145,49,8136,1.1162179036850357,1558190178,4,47384,49,8146
0.005087893580893925,1556098687,11,47414,49,8073,0.3319757559480588,1562391344,13,47566,49,8114,0.5720794995500197,1547709823,9,47130,49,8098,0.26976164388665413,1560287727,3,47522,49,8131,1.096839297291385,1556093798,5,47374,49,8104
0.005087893580893925,1556098687,11,47414,49,8073,0.3319757559480588,1562391344,13,47566,49,8114,0.5720794995500197,1547709823,9,47130,49,8098,0.26976164388665413,1560287727,3,47522,49,8131,1.096839297291385,1556093798,5,47374,49,8104
0.514348915682154,1547710054,10,47117,49,8102,1.22290155425363,1556099160,12,47423,49,8091,0.6183855466665926,1547709558,9,47148,49,8114,0.939460865787712,1551898172,3,47292,49,8050,0.9371149379810078,1553996626,5,47308,49,8174
0.514348915682154,1547710054,10,47117,49,8102,1.22290155425363,1556099160,12,47423,49,8091,0.6183855466665926,1547709558,9,47148,49,8114,0.939460865787712,1551898172,3,47292,49,8050,0.9371149379810078,1553996626,5,47308,49,8174
0,1554002077,14,47353,49,8075,0.8926417543424903,1551903819,10,47285,49,8042,0.6355205192261358,1547708211,7,47156,49,8108,1.1540568838563894,1556093078,3,47388,49,8059,0.7814707794135157,1551899621,5,47242,49,8130
1.0645081658266236,1554002077,14,47353,49,8075,0.8926417543424903,1551903819,10,47285,49,8042,0.6355205192261358,1547708211,7,47156,49,8108,1.1540568838563894,1556093078,3,47388,49,8059,0.7814707794135157,1551899621,5,47242,49,8130
0.5948226739583239,1547707391,5,47150,49,8142,0.6118499266273337,1549807660,12,47174,49,8095,0.6810105297241466,1549806843,9,47174,49,8107,0.23600103521793503,1560287288,3,47510,49,8090,0.6121602753629397,1549802383,5,47166,49,8140
0.5948226739583239,1547707391,5,47150,49,8142,0.6118499266273337,1549807660,12,47174,49,8095,0.6810105297241466,1549806843,9,47174,49,8107,0.23600103521793503,1560287288,3,47510,49,8090,0.6121602753629397,1549802383,5,47166,49,8140
0.4509079056776633,1562387552,6,47601,49,8107,0.8762205925379611,1551902656,7,47286,49,8090,1.0013757225261086,1554000244,8,47313,49,8136,0.9696505985912841,1553995391,3,47309,49,8153,0.9158997806942154,1553996377,5,47298,49,8103
0.9183497557133381,1551903436,9,47290,49,8183,0.1966285013562707,1560293789,12,47501,49,8097,0.7950404288450375,1549806938,10,47224,49,8128,0.8907066996903231,1551899062,3,47275,49,8081,0.16123953312083053,1560287703,5,47489,49,8132
0.9183497557133381,1551903436,9,47290,49,8183,0.1966285013562707,1560293789,12,47501,49,8097,0.7950404288450375,1549806938,10,47224,49,8128,0.8907066996903231,1551899062,3,47275,49,8081,0.16123953312083053,1560287703,5,47489,49,8132
0.835223417522575,1551901971,6,47257,49,8090,0.4412122395974372,1545613028,12,47103,49,8102,1.0466612638847075,1554000186,8,47333,49,8070,0.3602323389631164,1560287076,3,47556,49,8131,0.49670278739478535,1547705086,5,47112,49,8092
0.835223417522575,1551901971,6,47257,49,8090,0.4412122395974372,1545613028,12,47103,49,8102,1.0466612638847075,1554000186,8,47333,49,8070,0.3602323389631164,1560287076,3,47556,49,8131,0.49670278739478535,1547705086,5,47112,49,8092
0.7683156205783004,1549807694,11,47225,49,8138,0.060465209047915476,1558195969,11,47444,49,8101,0.26548253811099043,1560292546,9,47512,49,8120,0.6572413867285908,1547704501,4,47172,49,8129,0.20387433765298013,1560288078,5,47503,49,8119
0.7683156205783004,1549807694,11,47225,49,8138,0.060465209047915476,1558195969,11,47444,49,8101,0.26548253811099043,1560292546,9,47512,49,8120,0.6572413867285908,1547704501,4,47172,49,8129,0.20387433765298013,1560288078,5,47503,49,8119
1.0969434102951128,1556098519,10,47363,49,8127,0.7358767223981684,1549805298,7,47222,49,8099,1.279923999880624,1558195116,9,47430,49,8131,0.6216442421023607,1547704465,3,47161,49,8116,1.0638947348258936,1556093556,5,47359,49,8160
0.9694498048091168,1554001814,11,47309,49,8091,0.26700490861102316,1560292445,10,47531,49,8109,0.43285648333169946,1562389062,8,47583,49,8057,0.8176795429837541,1549801522,3,47239,49,8094,0.8212485185793307,1551899583,5,47258,49,8144
0.9694498048091168,1554001814,11,47309,49,8091,0.26700490861102316,1560292445,10,47531,49,8109,0.43285648333169946,1562389062,8,47583,49,8057,0.8176795429837541,1549801522,3,47239,49,8094,0.8212485185793307,1551899583,5,47258,49,8144
0.5968618548281955,1547710969,14,47154,49,8107,0.2492583868561176,1560293455,12,47529,49,8075,0.3985861919015114,1562388321,7,47567,49,8138,0.9480283461953494,1551898236,3,47297,49,8098,0.5038408370941563,1547705201,5,47122,49,8104
0.5968618548281955,1547710969,14,47154,49,8107,0.2492583868561176,1560293455,12,47529,49,8075,0.3985861919015114,1562388321,7,47567,49,8138,0.9480283461953494,1551898236,3,47297,49,8098,0.5038408370941563,1547705201,5,47122,49,8104
0.381959093394074,1562389379,9,47573,49,2,0.1103402554901158,1560293098,12,47475,49,8130,0.337593285282607,1560292524,9,47541,49,8179,1.1098941071070083,1553995689,3,47366,49,8089,0.20917766160165896,1560287640,5,47507,49,8069
0.381959093394074,1562389379,9,47573,49,2,0.1103402554901158,1560293098,12,47475,49,8130,0.337593285282607,1560292524,9,47541,49,8179,1.1098941071070083,1553995689,3,47366,49,8089,0.20917766160165896,1560287640,5,47507,49,8069
0.6743781469036486,1549806668,9,47189,49,8133,0.21774142353269643,1560291451,7,47518,49,8130,0.8730660630321417,1551903853,9,47263,49,8154,0.3855258267046428,1545607193,3,47060,49,8086,0.36665838319762734,1562385254,5,47571,49,8125
0.6743781469036486,1549806668,9,47189,49,8133,0.21774142353269643,1560291451,7,47518,49,8130,0.8730660630321417,1551903853,9,47263,49,8154,0.3855258267046428,1545607193,3,47060,49,8086,0.36665838319762734,1562385254,5,47571,49,8125
0.7802494879041646,1549806551,10,47231,49,8142,0.5836993637253598,1547707986,6,47154,49,8031,0.1020869002069261,1558195657,9,47446,49,8075,0.07362595035497084,1558189285,2,47439,49,8088,0.34187233631784747,1562385182,5,47566,49,8129
0.7101779276783693,1549804605,6,47206,49,8162,0.07311288806846442,1558194154,7,47456,49,8121,0.33759327755857604,1560292164,9,47545,49,8156,0.3699207002554997,1545606451,3,47054,49,8158,1.1650743233079677,1558190334,5,47398,49,8145
0.4628417665693915,1545613934,15,47095,49,8108,1.0570578518062852,1553999955,7,47353,49,8054,0.2017366518235451,1558194895,9,47485,49,8106,0.35686593658092164,1543509798,3,47046,49,8167,0.6598939351807023,1549801931,5,47183,49,8091
0.4628417665693915,1545613934,15,47095,49,8108,1.0570578518062852,1553999955,7,47353,49,8054,0.2017366518235451,1558194895,9,47485,49,8106,0.35686593658092164,1543509798,3,47046,49,8167,0.6598939351807023,1549801931,5,47183,49,8091
0.22427532136649736,1560291951,9,47506,49,8166,0.7535210168326173,1551904933,12,47233,49,8035,1.2064878787378284,1556098258,9,47402,49,8129,1.0432911699688139,1553996020,3,47340,49,8087,1.2515651875420286,1558190320,5,47438,49,1
0.22427532136649736,1560291951,9,47506,49,8166,0.7535210168326173,1551904933,12,47233,49,8035,1.2064878787378284,1556098258,9,47402,49,8129,1.0432911699688139,1553996020,3,47340,49,8087,1.2515651875420286,1558190320,5,47438,49,1
0.04915029614644389,1558196001,11,47431,49,8120,0.5517753132902399,1547709715,10,47147,49,8104,1.0618592926428727,1554000883,9,47340,49,8038,0.5301548988427324,1547704409,3,47123,49,8078,0.7003854756910759,1549801944,5,47202,49,8106
0.04915029614644389,1558196001,11,47431,49,8120,0.5517753132902399,1547709715,10,47147,49,8104,1.0618592926428727,1554000883,9,47340,49,8038,0.5301548988427324,1547704409,3,47123,49,8078,0.7003854756910759,1549801944,5,47202,49,8106
1.0955158005758325,1556098762,11,47364,49,8081,0.34696931894546534,1562390995,13,47563,49,8082,0.880308176753854,1551903223,8,47264,49,8178,0.06118274522524391,1556092635,3,47433,49,8073,1.1764970075471488,1556093592,5,47406,49,8087
0.9007054506243816,1551905179,14,47282,49,8189,0.12370173590419385,1558196324,12,47480,49,8105,0.687843698774191,1549806676,9,47183,49,8175,0.8049296272343006,1549800799,3,47237,49,8125,0.475078700719992,1545607233,5,47107,49,8116
0.4815065815243973,1545612390,10,47104,49,8130,0.7006866666515098,1549805301,6,47207,49,8069,0.2321308686703114,1560292505,9,47499,49,8148,1.126008551204278,1556093313,4,47377,49,8104,0.686615055207222,1549802156,5,47201,49,8084
0.4815065815243973,1545612390,10,47104,49,8130,0.7006866666515098,1549805301,6,47207,49,8069,0.2321308686703114,1560292505,9,47499,49,8148,1.126008551204278,1556093313,4,47377,49,8104,0.686615055207222,1549802156,5,47201,49,8084
1.1544676677100534,1556095832,5,47394,49,8109,1.1672119853871654,1556097050,7,47409,49,8087,0.8506277620070989,1551902841,8,47251,49,8141,0.18745320770214477,1558190438,3,47483,49,8089,0.6127718534499809,1549801825,5,47165,49,8126
1.1544676677100534,1556095832,5,47394,49,8109,1.1672119853871654,1556097050,7,47409,49,8087,0.8506277620070989,1551902841,8,47251,49,8141,0.18745320770214477,1558190438,3,47483,49,8089,0.6127718534499809,1549801825,5,47165,49,8126
0.4077637749291339,1562391269,15,47587,49,8126,0.5412690499488739,1547708489,7,47138,49,8049,0.3383070829259323,1560291782,8,47544,49,8140,0.46855043252254114,1545607608,3,47095,49,8063,0.5518811901943579,1547705283,5,47138,49,8120
0.4077637749291339,1562391269,15,47587,49,8126,0.5412690499488739,1547708489,7,47138,49,8049,0.3383070829259323,1560291782,8,47544,49,8140,0.46855043252254114,1545607608,3,47095,49,8063,0.5518811901943579,1547705283,5,47138,49,8120
1.1778242359509836,1556095722,6,47405,49,7,1.0597085728129418,1556099004,11,47367,49,8038,0.9391596777626303,1551902832,8,47285,49,8180,0.6667271459466083,1547704354,3,47174,49,8078,0.4144947321511339,1547704617,5,47077,49,8136
1.1778242359509836,1556095722,6,47405,49,7,1.0597085728129418,1556099004,11,47367,49,8038,0.9391596777626303,1551902832,8,47285,49,8180,0.6667271459466083,1547704354,3,47174,49,8078,0.4144947321511339,1547704617,5,47077,49,8136
0.7359826158682017,1551905063,14,47217,49,8175,0.5774777614020324,1547710468,11,47151,49,8057,0.33779775765151066,1560292260,9,47541,49,8117,0.925283345372391,1551898982,3,47287,49,8090,0.2839409972225622,1562384911,5,47534,49,8115
0.7359826158682017,1551905063,14,47217,49,8175,0.5774777614020324,1547710468,11,47151,49,8057,0.33779775765151066,1560292260,9,47541,49,8117,0.925283345372391,1551898982,3,47287,49,8090,0.2839409972225622,1562384911,5,47534,49,8115
0.7136465510120125,1549802845,4,47204,49,8154,0.4231608305338027,1562385444,3,47600,49,8115,0.24447184261212163,1560292248,8,47504,49,8105,0.3665543054283286,1545607071,3,47053,49,8084,0.5517789540921966,1547704968,5,47140,49,8118
0.7136465510120125,1549802845,4,47204,49,8154,0.4231608305338027,1562385444,3,47600,49,8115,0.24447184261212163,1560292248,8,47504,49,8105,0.3665543054283286,1545607071,3,47053,49,8084,0.5517789540921966,1547704968,5,47140,49,8118
0.3047490715672158,1560292036,9,47541,49,8109,0.9004954346000944,1554001209,10,47296,49,8111,0.49017812308147557,1545611865,8,47095,49,17,0.6684596209421171,1549801498,3,47181,49,8122,0.3337138139003414,1545608045,5,47046,49,8137
0.8293085145101331,1551901806,6,47254,49,8136,1.0076921262296663,1553999228,6,47333,49,8056,0.6754004927688592,1549806537,9,47175,49,8138,0.6541817045805495,1547703866,3,47169,49,8155,1.0707278987738325,1556093503,4,47364,49,8096
0.8293085145101331,1551901806,6,47254,49,8136,1.0076921262296663,1553999228,6,47333,49,8056,0.6754004927688592,1549806537,9,47175,49,8138,0.6541817045805495,1547703866,3,47169,49,8155,1.213624015114555,1558190541,5,47419,49,8102
0.01600125625057822,1556098584,11,47420,49,8176,0.6485679577979064,1549807653,12,47186,49,8069,0.34779284529065024,1562388860,9,47547,49,8153,0.3775699077799512,1545607094,3,47057,49,8050,0.7270080390055015,1549802261,5,47206,49,8102
0.01600125625057822,1556098584,11,47420,49,8176,0.6485679577979064,1549807653,12,47186,49,8069,0.34779284529065024,1562388860,9,47547,49,8153,0.3775699077799512,1545607094,3,47057,49,8050,0.7270080390055015,1549802261,5,47206,49,8102
0.8558270062787389,1551902035,6,47266,49,8128,1.2095400582054388,1558196115,12,47430,49,8119,0.6677512776429979,1549806830,10,47170,49,8144,0.7509743791826222,1549801534,3,47212,49,8147,0.5080232598102172,1547705157,5,47121,49,8071
0.8558270062787389,1551902035,6,47266,49,8128,1.2095400582054388,1558196115,12,47430,49,8119,0.6677512776429979,1549806830,10,47170,49,8144,0.7509743791826222,1549801534,3,47212,49,8147,0.5080232598102172,1547705157,5,47121,49,8071
0.3550330789377569,1562391546,16,47564,49,8035,0.7316942782740535,1549805007,6,47219,49,8078,0.2961834683365627,1560292920,9,47522,49,8098,0.07821548031525813,1558190191,3,47440,49,8100,0.6344963460182811,1549801480,5,47177,49,8111
0.3550330789377569,1562391546,16,47564,49,8035,0.7316942782740535,1549805007,6,47219,49,8078,0.2961834683365627,,,,,8098,0.07821548031525813,1558190191,3,47440,49,8100,0.6344963460182811,1549801480,5,47177,49,8111
0.5575934358078051,1549807242,13,47146,49,8072,0.45161625202584993,1547711132,13,47109,49,8124,1.2261732147534696,1556098444,9,47404,49,8100,0.5879858855861452,1547703842,3,47144,49,8104,0.945477950869546,1553996663,5,47312,49,8085
0.5575934358078051,1549807242,13,47146,49,8072,0.45161625202584993,1547711132,13,47109,49,8124,1.2261732147534696,1556098444,9,47404,49,8100,0.5879858855861452,1547703842,3,47144,49,8104,0.945477950869546,1553996663,5,47312,49,8085
0.6033901429489251,1547706891,5,47161,49,8041,0.5728882220295024,1547708316,7,47160,49,8066,0.46427120641919833,1562386636,4,47594,49,8101,1.1233578365703714,1553995221,3,47367,49,8103,1.1081597485121975,1556093802,5,47381,49,8101
0.6033901429489251,1547706891,5,47161,49,8041,0.5728882220295024,1547708316,7,47160,49,8066,0.46427120641919833,1562386636,4,47594,49,8101,1.1233578365703714,1553995221,3,47367,49,8103,1.1081597485121975,1556093802,5,47381,49,8101
0.6107344860139639,1547710248,12,47161,49,8090,0.571562849863113,1547708148,7,47157,49,8149,0.8600112956615814,1551902952,7,47250,49,8059,1.260132713496459,1556092905,3,47426,49,8130,1.229533978247272,1558190442,4,47431,49,8069
0.6107344860139639,1547710248,12,47161,49,8090,0.571562849863113,1547708148,7,47157,49,8149,0.8600112956615814,1551902952,7,47250,49,8059,1.260132713496459,1556092905,3,47426,49,8130,1.229533978247272,1558190442,4,47431,49,8069
0,1556098957,11,47407,49,8154,0.7503590838025547,1549807937,12,47228,49,8099,0.673870655531834,1549806384,9,47171,49,8122,0.6508153235169915,1547704946,4,47168,49,8150,0.5690179848029904,1547705288,5,47139,49,8080
0,1556098957,11,47407,49,8154,0.7503590838025547,1549807937,12,47228,49,8099,0.673870655531834,1549806384,9,47171,49,8122,0.6508153235169915,1547704946,4,47168,49,8150,0.5690179848029904,1547705288,5,47139,49,8080
0.356256201266293,1562390263,11,47568,49,8142,1.2095400582054388,1558195856,11,47430,49,8143,0.3712516613536311,1562389719,10,47554,49,8108,0.3743057530003927,1545607550,3,47055,49,8120,0.9177363340567919,1553995694,5,47296,49,8142
0.356256201266293,1562390263,11,47568,49,8142,1.2095400582054388,1558195856,11,47430,49,8143,0.3712516613536311,1562389719,10,47554,49,8108,0.3743057530003927,1545607550,3,47055,49,8120,0.9177363340567919,1553995694,5,47296,49,8142
0.6526536402597228,1549807559,11,47182,49,8116,0.9089606637554583,1554002031,12,47305,49,8034,1.1485546635528079,1556098350,9,47373,49,8131,0.2231507539557324,1558189232,3,47497,49,8117,1.0402333185606008,1553996713,5,47343,49,8110
0.6526536402597228,1549807559,11,47182,49,8116,0.9089606637554583,1554002031,12,47305,49,8034,1.1485546635528079,1556098350,9,47373,49,8131,0.2231507539557324,1558189232,3,47497,49,8117,1.0402333185606008,1553996713,5,47343,49,8110
0.7635216070728257,1551904424,11,47231,49,8090,0.8808100974383242,1551904794,12,47294,49,8046,0.3119930713687936,1560293229,10,47527,49,8144,0.8153336703781552,1549801832,3,47235,49,8129,0.9376261303057575,1553996264,4,47301,49,8101
0.7635216070728257,1551904424,11,47231,49,8090,0.8808100974383242,1551904794,12,47294,49,8046,0.3119930713687936,1560293229,10,47527,49,8144,0.8153336703781552,1549801832,3,47235,49,8129,0.9376261303057575,1553996264,4,47301,49,8101
0.8702089903888162,1551900994,5,47273,49,8141,0.8479677741643988,1551904631,11,47280,49,8098,0.6261369970619073,1547708153,7,47151,49,15,0.5173045956300847,1545607122,3,47109,49,8123,0.671725570500992,1549801407,4,47188,49,8109
0.8702089903888162,1551900994,5,47273,49,8141,0.8479677741643988,1551904631,11,47280,49,8098,0.6261369970619073,1547708153,7,47151,49,15,0.5173045956300847,1545607122,3,47109,49,8123,0.671725570500992,1549801407,4,47188,49,8109
0.9876034092576689,1553998479,5,47330,49,8128,0.8245089718258806,1551904834,12,47262,49,8083,0,1551904076,9,47257,49,0,0.19591846399148713,1558190028,3,47484,49,8122,0.3542151793792751,1545607387,5,47053,49,8047
0.9876034092576689,1553998479,5,47330,49,8128,0.8245089718258806,1551904834,12,47262,49,8083,0.8748003855854893,1551904076,9,47257,49,0,0.19591846399148713,1558190028,3,47484,49,8122,0.3542151793792751,1545607387,5,47053,49,8047
1.0580820791724515,1554001324,11,47355,49,8128,0.752195631923216,1549805107,7,47227,49,8110,1.10949072533564,1554000464,8,47356,49,8141,0.9655722687275377,1551898809,3,47298,49,8114,1.0739920582468787,1556093501,5,47364,49,8143
1.0580820791724515,1554001324,11,47355,49,8128,0.752195631923216,1549805107,7,47227,49,8110,1.10949072533564,1554000464,8,47356,49,8141,0.9655722687275377,1551898809,3,47298,49,8114,1.0739920582468787,1556093501,5,47364,49,8143
0.5235279715926385,1547707451,6,47124,49,8074,0.8642866975710527,1551902432,7,47288,49,8165,0.8404282087886914,1551903951,9,47242,49,8134,0.9641446587370084,1551898672,3,47298,49,8138,1.036764683803263,1553996241,5,47345,49,8105
0.5235279715926385,1547707451,6,47124,49,8074,0.8642866975710527,1551902432,7,47288,49,8165,0.8404282087886914,1551903951,9,47242,49,8134,0.9641446587370084,1551898672,3,47298,49,8138,1.036764683803263,1553996241,5,47345,49,8105
0.6134874801405528,1547709978,11,47162,49,8048,0.7246566340057304,1549804911,6,47217,49,8075,1.112652645844669,1553999708,7,47357,49,8163,0.4544751548697208,1545607128,3,47087,49,8059,0.4748742294003154,1547705354,5,47111,49,8121
0.6134874801405528,1547709978,11,47162,49,8048,0.7246566340057304,1549804911,6,47217,49,8075,1.112652645844669,1553999708,7,47357,49,8163,0.4544751548697208,1545607128,3,47087,49,8059,0.4748742294003154,1547705354,5,47111,49,8121
0.7346572436273475,1549806827,9,47214,49,8159,0.5541211764083952,1547708272,7,47153,49,8078,0.2183623016122006,1558194991,9,47485,49,8061,0.7265972999463234,1549801771,3,47203,49,8099,0.9347690601569177,1553996181,5,47306,49,8112
0.7346572436273475,1549806827,9,47214,49,8159,0.5541211764083952,1547708272,7,47153,49,8078,0.2183623016122006,1558194991,9,47485,49,8061,0.7265972999463234,1549801771,3,47203,49,8099,0.9347690601569177,1553996181,5,47306,49,8112
0.22804880539920003,1560290949,7,47509,49,8148,1.1180507229171819,1556099069,12,47384,49,8079,0.19847250421239543,1558195520,10,47480,49,8179,0.5553480189929442,1547704713,3,47130,49,8142,0.926303814579959,1553996462,5,47301,49,8170
0.22804880539920003,1560290949,7,47509,49,8148,1.1180507229171819,1556099069,12,47384,49,8079,0.19847250421239543,1558195520,10,47480,49,8179,0.5553480189929442,1547704713,3,47130,49,8142,0.926303814579959,1553996462,5,47301,49,8170
0.8792858142028019,1551904351,10,47276,49,8106,0.03945450767916198,1558194386,7,47447,49,8098,1.0265688494849723,1554001464,9,47321,49,8165,1.1148925868191668,1553995955,3,47364,49,8128,0.4736510851813997,1547705101,5,47107,49,8077
0.8792858142028019,1551904351,10,47276,49,8106,0.03945450767916198,1558194386,7,47447,49,8098,1.0265688494849723,1554001464,9,47321,49,8165,1.1148925868191668,1553995955,3,47364,49,8128,0.4736510851813997,1547705101,5,47107,49,8077
0.5784015011901735,1547709798,10,47146,49,8151,0.4947603656144171,1547708627,7,47127,49,8098,0.8686810160492938,1551903969,9,47253,49,8094,0.7525042212290795,1549801689,3,47213,49,811,0.20775005657681173,1560287308,4,47506,49,8079
0.5784015011901735,1547709798,10,47146,49,8151,0.4947603656144171,1547708627,7,47127,49,8098,0.8686810160492938,1551903969,9,47253,49,8094,0.7525042212290795,1549801689,3,47213,49,8117,0.20775005657681173,1560287308,4,47506,49,8079
0.3103591119523692,1562391428,15,47542,49,8181,1.0337012714757003,1553999026,6,47355,49,8148,0.9897485557520508,1554000362,8,47306,49,8126,0.34044477801605816,1560287538,3,47549,49,8114,1.2237213355537058,1558190718,5,47425,49,8107
0.3103591119523692,1562391428,15,47542,49,8181,1.0337012714757003,1553999026,6,47355,49,8148,0.9897485557520508,1554000362,8,47306,49,8126,0.34044477801605816,1560287538,3,47549,49,8114,1.2237213355537058,1558190718,5,47425,49,8107
0,1558196396,14,47404,49,8136,0.18143044277377987,1560293259,11,47511,49,8047,0.7857591407467729,1549806572,9,47218,49,8137,0.36441478067920147,1560287506,3,47554,49,8144,0.7780040031894213,1551899488,5,47235,49,8120
0,1558196396,14,47404,49,8136,0.18143044277377987,1560293259,11,47511,49,8047,0.7857591407467729,1549806572,9,47218,49,8137,0.36441478067920147,1560287506,3,47554,49,8144,0.7780040031894213,1551899488,5,47235,49,8120
0.4538653531675144,1562390123,11,47607,49,8085,0.5023073415424789,1547707358,6,47125,49,8058,1.146208782513042,1556097800,9,47372,49,8110,0.644084377655239,1547704643,3,47164,49,8114,1.1123421852261375,1556094071,5,47381,49,8135
0.4538653531675144,1562390123,11,47607,49,8085,0.5023073415424789,1547707358,6,47125,49,8058,1.146208782513042,1556097800,9,47372,49,8110,0.644084377655239,1547704643,3,47164,49,8114,1.1123421852261375,1556094071,5,47381,49,8135
0.5260783153592781,1547710266,10,47124,49,8097,0.20978548516878506,1560291504,7,47513,49,8088,1.1618139082284302,1556097040,7,47380,49,8130,0.18877857893661293,1558190583,3,47484,49,8162,0.9642468550725362,1553996368,5,47313,49,8134
0.5260783153592781,1547710266,10,47124,49,8097,0.20978548516878506,1560291504,7,47513,49,8088,1.1618139082284302,1556097040,7,47380,49,8130,0.18877857893661293,1558190583,3,47484,49,8162,0.9642468550725362,1553996368,5,47313,49,8134
0.25507661734890336,1560290479,6,47525,49,8155,0.5845153847564902,1549806941,10,47167,49,8123,0.8897939436836504,1551904141,9,47263,49,8093,0.19285877615437763,1558190407,3,47484,49,8101,0.37369648595984656,1545607102,5,47063,49,8151
0.8893831375457526,1551899702,3,47282,49,8061,0.4740545445507842,1547710701,12,47122,49,8050,0.2969995059833411,1560292851,9,47523,49,8114,0.893970858827552,1551899132,3,47274,49,8068,0.6596894581748994,1549802148,5,47188,49,8093
0.6494917281674988,1549807306,11,47178,49,8091,0.872038139343009,1554001438,11,47292,49,8139,1.078994269831825,1554001190,9,47344,49,8130,1.1128534209356102,1553995756,3,47360,49,8098,0.13778258510173716,1558190682,5,47473,49,8138
0.6494917281674988,1549807306,11,47178,49,8091,0.872038139343009,1554001438,11,47292,49,8139,1.078994269831825,1554001190,9,47344,49,8130,1.1128534209356102,1553995756,3,47360,49,8098,0.13778258510173716,1558190682,5,47473,49,8138
0.9162083387278028,1554002519,15,47291,49,8153,0.7357744696159878,1549805528,7,47228,49,8057,0.2913894666948774,1560289014,4,47522,49,8121,0.5397428929108858,1547704408,3,47123,49,8147,0.23620733784588252,1560288121,5,47516,49,8138
0.9162083387278028,1554002519,15,47291,49,8153,0.7357744696159878,1549805528,7,47228,49,8057,0.2913894666948774,1560289014,4,47522,49,8121,0.5397428929108858,1547704408,3,47123,49,8147,0.23620733784588252,1560288121,5,47516,49,8138
1.1710933094251657,1556096204,6,47400,49,8165,0.053427550680045156,1558197012,13,47446,49,8065,0.43377475117870146,1562388764,8,47582,49,8155,0.8304294585729001,1549801465,3,47241,49,8102,1.1591594316886693,1556093198,4,47395,49,8117
1.1710933094251657,1556096204,6,47400,49,8165,0.053427550680045156,1558197012,13,47446,49,8065,0.43377475117870146,1562388764,8,47582,49,8155,0.8304294585729001,1549801465,3,47241,49,8102,1.1591594316886693,1556093198,4,47395,49,8117
1.1350890571507797,1556096176,6,47385,49,8131,0.9594491406179826,1553999623,7,47323,49,8086,1.2469794264696321,1556097186,8,47417,49,8120,1.0010653255839312,1553995755,3,47320,49,8152,0.7086480879226666,1549802419,5,47204,49,8112
0.4768148175457815,1547710968,14,47103,49,8143,0.8020706869652718,1551904144,11,47257,49,8047,0.3157665543014433,1560291650,7,47531,49,8189,0.4675317551270973,1545607362,3,47087,49,8124,0.7354714418904233,1551899111,5,47221,49,8129
0.4430542163291958,1545613462,13,47090,49,8128,0.4447830785583287,1547710528,12,47104,49,8067,0.11085886491062603,1558194673,7,47444,49,8141,0.6281725502270876,1547704672,3,47160,49,8128,0.2988323165152883,1560287669,5,47542,49,8119
0.4430542163291958,1545613462,13,47090,49,8128,0.4447830785583287,1547710528,12,47104,49,8067,0.11085886491062603,1558194673,7,47444,49,8141,0.6281725502270876,1547704672,3,47160,49,8128,0.2988323165152883,1560287669,5,47542,49,8119
1.067874553154923,1556099498,14,47356,49,8187,0.39133716991538997,1562388215,6,47596,49,8078,0.38634746239273066,1562388784,8,47559,49,8131,0.08005203220219025,1558190041,3,47438,49,8137,0.32779892540833383,1562385082,5,47554,49,8080
1.067874553154923,1556099498,14,47356,49,8187,0.39133716991538997,1562388215,6,47596,49,8078,0.38634746239273066,1562388784,8,47559,49,8131,0.08005203220219025,1558190041,3,47438,49,8137,0.32779892540833383,1562385082,5,47554,49,8080
0.8637829144488559,1551899693,3,47272,49,8090,0.8186963236664282,1551904826,12,47262,49,8099,0.49639973639692425,1545611036,7,47094,49,8108,0.24630283867562078,1560287538,3,47512,49,8109,0.836141687482789,1551899617,5,47258,49,8103
0.8637829144488559,1551899693,3,47272,49,8090,0.8186963236664282,1551904826,12,47262,49,8099,0.49639973639692425,1545611036,7,47094,49,8108,0.24630283867562078,1560287538,3,47512,49,8109,0.836141687482789,1551899617,5,47258,49,8103
1.1568135387836187,1556099100,13,47399,49,8146,0.4013340893364894,1562389949,11,47586,49,8111,0.23080551160942048,1560290807,7,47490,49,8097,0.6658088764751853,1547704074,3,47174,49,8172,0.6355168478325582,1549802364,5,47177,49,8148
1.1568135387836187,1556099100,13,47399,49,8146,0.4013340893364894,1562389949,11,47586,49,8111,0.23080551160942048,1560290807,7,47490,49,8097,0.6658088764751853,1547704074,3,47174,49,8172,0.6355168478325582,1549802364,5,47177,49,8148
0.8734712939119643,1551903737,10,47281,49,8091,0.05342755422288706,1558195979,11,47445,49,8042,0.7326199166844238,1549806797,9,47194,49,8145,0.9539450993887089,1551898663,3,47293,49,8070,0.22835366104693006,1560288175,5,47511,49,8113
0.9080479395179967,1554001281,11,47294,49,8169,1.0058574279349108,1553999738,7,47339,49,8098,0.18388788953746538,1558191926,4,47470,49,8117,0.830632086305616,1551898308,3,47246,49,8117,1.0982687748206579,1556093705,5,47366,49,8110
0.9080479395179967,1554001281,11,47294,49,8169,1.0058574279349108,1553999738,7,47339,49,8098,0.18388788953746538,1558191926,4,47470,49,8117,0.830632086305616,1551898308,3,47246,49,8117,1.0982687748206579,1556093705,5,47366,49,8110
0.7021216065969047,1549807117,10,47201,49,8113,0.3465609794877815,1562390104,11,47571,49,8066,0.5527008813513099,1547709457,9,47118,49,8152,1.2359601042327224,1556092571,3,,49,8082,0.43081366266991766,1545607661,5,47086,49,8108
0.7021216065969047,1549807117,10,47201,49,8113,0.3465609794877815,1562390104,11,47571,49,8066,0.5527008813513099,1547709457,9,47118,49,8152,1.2359601042327224,1556092571,3,47416,49,8082,0.43081366266991766,1545607661,5,47086,49,8108
1.0999008378678332,1556099016,11,47373,49,8124,1.027581913031681,1553999632,7,47350,49,8096,0.4206177362730305,1562389219,8,47573,49,8165,0.9066185401518968,1551898782,3,47277,49,8108,0.21978617787664878,1560288267,5,47507,49,8091
1.0999008378678332,1556099016,11,47373,49,8124,1.027581913031681,1553999632,7,47350,49,8096,0.4206177362730305,1562389219,8,47573,49,8165,0.9066185401518968,1551898782,3,47277,49,8108,0.21978617787664878,1560288267,5,47507,49,8091
0.10606299321467265,1558193201,6,47461,49,8124,0.664886883287171,1549805416,6,47202,49,8144,1.2713565195131988,1556098319,10,47424,49,8168,0.5160814467213629,1545606948,3,47106,49,8089,1.0731760183869443,1556093341,4,47364,49,8116
0.10606299321467265,1558193201,6,47461,49,8124,0.664886883287171,1549805416,6,47202,49,8144,1.2713565195131988,1556098319,10,47424,49,8168,0.5160814467213629,1545606948,3,47106,49,8089,1.0731760183869443,1556093341,4,47364,49,8116
0.8934633260295304,1551904590,11,47285,49,8130,0.6416325529068297,1549807414,11,47182,49,8051,0.1970449006917162,1558194876,8,47477,49,8097,0.6172591881788049,1547704584,3,47154,49,8139,1.2134195350009747,1556093083,5,47421,49,8099
0.8934633260295304,1551904590,11,47285,49,8130,0.6416325529068297,1549807414,11,47182,49,8051,0.1970449006917162,1558194876,8,47477,49,8097,0.6172591881788049,1547704584,3,47154,49,8139,1.2134195350009747,1556093083,5,47421,49,8099
0.818497375690158,1551904484,10,47252,49,8088,1.0440011970474576,1553999145,6,47357,49,8062,0.5651440923739165,1547708440,7,47124,49,8168,0.10952796935508279,1558190081,3,47452,49,8157,0.581461193877221,1547704982,5,47145,49,8125
0.13513183976491985,1558195487,10,47472,49,8117,0.37838462512727794,1562387417,5,47587,49,8041,0.41204991939558566,1562390042,10,47569,49,8107,1.029215895172599,1553996396,3,47331,49,8075,0.3082158444725198,1560287521,5,47544,49,8123
0.13513183976491985,1558195487,10,47472,49,8117,0.37838462512727794,1562387417,5,47587,49,8041,0.41204991939558566,1562390042,10,47569,49,8107,1.029215895172599,1553996396,3,47331,49,8075,0.3082158444725198,1560287521,5,47544,49,8123
1.1033694742029077,1556099641,15,47371,49,8133,0.9017204129535072,1551904744,12,47296,49,8058,0.844406174472908,1551903261,8,47239,49,8143,1.131007038028853,1556092617,3,47373,49,8130,0.8615374352904644,1551898615,4,47271,49,8163
0,1556099641,15,47371,49,8133,0,1551904744,12,47296,49,8058,0.844406174472908,1551903261,8,47239,49,8143,1.131007038028853,1556092617,3,47373,49,8130,0.8615374352904644,1551898615,4,47271,49,8163
1.0201408901121252,1554001586,11,47339,49,8117,1.1083604836328629,1556096842,7,47390,49,8056,1.1549807498266393,1556098291,9,47370,49,8042,1.1275402709411144,1553995921,3,47367,49,8067,1.230045180102845,1558190422,4,47426,49,8121
1.0201408901121252,1554001586,11,47339,49,8117,1.1083604836328629,1556096842,7,47390,49,8056,1.1549807498266393,1556098291,9,47370,49,8042,1.1275402709411144,1553995921,3,47367,49,8067,1.230045180102845,1558190422,4,47426,49,8121
0.08036054089263552,1558192897,5,47449,49,8137,0.5711539100807963,1547709834,11,47153,49,8014,0.5003776977691712,1545611398,8,47092,49,8112,1.036355774815941,1553995242,3,47333,49,8130,0.7600529988936633,1551899196,5,47226,49,8120
0.08036054089263552,1558192897,5,47449,49,8137,0.5711539100807963,1547709834,11,47153,49,8014,0.5003776977691712,1545611398,8,47092,49,8112,1.036355774815941,1553995242,3,47333,49,8130,0.7600529988936633,1551899196,5,47226,49,8120
0.8738802404215251,1551902036,6,47277,49,19,0.2854670987572443,1560291130,7,47538,49,8125,0.5428080191992414,1547709514,9,47108,49,8128,0.25191288100227716,1560287460,3,47512,49,8092,0.7297610196424461,1549801750,4,47211,49,8127
0.8738802404215251,1551902036,6,47277,49,19,0.2854670987572443,1560291130,7,47538,49,8125,0.5428080191992414,1547709514,9,47108,49,8128,0.25191288100227716,1560287460,3,47512,49,8092,0.7297610196424461,1549801750,4,47211,49,8127
0.44611389566853393,1547710774,14,47095,49,8082,1.0954079633888942,1556099679,13,47373,49,8051,0.7310900793214617,1549803362,4,47190,49,8152,0.7173160152636601,1549801783,3,47197,49,8107,0.6835572085640902,1549801856,4,47192,49,8173
0.44611389566853393,1547710774,14,47095,49,8082,1.0954079633888942,1556099679,13,47373,49,8051,0.7310900793214617,1549803362,4,47190,49,8152,0.7173160152636601,1549801783,3,47197,49,8107,0.6835572085640902,1549801856,4,47192,49,8173
1.066649552176307,1556097499,9,47363,49,8133,0.9762773899538422,1554000506,8,47333,49,8074,0.31280911820398816,1560288947,4,47523,49,1,0.2300861547137447,1560286989,3,47502,49,8094,0.5135310590113763,1547705092,5,47123,49,8088
1.066649552176307,1556097499,9,47363,49,8133,0.9762773899538422,1554000506,8,47333,49,8074,0.31280911820398816,1560288947,4,47523,49,1,0.2300861547137447,1560286989,3,47502,49,8094,0.5135310590113763,1547705092,5,47123,49,8088
0.988726162377814,1553998898,6,47327,49,8138,1.006366750673099,1554001006,10,47342,49,8074,0.5645325237984701,1547708174,7,47119,49,8137,1.1465099232228586,1556093003,3,47381,49,8081,0.7731096172133556,1551899130,5,47226,49,8121
0.988726162377814,1553998898,6,47327,49,8138,1.006366750673099,1554001006,10,47342,49,8074,0.5645325237984701,1547708174,7,47119,49,8137,1.1465099232228586,1556093003,3,47381,49,8081,0.7731096172133556,1551899130,5,47226,49,8121
0.05424914182180449,1558196025,11,47441,49,8114,1.0759271140891653,1556099483,13,47374,49,8095,1.0712428335585575,1554000074,7,47335,49,8096,0.0710774580455803,1556093047,3,47429,49,8099,1.2362667819342594,1558190887,5,47429,49,8128
0.05424914182180449,1558196025,11,47441,49,8114,1.0759271140891653,1556099483,13,47374,49,8095,1.0712428335585575,1554000074,7,47335,49,8096,0.0710774580455803,1556093047,3,47429,49,8099,1.2362667819342594,1558190887,5,47429,49,8128
0.022529558665536947,1558196794,14,47424,49,8146,0.7751432460355414,1551904174,10,47251,49,8104,0.1407437604771558,1558195337,9,47450,49,8104,0.9674069612916723,1553995771,3,47305,49,8184,0.23661442805060684,1560288456,5,47518,49,8079
0.022529558665536947,1558196794,14,47424,49,8146,0.7751432460355414,1551904174,10,47251,49,8104,0.1407437604771558,1558195337,9,47450,49,8104,0.9674069612916723,1553995771,3,47305,49,8184,0.23661442805060684,1560288456,5,47518,49,8079
1.1437587725191694,1556096165,6,47391,49,8134,0.44876102810528556,1545610680,7,47107,49,8078,0.3746180659712245,1560292460,10,47549,49,8185,0.6452071188518453,1547704762,3,47160,49,8106,0.29607748389389615,1560288023,5,47543,49,8132
1.1437587725191694,1556096165,6,47391,49,8134,0.44876102810528556,1545610680,7,47107,49,8078,0.3746180659712245,1560292460,10,47549,49,8185,0.6452071188518453,1547704762,3,47160,49,8106,0.29607748389389615,1560288023,5,47543,49,8132
0.7621962355233806,1549807365,11,47228,49,8134,0.1591966359945964,1560293027,11,47498,49,8067,0.6332768801758206,1547708895,8,47149,49,8162,1.0976553851855815,1553995858,3,47356,49,8075,0.3306541327742262,1562385253,5,47556,49,8155
0.7621962355233806,1549807365,11,47228,49,8134,0.1591966359945964,1560293027,11,47498,49,8067,0.6332768801758206,1547708895,8,47149,49,8162,1.0976553851855815,1553995858,3,47356,49,8075,0.3306541327742262,1562385253,5,47556,49,8155
0.5895193247313151,1547709658,10,47153,49,3,1.0733767536270886,1556099460,12,47367,49,8147,0.8077903500365449,1549806443,8,47222,49,8158,0.2244779672296673,1560286321,3,47498,49,8081,0.177253610823827,1560287982,5,47492,49,8130
0.5895193247313151,1547709658,10,47153,49,3,1.0733767536270886,1556099460,12,47367,49,8147,0.8077903500365449,1549806443,8,47222,49,8158,0.2244779672296673,1560286321,3,47498,49,8081,0.177253610823827,1560287982,5,47492,49,8130
0.6692792743861078,1549804102,5,47187,49,8189,0.09646943078827142,1558196024,11,47465,49,8092,1.2307627458904367,1556098007,9,47403,49,8170,0.9593506501297877,1551898682,3,47301,49,8120,0.38471208872165574,1545607843,5,47065,49,8130
0.12483003980922977,1558192998,6,47469,49,8116,0.6488746584167017,1549808239,13,47193,49,8071,1.134377147444685,1556097820,9,47364,49,8176,0.9489466142270279,1551898309,3,47299,49,8136,1.0587958906354986,1556093368,5,47352,49,8116
0.12483003980922977,1558192998,6,47469,49,8116,0.6488746584167017,1549808239,13,47193,49,8071,1.134377147444685,1556097820,9,47364,49,8176,0.9489466142270279,1551898309,3,47299,49,8136,1.0587958906354986,1556093368,5,47352,49,8116
0.10432867745964029,1558196669,14,47462,49,8152,1.0170756268656185,1556099407,13,47351,49,8101,0.2782324671606904,1560292613,9,47510,49,37,0.42795665175729347,1545607290,3,47079,49,8043,1.1487553976964846,1556093609,5,47390,49,8142
0.10432867745964029,1558196669,14,47462,49,8152,1.0170756268656185,1556099407,13,47351,49,8101,0.2782324671606904,1560292613,9,47510,49,37,0.42795665175729347,1545607290,3,47079,49,8043,1.1487553976964846,1556093609,5,47390,49,8142
0.19714525703619645,1560293131,11,47496,49,8151,0.8807078554816608,1554002439,13,47296,49,8141,0.7046738153476994,1549806686,9,47177,49,8138,1.2069934829594267,1556092627,3,47409,49,8124,1.2514629468323037,1558191008,5,47439,49,8089
0.5452524608939736,1547706949,5,47139,49,8133,0.8260388091860084,1551902505,7,47272,49,8062,0.4729409316965145,1562386086,4,47593,49,8094,1.1691526744890743,1556093488,3,47396,49,8146,0.5478010000900316,1547705339,5,47138,49,8144
0.5452524608939736,1547706949,5,47139,49,8133,0.8260388091860084,1551902505,7,47272,49,8062,0.4729409316965145,1562386086,4,47593,49,8094,1.1691526744890743,1556093488,3,47396,49,8146,0.5478010000900316,1547705339,5,47138,49,8144
0.24579532566534434,1560288701,4,47523,49,8102,1.1438553995449399,1556097225,7,47397,49,8049,0.5067015345255625,1545611680,8,47094,49,8144,0.3720639737492551,1545607185,3,47051,49,8104,0.28363428264768376,1562384806,5,47536,49,8182
0.24579532566534434,1560288701,4,47523,49,8102,1.1438553995449399,1556097225,7,47397,49,8049,0.5067015345255625,1545611680,8,47094,49,8144,0.3720639737492551,1545607185,3,47051,49,8104,0.28363428264768376,1562384806,5,47536,49,8182
1.1332524917589153,1556096093,6,47390,49,8183,0.24007932212233943,1560290914,6,47530,49,8102,0.9568039934229766,1551903597,9,47289,49,8141,0.7732100377657171,1549801749,3,47222,49,8100,1.1345778742514638,1556093308,5,47385,49,8119
1.1332524917589153,1556096093,6,47390,49,8183,0.24007932212233943,1560290914,6,47530,49,8102,0.9568039934229766,1551903597,9,47289,49,8141,0.7732100377657171,1549801749,3,47222,49,8100,1.1345778742514638,1556093308,5,47385,49,8119
0.2029579085667023,1560293076,10,47503,49,8106,0.7589265554072151,1551904856,12,47243,49,8153,0.6827448475273302,1547708965,8,47168,49,8143,0.3643125311229852,1543510224,4,47047,49,8117,1.2250467006984382,1558190164,4,47426,49,8078
0.2029579085667023,1560293076,10,47503,49,8106,0.7589265554072151,1551904856,12,47243,49,8153,0.6827448475273302,1547708965,8,47168,49,8143,0.3643125311229852,1543510224,4,47047,49,8117,1.2250467006984382,1558190164,4,47426,49,8078
1.1626280584069282,1556095504,5,47398,49,8062,1.1485471601562718,1556096355,6,47399,49,8078,0.8513415830714197,1551903403,8,47243,49,8180,0.9561887302375714,1551898276,3,47300,49,8118,0.7415908177121435,1551899247,5,47222,49,8137
1.1626280584069282,1556095504,5,47398,49,8062,1.1485471601562718,1556096355,6,47399,49,8078,0.8513415830714197,1551903403,8,47243,49,8180,0.9561887302375714,1551898276,3,47300,49,8118,0.7415908177121435,1551899247,5,47222,49,8137
0.27262053174136724,1560293883,14,47532,49,8151,1.0656253093391987,1553998273,6,47364,49,8093,0.7380254891900803,1549806762,9,47194,49,8155,0.9417044896383222,1551898518,3,47301,49,8066,1.0475758117102254,1553996426,5,47350,49,8142
0.27262053174136724,1560293883,14,47532,49,8151,1.0656253093391987,1553998273,6,47364,49,8093,0,1558194207,8,47488,49,8105,0.9417044896383222,1551898518,3,47301,49,8066,1.0475758117102254,1553996426,5,47350,49,8142
0.6735620988354105,1549804837,6,47193,49,8102,0.5721744083763549,1549807642,12,47162,49,8146,0.38624523324851795,1562387989,7,47555,49,8164,0.6389836608875412,1547704073,3,47173,49,8097,0.9429294513409956,1553996582,5,47307,49,8155
0.6735620988354105,1549804837,6,47193,49,8102,0.5721744083763549,1549807642,12,47162,49,8146,0.38624523324851795,1562387989,7,47555,49,8164,0.6389836608875412,1547704073,3,47173,49,8097,0.9429294513409956,1553996582,5,47307,49,8155
0.5979845767036129,1549807858,14,47158,49,8089,0.16011491186146934,1560293662,12,47490,49,8063,0.8521576216077944,1551902922,7,47243,49,11,1.1761903075304598,1556093353,3,47402,49,8044,0.46528806268428313,1547704467,5,47102,49,8090
0.5979845767036129,1549807858,14,47158,49,8089,0.16011491186146934,1560293662,12,47490,49,8063,0.8521576216077944,1551902922,7,47243,49,11,1.1761903075304598,1556093353,3,47402,49,8044,0.46528806268428313,1547704467,5,47102,49,8090
0.3898127564592782,1562387731,6,47583,49,8110,0.6414280705116687,1549805636,7,47195,49,8126,0.9945425615286145,1554000720,9,47303,49,8162,0.3291243129891056,1543510092,3,47035,49,8139,0.965674456336444,1553995748,5,47316,49,8113
0.3898127564592782,1562387731,6,47583,49,8110,0.6414280705116687,1549805636,7,47195,49,8126,0.9945425615286145,1554000720,9,47303,49,8162,0.3291243129891056,1543510092,3,47035,49,8139,0.965674456336444,1553995748,5,47316,49,8113
0.5815634108216361,1547706648,5,47151,49,8118,0.5554483813352795,1547708805,7,47150,49,8106,0.2205037169142846,1558194321,8,47484,49,8105,1.0426795927897143,1553996094,3,47343,49,8100,0.740572144701152,1549802071,5,47219,49,8090
0.5815634108216361,1547706648,5,47151,49,8118,0.5554483813352795,1547708805,7,47150,49,8106,0.2205037169142846,1558194321,8,47484,49,8105,1.0426795927897143,1553996094,3,47343,49,8100,0.740572144701152,1549802071,5,47219,49,8090
0.0731184249026941,1558196294,14,47448,49,8174,0.649893316276201,1549805548,7,47200,49,8075,0.12738227735853552,1558195585,9,47445,49,8080,0.9872967354500557,1553995397,3,47318,49,8098,0.9372171756266624,1553996919,5,47307,49,8041
0.0731184249026941,1558196294,14,47448,49,8174,0.649893316276201,1549805548,7,47200,49,8075,0.12738227735853552,1558195585,9,47445,49,8080,0.9872967354500557,1553995397,3,47318,49,8098,0.9372171756266624,1553996919,5,47307,49,8041
0.32025194898474685,1560292795,10,47553,49,8107,0.5700329880618952,1547708440,7,47162,49,8087,0.6428648689017651,1547708319,7,47151,49,8187,0.6798841380416475,1549801716,3,47188,49,8055,0.7280267024969196,1549802468,5,47214,49,8101
0.32025194898474685,1560292795,10,47553,49,8107,0.5700329880618952,1547708440,7,47162,49,8087,0.6428648689017651,1547708319,7,47151,49,8187,0.6798841380416475,,3,47188,49,8055,0.7280267024969196,1549802468,5,47214,49,8101
0.8972368117851626,1551901603,6,47288,49,8114,1.026868093056454,1553999842,7,47347,49,8058,0.2182600722553275,1558195117,9,47482,49,8184,0.5318891933866545,1547704630,3,47127,49,8130,0.7879990905217883,1551899208,5,47242,49,8073
0.5666720877726196,1547709770,9,47145,49,8090,0.1351262582783742,1560292495,10,47490,49,8118,0.23213088561849501,1560290891,7,47490,49,8142,0.514040419748046,1547704262,3,47118,49,8088,1.0744010081758517,1556094127,5,47362,49,8042
0.5666720877726196,1547709770,9,47145,49,8090,0.1351262582783742,1560292495,10,47490,49,8118,0.23213088561849501,1560290891,7,47490,49,8142,0.514040419748046,1547704262,3,47118,49,8088,1.0744010081758517,1556094127,5,47362,49,8042
1.0628760691836283,1556098359,10,47360,49,8165,0.039556728652314736,1558196976,13,47451,49,8075,1.1463110294482965,1556097822,,47366,49,8133,0.16634026846581856,1558190814,3,47479,49,8158,0.9947433020224931,,5,47327,49,8109
1.0628760691836283,1556098359,10,47360,49,8165,0.039556728652314736,1558196976,13,47451,49,8075,1.1463110294482965,1556097822,9,47366,49,8133,0.16634026846581856,1558190814,3,47479,49,8158,0.9947433020224931,1553996629,5,47327,49,8109
0.9606778303310303,1554000830,9,47314,49,8121,0.14032734060281246,1560293736,12,47495,49,8090,0.3948127195779605,1562389540,9,47558,49,8180,0.8138038043971297,1551898125,3,47243,49,8174,0.6987552300025844,1549802223,5,47197,49,5
0.9606778303310303,1554000830,9,47314,49,8121,0.14032734060281246,1560293736,12,47495,49,8090,0.3948127195779605,1562389540,9,47558,49,8180,0.8138038043971297,1551898125,3,47243,49,8174,0.6987552300025844,1549802223,5,47197,49,5
1.1592616589857736,1556099484,14,47399,49,8122,0.30219307728874323,1562390737,12,47564,49,8053,0.9773053571453031,1551903830,9,47295,49,8124,0.2339618533647601,1560287234,3,47512,49,8090,0.43907626277875483,1545607843,5,47088,49,8116
0.2256006769274926,1560289560,5,47513,49,8125,0.5636069154845321,1549807947,13,47161,49,8137,1.139884950930728,1556097954,9,47365,49,8095,0.9376261506052089,1551898890,3,47293,49,8069,0.2822085414860184,1560288319,5,47530,49,8089
0.2256006769274926,1560289560,5,47513,49,8125,0.5636069154845321,1549807947,13,47161,49,8137,1.139884950930728,1556097954,9,47365,49,8095,0.9376261506052089,1551898890,3,47293,49,8069,0.2822085414860184,1560288319,5,47530,49,8089
0.4418292427912042,1562386850,5,47609,49,8158,0.9230359240930962,1554002487,13,47309,49,8043,0.23855696469149992,1558194110,8,47490,49,8125,0.36992068573304165,1545606777,3,47059,49,8136,0.08658215342132525,1558190321,5,47448,49,8116
0.4418292427912042,1562386850,5,47609,49,8158,0.9230359240930962,1554002487,13,47309,49,8043,0.23855696469149992,1558194110,8,47490,49,8125,0.36992068573304165,1545606777,3,47059,49,8136,0.08658215342132525,1558190321,5,47448,49,8116
0.05975694255560776,1558195915,11,47443,49,8084,0.4454968625345581,1545613277,12,47103,49,8060,0.12105843939567558,1558195670,9,47442,49,8096,0.353194680930382,1543509717,3,47047,49,8095,0.5661609307732446,1547705198,5,47146,49,8082
0.05975694255560776,1558195915,11,47443,49,8084,0.4454968625345581,1545613277,12,47103,49,8060,0.12105843939567558,1558195670,9,47442,49,8096,0.353194680930382,1543509717,3,47047,49,8095,0.5661609307732446,1547705198,5,47146,49,8082
0.2841454579132565,1560292178,9,47539,49,8138,1.0116700523426787,1554000190,7,47344,49,8042,0.5855432235043695,1547710166,10,47128,49,8169,1.0291136339503957,1553996312,3,47340,49,8071,0.3793065111925255,1545607960,5,47066,49,8091
0.2841454579132565,1560292178,9,47539,49,8138,1.0116700523426787,1554000190,7,47344,49,8042,0.5855432235043695,1547710166,10,47128,49,8169,1.0291136339503957,1553996312,3,47340,49,8071,0.3793065111925255,1545607960,5,47066,49,8091
1.1428404933830738,1556096425,6,47392,49,8130,0.5846176028115334,1549807702,12,47171,49,8069,0.6207314391008606,1547709657,9,47143,49,8142,1.0277882695980938,1553996183,3,47337,49,8152,0.7677022007535682,1551898669,5,47234,49,8110
1.1428404933830738,1556096425,6,47392,49,8130,0.5846176028115334,1549807702,12,47171,49,8069,0.6207314391008606,1547709657,9,47143,49,8142,1.0277882695980938,1553996183,3,47337,49,8152,0.7677022007535682,1551898669,5,47234,49,8110
0.7170129303043883,1549808357,15,47207,49,8075,0.1756177840665816,1560292837,11,47501,49,8053,0.892037601063211,1551903512,8,47259,49,0,1.05451123415802,1553995889,3,47347,49,8115,1.0637924876529008,1556093734,5,47363,49,8191
0.7170129303043883,1549808357,15,47207,49,8075,0.1756177840665816,1560292837,11,47501,49,8053,0.892037601063211,1551903512,8,47259,49,0,1.05451123415802,1553995889,3,47347,49,8115,1.0637924876529008,1556093734,5,47363,49,8191
0.7042630183948443,1549804217,5,47204,49,8139,0.2606810324913815,1562390666,12,47547,49,8115,0.12269051711426525,1558194027,7,47442,49,8097,0.5288295080926769,1547704256,3,47125,49,8125,0.5316865248701227,1549801690,5,47132,49,8183
0.7042630183948443,1549804217,5,47204,49,8139,0.2606810324913815,1562390666,12,47547,49,8115,0.12269051711426525,1558194027,7,47442,49,8097,0.5288295080926769,1547704256,3,47125,49,8125,0.5316865248701227,1549801690,5,47132,49,8183
0.5830932535987409,1547710291,11,47152,49,8144,0.2993378796745825,1562390349,12,47560,49,8106,0.527100657849436,1545611396,8,47102,49,8080,1.0412519900049007,1553996135,3,47341,49,8141,1.218724728698724,1558190891,5,47420,49,8133
0.8636806781371809,,,,,,0.9553689251981995,1554000148,7,47328,49,8089,1.2332108652297222,1556098883,10,47403,49,8128,0.6857990341285793,1549801953,3,47195,49,8050,1.0378874304271979,1556093223,5,47345,49,8115
0.8636806781371809,1551901441,5,47273,49,8124,0.9553689251981995,1554000148,7,47328,49,8089,1.2332108652297222,1556098883,10,47403,49,8128,0.6857990341285793,1549801953,3,47195,49,8050,1.0378874304271979,1556093223,5,47345,49,8115
0.5727914588893593,1547707540,6,47149,49,8171,1.173535792883056,1556099019,11,47413,49,8088,0.5340360699703166,1545611734,9,47106,49,8135,1.1186660481749617,1556092882,3,47375,49,8072,0.5215891972336009,1547704821,5,47127,49,8129
0.5594299788276802,1547709682,10,47144,49,8085,0.1284956999382179,1560293841,13,47491,49,8098,0.9936242864950035,1554000860,9,47304,49,8083,0.29689354267875206,1560287628,3,47536,49,8062,1.2132150462613562,1558190378,5,47426,49,8184
0.8632717319120946,1554001959,13,47277,49,8140,0.8103314349490949,1551902748,7,47270,49,8127,0.586257027381186,1547708855,8,47130,49,8099,1.0036156593064125,1553996170,3,47327,49,8141,1.134680103223206,1556093847,5,47388,49,8113
0.8632717319120946,1554001959,13,47277,49,8140,0.8103314349490949,1551902748,7,47270,49,8127,0.586257027381186,1547708855,8,47130,49,8099,1.0036156593064125,1553996170,3,47327,49,8141,1.134680103223206,1556093847,5,47388,49,8113
0.6862097757523247,1549804470,6,47197,49,8135,0.6167461236831896,1549807205,11,47184,49,8113,0.9914828773926176,1554000803,9,47301,49,8118,1.0921475601233663,1553995735,3,47363,49,8133,0.4367303819783692,1545607577,5,47087,49,8085
1.088782996266638,1556096065,6,47370,49,8124,0.41897837499230006,1562388509,7,47603,49,8070,0.7090588786688042,1549807257,10,47182,49,8114,0.6985489453055506,1549800918,3,47198,49,8140,0.3924635262667123,1545607919,5,47073,49,8128
1.088782996266638,1556096065,6,47370,49,8124,0.41897837499230006,1562388509,7,47603,49,8070,0.7090588786688042,1549807257,10,47182,49,8114,0.6985489453055506,1549800918,3,47198,49,8140,0.3924635262667123,1545607919,5,47073,49,8128
0.3294309932124218,1562391376,15,47559,49,8060,0.10636227027967232,1558196123,12,47481,49,8088,0.5326084574075548,1545612092,9,47104,49,8137,0.49109277350353536,1545607281,3,47104,49,8131,0.46396268177371003,1547705029,5,47100,49,8118
0.14992092691660588,1558193144,6,47479,49,8078,0.09830598444262975,1558195948,11,47464,49,8057,1.0123913346216276,1554001384,10,47312,49,8164,0.7204779091324637,1549801985,4,47207,49,8115,0.9601666529260093,1553996328,5,47315,49,8180
1.1781309449082316,1556096142,6,47406,49,8095,0.11982599023075834,1560292692,10,47485,49,8093,0.6621412580330698,1547709308,9,47162,49,8094,1.119482088044608,1556092620,3,47375,49,8121,0.3143351996925086,1560287236,5,47551,49,8126
1.1781309449082316,1556096142,6,47406,49,8095,0.11982599023075834,1560292692,10,47485,49,8093,0.6621412580330698,1547709308,9,47162,49,8094,1.119482088044608,1556092620,3,47375,49,8121,0.3143351996925086,1560287236,5,47551,49,8126
1.13733268939848,1556095875,6,47391,49,8082,0.6502000247931954,1549808419,13,47197,49,8096,0.3666621431749568,1560291610,8,47548,49,8184,1.0915359975044592,1553996109,3,47361,49,8112,0.15134667754071138,1560287475,4,47485,49,8144
1.13733268939848,556095875,6,47391,49,8082,0,1549808419,13,47197,49,8096,0.3666621431749568,1560291610,8,47548,49,8184,1.0915359975044592,1553996109,3,47361,49,8112,0.15134667754071138,1560287475,4,47485,49,8144
1.1153033534585521,1556099216,11,47375,49,8065,1.2095400481035874,1558196812,13,47433,49,8078,0.13503148599299497,1558194393,8,47451,49,8179,0.9183479153882875,1551898821,3,47292,49,8133,0.18061999952865546,1560288122,5,47494,49,8094
1.1153033534585521,1556099216,11,47375,49,8065,1.2095400481035874,1558196812,13,47433,49,8078,0.13503148599299497,1558194393,8,47451,49,8179,0.9183479153882875,1551898821,3,47292,49,8133,0.18061999952865546,1560288122,5,47494,49,8094
0.757300001028658,1549806056,9,47229,49,8102,1.1406934788651708,1556097151,7,47404,49,8129,0.807178777652159,1549806621,9,47221,49,8168,0.3030129027453178,1560287710,3,47541,49,8075,1.036357594163325,1553996563,5,47342,49,8112
0.757300001028658,1549806056,9,47229,49,8102,1.1406934788651708,1556097151,7,47404,49,8129,0,1551903547,9,47277,49,8118,0.3030129027453178,1560287710,3,47541,49,8075,1.036357594163325,1553996563,5,47342,49,8112
0.27486417135765173,1560293055,10,47535,49,8118,1.1020366319862032,1556097167,7,47391,49,8036,0.1876613800755057,1558194906,8,47471,49,8143,0.951701429853899,1551898733,3,47301,49,8126,0.7669884029060632,1549802045,5,47231,49,8124
0.27486417135765173,1560293055,10,47535,49,8118,1.1020366319862032,1556097167,7,47391,49,8036,0.1876613800755057,1558194906,8,47471,49,8143,0.951701429853899,1551898733,3,47301,49,8126,0.7669884029060632,1549802045,5,47231,49,8124
0.7972822102134847,1551900798,5,47245,49,8162,1.0677667092594683,1556099395,12,47375,49,8071,1.2837997295415091,1558194338,8,47428,49,8141,1.1890424644465647,1556093180,3,47406,49,8114,0.16521935472437638,1560287817,5,47483,49,8100
0.7972822102134847,1551900798,5,47245,49,8162,1.0677667092594683,1556099395,12,47375,49,8071,1.2837997295415091,1558194338,8,47428,49,8141,1.1890424644465647,1556093180,3,47406,49,8114,0.16521935472437638,1560287817,5,47483,49,8100
0.1450246878636384,1558194765,9,47480,49,8143,0.8667348090133891,1551902269,7,47290,49,8136,0.6756049698515224,1547708906,8,47167,49,8131,0.13849454624599944,1558190889,4,47474,49,8124,0.699673504976924,1549802307,5,47195,49,8139
0.1450246878636384,1558194765,9,47480,49,8143,0.8667348090133891,1551902269,7,47290,49,8136,0.6756049698515224,1547708906,8,47167,49,8131,0.13849454624599944,1558190889,4,47474,49,8124,0.699673504976924,1549802307,5,47195,49,8139
0.4059272240222043,1562389481,9,47594,49,8141,0.25313408356291944,1560290739,6,47538,49,8101,0.12738227549136275,1558195174,8,47446,49,8128,1.050533268723185,1553996277,3,47348,49,8097,0.8215552250870273,1551899703,5,47256,49,8140
0.4059272240222043,1562389481,9,47594,49,8141,0.25313408356291944,1560290739,6,47538,49,8101,0.12738227549136275,1558195174,8,47446,49,8128,1.050533268723185,1553996277,3,47348,49,8097,0.8215552250870273,1551899703,5,47256,49,8140
0.6604050844984239,1549804805,6,47187,49,8111,0.26955523199397674,1560290925,7,47549,49,8096,0.5371979866221985,1547709374,9,47108,49,8102,0.6733558249752892,1549801656,3,47190,49,8134,0.8949913271084785,1551899089,5,47288,49,8078
0.6616282234365003,1549804343,6,47191,49,8102,1.1969945924766798,1556098258,11,47424,49,8093,0.696004094356339,1549806533,9,47175,49,8107,1.1121377261772945,1556092491,3,47376,49,8117,0.6066543090745912,1547704929,5,47155,49,8124
0.6616282234365003,1549804343,6,47191,49,8102,1.1969945924766798,1556098258,11,47424,49,8093,0.696004094356339,1549806533,9,47175,49,8107,1.1121377261772945,1556092491,3,47376,49,8117,0.6066543090745912,1547704929,5,47155,49,8124
0.6846799310289559,1549804777,6,47197,49,8047,0.42632088094731374,1547710487,11,47108,49,8066,0.802282547722429,1549806423,9,47221,49,8137,0.5122056973636607,1545606968,3,47114,49,8079,0.15828394995998543,1558190866,5,47479,49,8167
0.6846799310289559,1549804777,6,47197,49,8047,0.42632088094731374,1547710487,11,47108,49,8066,0.802282547722429,1549806423,9,47221,49,8137,0.5122056973636607,1545606968,3,47114,49,8079,0.15828394995998543,1558190866,5,47479,49,8167
0.7801472388841775,1551904380,10,47238,49,8166,0.3194302760288576,1562387289,6,47564,49,8077,1.1471270652598966,1556097775,9,47368,49,8120,1.149569575619728,1556093254,3,47393,49,8111,1.2122967709382866,1558191002,5,47425,49,8090
0.7801472388841775,1551904380,10,47238,49,8166,0.3194302760288576,1562387289,6,47564,49,8077,1.1471270652598966,1556097775,9,47368,49,8120,1.149569575619728,1556093254,3,47393,49,8111,1.2122967709382866,1558191002,5,47425,49,8090
0,1556099783,15,47405,49,8145,0.9625088018642595,1554001296,11,47331,49,8090,0.2547736548639725,1560291175,7,47501,49,4,0.4982308190882981,1547704296,3,47116,49,8084,0.9750579817083681,1553996384,4,47319,49,8124
0,1556099783,15,47405,49,8145,0.9625088018642595,1554001296,11,47331,49,8090,0.2547736548639725,1560291175,7,47501,49,4,0.4982308190882981,1547704296,3,47116,49,8084,0.9750579817083681,1553996384,4,47319,49,8124
0.8031989505182691,1551904861,11,47244,49,8155,1.1346763465134757,1556096868,6,47395,49,8102,0.422963288512273,1562389667,9,47572,49,8170,0.23161596423391387,1560287605,3,47514,49,8120,1.002903699052915,1553996509,5,47326,49,8090
0.8031989505182691,1551904861,11,47244,49,8155,1.1346763465134757,1556096868,6,47395,49,8102,0.422963288512273,1562389667,9,47572,49,8170,0.23161596423391387,1560287605,3,47514,49,8120,1.002903699052915,1553996509,5,47326,49,8090
0.966797191039921,1554001684,11,47320,49,8067,0.4060239972462045,1547709724,10,47099,49,8084,0.2505930763970859,1560291728,8,47494,49,8082,0.407966442782799,1545606643,3,47073,49,8162,0.28893947280491006,1560287862,5,47534,49,8135
0.966797191039921,1554001684,11,47320,49,8067,0.4060239972462045,1547709724,10,47099,49,8084,0.2505930763970859,1560291728,8,47494,49,8082,0.407966442782799,1545606643,3,47073,49,8162,0.28893947280491006,1560287862,5,47534,49,8135
1.0895990312886494,1556098755,13,47372,49,8137,1.0925508560305504,1556097193,7,47392,49,8139,1.2306605056418713,1556097854,8,47405,49,8156,0.5057796252769818,1545606386,3,47114,49,8100,0.6133834178333517,1547704853,5,47169,49,8099
1.0895990312886494,1556098755,13,47372,49,8137,1.0925508560305504,1556097193,7,47392,49,8139,1.2306605056418713,1556097854,8,47405,49,8156,0.5057796252769818,1545606386,3,47114,49,8100,0.6133834178333517,1547704853,5,47169,49,8099
0.6632602978504327,1549807395,10,47192,49,8142,1.0654208150936788,1556099323,12,47378,49,8120,0.5855432197062022,1547708378,7,47130,49,8157,0.12462373553982382,1558190590,3,47467,49,8085,0.4382602300180223,1545607965,5,47086,49,8103
0.6632602978504327,1549807395,10,47192,49,8142,1.0654208150936788,1556099323,12,47378,49,8120,0.5855432197062022,1547708378,7,47130,49,8157,0.12462373553982382,1558190590,3,47467,49,8085,0.4382602300180223,1545607965,5,47086,49,8103
0.23100623499892906,1560289881,5,47518,49,8096,0.05210216614206298,1558196306,12,47457,49,8080,0.9344679265190459,1551900555,4,47277,49,8180,0.935075788384025,1551898788,3,47297,49,8118,0.1880647333050522,1560287733,5,47499,49,8071
0.23100623499892906,1560289881,5,47518,49,8096,0.05210216614206298,1558196306,12,47457,49,8080,0.9344679265190459,1551900555,4,47277,49,8180,0.935075788384025,1551898788,3,47297,49,8118,0.1880647333050522,1560287733,5,47499,49,8071
1.058082064043615,1556099606,15,47361,49,8125,0.39674271374386355,1562388476,7,47597,49,8078,0.8640914941291619,1551903869,9,47247,49,8092,0.5077183982178064,1545607034,3,47111,49,8092,1.209850531242417,1556093616,5,47417,49,8086
1.058082064043615,1556099606,15,47361,49,8125,0.39674271374386355,1562388476,7,47597,49,8078,0.8640914941291619,1551903869,9,47247,49,8092,0.5077183982178064,1545607034,3,47111,49,8092,1.209850531242417,1556093616,5,47417,49,8086
0.7480187107243262,1549804264,6,47225,49,8097,0.7169051738118798,1549807769,12,47218,49,8069,0.4966042019067566,1545611204,7,47090,49,8189,1.205463626163323,1556093209,3,47414,49,8107,0.8566430500030906,1551899319,5,47264,49,8098
0.7480187107243262,1549804264,6,47225,49,8097,0.7169051738118798,1549807769,12,47218,49,8069,0.4966042019067566,1545611204,7,47090,49,8189,1.205463626163323,1556093209,3,47414,49,8107,0.8566430500030906,1551899319,5,47264,49,8098
0.46651301276300394,1547711176,15,47105,49,8127,1.1202943456010075,1556096267,6,47399,49,8116,1.0196334483058596,1554001295,9,47314,49,8190,0.6675431573324222,1549801075,3,47184,49,8109,0.5567774130295734,1547705302,5,47140,49,8099
0.46651301276300394,1547711176,15,47105,49,8127,1.1202943456010075,1556096267,6,47399,49,8116,1.0196334483058596,1554001295,9,47314,49,8190,0.6675431573324222,1549801075,3,47184,49,8109,0.5567774130295734,1547705302,5,47140,49,8099
0.7953452690242571,1551904801,11,47241,49,8121,0.5707467914883035,1547708164,7,47163,49,8083,0.8495068702899182,1551904318,10,47239,49,8140,0.5740128010459249,1547703964,3,47149,49,8085,0.693145197998588,1549802069,5,47195,49,8134
0.7953452690242571,1551904801,11,47241,49,8121,0.5707467914883035,1547708164,7,47163,49,8083,0.8495068702899182,,,,,8140,0.5740128010459249,1547703964,3,47149,49,8085,0.693145197998588,1549802069,5,47195,49,8134
0.8880577571701177,1554002453,15,47284,49,8130,0.28566967453664327,1562390703,12,47558,49,8116,0.4237796562738084,1562389840,9,47573,49,8082,0.5624878657613838,1547704715,3,47142,49,8119,0.7335345050768068,1549802029,5,47215,49,8085
0.05424913697034648,1558196017,11,47443,49,8158,0.9759725255447719,1553999725,7,47334,49,8136,0.557597108382121,1547709414,9,47117,49,8155,0.3580909135450981,1545607001,3,47050,49,8085,0.8053385352772724,1551899639,5,47246,49,8130
0.05424913697034648,1558196017,11,47443,49,8158,0.9759725255447719,1553999725,7,47334,49,8136,0.557597108382121,1547709414,9,47117,49,8155,0.3580909135450981,1545607001,3,47050,49,8085,0.8053385352772724,1551899639,5,47246,49,8130
0.06648786889636063,1558193358,6,47451,49,8149,1.1034642201791054,1556096984,7,47388,49,8066,0.4919124379281408,1545609309,4,47089,49,8165,0.8755104960075075,1551898937,3,47273,49,8078,0.3565610600839041,1545608088,5,47054,49,8106
0.06648786889636063,1558193358,6,47451,49,8149,1.1034642201791054,1556096984,7,47388,49,8066,0.4919124379281408,1545609309,4,47089,49,8165,0.8755104960075075,1551898937,3,47273,49,8078,0.3565610600839041,1545608088,5,47054,49,8106
0.8590911481402718,1551901876,6,47272,49,8133,0.25660083067839357,1562390611,12,47547,49,8119,1.233313099896554,1556098377,9,47404,49,33,0.05567677647027934,1556092846,3,47431,49,8105,0.9233463718545265,1553996098,5,47297,49,8118
0.8590911481402718,1551901876,6,47272,49,8133,0.25660083067839357,1562390611,12,47547,49,8119,1.233313099896554,1556098377,9,47404,49,33,0.05567677647027934,1556092846,3,47431,49,8105,0.9233463718545265,1553996098,5,47297,49,8118
0.08331798261650881,1558195672,10,47454,49,8150,0.9231381630633982,1554001806,11,47316,49,8071,0.3074035503140679,1560292110,8,47522,49,8109,0.8181888495201974,1551898585,3,47251,49,8179,0.7512828859207747,1549802164,5,47216,49,8155
0.08331798261650881,1558195672,10,47454,49,8150,0.9231381630633982,1554001806,11,47316,49,8071,0.3074035503140679,1560292110,8,47522,49,8109,0.8181888495201974,1551898585,3,47251,49,8179,0.7512828859207747,1549802164,5,47216,49,8155
1.1044903559109887,1556099221,11,47378,49,8127,0.12053977989216687,1560293733,12,47489,49,8115,1.0398281003206475,1554000893,9,47325,49,8131,1.033500538541796,1553995401,3,47340,49,8118,1.1127511444722036,1556093073,5,47376,49,8087
1.1044903559109887,1556099221,11,47378,49,8127,0.12053977989216687,1560293733,12,47489,49,8115,1.0398281003206475,1554000893,9,47325,49,8131,1.033500538541796,1553995401,3,47340,49,8118,1.1127511444722036,1556093073,5,47376,49,8087
0.4100074094488644,1562387353,6,47595,49,8118,0.7909528258658478,1551902672,7,47261,49,8037,0.18460169426578948,1558194979,8,47470,49,8133,0.5192415107224655,1547703946,3,47126,49,8071,0.8780626876514023,1551899178,5,47269,49,8135
0.29373345450029104,1562390435,13,47543,49,8135,1.158235501461292,1558196284,12,47420,49,8135,1.1907805260667645,1556097006,7,47389,49,8129,0.6868195367633757,1549801544,3,47195,49,8147,1.2486077449720256,1558190950,5,47436,49,8139
0.29373345450029104,1562390435,13,47543,49,8135,1.158235501461292,1558196284,12,47420,49,8135,1.1907805260667645,1556097006,7,47389,49,8129,0.6868195367633757,1549801544,3,47195,49,8147,1.2486077449720256,1558190950,5,47436,49,8139
0.824514502648403,1551900896,5,47259,49,8151,0.6853882146243743,1549805687,7,47216,49,8130,0.34024588565272523,1560292479,9,47536,49,8134,0.16817681471091953,1558190349,3,47480,49,8104,0.9186546105090944,1553996131,5,47295,49,8082
0.824514502648403,1551900896,5,47259,49,8151,0.6853882146243743,1549805687,7,47216,49,8130,0.34024588565272523,1560292479,9,47536,49,8134,0.16817681471091953,1558190349,3,47480,49,8104,0.9186546105090944,1553996131,5,47295,49,8082
1.1451863694277706,1556096206,6,47395,49,8108,0.3915416124720895,1562391001,13,47593,49,8074,0.1900072593119307,1558195412,9,47473,49,8091,0.7716801799708036,1549801715,3,47227,49,8110,0.3501349785534663,1562385163,5,47565,49,8101
1.1451863694277706,1556096206,6,47395,49,8108,0.3915416124720895,1562391001,13,47593,49,8074,0.1900072593119307,1558195412,9,47473,49,8091,0.7716801799708036,1549801715,3,47227,49,8110,0.3501349785534663,1562385163,5,47565,49,8101
1.1605870156908393,1556095494,5,47404,49,8167,0.9036573166102213,1554002426,13,47308,49,8084,1.0039260819533464,1554000336,8,47309,49,8139,0.8093165116764081,1549801523,4,47240,49,8080,0.6302135218855187,1549801887,5,47171,49,8151
1.1605870156908393,1556095494,5,47404,49,8167,0.9036573166102213,1554002426,13,47308,49,8084,1.0039260819533464,1554000336,8,47309,49,8139,0.8093165116764081,1549801523,4,47240,49,8080,0.6302135218855187,1549801887,5,47171,49,8151
0.010902385852683322,1556096181,6,47420,49,8163,0.21549774513746703,1560291247,7,47527,49,8137,0.142273598921198,1558195628,9,47453,49,8130,0.7898356626704705,1549801106,3,47231,49,8141,0.8278790670168659,1551899449,5,47257,49,8168
0.010902385852683322,1556096181,6,47420,49,8163,0.21549774513746703,1560291247,7,47527,49,8137,0.142273598921198,1558195628,9,47453,49,8130,0.7898356626704705,1549801106,3,47231,49,8141,0.8278790670168659,1551899449,5,47257,49,8168
0.0928037428840798,1558196087,13,47457,49,8141,0.7239428113615939,1549806899,11,47230,49,8107,0.6788691196652618,1547708738,8,47168,49,8188,0.7147656390789168,1549801276,3,47207,49,8153,0.9702639853088482,1553996532,5,47317,49,8110
0.26925412846660896,1560290186,6,47535,49,8160,1.2037255079171214,1558196460,12,47438,49,8058,1.2870638877169203,1558194844,9,47429,49,8131,0.5971667432312006,1547704422,3,47152,49,8124,1.0284016768370683,1553996489,5,47339,49,8109
0.26925412846660896,1560290186,6,47535,49,8160,1.2037255079171214,1558196460,12,47438,49,8058,1.2870638877169203,1558194844,9,47429,49,8131,0.5971667432312006,1547704422,3,47152,49,8124,1.0284016768370683,1553996489,5,47339,49,8109
0.4923177017427918,1547710071,10,47116,49,8147,0.5466745739538691,1547708206,7,47160,49,8082,0.8286988074598425,1549806060,8,47235,49,8142,0.49486626488319246,1545607359,3,47107,49,8069,1.042172111105231,1553996417,5,47340,49,8077
0.8777559581838057,1551901236,5,47281,49,8083,0.7853427883993144,1551904790,12,47252,49,8067,0.38134899070761563,1562388717,8,47557,49,8090,0.3127031455671385,1560286900,3,47541,49,8161,1.0991851833022823,1556093659,5,47373,49,8118
0.8777559581838057,1551901236,5,47281,49,8083,0.7853427883993144,1551904790,12,47252,49,8067,0.38134899070761563,1562388717,8,47557,49,8090,0.3127031455671385,1560286900,3,47541,49,8161,1.0991851833022823,1556093659,5,47373,49,8118
0.4437680101124594,1562387579,6,47608,49,8098,0.36084069881195724,1562388672,7,47591,49,8050,0.42061740558937877,1562388676,7,47572,49,8121,0.5892108296253707,1547704659,3,47150,49,8126,0.18928972850900797,1560288003,5,47494,49,8153
0.4437680101124594,1562387579,6,47608,49,8098,0.36084069881195724,1562388672,7,47591,49,8050,0,1551903861,9,47244,49,8076,0.5892108296253707,1547704659,3,47150,49,8126,0.18928972850900797,1560288003,5,47494,49,8153
0.9504782629957611,1553998647,6,47312,49,8142,1.129575618822835,1556096996,7,47406,49,8124,0.5581064512334954,1547709457,9,47120,49,8171,0.9336481890219825,1551898545,3,47293,49,8119,0.4786495467797034,1547704934,5,47105,49,8101
0.9504782629957611,1553998647,6,47312,49,8142,1.129575618822835,1556096996,7,47406,49,8124,0.5581064512334954,1547709457,9,47120,49,8171,0.9336481890219825,1551898545,3,47293,49,8119,0.4786495467797034,1547704934,5,47105,49,8101
0.5868667389359844,1547707255,6,47157,49,8062,0.7948285435507236,1551905209,12,47264,49,8055,14.061384159712604,1549806583,9,47220,49,8170,0.09229074012615149,1558190431,4,47454,49,8130,0.6898810468497835,1549801833,4,47194,49,8101
0.7566884282471373,1551901544,6,47229,49,8126,1.1795529032110355,1556098951,12,47420,49,8026,0.48395652664476535,1545612356,9,47087,49,8130,1.121623490522227,1556093225,3,47378,49,8161,0.28832791257944407,1560287986,5,47531,49,8054
0.7566884282471373,1551901544,6,47229,49,8126,1.1795529032110355,1556098951,12,47420,49,8026,0.48395652664476535,1545612356,9,47087,49,8130,1.121623490522227,1556093225,3,47378,49,8161,0.28832791257944407,1560287986,5,47531,49,8054
0.6098162077098228,1549808483,15,47165,49,8122,1.0330878073865055,1556099018,12,47368,49,8087,1.0202450129235487,1554001134,9,47317,49,8097,0.8120713314406746,1549801440,3,47238,49,8123,0.6712143971316951,1549802241,5,47193,49,8124
0.6844754569179721,1549806918,10,47201,49,8077,0.0685233246271306,1558194528,7,47457,49,8116,0.5529053462068366,1547709402,9,47115,49,8111,0.5339301959827585,1547704260,3,47125,49,8139,1.2355529818209638,1558190842,5,47428,49,8107
0.6844754569179721,1549806918,10,47201,49,8077,0.0685233246271306,1558194528,7,47457,49,8116,0.5529053462068366,1547709402,9,47115,49,8111,0.5339301959827585,1547704260,3,47125,49,8139,1.2355529818209638,1558190842,5,47428,49,8107
0.7983027156544473,1551904744,14,47245,49,8163,0.25180870741261563,1560291361,7,47540,49,8079,0.10963573479545807,1558195335,9,47437,49,8142,0.21611308145639557,1560287102,3,47505,49,8127,0.5896197455595432,1549801817,4,47153,49,8145
0.7983027156544473,1551904744,14,47245,49,8163,0.25180870741261563,1560291361,7,47540,49,8079,0.10963573479545807,1558195335,9,47437,49,8142,0.21611308145639557,1560287102,3,47505,49,8127,0.5896197455595432,1549801817,4,47153,49,8145
0.8894853598078897,1551901015,5,47287,49,8082,0.28403758649193417,1562390735,12,47560,49,8122,0.8430807969173204,1551903480,9,47238,49,8140,1.06399698965697,1553995933,3,47352,49,8158,1.1220324282483678,1556093913,5,47381,49,8151
0.8894853598078897,1551901015,5,47287,49,8082,0.28403758649193417,1562390735,12,47560,49,8122,0.8430807969173204,1551903480,9,47238,49,8140,1.06399698965697,1553995933,3,47352,49,8158,1.1220324282483678,1556093913,5,47381,49,8151
1.1435542869207078,1556095844,6,47396,49,8133,0.049449566299115705,1558194267,7,47460,49,8107,0.8060560355451292,1549805856,8,47225,49,8130,0.7204779063396931,1549802070,3,47208,49,8108,0.5632034862142669,1547705234,5,47140,49,8092
1.1435542869207078,1556095844,6,47396,49,8133,0.049449566299115705,1558194267,7,47460,49,8107,0.8060560355451292,1549805856,8,47225,49,8130,0.7204779063396931,1549802070,3,47208,49,8108,0.5632034862142669,1547705234,5,47140,49,8092
1.133456963047998,1556098753,10,47391,49,8127,1.1666003865102406,1556097218,7,47411,49,8022,0.29230774960108646,1560292455,9,47518,49,8116,0.22253916053163847,1560286622,3,47506,49,8083,0.8780626876514023,1551898885,5,47269,49,8143
1.133456963047998,1556098753,10,47391,49,8127,1.1666003865102406,1556097218,7,47411,49,8022,0.29230774960108646,1560292455,9,47518,49,8116,0.22253916053163847,1560286622,3,47506,49,8083,0.8780626876514023,1551898885,5,47269,49,8143
1.1237685945633473,1556098689,10,47382,49,8111,0.9976970000178969,1553999841,7,47348,49,8077,1.0205517217220796,1554000889,9,47314,49,8102,0.964653963054876,1553995515,3,47310,49,8087,1.200569250397783,1556093682,5,47411,49,8094
1.1237685945633473,1556098689,10,47382,49,8111,0.9976970000178969,1553999841,7,47348,49,8077,1.0205517217220796,1554000889,9,47314,49,8102,0.964653963054876,1553995515,3,47310,49,8087,1.200569250397783,1556093682,5,47411,49,8094
0.5199589297145686,1547707578,6,47126,49,8069,0.30239754925136964,1562390915,13,47565,49,8067,1.0854203531016038,1553997736,4,47342,49,8160,0.1797017454209483,1558190315,3,47486,49,8151,1.1147903078838817,1556094263,5,47380,49,8138
1.0577772145048094,1554000774,10,47357,49,8142,0.2847532696280982,1562391127,13,47554,49,8078,1.0228976028177013,1554000103,8,47315,49,8155,0.20571090877776388,1560286671,3,47495,49,8099,0.640413082957356,1549802287,5,47175,49,8154
1.0577772145048094,1554000774,10,47357,49,8142,0.2847532696280982,1562391127,13,47554,49,8078,1.0228976028177013,1554000103,8,47315,49,8155,0.20571090877776388,1560286671,3,47495,49,8099,0.640413082957356,1549802287,5,47175,49,8154
0.3567659453630717,1562387825,6,47578,49,0,0.14114337008570466,1560293676,12,47498,49,8112,1.2613614328714333,1556097251,7,47418,49,8117,0.25589081256595436,1560287551,3,47523,49,8061,1.2213754574423594,1558190192,5,47423,49,8141
0.3567659453630717,1562387825,6,47578,49,0,0.14114337008570466,1560293676,12,47498,49,8112,1.2613614328714333,1556097251,7,47418,49,8117,0.25589081256595436,1560287551,3,47523,49,8061,1.2213754574423594,1558190192,5,47423,49,8141
0.05037340254952491,1558195903,10,47446,49,8101,0.5584058114272369,1547707707,6,47151,49,8095,0.3759434253322469,1562389660,10,47555,49,8131,0.5892108296253707,1547704706,3,47150,49,8150,0.9150855990907021,1553996609,5,47290,49,8121
0.05037340254952491,1558195903,10,47446,49,8101,0.5584058114272369,1547707707,6,47151,49,8095,0.3759434253322469,1562389660,10,47555,49,8131,0.5892108296253707,1547704706,3,47150,49,8150,0.9150855990907021,1553996609,5,47290,49,8121
0.9676132184496383,1553998875,6,47325,49,8179,0.9607744761980286,1553996703,3,47334,49,8070,0.7670943279766793,1549805886,8,47208,49,8183,1.0423747409675497,1553995786,3,47339,49,8073,0.541172283450817,1547704967,5,47134,49,8103
1.162321323557076,1556096168,6,47408,49,8122,0.4255066687883189,1562387269,6,47606,49,8070,0.7055920808730307,1549807101,10,47179,49,8086,0.6467369387143479,1547704870,4,47170,49,8102,0.6559159698985257,1549802187,5,47185,49,8150
1.162321323557076,1556096168,6,47408,49,8122,0.4255066687883189,1562387269,6,47606,49,8070,0.7055920808730307,1549807101,10,47179,49,8086,0.6467369387143479,1547704870,4,47170,49,8102,0.6559159698985257,1549802187,5,47185,49,8150
0.9487439344946016,1554001630,11,47318,49,8118,0,1558196854,13,47435,49,8123,0.24661511343431286,1560292715,10,47495,49,8090,0.06220324108642548,1558190066,3,47437,49,8110,0.5233235084744108,1547704481,5,47125,49,8139
0.9487439344946016,1554001630,11,47318,49,8118,0,1558196854,13,47435,49,8123,0.24661511343431286,1560292715,10,47495,49,8090,0.06220324108642548,1558190066,3,47437,49,8110,0.5233235084744108,1547704481,5,47125,49,8139
0,1551901759,6,47258,49,8131,0.20948061790808287,1560290867,6,47524,49,8041,0.19949301812824344,1558194923,8,47477,49,8157,1.161605700139367,1556092882,3,47394,49,8129,0.93334145376544,1553996933,5,47305,49,8109
0.8096231668893281,1551901759,6,47258,49,8131,0.20948061790808287,1560290867,6,47524,49,8041,0.19949301812824344,1558194923,8,47477,49,8157,1.161605700139367,1556092882,3,47394,49,8129,0.93334145376544,1553996933,5,47305,49,8109
0.3943000374032247,1562387504,6,47594,49,8130,0.5565692644417447,1547708495,7,47153,49,8116,0.8530758890804526,1551903974,9,47245,49,8133,0.27863582035333023,1560287423,3,47531,49,8083,0.7534242924082774,1549802128,5,47221,49,8106
0.019469859223614255,1558197217,16,47429,49,8130,0.122478574354341,1560293478,12,47487,49,8119,0.6397029446462645,1547708185,7,47153,49,8129,1.1072433611648598,1553995727,3,47367,49,8090,0.9185523679842541,1553996657,5,47298,49,8134
0.17817371892634223,1560293001,11,47497,49,8084,1.1479355882221196,1556096961,7,47409,49,8088,1.141619259916058,1556098044,9,47368,49,8066,0.03374781583523776,1556092852,3,47420,49,8117,0.49241812777035776,1547704633,5,47116,49,8113
0.17817371892634223,1560293001,11,47497,49,8084,1.1479355882221196,1556096961,7,47409,49,8088,1.141619259916058,1556098044,9,47368,49,8066,0.03374781583523776,1556092852,3,47420,49,8117,0.49241812777035776,1547704633,5,47116,49,8113
0.6524491548673381,1549804202,5,47191,49,8122,0.6936508400475629,1549802576,3,47215,49,8059,1.0040283162167083,1553999970,7,47309,49,8153,1.0048387860845196,1553995963,3,47331,49,8139,0.9220209994367758,1551899079,5,47296,49,8104
0.6524491548673381,1549804202,5,47191,49,8122,0.6936508400475629,1549802576,3,47215,49,8059,1.0040283162167083,1553999970,7,47309,49,8153,1.0048387860845196,1553995963,3,47331,49,8139,0.9220209994367758,1551899079,5,47296,49,8104
0.1008618919368216,1558195429,9,47461,49,8135,0.2386498259097854,1560293787,13,47540,49,8110,0.9384458798005818,1551903671,9,47281,49,8124,0.8684728594791483,1551898732,3,47268,49,8124,0.18837330883240663,1558190197,5,47489,49,8111
0.1008618919368216,1558195429,9,47461,49,8135,0.2386498259097854,1560293787,13,47540,49,8110,0.9384458798005818,1551903671,9,47281,49,8124,0.8684728594791483,1551898732,3,47268,49,8124,0.18837330883240663,1558190197,5,47489,49,8111
0.46569696795658544,1547709980,11,47108,49,8102,1.0351288519363024,1553999319,7,47363,49,8127,0.8889779068475712,1551903058,8,47262,49,8113,0.8432797389362372,1551898732,3,47259,49,8136,0.7754554934176393,1551899264,5,47229,49,8177
0.30729753445440167,1562390413,11,47557,49,8142,1.195464752800456,1558196184,12,47431,49,8117,0.6653031693609975,1547709423,9,47167,49,8158,0.4973143779601556,1545607072,3,47107,49,8170,1.0858237003246511,1556093973,5,47368,49,8078
0.30729753445440167,1562390413,11,47557,49,8142,1.195464752800456,1558196184,12,47431,49,8117,0.6653031693609975,1547709423,9,47167,49,8158,0.4973143779601556,1545607072,3,47107,49,8170,1.0858237003246511,1556093973,5,47368,49,8078
0.12156587036437096,1558195990,11,47474,49,8117,1.1195805426530212,1556099203,12,47399,49,8063,0.45090972679606606,1562389690,9,47589,49,8169,0.19092182518385378,1558189947,3,47487,49,8127,0.30240132523659535,1562384519,4,47545,49,8132
0.12156587036437096,1558195990,11,47474,49,8117,1.1195805426530212,1556099203,12,47399,49,8063,0.45090972679606606,1562389690,9,47589,49,8169,0.19092182518385378,1558189947,3,47487,49,8127,0.30240132523659535,1562384519,4,47545,49,8132
1.1551814463329022,1556095645,5,47404,49,8096,1.0435940928941665,1556099197,12,47368,49,8111,0.5433173552931619,1547709614,9,47115,49,8118,1.1624217401717238,1556092451,3,47394,49,8118,0.8698000620437576,1551898824,5,47270,49,8153
1.1551814463329022,1556095645,5,47404,49,8096,1.0435940928941665,1556099197,12,47368,49,8111,0.5433173552931619,1547709614,9,47115,49,8118,1.1624217401717238,1556092451,3,47394,49,8118,0.8698000620437576,1551898824,5,47270,49,8153
0.8757167799686079,1551903074,8,47280,49,8122,0.8509270615217879,1551904893,12,47281,49,8099,0.41031559895153924,1562389528,9,47571,49,8094,0.9540454538597657,1553995460,3,47309,49,8117,0.2746597130968594,1560287934,5,47529,49,8145
0.8757167799686079,1551903074,8,47280,49,8122,0.8509270615217879,1551904893,12,47281,49,8099,0.41031559895153924,1562389528,9,47571,49,8094,0.9540454538597657,1553995460,3,47309,49,8117,0.2746597130968594,1560287934,5,47529,49,8145
0.05588120817711105,1558196399,11,47446,49,8106,0.2319189069978096,1560291434,7,47526,49,8061,1.2737023986778195,1558194785,9,47426,49,8153,0.5151631532342135,1547704268,3,47116,49,8158,0.6378627338195177,1549802444,5,47176,49,8082
0.05588120817711105,1558196399,11,47446,49,8106,0.2319189069978096,1560291434,7,47526,49,8061,1.2737023986778195,1558194785,9,47426,49,8153,0.5151631532342135,1547704268,3,47116,49,8158,0.6378627338195177,1549802444,5,47176,49,8082
0.32331161851095497,1562390576,12,47560,49,8114,0.8423595729336025,1551904740,12,47279,49,8103,0.94007795743812,1551903087,8,47281,49,8173,0.3810390289192636,1545607184,3,47063,49,8114,1.1243783089370425,1556093505,5,47382,49,8075
0.32331161851095497,1562390576,12,47560,49,8114,0.8423595729336025,1551904740,12,47279,49,8103,0.94007795743812,1551903087,8,47281,49,8173,0.3810390289192636,1545607184,3,47063,49,8114,1.1243783089370425,1556093505,5,47382,49,8075
0,1558193654,7,47451,49,8088,0.5260728205718185,1547709613,10,47148,49,8068,0.11330698355551538,1558194920,8,47443,49,8163,0.20101914987402866,1558189780,3,47492,49,8113,0.2911831172226898,1560287993,5,47535,49,8094
0.07413892617204663,1558193654,7,47451,49,8088,0.5260728205718185,1547709613,10,47148,49,8068,0.11330698355551538,1558194920,8,47443,49,8163,0.20101914987402866,1558189780,3,47492,49,8113,0.2911831172226898,1560287993,5,47535,49,8094
0.8195178748385298,1551904379,10,47255,49,8115,0.4800734871338862,1547708588,7,47127,49,8133,1.1339700502209962,1556096895,8,47364,49,8139,0.5106740323540749,1547703695,3,47120,49,8154,0.7890196061316335,1551899329,5,47238,49,8136
0.8195178748385298,1551904379,10,47255,49,8115,0.4800734871338862,1547708588,7,47127,49,8133,1.1339700502209962,1556096895,8,47364,49,8139,0.5106740323540749,1547703695,3,47120,49,8154,0.7890196061316335,1551899329,5,47238,49,8136
0.8773488647633008,1551901999,6,47277,49,8122,0.4289734563684749,1547709700,10,47100,49,8060,0.8984636679909528,1551904022,9,47264,49,8150,1.086334911339077,1553995971,4,47356,49,8044,0.2505893426722267,1560287993,5,47517,49,8141
0.8773488647633008,1551901999,6,47277,49,8122,0.4289734563684749,1547709700,10,47100,49,8060,0.8984636679909528,1551904022,9,47264,49,8150,1.086334911339077,1553995971,4,47356,49,8044,0.2505893426722267,1560287993,5,47517,49,8141
0.038848483741202394,1558197306,16,47434,49,8115,0.33432220796903195,1562388496,7,47580,49,8116,0.7022256959938482,1549805456,7,47180,49,8108,0.4983330549427703,1545606668,3,47114,49,8175,0.9661856477576948,1553996683,5,47309,49,8152
0.038848483741202394,1558197306,16,47434,49,8115,0.33432220796903195,1562388496,7,47580,49,8116,0.7022256959938482,1549805456,7,47180,49,8108,0.4983330549427703,1545606668,3,47114,49,8175,0.9661856477576948,1553996683,5,47309,49,8152
0.6643830397214046,1549807426,11,47189,49,8059,0.44998414450658825,1547710790,12,47118,49,8065,0.5565766058575403,1547709557,9,47120,49,8098,0.13553710186335172,1558189683,3,47471,49,8047,0.6832523458853689,1549802547,5,47185,49,8089
0.6643830397214046,1549807426,11,47189,49,8059,0.44998414450658825,1547710790,12,47118,49,8065,0.5565766058575403,1547709557,9,47120,49,8098,0.13553710186335172,1558189683,3,47471,49,8047,0.6832523458853689,1549802547,5,47185,49,8089
0.19143297578232835,1560293205,11,47498,49,8121,0.5094471889305956,1547708628,7,47143,49,8096,0.42928745365426196,1562389120,8,47576,49,8102,0.9754650892389837,1553995529,3,47316,49,8124,0.41337381714842086,1545607871,5,47071,49,8086
0.19143297578232835,1560293205,11,47498,49,8121,0.5094471889305956,1547708628,7,47143,49,8096,0.42928745365426196,1562389120,8,47576,49,8102,0.9754650892389837,1553995529,3,47316,49,8124,0.41337381714842086,1545607871,5,47071,49,8086
1.0553290976654364,1556099964,15,47356,49,8135,0.6958944774574575,1549805510,7,47219,49,8072,0.6597953712561561,1547709131,9,47164,49,8112,0.8112534466172934,1551898746,4,47246,49,8082,0.26864259245785327,1560287925,5,47522,49,8155
1.0553290976654364,1556099964,15,47356,49,8135,0.6958944774574575,1549805510,7,47219,49,8072,0.6597953712561561,1547709131,9,47164,49,8112,0.8112534466172934,1551898746,4,47246,49,8082,0.26864259245785327,1560287925,5,47522,49,8155
0.5800335634588367,1547707841,7,47152,49,8088,0.9020252303541811,1554001998,12,47310,49,8079,0.7184423970508242,1549806983,9,47189,49,8144,0.758420937111374,1549801086,3,47220,49,8128,0.2040788194217344,1560287697,5,47499,49,8142
0.5800335634588367,1547707841,7,47152,49,8088,0.9020252303541811,1554001998,12,47310,49,8079,0.7184423970508242,1549806983,9,47189,49,8144,0.758420937111374,1549801086,3,47220,49,8128,0.2040788194217344,1560287697,5,47499,49,8142
0.1343157958383637,1560293124,13,47474,49,8176,0.13696280634990382,1560293840,13,47491,49,8162,0.8841839116117198,1551903593,8,47260,49,8111,1.085212154071038,1553996044,3,47360,49,8054,0.3331022581763296,1562385402,5,47554,49,8104
0.46202571551411015,1562390128,11,47613,49,8052,0.862349742661319,1551902520,7,47291,49,8044,0.6521461554641901,1547709517,9,47159,49,8183,0.54831035160048,1547704510,3,47136,49,8084,1.1274379956471932,1556093100,5,47382,49,8117
0.46202571551411015,1562390128,11,47613,49,8052,0,1551904994,13,47241,49,8146,0.6521461554641901,1547709517,9,47159,49,8183,0.54831035160048,1547704510,3,47136,49,8084,1.1274379956471932,1556093100,5,47382,49,8117
0.11075475020335893,1558192707,5,47465,49,8064,1.0225834036049453,1556098034,10,47352,49,8035,0.8415509525072077,1551903969,10,47238,49,8175,0.6585685737047027,1547704255,3,47175,49,8096,0.16970664833851862,1560288088,5,47484,49,8105
0.11075475020335893,1558192707,5,47465,49,8064,1.0225834036049453,1556098034,10,47352,49,8035,0.8415509525072077,1551903969,10,47238,49,8175,0.6585685737047027,1547704255,3,47175,49,8096,0.16970664833851862,1560288088,5,47484,49,8105
0.044254048001166994,1558196362,13,47437,49,8138,0.7695331836182766,1551901577,5,47249,49,8055,0.2586493737430775,1560292682,9,47505,49,8144,0.18918750597164144,1558189918,3,47489,49,16,1.0646104087719164,1556093199,5,47350,49,8085
0.044254048001166994,1558196362,13,47437,49,8138,0.7695331836182766,1551901577,5,47249,49,8055,0.2586493737430775,1560292682,9,47505,49,8144,0.46273773818007363,1545606917,3,47095,49,8106,1.0646104087719164,1556093199,5,47350,49,8085
0.8706160889084511,1551901786,6,47275,49,8166,0.4809917594970295,1547710654,13,47126,49,8104,0.40419623633215546,1562388928,8,47566,49,8181,0.07974529524960207,1558190254,3,47450,49,8097,1.096941546901884,1556093674,5,47369,49,8085
0.8706160889084511,1551901786,6,47275,49,8166,0.4809917594970295,1547710654,13,47126,49,8104,0.40419623633215546,1562388928,8,47566,49,8181,0.07974529524960207,1558190254,3,47450,49,8097,1.096941546901884,1556093674,5,47369,49,8085
0.4286722333556322,1562390381,11,47600,49,8130,0.6089946696493931,1549808301,13,47183,49,8067,1.2589133131012633,1556097989,9,47418,49,8102,0.1999986319055198,1558190201,3,47495,49,8158,1.2134195402992594,1558190694,5,47419,49,8090
0.4286722333556322,1562390381,11,47600,49,8130,0.6089946696493931,1549808301,13,47183,49,8067,1.2589133131012633,1556097989,9,47418,49,8102,0.1999986319055198,1558190201,3,47495,49,8158,1.2134195402992594,1558190694,5,47419,49,8090
1.1784357916584118,1556095890,6,47409,49,8090,0.5659527856324914,1547709872,11,47165,49,8112,0.31189083559233316,1560292430,9,47527,49,8103,0.20672955908472468,1560286687,3,47501,49,8139,0.19194046310892857,,5,47498,49,8124
1.1784357916584118,1556095890,6,47409,49,8090,0.5659527856324914,1547709872,11,47165,49,8112,0.31189083559233316,1560292430,9,47527,49,8103,0.20672955908472468,1560286687,3,47501,49,8139,0.19194046310892857,1560288000,5,47498,49,8124
0.500580320382338,1547711437,16,47111,49,8027,0.22977750060554822,1560292807,11,47525,49,8038,0.5636142489529005,1547708435,7,47123,49,8082,0.23232976804765806,1560287451,3,47514,49,8064,0.16858389512495614,1560287972,5,47487,49,8091
0.500580320382338,1547711437,16,47111,49,8027,0.22977750060554822,1560292807,11,47525,49,8038,0.5636142489529005,1547708435,7,47123,49,8082,0.23232976804765806,1560287451,3,47514,49,8064,0.16858389512495614,1560287972,5,47487,49,8091
0.11850620418949818,1560292960,12,47465,49,8102,0.3164728309895778,1562388766,7,47571,49,8113,1.1292782897852087,1556097317,8,47361,49,8185,0.28414361865100973,1560287555,3,47534,49,8084,0.5236283917966492,1549801521,4,47126,49,8122
0.11850620418949818,1560292960,12,47465,49,8102,0.3164728309895778,1562388766,7,47571,49,8113,1.1292782897852087,1556097317,8,47361,49,8185,0.28414361865100973,1560287555,3,47534,49,8084,0.5236283917966492,1549801521,4,47126,49,8122
1.1694612269992872,1556095845,6,47401,49,8114,0.4911894808194529,1547708397,7,47138,49,8102,0.5918670533409381,1547709391,8,47134,49,8141,0.33381606916389545,1560287466,3,47551,49,8107,0.9963753909588328,1553996769,5,47323,49,8118
1.2056699584726887,1556095902,6,47414,49,8107,0.38052600870205144,1562388361,7,47591,49,8093,0.4980318111119476,1545612003,8,47094,49,8103,0.338507830541236,1543510063,3,47041,49,8132,0.30790913188659114,1560287856,5,47545,49,8175
1.2056699584726887,1556095902,6,47414,49,8107,0,1547709597,10,47100,49,8037,0.4980318111119476,1545612003,8,47094,49,8103,0.338507830541236,1543510063,3,47041,49,8132,0.30790913188659114,1560287856,5,47545,49,8175
0.47916069611195095,1547709371,10,47105,49,8138,0.7969699408200961,1551902659,7,47269,49,8049,0.8201313198846417,1549806119,9,47232,49,8131,0.7910587956357732,1549801091,3,47236,49,8138,1.2665587551606992,1558191181,5,47442,49,8145
0.47916069611195095,1547709371,10,47105,49,8138,0.7969699408200961,1551902659,7,47269,49,8049,0.8201313198846417,1549806119,9,47232,49,8131,0.7910587956357732,1549801091,3,47236,49,8138,1.2665587551606992,1558191181,5,47442,49,8145
0.1960225087613076,1560294266,15,47497,49,8062,1.087452007996177,1556099130,12,47389,49,8097,0.5643280547575946,1547709644,9,47124,49,8092,0.8243082188314547,1551898966,3,47254,49,8168,0.5449457840369042,1547705169,5,47133,49,8102
0.1960225087613076,1560294266,15,47497,49,8062,1.087452007996177,1556099130,12,47389,49,8097,0.5643280547575946,1547709644,9,47124,49,8092,0.8243082188314547,1551898966,3,47254,49,8168,0.5449457840369042,1547705169,5,47133,49,8102
0.4298953797331938,1562390294,11,47604,49,8111,0,1551902702,7,47272,49,8081,0.6308287610405231,1547709855,10,47152,49,16,1.1144836067462789,1556093199,3,47377,49,8081,1.2516674308349744,1558190879,5,47436,49,8136
0.4298953797331938,1562390294,11,47604,49,8111,0.8064556997318637,1551902702,7,47272,49,8081,0,1545612011,9,47096,49,8155,1.1144836067462789,1556093199,3,47377,49,8081,1.2516674308349744,1558190879,5,47436,49,8136
0.6259306862291175,1549807385,11,47169,49,8119,0.8914185810970231,1553998786,6,47303,49,8072,0.9461973282787796,1551903900,9,47284,49,8069,1.0977575972046936,1553995308,3,47365,49,8028,0.6054293447066322,1547705151,5,47156,49,8129
0.6259306862291175,1549807385,11,47169,49,8119,0.8914185810970231,1553998786,6,47303,49,8072,0.9461973282787796,1551903900,9,47284,49,8069,1.0977575972046936,1553995308,3,47365,49,8028,0.6054293447066322,1547705151,5,47156,49,8129
0.6643830513712464,1549806570,9,47184,49,8129,0,1562390516,12,47563,49,8102,0.9234523209915759,1551904399,10,47275,49,8140,0.9813799778732016,1553996005,3,47322,49,8048,0.9445615404077871,1553996056,5,47303,49,8146
0.6643830513712464,1549806570,9,47184,49,8129,0.3100467445926191,1562390516,12,47563,49,8102,0.9234523209915759,1551904399,10,47275,49,8140,0.9813799778732016,1553996005,3,47322,49,8048,0.9445615404077871,1553996056,5,47303,49,8146
0.027425798936198207,1558196702,14,47421,49,8184,0.9935145569449503,1554001701,12,47350,49,8118,0.45335784045892447,1562389556,9,47588,49,8029,0.14900082147638394,1558190310,3,47475,49,8124,0.49558006218810324,1547705147,5,47111,49,8151
0.027425798936198207,1558196702,14,47421,49,8184,0.9935145569449503,1554001701,12,47350,49,8118,0.45335784045892447,1562389556,9,47588,49,8029,0.14900082147638394,1558190310,3,47475,49,8124,0.49558006218810324,1547705147,5,47111,49,8151
0.10228951457602434,1558196393,12,47455,49,7,0.309740665108368,1562388264,6,47574,49,8130,0.948440973811102,1551904101,9,47286,49,8130,0.04445670543334378,1556092948,3,47428,49,8139,0.6818229075531396,1549802129,5,47189,49,8155
0.10228951457602434,1558196393,12,47455,49,7,0.309740665108368,1562388264,6,47574,49,8130,0.948440973811102,1551904101,9,47286,49,8130,0.04445670543334378,1556092948,3,47428,49,8139,0.6818229075531396,1549802129,5,47189,49,8155
0.20999555807746695,1560294088,15,47503,49,8132,0.8311394938471779,1551902968,7,47278,49,8118,1.1914943257304862,1556097022,7,47391,49,8095,1.106834403336336,1556092539,3,47372,49,8144,0.8578661959553492,1551899957,5,47263,49,8153
0.20999555807746695,1560294088,15,47503,49,8132,0.8311394938471779,1551902968,7,47278,49,8118,1.1914943257304862,1556097022,7,47391,49,8095,1.106834403336336,1556092539,3,47372,49,8144,14.080859627796617,1551899957,5,47263,49,8153
0.3740031727511966,1562389562,9,47575,49,8144,0.18102333085337366,1560291195,7,47516,49,8059,0.2960812326364185,1560292176,8,47522,49,8103,0.9846441359474463,1553995384,3,47322,49,8066,0.9884194769172843,1553996846,5,47319,49,8077
0.5720776612281353,1547709947,10,47145,49,8140,0.6627454405965781,1549808074,13,47201,49,8075,0.557392643430842,1547709372,9,47120,49,8138,0.8051340794805653,1549801277,4,47242,49,8118,1.0809274722251112,1556093931,5,47364,49,8086
0.5720776612281353,1547709947,10,47145,49,8140,0.6627454405965781,1549808074,13,47201,49,8075,0.557392643430842,1547709372,9,47120,49,8138,0.8051340794805653,1549801277,4,47242,49,8118,1.0809274722251112,1556093931,5,47364,49,8086
0.845422969364044,1551904614,13,47265,49,8190,1.1509952580812326,1556099159,12,47414,49,8014,0.8507300080167486,1551903339,8,47244,49,8140,0.6515309314711119,1547704605,3,47172,49,8131,1.1902674576811345,1556093806,5,47404,49,8120
0.845422969364044,1551904614,13,47265,49,8190,1.1509952580812326,1556099159,12,47414,49,8014,0.8507300080167486,1551903339,8,47244,49,8140,0.6515309314711119,1547704605,3,47172,49,8131,1.1902674576811345,1556093806,5,47404,49,8120
0.023243368435749617,1556097523,9,47422,49,8133,0.44519014617632413,1547708231,7,47118,49,8102,1.130603656648474,1556097741,9,47364,49,11,0.45386355640970294,1545607574,3,47094,49,8088,1.1200936415122305,1556094062,5,47380,49,8051
0.023243368435749617,1556097523,9,47422,49,8133,0.44519014617632413,1547708231,7,47118,49,8102,1.130603656648474,1556097741,9,47364,49,11,0.45386355640970294,1545607574,3,47094,49,8088,1.1200936415122305,1556094062,5,47380,49,8051
0.15665186378877513,1558195188,9,47482,49,8145,0.6047100009930559,1549808309,13,47186,49,8120,1.1884346431279147,1556098536,9,47389,49,24,0.18877855394521878,1558190008,4,47493,49,8138,0.8132944622640979,1551899221,5,47244,49,8100
0.15665186378877513,1558195188,9,47482,49,8145,0.6047100009930559,1549808309,13,47186,49,8120,1.1884346431279147,1556098536,9,47389,49,24,0.18877855394521878,1558190008,4,47493,49,8138,0.8132944622640979,1551899221,5,47244,49,8100
0.6012487424976113,1547710423,11,47152,49,8112,0.07413335686202897,1558195393,11,47460,49,8069,0.32912803881472164,1560291850,8,47536,49,8155,0.04649587640203788,1556092764,3,47432,49,8071,0.8722481885822052,1551899074,5,47266,49,8180
0.6012487424976113,1547710423,11,47152,49,8112,0.07413335686202897,1558195393,11,47460,49,8069,0.32912803881472164,1560291850,8,47536,49,8155,0.04649587640203788,1556092764,3,47432,49,8071,0.8722481885822052,1551899074,5,47266,49,8180
1.1035720966361635,1556097592,9,47371,49,8103,0.8492931060475297,1551905030,12,47284,49,8124,0.6527577243307112,1547708097,7,47163,49,8112,1.1969983862426714,1556093035,3,47408,49,8126,0.9168180684952449,1553995804,4,47293,49,8146
1.1035720966361635,1556097592,9,47371,49,8103,0.8492931060475297,1551905030,12,47284,49,8124,0.6527577243307112,1547708097,7,47163,49,8112,1.1969983862426714,1556093035,3,47408,49,8126,0.9168180684952449,1553995804,4,47293,49,8146
0.4381579982039176,1562387561,6,47599,49,8128,0.5252567787878007,1547708682,7,47149,49,8092,0.9804672658265174,1554000808,9,47302,49,8121,1.1988330670657044,1556092985,4,47414,49,8099,0.9970891928369556,1553996126,4,47324,49,8104
1.0114711828285439,1554002680,15,47330,49,8124,0.2905659033006221,1562391009,13,47562,49,8105,0.16430479811920967,1558195400,9,47464,49,8095,0.08443705629180874,1558189886,4,47452,49,8042,1.1930222908236205,1556093969,5,47403,49,8083
1.0114711828285439,1554002680,15,47330,49,8124,0.2905659033006221,1562391009,13,47562,49,8105,0.16430479811920967,1558195400,9,47464,49,8095,0.08443705629180874,1558189886,4,47452,49,8042,1.1930222908236205,1556093969,5,47403,49,8083
0.424898751086287,1562387363,6,47593,49,8095,0.09728544242442812,1560292442,10,47481,49,8110,0.5307719106778016,1547707744,7,47111,49,8145,0.2581344540431142,1560287202,4,47525,49,8160,0.1383941596921223,1558191156,5,47471,49,8090
1.05349256101517,1554001693,11,47350,49,8108,0.051081638576581156,1558193734,6,47462,49,8110,1.0078017992677601,1554000998,9,47314,49,8,0.6174636282166703,1547704375,3,47162,49,8126,0.3423835414121486,1545607937,4,47047,49,8112
0.13349977482301112,1558193242,6,47466,49,8115,0.7046664295192987,1549805435,7,47214,49,8071,1.2231135303864138,1556097093,7,47403,49,8146,0.5318891876734436,1547704462,3,47129,49,8107,1.3188838153373692,1558191011,5,47457,49,8127
0.13349977482301112,1558193242,6,47466,49,8115,0.7046664295192987,1549805435,7,47214,49,8071,1.2231135303864138,1556097093,7,47403,49,8146,0.5318891876734436,1547704462,3,47129,49,8107,1.3188838153373692,1558191011,5,47457,49,8127
0.7730073798331446,1551903563,9,47228,49,8096,0.7051757655489822,1549805831,7,47215,49,8046,0.5034373757180551,1545611385,8,47099,49,8149,0.9057002361066545,1551898361,3,47288,49,8120,0.3339182982211052,1562385234,5,47554,49,8131
0.7730073798331446,1551903563,9,47228,49,8096,0.7051757655489822,1549805831,7,47215,49,8046,0.5034373757180551,1545611385,8,47099,49,8149,0.9057002361066545,1551898361,3,47288,49,8120,0.3339182982211052,1562385234,5,47554,49,8131
0.721907336380131,1549807222,10,47209,49,8110,0.8526595100557174,1551902612,7,47289,49,8098,0.3651322944191399,1560292167,9,47551,49,8163,0.5057796279101654,1545607092,3,47113,49,8103,1.062060051805679,1556093575,5,47351,49,8136
0.1120801365130222,1558195106,9,47460,49,8129,0.7873838136314225,1551904466,11,47249,49,8068,0.6902918208392987,1549806123,8,47179,49,8117,0.9391559870591951,1551898880,3,47296,49,8062,0.8751033949512363,1551899332,5,47272,49,8157
0.1120801365130222,1558195106,9,47460,49,8129,0.7873838136314225,1551904466,11,47249,49,8068,0.6902918208392987,1549806123,8,47179,49,8117,0.9391559870591951,1551898880,3,47296,49,8062,0.8751033949512363,1551899332,5,47272,49,8157
0.05129171156360506,1558195193,10,47431,49,8091,0.9339492784149168,1553999859,7,47324,49,8087,0.5200630037665207,1547708834,9,47105,49,8104,0.549737960521047,1547704537,3,47138,49,8120,1.2293313849655363,1558190938,5,47423,49,8095
0.05129171156360506,1558195193,10,47431,49,8091,0.9339492784149168,1553999859,7,47324,49,8087,0.5200630037665207,1547708834,9,47105,49,8104,0.549737960521047,1547704537,3,47138,49,8120,1.2293313849655363,1558190938,5,47423,49,8095
0.454069824020141,1562389869,10,47602,49,8097,0.901718516971866,1554002251,12,47312,49,8102,0.8514438063173945,1551904068,9,47248,49,8158,1.089292352666416,1553995697,3,47360,49,8115,0.7466915232629353,1551898860,5,47219,49,8118
0.454069824020141,1562389869,10,47602,49,8097,0.901718516971866,1554002251,12,47312,49,8102,0.8514438063173945,1551904068,9,47248,49,8158,1.089292352666416,1553995697,3,47360,49,8115,0.7466915232629353,1551898860,5,47219,49,8118
1.1288674639072127,1556098506,10,47378,49,8106,0.9267071591666555,1554001495,11,47323,49,8093,1.225968734066921,1556096751,7,47408,49,8158,0.4184708831579834,1545607407,3,47081,49,8101,0.4695708989512166,1547704860,5,47106,49,8142
1.1288674639072127,1556098506,10,47378,49,8106,0.9267071591666555,1554001495,11,47323,49,8093,1.225968734066921,1556096751,7,47408,49,8158,0.4184708831579834,1545607407,3,47081,49,8101,0.4695708989512166,1547704860,5,47106,49,8142
1.1072452116235212,1556099486,15,47366,49,8138,1.1476288616489545,1556099480,12,47413,49,8130,1.0889893570050713,1554001221,10,47351,49,8160,0.2004057185788105,1560286937,3,47499,49,8142,0.7810636896074608,1551899352,5,47236,49,8077
1.1072452116235212,1556099486,15,47366,49,8138,1.1476288616489545,1556099480,12,47413,49,8130,1.0889893570050713,1554001221,10,47351,49,8160,0.2004057185788105,1560286937,3,47499,49,8142,0.7810636896074608,1551899352,5,47236,49,8077
0.5192451463689695,1547709478,10,47115,49,8109,0.030989240247248983,1558195825,11,47441,49,8057,0.26874669416016694,1560292401,9,47513,49,8118,0.7913655021645871,1549801343,3,47233,49,8100,0.6254195264195841,1549802058,4,47170,49,8077
0.5192451463689695,1547709478,10,47115,49,8109,0.030989240247248983,1558195825,11,47441,49,8057,0.26874669416016694,1560292401,9,47513,49,8118,0.7913655021645871,1549801343,3,47233,49,8100,0.6254195264195841,1549802058,4,47170,49,8077
0.45447693399324135,1562389338,9,47606,49,8071,0.20774630092301186,1560293277,11,47524,49,8069,0.20295978884257457,1558194174,8,47486,49,8152,0.6552021868096837,1547703975,3,47176,49,8068,1.036764683803263,1553996410,5,47345,49,8134
1.0255464700087025,1553998041,5,47335,49,8133,0.18744941845521607,1560291129,7,47507,49,8050,0.9756732657472045,1554001168,9,47302,49,8138,0.07689008723989291,1558189847,3,47446,49,8150,1.045332166835763,1553996406,5,47349,49,8121
1.0255464700087025,1553998041,5,47335,49,8133,0.18744941845521607,1560291129,7,47507,49,8050,0.9756732657472045,1554001168,9,47302,49,8138,0.07689008723989291,1558189847,3,47446,49,8150,1.045332166835763,1553996406,5,47349,49,8121
0.9770990125227857,1554002271,15,47314,49,8155,0.4630407547003315,1547710699,13,47118,49,8119,1.0733842293513982,1554000959,9,47344,49,8088,0.07260541628990674,1558190248,3,47448,49,8081,0.46559294275334123,1545607922,5,47105,49,8134
0.9239597930634964,1554002550,15,47291,49,8133,0,1551905188,13,47233,49,8107,1.1837428753511317,1556098630,10,47390,49,8113,0.482218588760017,1545607544,4,47104,49,8090,1.0842938595534988,1556093072,5,47367,49,8124
0.9239597930634964,1554002550,15,47291,49,8133,0.7262886849326922,1551905188,13,47233,49,8107,1.1837428753511317,1556098630,10,47390,49,8113,0.482218588760017,1545607544,4,47104,49,8090,1.0842938595534988,1556093072,5,47367,49,8124
0,1558193696,7,47433,49,8130,0.21947569891644997,1560291409,7,47530,49,8102,0.5431128859608574,1547709549,9,47120,49,8141,0.31729266514212584,1560287482,3,47545,49,8105,0.8064612812951144,1551899468,5,47243,49,8135
0.057003979989436515,1558193696,7,47433,49,8130,0.21947569891644997,1560291409,7,47530,49,8102,0.5431128859608574,1547709549,9,47120,49,8141,0.31729266514212584,1560287482,3,47545,49,8105,0.8064612812951144,1551899468,5,47243,49,8135
0.8807134219320785,1551901040,5,47277,49,8118,0.36420708003144103,1562390398,12,47591,49,8105,0.22652083392835687,1560292174,9,47496,49,8178,0.17806967174958233,1558190286,3,47484,49,8089,1.210155373864076,1556093518,5,47421,49,8131
0,1547710567,14,47121,49,8183,0.5360679101389609,1547710559,12,47146,49,8020,1.148554657855557,1556098324,9,47376,49,8106,0.06016407282654503,1556092687,3,47432,49,8102,0.39746198281372375,1545607876,5,47072,49,8119
0.5114918719367593,1547710567,14,47121,49,8183,0,1551904713,12,47245,49,8070,1.148554657855557,1556098324,9,47376,49,8106,0.06016407282654503,1556092687,3,47432,49,8102,0.39746198281372375,1545607876,5,47072,49,8119
0.6495939666800805,1549807720,14,47175,49,8118,0.4836425061826799,1547708447,7,47124,49,8098,0.14910676040614376,1558192336,4,47463,49,8145,1.2398358035203791,1556092989,3,47426,49,8081,1.02034351118672,1553996438,5,47341,49,8123
0.6495939666800805,1549807720,14,47175,49,8118,0.4836425061826799,1547708447,7,47124,49,8098,0.14910676040614376,1558192336,4,47463,49,8145,1.2398358035203791,1556092989,3,47426,49,8081,1.02034351118672,1553996438,5,47341,49,8123
0.7653581664461605,1549806904,10,47224,49,8083,0.9166098343025096,1554001170,11,47319,49,8099,0.6934537361409396,1549807063,10,47182,49,8114,0.47273283919770254,1545607033,3,47099,49,8074,0.8265536898732683,1551899696,5,47257,49,8049
1.0851117632816416,1556097881,9,47361,49,8135,0.3177988132265907,1562391053,12,47566,49,8056,1.2455518204554996,1556098120,9,47417,49,8059,0.7993195773412468,1549801488,4,47241,49,8096,0.5967596137951657,1549802309,5,47158,49,8124
1.0851117632816416,1556097881,9,47361,49,8135,0.3177988132265907,1562391053,12,47566,49,8056,1.2455518204554996,1556098120,9,47417,49,8059,0.7993195773412468,1549801488,4,47241,49,8096,0.4964983144203107,1547705238,5,47117,49,8145
0.19867324631647842,1560293177,13,47500,49,8096,0.8500069106083693,1551904672,11,47284,49,8053,0.5300581008931476,1547709117,9,47112,49,8122,1.2413656438575231,1556093075,4,47427,49,8099,1.1658903530872085,1556093640,5,47402,49,8111
0.6730527750829046,1549804690,6,47185,49,8171,0.3010703091100562,1562389894,11,47568,49,8079,0.9422193620963785,1551903692,9,47287,49,8158,0.9035588350295911,1551898981,3,47283,49,8030,0.6475529516724349,1549802568,6,47180,49,8145
0.6730527750829046,1549804690,6,47185,49,8171,0.3010703091100562,1562389894,11,47568,49,8079,0.9422193620963785,1551903692,9,47287,49,8158,0.9035588350295911,1551898981,3,47283,49,8030,0.6475529516724349,,,,,
0,1549805190,7,47204,49,8104,1.099385900788167,1556097044,7,47389,49,8126,0.9873004325691382,1554001594,10,47309,49,8132,0.1371691862791256,1558189808,3,47469,49,8070,1.2143396857753948,1556093623,5,47415,49,8089
0.710280164904557,1549805190,7,47204,49,8104,0,1560293654,12,47526,49,8094,0.9873004325691382,1554001594,10,47309,49,8132,0.1371691862791256,1558189808,3,47469,49,8070,1.2143396857753948,1556093623,5,47415,49,8089
1.126521578422952,1556096197,6,47379,49,8134,0.034558249036239316,1558195442,10,47453,49,8122,0.1852132514817317,1558195369,9,47477,49,8114,0.35125588141477115,1562383979,3,47562,49,8103,0.4099051923785011,1545607759,5,47078,49,33
1.126521578422952,1556096197,6,47379,49,8134,0.034558249036239316,1558195442,10,47453,49,8122,0.1852132514817317,1558195369,9,47477,49,8114,0.35125588141477115,1562383979,3,47562,49,8103,0.4099051923785011,,,,,
0.6939612292089005,1549807612,11,47198,49,8114,0.3030091142802263,1562390748,12,47565,49,8030,1.2227045724895278,1556094560,4,47409,49,8120,0.29730062851176603,1560287548,3,47539,49,8118,0.4574343802878982,1547704912,5,47100,49,8111
0.9223277052803557,1551901095,6,47295,49,8078,0.5060808075417857,1547708437,7,47134,49,8098,0.5298536375946175,1547708725,8,47114,49,8138,0.6009402327096739,1547704584,3,47155,49,8110,0.9255900072495287,1553996727,5,47302,49,8108
0.9223277052803557,1551901095,6,47295,49,8078,0.5060808075417857,1547708437,7,47134,49,8098,0.5298536375946175,1547708725,8,47114,49,8138,0.6009402327096739,1547704584,3,47155,49,8110,0.9255900072495287,1553996727,5,47302,49,8108
1.031054261667638,1553998786,6,47341,49,8142,1.016464049261627,1553999756,7,47346,49,8043,1.0576768625652184,1554001203,9,47339,49,8130,0.5857422095402237,1547704557,3,47152,49,8134,0.13288634598420163,1558191113,5,47474,49,8064
1.1966935192603898,1556096199,6,47413,49,8167,0.31637059656528554,1562388498,7,47570,49,8126,0.1311557513258383,1558195537,9,47455,49,8094,0.7312890382154906,1549801637,3,47213,49,8106,0.6109371320182152,1549801979,5,47163,49,8068
1.1966935192603898,1556096199,6,47413,49,8167,0.31637059656528554,1562388498,7,47570,49,8126,0.1311557513258383,1558195537,9,47455,49,8094,0.7312890382154906,1549801637,3,47213,49,8106,0.6109371320182152,1549801979,5,47163,49,8068
0.14737057823128655,1560294075,15,47477,49,8120,0.8613292333601634,1551902353,6,47283,49,8106,0.4140894314069079,1562390166,10,47577,49,8182,0.9074345543422795,1551898969,3,47286,49,8169,1.069097681591493,1556093478,4,47359,49,8153
0.14737057823128655,1560294075,15,47477,49,8120,0.8613292333601634,1551902353,6,47283,49,8106,0.4140894314069079,1562390166,10,47577,49,8182,0.9074345543422795,1551898969,3,47286,49,8169,1.069097681591493,1556093478,4,47359,49,8153
0.3606412508525681,1562390245,11,47570,49,8099,0.15736005916257165,1560293348,11,47505,49,8077,0.7716838488109254,1549806477,9,47215,49,8131,1.14650989751341,1556093097,3,47390,49,8066,0.30852067940467226,1562385035,5,47552,49,8094
0.3606412508525681,1562390245,11,47570,49,8099,0.15736005916257165,1560293348,11,47505,49,8077,0.7716838488109254,1549806477,9,47215,49,8131,1.14650989751341,1556093097,3,47390,49,8066,0.30852067940467226,1562385035,5,47552,49,8094
0.254362816249853,1560289833,5,47524,49,8093,0.2341625467808502,1560293421,12,47536,49,8038,0.8584814475775059,1551904060,9,47252,49,8085,0.23385961167894895,1560287245,3,47514,49,8118,0.4760991932653798,1547704775,4,47109,49,8116
0.254362816249853,1560289833,5,47524,49,8093,0.2341625467808502,1560293421,12,47536,49,8038,0.8584814475775059,1551904060,9,47252,49,8085,0.23385961167894895,1560287245,3,47514,49,8118,0.4760991932653798,1547704775,4,47109,49,8116
0.4481530872223826,1562390302,11,47608,49,8149,0.8016617119801231,1551902793,7,47268,49,8096,1.1688515474937058,1556098360,9,47385,49,8098,0.20316055478125605,1558190217,3,47495,49,8068,1.0657312839163744,1556093680,5,47360,49,8168
0.4481530872223826,1562390302,11,47608,49,8149,0.8016617119801231,1551902793,7,47268,49,8096,1.1688515474937058,1556098360,9,47385,49,8098,0.20316055478125605,1558190217,3,47495,49,8068,1.0657312839163744,1556093680,5,47360,49,8168
0.2849615050895039,1560290199,6,47536,49,8055,0.8922346305557811,1554001646,12,47300,49,8102,1.2025099217701767,1556097653,8,47399,49,8133,0.9481305640050487,1551898278,3,47303,49,8088,1.1919998803821987,1556093421,5,47418,49,8152
0.2849615050895039,1560290199,6,47536,49,8055,0.8922346305557811,1554001646,12,47300,49,8102,1.2025099217701767,1556097653,8,47399,49,8133,0.9481305640050487,1551898278,3,47303,49,8088,1.1919998803821987,1556093421,5,47418,49,8152
0.47732415860202215,1547711116,15,47106,49,8163,0.3713469608148389,1562390700,12,47591,49,8096,0.3376955195849706,1560291447,7,47542,49,8158,0.9996376996902522,1553996103,3,47326,49,0,0.607672979286719,1549801841,5,47163,49,8063
0.05108722676620684,1558195971,11,47438,49,8118,0.1316576165418506,1558195555,11,47493,49,8108,0.1594085561903052,1558194364,7,47468,49,8153,0.33687575312581136,1560287439,3,47552,49,8102,0.48640098654440844,1547705377,5,47112,49,8084
0.05108722676620684,1558195971,11,47438,49,8118,0.1316576165418506,1558195555,11,47493,49,8108,0.1594085561903052,1558194364,7,47468,49,8153,0.33687575312581136,1560287439,3,47552,49,8102,0.48640098654440844,1547705377,5,47112,49,8084
0.3256575160600377,1562389616,10,47554,49,8154,0.9609770857310892,1554000025,7,47330,49,8056,0.5221021847909317,1547709160,9,47112,49,8123,0.49517113085306574,1545606986,3,47115,49,8078,1.1961823221324723,1556093471,5,47417,49,8141
0.3256575160600377,1562389616,10,47554,49,8154,0.9609770857310892,1554000025,7,47330,49,8056,0.5221021847909317,1547709160,9,47112,49,8123,0.49517113085306574,1545606986,3,47115,49,8078,1.1961823221324723,1556093471,5,47417,49,8141
0.12391176791345364,1558193464,6,47468,49,8090,0.1621540594781128,1560293207,11,47498,49,8042,0.6854978177663424,1549806475,9,47182,49,8163,0.3420768275987491,1543509787,4,47048,49,8090,0.3129057208019112,1562384493,5,47557,49,8118
0.12391176791345364,1558193464,6,47468,49,8090,0.1621540594781128,1560293207,11,47498,49,8042,0.6854978177663424,1549806475,9,47182,49,8163,0.3420768275987491,1543509787,4,47048,49,8090,0.3129057208019112,1562384493,5,47557,49,8118
0.46957270842807947,1562390035,10,47615,49,8159,0,1558197022,13,47447,49,8113,1.1109183197637673,1556098140,9,47363,49,8113,0.5948208545392433,1547704955,4,47154,49,8182,1.0828662496996693,1556093721,5,47368,49,8103
0.46957270842807947,1562390035,10,47615,49,8159,0.03027544244443806,1558197022,13,47447,49,8113,1.1109183197637673,1556098140,9,47363,49,8113,0.5948208545392433,1547704955,4,47154,49,8182,1.0828662496996693,1556093721,5,47368,49,8103
0.14237210141005147,1558195936,11,47479,49,8099,1.1966878672395038,1558196495,12,47435,49,8115,1.0687946987053434,1554000821,9,47344,49,8107,1.2407540732665698,1556092782,3,47429,49,8180,1.1790473572810287,1556093302,5,47409,49,8117
0.14237210141005147,1558195936,11,47479,49,8099,1.1966878672395038,1558196495,12,47435,49,8115,1.0687946987053434,1554000821,9,47344,49,8107,1.2407540732665698,1556092782,3,47429,49,8180,1.1790473572810287,1556093302,5,47409,49,8117
0.1709316214672824,1560294162,16,47487,49,8100,0.3674712379517079,1562390842,12,47589,49,8106,0.08117844272880602,1558195251,9,47435,49,8142,0.5989010450789566,1547704035,3,47154,49,8074,0.4122510731230314,1545607666,5,47079,49,8081
0.1709316214672824,1560294162,16,47487,49,8100,0.3674712379517079,1562390842,12,47589,49,8106,0.08117844272880602,1558195251,9,47435,49,8142,0.5989010450789566,1547704035,3,47154,49,8074,0.4122510731230314,1545607666,5,47079,49,8081
0,1547707457,6,47150,49,8147,0,1558196437,12,47432,49,8022,0.562798199764103,1547709659,9,47129,49,8140,0.3542151896567061,1560286651,3,47561,49,8117,1.202099083661422,1556093926,5,47415,49,8095
0.5781970299226197,1547707457,6,47150,49,8147,0.015486359322412662,1558196437,12,47432,49,8022,0.562798199764103,1547709659,9,47129,49,8140,0.3542151896567061,1560286651,3,47561,49,8117,1.202099083661422,1556093926,5,47415,49,8095
0.363803169324033,1562389758,10,47572,49,8134,1.1539527032277541,1556097169,7,47415,49,8119,0.5636142374626464,1547709496,9,47129,49,8102,0.5671796241225411,1547704394,3,47145,49,8152,0.14318814594408968,1558190722,5,47477,49,8106
0.363803169324033,1562389758,10,47572,49,8134,1.1539527032277541,1556097169,7,47415,49,8119,0.5636142374626464,1547709496,9,47129,49,8102,0.5671796241225411,1547704394,3,47145,49,8152,0,1558190722,5,47477,49,8106
0.8258398820009252,1551902068,6,47258,49,8135,0.8425621878826846,1551902740,7,47276,49,8087,0.2577310852051652,1560292403,9,47512,49,8134,1.1369218872777052,1556092567,3,47391,49,8154,0.9186546026095435,1553995860,5,47298,49,8088
0.8258398820009252,1551902068,6,47258,49,8135,0.8425621878826846,1551902740,7,47276,49,8087,0.2577310852051652,1560292403,9,47512,49,8134,1.1369218872777052,1556092567,3,47391,49,8154,0.9186546026095435,1553995860,5,47298,49,8088
0.20499707953685964,1560292629,10,47505,49,8072,0.5742135652461046,1547710270,12,47171,49,8093,0.9312037562913639,1551903313,8,47285,49,8135,0.6479600711530165,1547704213,4,47177,49,8130,0.5844186390332835,1547704889,5,47151,49,8112
0.20499707953685964,1560292629,10,47505,49,8072,0.5742135652461046,1547710270,12,47171,49,8093,0.9312037562913639,1551903313,8,47285,49,8135,0.6479600711530165,1547704213,4,47177,49,8130,0.5844186390332835,1547704889,5,47151,49,8112
0.8464434855029168,1551901438,5,47261,49,8041,0.38144428336707664,1562390258,11,47597,49,8092,0.42745090690298715,1562386299,4,47584,49,8123,0.19969191172041081,1558189844,3,47500,49,8083,0.2651739438295806,1560288096,5,47529,49,8133
0.8464434855029168,1551901438,5,47261,49,8041,0.38144428336707664,1562390258,11,47597,49,8092,0.42745090690298715,1562386299,4,47584,49,8123,0.19969191172041081,1558189844,3,47500,49,8083,0.2651739438295806,1560288096,5,47529,49,8133
0.3694132181482639,1562390358,10,47570,49,8145,0.2630269056634816,1562391002,13,47550,49,8142,1.1970021160450617,1556098503,9,47399,49,8154,1.0739920692902916,1553995792,3,47360,49,8125,1.2188250883467833,1558191019,5,47427,49,8097
0.3694132181482639,1562390358,10,47570,49,8145,0.2630269056634816,1562391002,13,47550,49,8142,1.1970021160450617,1556098503,9,47399,49,8154,1.0739920692902916,1553995792,3,47360,49,8125,0,1558191019,5,47427,49,8097
0.49201102092661414,1547710985,15,47112,49,8090,0.3130041894931133,1562390648,12,47564,49,8093,0.5306696712483293,1547708953,8,47116,49,8077,0.33330486566096795,1560286975,3,47558,49,8121,0.6879422608016617,1549802520,5,47199,49,8090
0.49201102092661414,1547710985,15,47112,49,8090,0.3130041894931133,1562390648,12,47564,49,8093,0.5306696712483293,1547708953,8,47116,49,8077,0.33330486566096795,1560286975,3,47558,49,8121,0.6879422608016617,1549802520,5,47199,49,8090
0,1560290209,6,47536,49,8145,0.5957354297718372,1549807104,10,47176,49,8107,0.4329587061894666,1562389785,9,47586,49,8174,0.34340218809920087,1545606371,3,47051,49,8160,1.0025969837239805,1553996767,5,47330,49,8059
0.28067683245844466,1560290209,6,47536,49,8145,0.5957354297718372,1549807104,10,47176,49,8107,0.4329587061894666,1562389785,9,47586,49,8174,0.34340218809920087,1545606371,3,47051,49,8160,1.0025969837239805,1553996767,5,47330,49,8059
0.9269172348203555,1554001409,11,47296,49,8063,1.0369635275324842,1556099290,12,47370,49,8068,0.9442585315843741,1551903592,9,47293,49,8171,0.7677022192975644,1549801837,3,47227,49,8121,0.46916378638041445,1547704868,5,47104,49,8124
0.06985428023898223,1558196372,12,47443,49,8116,0.3820558545001677,1562390262,11,47599,49,8055,0.30944270527292783,1560292541,9,47533,49,8085,1.1168294816339701,1556093121,4,47380,49,8132,1.2269836104980798,1558190911,5,47434,49,8152
0.06985428023898223,1558196372,12,47443,49,8116,0.3820558545001677,1562390262,11,47599,49,8055,0.30944270527292783,1560292541,9,47533,49,8085,1.1168294816339701,1556093121,4,47380,49,8132,1.2269836104980798,1558190911,5,47434,49,8152
0.5117985699685547,1547707633,6,47118,49,8120,0.8720381142080692,1554002286,12,47299,49,8104,0.8514438006680196,1551903946,9,47251,49,8087,0.2190705187890962,1560287218,3,47510,49,8119,0.685903084289613,1549802362,5,47195,49,8153
0.5117985699685547,1547707633,6,47118,49,8120,0.8720381142080692,1554002286,12,47299,49,8104,0.8514438006680196,1551903946,9,47251,49,8087,0.2190705187890962,1560287218,3,47510,49,8119,0.685903084289613,1549802362,5,47195,49,8153
0.4844640380423632,1547710264,11,47106,49,8083,0.2798570308920272,1560291197,7,47545,49,8098,0.8442016876193544,1551903952,9,47250,49,8107,0.16175073423341937,1558190186,3,47480,49,8032,0.9037632819574412,1553996189,5,47291,49,8096
0.8823455000678508,1551904729,11,47277,49,8111,0.6572376481476533,1549805933,7,47197,49,8093,0.37186321427387553,1562388558,8,47561,49,8136,0.4835457826260801,1545606687,3,47101,49,8149,0.2978117980100859,1560287771,5,47544,49,8012
0.16062983074440818,1558192799,6,47480,49,8143,0.3072919053302475,1562390827,12,47564,49,8063,1.264216631675512,1558195267,9,47425,49,8188,0.7961576464500165,1551898522,3,47244,49,8075,1.0056566661280677,1553996803,5,47332,49,8128
0.16062983074440818,1558192799,6,47480,49,8143,0.3072919053302475,1562390827,12,47564,49,8063,1.264216631675512,1558195267,9,47425,49,8188,0.7961576464500165,1551898522,3,47244,49,8075,1.0056566661280677,1553996803,5,47332,49,8128
0.5259760897260534,1547710460,14,47122,49,8140,0.9795415218670119,1554000144,7,47333,49,8045,0.977916910548538,1554000697,9,47304,49,8165,1.1620127727720815,1556093459,3,47401,49,8050,0.4214301347126861,1545607526,5,47084,49,8142
0.5259760897260534,1547710460,14,47122,49,8140,0.9795415218670119,1554000144,7,47333,49,8045,0.977916910548538,1554000697,9,47304,49,8165,1.1620127727720815,1556093459,3,47401,49,8050,0.4214301347126861,1545607526,5,47084,49,8142
1.0402333161029629,1553998523,6,47344,49,6,0.5288258026418668,1547710018,11,47152,49,8083,1.1811925177497706,1556098058,9,47391,49,8153,0.38664905088807316,1545607487,4,47067,49,8137,1.1361076967728192,1556093453,5,47393,49,8105
1.0402333161029629,1553998523,6,47344,49,6,0.5288258026418668,1547710018,11,47152,49,8083,1.1811925177497706,1556098058,9,47391,49,8153,0.38664905088807316,1545607487,4,47067,49,8137,1.1361076967728192,1556093453,5,47393,49,8105
0.3270851271978163,1562391251,15,47552,49,8164,0.1870404580521935,1560291261,7,47511,49,8085,1.1330517696535516,1556098139,9,47367,49,8142,0.9508835251541797,1553995811,4,47311,49,8113,0.7451616605097258,1549802218,5,47226,49,8121
0.3270851271978163,1562391251,15,47552,49,8164,0.1870404580521935,1560291261,7,47511,49,8085,1.1330517696535516,1556098139,9,47367,49,8142,0.9508835251541797,1553995811,4,47311,49,8113,0.7451616605097258,1549802218,5,47226,49,8121
0.9639420015759725,1554002491,14,47308,49,13,1.132635298374412,1556099268,12,47408,49,8062,1.1850682399246408,1556097094,7,47393,49,8149,0.9003969042330761,1551898960,3,47286,49,8155,0.4641653163496637,1547704955,5,47109,49,8078
0.9639420015759725,1554002491,14,47308,49,13,1.132635298374412,1556099268,12,47408,49,8062,1.1850682399246408,1556097094,7,47393,49,8149,0.9003969042330761,1551898960,3,47286,49,8155,0.4641653163496637,1547704955,5,47109,49,8078
0.33432724800627617,1562390780,14,47553,49,8027,0.9278299166529059,1553999752,7,47320,49,8090,1.2792101970667948,1558195432,9,47430,49,8161,0.5731967599710446,1547703965,3,47150,49,8046,0.2683358569180926,1560287956,5,47533,49,8117
0.5693228546353546,1547710748,14,47145,49,8147,0.31371862804676526,1562390111,11,47565,49,8053,1.1249936116996146,1556097998,9,47366,49,8166,1.2171930266144424,1556092125,3,47420,49,8090,1.0034130132759809,1553996088,5,47334,49,8045
0.7180316134063016,1549808205,15,47207,49,8150,0,1551902743,7,47280,49,8090,0.54627480657258,1547709788,9,47120,49,8148,0.2967912953831133,1560287460,3,47540,49,8160,1.2203549205377122,1558190720,5,47431,49,8151
0.7180316134063016,1549808205,15,47207,49,8150,0.8615337132907342,1551902743,7,47280,49,8090,0.54627480657258,1547709788,9,47120,49,8148,0.2967912953831133,1560287460,3,47540,49,8160,1.2203549205377122,1558190720,5,47431,49,8151
0.04404959422756584,1558195068,9,47431,49,8158,0.5732952981485957,1547706914,5,47170,49,8050,0.7706633441690224,1549806562,8,47216,49,8148,0.2068317919644194,1560287034,3,47502,49,8132,1.0850076440758387,1556093672,5,47374,49,8073
0,1558195068,9,47431,49,8158,0.5732952981485957,1547706914,5,47170,49,8050,0.7706633441690224,,,,,8148,0.2068317919644194,1560287034,3,47502,49,8132,1.0850076440758387,1556093672,5,47374,49,8073
0.552901687053778,1547710150,11,47139,49,8088,0.8190011544009076,1551902911,7,47265,49,8069,0.9958679094162823,1554000829,9,47317,49,8101,0.19652999145427072,1560286817,3,47499,49,8068,1.0191203769703727,1553996295,5,47340,49,8144
1.0218733548422347,1556099226,14,47341,49,8170,0.7481154199067972,1551904057,11,47232,49,8052,0.07791428320340675,1558195504,9,47437,49,8088,0.19887586923047,1560286459,3,47501,49,8085,0.4887468595968509,1547705001,5,47116,49,8090
1.0218733548422347,1556099226,14,47341,49,8170,0.7481154199067972,1551904057,11,47232,49,8052,0.07791428320340675,1558195504,9,47437,49,8088,0.19887586923047,1560286459,3,47501,49,8085,0.4887468595968509,1547705001,5,47116,49,8090
1.1230529412052432,1556098706,10,47381,49,8117,0.5804351743775461,1549807635,11,47172,49,8081,0.23825023121961406,1560291834,8,47505,49,8102,1.2196411446906523,1556093100,3,47421,49,8100,0.888462995810363,1553996411,5,47294,49,8178
1.1230529412052432,1556098706,10,47381,49,8117,0.5804351743775461,1549807635,11,47172,49,8081,0.23825023121961406,1560291834,8,47505,49,8102,1.2196411446906523,1556093100,3,47421,49,8100,0.888462995810363,1553996411,5,47294,49,8178
0.500680738732874,1547710044,10,47115,49,8099,0.6396955951876265,1549807104,11,47191,49,8059,0.3457536715143481,1560292237,9,47547,49,8108,0.32177993944545247,1560287554,3,47552,49,8080,0.6286836614487468,1549802215,5,47177,49,8132
0.500680738732874,1547710044,10,47115,49,8099,0.6396955951876265,1549807104,11,47191,49,8059,0.3457536715143481,1560292237,9,47547,49,8108,0.32177993944545247,1560287554,3,47552,49,8080,0.6286836614487468,1549802215,5,47177,49,8132
0.7619917769762896,1549807143,10,47225,49,8109,0.2662910740996302,1560292843,11,47548,49,8017,0.5703451796184008,1547709637,9,47137,49,8106,0.3302451819870177,1543509238,3,47045,49,8095,0.1598119109202258,1560287601,5,47494,49,8111
0.7619917769762896,1549807143,10,47225,49,8109,0.2662910740996302,1560292843,11,47548,49,8017,0.5703451796184008,1547709637,9,47137,49,8106,0.3302451819870177,1543509238,3,47045,49,8095,0.1598119109202258,1560287601,5,47494,49,8111
0.3762468270648978,1562387626,6,47575,49,8111,0.8795850850390026,1554001774,11,47303,49,8127,0.5611661204245253,1547709765,9,47131,49,8135,0.03741905553956904,1556093055,3,47428,49,8130,0.46334927576430557,,,,,
0.3762468270648978,1562387626,6,47575,49,8111,0.8795850850390026,1554001774,11,47303,49,8127,0.5611661204245253,1547709765,9,47131,49,8135,0.03741905553956904,1556093055,3,47428,49,8130,0.46334927576430557,1547705132,5,47110,49,8089
0.7982004983218249,1551904490,11,47238,49,8082,1.058892496645567,1556099825,13,47369,49,8002,1.0973523559885843,1556097468,8,47362,49,8155,1.0199345742078576,1553995975,3,47339,49,8110,0.5547382172588262,1549801469,4,47142,49,8098
0.7982004983218249,1551904490,11,47238,49,8082,1.058892496645567,1556099825,13,47369,49,8002,1.0973523559885843,1556097468,8,47362,49,8155,1.0199345742078576,1553995975,3,47339,49,8110,0.5547382172588262,1549801469,4,47142,49,8098
1.1176473787414591,1556098996,11,47378,49,8066,1.1996453078041094,1558196530,13,47437,49,8175,0.42500279108361977,1545609298,4,47074,49,8105,0.45886200655629295,1545607700,4,47096,49,8100,0.7046701176544496,1549802156,5,47208,49,8103
1.1176473787414591,1556098996,11,47378,49,8066,1.1996453078041094,1558196530,13,47437,49,8175,0.42500279108361977,1545609298,4,47074,49,8105,0.45886200655629295,1545607700,4,47096,49,8100,0.7046701176544496,1549802156,5,47208,49,8103
1.1340685440648814,1556095791,6,47385,49,8084,0.9683214489378068,1554000152,7,47337,49,8122,0.697838789710554,1549806738,9,47191,49,8129,0.7391427071868116,1549801837,3,47220,49,8076,0.7007943947420271,1549801498,4,47206,49,8123
1.1340685440648814,1556095791,6,47385,49,8084,0.9683214489378068,1554000152,7,47337,49,8122,0.697838789710554,1549806738,9,47191,49,8129,0.7391427071868116,1549801837,3,47220,49,8076,0.7007943947420271,1549801498,4,47206,49,8123
0,1551904979,12,47251,49,8106,1.075213300797165,1556099261,12,47377,49,8097,0.6416398796408939,1547708773,8,47166,49,8038,1.0723599868997702,1553994891,3,47361,49,8101,0.8896879847233092,1553995817,5,47290,49,8121
0.8205365610225656,1551904979,12,47251,49,8106,1.075213300797165,1556099261,12,47377,49,8097,0.6416398796408939,1547708773,8,47166,49,8038,1.0723599868997702,1553994891,3,47361,49,8101,0.8896879847233092,1553995817,5,47290,49,8121
0,1560292867,11,47550,49,8094,0.6972198559514651,1549805746,7,47211,49,8083,0.26935825649641115,1560292550,9,47516,49,8130,1.0998989922604985,1553995348,4,47371,49,8115,0.7251696312195205,1551899482,5,47223,49,8081
0.31147998962402446,1560292867,11,47550,49,8094,0.6972198559514651,1549805746,7,47211,49,8083,0.26935825649641115,1560292550,9,47516,49,8130,1.0998989922604985,1553995348,4,47371,49,8115,0.7251696312195205,1551899482,5,47223,49,8081
0.8111530281819753,1551904358,10,47251,49,8163,0.5219926389813299,1547708228,7,47137,49,8077,0.8207428815784154,1551903637,9,47238,49,8146,0.7930979659547496,1549801188,4,47241,49,8105,0.2244779215557424,1560287343,4,47516,49,8110
0.8111530281819753,1551904358,10,47251,49,8163,0.5219926389813299,1547708228,7,47137,49,8077,0.8207428815784154,1551903637,9,47238,49,8146,0.7930979659547496,1549801188,4,47241,49,8105,0.2244779215557424,1560287343,4,47516,49,8110
0,1562390147,11,47612,49,8053,0.26312915351255733,1560293508,12,47539,49,8041,0.7120163173769367,1549806993,9,47192,49,8104,0.06199876171353316,1558189510,3,47441,49,8126,0.47263056789517566,1547705459,5,47114,49,8040
0.4561089944530328,1562390147,11,47612,49,8053,0.26312915351255733,1560293508,12,47539,49,8041,0.7120163173769367,1549806993,9,47192,49,8104,0.06199876171353316,1558189510,3,47441,49,8126,0.47263056789517566,1547705459,5,47114,49,8040
0,1556095927,6,47407,49,8105,0.23416255027581584,1560293144,12,47535,49,8134,0.36890577457670065,1562389692,9,47556,49,8190,0.18429126617549232,1558190132,3,47490,49,8097,0.43285465081079005,1545607897,5,47088,49,8110
1.1787425083261596,1556095927,6,47407,49,8105,0.23416255027581584,1560293144,12,47535,49,8134,0.36890577457670065,1562389692,9,47556,49,8190,0.18429126617549232,1558190132,3,47490,49,8097,0.43285465081079005,1545607897,5,47088,49,8110
1.0395195023869588,1553998454,6,47348,49,8133,0.06913489366197718,1558196391,12,47457,49,8116,0.37196545690948457,1562389451,9,47558,49,8127,0.3241258255521164,1560286845,3,47551,49,8078,0.45029449792605525,1547704836,5,47101,49,8159
0.07689191277762322,1558193257,6,47450,49,8114,1.1903640289551245,1558195960,11,47424,49,8081,1.0107592425678316,1554001214,9,47319,49,8170,0.06475173250517276,1558189545,3,47446,49,8122,1.2706389365602508,1558191120,5,47450,49,8111
0.07689191277762322,1558193257,6,47450,49,8114,1.1903640289551245,1558195960,11,47424,49,8081,1.0107592425678316,1554001214,9,47319,49,8170,0.06475173250517276,1558189545,3,47446,49,8122,1.2706389365602508,1558191120,5,47450,49,8111
0.4269379234196165,1562389727,10,47602,49,8130,0.9098789211923981,1554002314,13,47302,49,8038,0.4038898702716019,1562389939,9,47573,49,8082,1.0472691071276334,1553996054,4,47349,49,8071,0.872757494050883,1551899403,5,47279,49,8147
0.4269379234196165,1562389727,10,47602,49,8130,0.9098789211923981,1554002314,13,47302,49,8038,0.4038898702716019,1562389939,9,47573,49,8082,1.0472691071276334,1553996054,4,47349,49,8071,0.872757494050883,1551899403,5,47279,49,8147
1.1559975011468104,1556096023,6,47398,49,8171,1.1823058528564305,1558196859,13,47434,49,8138,0.09974102320472508,1558195440,9,47443,49,8119,1.2146426683756053,1556093127,3,47420,49,8160,0.8506240552012263,1551898891,5,47272,49,8078
1.1559975011468104,1556096023,6,47398,49,8171,1.1823058528564305,1558196859,13,47434,49,8138,0.09974102320472508,1558195440,9,47443,49,8119,1.2146426683756053,1556093127,3,47420,49,8160,0.8506240552012263,1551898891,5,47272,49,8078
0.6524491742731027,1549807138,10,47183,49,8070,0.4006184255791845,1562388478,7,47602,49,8090,1.0114730451044587,1553997499,4,47320,49,8068,0.1795995048779456,1558190155,3,47488,49,8155,0.8552154324599041,1551898588,5,47267,49,8109
0.6524491742731027,1549807138,10,47183,49,8070,0.4006184255791845,1562388478,7,47602,49,8090,1.0114730451044587,1553997499,4,47320,49,8068,0.1795995048779456,1558190155,3,47488,49,8155,0.8552154324599041,1551898588,5,47267,49,8109
0.16430106493674934,1560292380,10,47489,49,8119,0.7709607865257788,1551902728,7,47259,49,8102,0.7392486169711107,1549806949,9,47205,49,8134,0.3288175867858282,1560287495,3,47553,49,8181,0.9086595071545467,1553996446,5,47295,49,8158
0.16430106493674934,1560292380,10,47489,49,8119,0.7709607865257788,1551902728,7,47259,49,8102,0.7392486169711107,1549806949,9,47205,49,8134,0.3288175867858282,1560287495,3,47553,49,8181,0.9086595071545467,1553996446,5,47295,49,8158
0.8466460962803191,1551903178,9,47271,49,8164,0.06117896373399722,1558195956,11,47458,49,8074,0.45458098136631964,1545611607,8,47085,49,8133,0.4809936173929538,1545607386,4,47109,49,8107,0.8934614721556027,1553996170,5,47292,49,8098
0.8466460962803191,1551903178,9,47271,49,8164,0.06117896373399722,1558195956,11,47458,49,8074,0.45458098136631964,1545611607,8,47085,49,8133,0.4809936173929538,1545607386,4,47109,49,8107,0.8934614721556027,1553996170,5,47292,49,8098
0.3362641585065213,1562389231,9,47563,49,8131,0.5482062515848903,1547710236,11,47155,49,8078,0.15288024485104307,1558195319,9,47467,49,8170,0.6280702906746566,1547704483,3,47170,49,8119,0.9179407927260644,1553996795,5,47300,49,8163
0.3362641585065213,1562389231,9,47563,49,8131,0.5482062515848903,1547710236,11,47155,49,8078,0.15288024485104307,1558195319,9,47467,49,8170,0.6280702906746566,1547704483,3,47170,49,8119,0.9179407927260644,1553996795,5,47300,49,8163
0.98077024531939,1553998718,6,47324,49,8114,1.0283960434078898,1556098978,11,47367,49,8028,1.0309538932878666,1554001564,10,47330,49,8122,0.6663181833401497,1549801467,3,47187,49,8091,0.9142676791248149,1553996631,5,47306,49,8058
0.98077024531939,1553998718,6,47324,49,8114,1.0283960434078898,1556098978,11,47367,49,8028,1.0309538932878666,1554001564,10,47330,49,8122,0.6663181833401497,1549801467,3,47187,49,8091,0.9142676791248149,1553996631,5,47306,49,8058
0.7636238447902556,1549807155,11,47229,49,8146,0.938131713175483,1554001748,11,47324,49,8040,0.25681281004760825,1560292680,9,47512,49,8132,1.1731306209708925,1556093265,3,47402,49,8073,0.14624781567844455,1560287556,4,47484,49,8127
0.7636238447902556,1549807155,11,47229,49,8146,0.938131713175483,1554001748,11,47324,49,8040,0.25681281004760825,1560292680,9,47512,49,8132,1.1731306209708925,1556093265,3,47402,49,8073,0.14624781567844455,1560287556,4,47484,49,8127
0.9386466289997113,1554001428,11,47305,49,8103,0.9870884800524631,1554001780,12,47340,49,8036,0.5031306754986777,1545611723,8,47105,49,8135,0.8093146602998453,1551898912,3,47249,49,8106,0.8889741799816513,1553996389,5,47290,49,8102
0.9386466289997113,1554001428,11,47305,49,8103,0.9870884800524631,1554001780,12,47340,49,8036,0.5031306754986777,1545611723,8,47105,49,8135,0.8093146602998453,1551898912,3,47249,49,8106,0.8889741799816513,1553996389,5,47290,49,8102
1.1278469319251911,1556095043,5,47386,49,0,1.1471176505455565,1556097027,7,47411,49,8065,0.40858163022862876,1562389430,8,47576,49,0,0.650305957187852,1547704395,3,47176,49,8073,0.4799749036457179,1547705106,5,47116,49,8135
1.1278469319251911,1556095043,5,47386,49,0,1.1471176505455565,1556097027,7,47411,49,8065,0.40858163022862876,1562389430,8,47576,49,0,0.650305957187852,1547704395,3,47176,49,8073,0.4799749036457179,1547705106,5,47116,49,8135
1.0058611319648414,1553998179,5,47334,49,8127,0.6713129261675216,1549807832,12,47212,49,8075,0.8684765383414581,1551903990,9,47259,49,8119,0.4954778348951385,1545606457,3,47110,49,8111,0.8867305363890805,1553996241,5,47288,49,8053
1.0058611319648414,1553998179,5,47334,49,8127,0.6713129261675216,1549807832,12,47212,49,8075,0.8684765383414581,1551903990,9,47259,49,8119,0.4954778348951385,1545606457,3,47110,49,8111,0.8867305363890805,1553996241,5,47288,49,8053
0,1556098755,11,47408,49,8130,0.7644343274793194,1551904434,11,47245,49,8075,0.40541971204748256,1562389553,9,47575,49,8154,0.3737969208394623,1545607629,4,47063,49,8114,0.4360147433298775,1547704816,5,47099,49,8055
0,1556098755,11,47408,49,8130,0.7644343274793194,1551904434,11,47245,49,8075,0.40541971204748256,1562389553,9,47575,49,8154,0.3737969208394623,1545607629,4,47063,49,8114,0.4360147433298775,1547704816,5,47099,49,8055
0.5592255144938096,1547707691,6,47145,49,8078,0.14471236373086482,1560293936,13,47497,49,8034,0.23661815818525617,1560292757,9,47502,49,8113,0.7149701065914239,1549801523,3,47206,49,8091,0.472835028630069,1547705284,5,47114,49,8131
0.5592255144938096,1547707691,6,47145,49,8078,0.14471236373086482,1560293936,13,47497,49,8034,0.23661815818525617,1560292757,9,47502,49,8113,0.7149701065914239,1549801523,3,47206,49,8091,0.472835028630069,1547705284,5,47114,49,8131
0.494356891712923,1547711003,14,47117,49,8160,0.96964866880939,1554002073,12,47337,49,8063,0.6822336672073758,1549806838,9,47181,49,8118,0.3250441077829634,1560287308,3,47549,49,8114,1.1031631225652097,1556093954,5,47382,49,8134
0,1558191866,4,47436,49,8095,0.85459642471653,1551905139,13,47289,49,8097,0.7057947106059407,1549806216,8,47190,49,8109,1.1941413059756114,1556093152,3,47412,49,8087,0.630315735608731,1549801741,5,47178,49,8115
0.05302601206276132,1558191866,4,47436,49,8095,0.85459642471653,1551905139,13,47289,49,8097,0.7057947106059407,1549806216,8,47190,49,8109,1.1941413059756114,1556093152,3,47412,49,8087,0,1549801741,5,47178,49,8115
0.5764627177714807,1547707472,6,47152,49,8103,0.2408953360530798,1560291123,7,47538,49,8097,0.3743113359783427,1562388620,8,47560,49,8105,0.5035341546375642,1547704203,3,47119,49,8136,0.9227347863234435,1553995889,5,47303,49,8165
0,1556097680,9,47367,49,8106,0.7447490087657972,1551901170,6,47238,49,8126,1.1577337038411992,1556097722,8,47383,49,8134,1.1060183634604428,1556092869,4,47372,49,8048,1.264926644621832,1558191104,5,47453,49,8120
0,1560293908,15,47540,49,8098,0,1558195941,11,47435,49,8075,0.7536306029524134,1549807048,9,47209,49,8136,0.48578761425842104,1545606698,3,47109,49,8153,0.45967801279716225,1547705215,5,47108,49,8094
0.2872051419813449,1560293908,15,47540,49,8098,0,1556095621,6,47365,49,8087,0.7536306029524134,1549807048,9,47209,49,8136,0.48578761425842104,1545606698,3,47109,49,8153,0.45967801279716225,1547705215,5,47108,49,8094
0.057513300810221005,1558195965,11,47440,49,8098,0.7179238124571107,1551904000,11,47237,49,8062,1.032688208890866,1553997408,4,47329,49,8136,0.35737523699204743,1545607100,3,47056,49,8109,0.23121071198972185,1560287893,5,47516,49,8058
0.057513300810221005,1558195965,11,47440,49,8098,0.7179238124571107,1551904000,11,47237,49,8062,1.032688208890866,1553997408,4,47329,49,8136,0.35737523699204743,1545607100,3,47056,49,8109,0.23121071198972185,1560287893,5,47516,49,8058
1.0397239786031016,1553998237,5,47346,49,8151,0.5902276204694976,1549804419,6,47177,49,8153,0.22040146531473223,1560291840,8,47493,49,8169,0.348298434806222,1562383845,3,47561,49,8132,0.11218235437619693,1558190358,5,47467,49,8100
1.0397239786031016,1553998237,5,47346,49,8151,0.5902276204694976,1549804419,6,47177,49,8153,0.22040146531473223,1560291840,8,47493,49,8169,0.348298434806222,1562383845,3,47561,49,8132,0.11218235437619693,1558190358,5,47467,49,8100
0.13421356543648483,1558194900,9,47472,49,8105,0.9567965092723958,1554000097,7,47327,49,8074,0.28353577818257397,1560292442,9,47522,49,8164,0.9467010958752092,1553995906,4,47310,49,8073,0.22274359790733964,1560288040,5,47519,49,8116
0.13421356543648483,1558194900,9,47472,49,8105,0.9567965092723958,1554000097,7,47327,49,8074,0.28353577818257397,1560292442,9,47522,49,8164,0.9467010958752092,1553995906,4,47310,49,8073,0.22274359790733964,1560288040,5,47519,49,8116
0.4221439297577101,1562390239,11,47601,49,8050,0.1306370863493953,1560292820,10,47498,49,8082,1.2216840526681148,1556098131,9,47412,49,8171,0.5082259156638224,1547704322,4,47121,49,8124,0.5316865093582775,1547705309,5,47138,49,8140
0.4221439297577101,1562390239,11,47601,49,8050,0.1306370863493953,1560292820,10,47498,49,8082,1.2216840526681148,1556098131,9,47412,49,8171,0.28332757871446784,1560287550,3,47534,49,8112,0.5316865093582775,1547705309,5,47138,49,8140
0.9179407927260644,1554001758,13,47300,49,8142,0.3012747813259742,1562391249,13,47569,49,8130,0.9833224712867366,1554000945,9,47309,49,8113,0.25272889213953115,1560287738,4,47522,49,8118,1.0423747001133075,1556093506,5,47355,49,8090
0.9179407927260644,1554001758,13,47300,49,8142,0.3012747813259742,1562391249,13,47569,49,8130,0.9833224712867366,1554000945,9,47309,49,8113,0.25272889213953115,1560287738,4,47522,49,8118,1.0423747001133075,1556093506,5,47355,49,8090
0.9979052122288227,1553999049,6,47332,49,8158,0.40449414439886094,1545613324,12,47093,49,8034,1.0130028848136887,1554001275,9,47322,49,8138,0.1873509510394193,1558189842,3,47491,49,8092,0.13217252884939526,1558190677,5,47479,49,8170
0.9979052122288227,1553999049,6,47332,49,8158,0.40449414439886094,1545613324,12,47093,49,8034,1.0130028848136887,1554001275,9,47322,49,8138,0.1873509510394193,1558189842,3,47491,49,8092,0.13217252884939526,1558190677,5,47479,49,8170
0.9086595173681074,1551904232,11,47291,49,8142,0.25619373966427755,1560291039,7,47547,49,8076,0.551680370247178,1547709339,8,47125,49,8121,0.7054843491878281,1549801750,3,47203,49,8087,0.2976073000869078,1562384703,5,47553,49,8078
0.9086595173681074,1551904232,11,47291,49,8142,0.25619373966427755,1560291039,7,47547,49,8076,0.551680370247178,1547709339,8,47125,49,8121,0.7054843491878281,1549801750,3,47203,49,8087,0.2976073000869078,1562384703,5,47553,49,8078
1.1504897093883037,1556095410,5,47392,49,8131,0.6887545966747528,1549805732,7,47218,49,8109,0.44305603862057485,1562389713,9,47590,49,8109,0.509041956534363,1547704595,4,47120,49,8121,0.9429294330204213,1553996503,5,47314,49,8108
1.1504897093883037,1556095410,5,47392,49,8131,0.6887545966747528,1549805732,7,47218,49,8109,0.44305603862057485,1562389713,9,47590,49,8109,0.509041956534363,1547704595,4,47120,49,8121,0.9429294330204213,1553996503,5,47314,49,8108
0.10963201616742656,1558196035,13,47461,49,8072,1.158235490689175,1556096987,7,47415,49,8093,0.3514640886271228,1562388964,9,47552,49,8157,0.3598233605880691,1545607070,4,47055,49,8093,0.39797131740491465,1545607993,5,47078,49,8114
0.10963201616742656,1558196035,13,47461,49,8072,1.158235490689175,1556096987,7,47415,49,8093,0.3514640886271228,1562388964,9,47552,49,8157,0.3598233605880691,1545607070,4,47055,49,8093,0.39797131740491465,1545607993,5,47078,49,8114
0.3161717609277035,1560293137,11,47548,49,8138,0.41561197545918,1547710370,11,47104,49,8062,0.28832977798969944,1560292456,9,47523,49,8146,0.28781486403137696,1560287544,4,47537,49,8081,1.0427817928287186,1553996353,5,47356,49,8122
0.3161717609277035,1560293137,11,47548,49,8138,0.41561197545918,1547710370,11,47104,49,8062,0.28832977798969944,1560292456,9,47523,49,8146,0.28781486403137696,1560287544,4,47537,49,8081,1.0427817928287186,1553996353,5,47356,49,8122
0.1896986750358103,1560294191,16,47492,49,8079,0.4276462432848206,1547711246,13,47114,49,8067,1.1545717831122135,1556098268,9,47382,49,8104,1.0684842766228237,1553996042,3,47355,49,8097,0.3126008720228431,1562385275,5,47555,49,8075
0.1896986750358103,1560294191,16,47492,49,8079,0.4276462432848206,1547711246,13,47114,49,8067,1.1545717831122135,1556098268,9,47382,49,8104,1.0684842766228237,1553996042,3,47355,49,8097,0.3126008720228431,1562385275,5,47555,49,8075
0.5851324461104749,1547707460,6,47151,49,8122,0.5383115516977495,1547708127,7,47157,49,8078,0.21774887299924003,1560291310,7,47495,49,8140,1.0612421575596291,1553996071,3,47354,49,8111,1.0247285488952524,155396383,5,47349,49,8150
0.5851324461104749,1547707460,6,47151,49,8122,0.5383115516977495,1547708127,7,47157,49,8078,0.21774887299924003,1560291310,7,47495,49,8140,1.0612421575596291,1553996071,3,47354,49,8111,1.0247285488952524,1553996383,5,47349,49,8150
0.966797208019965,1554000764,9,47313,49,8088,0.4045963783681958,1545613321,12,47092,49,8078,1.221888530577195,1556098497,9,47410,49,8150,0.33422315397766095,1560287447,3,47554,49,8138,0.779431596129825,1551899416,5,47242,49,8124
0.5931905932670887,1547707426,6,47152,49,8153,0.9406802116704227,1553999889,7,47319,49,8068,0.36727369293086876,1562388831,8,47557,49,8170,0.9269154013096519,1551898786,3,47295,49,8130,0.6798859396668562,1549802487,5,47194,49,8142
0.855827008672542,1551901268,5,47265,49,8125,1.1923028386477919,1556095655,6,47420,49,8044,0.5072108631327608,1545612385,9,47105,49,8143,1.0636902768157568,1553996156,3,47354,49,8106,0.7711689706167087,1551899218,5,47243,49,8130
0.855827008672542,1551901268,5,47265,49,8125,1.1923028386477919,1556095655,6,47420,49,8044,0.5072108631327608,1545612385,9,47105,49,8143,1.0636902768157568,1553996156,3,47354,49,8106,0.7711689706167087,1551899218,5,47243,49,8130
0.19041247681103365,1560292958,10,47493,49,8190,1.171189915968612,1556096377,6,47411,49,8141,0.25926092865816547,1560291297,7,47512,49,8160,0.06638381705418062,1558190240,3,47444,49,8143,1.1233596483772037,1556093695,5,47382,49,8109
0.19041247681103365,1560292958,10,47493,49,8190,1.171189915968612,1556096377,6,47411,49,8141,0.25926092865816547,1560291297,7,47512,49,8160,0.06638381705418062,1558190240,3,47444,49,8143,1.1233596483772037,1556093695,5,47382,49,8109
1.1132623309552685,1556098518,10,47374,49,8105,0.4195899490937073,1545611065,7,47100,49,8102,1.209343085662779,1556094787,4,47405,49,8161,0.7932002075130641,1549801489,3,47238,49,8121,0.768415995738221,1551899349,5,47238,49,8130
0.3013826729902335,1560288328,3,47542,49,8120,0.6609089075242309,1549805427,7,47198,49,8084,1.0766483831347047,1554000707,9,47346,49,8091,0.33881267544408783,1560287248,3,47557,49,8155,1.2508513688680951,1558191118,5,47444,49,8107
0.3013826729902335,1560288328,3,47542,49,8120,0.6609089075242309,154985427,7,47198,49,8084,1.0766483831347047,1554000707,9,47346,49,8091,0.33881267544408783,1560287248,3,47557,49,8155,1.2508513688680951,1558191118,5,47444,49,8107
0.7305770508031498,1549803193,4,47214,49,8183,0.8885615250722707,1551902130,6,47294,49,8048,0.9428309275518991,1551903737,9,47290,49,8090,0.656118625652238,1549800629,3,47182,49,8135,0.6434727495498489,1549802256,5,47184,49,8134
1.1372304623241019,1556098199,10,47387,49,8154,1.141713994117165,1556096804,7,47396,49,8127,0.8324722845988849,1551903573,9,47244,49,8136,1.065424594848081,1553996323,3,47353,49,8104,0,1560288236,5,4747,49,8130
0.9513965535263582,1554001674,11,47305,49,8118,0.34197143430317484,1562390830,12,47581,49,8106,0.1637936105529014,1558194826,8,47472,49,8147,0.6466347048592502,1547704470,4,47171,49,8127,0.19826427912163488,1560288029,5,47509,49,8156
0.9513965535263582,1554001674,11,47305,49,8118,0.34197143430317484,1562390830,12,47581,49,8106,0.1637936105529014,1558194826,8,47472,49,8147,0.6466347048592502,1547704470,4,47171,49,8127,0.19826427912163488,1560288029,5,47509,49,8156
0.8100321356549598,1551900508,4,47243,49,8125,0.8337902406070208,1551905103,12,47271,49,8055,0.686823195613652,1549805671,7,47184,49,8185,0.21794777116792216,1560286910,3,47510,49,8162,0.49904682268350076,1547705399,5,47128,49,8022
0.44876466279490707,1562389596,10,47609,49,8161,0.06740057893295893,1558195966,11,47457,49,8035,1.206894965884263,1556097721,8,47405,49,8133,1.1045907643780455,1553995310,3,47369,49,8150,0.638472441128599,1549802338,5,47193,49,8176
0.44876466279490707,1562389596,10,47609,49,8161,0.06740057893295893,1558195966,11,47457,49,8035,1.206894965884263,1556097721,8,47405,49,8133,1.1045907643780455,1553995310,3,47369,49,8150,0.638472441128599,1549802338,5,47193,49,8176
0.9623099183903248,1554000998,9,47310,49,8147,0.552693552415261,1547707628,6,47148,49,8080,1.0882755510279565,1553999954,8,47352,49,12,0.33687387525121637,1543509974,3,47048,49,8061,0.4445822307655856,1545607679,5,47102,49,8080
0.9623099183903248,1554000998,9,47310,49,8147,0.552693552415261,1547707628,6,47148,49,8080,1.0882755510279565,1553999954,8,47352,49,12,0.33687387525121637,1543509974,3,47048,49,8061,0.4445822307655856,1545607679,5,47102,49,8080
0.2903670700329116,1560293017,10,47538,49,8118,0.8410323540407527,1551903057,7,47281,49,8065,0.966901304399362,1554001270,10,47302,49,8130,0.8995808733578838,1551898824,3,47283,49,8136,0.3006688625397011,1560287796,5,47545,49,8132
0.20703811582695603,1560293293,11,47499,49,8102,0.2092761479139478,1560291412,7,47523,49,8098,0.3369817161010873,1560291773,8,47542,49,8127,0.7459758891663161,1549801782,3,47221,49,8099,0.6464301993207033,1549802394,5,47187,49,8115
0.20703811582695603,1560293293,11,47499,49,8102,0.2092761479139478,1560291412,7,47523,49,8098,0.3369817161010873,1560291773,8,47542,49,8127,0.7459758891663161,1549801782,3,47221,49,8099,0.6464301993207033,1549802394,5,47187,49,8115
0.7851457153499783,1549807119,11,47233,49,8150,0.5800280775683386,1547708485,7,47160,49,8095,0.6103273948449441,1547709652,9,47150,49,8114,0.18102711341371713,1558190268,4,47488,49,8016,0.633068719199679,1549802213,5,47182,49,8156
0.7851457153499783,1549807119,11,47233,49,8150,0.5800280775683386,1547708485,7,47160,49,8095,0.6103273948449441,1547709652,9,47150,49,8114,0.18102711341371713,1558190268,4,47488,49,8016,0.633068719199679,1549802213,5,47182,49,8156
1.0691999151551639,1556099872,14,47360,49,8061,0.5189329551465733,1547708582,7,47135,49,8078,0.1866408547123715,1558194497,8,47480,49,8141,0.9938231818815454,1553996043,3,47328,49,8073,0.31239638952898835,1545608081,5,47046,49,8116
1.0691999151551639,1556099872,14,47360,49,8061,0.5189329551465733,1547708582,7,47135,49,8078,0.1866408547123715,1558194497,8,47480,49,8141,0.9938231818815454,1553996043,3,47328,49,8073,0.31239638952898835,1545608081,5,47046,49,8116
0.12064761044458223,1558193039,5,47468,49,8055,0.3248364644608826,1562388549,7,47574,49,8073,0.881735785596141,1551903735,9,47265,49,8091,0.08056133456028756,1558189828,3,47450,49,8122,1.194550236185945,1556093373,5,47419,49,8124
0.7478142498750117,1549804587,6,47223,49,8110,0.8232858268980849,1551904395,11,47263,49,8037,0.6854978197292608,1549807108,10,47181,49,8103,0.9446619288070156,1553995739,3,47306,49,8109,0.14124934811635376,1558190179,5,47482,49,8096
0.7478142498750117,1549804587,6,47223,49,8110,0.8232858268980849,1551904395,11,47263,49,8037,0.6854978197292608,1549807108,10,47181,49,8103,0.9446619288070156,1553995739,3,47306,49,8109,0.14124934811635376,1558190179,5,47482,49,8096
0.18102894647594933,1560292789,10,47492,49,8102,0.1149316142117074,1558193496,6,47472,49,8064,0.4827315527902388,1545611354,8,47097,49,8143,0.6498970195248244,1549800837,3,47180,49,8130,0.3271854788531107,1545608182,5,47051,49,8065
0.18102894647594933,1560292789,10,47492,49,8102,0.1149316142117074,1558193496,6,47472,49,8064,0.4827315527902388,1545611354,8,47097,49,8143,0.6498970195248244,1549800837,3,47180,49,8130,0.3271854788531107,1545608182,5,47051,49,8065
0.20581311922429577,1560293548,12,47505,49,8140,0.8221630740374681,1551902456,6,47274,49,8126,0.9732251445910451,1553999892,7,47304,49,8156,0.9002946728019401,1551898925,4,47285,49,8077,1.1302950542026706,1556093804,5,47385,49,8120
0.20581311922429577,1560293548,12,47505,49,8140,0.8221630740374681,1551902456,6,47274,49,8126,0.9732251445910451,1553999892,7,47304,49,8156,0.9002946728019401,1551898925,4,47285,49,8077,1.1302950542026706,1556093804,5,47385,49,8120
0.25303745003919176,1560290397,6,47522,49,8110,0.3157590418142033,1562390976,13,47559,49,8079,0.25762884959001203,1560292201,9,47512,49,8088,1.1078530475431476,1556093224,3,47378,49,8139,0.9143699254155774,1553996441,5,47302,49,8156
0.25303745003919176,1560290397,6,47522,49,8110,0.3157590418142033,1562390976,13,47559,49,8079,0.25762884959001203,1560292201,9,47512,49,8088,1.1078530475431476,1556093224,3,47378,49,8139,0.9143699254155774,1553996441,5,47302,49,8156
0.822882434465996,1551904288,11,47255,49,8130,0.786056593534326,1551903421,8,47260,49,8084,0.15216644219008404,1558195436,9,47466,49,8115,1.052776910823251,1553996187,3,47350,49,8062,0.1481847518388863,1560287781,5,47486,49,8117
0.822882434465996,1551904288,11,47255,49,8130,0.786056593534326,1551903421,8,47260,49,8084,0.15216644219008404,1558195436,9,47466,49,8115,1.052776910823251,1553996187,3,47350,49,8062,0.1481847518388863,1560287781,5,47486,49,8117
0.7240487368251461,1549803920,5,47216,49,8084,0,1551904782,11,47256,49,8098,0.2749682937511848,1560291740,8,47518,49,8112,0.1980598380018515,1560286976,3,47498,49,8158,1.0457392381723989,1553996616,5,47358,49,8102
0.7240487368251461,1549803920,5,47216,49,8084,0.7709607975851525,1551904782,11,47256,49,8098,0.2749682937511848,1560291740,8,47518,49,8112,0.1980598380018515,1560286976,3,47498,49,8158,1.0457392381723989,1553996616,5,47358,49,8102
0.2722115809723189,1560292806,10,47534,49,8152,0,1558194333,7,47468,49,8099,0.15849028252247582,1558195480,9,47468,49,8139,0.18551439549656643,1558190102,3,47493,49,8119,0.3189247162846016,1562384395,5,47556,49,8066
1.0237099078474243,1553998412,5,47340,49,8098,0,1547708460,7,47135,49,8077,1.1538579835598612,1556097558,8,47380,49,8139,0.1282949846066634,1558189592,3,47470,49,8090,0.8107440863982365,1551898719,5,47254,49,8120
1.1275420932087667,1556097726,9,47378,49,8078,0.019871408751217404,1558195944,11,47444,49,8074,0.4483593779345077,1562389082,8,47593,49,8120,0.5316847178427557,1547704591,3,47132,49,8080,0.6520402390830874,1549802129,5,47186,49,8182
1.1275420932087667,1556097726,9,47378,49,8078,0.019871408751217404,1558195944,11,47444,49,8074,0.4483593779345077,1562389082,8,47593,49,8120,0.5316847178427557,1547704591,3,47132,49,8080,0.6520402390830874,1549802129,5,47186,49,8182
0.002639774442965988,1558196516,13,47415,49,8181,0.7616795146861342,1551904879,11,47251,49,8102,0.12778935885316564,1558193894,7,47456,49,8157,0.961083089662004,1553995164,3,47314,49,8142,0.46906154860606863,1547705066,5,47107,49,8147
0.7256808192309167,1549807091,10,47214,49,8162,1.180777916347488,1558195563,10,47422,49,8067,1.0637962288819058,1554001053,9,47343,49,8143,0.19765088061943564,1560286698,3,47503,49,8174,0.9064140094617184,1553996290,5,47299,49,8077
0.7256808192309167,1549807091,10,47214,49,8162,1.180777916347488,1558195563,10,47422,49,8067,1.0637962288819058,1554001053,9,47343,49,8143,0.19765088061943564,1560286698,3,47503,49,8174,0.9064140094617184,1553996290,5,47299,49,8077
1.077869641825086,1556098693,11,47361,49,8055,1.030334854823763,1553999485,7,47361,49,8121,0.4681469253208065,1562388839,8,47599,49,8102,0.4481512897623029,1545607418,3,47095,49,8128,1.025851309607637,1553996631,5,47344,49,8148
1.077869641825086,1556098693,11,47361,49,8055,1.030334854823763,1553999485,7,47361,49,8121,0.4681469253208065,1562388839,8,47599,49,8102,0.4481512897623029,1545607418,3,47095,49,8128,1.025851309607637,1553996631,5,47344,49,8148
1.1121395748807157,1556096291,6,47377,49,0,0.42978950474412747,1545613811,12,47105,49,8134,0.8046284177826191,1549806638,9,47228,49,8147,0.7840193017781604,1551898223,3,47242,49,8126,0.8441979842923508,1551899059,5,47269,49,8170
1.1121395748807157,1556096291,6,47377,49,0,0.42978950474412747,1545613811,12,47105,49,8134,0.8046284177826191,1549806638,9,47228,49,8147,0.7840193017781604,1551898223,3,47242,49,8126,0.8441979842923508,1551899059,5,47269,49,8170
0.5366849855962262,1547710179,13,47131,49,8124,0.7462788673988611,1551904547,11,47242,49,8061,0.4165375429725899,1562388733,8,47577,49,8105,1.2295339922111248,1556092606,3,47426,49,8087,0.192960963419808,1560287756,5,47502,49,8083
0.5366849855962262,1547710179,13,47131,49,8124,0.7462788673988611,1551904547,11,47242,49,8061,0.4165375429725899,1562388733,8,47577,49,8105,1.2295339922111248,1556092606,3,47426,49,8087,0.192960963419808,1560287756,5,47502,49,8083
0.06618302852114472,1558196222,11,47440,49,8121,1.1505863067767226,1556096692,6,47414,49,8078,0.12707555603886603,1558191799,4,47455,49,8084,1.199139784519348,1556093157,3,47412,49,8089,0.8533770330157824,1551898941,5,47275,49,8051
0.06618302852114472,1558196222,11,47440,49,8121,1.1505863067767226,1556096692,6,47414,49,8078,0.12707555603886603,1558191799,4,47455,49,8084,1.199139784519348,1556093157,3,47412,49,8089,0.8533770330157824,1551898941,5,47275,49,8051
0.41867714140110995,1562390458,11,47592,49,8130,1.066032377829695,1556099344,12,47371,49,8097,0.7822905127276718,1549806053,8,47223,49,8186,0.772698843792322,1549801829,3,47233,49,8107,0.1724596004352832,1560287574,5,47495,49,8133
0.41867714140110995,1562390458,11,47592,49,8130,1.066032377829695,1556099344,12,47371,49,8097,0.7822905127276718,1549806053,8,47223,49,8186,0.772698843792322,1549801829,3,47233,49,8107,0.1724596004352832,1560287574,5,47495,49,8133
0.7498534296589566,1549804536,6,47225,49,8142,0.9201807207329,1553998517,5,47305,49,8076,0.2038780630637627,1558194792,9,47486,49,8139,0.3391193889945346,1560286854,3,47556,49,8129,0.5065956394971955,1547705245,5,47123,49,8110
0.7498534296589566,1549804536,6,47225,49,8142,0.9201807207329,1553998517,5,47305,49,8076,0.2038780630637627,1558194792,9,47486,49,8139,0.3391193889945346,1560286854,3,47556,49,8129,0.5065956394971955,1547705245,5,47123,49,8110
0,1562387358,6,47584,49,8114,0.5678897347544258,1547710349,11,47159,49,8077,0.15135040502622843,1558192020,4,47465,49,8173,0.6537727393062079,1549800687,2,47183,49,8087,0.4532519563905781,1547704854,5,47102,49,8116
0.39440229128958576,1562387358,6,47584,49,8114,0,1562390868,12,47571,49,8131,0.15135040502622843,1558192020,4,47465,49,8173,0.6537727393062079,1549800687,2,47183,49,8087,0.4532519563905781,1547704854,5,47102,49,8116
0.4829341878611228,1547706073,5,47108,49,8122,0.01140616546315608,1558196346,11,47439,49,8078,0.5078224394772936,1547709608,10,47106,49,8124,1.0939822345080952,1556092860,3,47373,49,8057,0.46702054130007764,1547705486,5,47111,49,8099
0.4829341878611228,1547706073,5,47108,49,8122,0.01140616546315608,1558196346,11,47439,49,8078,0.5078224394772936,1547709608,10,47106,49,8124,1.0939822345080952,1556092860,3,47373,49,8057,0.46702054130007764,1547705486,5,47111,49,8099
0.23477972793624363,1560288458,3,47517,49,8141,0.15878766294390112,1560291284,7,47506,49,8065,0.5995162622071762,1547708982,8,47143,49,8117,1.2155609433475838,1556093053,3,47421,49,8102,0.18010881612474589,1560287979,5,47496,49,8092
0.23477972793624363,1560288458,3,47517,49,8141,0.15878766294390112,1560291284,7,47506,49,8065,0.5995162622071762,1547708982,8,47143,49,8117,1.2155609433475838,1556093053,3,47421,49,8102,0.18010881612474589,1560287979,5,47496,49,8092
0.9723050017063489,1553998612,6,47318,49,8126,0.738832277231788,1549805128,7,47235,49,8062,1.0405418931828458,1554000114,7,47331,49,8117,0.03537803055990243,1556092687,3,47432,49,8067,0.9323209447329628,1553996382,5,47305,49,8056
0.9723050017063489,1553998612,6,47318,49,8126,0.738832277231788,1549805128,7,47235,49,8062,1.0405418931828458,1554000114,7,47331,49,8117,0.03537803055990243,1556092687,3,47432,49,8067,0.9323209447329628,1553996382,5,47305,49,8056
1.0463526704866484,1553998284,5,47352,49,8151,0.11748009930455192,1558196458,12,47479,49,8103,1.012186847586963,1554000922,9,47321,49,8157,0.49353905223711825,1547703869,3,47116,49,8138,1.048596325563581,1556093500,5,47349,49,8130
0,1554001915,12,47307,49,8095,0.9886183309025408,1554001824,12,47346,49,8061,1.0850113950874454,1554000329,8,47351,49,8142,0.3076024162018461,1560287646,3,47547,49,8145,1.0890878597699278,1556093764,5,47368,49,8105
0.9489484310129769,1554001915,12,47307,49,8095,0.9886183309025408,1554001824,12,47346,49,8061,1.0850113950874454,1554000329,8,47351,49,8142,0.3076024162018461,1560287646,3,47547,49,8145,1.0890878597699278,1556093764,5,47368,49,8105
1.0152446574803937,1554002132,14,47337,49,63,0.4583471690357862,1547711176,13,47121,49,8109,1.1718089917873749,1556098106,9,47388,49,8136,0.8217578565092464,1551899007,3,47258,49,8121,1.2221896143965387,1558190936,5,47431,49,8079
1.0152446574803937,1554002132,14,47337,49,63,0.4583471690357862,1547711176,13,47121,49,8109,1.1718089917873749,1556098106,9,47388,49,8136,0.8217578565092464,1551899007,3,47258,49,8121,1.2221896143965387,1558190936,5,47431,49,8079
0.2910808659963699,1560293324,11,47541,49,8099,0.43274695521806616,1545611019,7,47100,49,8060,0.37879862242364376,1562390231,10,47563,49,8118,0.566770685546355,1547704917,3,47150,49,8104,0.586151125534132,1547705025,5,47155,49,8108
0.2910808659963699,1560293324,11,47541,49,8099,0.43274695521806616,1545611019,7,47100,49,8060,0.37879862242364376,1562390231,10,47563,49,8118,0.566770685546355,1547704917,3,47150,49,8104,0.586151125534132,1547705025,5,47155,49,8108
1.1232574118254517,1556098936,11,47382,49,8181,0.8608199119164102,1551904091,10,47279,49,8038,1.0419694978952971,1554000721,9,47333,49,8141,0.7519948553263122,1549801835,3,47222,49,8111,0.307297565286695,1560288004,5,47545,49,8097
1.1232574118254517,1556098936,11,47382,49,8181,0.8608199119164102,1551904091,10,47279,49,8038,1.0419694978952971,1554000721,9,47333,49,8141,0.7519948553263122,1549801835,3,47222,49,8111,0.307297565286695,1560288004,5,47545,49,8097
1.1503874626101434,1556095772,6,47396,49,8123,0.7248610903423987,1549805844,7,47220,49,8102,0.8183970005785459,1551903764,9,47237,49,20,0.18072038739114724,1558189604,3,47495,49,8112,0.6658088323015341,1549802707,5,47190,49,8142
1.1503874626101434,1556095772,6,47396,49,8123,0.7248610903423987,1549805844,7,47220,49,8102,0.8183970005785459,1551903764,9,47237,49,20,0.18072038739114724,1558189604,3,47495,49,8112,0.6658088323015341,1549802707,5,47190,49,8142
0.7558723988599341,1551905500,16,47225,49,8090,1.1928121509860554,1558196842,13,47424,49,8040,0.2569150456714362,1560292202,8,47512,49,8143,0.34166786454614456,1545606725,3,47053,49,8035,0.38981095797795484,1547704445,4,47072,49,8155
0.7558723988599341,1551905500,16,47225,49,8090,1.1928121509860554,1558196842,13,47424,49,8040,0.2569150456714362,1560292202,8,47512,49,8143,0.34166786454614456,1545606725,3,47053,49,8035,0.38981095797795484,1547704445,4,47072,49,8155
0.4092936110341165,1562390502,11,47591,49,8128,0.5674826375993367,1547707970,7,47155,49,8079,0.9231456026573642,1551903734,9,47284,49,8127,0.6368422349496187,1547703648,3,47175,49,8076,0.15093773291006668,1560287912,5,47486,49,8082
1.0009648945371574,1553999238,7,47334,49,8093,1.1290663080349785,1556097216,7,47401,49,8107,0.3678852534318569,1562389311,9,47560,49,8077,0.844400622418597,1551898580,3,47268,49,8130,1.1492647143275267,1556093555,5,47395,49,8159
0.30536062651831686,1560292612,10,47546,49,8102,0.5165870748728248,1547710637,12,47142,49,8091,1.0342180486087709,1553999880,7,47331,49,8150,1.1244786813862366,1556092950,3,47386,49,8113,0.9939272650625383,1553996566,5,47326,49,8080
0.30536062651831686,1560292612,10,47546,49,8102,0.5165870748728248,1547710637,12,47142,49,8091,1.0342180486087709,1553999880,7,47331,49,8150,1.1244786813862366,1556092950,3,47386,49,8113,0.9939272650625383,1553996566,5,47326,49,8080
0.7914677074123458,1551904385,11,47244,49,8117,1.139775187237782,1556099205,12,47400,49,8077,0.5049672116679783,1545612140,9,47104,49,8150,0.21254219732339127,1560286648,3,47511,49,8105,0.8991737602229974,1551899448,5,47287,49,8073
0.7914677074123458,1551904385,11,47244,49,8117,1.139775187237782,1556099205,12,47400,49,8077,0.5049672116679783,1545612140,9,47104,49,8150,0.21254219732339127,1560286648,3,47511,49,8105,0.8991737602229974,1551899448,5,47287,49,8073
0.2635418564156616,1560293571,14,47532,49,8149,0.25588703121831485,1562390019,10,47546,49,8070,0.2718063712043605,1560292449,9,47518,49,8170,0.47375150386567416,1545607456,3,47110,49,8099,0.6385765351047297,1549802438,5,47178,49,8119
0,1551904410,11,47229,49,8118,0.1979538260291579,1560291526,7,47522,49,8061,1.1562038606019762,1556098688,10,47383,49,8145,1.1477330066751692,1556093167,3,47398,49,8072,1.145082274109288,1556093482,5,47396,49,8045
0.761991767401077,1551904410,11,47229,49,8118,0,1560293481,12,47494,49,8062,1.1562038606019762,1556098688,10,47383,49,8145,1.1477330066751692,1556093167,3,47398,49,8072,1.145082274109288,1556093482,5,47396,49,8045
0.4121488336685217,1562387215,6,47595,49,8104,1.1976061532248135,1556096698,7,47425,49,8050,0.08260604914494778,1558195154,9,47437,49,20,0.7404680776065302,1549801610,3,47223,49,8055,0.4538635369720197,1547704827,5,47101,49,8124
0.4121488336685217,1562387215,6,47595,49,8104,1.1976061532248135,1556096698,7,47425,49,8050,0.08260604914494778,1558195154,9,47437,49,20,0.7404680776065302,1549801610,3,47223,49,8055,0.4538635369720197,1547704827,5,47101,49,8124
0.8058496993408258,1551903668,9,47247,49,8156,0,1553998642,5,47323,49,8096,0.7409829236251037,1549803676,4,47206,49,8095,1.0922479151251494,1556092775,3,47374,49,8142,0.48691033129015515,1547705141,5,47113,49,8082
0.8058496993408258,1551903668,9,47247,49,8156,0.9281347673724419,1553998642,5,47323,49,8096,0,1554000003,8,47348,49,8131,1.0922479151251494,1556092775,3,47374,49,8142,0.48691033129015515,1547705141,5,47113,49,8082
0.6394966297312984,1549807076,10,47174,49,8105,0.7730018265648463,1551904913,12,47244,49,8050,0.831044675086333,1551903929,9,47243,49,8128,0.6777408718325831,1549801681,3,47198,49,8100,1.0468620051555242,1556093844,5,47351,49,8148
0.16623985279679615,1560292970,11,47488,49,8069,0.09412353645487254,1558196147,12,47476,49,8071,0.6480659546069685,1547709171,9,47165,49,8125,1.0894949518636077,1553994974,3,47369,49,8125,1.206891209861543,1558190659,5,47422,49,8082
0.16623985279679615,1560292970,11,47488,49,8069,0.09412353645487254,1558196147,12,47476,49,8071,0.6480659546069685,1547709171,9,47165,49,8125,1.0894949518636077,1553994974,3,47369,49,8125,1.206891209861543,1558190659,5,47422,49,8082
0.4070499571950035,1562390701,14,47591,49,8123,0.4604885800278813,1547711197,13,47116,49,8119,0.20856982124935522,1560292150,9,47490,49,8121,0.4034773184024885,1545607225,3,47080,49,8071,0.8779585972944793,1551899246,5,47279,49,8097
0.6419447399203986,1549807400,11,47176,49,8101,0.6987496972731678,1549807928,13,47220,49,8084,0.5211839154455451,1547709905,10,47113,49,8141,0.32820413824878597,1545607131,4,47050,49,8183,0.5056773737993198,1547705108,5,47122,49,8130
0.6419447399203986,1549807400,11,47176,49,8101,0.6987496972731678,1549807928,13,47220,49,8084,0.5211839154455451,1547709905,10,47113,49,8141,0.32820413824878597,1545607131,4,47050,49,8183,0.5056773737993198,1547705108,5,47122,49,8130
0.6445954887373702,1549806517,9,47182,49,8134,1.2047441398970609,1558196990,13,47435,49,8061,0.5907443071193019,1547709418,9,47143,49,8121,0.03782614522352686,1556092947,3,47433,49,8116,0.6093032233337718,1549802381,5,47170,49,8080
0.6445954887373702,1549806517,9,47182,49,8134,1.2047441398970609,1558196990,13,47435,49,8061,0.5907443071193019,1547709418,9,47143,49,8121,0.03782614522352686,1556092947,3,47433,49,8116,0.6093032233337718,1549802381,5,47170,49,8080
0.4152085147577514,1562387194,5,47599,49,8084,0.16144026277923823,1560293596,13,47504,49,8072,0.2913894588431764,1560292311,9,47526,49,8112,0.9023338300600804,1551898963,3,47293,49,8078,1.2262698108781382,1558190884,5,47433,49,8077
0.6656061810845183,1549804331,6,47192,49,8118,0.5303556515234753,1547710331,12,47151,49,8054,0.622159030554428,1547708670,8,47155,49,8110,0.9578189228396154,1553996255,3,47317,49,8085,0.6104259647181269,1549802225,5,47167,49,8097
0.6656061810845183,1549804331,6,47192,49,8118,0.5303556515234753,1547710331,12,47151,49,8054,0.622159030554428,1547708670,8,47155,49,8110,0.9578189228396154,1553996255,3,47317,49,8085,0.6104259647181269,1549802225,5,47167,49,8097
0.05883866407753329,1558196234,11,47445,49,8157,0.290668158000502,1560291221,7,47549,49,8090,1.225764250611173,1556097567,8,47413,49,8131,0.26823176520510295,1560287513,3,47534,49,8082,0.5918633874053348,1547704797,5,47157,49,8097
0.622973225433883,1549808402,16,47170,49,8087,1.1048918187840044,1556098651,11,47398,49,8038,0.6476570221551173,1547708996,9,47169,49,8079,0.7281271046671386,1549801600,3,47217,49,8136,0.5610602375189925,1547705121,5,47147,49,8100
0.622973225433883,1549808402,16,47170,49,8087,1.1048918187840044,1556098651,11,47398,49,8038,0.6476570221551173,1547708996,9,47169,49,8079,0.7281271046671386,1549801600,3,47217,49,8136,0.5610602375189925,1547705121,5,47147,49,8100
0.5225074556681749,1547710236,11,47131,49,8093,1.0635842570175185,1556099526,13,47379,49,8081,0.7638301635357542,1549807035,9,47214,49,8163,0.4545773504278067,1545607316,4,47099,49,8118,0.9640423774672545,1553996562,5,47316,49,8077
0.5225074556681749,1547710236,11,47131,49,8093,1.0635842570175185,1556099526,13,47379,49,8081,0.7638301635357542,1549807035,9,47214,49,8163,0.4545773504278067,1545607316,4,47099,49,8118,0.9640423774672545,1553996562,5,47316,49,8077
0.07852584831265437,1558194912,9,47440,49,8100,0.07556097231061956,1558193797,6,47458,49,8054,0.443056040599452,1562389715,9,47589,49,11,0.12584685438637278,1558190655,4,47474,49,8105,0.3352436491009132,1562385554,5,47561,49,8159
0.4788540016674204,1547709879,10,47107,49,8127,0.4341745632441644,1547710045,11,47110,49,8060,0.7996299525795912,1549805203,7,47229,49,8058,0.21019631383396126,1560287397,4,47511,49,8139,1.0746036143483682,1556094030,5,47368,49,8111
0.4788540016674204,1547709879,10,47107,49,8127,0.4341745632441644,1547710045,11,47110,49,8060,0.7996299525795912,1549805203,7,47229,49,8058,0.21019631383396126,1560287397,4,47511,49,8139,0,1556094030,5,47368,49,8111
0.3762468220538698,1562390221,11,47577,49,8096,0.3937852627231685,1562387357,5,47594,49,8100,0,1560292713,9,47514,49,8191,1.163542607241625,1556093267,4,47404,49,8106,0.2668041440827637,1562385134,5,47539,49,8106
0.5182246350281644,1547707584,6,47121,49,8081,1.1562985903158638,1556097225,7,47406,49,8056,1.2439197405108806,1556098026,9,47417,49,8122,0.17470325923254987,1558190041,4,47491,49,8063,1.0850076468047745,1556093745,5,47373,49,8152
0.5182246350281644,1547707584,6,47121,49,8081,1.1562985903158638,1556097225,7,47406,49,8056,1.2439197405108806,1556098026,9,47417,49,,0.17470325923254987,1558190041,4,47491,49,8063,1.0850076468047745,1556093745,5,47373,49,8152
0.1352322240955347,1558194941,9,47476,49,8146,0.6456104899289964,1549805399,7,47189,49,8033,1.0491093779087253,1553997493,4,47335,49,8170,0.7657634294179022,1549801921,3,47232,49,8123,1.1470210627098234,1556093779,5,47397,49,8130
0.1352322240955347,1558194941,9,47476,49,8146,0.6456104899289964,1549805399,7,47189,49,8033,1.0491093779087253,1553997493,4,47335,49,8170,0.7657634294179022,1549801921,3,47232,49,8123,1.1470210627098234,1556093779,5,47397,49,8130
1.019629707188874,1554001454,10,47341,49,8114,0.8418483934850906,1551902457,7,47281,49,8099,1.0616548223252984,1554001449,10,47340,49,8121,0.9391541166678605,1553995498,3,47308,49,8115,0.18724868256513588,1560287764,5,47503,49,8111
1.019629707188874,1554001454,10,47341,49,8114,0.8418483934850906,1551902457,7,47281,49,8099,1.0616548223252984,1554001449,10,47340,49,8121,0.9391541166678605,1553995498,3,47308,49,8115,0.18724868256513588,1560287764,5,47503,49,8111
0.5251600449012482,1547707217,6,47125,49,8127,0.8824421590874529,1551901491,6,47291,49,8043,0.5284260258159302,1547709399,9,47112,49,8153,1.1001015936258953,1556092908,3,47378,49,8073,0.7365941790005843,1549802098,5,47221,49,8145
0.5251600449012482,1547707217,6,47125,49,8127,0.8824421590874529,1551901491,6,47291,49,8043,0.5284260258159302,1547709399,9,47112,49,8153,1.1001015936258953,1556092908,3,47378,49,8073,0.7365941790005843,1549802098,5,47221,49,8145
0.1779692662622385,1560294155,16,47489,49,8104,0.9796437680464697,1554001692,11,47338,49,8114,1.2228068112248003,1556098203,9,47408,49,8098,0.15868918157010814,1558189415,3,47488,49,8108,0.9246717248977083,1553995873,5,47305,49,8144
0.1779692662622385,1560294155,16,47489,49,8104,0.9796437680464697,1554001692,11,47338,49,8114,1.2228068112248003,1556098203,9,47408,49,8098,0.15868918157010814,1558189415,3,47488,49,8108,0.9246717248977083,1553995873,5,47305,49,8144
0.3909336804855673,1562389643,10,47585,49,8092,0.1301277797419655,1558193987,7,47483,49,8075,0.16868984770670248,1558194394,7,47471,49,8178,0.9358899588239673,1553995403,3,47308,49,8170,0.41938912199255296,1547704856,5,47091,49,8086
0.3909336804855673,1562389643,10,47585,49,8092,0.1301277797419655,1558193987,7,47483,49,8075,0.16868984770670248,1558194394,7,47471,49,8178,0.9358899588239673,1553995403,3,47308,49,8170,0.41938912199255296,1547704856,5,47091,49,8086
0.3276966834113647,1562389937,10,47556,49,8130,1.1639477890647154,1556096785,7,47419,49,8108,1.2047535623438483,1556097476,8,47402,49,8191,0.6258266331286635,1547704821,3,47172,49,8082,0.7525041650544936,1551899533,5,47233,49,8129
0.3276966834113647,1562389937,10,47556,49,8130,1.1639477890647154,1556096785,7,47419,49,8108,1.2047535623438483,1556097476,8,47402,49,8191,0.6258266331286635,1547704821,3,47172,49,8082,0.7525041650544936,1551899533,5,47233,49,8129
0.9143717893196169,1554002974,16,47292,49,8100,0.801866191266124,1551902831,7,47265,49,8124,0.39226234414344807,1562389720,9,47568,49,8105,0.35411159254143393,1545607554,4,47061,49,8119,0.5853350737138566,1549802311,5,47160,49,8103
0.9143717893196169,1554002974,16,47292,49,8100,0.801866191266124,1551902831,7,47265,49,8124,0.39226234414344807,1562389720,9,47568,49,8105,0.35411159254143393,1545607554,4,47061,49,8119,0.5853350737138566,1549802311,5,47160,49,8103
0.8973390579527184,1551901248,5,47283,49,8090,0.6749841850972557,1549805444,7,47205,49,8092,0.20622394215655898,1560292020,9,47488,49,8144,1.2060751751108167,1556093214,3,47420,49,8113,0.8839757068406686,1553996312,5,47291,49,8148
0.8973390579527184,1551901248,5,47283,49,8090,0.6749841850972557,1549805444,7,47205,49,8092,0.20622394215655898,1560292020,9,47488,49,8144,1.2060751751108167,1556093214,3,47420,49,8113,0.8839757068406686,1553996312,5,47291,49,8148
0.8948909406397828,1551904529,11,47283,49,8063,0.5219926389813299,1547710659,12,47145,49,8060,1.244531300541129,1556097573,9,47420,49,8108,0.7603578624555242,1549801668,3,47230,49,8132,0.14889854485446596,1560288196,5,47490,49,8132
0.8948909406397828,1551904529,11,47283,49,8063,0.5219926389813299,1547710659,12,47145,49,8060,1.244531300541129,1556097573,9,47420,49,8108,0.7603578624555242,1549801668,3,47230,49,8132,0.14889854485446596,1560288196,5,47490,49,8132
0.5928838904518583,1547707200,6,47156,49,8121,0,1553998930,6,47324,49,8102,0.6910056198775097,1549806704,9,47183,49,8160,0.2847551656559575,1560287619,3,47541,49,8067,0.3035221842269573,1562384918,5,47558,49,8090
0.7992210051154441,1551904219,11,47237,49,8117,0.9840288101732434,1554000354,8,47343,49,8118,0.5970681467794915,1547709670,9,47144,49,8173,1.0619559411379653,1553995904,3,47361,49,8090,0.579622797248749,1549802126,5,47163,49,8065
0.6402104410209,1549806530,10,47172,49,8132,0.451309528477859,1547710937,13,47118,49,8106,0.21315934818659724,1560292661,10,47492,49,8112,0.19867138619606797,1560287373,3,47505,49,8093,0.4919087730937927,1549801284,4,4719,49,8146
0.6402104410209,1549806530,10,47172,49,8132,0.451309528477859,1547710937,13,47118,49,8106,0.21315934818659724,1560292661,10,47492,49,8112,0.19867138619606797,1560287373,3,47505,49,8093,0.4919087730937927,1549801284,4,47119,49,8146
0.7882054042270714,1551905269,15,47233,49,8064,0.40480085284366957,1545611148,7,47096,49,8097,0.47508233520121185,1545612796,10,47092,49,8091,0.8506222187380044,1551899059,3,47273,49,8105,0.7743308844744663,1551899600,5,47246,49,8090
0.7882054042270714,1551905269,15,47233,49,8064,0.40480085284366957,1545611148,7,47096,49,8097,0.47508233520121185,1545612796,10,47092,49,8091,0.8506222187380044,1551899059,3,47273,49,8105,0.7743308844744663,1551899600,5,47246,49,8090
0.4134742203783213,1562387367,6,47595,49,8135,0.06658452840151621,1558195955,11,47468,49,8055,0.8918331129142214,1551900550,4,47270,49,8102,0.3486032596956806,1545607184,3,47059,49,8079,0.5786041258766675,1549801963,5,47157,49,8119
0.6580592154994879,1549807009,10,47181,49,8129,0.1208464911909358,1558194300,7,47480,49,8100,0.8411420048905037,1551903915,9,47247,49,8124,0.9429275973312037,1553995622,3,47312,49,8115,0.87071646247523,1551899322,5,47285,49,8030
0.6580592154994879,1549807009,10,47181,49,8129,0.1208464911909358,1558194300,7,47480,49,8100,0.8411420048905037,1551903915,9,47247,49,8124,0.9429275973312037,1553995622,3,47312,49,8115,0.87071646247523,1551899322,5,47285,49,8030
0,1547706823,5,47136,49,8085,0.35665827591354127,1562388389,7,47584,49,8099,0.44611572597119903,1545609325,4,47080,49,8182,0.3791002404106038,1545607676,3,47072,49,8137,1.3160248117496853,1558190706,5,47479,49,8124
0.5390308565979776,1547706823,5,47136,49,8085,0.35665827591354127,1562388389,7,47584,49,8099,0.44611572597119903,1545609325,4,47080,49,8182,0.3791002404106038,1545607676,3,47072,49,8137,1.3160248117496853,1558190706,5,47479,49,8124
0,1562389243,9,47555,49,8147,0.1589921356850644,1560292780,11,47498,49,8090,1.0560447817879666,1554001219,9,47340,49,8156,0.6765177296280059,1549801280,3,47196,49,8071,1.226983593166943,1558191088,5,47440,49,8093
0.3224955904109573,1562389243,9,47555,49,8147,0.1589921356850644,1560292780,11,47498,49,8090,1.0560447817879666,1554001219,9,47340,49,8156,0.6765177296280059,1549801280,3,47196,49,8071,1.226983593166943,1558191088,5,47440,49,8093
0.42234839164367766,1562387555,6,47600,49,8131,0.7977859873945042,1551902540,7,47259,49,8091,0.8301264035990156,1551903735,9,47243,49,8170,0.9156953084565422,1551898319,3,47299,49,8108,1.1815958223880565,1558190925,5,47421,49,8088
0.42234839164367766,1562387555,6,47600,49,8131,0.7977859873945042,1551902540,7,47259,49,8091,0.8301264035990156,1551903735,9,47243,49,8170,0.9156953084565422,1551898319,3,47299,49,8108,1.1815958223880565,1558190925,5,47421,49,8088
0.09096719494671954,1558195235,9,47457,49,8168,0.51699416647185,1547708454,7,47140,49,8061,0.2632388887119585,1560291733,8,47513,49,8180,0.026197118672617897,1558189419,3,47436,49,8184,1.0996944831999056,1556094059,5,47384,49,8103
0.09096719494671954,1558195235,9,47457,49,8168,0.51699416647185,1547708454,7,47140,49,8061,0.2632388887119585,1560291733,8,47513,49,8180,0.026197118672617897,1558189419,3,47436,49,8184,1.0996944831999056,1556094059,5,47384,49,8103
0.44356355052110225,1562389664,10,47608,49,8123,0.4545736741335557,1547707088,6,47112,49,8088,0.37635050047562235,1562388470,7,47564,49,8147,0.851438257941558,1551899030,3,47273,49,8066,0.27904473686115466,1560288138,5,47542,49,8125
0.44356355052110225,1562389664,10,47608,49,8123,0.4545736741335557,1547707088,6,47112,49,8088,0.37635050047562235,1562388470,7,47564,49,8147,0.851438257941558,1551899030,3,47273,49,8066,0.27904473686115466,1560288138,5,47542,49,8125
0.29046929938638255,1560293218,13,47541,49,8080,0.40296430933990723,1562388307,7,47610,49,8078,1.0099432013521297,1554001238,9,47320,49,8149,0.037417193911001824,1558190115,4,47438,49,8104,0.17817186759144707,1560288164,5,47499,49,8067
0.29046929938638255,1560293218,13,47541,49,8080,0.40296430933990723,1562388307,7,47610,49,8078,1.0099432013521297,1554001238,9,47320,49,8149,0.037417193911001824,1558190115,4,47438,49,8104,0.17817186759144707,1560288164,5,47499,49,8067
0.7390422900008333,1549804288,5,47223,49,8105,0.31463627063254074,1562391147,13,47572,49,8100,1.1271350129738966,1556097600,8,47371,49,8099,0.9300773045087377,1551898310,3,47302,49,8100,0.45406798343984467,1547705112,5,47106,49,8158
0.7390422900008333,1549804288,5,47223,49,8105,0.31463627063254074,1562391147,13,47572,49,8100,1.1271350129738966,1556097600,8,47371,49,8099,0.9300773045087377,1551898310,3,47302,49,8100,0.45406798343984467,1547705112,5,47106,49,8158
0.9594528408020673,1554001799,11,47318,49,8079,0.6277617322984239,1549807187,11,47177,49,8045,0.08087173745147876,1558195513,9,47437,49,8162,1.1659907249924395,1556093239,3,47405,49,8008,0.7004876868810297,1549802458,5,47210,49,8096
0.9594528408020673,1554001799,11,47318,49,8079,0.6277617322984239,1549807187,11,47177,49,8045,0.08087173745147876,1558195513,9,47437,49,8162,1.1659907249924395,1556093239,3,47405,49,8008,0.7004876868810297,1549802458,5,47210,49,8096
0.8416494757303836,1551903736,9,47265,49,8127,0.4068400495202925,1562388209,7,47599,49,8027,0.7925923076011062,1549806431,9,47227,49,8121,0.47242612151475744,1545607131,4,47109,49,8087,0.47834282783920734,1547704813,5,47116,49,8081
0.8416494757303836,1551903736,9,47265,49,8127,0.4068400495202925,1562388209,7,47599,49,8027,0.7925923076011062,1549806431,9,47227,49,8121,0.47242612151475744,1545607131,4,47109,49,8087,0.47834282783920734,1547704813,5,47116,49,8081
0.3373869152344253,1562391407,16,47561,49,8121,0.8796873350059055,1551904391,11,47291,49,8094,1.2132188077099797,1556097537,8,47407,49,8158,0.04221119222990315,1558190077,3,47439,49,8083,1.087046800554452,1556093398,5,47380,49,8104
0.3373869152344253,1562391407,16,47561,49,8121,0.8796873350059055,1551904391,11,47291,49,8094,1.2132188077099797,1556097537,8,47407,49,8158,0.04221119222990315,1558190077,3,47439,49,8083,1.087046800554452,1556093398,5,47380,49,8104
0.2214182421871624,1560290628,6,47513,49,8153,1.139672956574673,1556098918,11,47406,49,8094,0.9732251445910451,1554000884,9,47304,49,8133,0.32463513505731184,1543510010,3,47046,49,8174,1.2260671981532072,1558190956,5,47433,49,8062
0.2214182421871624,1560290628,6,47513,49,8153,1.139672956574673,1556098918,11,47406,49,8094,0.9732251445910451,1554000884,9,47304,49,8133,0.32463513505731184,1543510010,3,47046,49,8174,0.8000351864222203,1551899823,5,47250,49,8143
0.9565976358270077,1554001673,11,47313,49,8119,0.6648868726108064,1549808193,13,47205,49,8090,0.8551150558873905,1551904452,10,47254,49,8184,0.3306522590409371,1545607022,3,47050,49,8084,1.0263606229969673,1556093313,4,47351,49,8143
0.9565976358270077,1554001673,11,47313,49,8119,0.6648868726108064,1549808193,13,47205,49,8090,0.8551150558873905,1551904452,10,47254,49,8184,0.3306522590409371,1545607022,3,47050,49,8084,1.0263606229969673,1556093313,4,47351,49,8143
0,1556098634,11,47418,49,8152,0.5095476037318457,1547710983,12,47144,49,8167,0.4180673848345109,1562389553,9,47579,49,8130,0.19387738926696746,1560287192,3,47503,49,8134,0.6420432988626127,1549801521,4,47191,49,8112
0,1556098634,11,47418,49,8152,0.5095476037318457,1547710983,12,47144,49,8167,0.4180673848345109,1562389553,9,47579,49,8130,0.19387738926696746,1560287192,3,47503,49,8134,0.6420432988626127,1549801521,4,47191,49,8112
0.04486562114175995,1558196182,11,47436,49,8169,0.3457449309289453,1562389772,11,47574,49,8062,1.1600795848330892,1556097280,8,47384,49,8140,0.7016086152424122,1549800975,3,47205,49,8102,0.24161288500222067,1560288374,5,47525,49,8138
0.04486562114175995,1558196182,11,47436,49,8169,0.3457449309289453,1562389772,11,47574,49,8062,1.1600795848330892,1556097280,8,47384,49,8140,0.7016086152424122,1549800975,3,47205,49,8102,0.24161288500222067,1560288374,5,47525,49,8138
0.9550677944348446,1553999148,6,47312,49,8115,0.8834626856160158,1551902842,7,47286,49,8097,0.41959722862188154,1562388794,8,47580,49,8164,0.7886106683340526,1549801398,4,47240,49,8115,0.7410814613960346,1551899164,4,47228,49,8090
0.9550677944348446,1553999148,6,47312,49,8115,0.8834626856160158,1551902842,7,47286,49,8097,0.41959722862188154,1562388794,8,47580,49,8164,0.7886106683340526,1549801398,4,47240,49,8115,0.7410814613960346,1551899164,4,47228,49,8090
0,1551901989,6,47272,49,8111,0.6514231576110804,1549805632,7,47201,49,8152,1.2023054426871091,1556098104,8,47402,49,8106,0.030379555403791607,1558190104,3,47434,49,8182,0.1875553903142106,1560287976,5,47503,49,8136
0.8596004852571264,1551901989,6,47272,49,8111,0.6514231576110804,1549805632,7,47201,49,8152,1.2023054426871091,1556098104,8,47402,49,8106,0.030379555403791607,1558190104,3,47434,49,8182,0.1875553903142106,1560287976,5,47503,49,8136
0,1549807496,11,47212,49,8142,0.4185694505698613,1547710912,13,47100,49,8061,0.7847386261306906,1549806379,8,47224,49,8137,0.4949666587257179,1547704211,3,47119,49,8169,0.8422610395365077,1551899213,5,47268,49,8137
0.7147674466249122,1549807496,11,47212,49,8142,0,1547710152,11,47151,49,8013,0.7847386261306906,1549806379,8,47224,49,8137,0.4949666587257179,1547704211,3,47119,49,8169,0.8422610395365077,1551899213,5,47268,49,8137
1.1503874601046293,1556095710,5,47397,49,8119,0.48486566190129143,1547709786,11,47131,49,8027,1.0835837889803417,1554000327,8,47350,49,8142,0.2886308895745218,1560287610,3,47542,49,8105,0.7675999514695285,1551899542,5,47240,49,8111
1.1503874601046293,1556095710,5,47397,49,8119,0.48486566190129143,1547709786,11,47131,49,8027,1.0835837889803417,1554000327,8,47350,49,8142,0.2886308895745218,1560287610,3,47542,49,8105,0.7675999514695285,1551899542,5,47240,49,8111
1.1004120322770548,1556099894,15,47367,49,8143,0,1547710861,13,47163,49,8109,0.7557720158474042,1549806706,9,47212,49,0,0.8804048661696737,1551898468,3,47284,49,8102,0.14277918103412982,1558190091,4,47486,49,8117
1.1004120322770548,1556099894,15,47367,49,8143,0.5599338273418355,1547710861,13,47163,49,8109,0.7557720158474042,1549806706,9,47212,49,0,0.8804048661696737,1551898468,3,47284,49,8102,0.14277918103412982,1558190091,4,47486,49,8117
0.7291494363073888,1549804640,6,47215,49,8138,0.7100701582229236,1549804912,6,47219,49,8054,0.0849519321157183,1558195247,9,47437,49,8089,0.9515973208357913,1553995350,3,47314,49,8099,0.20795451535040704,1560288296,5,47511,49,8114
0.7291494363073888,1549804640,6,47215,49,8138,0.7100701582229236,1549804912,6,47219,49,8054,0.0849519321157183,1558195247,9,47437,49,8089,0.9515973208357913,1553995350,3,47314,49,8099,0.20795451535040704,1560288296,5,47511,49,8114
0.10687903481992717,1558195666,10,47460,49,8164,0.5298463250319383,1547708542,7,47138,49,8118,0.35942000807068913,1562389523,9,47555,49,8081,0.7060959056254781,1549801809,3,47209,49,8056,1.1482441754013113,1556093335,5,47404,49,8095
0.10687903481992717,1558195666,10,47460,49,8164,0.5298463250319383,1547708542,7,47138,49,8118,0.35942000807068913,1562389523,9,47555,49,8081,0.8013587344654596,1551898431,3,47250,49,8110,1.1482441754013113,1556093335,5,47404,49,8095
0.7485280508209428,1549806853,10,47225,49,8104,0.44641330660411693,1547710499,12,47116,49,8079,0.6745844508197538,1549806738,9,47177,49,8089,0.4948644283402078,1547704341,3,47119,49,8095,0.8993763563123843,1553996498,5,47300,49,8128
0.7485280508209428,1549806853,10,47225,49,8104,0.44641330660411693,1547710499,12,47116,49,8079,0.6745844508197538,1549806738,9,47177,49,8089,0.4948644283402078,1547704341,3,47119,49,8095,0.8993763563123843,1553996498,5,47300,49,8128
0.2940383056795705,1560288703,4,47545,49,8145,0.23283719770631792,1560291158,7,47530,49,8146,0.22805067163135426,1560291958,8,47499,49,8142,0.4547818182351803,1545607107,3,47096,49,8104,0.7228256024179722,1549802434,5,47211,49,8086
0.2940383056795705,1560288703,4,47545,49,8145,0.23283719770631792,1560291158,7,47530,49,8146,0.22805067163135426,1560291958,8,47499,49,8142,0.4547818182351803,1545607107,3,47096,49,8104,0.7228256024179722,1549802434,5,47211,49,8086
0.3537058434563766,1562387612,6,47568,49,8135,0.7017071501610259,1549805748,7,47213,49,8112,1.0350340879357962,1554001010,9,47331,49,8122,0.34391150471779725,1545607132,3,47055,49,8117,1.0802136490824024,1556093618,5,47371,49,8094
0.3537058434563766,1562387612,6,47568,49,8135,0.7017071501610259,1549805748,7,47213,49,8112,1.0350340879357962,1554001010,9,47331,49,8122,0.34391150471779725,1545607132,3,47055,49,8117,1.0802136490824024,1556093618,5,47371,49,8094
0.15552910560965302,1560292802,11,47487,49,8135,0.5456559182328307,1547710124,11,47151,49,8130,0.36635541237579156,1562389282,9,47559,49,8149,0.631129966498884,1547704268,3,47175,49,8041,1.2989921025560887,1558190902,5,47466,49,8105
0.15552910560965302,1560292802,11,47487,49,8135,0.5456559182328307,1547710124,11,47151,49,8130,0.36635541237579156,1562389282,9,47559,49,8149,0.631129966498884,1547704268,3,47175,49,8041,1.2989921025560887,1558190902,5,47466,49,8105
0,1558194996,9,47470,49,8164,0.8133911237220154,1551902900,7,47262,49,8052,1.1429446142968358,1556098156,9,47377,49,8118,0.12227784936134543,1558189911,3,47468,49,8065,1.1069366151681168,1556093850,5,47381,49,8094
0.12625764631204428,1558194996,9,47470,49,8164,0.8133911237220154,1551902900,7,47262,49,8052,1.1429446142968358,1556098156,9,47377,49,8118,0.12227784936134543,1558189911,3,47468,49,8065,1.1069366151681168,1556093850,5,47381,49,8094
0,1562389966,11,47550,49,8085,1.0215629009366969,1556099442,13,47357,49,8109,0.6910056179305499,1549806340,8,47184,49,8084,0.8022770099273233,1551898758,3,47249,49,8117,1.0011693753112634,1553996563,5,47330,49,8112
0.31556018972991906,1562389966,11,47550,49,8085,0,1551905210,13,47229,49,8130,0.6910056179305499,1549806340,8,47184,49,8084,0.8022770099273233,1551898758,3,47249,49,8117,1.0011693753112634,1553996563,5,47330,49,8112
0.9370145503532606,1554002435,15,47305,49,8057,1.0031025778376972,1553999956,7,47346,49,8096,0.6018621393290848,1547710163,10,47146,49,8167,0.3523767457869587,1545607423,3,47060,49,8140,1.085212127739202,1556093668,5,47370,49,8093
0.9370145503532606,1554002435,15,47305,49,8057,1.0031025778376972,1553999956,7,47346,49,8096,0.6018621393290848,1547710163,10,47146,49,8167,0.3523767457869587,1545607423,3,47060,49,8140,1.085212127739202,1556093668,5,47370,49,8093
0.10545143013709213,1558196378,14,47458,49,8145,0.9258911338644877,1553999811,7,47311,49,8091,0.7550582096243197,1549806193,8,47212,49,8091,0.36584100099583594,1545606834,3,47064,49,8063,0.4268356963535508,1545607824,5,47089,49,8141
0.10545143013709213,1558196378,14,47458,49,8145,0.9258911338644877,1553999811,7,47311,49,8091,0.7550582096243197,1549806193,8,47212,49,8091,0.36584100099583594,1545606834,3,47064,49,8063,0.4268356963535508,1545607824,5,47089,49,8141
0.010595684643003183,1556095612,6,47420,49,8142,0.7554579206634138,1551905250,13,47238,49,8135,0.1758297235245001,1558194480,8,47475,49,8127,1.120398480995442,1556092983,3,47386,49,8077,0.3715550605807681,1545608016,5,47063,49,8127
1.0880692071207667,1556099811,15,47364,49,8119,0.3291192996991373,1562388756,7,47578,49,8152,0.7284374843201666,1549805947,7,47199,49,8167,0.7071164178184929,1549801564,3,47206,49,8090,0.3961347834238571,1545607853,5,47078,49,8191
1.0880692071207667,1556099811,15,47364,49,8119,0.3291192996991373,1562388756,7,47578,49,8152,0.7284374843201666,1549805947,7,47199,49,8167,0.7071164178184929,1549801564,3,47206,49,8090,0.3961347834238571,1545607853,5,47078,49,8191
1.016162942051471,1553998525,5,47333,49,16,1.1226402327130551,1556098915,11,47398,49,8025,1.227396334505225,1556098426,9,47411,49,8138,0.3385059437776451,1545607023,3,47052,49,8103,0.4511105408823156,1547705226,5,47099,49,8148
0.2877144745483935,1560292256,9,47539,49,8150,0.92782993050505,1554002655,13,47316,49,8090,1.124891371949575,1556097784,8,47368,49,8122,0.40255905130298164,1545607390,3,47080,49,8105,0.9260993311490229,1553996150,5,47306,49,8079
0.2877144745483935,1560292256,9,47539,49,8150,0.92782993050505,1554002655,13,47316,49,8090,1.124891371949575,1556097784,8,47368,49,8122,0.40255905130298164,1545607390,3,47080,49,8105,0.9260993311490229,1553996150,5,47306,49,8079
0.5769720651525083,1547709672,10,47151,49,8117,0.9821941333478347,1553999822,7,47327,49,8061,0.9427286935716208,1551902824,8,47290,49,8158,1.0542045044102952,1553995334,3,47355,49,8059,0.1811293217068794,1560287490,5,47498,49,8079
0.5769720651525083,1547709672,10,47151,49,8117,0.9821941333478347,1553999822,7,47327,49,8061,0.9427286935716208,1551902824,8,47290,49,8158,1.0542045044102952,1553995334,3,47355,49,8059,0.1811293217068794,1560287490,5,47498,49,8079
0.5030266194933629,1547710267,11,47116,49,8093,0.40010910594085347,1545612594,10,47090,49,8106,1.236066057458822,1556097428,8,47414,49,8105,0.7612761424083422,1549801675,3,47227,49,8085,0.2858779104877675,1562384720,4,47543,49,8155
0.48242485337776264,1547710903,14,47102,49,8080,0.9969832161089696,1554000941,10,47334,49,8048,0.2755798598339144,1560288952,4,47519,49,8136,0.451210969538039,1545607667,3,47099,49,8046,0.32800152185858766,1545608288,5,47050,49,8104
0.48242485337776264,1547710903,14,47102,49,8080,0.9969832161089696,1554000941,10,47334,49,8048,0.2755798598339144,1560288952,4,47519,49,8136,0.451210969538039,1545607667,3,47099,49,8046,0.32800152185858766,1545608288,5,47050,49,8104
0.4930315235654695,1547710258,11,47110,49,8138,0.29648080105322766,1562388093,7,47554,49,8098,0.516594389127074,1547709628,9,47108,49,8162,0.1782722683267147,1558190182,4,47495,49,8146,0.4017448144054953,1545608050,5,47079,49,8097
0.4930315235654695,1547710258,11,47110,49,8138,0.29648080105322766,1562388093,7,47554,49,8098,0.516594389127074,1547709628,9,47108,49,8162,0.1782722683267147,1558190182,4,47495,49,8146,0.7525041678632228,1549801858,5,47232,49,8117
0.7343505411510539,1549804397,6,47216,49,8096,0.5159755091618713,1547711100,13,47131,49,8034,1.1405987372148239,1556098222,9,47374,49,8149,0.6324553392437042,1547704114,3,47178,49,8137,0.5719735969028696,1549801916,5,47154,49,8105
0.7343505411510539,1549804397,6,47216,49,8096,0.5159755091618713,1547711100,13,47131,49,8034,1.1405987372148239,1556098222,9,47374,49,8149,0.6324553392437042,1547704114,3,47178,49,8137,0.5719735969028696,1549801916,5,47154,49,8105
0.4451956380676432,1547710569,14,47091,49,8022,0.5416779578117578,1547708726,7,47143,49,8091,1.1210156495616905,1556097063,8,47366,49,8186,0.6583622596470119,1549801768,3,47188,49,8124,0.5673858995954465,1547705065,5,47143,49,8149
0.4451956380676432,1547710569,14,47091,49,8022,0.5416779578117578,1547708726,7,47143,49,8091,1.1210156495616905,1556097063,8,47366,49,8186,0.6583622596470119,1549801768,3,47188,49,8124,0.5673858995954465,1547705065,5,47143,49,8149
0.08229748644421749,1558193395,6,47449,49,8130,0.2989289189100699,1562390594,12,47563,49,8075,0.9490525335655527,1551902799,8,47292,49,12,1.2300433051951876,1558189585,3,47431,49,8090,0.20734296277892894,1560288433,5,47505,49,8103
0.08229748644421749,1558193395,6,47449,49,8130,0.2989289189100699,1562390594,12,47563,49,8075,0.9490525335655527,1551902799,8,47292,49,12,1.2300433051951876,1558189585,3,47431,49,8090,0.20734296277892894,1560288433,5,47505,49,8103
0.40674327413454514,1562389777,10,47589,49,2,0.19550570912775475,1560291315,7,47513,49,8060,0.811461584425683,1551902582,7,47237,49,8152,0.6465306221788505,1549801153,3,47184,49,8099,1.175987673682823,1556093589,5,47408,49,8104
1.1514079861219337,1556098563,10,47392,49,8145,0.2942371584902548,1562390706,12,47561,49,8102,0.1162644183967328,1558195226,8,47453,49,8123,0.4800753376968429,1545606990,4,47113,49,8096,0.2995442347672797,1560287877,5,47553,49,8069
0.3023009518742079,1560292748,10,47541,49,8172,0.8254272350717833,1551904920,12,47273,49,8111,0.2029597788683608,1560292114,9,47491,49,8135,0.37604055756247823,1545607551,3,47069,49,8071,0.6265404285129668,1549802215,5,47176,49,8160
0.3023009518742079,1560292748,10,47541,49,8172,0.8254272350717833,1551904920,12,47273,49,8111,0.2029597788683608,1560292114,9,47491,49,8135,0.37604055756247823,1545607551,3,47069,49,8071,0.6265404285129668,1549802215,5,47176,49,8160
0.055881229721414606,1558195120,9,47437,49,8122,0.29719459661312486,1562390559,11,47564,49,8045,0.9092747842030833,1551903759,9,47278,49,8169,0.6763132622216458,1549801566,3,47197,49,8133,0.3066860011971648,1560287786,5,47544,49,8070
0.055881229721414606,1558195120,9,47437,49,8122,0.29719459661312486,1562390559,11,47564,49,8045,0.9092747842030833,1551903759,9,47278,49,8169,0.6763132622216458,1549801566,3,47197,49,8133,0.3066860011971648,1560287786,5,47544,49,8070
0.8110507996931687,1551904702,11,47249,49,8134,1.2032161995092108,1558196718,13,47433,49,8104,0.310156502980088,1560292552,9,47536,49,8172,0.315965415953664,1560287279,3,47554,49,8105,1.1376375504559413,1556093625,5,47389,49,8105
0.8110507996931687,1551904702,11,47249,49,8134,1.2032161995092108,1558196718,13,47433,49,8104,0.310156502980088,1560292552,9,47536,49,8172,0.315965415953664,1560287279,3,47554,49,8105,0.49231589750838134,1547704918,5,47116,49,8126
1.0488007945629574,1553998562,6,47350,49,8142,0.7558668662262982,1551905394,13,47243,49,8062,0.5916625735265582,1547708437,7,47144,49,8100,0.20703439349565272,1560286703,3,47510,49,8088,1.1744559607259828,1558190516,4,47412,49,8128
1.0488007945629574,1553998562,6,47350,49,8142,0.7558668662262982,1551905394,13,47243,49,8062,0.5916625735265582,1547708437,7,47144,49,8100,0.20703439349565272,1560286703,3,47510,49,8088,1.1744559607259828,1558190516,4,47412,49,8128
0.5178157066268912,1547707164,5,47124,49,8104,1.1903640289551245,1558195812,11,47432,49,8024,0.4517257504221714,1545611651,8,47084,49,8158,0.18673750894210303,1560287311,3,47501,49,8095,0.5915566882830754,1549802038,5,47159,49,8132
0.5178157066268912,1547707164,5,47124,49,8104,1.1903640289551245,1558195812,11,47432,49,8024,0.4517257504221714,1545611651,8,47084,49,8158,0.18673750894210303,1560287311,3,47501,49,8095,0.5915566882830754,1549802038,5,47159,49,8132
0.8508285360315525,1551905584,15,47267,49,8129,1.1903640289551245,1556096122,6,47424,49,8040,1.1648735792338927,1556097849,9,47388,49,8107,0.9866832901113186,1553995821,3,47330,49,8111,1.0705252890917825,1556093780,5,47359,49,8161
0.8508285360315525,1551905584,15,47267,49,8129,1.1903640289551245,1556096122,6,47424,49,8040,1.1648735792338927,1556097849,9,47388,49,8107,0.9866832901113186,1553995821,3,47330,49,8111,1.0705252890917825,1556093780,5,47359,49,8161
0.14206725424646566,1560293585,14,47472,49,8082,0.35064114703325255,1562389876,11,47577,49,8081,0.9380369236563737,1551903491,9,47292,49,8172,0.9351761572438877,1553995659,3,47307,49,8101,0.5008833821353602,1547704713,5,47120,49,8119
0,1551903627,10,47278,49,8123,0.7760615086059811,1551905358,13,47246,49,8060,0.6637733130821366,1549805283,7,47173,49,8121,0.9062095517263211,1551898354,3,47295,49,8074,1.213726252519073,1558190920,5,47419,49,8130
0.8686773008651604,1551903627,10,47278,49,8123,0.7760615086059811,1551905358,13,47246,49,8060,0.6637733130821366,1549805283,7,47173,49,8121,0.9062095517263211,1551898354,3,47295,49,8074,1.213726252519073,1558190920,5,47419,49,8130
0,1562390284,11,47563,49,8010,1.1817984389865988,1556096593,7,47412,49,8029,0.34473315519567094,1560292058,9,47549,49,8131,0.7763700790478304,1551898584,3,47242,49,8078,0.7142562836721352,1549802245,5,47212,49,8045
0.33861004177252874,1562390284,11,47563,49,8010,1.1817984389865988,1556096593,7,47412,49,8029,0.34473315519567094,1560292058,9,47549,49,8131,0.7763700790478304,1551898584,3,47242,49,8078,0.7142562836721352,1549802245,5,47212,49,8045
0,1553999178,6,47340,49,8110,0.3250403218394546,1562390215,11,47572,49,8114,1.18761858808783,1556098378,9,47397,49,8176,0.7304729794750363,1549802090,4,47220,49,8143,0.2849615099090444,1560288163,5,47534,49,8081
1.0271785372530124,1553999178,6,47340,,8110,0.3250403218394546,1562390215,11,47572,49,8114,1.18761858808783,1556098378,9,47397,49,8176,0.7304729794750363,1549802090,4,47220,49,8143,0.2849615099090444,1560288163,5,47534,49,8081
0.902642380593917,1551903332,9,47289,49,8145,0.4475360405655355,1547710960,13,47115,49,8104,1.1571221346746026,1556097157,7,47384,49,8142,0.5873742657404597,1547704715,4,47159,49,8099,1.049921684315824,1556093346,4,47354,49,8100
0.902642380593917,1551903332,9,47289,49,8145,0.4475360405655355,1547710960,13,47115,49,8104,1.1571221346746026,1556097157,7,47384,49,8142,0.5873742657404597,1547704715,4,47159,49,8099,1.049921684315824,1556093346,4,47354,49,8100
0.48762594949381144,1547710605,13,47110,49,8180,0,1562390618,12,47557,49,8061,0.9989275928778413,1554000693,8,47319,49,8137,0.9179408083336619,1551898831,3,47294,49,8163,0.9924996589763244,1553996355,5,47325,49,8113
0.48762594949381144,1547710605,13,47110,49,8180,0.28658795601060194,1562390618,12,47557,49,8061,0.9989275928778413,1554000693,8,47319,49,8137,0.9179408083336619,1551898831,3,47294,49,8163,0.9924996589763244,1553996355,5,47325,49,8113
0.8372644270085192,1551901539,5,47258,49,8095,1.21157919285687,1558194047,7,47440,49,8104,0.31811242394666445,1560292316,9,47538,49,8165,0.38226215552320375,1545607724,3,47074,49,8077,0.26690826478995927,1560288166,5,47527,49,8132
0.8372644270085192,1551901539,5,47258,49,8095,1.21157919285687,1558194047,7,47440,49,8104,0.31811242394666445,1560292316,9,47538,49,8165,0.38226215552320375,1545607724,3,47074,49,8077,0.26690826478995927,1560288166,5,47527,49,8132
0.532095452139062,1547707684,6,47130,49,8110,0.6110338529908045,1549808328,13,47184,49,8134,0.5129231200336963,1547708998,8,47108,49,7,0.6458168097180665,1549801641,3,47186,49,8062,0.3307563671942695,1562384923,4,47557,49,8155
0.14267881425267076,1560293917,14,47476,49,3,0.18336922154019872,1560292848,11,47506,49,8053,0.6627528085679036,1549806695,9,47175,49,8172,0.945477950869546,1553995999,3,47312,49,8152,0.4609011759979136,1547705058,5,47105,49,8154
0.14267881425267076,1560293917,14,47476,49,3,0.18336922154019872,1560292848,11,47506,49,8053,0.6627528085679036,1549806695,9,47175,49,8172,0.945477950869546,1553995999,3,47312,49,8152,0.40653881300002725,1545608058,5,47078,49,8102
0.10443091933933284,1558194868,9,47459,49,8104,0.1130950532593706,1558193548,6,47483,49,8130,0.19072104532411588,1558193982,7,47483,49,8141,1.0580802170317778,1553995326,3,47360,49,8077,1.0110622291507478,1553996732,5,47335,49,8087
0.10443091933933284,1558194868,9,47459,49,8104,0.1130950532593706,1558193548,6,47483,49,8130,0.19072104532411588,1558193982,7,47483,49,8141,1.0580802170317778,1553995326,3,47360,49,8077,1.0110622291507478,1553996732,5,47335,49,8087
1.0446202184065059,1553998815,6,47345,49,8073,0.7605586199115582,1551904922,12,47247,49,8079,0.2837402479543754,1560289066,4,47523,49,10,0.18530990108079734,1560287260,3,47501,49,8073,0.24161290041836733,1560288056,5,47519,49,8088
1.0446202184065059,1553998815,6,47345,49,8073,0.7605586199115582,1551904922,12,47247,49,8079,0.2837402479543754,1560289066,4,47523,49,10,0.18530990108079734,1560287260,3,47501,49,8073,0.24161290041836733,1560288056,5,47519,49,8088
1.0746054778933694,1556098360,10,47363,49,8094,1.0359430097738507,1556098699,11,47371,49,8130,0.8097272724449655,1551904021,9,47238,49,8149,0.021098264603564038,1556092732,3,47431,49,8123,1.0698096139799647,1556093181,4,47367,49,8121
0,1560292711,10,47492,49,8128,0.16858013982220263,1560291816,8,47507,49,8018,0.12717778436815733,1558195095,8,47458,49,8155,1.0439026889194987,1553996271,4,47357,49,8176,0.7707618871112379,1551899464,5,47235,49,8114
0.17939686738070926,1560292711,10,47492,49,8128,0.16858013982220263,1560291816,8,47507,49,8018,0.12717778436815733,1558195095,8,47458,49,8155,1.0439026889194987,1553996271,4,47357,49,8176,0.7707618871112379,1551899464,5,47235,49,8114
0,1547709056,9,47107,49,8123,0.45794006459799175,1547710567,12,47110,49,8046,0.6260347506737519,1547709400,9,47159,49,8114,0.756684753804838,1549801387,3,47237,49,8031,0.4486624382967993,1547704883,4,47095,49,8160
0.48466849548552,1547709056,9,47107,49,8123,0.45794006459799175,1547710567,12,47110,49,8046,0.6260347506737519,1547709400,9,47159,49,8114,0.756684753804838,1549801387,3,47237,49,8031,0.4486624382967993,1547704883,4,47095,49,8160
0,1549804149,6,47223,49,8091,0.6971176158734269,1549807657,12,47213,49,8071,1.141517007139924,1556097586,8,47377,49,8170,0.4722216464003527,1547704385,4,47114,49,8089,0.14624783610563674,1558190620,5,47476,49,8108
0.7478142498750117,1549804149,6,47223,49,8091,0,1553999859,7,47344,49,8029,1.141517007139924,1556097586,8,47377,49,8170,0.4722216464003527,1547704385,4,47114,49,8089,0.14624783610563674,1558190620,5,47476,49,8108
0.3865486115308988,1562387649,6,47581,49,8139,0.020585206372576558,1558197037,13,47446,49,8121,1.1413125309134617,1556098237,9,47379,49,8154,0.6149132573160117,1547704231,4,47171,49,8091,0.3244306518417977,1562385390,5,47561,49,8142
0.3865486115308988,1562387649,6,47581,49,8139,0.020585206372576558,1558197037,13,47446,49,8121,1.1413125309134617,1556098237,9,47379,49,8154,0.6149132573160117,1547704231,4,47171,49,8091,0.3244306518417977,1562385390,5,47561,49,8142
0.9660833987342291,1554001030,9,47315,49,8187,0.12084649465398388,1558196285,12,47487,49,8079,0.9421171187598083,1553999675,7,47292,49,8138,0.3900135961628292,1545607101,3,47080,49,8132,0.29985096559552116,1560287959,5,47546,49,8117
1.167422063735297,1556099714,15,47397,49,8134,1.162724669687476,1556097381,7,47408,49,8025,0.20540789699806908,1560292214,9,47491,49,8116,1.1808820399108706,1556093257,3,47414,49,8078,1.212603494725077,1556093421,5,47421,49,8109
1.167422063735297,1556099714,15,47397,49,8134,1.162724669687476,1556097381,7,47408,49,8025,0.20540789699806908,1560292214,9,47491,49,8116,1.1808820399108706,1556093257,3,47414,49,8078,1.212603494725077,1556093421,5,47421,49,8109
0.8362439162095853,1551901598,6,47260,49,8118,1.2216765089274337,1558192868,5,47438,49,8063,0.14043703125410262,1558192195,4,47464,49,8130,0.032827661336262456,1558189878,3,47438,49,8115,0.2766988771183361,1560287988,5,47533,49,8136
0.8362439162095853,1551901598,6,47260,49,8118,1.2216765089274337,1558192868,5,47438,49,8063,0.14043703125410262,1558192195,4,47464,49,8130,0.032827661336262456,1558189878,3,47438,49,8115,0.2766988771183361,1560287988,5,47533,49,8136
0.45559965567646876,1562387249,6,47608,49,8104,0.019871405240293023,1558194225,7,47445,49,8113,0.325761630243508,1560291026,7,47543,49,8124,1.2171930103365798,1556092904,3,47426,49,8076,0.5045564674015275,1547704874,5,47115,49,8132
0.4409127967368259,1562390140,10,47600,49,8118,0.6719263499595383,1549805772,7,47204,49,8109,0.4180673789457556,1545612865,10,47070,49,0,0.941295509247578,1553995724,3,47315,49,8089,0.1786812135825328,1560287645,5,47494,49,8137
0.4409127967368259,1562390140,10,47600,49,8118,0.6719263499595383,1549805772,7,47204,49,8109,0.4180673789457556,1545612865,10,47070,49,0,0.941295509247578,1553995724,3,47315,49,8089,0.1786812135825328,1560287645,5,47494,49,8137
0,1547709796,10,47115,49,8078,0.5423917544529405,1547708555,7,47154,49,8134,0.7348635489529924,1549806573,9,47204,49,8123,0.5449439420599949,1547704681,3,47145,49,8113,1.2249444575803428,1558190837,5,47428,49,8136
0.5100660740841392,1547709796,10,47115,49,8078,0,1549805928,7,47196,49,8078,0.7348635489529924,1549806573,9,47204,49,8123,0.5449439420599949,1547704681,3,47145,49,8113,1.2249444575803428,1558190837,5,47428,49,8136
1.1382509732246973,1556099257,14,47388,49,8,0.781874155245109,1551902841,7,47262,49,8108,0.5221021808970122,1547709808,9,47114,49,8050,0.6263359444165998,1549801631,3,47183,49,8139,0.37808155489365164,1562385334,5,47579,49,8091
1.1382509732246973,1556099257,14,47388,49,8,0.781874155245109,1551902841,7,47262,49,8108,0.5221021808970122,1547709808,9,47114,49,8050,0.6263359444165998,1549801631,3,47183,49,8139,0.37808155489365164,1562385334,5,47579,49,8091
0.24732516905310606,1560290639,6,47523,49,8155,0.5252567889854044,1547708660,7,47146,49,8090,1.2274985656282045,1556097830,9,47414,49,8120,1.0993877695440637,1556093378,3,47385,49,8170,0.34819619210252806,1562385396,5,47563,49,8085
0.24732516905310606,1560290639,6,47523,49,8155,0.5252567889854044,1547708660,7,47146,49,8090,1.2274985656282045,1556097830,9,47414,49,8120,1.0993877695440637,1556093378,3,47385,49,8170,0.34819619210252806,1562385396,5,47563,49,8085
0.3305537539161012,1562390168,11,47555,49,8105,0.49394430696449076,1547709017,7,47133,49,8070,0.2414121517205959,1560292153,8,47506,49,8125,0.3213709536863359,1545607317,4,47053,49,8078,0.1794972668702967,1560287985,5,47489,49,8072
0.3305537539161012,1562390168,11,47555,49,8105,0.49394430696449076,1547709017,7,47133,49,8070,0.2414121517205959,1560292153,8,47506,49,8125,0.3213709536863359,1545607317,4,47053,49,8078,0.1794972668702967,1560287985,5,47489,49,8072
0.5064952262306505,1547710119,11,47118,49,8120,0.32993715267804336,1562391252,13,47565,49,7998,0.4642711929021911,1562389574,9,47601,49,8122,0.4042933326723213,1545607107,3,47088,49,8122,1.2441185942105946,1558190840,5,47435,49,8150
0.5064952262306505,1547710119,11,47118,49,8120,0.32993715267804336,1562391252,13,47565,49,7998,0.4642711929021911,1562389574,9,47601,49,8122,0.4042933326723213,1545607107,3,47088,49,8122,1.2441185942105946,1558190840,5,47435,49,8150
0.7730073680237157,1549807095,11,47233,49,8114,0.14389633825396003,1560292912,11,47501,49,8099,0.7529167928964623,1549806770,9,47211,49,8148,0.6041021159836407,1547704517,3,47169,49,8164,1.1956730222580536,1556093932,5,47406,49,8095
0.7730073680237157,1549807095,11,47233,49,8114,0.14389633825396003,1560292912,11,47501,49,8099,0.7529167928964623,1549806770,9,47211,49,8148,0.6041021159836407,1547704517,3,47169,49,8164,1.1956730222580536,1556093932,5,47406,49,8095
0.4679406306447906,1562386060,4,47616,49,8092,0.24956507056492191,1560291066,7,47537,49,8134,0.5360752350058443,1547709685,9,47121,49,8120,0.7968714201180074,1551898630,3,47255,49,8117,0.3755312246755007,1545608142,5,47063,49,8115
0.4679406306447906,1562386060,4,47616,49,8092,0.24956507056492191,1560291066,7,47537,49,8134,0.5360752350058443,1547709685,9,47121,49,8120,0.7968714201180074,1551898630,3,47255,49,8117,0.3755312246755007,1545608142,5,47063,49,8115
0.17021781729200067,158195560,11,47487,49,8130,0.30759863700870804,1562388486,7,47567,49,8122,0.6754004850448551,1549806736,9,47179,49,8048,1.133759936979316,1556093232,3,47400,49,8073,0.8153336382054386,1551899559,5,47247,49,8155
0.17021781729200067,1558195560,11,47487,49,8130,0.30759863700870804,1562388486,7,47567,49,8122,0.6754004850448551,1549806736,9,47179,49,8048,1.133759936979316,1556093232,3,47400,49,8073,0.8153336382054386,1551899559,5,47247,49,8155
0.5902331317502354,1549808163,14,47153,49,8150,0.124722218774094,1560293169,11,47488,49,8057,1.0325859659164767,1554000903,9,47333,49,8121,0.4262222952613982,1545607355,3,47097,49,8131,0.8025837242992132,1551899706,5,47244,49,8141
0.5902331317502354,1549808163,14,47153,49,8150,0.124722218774094,1560293169,11,47488,49,8057,1.0325859659164767,1554000903,9,47333,49,8121,0.4262222952613982,1545607355,3,47097,49,8131,0.8025837242992132,1551899706,5,47244,49,8141
0.8067679737867971,1551903487,9,47246,49,8147,0.7469926692814233,1551905160,12,47243,49,8134,1.1780305869189365,1556097244,8,47395,49,8161,0.17592636137792927,1560287139,3,47503,49,8134,0.741183731121763,1549801950,5,47214,49,8123
0.8067679737867971,1551903487,9,47246,49,8147,0.7469926692814233,1551905160,12,47243,49,8134,1.1780305869189365,1556097244,8,47395,49,8161,0.17592636137792927,1560287139,3,47503,49,8134,0.741183731121763,1549801950,5,47214,49,8123
0,1556098849,10,47374,49,8168,0.6290870921079165,1549804317,5,47183,49,8074,0.37584116923683025,1562389756,9,47565,49,8124,0.3454418549550374,1545606975,3,47065,49,8091,0.8310409998945987,1551899524,5,47253,49,8149
1.1077545248384575,1556098849,10,47374,49,8168,0.6290870921079165,1549804317,5,47183,49,8074,0.37584116923683025,1562389756,9,47565,49,8124,0.3454418549550374,1545606975,3,47065,49,8091,0.8310409998945987,1551899524,5,47253,49,8149
0.29709798957904243,1560292843,11,47546,49,8134,1.1591537871524151,1556099549,12,47410,49,8078,0.4995616378568325,1545611873,9,47104,49,8157,0.17694688173754453,1560287486,4,47500,49,8097,0.5164885250129019,1547704447,5,47121,49,8069
0.29709798957904243,1560292843,11,47546,49,8134,1.1591537871524151,1556099549,12,47410,49,8078,0.4995616378568325,1545611873,9,47104,49,8157,0.17694688173754453,1560287486,4,47500,49,8097,0.5164885250129019,1547704447,5,47121,49,8069
0.13727325065638532,1558196169,11,47473,49,8122,1.2006658323774229,1558196392,12,47427,49,8090,0.28057832541137,1560289257,4,47523,49,8142,0.4561071734858523,1545606979,3,47107,49,8140,1.024626343803932,1553996753,5,47338,49,8111
0.13727325065638532,1558196169,11,47473,49,8122,1.2006658323774229,1558196392,12,47427,49,8090,0.28057832541137,1560289257,4,47523,49,8142,0.4561071734858523,1545606979,3,47107,49,8140,1.024626343803932,1553996753,5,47338,49,8111
0.7287404982184544,1549807276,11,47218,49,8156,0,1547710725,12,47108,49,8071,0.8304331003948927,1551903740,9,47244,49,8169,0.78136853470336,1551898716,3,47246,49,8089,0.27731045494971107,1560287593,5,47529,49,8154
0.7287404982184544,1549807276,11,47218,49,8156,0.46375456867196996,1547710725,12,47108,49,8071,0.8304331003948927,1551903740,9,47244,49,8169,0.78136853470336,1551898716,3,47246,49,8089,0.27731045494971107,1560287593,5,47529,49,8154
0.18164237166979375,1560293511,14,47486,49,8126,0.9859676084158727,1553999686,6,47340,49,8127,0.2070399738084019,1560291745,8,47492,49,8134,0.7118081563749167,1549801872,3,47216,49,8138,0.3911363540131319,1545608240,5,47069,49,8113
0.18164237166979375,1560293511,14,47486,49,8126,0.9859676084158727,1553999686,6,47340,49,8127,0.2070399738084019,1560291745,8,47492,49,8134,0.4824211975434688,1547704291,3,47121,49,8084,0.3911363540131319,1545608240,5,47069,49,8113
1.1496736619736756,1556098691,11,47395,49,8140,1.0575671376257216,1556099391,12,47374,49,8041,1.050639209671225,1554001073,9,47341,49,8130,1.1574232257629196,1556093049,3,47407,49,8092,0.932525436208469,1551898652,4,47297,49,8149
1.1496736619736756,1556098691,11,47395,49,8140,1.0575671376257216,1556099391,12,47374,49,8041,1.050639209671225,1554001073,9,47341,49,8130,1.1574232257629196,1556093049,3,47407,49,8092,0.932525436208469,1551898652,4,47297,49,8149
0.36920917733870307,1562390535,14,47575,49,8118,0.8683668775885897,1554001466,11,47293,49,8063,0.3414689939689317,1560291133,7,47550,49,8128,0.08994482455166439,1558190397,4,47465,49,8068,1.0922497960891864,1556093366,5,47363,49,8075
0.36920917733870307,1562390535,14,47575,49,8118,0.8683668775885897,1554001466,11,47293,49,8063,0,1560291133,7,47550,49,8128,0.08994482455166439,1558190397,4,47465,49,8068,1.0922497960891864,1556093366,5,47363,49,8075
1.0608369083519835,1554000751,9,47354,49,5,1.1374292966307806,1556097073,7,47402,49,8092,0.6871298882328909,1549806695,9,47185,49,8135,1.0894949292661036,1556092618,3,47377,49,8095,0.4089869460086964,1545607784,5,47070,49,8087
1.0608369083519835,1554000751,9,47354,49,5,1.1374292966307806,1556097073,7,47402,49,8092,0.6871298882328909,1549806695,9,47185,49,8135,1.0894949292661036,1556092618,3,47377,49,8095,0.4089869460086964,1545607784,5,47070,49,8087
0.11279392880597007,1558195838,11,47465,49,8160,0.7892185023835062,1551902474,6,47256,49,8092,0.7325176660061634,1549805963,8,47204,49,8157,1.111933215222447,1556092676,3,47389,49,8103,0.435403207728683,1545607562,5,47083,49,8085
0.11279392880597007,1558195838,11,47465,49,8160,0.7892185023835062,1551902474,6,47256,49,8092,0.7325176660061634,1549805963,8,47204,49,8157,1.111933215222447,1556092676,3,47389,49,8103,0.15970970923779085,1560287685,5,47482,49,8117
0.698550753737178,1549805038,7,47202,49,8064,0.7746338946918124,1551902563,7,47247,49,8025,0.232742427758269,1560291422,7,47504,49,8128,0.4256107259853216,1545607375,3,47094,49,8044,0.9182456782193074,1553996252,5,47293,49,8139
0.698550753737178,1549805038,7,47202,49,8064,0.7746338946918124,1551902563,7,47247,49,8025,0.232742427758269,1560291422,7,47504,49,8128,0.4256107259853216,1545607375,3,47094,49,8044,0.9182456782193074,1553996252,5,47293,49,8139
0,1556098345,10,47406,49,8145,0.6784528034681206,1549808145,13,47214,49,8104,0.9419126505924842,1551903112,8,47292,49,8188,0.9202848139790055,1553995553,3,47308,49,8099,0.3450342741871791,1562385123,5,47561,49,8087
0,1556098345,10,47406,49,8145,0.6784528034681206,1549808145,13,47214,49,8104,0.9419126505924842,1551903112,8,47292,49,8188,0.9202848139790055,1553995553,3,47308,49,8099,0.3450342741871791,1562385123,5,47561,49,8087
0.7028354151159415,1549804434,6,47200,49,8142,0.9004953897880892,1553998576,6,47309,49,8129,0.6028826419473444,1547708415,7,47144,49,8134,0.47589289316830213,1547703841,3,47121,49,8143,1.043190777956994,1556093344,5,47340,49,8075
0.7028354151159415,1549804434,6,47200,49,8142,0.9004953897880892,1553998576,6,47309,49,8129,0.6028826419473444,1547708415,7,47144,49,8134,0.47589289316830213,1547703841,3,47121,49,8143,1.043190777956994,1556093344,5,47340,49,8075
0.6587730149290026,1549807019,10,47184,49,8115,0,1551904917,12,47228,49,8113,0.7824949775478431,1549806819,10,47223,49,8114,0.9010084437215717,1551898923,3,47297,49,8069,1.2571752405289724,1558190917,5,47435,49,8167
1.0819498357708968,1556098988,11,47363,49,8105,0.08616760612167668,1558196076,12,47477,49,8112,1.1143869530353296,1554000546,9,47361,49,8135,0.8986625631525871,1551898041,3,47296,49,8100,1.2371831932914394,1558191088,5,47431,49,8070
1.0819498357708968,1556098988,11,47363,49,8105,0.08616760612167668,1558196076,12,47477,49,8112,1.1143869530353296,1554000546,9,47361,49,8135,0.8986625631525871,1551898041,3,47296,49,8100,1.2371831932914394,1558191088,5,47431,49,8070
0.15267390159855948,1558195506,10,47482,49,8143,1.0182987228015918,1556098598,11,47362,49,8036,0.5029280244953002,1545611926,8,47100,49,8115,0.14104487176244465,1558190429,3,47484,49,8104,0.4107194332102689,1545608333,5,47078,49,8095
0.15267390159855948,1558195506,10,47482,49,8143,1.0182987228015918,1556098598,11,47362,49,8036,0.5029280244953002,1545611926,8,47100,49,8115,0.14104487176244465,1558190429,3,47484,49,8104,0.4107194332102689,1545608333,5,47078,49,8095
0.9987212542764757,1553998741,5,47331,49,8149,0.08831088088871232,1558194284,7,47472,49,8140,0.41092750920174487,1562388780,7,47578,49,8144,0.9151859648317917,1551898575,3,47302,49,8049,1.069911873094926,1556093730,5,47359,49,8104
0.9987212542764757,1553998741,5,47331,49,8149,0.08831088088871232,1558194284,7,47472,49,8140,0.41092750920174487,1562388780,7,47578,49,8144,0.9151859648317917,1551898575,3,47302,49,8049,1.069911873094926,1556093730,5,47359,49,8104
1.1044903654862013,1556099605,14,47374,49,8114,0.28281446652294345,1562390338,12,47557,49,8090,0.6622434738096834,1549806570,9,47170,49,8167,0.7767790098493588,1551897930,3,47243,49,8103,0.9004991438968089,1551899536,5,47284,49,8089
1.068588352239592,1554000616,9,47358,49,8082,0.7931964683894396,1551902770,7,47255,49,8064,0.5285282536333721,1547709127,8,47113,49,8182,1.1032634933806857,1556093331,3,47386,49,8127,0.6368422405032426,1549802321,5,47173,49,8079
1.068588352239592,1554000616,9,47358,49,8082,0.7931964683894396,1551902770,7,47255,49,8064,0.5285282536333721,1547709127,8,47113,49,8182,1.1032634933806857,1556093331,3,47386,49,8127,0.6368422405032426,1549802321,5,47173,49,8079
0.38583480559960875,1562387537,6,47580,49,8152,0.24476918522130536,1560293880,13,47544,49,8134,1.028710247292414,1554000686,8,47329,49,8132,0,1558190342,3,47469,49,8129,0.777288368922123,1551898900,5,4726,49,8094
0.38583480559960875,1562387537,6,47580,49,8152,0.24476918522130536,1560293880,13,47544,49,8134,1.028710247292414,1554000686,8,47329,49,8132,0.10096042575147458,1558190342,3,47469,49,8129,0.777288368922123,1551898900,5,47236,49,8094
0,1547709304,10,47105,49,8096,0.05057232546281104,1558193477,6,47456,49,8109,1.1470248126839422,1556097831,8,47377,49,8172,0.3061747933219464,1560287367,3,47553,49,8139,1.0930658332260776,1556093673,5,47364,49,8075
0.4775286207731231,1547709304,10,47105,49,8096,0.05057232546281104,1558193477,6,47456,49,8109,1.1470248126839422,1556097831,8,47377,49,8172,0.3061747933219464,1560287367,3,47553,49,8139,1.0930658332260776,1556093673,5,47364,49,8075
0,1562387618,6,47595,49,8130,0.4194877083526899,1547710393,12,47103,49,8068,0.890405500382013,1551904128,10,47271,49,8148,1.2000580377944394,1556093483,3,47421,49,8171,0.7076275978016426,1549801970,5,47199,49,8134
0.40878245375056327,1562387618,6,47595,49,8130,0.4194877083526899,1547710393,12,47103,49,8068,0.890405500382013,1551904128,10,47271,49,8148,1.2000580377944394,1556093483,3,47421,49,8171,0.7076275978016426,1549801970,5,47199,49,8134
0,1562386994,5,47593,49,8178,0.8282842970362393,1551904787,12,47271,49,8078,0.6464338747358979,1549806352,9,47167,49,8110,0.8383834648062766,1551898967,3,47273,49,8145,0.3334071083095017,1562385267,5,47556,49,8128
0.4089869179214049,1562386994,5,47593,49,8178,0.8282842970362393,1551904787,12,47271,49,8078,0.6464338747358979,1549806352,9,47167,49,8110,0.8383834648062766,1551898967,3,47273,49,8145,0.3334071083095017,1562385267,5,47556,49,8128
0.7755577216594153,1551905658,15,47231,49,8074,0.8886637567189238,1554002182,13,47303,49,8102,0.739657544914268,1549806670,9,47205,49,8108,0.4466214124509604,1545607470,3,47106,49,8143,1.1983237443218533,1558190723,5,47412,49,8112
0.7755577216594153,1551905658,15,47231,49,8074,0.8886637567189238,1554002182,13,47303,49,8102,0.739657544914268,1549806670,9,47205,49,8108,0.4466214124509604,1545607470,3,47106,49,8143,1.1983237443218533,1558190723,5,47412,49,8112
0.6411287083881427,1549807522,11,47173,49,8117,0,1554002487,13,47308,49,8063,0.28210816874051925,1560292599,9,47523,49,8127,1.0822528026582543,1556092404,3,47378,49,8071,0.7599507765673265,1549802309,5,47222,49,8090
0.6411287083881427,1549807522,11,47173,49,8117,0.9183441601144804,1554002487,13,47308,49,8063,0.28210816874051925,1560292599,9,47523,49,8127,1.0822528026582543,1556092404,3,47378,49,8071,0.7599507765673265,1549802309,5,47222,49,8090
0.4093958450890258,1562387236,6,47589,49,8120,0.8258343151354353,1551902963,7,47279,49,8149,0.24294199325126334,1560292368,9,47507,49,8118,0.498230784617529,1547704577,3,47128,49,8096,0.3560498740388177,1545608241,5,47054,49,8111
1.031972536751958,1553998776,6,47341,49,8121,1.1163163811330123,1556098128,10,47399,49,8069,0.9404850407350888,1551903629,9,47292,49,8141,1.0847009228739903,1556092770,3,47378,49,8070,1.1019381611411005,1556093757,5,47373,49,8120
1.031972536751958,1553998776,6,47341,49,8121,1.1163163811330123,1556098128,10,47399,49,8069,0.9404850407350888,1551903629,9,47292,49,8141,1.0847009228739903,1556092770,3,47378,49,8070,1.1019381611411005,1556093757,5,47373,49,8120
0.4162290239823591,1562387788,6,47594,49,8129,0.1410411374453159,1560294050,13,47497,49,8100,0.3922623382546723,1562389340,8,47571,49,8137,0.3986832981134716,1545607401,3,47088,49,8115,0.6014495634214352,1547704896,5,47160,49,8146
0.35207376556150666,1562390577,11,47567,49,8122,0.5798236033829007,1549807828,12,47171,49,8071,0.5151667695223836,1547708973,8,47110,49,8095,0.06546549795789973,1558189875,3,47459,49,8164,0.5638150704877528,1547705064,5,47137,49,8178
0.35207376556150666,1562390577,11,47567,49,8122,0.5798236033829007,154980728,12,47171,49,8071,0.5151667695223836,1547708973,8,47110,49,8095,0,1558189875,3,,49,8164,0,1547705064,5,47137,49,8178
0.9473163523949786,1554002101,14,47307,49,8157,0.7370998171740724,1551905052,12,47237,49,8108,0.1584902766815763,1558195483,9,47471,49,8128,0.5182209693312727,1547704550,3,47140,49,8172,1.2153564683719678,1558190614,5,47421,49,8102
0.9473163523949786,1554002101,14,47307,49,8157,0.7370998171740724,1551905052,12,47237,49,8108,0.1584902766815763,1558195483,9,47471,49,8128,0.5182209693312727,1547704550,3,47140,49,8172,1.2153564683719678,1558190614,5,47421,49,8102
0.34116040438778455,1562390311,11,47561,49,8125,0.8705082772292179,1554001920,12,47297,49,8112,0.6755027220871135,1549806538,9,47176,49,8127,0.9140632060545073,1551898422,3,47307,49,8134,0.6597917113688169,1549802363,5,47180,49,8170
0.34116040438778455,1562390311,11,47561,49,8125,0.8705082772292179,1554001920,12,47297,49,8112,0.6755027220871135,1549806538,9,47176,49,8127,0.9140632060545073,1551898422,3,47307,49,8134,0.6597917113688169,1549802363,5,47180,49,8170
0.2836361417066513,1560292959,10,47533,49,8152,0,1558194365,7,47471,49,8094,0.6584699825274128,1547708410,7,47167,49,8109,0.5637109712596113,1547704285,3,47158,49,8136,0.6011446947503987,1549802090,5,47155,49,8129
0.2836361417066513,1560292959,10,47533,49,8152,0.07841617206115747,1558194365,7,47471,49,8094,0.6584699825274128,1547708410,7,47167,49,8109,0.5637109712596113,1547704285,3,47158,49,8136,0.6011446947503987,1549802090,5,47155,49,8129
1.143554301379279,1556096370,6,47390,49,8098,0.672945010902629,1549807848,12,47210,49,8099,0.13431766756826388,1558195279,9,47458,49,8123,0.49965839334034473,1547703687,3,47130,49,8088,0.6257244072570461,1549802284,5,47170,49,8110
1.143554301379279,1556096370,6,47390,49,8098,0.672945010902629,1549807848,12,47210,49,8099,0.13431766756826388,1558195279,9,47458,49,8123,0.49965839334034473,1547703687,3,47130,49,8088,0.6257244072570461,1549802284,5,47170,49,8110
0.7652559268171656,1549807409,11,47227,49,8123,0.694567262084137,1549807857,12,47222,49,8063,0,1554000793,9,47309,49,8158,0.9094736829927489,1551898471,3,47304,49,8152,1.2271881116182024,1558190818,5,47425,49,8084
0.7652559268171656,1549807409,11,47227,49,8123,0.694567262084137,1549807857,12,47222,49,8063,0.9826086666116454,1554000793,9,47309,49,8158,0.9094736829927489,1551898471,3,47304,49,8152,1.2271881116182024,1558190818,5,47425,49,8084
0,1560290170,5,47519,49,8104,0.3670623051593031,1562388655,7,47585,49,8089,0.5300580971268978,1547709885,9,47114,49,8149,0.5285227636823652,1547704623,3,47143,49,8136,1.2689046438127596,1558190265,5,47440,49,8135
0.23365697456138484,1560290170,5,47519,49,8104,0,1556097132,7,47417,49,8130,0.5300580971268978,1547709885,9,47114,49,8149,0.5285227636823652,1547704623,3,47143,49,8136,1.2689046438127596,1558190265,5,47440,49,8135
0.11932224585373179,1558192938,5,47464,49,8130,0.8441942703037825,1551904178,11,47275,49,8045,0.37839153351618227,1562389684,9,47561,49,8121,0.08443701811849018,1558190555,4,47465,49,8134,1.1962845831766766,1556093646,5,47408,49,8064
0.11932224585373179,1558192938,5,47464,49,8130,0.8441942703037825,1551904178,11,47275,49,8045,0.37839153351618227,1562389684,9,47561,49,8121,0.08443701811849018,1558190555,4,47465,49,8134,1.1962845831766766,1556093646,5,47408,49,8064
0.28720514689663795,1560292983,11,47538,49,8130,0.5661572625225605,1547707938,7,47161,49,8085,0.5136369297926798,1545611020,7,47107,49,8182,0.04955552305309257,1558190318,3,47447,49,8117,0.2144809992158665,1560288033,5,47506,49,8110
0.28720514689663795,1560292983,11,47538,49,8130,0.5661572625225605,1547707938,7,47161,49,8085,0.5136369297926798,1545611020,7,47107,49,8182,0.04955552305309257,1558190318,3,47447,49,8117,0.2144809992158665,1560288033,5,47506,49,8110
0.6917175828616972,1549807026,10,47196,49,8062,0.5857403437846269,1547710288,11,47169,49,8106,0.8050355144987331,1551903786,9,47234,49,8164,0.29791214553889345,1543510189,4,47044,49,8117,0.8022788644238101,1551899277,5,47239,49,8114
0.6917175828616972,1549807026,10,47196,49,8062,0.5857403437846269,1547710288,11,47169,49,8106,0.8050355144987331,1551903786,9,47234,49,8164,0.29791214553889345,1543510189,4,47044,49,8117,0.8022788644238101,1551899277,5,47239,49,8114
0.16858574299687742,1558195760,11,47485,49,8135,0,1556099804,13,47377,49,8,0.1358475095114308,1558195559,9,47459,49,8152,0.9251810452682329,1553995881,3,47310,49,8094,0.5049635874961925,1547705011,5,47114,49,8109
0.1198315735370911,1558193291,6,47467,49,8117,0.32259281360615455,1562389844,11,47573,49,8061,1.2825765909515499,1558195238,9,47432,49,8130,0.7445482426852428,1549801333,3,47233,49,8109,0.6412272982350309,1549801678,5,47178,49,8097
0.1198315735370911,1558193291,6,47467,49,8117,0.32259281360615455,1562389844,11,47573,49,8061,1.2825765909515499,1558195238,9,47432,49,8130,0.7445482426852428,1549801333,3,47233,49,8109,0.6412272982350309,1549801678,5,47178,49,8097
0.8925450646748797,1551901680,6,47280,49,8118,0.2967875139877721,1562391226,13,47562,49,8116,0.9158031005004618,1551903054,7,47275,49,8157,0.1324773834250078,1558190173,3,47482,49,8079,0.4473370723891501,1547704618,5,47087,49,8079
0.8925450646748797,1551901680,6,47280,49,8118,0.2967875139877721,1562391226,13,47562,49,8116,0.9158031005004618,1551903054,7,47275,49,8157,0.1324773834250078,1558190173,3,47482,49,8079,0.4473370723891501,1547704618,5,47087,49,8079
0.44611390993560074,1564488023,14,47601,49,8118,0.34125762258693315,1562390324,11,47574,49,8066,0.5253663369145318,1547709576,9,47111,49,8079,0.7626014873108369,1549801256,3,47239,49,8108,0.22202983313941968,1560288094,5,47504,49,8099
0.44611390993560074,1564488023,14,47601,49,8118,0.34125762258693315,1562390324,11,47574,49,8066,0.5253663369145318,1547709576,9,47111,49,8079,0.7626014873108369,1549801256,3,47239,49,8108,0.22202983313941968,1560288094,5,47504,49,8099
1.2013852880904468,1556094111,3,47412,49,8130,0.22947078629720002,1560290999,7,47534,49,8099,0.34177571631757625,1560292108,9,47543,49,8163,0.15379478824967902,1558190508,3,47488,49,8090,1.2198456247098712,1558190589,5,47419,49,8112
1.2013852880904468,1556094111,3,47412,49,8130,0.22947078629720002,1560290999,7,47534,49,8099,0.34177571631757625,1560292108,9,47543,49,8163,0.15379478824967902,1558190508,3,47488,49,8090,1.2198456247098712,1558190589,5,47419,49,8112
1.0439045615849651,1554001616,11,47348,49,8143,0,1553999462,7,47358,49,8140,0.1836834077584696,1558195512,9,47477,49,8120,0.412351477428994,1545607551,3,47089,49,8110,0.3248396204667862,1562384686,4,47554,49,8172
0.25987062492625496,1560290757,6,47523,49,8172,0.38797075984985063,1545613484,12,47092,49,8094,0.902339382162201,1551902808,7,47271,49,8182,1.0306434339387631,1553996076,3,47355,49,8122,0.1257464820490055,1558190615,5,47466,49,8116
0.25987062492625496,1560290757,6,47523,49,8172,0.38797075984985063,1545613484,12,47092,49,8094,0.902339382162201,1551902808,7,47271,49,8182,1.0306434339387631,1553996076,3,47355,49,8122,0.1257464820490055,1558190615,5,47466,49,8116
0.4736529059569519,1562390180,11,47611,49,8143,0,1558194198,7,47480,49,8095,0.9241661150312526,1551903703,9,47281,49,8078,0.08668066346147331,1558190226,3,47466,49,8126,0.7429180381089012,1549802069,5,47215,49,8062
0.4736529059569519,1562390180,11,47611,49,8143,0.10932157154881739,1558194198,7,47480,49,8095,0.9241661150312526,1551903703,9,47281,49,8078,0.08668066346147331,1558190226,3,47466,49,8126,0.7429180381089012,1549802069,5,47215,49,8062
0.5368894560207512,1547710093,10,47127,49,8143,0,1549807722,12,47222,49,8079,0.7940199155247195,1549806501,9,47229,49,8170,0.19071544523859701,1560287363,4,47510,49,8087,1.117543279341993,1556094014,5,47382,49,8143
0.5368894560207512,1547710093,10,47127,49,8143,0.705175768916266,1549807722,12,47222,49,8079,0.7940199155247195,1549806501,9,47229,49,8170,13.212138315586389,1560287363,4,47510,49,8087,1.117543279341993,1556094014,5,47382,49,8143
0.22703015744763413,1560292963,10,47501,49,8154,0.755662388302351,1551904940,12,47246,49,8069,0.37686169418400234,1562388352,7,47559,49,8130,1.0900042474915472,1556093034,4,47381,49,8160,1.1487554027713474,1556093779,5,47388,49,8130
0.45253997839441035,1562387289,6,47602,49,24,0.4188761413643571,1545612812,10,47092,49,8021,0.8733727706920783,1551903888,9,47259,49,8125,0.45243591318556703,1545607569,4,47104,49,8131,0.8074799520303088,1551899068,5,47246,49,8074
1.0571656712399078,1556099185,14,47346,49,8136,1.0215628939148726,1553999449,7,47359,49,8134,0.6824381339092803,1549805621,8,47179,49,8130,0.5881902868583035,1547704062,3,47165,49,8135,1.2012830583176595,1556093813,5,47409,49,8118
1.0571656712399078,1556099185,14,47346,49,8136,1.0215628939148726,1553999449,7,47359,49,8134,0.6824381339092803,1549805621,8,47179,49,8130,0.5881902868583035,1547704062,3,47165,49,8135,1.2012830583176595,1556093813,5,47409,49,8118
0.796466185554909,1551904596,11,47239,49,8138,0.8061508629070702,1551904089,11,47263,49,8069,1.0250390019674305,1554001108,9,47323,49,8097,1.0581824390028896,1553995893,3,47365,49,8054,0.7432229006771762,1551898829,5,47220,49,8123
0.796466185554909,1551904596,11,47239,49,8138,0.8061508629070702,1551904089,11,47263,49,8069,1.0250390019674305,1554001108,9,47323,49,8097,1.0581824390028896,1553995893,3,47365,49,8054,0.7432229006771762,1551898829,5,47220,49,8123
1.036562067556171,1553999045,6,47341,49,8175,0.8680620289147857,1551902517,7,47288,49,8097,0.3048531849165807,1560292303,9,47528,49,7,0.7323095115702414,1549801863,3,47224,49,8143,0.7505672486100949,1549802237,5,47220,49,8120
1.036562067556171,1553999045,6,47341,49,8175,0.8680620289147857,1551902517,7,47288,49,8097,0.3048531849165807,1560292303,9,47528,49,7,0.7323095115702414,1549801863,3,47224,49,8143,0.7505672486100949,1549802237,5,47220,49,8120
0.9950500148479998,1553998982,6,47324,49,8091,0.8219604609527951,1551902499,7,47268,49,8105,1.2660531878333918,1556096941,8,47424,49,8081,0.397255691085058,1545607379,3,47085,49,8073,0.7348598820438232,1549802601,5,47216,49,8156
0.9950500148479998,1553998982,6,47324,49,8091,0.8219604609527951,1551902499,7,47268,49,8105,1.2660531878333918,1556096941,8,47424,49,8081,0.397255691085058,1545607379,3,47085,49,8073,0.7348598820438232,1549802601,5,47216,49,8156
0.8159488787819534,1551904373,11,47240,49,8165,0.7279207730371574,1551905384,13,47230,49,8101,0.717728584712781,1549806713,9,47192,49,8172,0.014469553933198199,1556092815,3,47430,49,8041,0.6511219820667372,1549801518,5,47181,49,8106
0.8159488787819534,1551904373,11,47240,49,8165,0.7279207730371574,1551905384,13,47230,49,8101,0.717728584712781,1549806713,9,47192,49,8172,0.014469553933198199,1556092815,3,47430,49,8041,0.6511219820667372,1549801518,5,47181,49,8106
0.8880577733681856,1551903476,9,47277,49,8180,1.1409983031547168,1556096669,6,47404,49,8069,0.4628435878074112,1562388609,7,47595,49,8143,0.006820346495087821,1556092916,3,47425,49,8081,1.044109042952325,1553996099,5,47344,49,8145
0.8880577733681856,1551903476,9,47277,49,8180,1.1409983031547168,1556096669,6,47404,49,8069,0.4628435878074112,1562388609,7,47595,49,8143,0.006820346495087821,1556092916,3,47425,49,8081,1.044109042952325,1553996099,5,47344,49,8145
1.0106551409713584,1554001068,10,47331,49,8134,0.32351048205632105,1562390888,12,47563,49,8045,0.21662798120286766,1558194351,8,47489,49,8128,0.0247713525671438,1556092726,3,47433,49,8067,0.1633809396439882,1560287544,5,47491,49,8113
1.0106551409713584,1554001068,10,47331,49,8134,0.32351048205632105,1562390888,12,47563,49,8045,0.21662798120286766,1558194351,8,47489,49,8128,0.0247713525671438,1556092726,3,47433,49,8067,0.1633809396439882,1560287544,5,47491,49,8113
1.096025127706744,1556099344,13,47366,49,8109,0.6329628138542798,1549807996,12,47193,49,8095,1.1477386182076252,1556098169,9,47376,49,8155,1.1948550709749086,1556093198,3,47425,49,8114,0.5068001180440345,1547704292,5,47116,49,8125
1.096025127706744,1556099344,13,47366,49,8109,0.6329628138542798,1549807996,12,47193,49,8095,1.1477386182076252,1556098169,9,47376,49,8155,1.1948550709749086,1556093198,3,47425,49,8114,0.5068001180440345,1547704292,5,47116,49,8125
0.021406823080242103,1556095483,5,47422,49,8130,1.042166496212605,1556099129,12,47365,49,8106,0.9117229082682251,1551904119,9,47274,49,8157,1.1697641849379365,1556093225,3,47415,49,8130,0.860109832742931,1551899486,5,47268,49,8145
0.11004096412216818,1558192432,5,47457,49,8150,0.17072154386018293,1560292549,10,47509,49,8082,0.6371525911865539,1547709211,9,47158,49,8130,1.1126470124329684,1556093324,3,47391,49,8105,1.154263199129775,1556093539,5,47392,49,8102
0.11004096412216818,1558192432,5,47457,49,8150,0.17072154386018293,1560292549,10,47509,49,8082,0.6371525911865539,1547709211,9,47158,49,8130,1.1126470124329684,1556093324,3,47391,49,8105,1.154263199129775,1556093539,5,47392,49,8102
0.5192451419962891,1547710275,11,47117,49,8095,0.8288958645130774,1551904915,12,47272,49,8060,1.0617570593842125,1554001289,9,47339,49,8109,0.31076431187000947,1560286450,3,47557,49,8078,0.6586689585091395,1549801833,5,47187,49,8106
0.15430598302031118,1558193046,6,47481,49,8143,1.1535456334403815,1556098133,10,47409,49,8086,0.7348635566131618,1549806683,9,47200,49,8075,0.5975738091023244,1547703499,3,47169,49,8107,0.9303840165058583,1553996651,5,47299,49,8124
0.15430598302031118,1558193046,6,47481,49,8143,1.1535456334403815,1556098133,10,47409,49,8086,0.7348635566131618,1549806683,9,47200,49,8075,0.5975738091023244,1547703499,3,47169,49,8107,0.9303840165058583,1553996651,5,47299,49,8124
1.0515556253699085,1553998180,5,47348,49,8098,0.3102512407632737,1562391222,13,47565,49,8116,0.4308172902088829,1545612285,9,47069,49,8163,0.466713829547138,1547704145,3,47118,49,8116,1.1657881238587366,1558190206,4,47399,49,8117
1.0515556253699085,1553998180,5,47348,49,8098,0.3102512407632737,1562391222,13,47565,49,8116,0.4308172902088829,1545612285,9,47069,49,8163,0.466713829547138,1547704145,3,47118,49,8116,1.1657881238587366,1558190206,4,47399,49,8117
0.43826022283661276,1562385879,4,47601,49,8151,0.14767169968217622,1560293647,12,47495,49,8169,1.0069857563004216,1554001090,9,47316,49,8125,1.0630786730578026,1553995400,3,47367,49,5,1.2223940987163346,1558190782,5,47428,49,8142
0.43826022283661276,1562385879,4,47601,49,8151,0.14767169968217622,1560293647,12,47495,49,8169,1.0069857563004216,1554001090,9,47316,49,8125,1.0630786730578026,1553995400,3,47367,49,5,1.2223940987163346,1558190782,5,47428,49,8142
0,1554001685,11,47296,49,8072,0.4003117345046792,1562388047,7,47610,49,8090,0.5541284852526529,1547708625,8,47124,49,8078,0.7936072577959703,1551898338,3,47257,49,8117,0.2005079430655965,1560288028,5,47503,49,8122
0.935282095383859,1554001685,11,47296,49,8072,0.4003117345046792,1562388047,7,47610,49,8090,0.5541284852526529,1547708625,8,47124,49,8078,0.7936072577959703,1551898338,3,47257,49,8117,0.2005079430655965,1560288028,5,47503,49,8122
0,1549804312,6,47168,49,8088,0.6502000143562111,1549805735,7,47200,49,8126,0.09535596839111023,1558195524,9,47438,49,8104,0.4887450258786016,1547704592,3,47126,49,8097,0.4726324090819775,1545607900,5,47099,49,8077
0.6219527290307247,1549804312,6,47168,49,8088,0,1551904522,11,47271,49,8109,0.09535596839111023,1558195524,9,47438,49,8104,0.4887450258786016,1547704592,3,47126,49,8097,0.4726324090819775,1545607900,5,47099,49,8077
1.0099413343923527,1553998645,6,47332,49,8102,1.214843355742397,1558196578,12,47432,49,8114,0.3439171229804159,1560291644,8,47545,49,8072,0.6223579809200388,1549801653,4,47184,49,8113,1.1226439924711225,1556093181,4,47382,49,8101
1.0099413343923527,1553998645,6,47332,49,8102,1.214843355742397,1558196578,12,47432,49,8114,0.3439171229804159,1560291644,8,47545,49,8072,0.6223579809200388,1549801653,4,47184,49,8113,1.1226439924711225,1556093181,4,47382,49,8101
0.490890102635352,1547709963,11,47109,49,8139,0.9568987656907451,1554000007,7,47321,49,8167,0.7976930087011739,1549807075,10,47224,49,8142,1.0825595185760568,1556092513,3,47376,49,8111,0.993008992972521,1553996347,5,47325,49,8129
0.490890102635352,1547709963,11,47109,49,8139,0.9568987656907451,1554000007,7,47321,49,8167,0.7976930087011739,1549807075,10,47224,49,8142,1.0825595185760568,1556092513,3,47376,49,8111,0.993008992972521,1553996347,5,47325,49,8129
0.8307379641166892,1551904618,11,47249,49,8080,0.08504673218592278,1558196291,12,47469,49,8126,0.92957168225146,1551903717,9,47283,49,8124,1.0544089513652335,1553996135,4,47364,49,8122,0.35584538217922784,1545608249,5,47060,49,8142
0.8307379641166892,1551904618,11,47249,49,8080,0.08504673218592278,1558196291,12,47469,49,8126,0.92957168225146,1551903717,9,47283,49,8124,1.0544089513652335,1553996135,4,47364,49,8122,0.35584538217922784,1545608249,5,47060,49,8142
0.5580023763300691,1547707689,6,47139,49,8112,0.15450486167471258,1560293888,13,47500,49,8102,0.3071990659643228,1560292036,8,47529,49,8100,0.10402009896480956,1558190539,3,47474,49,8097,0.4780361534685099,1547705054,4,47110,49,8114
0.5580023763300691,1547707689,6,47139,49,8112,0.15450486167471258,1560293888,13,47500,49,8102,0.3071990659643228,1560292036,8,47529,49,8100,0.10402009896480956,1558190539,3,47474,49,8097,0.4780361534685099,1547705054,4,47110,49,8114
0.24538824680649013,1560290318,6,47516,49,8118,0.16011490171170642,1560292518,10,47501,49,8077,0.860725093649642,1551900315,4,47254,49,8126,0.3424843954896799,1545606764,3,47064,49,8130,0.5532083936335377,1547705322,5,47133,49,8182
0.24538824680649013,1560290318,6,47516,49,8118,0.16011490171170642,1560292518,10,47501,49,8077,0.860725093649642,1551900315,4,47254,49,8126,0.3424843954896799,1545606764,3,47064,49,8130,0.5532083936335377,1547705322,5,47133,49,8182
0.42204352057658623,1562389910,10,47592,49,8129,0.4017411749441547,1562388063,6,47604,49,8078,0.8529736468450322,1551903451,8,47250,49,2,1.046657508739778,1553995865,3,47360,49,8114,1.0650174930653642,1553996600,5,47355,49,8157
0.5129213003835763,1547711206,14,47117,49,8090,0.5839037996272876,1547707868,7,47170,49,8086,0.9945425483467399,1554000996,9,47310,49,8099,0.48405325897954565,1547704553,4,47126,49,8092,0.3016875272359822,1562385119,5,47543,49,8142
0.2764962605485297,1560293131,13,47531,49,23,0.9232404019358614,1553999627,7,47315,49,8090,0.47916252414840904,1545612394,9,47091,49,8172,0.3105598201408717,1545606948,3,47051,49,8140,0.7893244684546212,1551899619,5,47242,49,8102
0.2764962605485297,1560293131,13,47531,49,23,0.9232404019358614,1553999627,7,47315,49,8090,0.47916252414840904,1545612394,9,47091,49,8172,0.3105598201408717,1545606948,3,47051,49,8140,0.7893244684546212,1551899619,5,47242,49,8102
0.6435768251189137,1549806058,9,47172,49,8131,0.3242242813273353,1562391006,13,47572,49,8069,0.5675921976570744,1547709062,8,47128,49,8126,0.16919542491355577,1560287011,3,47501,49,8137,0.18888077845385642,1560288047,5,47497,49,8116
0.6435768251189137,1549806058,9,47172,49,8131,0.3242242813273353,1562391006,13,47572,49,8069,0.5675921976570744,1547709062,8,47128,49,8126,0.16919542491355577,1560287011,3,47501,49,8137,0.18888077845385642,1560288047,5,47497,49,8116
0.06343005151019929,1558195192,9,47436,49,8145,0.1628678631766305,1560293424,12,47506,49,8090,0.8749026149117237,1551904027,9,47259,49,8090,0.38899489284500965,1545607071,3,47082,49,8091,1.2613576722849091,1558190729,5,47438,49,8086
0.6019625405637081,1547710966,14,47156,49,28,1.1796551517558587,1558196041,11,47425,49,8031,1.14865689570234,1556097209,7,47375,49,8177,0.5978805015684575,1547704486,3,47170,49,8150,1.1346801133729316,1556092863,4,47384,49,8105
0.6019625405637081,1547710966,14,47156,49,28,1.1796551517558587,1558196041,11,47425,49,8031,1.14865689570234,1556097209,7,47375,49,8177,0.5978805015684575,1547704486,3,47170,49,8150,1.1346801133729316,1556092863,4,47384,49,8105
0.5371961469918153,1547709693,9,47127,49,8152,1.2123952335865789,1558195564,11,47432,49,8122,0.8851021778378684,1551900525,4,47263,49,8156,0.002942755436257327,1556092859,3,47435,49,8096,0.28771448230434316,1560287698,5,47536,49,8117
0.5371961469918153,1547709693,9,47127,49,8152,1.2123952335865789,1558195564,11,47432,49,8122,0.8851021778378684,1551900525,4,47263,49,8156,0.002942755436257327,1556092859,3,47435,49,8096,0.28771448230434316,1560287698,5,47536,49,8117
0,155400128,10,47307,49,8077,0.2978080364037672,1560290974,7,47552,49,,0.1824584235091039,1558195208,9,47480,49,8152,0.6099166081036325,1547704169,3,47172,49,8102,0.6481626931915326,1549802045,5,47186,49,8141
0,1554001428,10,47307,49,8077,0.2978080364037672,1560290974,7,47552,49,8105,0.1824584235091039,1558195208,9,47480,49,8152,0.6099166081036325,1547704169,3,47172,49,8102,0.6481626931915326,1549802045,5,47186,49,8141
0,1560294114,15,47482,49,8067,0.013854280416528543,1558196829,13,47440,49,8076,0.37767773587007497,1562389302,9,47558,49,8118,0.7544429370871323,1549801094,3,47235,49,8080,0.4564138882181601,1547705050,5,47098,49,8106
0.16236413998827356,1560294114,15,47482,49,8067,0.013854280416528543,1558196829,13,47440,49,8076,0.37767773587007497,1562389302,9,47558,49,8118,0.7544429370871323,1549801094,3,47235,49,8080,0.4564138882181601,1547705050,5,47098,49,8106
0,1547710094,11,47170,49,8095,0.9865791661273556,1553999744,7,47343,49,8170,0.5535169113706019,1547709918,9,47122,49,8158,0.8847917406866049,1551898817,4,47293,49,8101,0.29373160595013,1560287607,5,47541,49,8113
0.6225642993917112,1547710094,11,47170,49,8095,0.9865791661273556,1553999744,7,47343,49,8170,0.5535169113706019,1547709918,9,47122,49,8158,0.8847917406866049,1551898817,4,47293,49,8101,0.29373160595013,1560287607,5,47541,49,8113
0.4978255151742322,1547711057,14,47112,49,8143,0.5396387750462113,1547707815,6,47149,49,8140,1.1595702613576655,1556098323,9,47380,49,8151,1.046657503249989,1553996073,3,47362,49,0,0.14033294782313765,1560287930,5,47469,49,8061
0.49344044995243286,1547711382,15,47107,49,8121,0.280570833862006,1562390880,12,47553,49,8104,0.10708537370961464,1558193955,7,47443,49,8130,1.161503413124811,1556093179,3,47412,49,8113,1.0867419817543336,1556093573,5,47366,49,8103
0.49344044995243286,1547711382,15,47107,49,8121,0.280570833862006,1562390880,12,47553,49,8104,0.10708537370961464,1558193955,7,47443,49,8130,1.161503413124811,1556093179,3,47412,49,8113,1.0867419817543336,1556093573,5,47366,49,8103
0.9005009778622716,1551903610,9,47284,49,8171,1.197810633106122,1558196339,12,47432,49,8069,0.25803780121438186,1560292522,9,47507,49,8072,0.0624058070123248,1558190307,3,47460,49,6,0.7938117572792983,1551899718,5,47246,49,8181
0.9005009778622716,1551903610,9,47284,49,8171,1.197810633106122,1558196339,12,47432,49,8069,0.25803780121438186,1560292522,9,47507,49,8072,0.0624058070123248,1558190307,3,47460,49,6,0.7938117572792983,1551899718,5,47246,49,8181
0.7082409853890894,1549803011,3,47201,49,8170,1.121008141664551,1556097251,7,47401,49,8094,1.105105669399239,1554000372,8,47354,49,8137,0.630925458380516,1549801619,3,47190,49,8064,0.9964757627409665,1553996728,5,47331,49,8151
0.7082409853890894,1549803011,3,47201,49,8170,1.121008141664551,1556097251,7,47401,49,8094,1.105105669399239,1554000372,8,47354,49,8137,0.630925458380516,1549801619,3,47190,49,8064,0.9964757627409665,1553996728,5,47331,49,8151
1.0573682778688418,1554001199,10,47354,49,8136,0.727104730687301,1549805273,7,47231,49,8080,1.1453927371758386,1556097570,8,47375,49,8113,0.7653563015448352,1549800685,3,47240,49,8093,0.6662177732776731,1549801519,5,47185,49,8107
1.0573682778688418,1554001199,10,47354,49,8136,0.727104730687301,1549805273,7,47231,49,8080,1.1453927371758386,1556097570,8,47375,49,8113,0.7653563015448352,1549800685,3,47240,49,8093,0.6662177732776731,1549801519,5,47185,49,8107
0.5494348933093536,1547710530,11,47134,49,8126,0.7404662103587496,1551904733,12,47236,49,8108,0.5328129074596434,1547709152,9,47109,49,8121,0.11197601277367245,1558190387,3,47478,49,8090,0.7895289403446413,1551899410,5,47240,49,8014
0.5494348933093536,1547710530,11,47134,49,8126,0.7404662103587496,1551904733,12,47236,49,8108,0.5328129074596434,1547709152,9,47109,49,8121,0.11197601277367245,1558190387,3,47478,49,8090,0.7895289403446413,155189410,5,47240,49,8014
1.073995784107643,1556099036,13,47351,49,8132,1.1542594297648285,1556096976,7,47411,49,8106,0.7811696070657845,1549806069,8,47218,49,8115,0.15552722578812184,1560286728,3,47499,49,8079,0.5369898682440511,1547705062,5,47132,49,8082
0.16654657662591013,1558196410,14,47480,49,8153,0.4872133591212644,1547710716,12,47130,49,8143,0.5472953058135026,1547709658,9,47119,49,8184,0.2550747269946859,1560287712,3,47539,49,8166,0.25446506694085924,1560288090,5,47518,49,8117
0.16654657662591013,1558196410,14,47480,49,8153,0.4872133591212644,1547710716,12,47130,49,8143,0.5472953058135026,1547709658,9,47119,49,8184,0.2550747269946859,1560287712,3,47539,49,8166,0.25446506694085924,1560288090,5,47518,49,8117
0.4409128012371757,1562387616,6,47598,49,8170,0.9969831962882755,1554002037,12,47348,49,8062,0.1868453298754447,1558194997,8,47477,49,8116,0.28332753377464254,1560287340,3,47550,49,8148,1.1761921657452872,1556093347,5,47401,49,8136
0.4409128012371757,1562387616,6,47598,49,8170,0.9969831962882755,1554002037,12,47348,49,8062,0.1868453298754447,1558194997,8,47477,49,8116,0.28332753377464254,1560287340,3,47550,49,8148,1.1761921657452872,1556093347,5,47401,49,8136
0.6819269599095855,1549806806,10,47187,49,8125,0.2948505874559598,1562391168,13,47560,49,8149,1.0274871195925472,1554001100,9,47323,49,8096,0.30617477967721984,1543509395,3,47046,49,8030,0.9147788910243253,1551899059,5,47292,49,8132
0.8760216554958247,1551904109,10,47277,49,8123,0.7218013944754733,1549804731,6,47230,49,8130,0.6318492563268036,1547709352,9,47154,49,8090,0.31606762158069157,1545607001,4,47053,49,8118,0.571362040008284,1547705031,5,47147,49,8142
0.8760216554958247,1551904109,10,47277,49,8123,0.7218013944754733,1549804731,6,47230,49,8130,0.6318492563268036,1547709352,9,47154,49,8090,0.31606762158069157,1545607001,4,47053,49,8118,0.571362040008284,1547705031,5,47147,49,8142
0.5072090361415587,1547706245,5,47117,49,8084,0.15756452835532903,1560293799,12,47506,49,8074,0.9291645854322741,1551903952,9,47279,49,2,0.7944233028372811,1551898811,4,47255,49,8087,0.7747398533443477,1551899564,5,47233,49,8101
0,1554002425,15,47304,49,8087,0.979848233365103,1554000069,7,47332,49,8036,0.7116092130353386,1549805527,7,47188,49,8118,0.4578414793975463,1545606777,3,47107,49,8121,0.9786269955548701,1553996258,5,47322,49,8123
0.9491529072873895,1554002425,15,47304,49,8087,0.979848233365103,1554000069,7,47332,49,8036,0.7116092130353386,1549805527,7,47188,49,8118,0.4578414793975463,1545606777,3,47107,49,8121,0.9786269955548701,1553996258,5,47322,49,8123
1.071036473659804,1553998443,6,47357,49,8103,0.035783232401610035,1558194191,7,47452,49,8132,0.2317237805406023,1560292314,9,47493,49,8131,0.46498135420053466,1545607286,3,47109,49,8107,0.6191960887216887,1549802304,5,47174,49,8064
1.071036473659804,1553998443,6,47357,49,8103,0.035783232401610035,1558194191,7,47452,49,8132,0.2317237805406023,1560292314,9,47493,49,8131,0.46498135420053466,1545607286,3,47109,49,8107,0.6191960887216887,1549802304,5,47174,49,8064
1.1166287263669599,1556099136,11,47374,49,8168,0.25558218070424593,1560293398,12,47537,49,8052,0.8685787754250051,1551904022,9,47257,49,8127,0.4627377063903658,1545607226,4,47107,49,8150,0.21611493480223035,1560288205,5,47502,49,8131
1.1390670177965925,1556095736,5,47386,49,8118,0.4126545248818513,1547709830,11,47101,49,8060,0.35513720301442026,1560292147,9,47547,49,8120,0.427140565946047,1545607411,3,47096,49,8180,0.9639401477738953,1553996590,5,47314,49,8118
1.1390670177965925,1556095736,5,47386,49,8118,0.4126545248818513,1547709830,11,47101,49,8060,0.35513720301442026,1560292147,9,47547,49,8120,0.427140565946047,1545607411,3,47096,49,8180,0.9639401477738953,1553996590,5,47314,49,8118
0.7817793278198081,1551904511,11,47233,49,8142,0.039761191849412195,1558196914,13,47453,49,8098,0.7256844995133156,1549806921,9,47194,49,8138,1.1636448242277333,1556093228,3,47411,49,8080,1.144572958344214,1556094280,6,47391,49,8063
0.7817793278198081,1551904511,11,47233,49,8142,0.039761191849412195,1558196914,13,47453,49,8098,0.7256844995133156,1549806921,9,47194,49,8138,1.1636448242277333,1556093228,3,47411,49,8080,1.144572958344214,1556094280,6,47391,49,8063
0.6637714810879424,1549804669,6,47182,49,8185,0.14665117748960615,1560292649,11,47498,49,8111,0.21101794300689522,1558195116,9,47488,49,8136,1.0621603994582725,1556092086,3,47366,49,8076,0.6575480544920274,1549802140,5,47182,49,8125
0.6637714810879424,1549804669,6,47182,49,8185,0.14665117748960615,1560292649,11,47498,49,8111,0.21101794300689522,1558195116,9,47488,49,8136,1.0621603994582725,1556092086,3,47366,49,8076,0.6575480544920274,1549802140,5,47182,49,8125
0.2274372395767166,1560290436,6,47508,49,8140,0.9500655994469549,1553999056,6,47325,49,8078,0.6358272131032909,1547709910,9,47155,49,8169,0.6129763031983431,1547704611,3,47170,49,8118,1.169663845122899,1556093618,5,47401,49,8102
0.2274372395767166,1560290436,6,47508,49,8140,0.9500655994469549,1553999056,6,47325,49,8078,0.6358272131032909,1547709910,9,47155,49,8169,0.6129763031983431,1547704611,3,47170,49,8118,1.169663845122899,1556093618,5,47401,49,8102
0.3468726850387377,1562390424,11,47561,49,8176,0.8066601860514747,1551902623,7,47259,49,8071,0.5371979756107054,1547709930,10,47114,49,8170,0.5449439301867297,1547704554,3,47149,49,8137,0.7683137788249906,1551899317,5,47232,49,8102
0.3468726850387377,1562390424,11,47561,49,8176,0.8066601860514747,1551902623,7,47259,49,8071,0.5371979756107054,1547709930,10,47114,49,8170,0.5449439301867297,1547704554,3,47149,49,8137,0.7683137788249906,1551899317,5,47232,49,8102
0.9328339801538987,1553998666,6,47295,49,8095,0.8309350281240153,1551902651,7,47277,49,8007,1.2270914876163346,1556098164,9,47406,49,8098,0.4631466367344995,1545606741,3,47103,49,8116,0.18031329557604267,1560287419,5,47493,49,8116
0.08189039174076845,1558192722,5,47446,49,8139,1.1552780637335143,1556098888,12,47417,49,8119,0.18307184330939863,1558194265,8,47474,49,8157,0.7751469263035659,1549801094,3,47245,49,8129,0.1211569528422196,1558190861,5,47465,49,8160
0.08189039174076845,1558192722,5,47446,49,8139,1.1552780637335143,1556098888,12,47417,49,8119,0.18307184330939863,1558194265,8,47474,49,8157,0.7751469263035659,1549801094,3,47245,49,8129,0.1211569528422196,1558190861,5,47465,49,8160
0.9851571617363173,1553998989,6,47318,49,8096,0.04822644518108906,1558196358,12,47447,49,8032,0.8219678581278422,1551902410,7,47234,49,8129,0.6326597796188256,1549800992,3,47186,49,8103,0.6680524836576419,1549802103,5,47190,49,8100
0.9851571617363173,1553998989,6,47318,49,8096,0.04822644518108906,1558196358,12,47447,49,8032,0.8219678581278422,1551902410,7,47234,49,8129,0.6326597796188256,1549800992,3,47186,49,8103,0.6680524836576419,1549802103,5,47190,49,8100
0.0089636138733718,1556097668,9,47417,49,8089,0.45508484821686024,1547709840,10,47106,49,8064,0.9743478939575724,1554000954,9,47300,49,8119,0.9399701299746217,1553996254,3,47317,49,8082,0.4984352767195923,1547705300,5,47117,49,8136
0.0089636138733718,1556097668,9,47417,49,8089,0.45508484821686024,1547709840,10,47106,49,8064,0.9743478939575724,1554000954,9,47300,49,8119,0.9399701299746217,1553996254,3,47317,49,8082,0.4984352767195923,1547705300,5,47117,49,8136
1.1056131255521326,1556099088,11,47369,49,8095,1.046960493442748,1556098996,12,47359,49,8081,0.839102829882521,1551904265,10,47242,49,8112,0.4044977951432706,1545607495,3,47087,49,8154,0.2596661552015212,1560287829,5,47522,49,8104
0.9011125438537112,1551903226,9,47286,49,8140,1.055221253888937,1556099452,12,47374,49,8047,0.7561809535489319,1549805770,7,47207,49,8143,1.200771832341959,1556093115,3,47424,49,8132,1.043804194592703,1553996625,5,47338,49,8114
0.9011125438537112,1551903226,9,47286,49,8140,1.055221253888937,1556099452,12,47374,49,8047,0.7561809535489319,1549805770,7,47207,49,8143,1.200771832341959,1556093115,3,47424,49,8132,1.043804194592703,1553996625,5,47338,49,8114
0.8198246000440554,1551904178,10,47243,49,8062,0.6371452400519525,1549808227,13,47185,49,8056,0.5158805831499576,1547708128,7,47107,49,8152,0.7559727868333153,1549801757,3,47233,49,8135,0.9565957956056608,1553996038,5,47313,49,8163
0.006108401736442923,1556098793,11,47413,49,8120,0.3570672162579216,1562390308,12,47586,49,8047,0.9454835177253279,1551903849,9,47287,49,8134,0.2649675782617431,1560287062,3,47543,49,8112,1.0553272575239538,1556094010,5,47353,49,8061
0.006108401736442923,1556098793,11,47413,49,8120,0.3570672162579216,1562390308,12,47586,49,8047,0.9454835177253279,1551903849,9,47287,49,8134,0.2649675782617431,1560287062,3,47543,49,8112,1.0553272575239538,1556094010,5,47353,49,8061
1.0422743420027385,1554001510,10,47342,49,8093,1.0745998583722587,1556096150,6,47375,49,8054,0.6756049588400291,1549805218,7,47173,49,8147,0.5622833635068112,1547704888,4,47156,49,8102,0.9333414646173483,1553996509,5,47301,49,8104
1.0422743420027385,1554001510,10,47342,49,8093,1.0745998583722587,1556096150,6,47375,49,8054,0.6756049588400291,1549805218,7,47173,49,8147,0.5622833635068112,1547704888,4,47156,49,8102,0.9333414646173483,1553996509,5,47301,49,8104
0.1871501771145372,1560294029,14,47486,49,8123,0.8391976628580428,1551902636,7,47275,49,8086,1.1002094328147343,1554001005,10,47354,49,8176,0.012530761251034214,1558189700,3,47434,49,8107,1.0547156947929943,1556093628,5,47351,49,8118
0.1871501771145372,1560294029,14,47486,49,8123,0.8391976628580428,1551902636,7,47275,49,8086,1.1002094328147343,1554001005,10,47354,49,8176,0.012530761251034214,1558189700,3,47434,49,8107,1.0547156947929943,1556093628,5,47351,49,8118
1.1933289970071295,1556095425,5,47405,49,8141,0.3593108633797065,1562389059,8,47588,49,8168,0.8523620778151068,1551903668,9,47248,49,8073,0.2715981392761681,1560286937,3,47542,49,8094,0.9393585921132304,1553996399,4,47306,49,8079
1.1933289970071295,1556095425,5,47405,49,8141,0.3593108633797065,1562389059,8,47588,49,8168,0.8523620778151068,1551903668,9,47248,49,8073,0.2715981392761681,1560286937,3,47542,49,8094,0.9393585921132304,1553996399,4,47306,49,8079
0.9461954629070336,1554001332,10,47300,49,8124,0.43376746108602177,1547710681,12,47106,49,8120,0.8282916972912143,1551903543,9,47236,49,8130,0.1629738312366702,1558190067,4,47495,49,8175,0.30403341054188654,1560287766,5,47543,49,8044
0.9461954629070336,1554001332,10,47300,49,8124,0.43376746108602177,1547710681,12,47106,49,8120,0.8282916972912143,1551903543,9,47236,49,8130,0.1629738312366702,1558190067,4,47495,49,8175,0.30403341054188654,1560287766,5,47543,49,8044
0.9732232831689466,1553998383,5,47315,49,8090,1.0619540588252026,1556099251,13,47371,49,8064,1.0510481670282952,1554000974,9,47332,49,8135,0.4588619802244568,,,,,8113,0.25987063469300603,1560288287,5,47519,49,8101
1.096434078358537,1556098615,11,47363,49,8108,0.12706809902389846,1560293626,12,47489,49,8089,0.5534146795308755,1547709916,9,47123,49,8160,0.1938773626956566,1560286599,3,47512,49,8124,0.7227233848057074,1549802332,5,47205,49,8130
1.096434078358537,1556098615,11,47363,49,8108,0.12706809902389846,1560293626,12,47489,49,8089,0.5534146795308755,1547709916,9,47123,49,8160,0.1938773626956566,1560286599,3,47512,49,8124,0.7227233848057074,1549802332,5,47205,49,8130
0.8584795950684136,1551904816,11,47264,49,8091,0.6456104899289964,1549804999,6,47197,49,8069,0.8227838965927445,1549805701,8,47234,49,8134,0.3138239898050584,1543509482,3,47048,49,8149,0.40572278854786636,1545608172,5,47073,49,8183
0.8584795950684136,1551904816,11,47264,49,8091,0.6456104899289964,1549804999,6,47197,49,8069,0.8227838965927445,1549805701,8,47234,49,8134,0.3138239898050584,1543509482,3,47048,49,8149,0.40572278854786636,1545608172,5,47073,49,8183
1.147634503511897,1556095930,6,47389,49,8067,0.8461330662993303,1551905220,12,47279,49,8166,0.36584609215787617,1560292118,9,47554,49,8136,0.02609671712391528,1558189978,3,47437,49,8129,0.7773924455426672,1551899242,5,47229,49,8105
1.147634503511897,1556095930,6,47389,49,8067,0.8461330662993303,1551905220,12,47279,49,8166,0.36584609215787617,1560292118,9,47554,49,8136,0.02609671712391528,1558189978,3,47437,49,8129,0.7773924455426672,1551899242,5,47229,49,8105
0.8347159245626506,1551904633,11,47249,49,8094,0.11666593244674395,1558191316,3,47479,49,8079,0.6005367645461586,1547709270,9,47141,49,8153,0.17551927399902778,1560286356,3,47500,49,8124,0.36288490944482266,1545607862,5,47053,49,8054
1.137639417910646,1556095453,5,47383,49,8106,0.17949350802467612,1560293409,11,47502,49,8091,0.3025073038688385,1560291419,7,47527,49,8179,1.0554294720666253,1553995906,3,47361,49,8094,0.6689707596190545,1549801912,4,47188,49,8151
1.137639417910646,1556095453,5,47383,49,8106,0.17949350802467612,1560293409,11,47502,49,8091,0.3025073038688385,1560291419,7,47527,49,8179,1.0554294720666253,1553995906,3,47361,49,8094,0.6689707596190545,1549801912,4,47188,49,8151
0.2080567666613892,1560293681,15,47505,49,7,0,1560291463,7,47515,49,8101,1.0039260725377217,1554000840,9,47314,49,8089,13.905737994768316,1547704158,4,47175,49,8130,0.8805089615837041,1551899753,5,47274,49,8134
0.2080567666613892,1560293681,15,47505,49,7,0.1928549894288802,1560291463,7,47515,49,8101,1.0039260725377217,1554000840,9,47314,49,8089,0.6109352859160933,1547704158,4,47175,49,8130,0.8805089615837041,1551899753,5,47274,49,8134
0.5878872576923951,1547709694,10,47149,49,8184,0.2663933182115769,1562390935,13,47546,49,8125,0.5482135750148949,1547709392,9,47118,49,8158,0.1720506372286585,1560286839,3,47502,49,8097,1.0529813796041116,1553996513,5,47351,49,8075
0.5878872576923951,1547709694,10,47149,49,8184,0.2663933182115769,1562390935,13,47546,49,8125,0.5482135750148949,1547709392,9,47118,49,8158,0.1720506372286585,1560286839,3,47502,49,8097,1.0529813796041116,1553996513,5,47351,49,8075
0.8693929536429252,1554001852,13,47272,49,8164,0.28505811962494904,1562390638,12,47555,49,8134,1.2300489316408176,1556097775,8,47409,49,8093,0.9228351647152069,1553995606,4,47309,49,8091,1.2011808187441508,1556093981,5,47410,49,8092
0.8693929536429252,1554001852,13,47272,49,8164,0.28505811962494904,1562390638,12,47555,49,8134,1.2300489316408176,1556097775,8,47409,49,8093,0.9228351647152069,1553995606,4,47309,49,8091,1.2011808187441508,1556093981,5,47410,49,8092
0,1556099625,14,47405,49,8145,0.2732264775174778,1560290097,6,47543,49,8038,0.7014096506285472,1549806793,9,47184,49,8123,0.5247492778182185,1547704403,3,47139,49,8104,1.2729848405246726,1560287290,5,47442,49,8116
0,1556099625,14,47405,49,8145,0.2732264775174778,1560290097,6,47543,49,8038,0.7014096506285472,1549806793,9,47184,49,8123,0.5247492778182185,1547704403,3,47139,49,8104,1.2729848405246726,1560287290,5,47442,49,8116
0.2812902562702549,1560290399,6,47534,49,8142,0.03486497156787764,1558195881,11,47448,49,8098,0.12432258012860713,1558194589,8,47450,49,8140,0.028340363287054325,1558190133,3,47438,49,8157,0.19081957730539303,1560288089,5,47492,49,8094
0.2812902562702549,1560290399,6,47534,49,8142,0.03486497156787764,1558195881,11,47448,49,8098,0.12432258012860713,1558194589,8,47450,49,8140,0.028340363287054325,1558190133,3,47438,49,8157,0.19081957730539303,1560288089,5,47492,49,8094
0.861029941026228,1551901808,6,47266,49,8110,0.22498351328807703,1560291441,7,47528,49,8102,1.012493557549125,1554000100,7,47318,49,8126,0.3284085952496459,1545606561,3,47056,49,8081,0.6788654546075306,1549802460,5,47187,49,8138
0.861029941026228,1551901808,6,47266,49,8110,0.22498351328807703,1560291441,7,47528,49,8102,1.012493557549125,1554000100,7,47318,49,8126,0.3284085952496459,1545606561,3,47056,49,8081,0.6788654546075306,1549802460,5,47187,49,8138
0.7571977705072053,1549807516,11,47228,49,8102,0.5649322903361294,1547710313,12,47163,49,8052,0.2073466934877618,1558194570,8,47484,49,8130,0.3229026746568718,1560287336,3,47558,49,8089,0.4278562157965872,1545608022,5,47080,49,8112
0.7571977705072053,1549807516,11,47228,49,8102,0.5649322903361294,1547710313,12,47163,49,8052,0.2073466934877618,1558194570,8,47484,49,8130,0.3229026746568718,1560287336,3,47558,49,8089,0.4278562157965872,1545608022,5,47080,49,8112
0.38593703464349,1562389726,10,47580,49,8111,0.5056737152034503,1547708514,7,47136,49,8099,0.36605056876763226,1562388828,8,47552,49,8148,0.29342486758174885,1560287572,3,47551,49,8054,1.0126943209770014,1553996574,5,47330,49,8131
1.1861891085584726,1556098048,9,47406,49,8138,0.4280570286366344,1562388255,7,47609,49,8082,0.4970113035964467,1545611844,8,47100,49,8133,0.6272542179065146,1549801591,3,47182,49,8115,0.35543830827504885,1545607562,4,47054,49,8122
0.18868001241122928,1560291923,9,47490,49,8182,1.2059710615490948,1558196210,12,47425,49,8093,1.104085155491962,1553999785,7,47356,49,8147,0.20489296755626682,1560287421,3,47515,49,8128,0.6402086224715782,1549802364,5,47174,49,8150
0.18868001241122928,1560291923,9,47490,49,8182,1.2059710615490948,1558196210,12,47425,49,8093,1.104085155491962,1553999785,7,47356,49,8147,0.20489296755626682,1560287421,3,47515,49,8128,0.6402086224715782,1549802364,5,47174,49,8150
1.0155513685719304,1553998722,6,47335,49,8087,1.100711283622932,1556098559,11,47385,49,8099,1.1775212700708824,1556097667,8,47388,49,8127,0.23691925492661595,1560287395,3,47529,49,8103,1.233511947933366,1558190423,5,47429,49,8130
1.0155513685719304,1553998722,6,47335,49,8087,1.100711283622932,1556098559,11,47385,49,8099,1.1775212700708824,1556097667,8,47388,49,8127,0.23691925492661595,1560287395,3,47529,49,8103,1.233511947933366,1558190423,5,47429,49,8130
0.22529583013573992,1560292987,10,47507,49,8120,1.0450217173188636,1556099438,12,47363,49,8099,1.2709494277026046,1558194860,9,47424,49,8118,0.2899581054400752,1560287558,3,47545,49,8125,0.6564253181485685,1549802662,5,47183,49,8181
0.22529583013573992,1560292987,10,47507,49,8120,1.0450217173188636,1556099438,12,47363,49,8099,1.2709494277026046,1558194860,9,47424,49,8118,0.2899581054400752,1560287558,3,47545,49,8125,0.6564253181485685,1549802662,5,47183,49,8181
1.0519645721513524,1554000999,10,47346,49,8188,0.861124781444709,1551904993,12,47286,49,8133,1.2644211059973272,1556097949,9,47425,49,8125,0.31351915187027324,1560287046,3,47554,49,8113,1.1967938984126985,1558190630,5,47413,49,8094
0.11422338804761584,1558193316,6,47460,49,8119,0.5349470371121787,1547708717,7,47140,49,8160,0.7036532965431834,1549806585,9,47187,49,8167,1.0781744936206044,1553995495,3,47364,49,8078,1.2807362824472626,1558190052,5,47446,49,8095
0.11422338804761584,1558193316,6,47460,49,8119,0.5349470371121787,1547708717,7,47140,49,8160,0.7036532965431834,1549806585,9,47187,49,8167,1.0781744936206044,1553995495,3,47364,49,8078,1.2807362824472626,1558190052,5,47446,49,8095
0.14145568245159276,1558191381,4,47473,49,8123,0.9435373052817776,1554002368,13,47310,49,8072,0.9462995548472727,1551903936,9,47288,49,8174,0.6251128208378615,1547704452,3,47174,49,8044,1.0235054471278258,1556093301,4,47336,49,8091
0.14145568245159276,1558191381,4,47473,49,8123,0.9435373052817776,1554002368,13,47310,49,8072,0.9462995548472727,1551903936,9,47288,49,8174,0.6251128208378615,1547704452,3,47174,49,8044,1.0235054471278258,1556093301,4,47336,49,8091
0.11687412314243571,1558193324,6,47466,49,8144,0.12564051838411716,1558191005,3,47473,49,8075,1.145699448653344,1556097846,9,47373,49,8189,1.0048387627209983,1553996466,4,47339,49,8116,0.7277200102431532,1549802258,5,47212,49,8155
1.0374803357161535,1554001633,11,47344,49,8148,1.2137225020971123,1558196589,12,47429,49,8101,1.0867457094661281,1554001050,9,47351,49,8141,0.9922933203915119,1553995924,3,47334,49,8069,1.296443647491214,1558190683,5,47452,49,8091
1.0374803357161535,1554001633,11,47344,49,8148,1.2137225020971123,1558196589,12,47429,49,8101,1.0867457094661281,1554001050,9,47351,49,8141,0.9922933203915119,1553995924,3,47334,49,8069,1.296443647491214,1558190683,5,47452,49,8091
0,1558195000,9,47439,49,8130,0.12645655811668527,1560292616,10,47481,49,8097,0.5761596822535523,1547706161,4,47133,49,8162,1.0081029215612605,1553996236,3,47339,49,8092,0.7344527885682551,1549802313,5,47210,49,8138
0.05843157644380752,1558195000,9,47439,49,8130,0.12645655811668527,1560292616,10,47481,49,8097,0.5761596822535523,1547706161,4,47133,49,8162,1.0081029215612605,1553996236,3,47339,49,8092,0.7344527885682551,1549802313,5,47210,49,8138
0,1562387455,6,47589,49,8120,0.9466992252441003,1554001677,11,47319,49,8037,1.007801793570509,1554000876,8,47317,49,8101,0.571871371248781,1547703958,3,47152,49,8130,0.7902427487283458,1551899520,5,47239,49,8142
0.4021537369617877,1562387455,6,47589,49,8120,0.9466992252441003,1554001677,11,47319,49,8037,1.007801793570509,1554000876,8,47317,49,8101,0.571871371248781,1547703958,3,47152,49,8130,0.7902427487283458,1551899520,5,47239,49,8142
0,1551904686,11,47244,49,8134,0.5752340988721324,1547710601,13,47162,49,8119,0.2564057204858365,1560292390,9,47508,49,8089,0.17633533022077286,1558190361,3,47494,49,8045,0.9256922604267934,1551899129,5,47295,49,8062
0.12289310924180866,1558193442,6,47463,49,8075,0.9405798593369771,1554001976,11,47316,49,8121,0.41908788303915473,1562389496,9,47577,49,8127,0.5702392948573377,1547704583,3,47152,49,8118,0.6572413565347512,1549802620,5,47183,49,8120
0.12289310924180866,1558193442,6,47463,49,8075,0.9405798593369771,1554001976,11,47316,49,8121,0.41908788303915473,1562389496,9,47577,49,8127,0.5702392948573377,1547704583,3,47152,49,8118,0.6572413565347512,1549802620,5,47183,49,8120
0.5627963663974279,1547709986,10,47142,49,8127,0.6216423720059748,1549807914,13,47179,49,8113,0.8305353422525019,1551903083,8,47239,49,8150,0.16746113225976714,1558190016,3,47493,49,8124,0.9095778059007701,1551899315,5,47285,49,8144
0.903662895452264,1551901770,6,47286,49,8105,0.7810599980090944,1551902555,7,47248,49,8082,0.2470221962629504,1560292582,9,47504,49,8164,0.15777276139628083,1558190202,3,47484,49,8090,0.33534590198731,1562384936,5,47555,49,8084
0.29526330707925186,1560292754,10,47539,49,8118,1.1861834928999626,1558196334,12,47420,49,8073,0.366152805186249,1560290772,7,47552,49,8138,0.5161818140145601,1547703944,3,47128,49,8077,0.20989147102282804,1560288251,5,47505,49,8134
0.29526330707925186,1560292754,10,47539,49,8118,1.1861834928999626,1558196334,12,47420,49,8073,0.366152805186249,1560290772,7,47552,49,8138,0.5161818140145601,1547703944,3,47128,49,8077,0.20989147102282804,1560288251,5,47505,49,8134
0.14369933064189602,1558192924,5,47473,49,8122,0.6941601902395359,1549805490,7,47212,49,8069,0.5317924055980684,1547709225,9,47112,49,8134,1.1018359102681068,1556092766,3,47378,49,8115,1.1807816927981458,1556093745,5,47402,49,8129
0.5739142032682338,1547707786,6,47143,49,8160,0.31249489711427514,1562390552,12,47554,49,8053,0.8632754427394564,1551904377,10,47254,49,8151,0.5578983270538479,1547703914,3,47143,49,8077,0.2638485948980908,1560287922,5,47520,49,8124
0.9982119303505278,1553998906,6,47327,49,8151,1.169457493589522,1556096617,6,47408,49,8044,1.2317832481159565,1556097805,9,47409,49,7,1.2282086216661343,1556092863,3,47427,49,8145,0.5880899105498177,1547704952,5,47149,49,8079
0.15226681465106126,1558193186,6,47477,49,8134,0.6858994157198203,1549807509,11,47205,49,8063,0.375536329664475,1562389644,9,47556,49,8,0.6281743453332055,1547704373,3,47166,49,8094,0.866229204567365,1551899330,5,47270,49,8120
0.15226681465106126,1558193186,6,47477,49,8134,0.6858994157198203,1549807509,11,47205,49,8063,0.375536329664475,1562389644,9,47556,49,8,0.6281743453332055,1547704373,3,47166,49,8094,0.866229204567365,1551899330,5,47270,49,8120
0.4618212628599507,1562390033,10,47610,49,8177,0.2625176013225119,1560291012,7,47543,49,8097,0.7209927355346998,1549803163,4,47193,49,8137,1.2260672214209751,1556093212,3,47424,49,8064,0,1556092905,4,47389,49,8085
0.4618212628599507,1562390033,10,47610,49,8177,0.2625176013225119,1560291012,7,47543,49,8097,0.7209927355346998,1549803163,4,47193,49,8137,1.2260672214209751,1556093212,3,47424,49,8064,1.150285243534179,1556092905,4,47389,49,8085
0.677030727963423,1549804551,6,47188,49,8152,0.9985130565734165,1553999572,6,47343,49,8119,1.0352385635370867,1553997882,4,47328,49,8128,0.5177116565383875,1547704620,4,47129,49,8099,0.22080670120657514,1560288318,5,47502,49,8160
0.29883418252416255,1560290532,6,47536,49,8177,0.7979904770522636,1551902703,7,47261,49,8091,0.8517505067473128,1551903189,8,47247,49,8175,0.24875091742028402,1560287067,3,47526,49,8138,0.9843392772446956,1553996862,5,47320,49,8105
0.29883418252416255,1560290532,6,47536,49,8177,0.7979904770522636,1551902703,7,47261,49,8091,0.8517505067473128,1551903189,8,47247,49,8175,0.24875091742028402,1560287067,3,47526,49,8138,0.9843392772446956,1553996862,5,47320,49,8105
0.3925675757911866,1562389478,9,47574,49,8102,0.20387059407997787,1560293834,13,47518,49,8070,1.1197925190773759,1556097187,8,47363,49,8072,0.6653998952816839,1549801581,3,47193,49,8124,1.2298407076015587,1558191003,5,47425,49,8123
0.5084340093155256,1547709280,9,47110,49,8160,0.9178348472016984,1553999616,7,47310,49,8103,0.22437942504344485,1560292655,10,47494,49,8161,1.1528337189675688,1556092417,3,47399,49,8154,0.31290573803735583,1562385055,5,47551,49,8112
0.5084340093155256,1547709280,9,47110,49,8160,0.9178348472016984,1553999616,7,47310,49,8103,0.22437942504344485,1560292655,10,47494,49,8161,1.1528337189675688,1556092417,3,47399,49,8154,0.31290573803735583,1562385055,5,47551,49,8112
0.8059519465515886,1551904025,10,47241,49,8136,0.876425041331734,1554001424,11,47292,49,8108,0.9133549840670494,1551903800,8,47275,49,8111,0.8031952766188375,1551898419,3,47251,49,8125,0.8866264683833891,1551898839,5,47287,49,8142
0.8059519465515886,1551904025,10,47241,49,8136,0.876425041331734,1554001424,11,47292,49,8108,0.9133549840670494,1551903800,8,47275,49,8111,0.8031952766188375,1551898419,3,47251,49,8125,0.8866264683833891,1551898839,5,47287,49,8142
0.42775578923325397,1562387820,6,47589,49,8111,1.0734789870076766,1556099659,13,47376,49,8116,0.7148733637046006,1549806522,8,47189,49,8130,0.8415454045864971,1551899028,3,47267,49,8102,0.1622600547543499,1560287641,5,47485,49,8118
0.42775578923325397,1562387820,6,47589,49,8111,1.0734789870076766,1556099659,13,47376,49,8116,0.7148733637046006,1549806522,8,47189,49,8130,0.8415454045864971,1551899028,3,47267,49,8102,0.1622600547543499,1560287641,5,47485,49,8118
0.28567531337935914,1560293066,10,47534,49,8169,0.5244407608724336,1547708703,7,47143,49,8099,0.5225111125550256,1547708961,9,47107,49,8083,1.2224963364685042,1556092340,3,47428,49,8109,1.0369691652226716,1553996289,5,47341,49,8096
0.28567531337935914,1560293066,10,47534,49,8169,0.5244407608724336,1547708703,7,47143,49,8099,0.5225111125550256,1547708961,9,47107,49,8083,1.2224963364685042,1556092340,3,47428,49,8109,1.0369691652226716,1553996289,5,47341,49,8096
0.7065066787784086,1549804331,5,47200,49,8130,0.185817352038783,1560293451,12,47511,49,8089,0.7092633301363857,1549806949,9,47188,49,8158,0.772801065499418,1549801257,3,47237,49,8153,1.1109145919082921,1556093770,5,47376,49,8097
0.7065066787784086,1549804331,5,47200,49,8130,0.185817352038783,1560293451,12,47511,49,8089,0.7092633301363857,1549806949,9,47188,49,8158,0.772801065499418,1549801257,3,47237,49,8153,1.1109145919082921,1556093770,5,47376,49,8097
1.0882736861109394,1556095512,6,47361,49,8094,1.0515500241698366,1556099633,12,47367,49,8090,1.2240318032846609,1556098168,9,47405,49,8148,0.3246370096283454,1560287420,4,47551,49,8062,1.2430999485931251,1558191121,5,,49,8127
0.5715683290428273,1547710901,14,47139,49,8182,0.032723571016514456,1558196523,12,47444,49,8055,0.7710722765375673,1549805124,7,47214,49,8182,0.5646292643752489,1547704403,3,47150,49,8095,0.7697432325012477,1549802199,5,47225,49,8176
0.5715683290428273,1547710901,14,47139,49,8182,0.032723571016514456,1558196523,12,47444,49,8055,0.7710722765375673,1549805124,7,47214,49,8182,0.5646292643752489,1547704403,3,47150,49,8095,0.7697432325012477,1549802199,5,47225,49,8176
0.6412309507817964,1547709844,10,47168,49,8095,0.41479595835388794,1545608013,3,47098,49,8115,0.6687717794216697,1547708405,8,47169,49,8142,0.8925432121174947,1551898728,3,47287,49,8131,0.6104259755062006,1547704924,5,47163,49,8141
0.6412309507817964,1547709844,10,47168,49,8095,0.41479595835388794,1545608013,3,47098,49,8115,0.6687717794216697,1547708405,8,47169,49,8142,0.8925432121174947,1551898728,3,47287,49,8131,0.6104259755062006,1547704924,5,47163,49,8141
1.0494142267097784,1554001308,10,47342,49,8134,0.8702034398736417,1551903957,10,47281,49,8015,0.13605198365175314,1558195762,10,47456,49,8143,0.994843680684187,1553995430,3,47332,49,8160,0.30495168972078146,1560287950,5,47542,49,8083
1.0494142267097784,1554001308,10,47342,49,8134,0.8702034398736417,1551903957,10,47281,49,8015,0.13605198365175314,1558195762,10,47456,49,8143,0.994843680684187,1553995430,3,47332,49,8160,0.30495168972078146,1560287950,5,47542,49,8083
0.1601205057081014,1560293918,15,47476,49,8119,0.46038818915280555,1545610082,6,47107,49,8053,0.4291852158400948,1562389765,9,47581,49,8143,0.3473801377122191,1545606983,3,47056,49,8114,0.49608939611869035,1547705164,5,47116,49,8106
0.1601205057081014,1560293918,15,47476,49,8119,0.46038818915280555,1545610082,6,47107,49,8053,0.4291852158400948,1562389765,9,47581,49,8143,0.3473801377122191,1545606983,3,47056,49,8114,0.49608939611869035,1547705164,5,47116,49,8106
1.175989558420775,1556096101,6,47396,49,6,0.8923368785170472,1551904020,11,47288,49,8034,0.10565776715399211,1558194882,8,47441,49,8142,0.498128565517594,1547704179,3,47124,49,8169,0.24793675159858242,156028443,4,47517,49,8102
1.175989558420775,1556096101,6,47396,49,6,0.8923368785170472,1551904020,11,47288,49,8034,0.10565776715399211,1558194882,8,47441,49,8142,0.498128565517594,1547704179,3,47124,49,8169,0.24793675159858242,1560287443,4,47517,49,8102
0.9000938905036271,1551901892,6,47277,49,8110,0.10422273585982841,1558195962,11,47463,49,8050,0.555965024184173,1547709404,8,47122,49,8166,0.6227669374601476,1547703841,3,47174,49,8169,1.1752738887524867,1556093422,5,47401,49,8118
0.5933950641620289,1547707246,5,47148,49,8139,0.5365791006104156,1547710780,13,47144,49,8131,1.188639111941201,1556097779,8,47391,49,8114,0.8077847953571831,1551898219,3,47256,49,8135,0.8479733370000531,1551899279,5,47258,49,8164
0.8359390673475762,1551904821,11,47250,49,8164,0.0704621326767214,1558194206,7,47458,49,8100,0.9924011396377577,1554000512,8,47307,49,35,0.2866939559366646,1560287604,3,47541,49,8072,1.0690976940392696,1556093397,4,47354,49,8143
0.8359390673475762,1551904821,11,47250,49,8164,0.0704621326767214,1558194206,7,47458,49,8100,0.9924011396377577,1554000512,8,47307,49,35,0.2866939559366646,1560287604,3,47541,49,8072,1.0690976940392696,1556093397,4,47354,49,8143
1.1094888542905252,1556097445,9,47368,49,8068,0.8121679962273827,1551902761,7,47266,49,8075,1.1042896299823666,1554000384,9,47354,49,8183,0.9306888601914837,1553995163,3,47307,49,8180,1.240449228345102,1558190676,5,47426,49,8118
1.1094888542905252,1556097445,9,47368,49,8068,0.8121679962273827,1551902761,7,47266,49,8075,1.1042896299823666,1554000384,9,47354,49,8183,0.9306888601914837,1553995163,3,47307,49,8180,1.240449228345102,1558190676,5,47426,49,8118
1.0758304825889429,1554001343,10,47354,49,9,0.5843127465715425,1547708444,7,47164,49,10,0.7132412892588001,1549806567,9,47188,49,8149,0.6475511158715954,1549801708,3,47187,49,8147,0.16685144092264823,1558190413,4,47480,49,8120
1.0758304825889429,1554001343,10,47354,49,9,0.5843127465715425,1547708444,7,47164,49,10,0.7132412892588001,1549806567,9,47188,49,8149,0.6475511158715954,1549801708,3,47187,49,8147,0.16685144092264823,1558190413,4,47480,49,8120
0.15757015036139796,1558195936,11,47477,49,8147,0.2273294037754176,1560293502,12,47518,49,8131,0.9486454377222876,1551903146,8,47288,49,8101,0.165626440319137,1558190429,3,47488,49,8069,1.1068343922929231,1556093770,5,47376,49,8134
0.15757015036139796,1558195936,11,47477,49,8147,0.2273294037754176,1560293502,12,47518,49,8131,0.9486454377222876,1551903146,8,47288,49,8101,0.165626440319137,1558190429,3,47488,49,8069,1.1068343922929231,1556093770,5,47376,49,8134
0.17327751401329894,1558195636,11,47483,49,8123,0.6160323341373778,1549807899,12,47179,49,8127,0.5242454202934629,1547709104,9,47105,49,8077,0.4375446025357447,1545607163,3,47094,49,8083,0.48670587371508256,1547705184,5,47112,49,8179
0.17327751401329894,1558195636,11,47483,49,8123,0.6160323341373778,1549807899,12,47179,49,8127,0,1558194735,8,47468,49,8164,0.4375446025357447,1545607163,3,47094,49,8083,0.48670587371508256,1547705184,5,47112,49,8179
1.20505840803886,1556098162,9,47407,49,8106,0.232327884132478,1560291406,7,47525,49,8089,0.48028525430203767,1562386510,4,47600,49,8149,1.091127017679298,1556092579,3,47374,49,8060,0.3269828953759375,1562384888,4,47550,49,8122
1.20505840803886,1556098162,9,47407,49,8106,0.232327884132478,1560291406,7,47525,49,8089,0.48028525430203767,1562386510,4,47600,49,8149,1.091127017679298,1556092579,3,47374,49,8060,0.3269828953759375,1562384888,4,47550,49,8122
0.38012397464272324,1562387685,6,47571,49,8170,1.0546097113732653,1556098889,11,47367,49,8005,0.534138284882379,1547709819,10,47114,49,8148,0.657750676586107,1549801652,3,47191,49,8106,0.12309388601281353,1558190700,5,47469,49,8158
0.38012397464272324,1562387685,6,47571,49,8170,1.0546097113732653,1556098889,11,47367,49,8005,0.534138284882379,1547709819,10,47114,49,8148,0.657750676586107,1549801652,3,47191,49,8106,0.9909698275056092,1553996491,5,47320,49,8093
0.7566884421311955,1549807112,11,47223,49,8183,0.6573399050222138,1549808040,12,47190,49,8061,0.734354215544648,1549807288,10,47199,49,8124,0.1831684893616775,1560287040,3,47501,49,8078,1.1444725944917198,1556093609,5,47383,49,8125
0.7566884421311955,1549807112,11,47223,49,8183,0.6573399050222138,1549808040,12,47190,49,8061,0.734354215544648,1549807288,10,47199,49,8124,0.1831684893616775,1560287040,3,47501,49,8078,1.1444725944917198,1556093609,5,47383,49,8125
0.055883077553183044,1558196256,11,47430,49,8066,0.33065037755140414,1562390578,12,47561,49,8067,0.911111336521846,1551902555,7,47274,49,8154,0.15593620054126517,1558190384,3,47488,49,8074,1.0151424344255193,1553996874,5,47332,49,8169
0,1553998052,5,47311,49,8118,0.09657166969246787,1558194145,7,47472,49,8102,0.5700403069437759,1547708683,7,47130,49,8106,0.8148224340240063,1551898285,3,47260,49,8086,0.8038086960232317,1551899722,5,47244,49,8135
0.9794467404782167,1553998052,5,47311,49,8118,0.09657166969246787,1558194145,7,47472,49,8102,0.5700403069437759,1547708683,7,47130,49,8106,0.8148224340240063,1551898285,3,47260,49,8086,0.8038086960232317,1551899722,5,47244,49,8135
0.2161167859454687,1560293239,11,47499,49,8118,0.7778980752283305,1551905174,13,47248,49,8082,0.6711176588017325,1549806325,9,47171,49,8142,0.3267784036864072,1560287158,4,47557,49,8144,0.6139968271108517,1547705099,5,47161,49,8160
0.2161167859454687,1560293239,11,47499,49,8118,0.7778980752283305,1551905174,13,47248,49,8082,0.6711176588017325,1549806325,9,47171,49,8142,0.3267784036864072,1560287158,4,47557,49,8144,0.6139968271108517,1547705099,5,47161,49,8160
0.9971932753046272,1553998880,6,47321,49,8158,0.7639250302518285,1551904874,12,47241,49,8140,1.032994917310562,1554000184,8,47327,49,8165,0.21815221956701664,1560287520,3,47518,49,8152,0.7877946267242144,1551899716,5,47241,49,8115
0.9971932753046272,1553998880,6,47321,49,8158,0.7639250302518285,1551904874,12,47241,49,8140,1.032994917310562,1554000184,8,47327,49,8165,0.21815221956701664,1560287520,3,47518,49,8152,0.7877946267242144,1551899716,5,47241,49,8115
0.013043806156001947,1558196541,14,47418,49,8121,0,1547708515,7,47143,49,8122,0.7232363812585273,1549807204,10,47196,49,8136,0.9329324999813464,1553995513,3,47310,49,8067,0.6171569119183219,1549802339,5,47170,49,8094
0.013043806156001947,1558196541,14,47418,49,8121,0.5372929109625544,1547708515,7,47143,49,8122,0,1560292597,9,47517,49,8156,0.9329324999813464,1553995513,3,47310,49,8067,0.6171569119183219,1549802339,5,47170,49,8094
0.37033336726207594,1562386761,5,47563,49,8080,1.0178916702191405,1553999848,7,47350,49,8094,0.6914145508333434,1549806753,9,47180,49,8140,0.2591549469807378,1560287338,3,47532,49,8063,0.3218821736396579,1562384714,5,47553,49,8088
0.4055201232676862,1562389248,9,47586,49,8117,0.5044505891568272,1547711024,13,47120,49,8067,0.24875651041195523,1560292208,8,47504,49,8151,0.7813685403846532,1551898450,3,47244,49,8054,1.2594188698662592,1558190934,5,47441,49,8103
0.4055201232676862,1562389248,9,47586,49,8117,0.5044505891568272,1547711024,13,47120,49,8067,0.24875651041195523,1560292208,8,47504,49,8151,0.7813685403846532,1551898450,3,47244,49,8054,1.2594188698662592,1558190934,5,47441,49,8103
1.0950064729619617,1556098498,10,47362,49,8119,0.19601692342060476,1560293224,11,47512,49,8089,0.5043556369366392,1545612535,9,47102,49,8094,0.5113878076914826,1547704175,3,47131,49,8078,0.31321245157012395,1562385223,5,47550,49,8101
1.0950064729619617,1556098498,10,47362,49,8119,0.19601692342060476,1560293224,11,47512,49,8089,0.5043556369366392,1545612535,9,47102,49,8094,0.5113878076914826,1547704175,3,47131,49,8078,0.31321245157012395,1562385223,5,47550,49,8101
0.8976457647329541,1551904403,11,47281,49,8173,0.4688534484631704,1547710517,12,47109,49,8026,1.1494729371553358,1556098075,9,47374,49,8096,1.067056647123165,1553996031,3,47363,49,8102,0.9708755520294806,1553996352,4,47318,49,8115
0.0920899519802251,1558192808,5,47451,49,8142,0.7137432714526891,1549807722,12,47220,49,8132,0.40491003191333796,1562389438,9,47570,49,8143,1.0270744433083996,1553995873,3,47345,49,8124,0.8218619437683834,1551899540,5,47249,49,8118
0.0920899519802251,1558192808,5,47451,49,8142,0.7137432714526891,1549807722,12,47220,49,8132,0.40491003191333796,1562389438,9,47570,49,8143,1.0270744433083996,1553995873,3,47345,49,8124,0.8218619437683834,1551899540,5,47249,49,8118
0.3653348883087399,1562390619,14,47564,49,8151,0.34288971902600657,1562391150,13,47576,49,8038,0.12513862091543854,1558195426,9,47449,49,8140,0.48986778387458396,1547704186,3,47116,49,8085,0.7603578680410653,1551898694,5,47228,49,8054
0.3653348883087399,1562390619,14,47564,49,8151,0.34288971902600657,1562391150,13,47576,49,8038,0.12513862091543854,1558195426,9,47449,49,8140,0,1547704186,3,,49,8085,0.7603578680410653,1551898694,5,47228,49,8054
0.6702997869838194,1549804657,6,47182,49,14,1.1737402917482513,1556099382,12,47414,49,8108,1.0761390583988597,1554001119,9,47341,49,8173,1.2156631727412066,1556093165,3,47424,49,8146,0.7159924458161466,1549801984,5,47199,49,8106
0.6702997869838194,1549804657,6,47182,49,14,1.1737402917482513,1556099382,12,47414,49,8108,1.0761390583988597,1554001119,9,47341,49,8173,1.2156631727412066,1556093165,3,47424,49,8146,0.7159924458161466,1549801984,5,47199,49,8106
0.7124234094927273,1549807015,10,47201,49,8096,0.3344238600422016,1562388368,7,47571,49,8104,0.6028826474530908,1547709552,9,47141,49,8095,0.32881757031640374,1543509397,3,47047,49,8119,0.1865349032869118,1560288020,5,47494,49,8137
0.7124234094927273,1549807015,10,47201,49,8096,0.3344238600422016,1562388368,7,47571,49,8104,0.6028826474530908,1547709552,9,47141,49,8095,0.32881757031640374,1543509397,3,47047,49,8119,0.1865349032869118,1560288020,5,47494,49,8137
0.2662966974781283,1560292365,9,47527,49,8159,0.5671777896939293,1547708015,6,47153,49,8134,0.7227270486505324,1549806996,10,47190,49,8130,0.32096388831454664,1560286981,3,47556,49,8070,0.7348598873421078,1549802402,5,47214,49,8118
0.2662966974781283,1560292365,9,47527,49,8159,0.5671777896939293,1547708015,6,47153,49,8134,0.7227270486505324,1549806996,10,47190,49,8130,0.32096388831454664,1560286981,3,47556,49,8070,0.7348598873421078,1549802402,5,47214,49,8118
0.7499575039586021,1549804032,5,47217,49,8112,0.3282022596317892,1562391120,13,47568,49,8113,0.6311354526994206,1547708167,7,47152,49,8136,1.1173387882848496,1556093231,3,47388,49,8095,0.8040131723969102,1551899442,5,47240,49,8122
0.7499575039586021,1549804032,5,47217,49,8112,0.3282022596317892,1562391120,13,47568,49,8113,0.6311354526994206,1547708167,7,47152,49,8136,1.1173387882848496,1556093231,3,47388,49,8095,0.8040131723969102,1551899442,5,47240,49,8122
0.0746501253606052,1558196060,11,47438,49,8136,0.11258575039143237,1558195874,11,47474,49,8124,0.5511710322059813,1547709686,9,47120,49,8151,0.7859599197011004,1549801673,3,47237,49,8118,0.8750011611287503,1551899615,5,47272,49,8112
0.6911078456057552,1549806709,9,47186,49,8168,1.1795529276757097,1558196257,12,47421,49,8082,0.5646347444317215,1547709362,9,47124,49,8118,0.4762014310636637,1545607332,3,47106,49,8114,0.9845437523298952,1553996857,5,47318,49,8116
0.08127882334926766,1558193075,6,47445,49,8091,1.0378818331046713,1553999417,7,47362,49,8102,0.5403598960392445,1547709984,10,47114,49,8179,0.12911100384610358,1558190314,3,47477,49,8102,1.076949509120586,1556093746,5,47364,49,8149
0.08127882334926766,1558193075,6,47445,49,8091,1.0378818331046713,1553999417,7,47362,49,8102,0.5403598960392445,1547709984,10,47114,49,8179,0.12911100384610358,1558190314,3,47477,49,8102,1.076949509120586,1556093746,5,47364,49,8149
0.7886124996583733,1551904266,10,47238,49,8130,0.9537368626741242,1553999776,7,47323,49,8100,0.5872775176325005,1547710155,10,47134,49,8144,1.0740942917346001,1553995887,3,47365,49,8116,1.263396836759924,1558190102,4,47440,49,8093
0.6177721352613976,1549808069,14,47161,49,8125,0,1549807732,12,47204,49,8104,1.0422762104385936,1554000926,9,47329,49,8155,0.8212485128980372,1551898879,3,47260,49,8103,0.28485928825497187,1560287901,5,47528,49,8165
0.6177721352613976,1549808069,14,47161,49,8125,0,1547710640,12,47157,49,8102,1.0422762104385936,1554000926,9,47329,49,8155,0.8212485128980372,1551898879,3,47260,49,8103,0.28485928825497187,1560287901,5,47528,49,8165
0.9211045735347455,1554002897,16,47291,49,8126,1.0596081948293186,1556096715,7,47365,49,8081,0.6170601661256918,1547709096,8,47146,49,8115,1.0994900210175953,1556093010,3,47380,49,8130,1.2200482295099366,1556093547,5,47423,49,8128
0.06026813159378574,1558195957,11,47435,49,8087,0.8408297574375635,1551902054,6,47270,49,8089,0.5177171226788785,1545611187,7,47104,49,8136,0.7076257356609349,1549801915,3,47214,49,8090,0.14482024476226293,1558190872,5,47469,49,8107
0.024875446320198582,1558194594,9,47422,49,8111,0.733224116191699,1549805444,7,47229,49,8123,0.9961746284127805,1554000918,9,47309,49,8143,0.513631457396196,1547704379,3,47132,49,8112,0.6001260190568767,1549801814,4,47149,49,8100
0.024875446320198582,1558194594,9,47422,49,8111,0.733224116191699,1549805444,7,47229,49,8123,0.9961746284127805,1554000918,9,47309,49,8143,0.513631457396196,1547704379,3,47132,49,8112,0.6001260190568767,1549801814,4,47149,49,8100
0.9808724878272096,1553998572,5,47321,49,8115,0.9474130226800924,1554002367,12,47321,49,8090,0,1558193700,7,47430,49,9,0.35278620469274696,1545607327,3,47061,49,8162,0.978627006534448,1553996347,5,47318,49,8113
0.9808724878272096,1553998572,5,47321,49,8115,0.9474130226800924,1554002367,12,47321,49,8090,1.294714957146982,1558193700,7,47430,49,9,0.35278620469274696,1545607327,3,47061,49,8162,0.978627006534448,1553996347,5,47318,49,8113
0.7676018076414893,1551905115,13,47228,49,8150,1.1946487189454784,1558196901,13,47429,49,8090,0.17756404378952137,1558193891,7,47471,49,7,0.17225512905772009,1558189877,3,47495,49,8068,0.19112443176929436,1560287935,5,47495,49,8077
0.7676018076414893,1551905115,13,47228,49,8150,1.1946487189454784,1558196901,13,47429,49,8090,0.17756404378952137,1558193891,7,47471,49,7,0.17225512905772009,1558189877,3,47495,49,8068,0.19112443176929436,1560287935,5,47495,49,8077
1.1471251779130203,1556099072,14,47387,49,8149,0.5468790517265724,1547709534,10,47148,49,8085,1.0242229646470389,1554001108,9,47322,49,8158,0.33809884994587486,1545606996,3,47053,49,8054,1.1354961633870937,1556093868,5,47380,49,8085
1.1471251779130203,1556099072,14,47387,49,8149,0.5468790517265724,1547709534,10,47148,49,8085,1.0242229646470389,1554001108,9,47322,49,8158,0.33809884994587486,1545606996,3,47053,49,8054,1.1354961633870937,1556093868,5,47380,49,8085
0.12901248021312933,1558193540,6,47465,49,8140,0.1616447454661403,1560293158,12,47501,49,8033,0.2805783368059116,1560292459,9,47517,49,8114,0.7875901459701666,1551898822,3,47246,49,8126,0.9280381463658768,1553996629,5,47294,49,8118
0.12901248021312933,1558193540,6,47465,49,8140,0.1616447454661403,1560293158,12,47501,49,8033,0.2805783368059116,1560292459,9,47517,49,8114,0.7875901459701666,1551898822,3,47246,49,8126,0.9280381463658768,1553996629,5,47294,49,8118
1.1719093517628447,1556098586,10,47399,49,8147,0.5551416709588461,1547708555,7,47147,49,8067,0.5402576626463284,1547709851,10,47116,49,8143,0.3935844439843652,1545607460,3,47077,49,8168,0.09882090568297698,1558190913,5,47448,49,8143
1.1719093517628447,1556098586,10,47399,49,8147,0.5551416709588461,1547708555,7,47147,49,8067,0.5402576626463284,1547709851,10,47116,49,8143,0.3935844439843652,1545607460,3,47077,49,8168,0.09882090568297698,1558190913,5,47448,49,8143
0.8918312572531866,1551903992,10,47281,49,8156,0.0584260127192805,1558196251,12,47449,49,8028,1.1330517678183027,1556098048,9,47368,49,8065,0.636128417258533,1549801116,3,47179,49,8088,0.7644399116276429,1549801896,5,47217,49,8070
1.091537840318934,1556099784,15,47363,49,8146,0.3226944449729044,1562390712,12,47562,49,8064,0.6974316933798874,1549806710,9,47183,49,8125,0.17919053215229727,1560286628,3,47499,49,8107,0.9478238487457292,1553996616,5,47307,49,8074
1.0710364759738136,1556099783,15,47356,49,8110,0.8358312711672593,1551905452,13,47275,49,8070,1.016471516958455,1553997202,4,47319,49,8118,0.931913849934282,1551898294,3,47303,49,8106,0.13818969525456506,1558190711,5,47469,49,8147
1.0710364759738136,1556099783,15,47356,49,8110,0.8358312711672593,1551905452,13,47275,49,8070,1.016471516958455,1553997202,4,47319,49,8118,0.931913849934282,1551898294,3,47303,49,8106,0.13818969525456506,1558190711,5,47469,49,8147
0.46049588569719174,1562389787,10,47606,49,8170,0.4198966497600075,1545611009,7,47097,49,8102,0.38940714122847636,1562389262,8,47563,49,8129,0.7914658681085801,1551898583,3,47248,49,8119,0.7454683959650152,1549801982,5,47211,49,8120
0.46049588569719174,1562389787,10,47606,49,8170,0.4198966497600075,1545611009,7,47097,49,8102,0.38940714122847636,1562389262,8,47563,49,8129,0.7914658681085801,1551898583,3,47248,49,8119,0.7454683959650152,1549801982,5,47211,49,8120
0.6373552227313591,1549804375,6,47168,49,8183,0.023135570239061532,1558196474,12,47443,49,8085,1.1392733714475236,1556098359,9,47371,49,8088,0.6819232854196432,1549801726,3,47202,49,8063,1.2945048520468394,1558190909,5,47452,49,8115
0.6906989130449742,1549804365,6,47189,49,8127,0.6439784158494393,1549806397,8,47196,49,8096,0.1343176713983619,1558194837,8,47456,49,8114,0.15042840251245654,1558190296,3,47485,49,8088,0.2104026702189394,1560287865,5,47497,49,8147
0.6906989130449742,1549804365,6,47189,49,8127,0.6439784158494393,1549806397,8,47196,49,8096,0.1343176713983619,1558194837,8,47456,49,8114,0.15042840251245654,1558190296,3,47485,49,8088,0.2104026702189394,1560287865,5,47497,49,8147
0.47671258775531883,1545612617,10,47103,49,8118,0.8908070343862613,1551902398,7,47296,49,8140,0.3421828051581053,1560291611,8,47546,49,8158,0.3544182796701129,1545606919,3,47061,49,8134,1.1694593793173078,1556093018,5,47398,49,8145
0.47671258775531883,1545612617,10,47103,49,8118,0.8908070343862613,1551902398,7,47296,49,8140,0.3421828051581053,1560291611,8,47546,49,8158,0.3544182796701129,1545606919,3,47061,49,8134,0,156093018,5,47398,49,8145
0.24946844735711693,1560290051,5,47515,49,8091,1.0444101398973733,1553998428,6,47366,49,8052,0.4144983530192925,1562389490,9,47573,49,8090,0.5389268065036161,1547704583,3,47140,49,8095,0.8526651082079545,1551899410,5,47256,49,8108
0.3425898778948087,1562389476,10,47556,49,8124,0.5341309825497642,1547710153,11,47137,49,8077,0.8172760959206405,1549804901,7,47232,49,8113,1.2054636071724831,1556092577,3,47421,49,8145,0.8720437214569525,1551899247,5,47266,49,8076
0.3425898778948087,1562389476,10,47556,49,8124,0.5341309825497642,1547710153,11,47137,49,8077,0.8172760959206405,1549804901,7,47232,49,8113,1.2054636071724831,1556092577,3,47421,49,8145,0.8720437214569525,1551899247,5,47266,49,8076
1.011777886195709,1553999005,6,47331,49,8104,0.28189619898999985,1562390305,11,47554,49,8029,0.25711952450919373,1560292720,9,47508,49,8155,1.1095873464469341,1556093376,3,47384,49,8187,1.2653337628003136,1558190315,5,47442,49,8105
0.22560068168319813,1560293467,12,47511,49,8179,0.2673115990291273,1562390222,12,47545,49,8133,0.6399074022482032,1547709180,8,47155,49,8162,0.2707821161146949,1560287542,3,47536,49,8077,0.5108784872751738,1547705292,5,47122,49,8141
0.22560068168319813,1560293467,12,47511,49,8179,0.2673115990291273,1562390222,12,47545,49,8133,0.6399074022482032,1547709180,8,47155,49,8162,0.2707821161146949,1560287542,3,47536,49,8077,0.5108784872751738,1547705292,5,47122,49,8141
0.30801322661172525,1562390448,13,47543,49,8185,0.971892329821491,1554000217,7,47333,49,8133,0.8362476134398921,1551903987,9,47238,49,10,1.0640992095843078,1553995610,3,47358,49,8115,0.4853804991255906,1547704760,5,47108,49,8106
0.30801322661172525,1562390448,13,47543,49,8185,0.971892329821491,1554000217,7,47333,49,8133,0.8362476134398921,1551903987,9,47238,49,10,1.0640992095843078,1553995610,3,47358,49,8115,0.4853804991255906,1547704760,5,47108,49,8106
0.6502073615174526,1549807181,10,47172,49,11,0.16082870553408776,1560293547,12,47501,49,8126,0.26119972171640066,1560292315,9,47508,49,8078,0.6100170300393744,1547704172,3,47170,49,8091,0.5082277334154265,1547705109,5,47116,49,8086
0.6502073615174526,1549807181,10,47172,49,11,0.16082870553408776,1560293547,12,47501,49,8126,0.26119972171640066,1560292315,9,47508,49,8078,0.6100170300393744,1547704172,3,47170,49,8091,0.5082277334154265,1547705109,5,47116,49,8086
0.6948794997574862,1549804145,5,47198,49,8127,0.8922346371307617,1551902473,7,47290,49,8070,0.5257752640291508,1547709295,9,47106,49,8153,0.2189682653330149,1560287555,4,47516,49,8121,0.2585452700952144,1560288119,5,47516,49,8130
0.6948794997574862,1549804145,5,47198,49,8127,0.8922346371307617,1551902473,7,47290,49,8070,0.5257752640291508,1547709295,9,47106,49,8153,0.2189682653330149,1560287555,4,47516,49,8121,0.2585452700952144,1560288119,5,47516,49,8130
0.13574340922217842,1558194903,9,47472,49,8099,0.6902844549428528,1549807781,12,47214,49,8079,1.0713450575590935,1554001591,10,47341,49,8130,0.3289198101679842,1560287175,3,47558,49,8113,0,1547704516,4,47087,49,8095
0.13574340922217842,1558194903,9,47472,49,8099,0.6902844549428528,1549807781,12,47214,49,8079,1.0713450575590935,1554001591,10,47341,49,8130,0.3289198101679842,1560287175,3,47558,49,8113,0.4377490805018482,1547704516,4,47087,49,8095
0.9810769603249777,1553999163,6,47320,49,8110,0.3483975033679153,1562388259,6,47582,49,8099,1.054005613850051,1554001054,9,47335,49,8130,0.042213043094259835,1556092773,3,47433,49,8120,0.9192661835334095,1551899294,5,47294,49,8082
0.9810769603249777,1553999163,6,47320,49,8110,0.3483975033679153,1562388259,6,47582,49,8099,1.054005613850051,1554001054,9,47335,49,8130,0.042213043094259835,1556092773,3,47433,49,8120,0.9192661835334095,1551899294,5,47294,49,8082
0.7732118408031742,1549806536,9,47230,49,29,0.8475606727753826,1551904809,12,47280,49,8101,0.9664942117287775,1554000290,8,47297,49,8133,0.5914544541795563,1547704601,3,47160,49,8126,1.1553840873814605,1556093971,5,47395,49,8118
0.7732118408031742,1549806536,9,47230,49,29,0.8475606727753826,1551904809,12,47280,49,8101,0.9664942117287775,1554000290,8,47297,49,8133,0.5914544541795563,1547704601,3,47160,49,8126,1.1553840873814605,1556093971,5,47395,49,8118
0.4312225780655907,1562389742,10,47599,49,8161,0.11299282100407855,1558194247,7,47482,49,8129,0.8907122138106482,1551904133,9,47264,49,8121,1.0343165621464148,1553995913,3,47346,49,8118,0.9394608324659693,1553996534,5,47304,49,8062
0.4312225780655907,1562389742,10,47599,49,8161,0.11299282100407855,1558194247,7,47482,49,8129,0.8907122138106482,1551904133,9,47264,49,8121,1.0343165621464148,1553995913,3,47346,49,8118,0.9394608324659693,1553996534,5,47304,49,8062
0.41643348751412085,1562391248,15,47592,49,8105,1.078272984460546,1556099366,12,47378,49,8158,1.1471270487426568,1556097170,7,47377,49,8103,0.620012121193103,1547704421,3,47176,49,8130,1.2585005941886331,1558190827,6,47440,49,8117
0.41643348751412085,1562391248,15,47592,49,8105,1.078272984460546,1556099366,12,47378,49,8158,1.1471270487426568,1556097170,7,47377,49,8103,0.620012121193103,1547704421,3,47176,49,8130,1.2585005941886331,1558190827,6,47440,49,8117
0.5018034668481367,1547710914,14,47115,49,8168,0.8192056336175098,1551899891,4,47270,49,8089,0.23386518267950643,1560291420,7,47499,49,8167,0.1942863381960794,1560287418,3,47501,49,8117,0.5071049970556704,1547705165,5,47119,49,8092
0.5018034668481367,1547710914,14,47115,49,8168,0.8192056336175098,1551899891,4,47270,49,8089,0.23386518267950643,1560291420,7,47499,49,8167,0.1942863381960794,1560287418,3,47501,49,8117,0.5071049970556704,1547705165,5,47119,49,8092
1.144065493679906,1556096141,6,47386,49,8106,0.7619862306499476,1551901769,6,47247,49,8123,1.2488159748202494,1556097561,9,47420,49,8166,0.2534426756218341,1560287164,3,47529,49,8120,0.3879762432752224,1545608156,5,47063,49,8094
1.144065493679906,1556096141,6,47386,49,8106,0.7619862306499476,1551901769,6,47247,49,8123,1.2488159748202494,1556097561,9,47420,49,8166,0.2534426756218341,1560287164,3,47529,49,8120,0.3879762432752224,1545608156,5,47063,49,8094
1.1813951097891238,1556098845,11,47404,49,8084,0.4425394151378525,1547710889,12,47107,49,8060,0.5659601165793907,1547710272,10,47131,49,8153,1.1011221068531198,1556092547,3,47378,49,8121,1.0666495775506213,1553996211,5,47353,49,8065
1.1813951097891238,1556098845,11,47404,49,8084,0.4425394151378525,1547710889,12,47107,49,8060,0.5659601165793907,1547710272,10,47131,49,8153,1.1011221068531198,1556092547,3,47378,49,8121,1.0666495775506213,1553996211,5,47353,49,8065
0.9679199518711847,1554000669,9,47313,49,8109,0.855719202021767,1551905233,12,47280,49,8027,0.8022825312051891,1549806685,9,47230,49,8121,0.8157407184154399,1551898985,3,47256,49,8102,0.291080885785212,1560288339,6,47533,49,8097
0.9679199518711847,1554000669,9,47313,49,8109,0.855719202021767,1551905233,12,47280,49,8027,0.8022825312051891,1549806685,9,47230,49,8121,0.8157407184154399,1551898985,3,47256,49,8102,0.291080885785212,1560288339,6,47533,49,8097
0.7448568006852214,1549807340,11,47220,49,8057,0.018443809707535088,1558196534,13,47441,49,8029,0.989239214081624,1554000286,8,47309,49,8128,0.18469833873083272,1560286993,3,47499,49,8067,0.28955104486064814,1562384638,4,47532,49,8142
0.07159043933303037,1558195964,11,47437,49,0,0.21325411183957024,1560290585,6,47523,49,8088,0.5263868337598945,1547708280,7,47111,49,8149,0.3745107087013183,1545607422,4,47070,49,8130,0,1558190966,5,47430,49,8026
0.07159043933303037,1558195964,11,47437,49,0,0.21325411183957024,1560290585,6,47523,49,8088,0.5263868337598945,1547708280,7,47111,49,8149,0.3745107087013183,1545607422,4,47070,49,8130,1.2366738688993293,1558190966,5,47430,49,8026
0.0015188712050432254,1556098157,10,47412,49,8122,0.6515272455542536,1549805442,7,47191,49,8090,0.8118705242358075,1549806918,10,47232,49,3,0.9924978001152025,1553995593,3,47331,49,8109,0.2046903852875294,1560288016,5,47500,49,8106
0.0015188712050432254,1556098157,10,47412,49,8122,0.6515272455542536,1549805442,7,47191,49,8090,0.8118705242358075,1549806918,10,47232,49,3,0.9924978001152025,1553995593,3,47331,49,8109,0.2046903852875294,1560288016,5,47500,49,8106
1.1812928704640375,1556094141,4,47405,49,8146,1.1661933292136415,1556096513,6,47409,49,8137,1.0899076261641543,1554000677,9,47354,49,8105,0.4358103001308022,1545607141,3,47093,49,8106,0.7212957770507591,1549802294,5,47203,49,8085
0.45417204208825224,1562390084,10,47607,49,8111,0.46752807067828306,1547710767,12,47115,49,8087,0.24773599085469136,1560292666,9,47509,49,8047,0.12299164259097731,1558190079,3,47472,49,8129,0.29342676653771727,1560288125,5,47534,49,8128
0.45417204208825224,1562390084,10,47607,49,8111,0.46752807067828306,1547710767,12,47115,49,8087,0.24773599085469136,1560292666,9,47509,49,8047,0.12299164259097731,1558190079,3,47472,49,8129,0.29342676653771727,1560288125,5,47534,49,8128
0.1933717742992498,1560292707,10,47492,49,8089,0.5823739713989953,1547707971,7,47165,49,8081,0.4237796377617327,1562389600,9,47583,49,3,0.48854240959732376,1545606995,3,47112,49,8142,0.6702979699586875,1549802584,5,47183,49,8132
0.1933717742992498,1560292707,10,47492,49,8089,0.5823739713989953,1547707971,7,47165,49,8081,0.4237796377617327,1562389600,9,47583,49,3,0.48854240959732376,1545606995,3,47112,49,8142,0.6702979699586875,1549802584,5,47183,49,8132
0.4478482052235906,1562387146,6,47605,49,8127,0.4077583246183013,1562389589,10,47605,49,8106,1.1509005293999046,1556098206,9,47382,49,8141,0.3612514631497387,1545606691,3,47064,49,8101,0.6422478084581834,1549801896,5,47175,49,8145
0.4478482052235906,1562387146,6,47605,49,8127,0.4077583246183013,1562389589,10,47605,49,8106,1.1509005293999046,1556098206,9,47382,49,8141,0.3612514631497387,1545606691,3,47064,49,8101,0.6422478084581834,1549801896,5,47175,49,8145
0.13972136647211342,1558192291,5,47474,49,8094,0.5699307664296893,1547709848,11,47159,49,8099,0.2688489202125562,1560291410,7,47518,49,8158,0.7993195544884034,1551898486,3,47249,49,8127,1.2793086903880548,1558190960,5,47441,49,8099
0.13972136647211342,1558192291,5,47474,49,8094,0.5699307664296893,1547709848,11,47159,49,8099,0.2688489202125562,1560291410,7,47518,49,8158,0.7993195544884034,1551898486,3,47249,49,8127,1.2793086903880548,1558190960,5,47441,49,8099
0.39144483367776595,1562389581,9,47582,49,8165,0.46446838608443886,154561242,12,47105,49,8102,0.09382611702048742,1558195449,9,47442,49,8112,0.7753514179705748,1549801713,3,47236,49,8124,0.21427652471800204,1560288116,5,47507,49,8128
0.39144483367776595,1562389581,9,47582,49,8165,0.46446838608443886,1545613242,12,47105,49,8102,0.09382611702048742,1558195449,9,47442,49,8112,0.7753514179705748,1549801713,3,47236,49,8124,0.21427652471800204,1560288116,5,47507,49,8128
0.7374120565917466,1549804147,5,47214,49,8094,0.4333585394827073,1545610520,7,47106,49,8083,1.0031100238946424,1554000624,8,47319,49,8089,0.7769834956088707,1549801615,3,47236,49,8097,0.5340324288345445,1547705161,5,47124,49,8138
0.7374120565917466,1549804147,5,47214,49,8094,0.4333585394827073,1545610520,7,47106,49,8083,1.0031100238946424,1554000624,8,47319,49,8089,0.7769834956088707,1549801615,3,47236,49,8097,0.5340324288345445,1547705161,5,47124,49,8138
0.36084572555225825,1562389169,9,47570,49,8189,0.6988519474197492,1549805449,7,47207,49,8071,0.27996676125719505,1560291632,8,47521,49,8158,0.026708301951090686,1556092874,3,47432,49,8132,0.16787010431514782,1558190663,5,47482,49,8100
0.36084572555225825,1562389169,9,47570,49,8189,0.6988519474197492,1549805449,7,47207,49,8071,0.27996676125719505,1560291632,8,47521,49,8158,0.026708301951090686,1556092874,3,47432,49,8132,0.16787010431514782,1558190663,5,47482,49,8100
0.9568039657186972,1554001806,11,47303,49,8191,1.1615015778743083,1556099121,12,47404,49,8153,0.37461804433117124,1562388505,7,47561,49,8130,0.9009062205136625,1551898979,3,47293,49,8098,1.0239125424288749,1553996466,5,47337,49,8127
1.168033623190286,1556094400,4,47400,49,8099,1.1692530189024777,1556097252,7,47408,49,8182,0.2088765264243057,1560292002,9,47490,49,8100,0.9402768635406451,1553995739,3,47307,49,8063,0.2321271598886137,1560287471,5,47508,49,8169
1.168033623190286,1556094400,4,47400,49,8099,1.1692530189024777,1556097252,7,47408,49,8182,0.2088765264243057,1560292002,9,47490,49,8100,0.9402768635406451,1553995739,3,47307,49,8063,0.2321271598886137,1560287471,5,47508,49,8169
0.49905047499077804,1547709596,10,47111,49,8165,1.090409485476032,1556098760,11,47373,49,8080,0.5980886418621398,1547709382,9,47146,49,8144,0.7841233733541523,1549801262,3,47238,49,8137,0.7594414457195021,1549802083,5,47218,49,8085
0.49905047499077804,1547709596,10,47111,49,8165,1.090409485476032,1556098760,11,47373,49,8080,0.5980886418621398,1547709382,9,47146,49,8144,0.7841233733541523,1549801262,3,47238,49,8137,0.7594414457195021,1549802083,5,47218,49,8085
0.16093653371581146,1560293883,14,47481,49,8090,0.3530892846617113,1562390644,12,47570,49,8089,0.1102472918632703,1558195628,9,47445,49,8172,1.0700140979285357,1553995468,3,47363,49,8170,0.7882035827653581,1551899230,5,47232,49,8127
0.16093653371581146,1560293883,14,47481,49,8090,0.3530892846617113,1562390644,12,47570,49,8089,0.1102472918632703,1558195628,9,47445,49,8172,1.0700140979285357,1553995468,3,47363,49,8170,0.7882035827653581,1551899230,5,47232,49,8127
0.6080819092575093,1547709481,9,47161,49,8168,0.7692283663085713,1551904675,11,47242,49,8053,0.8413464745058943,1551903701,9,47245,49,8156,0.20560679183258723,1560287096,3,47508,49,8115,0.6801908360409067,1549802332,5,47187,49,8130
0.6080819092575093,1547709481,9,47161,49,8168,0.7692283663085713,1551904675,11,47242,49,8053,0.8413464745058943,1551903701,9,47245,49,8156,0.20560679183258723,1560287096,3,47508,49,8115,0.6801908360409067,1549802332,5,47187,49,8130
0.822475338784237,1551904163,10,47251,49,8158,0.9396615878140765,1554002102,12,47315,49,8117,0.8474658442238823,1551903855,9,47249,49,8152,0.1807203845026144,1558190031,4,47496,49,8138,0.1465545677258039,1558190627,5,47465,49,8071
0.822475338784237,1551904163,10,47251,49,8158,0.9396615878140765,1554002102,12,47315,49,8117,0.8474658442238823,1551903855,9,47249,49,8152,0.1807203845026144,1558190031,4,47496,49,8138,0.1465545677258039,1558190627,5,47465,49,8071
0.43081546735904913,1562386935,5,47595,49,8119,0.23375549451799685,1560293576,13,47524,49,8098,0.4429538076623834,1562389405,8,47591,49,8159,0.7753514234284464,1549801655,3,47234,49,8156,1.3168427868966404,1558190607,5,47455,49,8153
0.43081546735904913,1562386935,5,47595,49,8119,0.23375549451799685,1560293576,13,47524,49,8098,0.4429538076623834,1562389405,8,47591,49,8159,0.7753514234284464,1549801655,3,47234,49,8156,1.3168427868966404,1558190607,5,47455,49,8153
0.5870712151319911,1547707618,6,47151,49,8182,0.44712896223127857,1547710368,12,47104,49,8099,0.7654622421287391,1549805901,8,47213,49,8190,0.9711804045107326,1553996197,3,47322,49,8069,0.7841233945472909,1551898962,5,47230,49,8085
0.5870712151319911,1547707618,6,47151,49,8182,0.44712896223127857,1547710368,12,47104,49,8099,0.7654622421287391,1549805901,8,47213,49,8190,0.9711804045107326,1553996197,3,47322,49,8069,0.7841233945472909,1551898962,5,47230,49,8085
0.8734731507540807,1551901063,5,47271,49,8182,0.733224123022019,1549808234,13,47219,49,8054,0.9461973191823285,1551903171,8,47289,49,6,0.18673937690631165,1558190056,3,47493,49,8113,0.3354462779226836,1562384752,5,47557,49,8116
0.8734731507540807,1551901063,5,47271,49,8182,0.733224123022019,1549808234,13,47219,49,8054,0.9461973191823285,1551903171,8,47289,49,6,0.18673937690631165,1558190056,3,47493,49,8113,0.3354462779226836,1562384752,5,47557,49,8116
0.8851003190969204,1551901355,5,47277,49,8099,0.5526935759862478,1547708282,7,47149,49,8057,0.9392619115364702,1551903970,9,47285,49,8130,0.6381676052455006,1549801364,3,47179,49,8123,0.8138038043971297,1551899411,5,47243,49,8105
0.8851003190969204,1551901355,5,47277,49,8099,0.5526935759862478,1547708282,7,47149,49,8057,0.9392619115364702,1551903970,9,47285,49,8130,0.6381676052455006,1549801364,3,47179,49,8123,0.8138038043971297,1551899411,5,47243,49,8105
0.010595687004897188,1558195807,11,47419,49,8081,0.8491927713584612,1551902435,7,47274,49,8048,1.20414199954927,1556097205,7,47400,49,8095,1.2210687421480444,1556092915,3,47424,49,8123,0.6510197666855418,1549801995,5,47175,49,8093
0.010595687004897188,1558195807,11,47419,49,8081,0.8491927713584612,1551902435,7,47274,49,8048,1.20414199954927,1556097205,7,47400,49,8095,1.2210687421480444,1556092915,3,47424,49,8123,0.6510197666855418,1549801995,5,47175,49,8093
0.45570188762933356,1562389342,9,47607,49,8078,1.1470173336404166,1556097201,7,47402,49,8062,0.3210698741804282,1560291394,8,47538,49,8054,0.5091441752679434,1547704457,3,47124,49,8064,0.3601300831694459,1545607198,5,47051,49,8108
0.45570188762933356,1562389342,9,47607,49,8078,1.1470173336404166,1556097201,7,47402,49,8062,0.3210698741804282,1560291394,8,47538,49,8054,0.5091441752679434,1547704457,3,47124,49,8064,0.3601300831694459,1545607198,5,47051,49,8108
0.3418760769057119,1562390445,11,47555,49,8133,0.6199080663117091,1549807884,12,47178,49,8092,0.23478346249108495,1560291368,8,47496,49,8130,0.3840987009036948,1545607409,3,47070,49,8114,0.6240923393063584,1549801870,5,47167,49,8163
0.3418760769057119,1562390445,11,4755,49,8133,0.6199080663117091,1549807884,12,47178,49,8092,0.23478346249108495,1560291368,8,47496,49,8130,0.3840987009036948,1545607409,3,47070,49,8114,0.6240923393063584,1549801870,5,47167,49,8163
0.2671127349372333,1560293066,11,47528,49,8161,0.6136864639335633,1549808204,13,47175,49,8125,0.3930783841049398,1562388554,7,47568,49,8138,0.6645838596958971,1549801917,3,47192,49,8135,1.2246377588382613,1558190626,5,47423,49,8104
0.2671127349372333,1560293066,11,47528,49,8161,0.6136864639335633,1549808204,13,47175,49,8125,0.3930783841049398,1562388554,7,47568,49,8138,0.6645838596958971,1549801917,3,47192,49,8135,1.2246377588382613,1558190626,5,47423,49,8104
0,1560289840,5,47529,49,12,0.3190232267051852,1562390580,12,47560,49,8099,1.054005611982885,1553997475,4,47336,49,8129,0.510571784367521,1547704183,3,47126,49,0,1.2261675990640362,1558190432,5,47424,49,8171
0.27761901373802966,1560289840,5,47529,49,12,0.3190232267051852,1562390580,12,47560,49,8099,1.054005611982885,1553997475,4,47336,49,8129,0.510571784367521,1547704183,3,47126,49,0,1.2261675990640362,1558190432,5,47424,49,8171
0.4280606597192941,1562387710,6,47598,49,8102,0.20672581198463807,1560291638,7,47517,49,8103,1.1196902815431782,1556097989,9,47364,49,8159,0.6542820640681086,1549801309,3,47189,49,8127,0.48476893420480777,1545607477,5,47103,49,8158
0.6147124474105158,1547707140,6,47160,49,8101,0.7270025210938402,1549805647,7,47216,49,8065,0.3018957378277132,1560292166,8,47526,49,2,0.15562949980913285,1558190414,3,47486,49,8127,1.3075614995197065,1558190809,5,47452,49,8122
0.6147124474105158,1547707140,6,47160,49,8101,0.7270025210938402,1549805647,7,47216,49,8065,0.3018957378277132,1560292166,8,47526,49,2,0.15562949980913285,1558190414,3,47486,49,8127,1.3075614995197065,1558190809,5,47452,49,8122
0.720072619579058,1549806329,9,47207,49,8121,0.3983748141358369,1562390628,12,47598,49,8102,0.9304899549266504,1551904411,10,47283,49,8133,1.2060751779035876,1556092912,3,47419,49,8131,1.1979166659876632,1558190107,5,47407,49,8090
1.065733146256304,1554001370,11,47354,49,8147,0.43050333316877704,1545611152,7,47099,49,8126,1.0743025020869592,1554000662,9,47345,49,8129,1.081029705595229,1553995338,3,47365,49,8125,0.36879979994067674,1545608011,5,47056,49,8161
1.065733146256304,1554001370,11,47354,49,8147,0.43050333316877704,1545611152,7,47099,49,8126,1.0743025020869592,1554000662,9,47345,49,8129,1.081029705595229,1553995338,3,47365,49,8125,0.36879979994067674,1545608011,5,47056,49,8161
0.12839905465494159,1560293608,13,47472,49,8122,0.8800963031906055,1551902336,7,47291,49,8149,0.25314156263263926,1560291620,7,47508,49,8185,0.17245961680895508,1558190417,3,47489,49,8101,1.0626697565795575,1556093545,5,47357,49,8167
0.12839905465494159,1560293608,13,47472,49,8122,0.8800963031906055,1551902336,7,47291,49,8149,0.25314156263263926,1560291620,7,47508,49,8185,0.17245961680895508,1558190417,3,47489,49,8101,1.0626697565795575,1556093545,5,47357,49,8167
1.1204022075268556,1556098774,10,47378,49,8064,0.5085289510305634,1547708661,7,47134,49,8080,0.234578988662324,1560292316,9,47498,49,8172,0.9239579420860708,1551898224,3,47297,49,8075,1.1509990520545805,1556093856,5,47387,49,8165
1.1204022075268556,1556098774,10,47378,49,8064,0.5085289510305634,1547708661,7,47134,49,8080,0.234578988662324,1560292316,9,47498,49,8172,0.9239579420860708,1551898224,3,47297,49,8075,1.1509990520545805,1556093856,5,47387,49,8165
0.45111235773996017,1562387045,5,47604,49,8100,0.10116120182065347,1558195623,11,47472,49,8107,0.16940364839814787,1558195143,9,47473,49,8112,0.4775268167382221,1545606694,3,47106,49,8102,1.148041609434247,1556093218,5,47384,49,8128
0.45111235773996017,1562387045,5,47604,49,8100,0.10116120182065347,1558195623,11,47472,49,8107,0.16940364839814787,1558195143,9,47473,49,8112,0.4775268167382221,1545606694,3,47106,49,8102,1.148041609434247,1556093218,5,47384,49,8128
1.162525823805613,1556096055,6,47397,49,8147,0.12309203330505471,1558194362,7,47473,49,8133,1.1258096474088743,1556096858,7,47368,49,8138,0.047209667595197784,1558189554,3,47437,49,8081,1.0898016767935284,1556093666,5,47363,49,8117
0.38420272832075125,1562390287,11,47581,49,8115,0.9689349072492179,1554001594,11,47324,49,8078,0.5029280262667143,1545612734,10,47099,49,8111,0.5325007499998519,1547704695,3,47134,49,8144,1.0885785513371358,1556093562,5,47359,49,8109
0.38420272832075125,1562390287,11,47581,49,8115,0.9689349072492179,1554001594,11,47324,49,8078,0.5029280262667143,1545612734,10,47099,49,8111,0.5325007499998519,1547704695,3,47134,49,8144,1.0885785513371358,1556093562,5,47359,49,8109
0.16787193645970164,1558195750,11,47486,49,8141,0.8346063013177062,1551902841,7,47265,49,8023,0.561982164006968,1547709696,9,47128,49,8142,0.27761529024188414,1560286819,3,47537,49,8127,1.1077526740525407,1556093017,5,47374,49,8066
0.16787193645970164,1558195750,11,47486,49,8141,0.8346063013177062,1551902841,7,47265,49,8023,0.561982164006968,1547709696,9,47128,49,8142,0.27761529024188414,1560286819,3,47537,49,8127,1.1077526740525407,1556093017,5,47374,49,8066
0.5628985994261138,1547709926,10,47141,49,8164,0.4587561300598513,1547709459,10,47110,49,8064,0.2381479997311868,1560292971,10,47503,49,8176,0.7929957241070921,1551898198,3,47244,49,8132,0.7578093610441328,1549802127,5,47221,49,8139
0.5993099545727003,1547707417,6,47160,49,8155,0.8865223807939352,1554002538,13,47292,49,8115,0.6894757769807024,1549806359,8,47182,49,8115,0.1826591816348304,1558189724,3,47492,49,8108,1.2010785790728038,1558190649,5,47411,49,8133
0.5993099545727003,1547707417,6,47160,49,8155,0.8865223807939352,1554002538,13,47292,49,8115,0.6894757769807024,1549806359,8,47182,49,8115,0.1826591816348304,1558189724,3,47492,49,8108,1.2010785790728038,1558190649,5,47411,49,8133
0.9537424274166322,1554001654,11,47309,49,8104,0.5855359002655716,1547710466,12,47155,49,8081,0.17552301543254023,1558194328,8,47477,49,8138,0.6803934579448604,1549801020,3,47196,49,8113,0.909782278866903,1553996186,5,47283,49,8039
0.9537424274166322,1554001654,11,47309,49,8104,0.5855359002655716,1547710466,12,47155,49,8081,0.17552301543254023,1558194328,8,47477,49,8138,0.6803934579448604,1549801020,3,47196,49,8113,0.909782278866903,1553996186,5,47283,49,8039
1.0407444939873662,1553998770,6,47344,49,8109,1.0225834375969574,1554002198,12,47350,49,8089,0.6098180546333669,1547709510,9,47147,49,8117,0.815434017400606,1551898853,3,47256,49,8097,1.0475758170723448,1556093328,5,47348,49,8142
1.0407444939873662,1553998770,6,47344,49,8109,1.0225834375969574,1554002198,12,47350,49,8089,0.6098180546333669,1547709510,9,47147,49,8117,0.815434017400606,1551898853,3,47256,49,8097,1.0475758170723448,1556093328,5,47348,49,8142
0.8190085551994851,1551904489,11,47246,49,8107,1.0358426793649216,1554002099,12,47356,49,8108,0.8297193037286209,1551903966,10,47239,49,8148,0.6368422349496187,1547704186,3,47175,49,8098,1.0378874451730256,1553996726,5,47339,49,8111
0.8190085551994851,1551904489,11,47246,49,8107,1.0358426793649216,1554002099,12,47356,49,8108,0.8297193037286209,1551903966,10,47239,49,8148,0.6368422349496187,1547704186,3,47175,49,8098,1.0378874451730256,1553996726,5,47339,49,8111
0,1556098988,11,47381,49,8112,0.14981312527281157,1560293511,12,47491,49,8103,0.6310332166427947,1547709126,9,47155,49,8145,0.4346875731595382,1545607437,3,47093,49,8141,0.9948455520968172,1553996340,5,47321,49,8106
1.1210137675608596,1556098988,11,47381,49,8112,0.14981312527281157,1560293511,12,47491,49,8103,0.6310332166427947,1547709126,9,47155,49,8145,0.4346875731595382,1545607437,3,47093,49,8141,0.9948455520968172,1553996340,5,47321,49,8106
0.36115244433669275,1562390596,11,47567,49,8157,0.7470949311305949,1551905548,13,47235,49,8062,1.1672194660906001,1556097734,8,47386,49,8124,0.6546910067033681,1549801364,3,47184,49,8078,1.2816545634404972,1558191061,5,47445,49,8038
0.36115244433669275,1562390596,11,47567,49,8157,0.7470949311305949,1551905548,13,47235,49,8062,1.1672194660906001,1556097734,8,47386,49,8124,0.6546910067033681,1549801364,3,47184,49,8078,1.2816545634404972,1558191061,5,47445,49,8038
0.07189529317377083,1558195940,10,47444,49,8118,0.9366019064994041,1554001773,11,47305,49,8075,0.29169617575197593,1560292813,9,47521,49,8106,0.5975738348117728,1547704670,3,47160,49,8145,1.172928010617202,1556093791,5,47399,49,8082
0.07189529317377083,1558195940,10,47444,49,8118,0.9366019064994041,1554001773,11,47305,49,8075,0.29169617575197593,1560292813,9,47521,49,8106,0.5975738348117728,1547704670,3,47160,49,8145,1.172928010617202,1556093791,5,47399,49,8082
1.1790492244006157,1556095175,5,47405,49,8139,0.8791780254576755,1551902596,7,47284,49,8058,1.1276462036625048,1556097862,9,47365,49,8113,0.16858390055092926,1558190237,3,47485,49,8101,0.5805429299851413,1547705161,5,47143,49,8133
0.6200157760699123,1547706844,5,47166,49,8157,0,1560294132,13,47513,49,8081,1.0666532953838093,1554000958,9,47339,49,8074,0.1884718330571915,1560287186,3,47498,49,8130,0.3284104890589983,1562385172,5,47555,49,8062
0.6200157760699123,1547706844,5,47166,49,8157,0.19897437111319888,1560294132,13,47513,49,8081,0,1551903799,9,47238,49,8150,0.1884718330571915,1560287186,3,47498,49,8130,0.3284104890589983,1562385172,5,47555,49,8062
1.1626280584069282,1556098325,10,47398,49,8132,1.166498175672694,1556096815,6,47411,49,8094,1.1875163573717975,1556097999,8,47394,49,8130,1.196691661117438,1556093366,3,47413,49,8069,1.0449250776239407,1553996114,5,47346,49,8105
1.1626280584069282,1556098325,10,47398,49,8132,1.166498175672694,1556096815,6,47411,49,8094,1.1875163573717975,1556097999,8,47394,49,8130,1.196691661117438,1556093366,3,47413,49,8069,1.0449250776239407,1553996114,5,47346,49,8105
0.04527456445733707,1558195516,10,47433,49,8125,0.9153867454279133,1554001641,11,47305,49,8079,0.9617002136783042,1554000371,8,47296,49,8114,0.6411250605810322,1549800800,3,47180,49,8080,0.16450368886274325,1560287695,5,47490,49,8127
0.04527456445733707,1558195516,10,47433,49,8125,0.9153867454279133,1554001641,11,47305,49,8079,0.9617002136783042,1554000371,8,47296,49,8114,0.6411250605810322,1549800800,3,47180,49,8080,0.16450368886274325,1560287695,5,47490,49,8127
0.8373666582897301,1551904351,11,47259,49,8130,1.2312645417323231,1558196205,12,47432,49,8021,0.17582972729076318,1558195357,9,47473,49,8124,0.061080482482565375,1558190288,4,47443,49,8044,1.2190295741603974,1558190240,5,47423,49,8138
0.7295583732139143,1549803684,5,47212,49,8093,0.7267980479922007,1549807251,11,47226,49,8043,0.8310446789164175,1551903424,9,47241,49,8169,0.6311299693874068,1547704084,3,47174,49,8108,0.23845098250406788,1560287908,5,47517,49,8098
0.7295583732139143,1549803684,5,47212,49,8093,0.7267980479922007,1549807251,11,47226,49,8043,0.8310446789164175,1551903424,9,47241,49,8169,0.6311299693874068,1547704084,3,47174,49,8108,0.23845098250406788,1560287908,5,47517,49,8098
0.3493207983402693,1562389861,10,47564,49,8129,1.0308441853573533,1556099423,12,47361,49,8074,0.12575018628247903,1558195937,10,47452,49,8143,0.9503741988605661,1551898507,3,47308,49,8155,0.14165830967219498,1558190419,5,47474,49,8077
0.3493207983402693,1562389861,10,47564,49,8129,1.0308441853573533,1556099423,12,47361,49,8074,0.12575018628247903,1558195937,10,47452,49,8143,0.9503741988605661,1551898507,3,47308,49,8155,0.14165830967219498,1558190419,5,47474,49,8077
0.6230754614714771,1547709119,9,47168,49,8144,1.1207033178266264,1556096893,7,47384,49,8034,1.1877208340263625,1556098280,9,47392,49,8093,0.8450121906032066,1551898189,3,47269,49,8125,0.904170374984708,1553996229,5,47294,49,8124
0.6230754614714771,1547709119,9,47168,49,8144,1.1207033178266264,1556096893,7,47384,49,8034,1.1877208340263625,1556098280,9,47392,49,8093,0.8450121906032066,1551898189,3,47269,49,8125,0.904170374984708,1553996229,5,47294,49,8124
0.3218840290520798,1562390184,11,47553,49,8127,0.27047352628244187,1560291081,7,47544,49,8114,0.5942129269279979,1547709437,9,47139,49,8120,0.04914660534968398,1558190027,3,47440,49,8118,0.8067661384409485,1551899141,5,47249,49,8033
0.3218840290520798,1562390184,11,47553,49,8127,0.27047352628244187,1560291081,7,47544,49,8114,0,1549805912,8,47220,49,8153,0.04914660534968398,1558190027,3,47440,49,8118,0.8067661384409485,1551899141,5,47249,49,8033
0.909272932731291,1551904554,12,47287,49,8089,0.698647471110413,1549805475,7,47218,49,8118,0.07964860245020405,1558195777,10,47433,49,8153,0.5693210370673092,1547704033,3,47148,49,8081,0.7754518005749718,1551899569,5,47244,49,8126
0.909272932731291,1551904554,12,47287,49,8089,0.698647471110413,1549805475,7,47218,49,8118,0.07964860245020405,1558195777,10,47433,49,8153,0.5693210370673092,1547704033,3,47148,49,8081,0.7754518005749718,1551899569,5,47244,49,8126
1.1038788053120465,1556099620,14,47371,49,24,0.5380048709846047,1547710762,13,47153,49,8077,0.2165257425385708,1560292203,9,47491,49,8098,0.4011314496269756,1545607491,3,47075,49,8126,1.2699251496638726,1558190927,5,47444,49,8064
1.1038788053120465,1556099620,14,47371,49,24,0.5380048709846047,1547710762,13,47153,49,8077,0.2165257425385708,1560292203,9,47491,49,8098,0.4011314496269756,1545607491,3,47075,49,8126,1.2699251496638726,1558190927,5,47444,49,8064
0.32494371768715063,1562389899,11,47552,49,8116,0.5648300620886798,1547708140,7,47162,49,8055,0.2343745144422071,1560292366,9,47500,49,8147,0.937828762161032,1551898161,3,47301,49,8049,0.8196182912840406,1551899315,5,47250,49,8122
0.32494371768715063,1562389899,11,47552,49,8116,0.5648300620886798,1547708140,7,47162,49,8055,0.2343745144422071,1560292366,,47500,49,8147,0,1551898161,3,47301,49,8049,0.9354847235608691,1553995753,5,47298,49,8092
0,1556095969,6,47360,49,8158,0.32371497416649836,1562390848,12,47566,49,8120,0.7922874403867467,1549805983,8,47222,49,8089,0.7872834605310144,1549801191,3,47241,49,8070,0.583295907952436,1547705009,5,47151,49,8078
1.078890155855657,1556095969,6,47360,49,8158,0.32371497416649836,1562390848,12,47566,49,8120,0.7922874403867467,1549805983,8,47222,49,8089,0.7872834605310144,1549801191,3,47241,49,8070,0.583295907952436,1547705009,5,47151,49,8078
0.45723173318082216,1562389862,10,47607,49,8156,0.34268524609296325,1562389938,11,47580,49,8057,0.9610886446365811,1553999769,8,47295,49,8129,0.47803616751215633,1545607114,3,47105,49,8016,0.3021987201050738,1562384872,5,47539,49,8118
0.45723173318082216,1562389862,10,47607,49,8156,0.34268524609296325,1562389938,11,47580,49,8057,0.9610886446365811,1553999769,8,47295,49,8129,0.47803616751215633,1545607114,3,47105,49,8016,0.3021987201050738,1562384872,5,47539,49,8118
0.15216457728249552,1558193202,6,47478,49,8086,0.871733284087686,1551902588,7,47281,49,8098,0.18613152534799593,1558195321,9,47477,49,8106,0.9395630780829889,1551898816,3,47300,49,8050,0.5433137028745211,1547705262,5,47135,49,8152
0.15216457728249552,1558193202,6,47478,49,8086,0.871733284087686,1551902588,7,47281,49,8098,0.18613152534799593,1558195321,9,47477,49,8106,0.9395630780829889,1551898816,3,47300,49,8050,0.5433137028745211,1547705262,5,47135,49,8152
0.7199703872924506,1549807727,13,47207,49,8170,0.8435827204196942,1551903839,10,47269,49,8030,0.35809464567439525,1560292417,9,47551,49,8131,1.076542432623755,1553995026,3,47357,49,8148,0.2741485181756407,1560287887,5,47534,49,8123
0.7199703872924506,1549807727,13,47207,49,8170,0.8435827204196942,1551903839,10,47269,49,8030,0.35809464567439525,1560292417,9,47551,49,8131,1.076542432623755,1553995026,3,47357,49,8148,0.2741485181756407,1560287887,5,47534,49,8123
0.4361188056182806,1562387662,6,47598,49,8130,0.6438761867974663,1549807884,12,47195,49,8089,0.9803650239328172,1554000970,9,47306,49,8081,0.08443705629180874,1558190334,3,47452,49,8132,1.2111758944180095,1558190708,5,47419,49,8107
0.4361188056182806,1562387662,6,47598,49,8130,0.6438761867974663,1549807884,12,47195,49,8089,0.9803650239328172,1554000970,9,47306,49,8081,0.08443705629180874,1558190334,3,47452,49,8132,1.2111758944180095,1558190708,5,47419,49,8107
1.0540037441295214,1554001054,9,47348,49,8152,0.6492817499328319,1549805777,7,47198,49,8127,1.158754219805794,1556094762,4,47381,49,8105,0.33503919129384535,1560287240,4,47555,49,8088,1.2206616572523936,1556093364,5,47422,49,8162
0.46967494295237944,1547710208,13,47101,49,8167,0.7607631075460021,1551904577,11,47241,49,8046,0.2201969911861949,1560291540,8,47495,49,8076,0.7029339982535374,1549801534,3,47204,49,8090,1.0498194510768537,1553996439,5,47353,49,8158
0.46967494295237944,1547710208,13,47101,49,8167,0.7607631075460021,1551904577,11,47241,49,8046,0.2201969911861949,1560291540,8,47495,49,8076,0.7029339982535374,1549801534,3,47204,49,8090,1.0498194510768537,1553996439,5,47353,49,8158
1.0396217452996384,1556099303,13,47345,49,8170,0.7695350634976038,1551904049,11,47243,49,8080,0.4440765374944468,1562389400,9,47588,49,8153,1.115095168031206,1556092412,3,47379,49,8180,0.8918294099861319,1551898686,5,47286,49,8077
0.9498667096401252,1554001572,11,47305,49,8083,0.40174118509388224,1562388555,7,47601,49,8080,0.47610283491187816,1562389395,9,47602,49,15,0.08984261913729975,1558190309,3,47455,49,8102,0.5897219791020553,1549801664,5,47152,49,8086
0.9498667096401252,1554001572,11,47305,49,8083,0.40174118509388224,1562388555,7,47601,49,8080,0.47610283491187816,1562389395,9,47602,49,15,0.08984261913729975,1558190309,3,47455,49,8102,0.5897219791020553,1549801664,5,47152,49,8086
1.1673198269178109,1556095581,5,47397,49,8037,1.17934843756971,1556096597,6,47417,49,8060,0.46600550431323695,1545612877,10,47085,49,8110,0.24324313092270566,1560287361,3,47519,49,8102,0.18949420187233465,1560288050,5,47493,49,8058
1.1673198269178109,1556095581,5,47397,49,8037,1.17934843756971,1556096597,6,47417,49,8060,0.46600550431323695,1545612877,10,47085,49,8110,0.24324313092270566,1560287361,3,47519,49,8102,0.18949420187233465,1560288050,5,47493,49,8058
0.25925905505304564,1560293125,10,47524,49,8137,0.427648101875297,1545610964,7,47099,49,8119,0.5433173476968274,1547709297,8,47119,49,8166,0.5143452857965883,1547703861,3,47125,49,8142,1.1821070435221301,1556093292,5,47409,49,8171
0.25925905505304564,1560293125,10,47524,49,8137,0.427648101875297,1545610964,7,47099,49,8119,0.5433173476968274,1547709297,8,47119,49,8166,0.5143452857965883,1547703861,3,47125,49,8142,1.1821070435221301,1556093292,5,47409,49,8171
0.42132971463314417,1562389858,10,47591,49,8157,0.8200216797853124,1551905323,13,47268,49,8127,0.5847271686637692,1547708943,8,47137,49,13,0.7774928436014736,1549801646,3,47233,49,8118,0.9011106924453386,1553995878,5,47292,49,8121
0.6454133682788534,1549807991,14,47170,49,8154,0.2389565615834566,1560292615,11,47525,49,8038,0.9477271613200609,1551902734,8,47290,49,8141,1.2019949878686158,1556093392,3,47415,49,8138,0.8818343194571848,1551899145,5,47281,49,8135
0.6454133682788534,1549807991,14,47170,49,8154,0.2389565615834566,1560292615,11,47525,49,8038,0.9477271613200609,1551902734,8,47290,49,8141,1.2019949878686158,1556093392,3,47415,49,8138,0.8818343194571848,1551899145,5,47281,49,8135
1.1437587794611983,1556099060,11,47388,49,8108,0.054957384197284444,1558196443,12,47457,49,8089,1.241676096440866,1556097806,9,47416,49,8166,0.04629140277151181,1556092453,3,47434,49,8132,1.120400345729494,1556093548,5,47382,49,8084
1.1437587794611983,1556099060,11,47388,49,8108,0.054957384197284444,1558196443,12,47457,49,8089,1.241676096440866,1556097806,9,47416,49,8166,0.04629140277151181,1556092453,3,47434,49,8132,1.120400345729494,1556093548,5,47382,49,8084
0.13757996447347412,1558196054,11,47469,49,8141,0.7022183324276703,1549805172,6,47216,49,8059,1.272886351064075,1558195317,9,47430,49,8161,1.2405495980425698,1556093054,3,47429,49,8158,1.0786838167037882,1556093438,5,47367,49,8133
0.13757996447347412,1558196054,11,47469,49,8141,0.7022183324276703,1549805172,6,47216,49,8059,1.272886351064075,1558195317,9,47430,49,8161,1.2405495980425698,1556093054,3,47429,49,8158,1.0786838167037882,1556093438,5,47367,49,8133
0.34156936191221304,1562389757,10,47557,49,8111,0.14583514798034788,1560290396,6,47495,49,8042,0.09994549294599837,1558194997,9,47442,49,8157,0.9765859787540785,1553996032,3,47321,49,8084,1.1090780252007837,1556093805,5,47381,49,8139
0.34156936191221304,1562389757,10,47557,49,8111,0.14583514798034788,1560290396,6,47495,49,8042,0.09994549294599837,1558194997,9,47442,49,8157,0.9765859787540785,1553996032,3,47321,49,8084,1.1090780252007837,1556093805,5,47381,49,8139
0.5229163967087291,1547709656,9,47123,49,8154,0.805130355406137,1551904177,11,47255,49,8092,0.10545329397536754,1558194085,7,47444,49,8181,0.2548702944176618,1560287681,3,47525,49,8090,1.1189727441332367,1556093828,5,47380,49,8110
0.7575044807369689,1549804070,5,47223,49,8141,0.3454400545661606,1562391106,13,47578,49,8077,0.1210584242029535,1558194692,8,47450,49,8145,0.8350171093827403,1551898880,3,47261,49,8092,0.21764477109390276,1560287400,5,47505,49,8115
0.913353128174764,1551904387,11,47287,49,8100,1.0637887451460295,1556095721,6,47367,49,8070,0.10382121798517785,1558195827,10,47443,49,8137,0.1738872335766568,1558190249,3,47486,49,8076,0.2835320379939125,1562384538,4,47539,49,8090
0.913353128174764,1551904387,11,47287,49,8100,1.0637887451460295,1556095721,6,47367,49,8070,0.10382121798517785,1558195827,10,47443,49,8137,0.1738872335766568,1558190249,3,47486,49,8076,0.2835320379939125,1562384538,4,47539,49,8090
0.7450612727944147,1549807012,10,47217,49,8090,0.11890958056998849,1558194249,7,47479,49,8092,1.0460496945304247,1554000762,8,47333,49,8136,0.3073979483775178,1560287781,4,47545,49,8100,1.235551095071971,1558190943,5,47437,49,8129
0.5487210859518356,1547707598,6,47134,49,8099,1.016668538100589,1554002354,13,47349,49,8081,1.1194858081441859,1553999676,7,47365,49,8179,0.8678594393274008,1551898449,3,47274,49,8087,0.32188216824560223,1562385135,5,47555,49,8141
0.5487210859518356,1547707598,6,47134,49,8099,1.016668538100589,1554002354,13,47349,49,8081,1.1194858081441859,1553999676,7,47365,49,8179,0.8678594393274008,1551898449,3,47274,49,8087,0.32188216824560223,1562385135,5,47555,49,8141
0.6430674873188809,1549806567,9,47169,49,8091,0.5338242819993454,1547710463,12,47147,49,8120,1.1259118870204832,1556097190,8,47366,49,8156,0.17929279621087757,1558190530,3,47489,49,8118,0.5210798629206391,1547705409,5,47122,49,8141
0.6430674873188809,1549806567,9,47169,49,8091,0.5338242819993454,1547710463,12,47147,49,8120,1.1259118870204832,1556097190,8,47366,49,8156,0.17929279621087757,1558190530,3,47489,49,8118,0.5210798629206391,1547705409,5,47122,49,8141
0.8310428256333047,1551901552,6,47254,49,8092,0.27241044067447945,1560291404,7,47550,49,8113,0.3237224712214291,1560291747,8,47535,49,8138,0.8194119878773619,1551898314,3,47253,49,8135,0.8918294072412374,1551899264,5,47287,49,8097
0.8310428256333047,1551901552,6,47254,49,8092,0.27241044067447945,1560291404,7,47550,49,8113,0.3237224712214291,1560291747,8,47535,49,8138,0.8194119878773619,1551898314,3,47253,49,8135,0.8918294072412374,1551899264,5,47287,49,8097
0.6620371705469227,1549803975,5,47183,49,8123,0.6017525746722576,1549807762,13,47177,49,8080,0.12891210633592043,1558195067,8,47453,49,8161,0.341770116383805,1543509842,3,47048,49,8075,0.8027881799606378,1551899603,5,47248,49,8131
0.6620371705469227,1549803975,5,47183,49,8123,0.6017525746722576,1549807762,13,47177,49,8080,0.12891210633592043,1558195067,8,47453,49,8161,0.341770116383805,1543509842,3,47048,49,8075,0.8027881799606378,1551899603,5,47248,49,8131
0.8174768723439313,1551901615,5,47251,49,8113,0.22447419320758308,1560293278,11,47517,49,8074,0.17654352997046288,1558195613,9,47474,49,8142,0.9524133750238594,1553995847,3,47309,49,8095,1.1602803171656675,1556093965,5,47399,49,5
0.7120144717299972,1549804786,6,47205,49,8157,0.6428575174643004,1549804411,6,47183,49,8083,1.1782350716208527,1556094641,4,47389,49,8131,0.10871190382973045,1558190168,3,47461,49,8144,1.2006696083656154,1558190198,5,47419,49,8062
0.7120144717299972,1549804786,6,47205,49,8157,0.6428575174643004,1549804411,6,47183,49,8083,1.1782350716208527,1556094641,4,47389,49,8131,0.10871190382973045,1558190168,3,47461,49,8144,1.2006696083656154,1558190198,5,47419,49,8062
0.04700888512554988,1558195037,9,47429,49,8101,0.8199194351836798,1551902941,7,47271,49,8096,0.36961957589365985,1562389246,9,47557,49,8168,0.06791365827986173,1558190413,4,47445,49,8112,1.1640537986436357,1556093524,5,47402,49,8119
0.04700888512554988,1558195037,9,47429,49,8101,0.8199194351836798,1551902941,7,47271,49,8096,0.36961957589365985,1562389246,9,47557,49,8168,0.06791365827986173,1558190413,4,47445,49,8112,1.1640537986436357,1556093524,5,47402,49,8119
1.1199932521290341,1556098605,10,47382,49,8140,0.135024022435146,1560290054,6,47490,49,8126,0.25711952450919373,1560291757,8,47508,49,8157,0.5707486543314887,1547704645,4,47147,49,8131,0.09739142862739154,1558190563,5,47460,49,8111
1.1199932521290341,1556098605,10,47382,49,8140,0.135024022435146,1560290054,6,47490,49,8126,0.25711952450919373,1560291757,8,47508,49,8157,0.5707486543314887,1547704645,4,47147,49,8131,0.09739142862739154,1558190563,5,47460,49,8111
0.40143993361892866,1562385773,4,47587,49,8128,0,1556099327,12,47375,49,8089,0.9931149425948748,1554001069,9,47308,49,8118,1.0956143317492268,1556092107,3,47367,49,8104,0.26629483361552864,1560288036,5,47532,49,8070
0.40143993361892866,1562385773,4,47587,49,8128,1.0744995039842453,1556099327,12,47375,49,8089,0.9931149425948748,1554001069,9,47308,49,8118,1.0956143317492268,1556092107,3,47367,49,8104,0.26629483361552864,1560288036,5,47532,49,8070
0.27976041755874637,1560290553,6,47532,49,8127,0.39205095681898955,1562388265,7,47602,49,8103,0.9125389470800579,1551903813,9,47274,49,8153,0.48976557886306044,1545606967,3,47107,49,8118,0.5009856205449428,1547705032,5,47117,49,8107
0.27976041755874637,1560290553,6,47532,49,8127,0.39205095681898955,1562388265,7,47602,49,8103,0.9125389470800579,1551903813,9,47274,49,8153,0.48976557886306044,1545606967,3,47107,49,8118,0.5009856205449428,1547705032,5,47117,49,8107
0.40990518739939047,1562390228,13,47592,49,8145,0.15134294493127007,1560293961,13,47498,49,8140,1.1024530765430292,1554000839,9,47356,49,8157,0.2501785422485175,1560287398,3,47520,49,8140,1.124276072390121,1556093609,5,47382,49,8078
0.40990518739939047,1562390228,13,47592,49,8145,0.15134294493127007,1560293961,13,47498,49,8140,1.1024530765430292,1554000839,9,47356,49,8157,0.2501785422485175,1560287398,3,47520,49,8140,1.124276072390121,1556093609,5,47382,49,8078
0.3385096779502719,1562390369,11,47556,49,8107,0.7011978175118528,1549805849,7,47211,49,8071,1.104085155491962,1554000468,8,47356,49,1,0.9402768883883239,,3,47298,49,8104,0.21631754480392829,1560287739,5,47508,49,8151
0.3385096779502719,1562390369,11,47556,49,8107,0.7011978175118528,1549805849,7,47211,49,8071,1.104085155491962,1554000468,8,47356,49,1,0.9402768883883239,1551898270,3,47298,49,8104,0.21631754480392829,1560287739,5,47508,49,8151
0.7700499212964071,1551901344,6,47229,49,8081,0.9159982869024529,1554002259,13,47313,49,8098,0.6894757789117034,1549806697,9,47181,49,8090,1.2026065564071078,1556092663,3,47414,49,8062,1.3308158121416895,1558190409,5,47469,49,8101
0.01436917347372491,1556098684,11,47422,49,8074,1.2022979172034292,1558193307,6,47434,49,8120,1.1991435238173103,1556098736,10,47400,49,8089,0.2932204314792327,1560287669,4,47538,49,8088,1.2053613751050845,1558190435,5,47419,49,8130
0.01436917347372491,1556098684,11,47422,49,8074,1.2022979172034292,1558193307,6,47434,49,8120,1.1991435238173103,1556098736,10,47400,49,8089,0.2932204314792327,1560287669,4,47538,49,8088,1.2053613751050845,1558190435,5,47419,49,8130
1.010248044763295,1554002049,14,47330,49,8090,0.502511796661452,1547708486,7,47135,49,8080,1.2433081781874251,1556096885,7,47415,49,8149,1.0156499166176858,1553995962,3,47335,49,8116,0.4220417160629392,1545607957,5,47083,49,8117
0.24599980759017095,1560290596,6,47519,49,8099,0.7262886984018275,1549807771,12,47221,49,8102,0.5643280469697558,1547710085,10,47128,49,8099,0.6529567125622305,1549800641,3,47179,49,8064,0.2828182426996975,1562384971,5,47536,49,8122
0.6671378657077248,1549807548,11,47182,49,8084,1.004123093138602,1553999908,7,47337,49,8072,1.145494975023317,1556097724,8,47374,49,8169,1.0533884819383899,1553996176,3,47349,49,8130,0.20897318698307943,1560287489,5,47508,49,8136
0.6627509723924462,1549804219,5,47185,49,8163,0.6500977816649609,1549806953,11,47200,49,8041,0.22743910469169562,1560292673,9,47498,49,8131,0.9499652626969147,1551898149,3,47307,49,8094,1.1759876866891539,1556093812,5,47403,49,8149
0.6627509723924462,1549804219,5,47185,49,8163,0.6500977816649609,1549806953,11,47200,49,8041,0.22743910469169562,1560292673,9,47498,49,8131,0.9499652626969147,1551898149,3,47307,49,8094,1.1759876866891539,1556093812,5,47403,49,8149
0,1556098224,9,47410,49,8140,0.5971630461908395,1547710787,13,47167,49,8077,1.1891484311896716,1556095091,4,47397,49,8118,0.07117781828485745,1558190279,3,47444,49,8104,1.1311092356508117,1556093421,5,47387,49,8100
0,1556098224,9,47410,49,8140,0.5971630461908395,1547710787,13,47167,49,8077,1.1891484311896716,1556095091,4,47397,49,8118,0.07117781828485745,1558190279,3,47444,49,8104,1.1311092356508117,1556093421,5,47387,49,8100
0.7484276594000174,1549804694,6,47217,49,8113,0.3995997645625867,1562388577,7,47600,49,8140,0.32749595000480575,1560291640,8,47541,49,8123,0.12809051471392238,1558190312,3,47470,49,8113,0.7684160145056389,1551899300,5,47231,49,8078
0.7484276594000174,1549804694,6,47217,49,8113,0.3995997645625867,1562388577,7,47600,49,8140,0.32749595000480575,1560291640,8,47541,49,8123,0.12809051471392238,1558190312,3,47470,49,8113,0.7684160145056389,1551899300,5,47231,49,8078
0.580645144099671,1549808115,14,47150,49,8074,1.2173937229418261,1558196908,13,47430,49,8078,0.6536759857071505,1547709172,9,47167,49,8109,0.13543486980275088,1558190366,3,47470,49,8084,0.3238190948616109,1545607192,5,47046,49,8119
0.580645144099671,1549808115,14,47150,49,8074,1.2173937229418261,1558196908,13,47430,49,8078,0.6536759857071505,1547709172,9,47167,49,8109,0.13543486980275088,1558190366,3,47470,49,8084,0.3238190948616109,1545607192,5,47046,49,8119
0.5508624984783125,1547707472,6,47138,49,8068,0.8222653154414697,1551902708,7,47272,49,8072,0.0928056101854529,1558194437,7,47442,49,8141,0.10452947206382486,1558190510,3,47461,49,8115,1.236978699984119,1558190839,5,47437,49,8097
0.5508624984783125,1547707472,6,47138,49,8068,0.8222653154414697,1551902708,7,47272,49,8072,0.0928056101854529,1558194437,7,47442,49,8141,0.10452947206382486,1558190510,3,47461,49,8115,1.236978699984119,1558190839,5,47437,49,8097
0.7878986939858885,1551904712,11,47238,49,8130,0.8091083108383877,1551904701,12,47257,49,8078,0.6934537304436885,1549806609,9,47185,49,8167,1.0062663916447292,1553996270,4,47332,49,8100,0.14747282737949124,1558190516,5,47471,49,8146
0.7878986939858885,1551904712,11,47238,49,8130,0.8091083108383877,1551904701,12,47257,49,8078,0.6934537304436885,1549806609,9,47185,49,8167,1.0062663916447292,1553996270,4,47332,49,8100,0.14747282737949124,1558190516,5,47471,49,8146
0.7279263006595349,1549804716,6,47210,49,8118,0.27587907998527683,1560291242,7,47541,49,8085,1.0037215936315924,1554000685,9,47319,49,8136,0.4590646634430793,1545607615,3,47097,49,8091,1.0558365783184318,1556093698,5,47357,49,8170
0.7279263006595349,1549804716,6,47210,49,8118,0.27587907998527683,1560291242,7,47541,49,8085,1.0037215936315924,1554000685,9,47319,49,8136,0.4590646634430793,1545607615,3,47097,49,8091,1.0558365783184318,1556093698,5,47357,49,8170
0.12513675548931835,1558193197,6,47464,49,8135,0.7078283649428103,1549805569,7,47218,49,8120,0.722929678051066,1549805658,7,47200,49,8178,0.5136314872389459,1547704043,3,47122,49,8082,0.4067414660300337,1545607785,5,47081,49,8090
0.12513675548931835,1558193197,6,47464,49,8135,0.7078283649428103,1549805569,7,47218,49,8120,0.722929678051066,1549805658,7,47200,49,8178,0.5136314872389459,1547704043,3,47122,49,8082,0.4067414660300337,1545607785,5,47081,49,8090
1.1375371745646659,1556096147,6,47386,49,8183,0.07668373093479044,1558195979,11,47454,49,8101,1.0727726566943505,1554000767,8,47346,49,8131,1.1964871922977034,1556092818,3,47411,49,8096,0.15053064892516654,1560288020,5,47481,49,8145
1.1375371745646659,1556096147,6,47386,49,8183,0.07668373093479044,1558195979,11,47454,49,8101,1.0727726566943505,1554000767,8,47346,49,8131,1.1964871922977034,1556092818,3,47411,49,8096,0.15053064892516654,1560288020,5,47481,49,8145
1.0447224561721422,1554001177,10,47344,49,8174,0.772185790825353,1551905385,13,47243,49,8068,0.24141215365160365,1560292596,9,47505,49,8146,0.5653430919773645,1547703767,3,47143,49,2,1.1219301917253846,1556093908,5,47381,49,8117
1.0447224561721422,1554001177,10,47344,49,8174,0.772185790825353,1551905385,13,47243,49,8068,0.24141215365160365,1560292596,9,47505,49,8146,0.5653430919773645,1547703767,3,47143,49,2,0,1556093908,5,47381,49,8117
1.0621622679664005,1556098263,10,47359,49,8143,0.6458149651156598,1549805812,7,47194,49,8084,0.8520553673606805,1551904287,9,47254,49,8185,0.9390518966083152,1551898175,3,47303,49,8085,0.23406407238706708,1560287806,5,47518,49,8109
0.8366528551935242,1551899949,4,47258,49,8121,0.1039160167767456,1558194312,7,47475,49,8105,1.255751379040882,1556097850,9,47424,49,8034,0.9650610635032617,1553995804,4,47310,49,8106,0.9269153845530282,1553996372,5,47301,49,8069
0.8366528551935242,1551899949,4,47258,49,8121,0.1039160167767456,1558194312,7,47475,49,8105,1.255751379040882,1556097850,9,47424,49,8034,0.9650610635032617,1553995804,4,47310,49,8106,0.9269153845530282,1553996372,5,47301,49,8069
0.6027785718676862,1549807912,14,47159,49,8109,0.7377113891297148,1551905317,13,47237,49,8108,0.40797005026181515,1562389971,9,47576,49,8116,0.9640405486642121,1553995702,3,47312,49,8124,0.8824458902635838,1551899454,5,47281,49,8141
0.6027785718676862,1549807912,14,47159,49,8109,0.7377113891297148,1551905317,13,47237,49,8108,0.40797005026181515,1562389971,9,47576,49,8116,0.9640405486642121,1553995702,3,47312,49,8124,0.8824458902635838,1551899454,5,47281,49,8141
0.9417063094166005,1554001607,11,47308,49,8125,0.39500840762110645,1545612475,11,47085,49,8021,0.25926092466848,1560292939,9,47514,49,8115,0.15256984107037966,1558190608,3,47476,49,8102,0.9685296713966614,1553996804,6,47317,49,8087
0.588294352735811,1547709581,10,47157,49,8150,0.2991334011716521,1562390541,12,47561,49,8055,0.9498685667613191,1551903652,9,47295,49,8093,0.5119994173801461,1547704438,3,47120,49,8105,1.057264180063831,1556093842,5,47359,49,8037
0.588294352735811,1547709581,10,47157,49,8150,0.2991334011716521,1562390541,12,47561,49,8055,0.9498685667613191,1551903652,9,47295,49,8093,0.5119994173801461,1547704438,3,47120,49,8105,1.057264180063831,1556093842,5,47359,49,8037
0.6571427669027049,1549806350,9,47178,49,8105,0.22416747314058122,1560290380,6,47520,49,8040,0.3986884211768716,1562389650,9,47571,49,8126,0.9484354245655467,1553995715,3,47305,49,8117,1.2103598567919498,1556093043,5,47418,49,8118
1.0043312883145241,1553998666,5,47334,49,8112,0.6095040149309215,1549807473,12,47182,49,8112,0.09668133322909413,1558194847,8,47444,49,8158,0.6030816540702351,1547704892,3,47155,49,8116,0.5299522262737789,1547704776,5,47129,49,8106
0.7067111338291554,1549804160,5,47204,49,8092,1.0575671551004888,1556098249,10,47369,49,8100,0.3844086572190393,1562388339,7,47567,49,8125,0.6239901108778736,1547703783,3,47166,49,8150,0.3277970558084615,1562385289,5,47559,49,8172
0.7067111338291554,1549804160,5,47204,49,8092,1.0575671551004888,1556098249,10,47369,49,8100,0,1562388339,7,47567,49,8125,0.6239901108778736,1547703783,3,47166,49,8150,0.3277970558084615,1562385289,5,47559,49,8172
0.6761124485029598,1549806962,10,47192,49,8142,0.7939102912736399,1551903372,8,47258,49,8130,0.9085609827936172,1551902329,7,47276,49,8169,0.99678063741724,1553996188,3,47327,49,8088,0.5197526657351671,1547704963,5,47125,49,8046
0.6761124485029598,1549806962,10,47192,49,8142,0.7939102912736399,1551903372,8,47258,49,8130,0.9085609827936172,1551902329,7,47276,49,8169,0.99678063741724,1553996188,3,47327,49,8088,0.5197526657351671,1547704963,5,47125,49,8046
0.09208994513392435,1558196000,10,47454,49,8101,0.7571922470415743,1551905371,13,47242,49,8074,0.8888756601423273,1551903339,8,47269,49,8119,0.6499992654499259,1547704326,3,47175,49,8111,1.2569707485004729,1558190787,5,47441,49,8093
0.09208994513392435,1558196000,10,47454,49,8101,0.7571922470415743,1551905371,13,47242,49,8074,0.8888756601423273,1551903339,8,47269,49,8119,0.6499992654499259,1547704326,3,47175,49,8111,1.2569707485004729,1558190787,5,47441,49,8093
0.4251031909804504,1562390426,11,47601,49,8088,0.9715856259752264,1554000085,7,47332,49,8118,0.7645439678115376,1549806739,9,47215,49,8139,0.23763310283471467,1560287443,3,47514,49,8089,0.7055884106926582,1549802122,5,47199,49,8063
0.4251031909804504,1562390426,11,47601,49,8088,0.9715856259752264,1554000085,7,47332,49,8118,0.7645439678115376,1549806739,9,47215,49,8139,1.0845987328348252,1553995763,3,47362,49,8119,0.7055884106926582,1549802122,5,47199,49,8063
0.817885799279061,1551901506,6,47254,49,8116,0.4565124767193748,1545609952,5,47102,49,8089,0.26252508479684755,1560292119,8,47513,49,8142,0.6552003614218284,1549800794,3,47180,49,8118,1.1193798325665085,1556093824,5,47382,49,8084
0.817885799279061,1551901506,6,47254,49,8116,0.4565124767193748,1545609952,5,47102,49,8089,0.26252508479684755,1560292119,8,47513,49,8142,0.6552003614218284,1549800794,3,47180,49,8118,1.1193798325665085,1556093824,5,47382,49,8084
0.7254781714868803,1549807372,13,47216,49,8052,0.9054938928535645,1551904894,12,47292,49,8106,0.9367115573294806,1551903555,9,47287,49,8141,0.053838384249726694,1558189940,3,47436,49,8129,1.2140310948156527,1558190190,5,47423,49,8078
0.7254781714868803,1549807372,13,47216,49,8052,0.9054938928535645,1551904894,12,47292,49,8106,0.9367115573294806,1551903555,9,47287,49,8141,0.053838384249726694,1558189940,3,47436,49,8129,1.2140310948156527,1558190190,5,47423,49,8078
0.3239250567313117,1560289863,6,47553,49,1,1.1976061705399936,1558196829,13,47428,49,8078,1.227600808239351,1556096947,7,47411,49,8083,1.236469407696062,1556092600,3,47425,49,8105,1.2058706913697068,1556093247,5,47423,49,8103
0.3239250567313117,1560289863,6,47553,49,1,1.1976061705399936,1558196829,13,47428,49,8078,1.227600808239351,1556096947,7,47411,49,8083,1.236469407696062,1556092600,3,47425,49,8105,1.2058706913697068,1556093247,5,47423,49,8103
0.0003979587782623206,1558196489,13,47413,49,8175,0.7300621969395384,1549807888,12,47220,49,8079,0.5690198051074924,1547709785,9,47132,49,8155,0.35645696838403745,1545606955,3,47053,49,8123,0.36298714155535017,1545607284,5,47055,49,8116
0.0003979587782623206,1558196489,13,47413,49,8175,0.7300621969395384,1549807888,12,47220,49,8079,0.5690198051074924,1547709785,9,47132,49,8155,0.35645696838403745,1545606955,3,47053,49,8123,0.36298714155535017,1545607284,5,47055,49,8116
0.2765984830994031,1562391147,14,47537,49,8180,0.5246452399516246,1547710694,12,47130,49,8062,0.593396885416024,1547709004,8,47141,49,10,1.1408998655329325,1556093020,3,47386,49,8147,1.2290246593223788,1558190198,5,47428,49,8142
0.2765984830994031,1562391147,14,47537,49,8180,0.5246452399516246,1547710694,12,47130,49,8062,0.593396885416024,1547709004,8,47141,49,10,1.1408998655329325,1556093020,3,47386,49,8147,1.2290246593223788,1558190198,5,47428,49,8142
0.027630255782149418,1558197228,16,47426,49,8118,1.198626693837964,1558196579,13,47426,49,8130,1.0970475085984346,1554001057,9,47355,49,8054,0.31994339980443703,1560287410,3,47547,49,8125,0.6427589636619894,1549801544,5,47176,49,8151
0.48630055741765965,1547710189,11,47113,49,8115,1.0267658600651344,1553999131,6,47346,49,8091,1.0873572720896636,1554000332,8,47354,49,8184,1.1011221355787608,1553995154,3,47368,49,8096,0.3831804254331723,1545607895,5,47073,49,8106
0.48630055741765965,1547710189,11,47113,49,8115,1.0267658600651344,1553999131,6,47346,49,8091,1.0873572720896636,1554000332,8,47354,49,8184,1.1011221355787608,1553995154,3,47368,49,8096,0.3831804254331723,1545607895,5,47073,49,8106
0.2762917658886255,1562390794,14,47540,49,8176,0,1554002143,12,47360,49,8090,0.6662214308827975,1549806861,10,47171,49,8117,0.6616264338041479,1549800458,3,47181,49,8039,1.2543181422729899,1558190935,5,47444,49,8084
0.2762917658886255,1562390794,14,47540,49,8176,1.0261524213787376,1554002143,12,47360,49,8090,0.6662214308827975,1549806861,10,47171,49,8117,0.6616264338041479,1549800458,3,47181,49,8039,1.2543181422729899,1558190935,5,47444,49,8084
0,1556095842,6,47408,49,8105,1.1643567605035297,1556097242,7,47413,49,8078,0.8849999388174273,1551903984,9,47266,49,8113,0.6279680679208768,1547704297,3,47167,49,8079,0.17092977033179765,1560287898,5,47490,49,8147
0,1556095842,6,47408,49,8105,1.1643567605035297,1556097242,7,47413,49,8078,0.8849999388174273,1551903984,9,47266,49,8113,0.6279680679208768,1547704297,3,47167,49,8079,0.17092977033179765,1560287898,5,47490,49,8147
0.9351798543793053,1553997858,5,47299,49,8093,0.2408953589538808,1560291373,7,47531,49,8142,1.1327450506032828,1556097831,9,47373,49,8189,0.5996130333966654,1547704599,3,47157,49,8142,0.3392216153661734,1562384967,5,47560,49,8108
0.9351798543793053,1553997858,5,47299,49,8093,0.2408953589538808,1560291373,7,47531,49,8142,1.1327450506032828,1556097831,9,47373,49,8189,0.5996130333966654,1547704599,3,47157,49,8142,0.3392216153661734,1562384967,5,47560,49,8108
0.66397594441012,1549807769,12,47182,49,8069,0.2895454016292403,1562387369,6,47558,49,8087,0.09606976790126749,1558195519,9,47441,49,8155,0.403477330148084,1545606818,3,47076,49,8123,0.46232879152469536,1547704973,5,47105,49,8119
0.66397594441012,1549807769,12,47182,49,8069,0.2895454016292403,1562387369,6,47558,49,8087,13.173795982647212,1558195519,9,47441,49,8155,0.403477330148084,1545606818,3,47076,49,8123,0.46232879152469536,1547704973,5,47105,49,8119
0.7916740223004963,1551903354,9,47234,49,8182,0.8812190400932148,1551901788,6,47285,49,8080,0.5152690047998156,1547709206,9,47107,49,8150,0.6615241874700132,1549801774,3,47186,49,8099,0.9840325583294823,1553996335,5,47325,49,8149
0.7916740223004963,1551903354,9,47234,49,8182,0.8812190400932148,1551901788,6,47285,49,8080,0.5152690047998156,1547709206,9,47107,49,8150,0.6615241874700132,1549801774,3,47186,49,8099,0.9840325583294823,1553996335,5,47325,49,8149
0.3548286024208947,1562389966,10,47565,49,8134,0.44121221099946156,1545610888,7,47103,49,8022,0.3806351759055196,1562389614,9,47563,49,8113,0.1385967841169745,1558190258,3,47473,49,8118,0.8267581718137472,1551899358,5,47251,49,8116
0.3548286024208947,1562389966,10,47565,49,8134,0.44121221099946156,1545610888,7,47103,49,8022,0.3806351759055196,1562389614,9,47563,49,8113,0.1385967841169745,1558190258,3,47473,49,8118,14.059543975699238,1551899358,5,47251,49,8116
0.21244367227338298,1560294010,15,47505,49,8098,0.42305857130570446,1562388471,7,47601,49,8009,0.753630601037371,1549806626,9,47210,49,8152,0.3862401289811093,1545607293,3,47069,49,8116,0.994334358357674,1553996792,5,47328,49,8124
0.21244367227338298,1560294010,15,47505,49,8098,0.42305857130570446,1562388471,7,47601,49,8009,0.753630601037371,1549806626,9,47210,49,8152,0.3862401289811093,1545607293,3,47069,49,8116,0.994334358357674,1553996792,5,47328,49,8124
0.14869779936260225,1558193103,6,47474,49,8130,0.28995436518653306,1560289801,6,47554,49,8085,0.8130936653708418,1549805699,8,47235,49,8174,0.115545066793413,1558190439,3,47467,49,8077,1.0738898220440936,1556093263,5,47364,49,8131
0.14869779936260225,1558193103,6,47474,49,8130,0.28995436518653306,1560289801,6,47554,49,8085,0.8130936653708418,1549805699,8,47235,49,8174,0.115545066793413,1558190439,3,47467,49,8077,1.0738898220440936,1556093263,5,47364,49,8131
0.042826449602611456,1558195852,10,47432,49,8113,0.1621540700587622,1560294151,13,47503,49,8055,0.8319629483998703,1551903926,9,47242,49,8120,1.057570910549829,1553995963,3,47351,49,8097,0.22794470928140992,1560287866,5,47514,49,8102
0.042826449602611456,1558195852,10,47432,49,8113,0.1621540700587622,1560294151,13,47503,49,8055,0.8319629483998703,1551903926,9,47242,49,8120,1.057570910549829,1553995963,3,47351,49,8097,0.22794470928140992,1560287866,5,47514,49,8102
1.0653241909278826,1556098289,10,47359,49,8123,1.1447736773767228,155609891,10,47397,,8036,0,1551904068,10,47237,49,842,0.6301094677552143,1547704371,3,47174,49,8101,0.32147321431656944,1562384918,5,47557,49,8129
1.0653241909278826,1556098289,10,47359,49,8123,1.1447736773767228,155609891,10,47397,49,8036,0,1551904068,10,47237,49,8142,0.6301094677552143,1547704371,3,47174,49,8101,0.32147321431656944,1562384918,5,47557,49,8129
0,1556099497,14,47406,49,8095,0.19836279345681126,1560291479,7,47516,49,8127,1.05084368972638,1554001574,10,47336,49,8121,0.6280702906746566,1547704366,3,47170,49,8142,0.8257376611927495,1551899436,5,47253,49,8073
0,1556099497,14,47406,49,8095,0.19836279345681126,1560291479,7,47516,49,8127,1.05084368972638,1554001574,10,47336,49,8121,0.6280702906746566,1547704366,3,47170,49,8142,0.8257376611927495,1551899436,5,47253,49,8073
0.7340456677380428,1549804849,6,47215,49,8130,0.7391389966451316,1549808138,13,47230,49,8022,0.7224203430420217,1549806639,9,47196,49,8096,1.017179748471737,1553996386,3,47339,49,8119,0.5534110328413528,1549801601,5,47139,49,8075
0.7340456677380428,1549804849,6,47215,49,8130,0.7391389966451316,1549808138,13,47230,49,8022,0.7224203430420217,1549806639,9,47196,49,8096,1.017179748471737,1553996386,3,47339,49,8119,0.5534110328413528,1549801601,5,47139,49,8075
0.4078659970462493,1562387492,6,47590,49,8128,0.916405374014963,1553999543,6,47316,49,8085,0.8913237822459417,1551903721,9,47266,49,8144,0.9342578919334821,1553995663,3,47304,49,8063,1.0318684484827834,1553996276,5,47344,49,8111
0.22804879607929404,1560293191,10,47513,49,8154,0.7379158665096751,1551904938,12,47234,49,8095,0.7999366556392522,1549807001,10,47226,49,8140,0.4862969531777815,1545606574,3,47112,49,8107,1.147939357714786,1558190341,5,47390,49,8127
0.22804879607929404,1560293191,10,47513,49,8154,0.7379158665096751,1551904938,12,47234,49,8095,0.7999366556392522,1549807001,10,47226,49,8140,0.4862969531777815,1545606574,3,47112,49,8107,1.147939357714786,1558190341,5,47390,49,8127
0.2355957627930364,1560293186,11,47519,49,8110,0.768514547271099,1551905294,13,47246,49,8115,1.0915397107416474,1554001121,9,47351,49,8154,0.29097678167369473,1560287168,3,47539,49,21,0.3017878840135658,1562384754,4,47552,49,8142
0,1556095406,5,47410,49,8095,0.29250472673168143,1562390317,12,47553,49,8087,0.6027804133732555,1547709573,9,47143,49,8123,0.8930525569915383,1551898203,3,47284,49,8128,0.2818999579792866,1562384908,5,47539,49,8105
0,1556095406,5,47410,49,8095,0.29250472673168143,1562390317,12,47553,49,8087,0.6027804133732555,1547709573,9,47143,49,8123,0.8930525569915383,1551898203,3,47284,49,8128,0.2818999579792866,1562384908,5,47539,49,8105
0.020388149712691036,1558195757,11,47421,49,8141,0.2567049614329919,1560293402,11,47528,49,8042,0.5760574520488958,1547709344,9,47133,49,8142,0.6811072701499636,1549801825,3,47194,49,8151,0.59930813422794,1549802179,5,47163,49,8097
0.020388149712691036,1558195757,11,47421,49,8141,0.2567049614329919,1560293402,11,47528,49,8042,0.5760574520488958,1547709344,9,47133,49,8142,0.6811072701499636,1549801825,3,47194,49,8151,0.59930813422794,1549802179,5,47163,49,8097
0,1556095665,6,47416,49,8130,0.14807878870356428,1560293621,12,47497,49,8098,0.5203696953768085,1547708556,8,47103,49,8136,0.47242613587757787,1545607415,3,47104,49,8123,0.909678175480608,1553996653,5,47296,49,8133
1.1395763333258533,1556096032,6,47392,49,8152,0.0583237776725992,1558193917,6,47449,49,8072,0.37594341767205086,1562389387,9,47559,49,8125,0.13645537894855173,1558190307,3,47470,49,8038,1.0957184145603422,1556093175,5,47368,49,8066
1.1395763333258533,1556096032,6,47392,49,8152,0.0583237776725992,1558193917,6,47449,49,8072,0.37594341767205086,1562389387,9,47559,49,8125,0.13645537894855173,1558190307,3,47470,49,8038,1.0957184145603422,1556093175,5,47368,49,8066
0.7788218718652423,1551903517,9,47233,49,8134,0.6320445425544371,1549804602,6,47193,49,8132,0.23600659515132882,1560292048,8,47499,49,8172,0.6296001329303096,1547704296,3,47171,49,8118,0.9339530207462549,1553996664,5,47306,49,8140
0.7788218718652423,1551903517,9,47233,49,8134,0.6320445425544371,1549804602,6,47193,49,8132,0.23600659515132882,1560292048,8,47499,49,8172,0.6296001329303096,1547704296,3,47171,49,8118,0.9339530207462549,1553996664,5,47306,49,8140
0.33136979165621677,1562390147,11,47556,49,8107,1.1644589981395246,1556096816,7,47413,49,8074,0.985056787911433,1554001014,9,47307,49,8143,0.9774020182896418,1553995981,3,47321,49,8155,0.6725397661758561,1549802362,5,47197,49,8111
0.33136979165621677,1562390147,11,47556,49,8107,1.1644589981395246,1556096816,7,47413,49,8074,0.985056787911433,1554001014,9,47307,49,8143,0.9774020182896418,1553995981,3,47321,49,8155,0.6725397661758561,1549802362,5,47197,49,8111
0.21672834390622295,1560291998,9,47504,49,8063,0.8974357222520142,1554001456,11,47303,49,8084,0.8117682952749028,1549806529,9,47230,49,8055,0.5668729284920497,1547704553,3,47146,49,8113,0.8139041640182817,1551899381,5,47259,49,8064
0.21672834390622295,1560291998,9,47504,49,8063,0.8974357222520142,1554001456,11,47303,49,8084,0.8117682952749028,1549806529,9,47230,49,8055,0.5668729284920497,1547704553,3,47146,49,8113,0.8139041640182817,1551899381,5,47259,49,8064
0.6587730173228058,1549807339,10,47183,49,8132,0.8351174695122668,1551902698,7,47274,49,8082,1.2390234985329969,1556096471,7,47418,49,8166,0.49384575936339087,1545606984,3,47110,49,8123,0.16307608612277819,1560287771,5,47488,49,8181
0.6587730173228058,1549807339,10,47183,49,8132,0.8351174695122668,1551902698,7,47274,49,8082,1.2390234985329969,1556096471,7,47418,49,8166,0.49384575936339087,1545606984,3,47110,49,8123,0.16307608612277819,1560287771,5,47488,49,8181
0.5105754195033972,1547710217,11,47116,49,8140,0.42601601927658184,1547710444,12,47101,49,8057,0.9936242709193256,1554001342,9,47312,49,6,0.4621243431757952,1545607470,3,47101,49,8122,0.23294318134214773,1560287180,5,47515,49,8123
0.34615888434246245,1562390092,11,47560,49,8100,1.174045112626153,1556099168,12,47423,49,8086,0.7130368207341652,1549807086,9,47191,49,8123,1.0910248010564334,1556092643,3,47367,49,8102,0.26904967300899163,1560288062,5,47528,49,8093
0.34615888434246245,1562390092,11,47560,49,8100,1.174045112626153,1556099168,12,47423,49,8086,0.7130368207341652,1549807086,9,47191,49,8123,1.0910248010564334,1556092643,3,47367,49,8102,0.26904967300899163,1560288062,5,47528,49,8093
0.18837330436395863,1560293166,11,47491,49,8118,0.7097652997137799,1549805310,7,47223,49,8111,0.41663977154945964,1562389126,8,47577,49,8108,0.5301548782879402,1547704351,3,47130,49,8122,0.24936434876411478,1560288006,5,47521,49,8113
0.18837330436395863,1560293166,11,47491,49,8118,0.7097652997137799,1549805310,7,47223,49,8111,0.41663977154945964,1562389126,8,47577,49,8108,0.5301548782879402,1547704351,3,47130,49,8122,0.24936434876411478,1560288006,5,47521,49,8113
0.5753418131727747,1547707343,6,47145,49,8123,0.4101041943752721,1545613477,12,47097,49,8132,0,1560292657,9,47533,49,8131,0.34962379529973137,1545607026,3,47052,49,8108,0,,,,,
0.5753418131727747,1547707343,6,47145,49,8123,0.4101041943752721,1545613477,12,47097,49,8132,0.3183169054411862,1560292657,9,47533,49,8131,0.34962379529973137,1545607026,3,47052,49,8108,0.6285796077260954,1549801945,5,47179,49,8127
0.930488097055462,1551904137,10,47295,49,8081,0.1582783460590383,1560293456,12,47494,49,8060,0.2877182137633687,1560292184,8,47521,49,8144,0.19397963964440185,1560287151,3,47498,49,8129,1.222700817360621,1558190973,5,47426,49,8109
0.930488097055462,1551904137,10,47295,49,8081,0.1582783460590383,1560293456,12,47494,49,8060,0.2877182137633687,1560292184,8,47521,49,8144,0.19397963964440185,1560287151,3,47498,49,8129,1.222700817360621,1558190973,5,47426,49,8109
1.1041855204802955,1556098700,10,47368,49,8086,0.28903608065232683,1562390382,12,47556,49,8158,0.5416852724808376,1547709669,9,47119,49,8108,0.3681868904458313,1545607184,3,47062,49,8116,0.7658656596687898,1551898422,5,47233,49,8140
1.1041855204802955,1556098700,10,47368,49,8086,0.28903608065232683,1562390382,12,47556,49,8158,0.5416852724808376,1547709669,9,47119,49,8108,0.3681868904458313,1545607184,3,47062,49,8116,0.7658656596687898,1551898422,5,47233,49,8140
0.4390762604009104,1562390660,12,47601,49,8142,0.31973700636568214,1562390798,13,47567,49,8060,0.8218656219602001,1551903572,9,47236,49,8075,0.4972103177902031,1547704671,3,47117,49,8096,0.17470325367890674,1560287304,5,47493,49,8143
0.4390762604009104,1562390660,12,47601,49,8142,0.31973700636568214,1562390798,13,47567,49,8060,0.8218656219602001,1551903572,9,47236,49,8075,0.4972103177902031,1547704671,3,47117,49,8096,0.17470325367890674,1560287304,5,47493,49,8143
1.0000484840689263,1554002225,14,47325,49,8174,0.36012690465686464,1562385190,3,47587,49,8085,0.11881477717690506,1558194909,8,47449,49,8130,0.6609126185287293,1549801502,3,47184,49,8105,0.8455233633852985,1553995799,4,47268,49,8137
1.0000484840689263,1554002225,14,47325,49,8174,0.36012690465686464,1562385190,3,47587,49,8085,0.11881477717690506,1558194909,8,47449,49,8130,0.6609126185287293,1549801502,3,47184,49,8105,0.8455233633852985,1553995799,4,47268,49,8137
0.9595569436431274,1554001985,11,47306,49,8150,0.5815579227367815,1547711031,13,47160,49,8022,1.0320766432275417,1554001258,9,47327,49,8164,1.132230132156162,1556092940,3,47387,49,8086,0.731697960089813,1549801981,5,47216,49,8114
0.9595569436431274,1554001985,11,47306,49,8150,0.5815579227367815,1547711031,13,47160,49,8022,1.0320766432275417,1554001258,9,47327,49,8164,1.132230132156162,1556092940,3,47387,49,8086,0.731697960089813,1549801981,5,47216,49,8114
0.6012487357949627,1547707377,6,47155,49,8170,0.9371112090071192,1553999902,7,47322,49,8126,0.268848925909827,1560292736,9,47515,49,8175,0.8234921798582651,1551898908,3,47254,49,8142,0.45580048880093704,1547704362,5,47105,49,8090
0.6012487357949627,1547707377,6,47155,49,8170,0.9371112090071192,1553999902,7,47322,49,8126,0.268848925909827,1560292736,9,47515,49,8175,0.8234921798582651,1551898908,3,47254,49,8142,0.45580048880093704,1547704362,5,47105,49,8090
0.2142802317287589,1560293235,11,47501,49,8073,0.11625698018137015,1560293566,12,47482,49,8119,0.7044693328127292,1549806775,9,47188,49,8098,1.2445275593121876,1556093126,3,47430,49,8132,0.18571885543310038,1560287981,5,47497,49,8184
0.2142802317287589,1560293235,11,47501,49,8073,0.11625698018137015,1560293566,12,47482,49,8119,0.7044693328127292,1549806775,9,47188,49,8098,1.2445275593121876,1556093126,3,47430,49,8132,0.18571885543310038,1560287981,5,47497,49,8184
0.6827429960157376,1549806459,9,47188,49,8129,0.030173211036351195,1558196382,12,47446,49,8106,0.880308176753854,1551904066,9,47264,49,8113,1.1902655851034867,1556093223,3,47410,49,8095,0.9550659572536405,1553996477,5,47311,49,8129
0.6827429960157376,1549806459,9,47188,49,8129,0.030173211036351195,1558196382,12,47446,49,8106,0.880308176753854,1551904066,9,47264,49,8113,1.1902655851034867,1556093223,3,47410,49,8095,0.9550659572536405,1553996477,5,47311,49,8129
0.3084203129337315,1562390862,14,47546,49,8108,0.6951806881034918,1549805340,7,47214,49,8117,0.7305807249572636,1549805886,8,47196,49,8169,0.6781498209151536,1549801650,3,47191,49,8101,1.080927469416382,1556093538,5,47365,49,8150
0.3084203129337315,1562390862,14,47546,49,8108,0.6951806881034918,1549805340,7,47214,49,8117,0.7305807249572636,1549805886,8,47196,49,8169,0.6781498209151536,1549801650,3,47191,49,8101,1.080927469416382,1556093538,5,47365,49,8150
0.6802948811694827,1549804841,6,47188,49,8108,0.5441260729256153,1547709395,10,47151,49,8087,0.7382299395072458,1549805920,8,47201,49,8112,0.48568538137156964,1545607117,3,47110,49,8149,0.299544255098721,1560287445,5,47546,49,8063
0.6802948811694827,1549804841,6,47188,49,8108,0.5441260729256153,1547709395,10,47151,49,8087,0.7382299395072458,1549805920,8,47201,49,8112,0.48568538137156964,1545607117,3,47110,49,8149,0.299544255098721,1560287445,5,47546,49,8063
0.1506347358666753,1558192933,6,47477,49,8136,0.9803575719870191,1553998678,5,47338,49,8089,1.010045436083162,1554000681,8,47320,49,8177,0.6461235312914957,1549801409,3,47177,49,8124,1.121827957897333,1556093720,5,47380,49,8123
0.1251367576756661,1558193570,6,47463,49,8120,0.4129612420351994,1545612700,11,47093,49,8070,0.7678081213172978,1549806602,9,47215,49,8143,1.1823096631560883,1556092650,3,47408,49,8108,1.1657881290931864,1556093865,5,47397,49,8076
0.1251367576756661,1558193570,6,47463,49,8120,0.4129612420351994,1545612700,11,47093,49,8070,0.7678081213172978,1549806602,9,47215,49,8143,1.1823096631560883,1556092650,3,47408,49,8108,1.1657881290931864,1556093865,5,47397,49,8076
0.73006771445231,1549807351,11,47212,49,8065,0.8238974010272442,1551902959,7,47270,49,8050,0.9654736967824294,1554001003,9,47301,49,8111,1.2201504726322052,1556092865,4,47421,49,8073,0.7528108939959326,1549801857,5,47222,49,8142
0.73006771445231,1549807351,11,47212,49,8065,0.8238974010272442,1551902959,7,47270,49,8050,0.9654736967824294,1554001003,9,47301,49,8111,1.2201504726322052,1556092865,4,47421,49,8073,0.7528108939959326,1549801857,5,47222,49,8142
0.11238684036632857,1558196409,14,47460,49,8164,0.018648292486014267,1558196482,12,47437,49,8118,1.16028405925622,1556097610,8,47383,49,8134,1.22596311200974,1556092596,3,47428,49,8162,0.28649136294699,1560288138,5,47530,49,8120
1.123157044385881,1556096412,6,47374,49,8158,0.9410891757697001,1553999737,7,47313,49,8022,0.6114501284116841,1547709963,10,47148,49,8123,0.46100343061563104,1545607351,3,47096,49,8106,0.1668495806267823,1560287354,5,47487,49,8133
1.123157044385881,1556096412,6,47374,49,8158,0.9410891757697001,1553999737,7,47313,49,8022,0.6114501284116841,1547709963,10,47148,49,8123,0.46100343061563104,1545607351,3,47096,49,8106,0.1668495806267823,1560287354,5,47487,49,8133
0.21703320286444364,1560292204,9,47505,49,8068,0.8328738332586828,1551902933,7,47262,49,8095,0.2461039195612272,1560292366,9,47505,49,8135,1.093575159505514,1553994988,3,47366,49,8130,0.4660018808756522,1547704806,5,47098,49,8072
0.21703320286444364,1560292204,9,47505,49,8068,0.8328738332586828,1551902933,7,47262,49,8095,0.2461039195612272,1560292366,9,47505,49,8135,1.093575159505514,1553994988,3,47366,49,8130,0.4660018808756522,1547704806,5,47098,49,8072
0.8633758284015927,1551901989,6,47264,49,8121,1.1946487257119633,1556095515,6,47427,49,8097,0.3713538922161904,1562389301,9,47557,49,8118,0.9203870782760384,1551897946,3,47298,49,8083,1.0940844738117346,1556093648,5,47372,49,8109
0.8633758284015927,1551901989,6,47264,49,8121,1.1946487257119633,1556095515,6,47427,49,8097,0.3713538922161904,1562389301,9,47557,49,8118,0.9203870782760384,1551897946,3,47298,49,8083,1.0940844738117346,1556093648,5,47372,49,8109
0.5888055287336007,1547706542,5,47148,49,8109,0.8568419628450886,1551902692,7,47283,49,8103,0.9078471831014422,1551903687,9,47273,49,8132,1.119889162767583,1556093049,3,47382,49,8107,0.8898924844341554,1553996336,5,47278,49,8062
0.5888055287336007,1547706542,5,47148,49,8109,0.8568419628450886,1551902692,7,47283,49,8103,0.9078471831014422,1551903687,9,47273,49,8132,1.119889162767583,1556093049,3,47382,49,8107,0.8898924844341554,1553996336,5,47278,49,8062
0.7676018099714578,1551905335,14,47227,49,8153,0.7175167497405536,1551903757,10,47225,49,8124,0.49395161454795516,1545611183,8,47099,49,8134,0.47171232516322037,1545607529,3,47105,49,8052,1.0456370219637652,1553996352,5,47351,49,8115
0.7676018099714578,1551905335,14,47227,49,8153,0.7175167497405536,1551903757,10,47225,49,8124,0.49395161454795516,1545611183,8,47099,49,8134,0.47171232516322037,1545607529,3,47105,49,8052,1.0456370219637652,1553996352,5,47351,49,8115
0.6715229302335985,1549807419,11,47185,49,8120,0.17184431334987302,1560292864,11,47503,49,8090,1.2730908292929866,1558194808,8,47428,49,30,0.18561662816290445,1558190183,3,47494,49,8098,0.7943229427546928,1551899511,5,47239,49,8129
0.843894977782411,1551903708,9,47255,49,8066,0.1586873106931756,1560294016,13,47496,49,8117,0.098517886504869,1558193760,7,47440,49,8172,0.6765177382456982,1549801460,3,47193,49,8135,0.8519512979136973,1551899395,5,47258,49,8131
0.843894977782411,1551903708,9,47255,49,8066,0.1586873106931756,1560294016,13,47496,49,8117,0.098517886504869,1558193760,7,47440,49,8172,0.6765177382456982,1549801460,3,47193,49,8135,0.8519512979136973,1551899395,5,47258,49,8131
0.9362003730742752,1554002160,13,47294,49,8121,0.07892737948683495,1558195208,8,47462,49,8096,1.084502065707307,1554000829,9,47349,49,8135,0.7226193106442201,1549801210,3,47213,49,8184,0.7598485359662048,1551899056,4,47225,49,8070
0.9362003730742752,1554002160,13,47294,49,8121,0.07892737948683495,1558195208,8,47462,49,8096,1.084502065707307,1554000829,9,47349,49,8135,0.7226193106442201,1549801210,3,47213,49,8184,0.7598485359662048,1551899056,4,47225,49,8070
1.1188723709968822,1556099036,11,47375,49,8073,0.045371253441107366,1558193118,5,47447,49,8092,0.8568493683510291,1551903992,9,47253,49,8109,0.34268838793688633,1545606969,3,47050,49,8129,0.7666817067659891,1549801811,5,47230,49,8113
1.1188723709968822,1556099036,11,47375,49,8073,0.045371253441107366,1558193118,5,47447,49,8092,0.8568493683510291,1551903992,9,47253,49,8109,0.34268838793688633,1545606969,3,47050,49,8129,0.7666817067659891,1549801811,5,47230,49,8113
0.46110745957502114,1562390486,11,47608,49,8117,0.6933441445720044,1549805005,6,47206,49,8066,0.3056692226559882,1560292427,9,47529,49,8135,0.7156839043376131,1549801365,3,47209,49,8076,1.2691091195071742,1558191230,5,47440,49,8133
0.46110745957502114,1562390486,11,47608,49,8117,0.6933441445720044,1549805005,6,47206,49,8066,0.3056692226559882,1560292427,9,47529,49,8135,0.7156839043376131,1549801365,3,47209,49,8076,1.2691091195071742,1558191230,5,47440,49,8133
0.5738119725549486,1547710503,11,47143,49,8102,0.5583035962843252,1547708317,7,47154,49,8095,1.1884346336324967,1556094684,4,47394,49,8103,0.24946472681334197,1560287595,3,47524,49,8079,0.8553158402453109,1551899547,5,47265,49,8099
0.5738119725549486,1547710503,11,47143,49,8102,0.5583035962843252,1547708317,7,47154,49,8095,1.1884346336324967,1556094684,4,47394,49,8103,0.24946472681334197,1560287595,3,47524,49,8079,0.8553158402453109,1551899547,5,47265,49,8099
0.14390380703108602,1558193304,6,47470,49,8053,0,1560291365,7,47550,49,8112,0.20071614080731934,1558194748,8,47486,49,8117,0.6353123954294901,1547704061,3,47173,49,8154,1.1426360395049202,1556093469,5,47384,49,8093
0.14390380703108602,1558193304,6,47470,49,8053,0.2837327679272774,1560291365,7,47550,49,8112,0.20071614080731934,1558194748,8,47486,49,8117,0.6353123954294901,1547704061,3,47173,49,8154,1.1426360395049202,1556093469,5,47384,49,8093
0.16868798283106898,1560293978,15,47483,49,8170,0.16490891180959244,1560293477,12,47499,49,8125,1.0421739698621804,1554000970,9,47332,49,8178,0.1690932201510829,1558189773,3,47490,49,8118,0.6009402217300959,1547704861,5,47159,49,8117
0.16868798283106898,1560293978,15,47483,49,8170,0.16490891180959244,1560293477,12,47499,49,8125,1.0421739698621804,1554000970,9,47332,49,8178,0.1690932201510829,1558189773,3,47490,49,8118,0.6009402217300959,1547704861,5,47159,49,8117
0.2462042887406315,1560290606,6,47515,49,8131,0.08341466306760606,1558193960,6,47466,49,8118,0.7075290204804522,1549806814,9,47189,49,8154,0.9096781839067959,1551897858,3,47293,49,8125,1.2271899863342528,1558190645,5,47419,49,8156
0.2462042887406315,1560290606,6,47515,49,8131,0.08341466306760606,1558193960,6,47466,49,8118,0.7075290204804522,1549806814,9,47189,49,8154,0.9096781839067959,1551897858,3,47293,49,8125,1.2271899863342528,1558190645,5,47419,49,8156
0.24834569309838175,1560290267,5,47518,49,8150,1.0197282222760398,1554001422,11,47350,49,8061,0.2750705313903162,1560292880,9,47517,49,15,0.3481961836284345,1545606988,3,47054,49,8112,0.46773618831795205,1545607672,5,47097,49,8127
0.49711170976367386,1547709029,9,47111,49,8158,1.1486494009874826,155609884,11,47406,49,8057,1.2636050659726337,1558194950,9,47425,49,,0.1496123741380255,1558189876,3,47481,49,8078,1.1194820772565341,1558189822,4,47379,49,8103
0.49711170976367386,1547709029,9,47111,49,8158,1.1486494009874826,1556098884,11,47406,49,8057,1.2636050659726337,1558194950,9,47425,49,8121,0.1496123741380255,1558189876,3,47481,49,8078,1.1194820772565341,1558189822,4,47379,49,8103
0.6827429981701604,1549807085,10,47187,49,8143,1.2118859284092534,1558196710,13,47434,49,8138,0.9814877714012853,1554001060,9,47303,49,8153,1.0883740640130122,1553995733,3,47365,49,8067,0.5584094991155534,1547705074,5,47136,49,8079
0.6827429981701604,1549807085,10,47187,49,8143,1.2118859284092534,1558196710,13,47434,49,8138,0.9814877714012853,1554001060,9,47303,49,8153,1.0883740640130122,1553995733,3,47365,49,8067,0.5584094991155534,1547705074,5,47136,49,8079
1.1297857354840872,1556095891,6,47380,49,8138,0.5091423433687241,1547710164,11,47132,49,8119,1.1203018457740392,1556097856,9,47366,49,8127,1.1714985291890234,1556093120,3,47406,49,8087,0.2816973627751909,1560287772,5,47529,49,8046
1.1297857354840872,1556095891,6,47380,49,8138,0.5091423433687241,1547710164,11,47132,49,8119,1.1203018457740392,1556097856,9,47366,49,8127,1.1714985291890234,1556093120,3,47406,49,8087,0.2816973627751909,1560287772,5,47529,49,8046
0.267928779412634,1560290061,5,47526,49,8124,0.25272700401126674,1560291120,7,47534,49,8061,1.0571675323666723,1554001472,10,47337,49,8129,0.847053210519454,1551899046,4,47267,49,8078,0.8445047119685151,1551899570,5,47259,49,8072
0.6372529892513279,1549807142,11,47169,49,8119,0.6387773308215186,1549807534,11,47189,49,8147,1.179969387416723,1556098173,9,47389,49,8109,1.2221915028451562,1556093233,3,47421,49,8128,0.3771632939334089,1545608268,5,47065,49,8121
0.6372529892513279,1549807142,11,47169,49,8119,0.6387773308215186,1549807534,11,47189,49,8147,1.179969387416723,1556098173,9,47389,49,8109,1.2221915028451562,1556093233,3,47421,49,8128,0.3771632939334089,1545608268,5,47065,49,8121
0.672850137223391,1549807410,11,47180,49,8132,0.5612610453365732,1547708522,7,47157,49,8070,0.8430807862888358,1551903052,8,47244,49,8141,0.7730055428036064,1549801692,3,47233,49,8093,0.6886560778093052,1549802045,5,47195,49,8155
0.672850137223391,1549807410,11,47180,49,8132,0.5612610453365732,1547708522,7,47157,49,8070,0.8430807862888358,1551903052,8,47244,49,8141,0.7730055428036064,1549801692,3,47233,49,8093,0.6886560778093052,1549802045,5,47195,49,8155
0.8750030036958318,1551902008,6,47267,49,8151,0.12298791028460382,1560293096,11,47486,49,8117,0.8718429283340478,1551903936,9,47258,49,8064,1.1081597542573256,1556093084,3,47379,49,8128,0.5809500350117045,1547704867,5,47147,49,8077
0.8750030036958318,1551902008,6,47267,49,8151,0.12298791028460382,1560293096,11,47486,49,8117,0.8718429283340478,1551903936,9,47258,49,8064,1.1081597542573256,1556093084,3,47379,49,8128,0.5809500350117045,1547704867,5,47147,49,8077
0.7522011590348779,1549804477,6,47215,49,8140,0.6339833345648588,1549807130,11,47188,49,8149,0.43071505778805613,1562389294,8,47583,49,8147,0.9338507915718822,1553995613,3,47304,49,8103,0.3119893344040263,1560287786,5,47544,49,8117
0.7522011590348779,1549804477,6,47215,49,8140,0.6339833345648588,1549807130,11,47188,49,8149,0.43071505778805613,1562389294,8,47583,49,8147,0.9338507915718822,1553995613,3,47304,49,8103,0.3119893344040263,1560287786,5,47544,49,8117
0.22672344679319537,1560293133,14,47503,49,8181,0.7709626679212329,1551905395,13,47245,49,8065,0.9384458726510907,1551903248,8,47285,49,8077,0.04251790640936233,1556092566,3,47435,49,8127,0.9068229835077819,1553996275,5,47286,49,8132
0.22672344679319537,1560293133,14,47503,49,8181,0.7709626679212329,1551905395,13,47245,49,8065,0.9384458726510907,1551903248,8,47285,49,8077,0.04251790640936233,1556092566,3,47435,49,8127,0.9068229835077819,1553996275,5,47286,49,8132
0.8451181198512443,1551901826,6,47256,49,8125,0.3110672913047697,1562390631,12,47562,49,8156,0.19694265483731088,1558195457,9,47483,49,8169,0.2849596474747138,1560287519,3,47538,49,8116,0.1790901788491492,1560287884,5,47485,49,8087
0.8451181198512443,1551901826,6,47256,49,8125,0.3110672913047697,1562390631,12,47562,49,8156,0.19694265483731088,1558195457,9,47483,49,8169,0.2849596474747138,1560287519,3,47538,49,8116,0.1790901788491492,1560287884,5,47485,49,8087
0.9803631697560002,1554002075,14,47314,49,8057,1.196178565438491,1558196378,12,47428,49,8082,0.6881504004194205,1549806951,9,47179,49,8120,0.6140972302039474,1547703891,3,47167,49,8107,0.6852915318262953,1549802117,5,47186,49,8129
0.9803631697560002,1554002075,14,47314,49,8057,1.196178565438491,1558196378,12,47428,49,8082,0.6881504004194205,1549806951,9,47179,49,8120,0.6140972302039474,1547703891,3,47167,49,8107,0.6852915318262953,1549802117,5,47186,49,8129
0.29954799249490804,1560292490,9,47533,49,8097,0.7671891831360825,1551904844,12,47242,49,8089,1.1331540035876744,1556097180,8,47368,49,8139,0.8007471654516805,1551898670,3,47249,49,8153,1.088985634320188,1556093370,5,47364,49,8111
1.1071429734263047,1556097904,9,47367,49,15,0.825529479664741,1551902776,7,47270,49,8100,0.6520439134927843,1547709271,9,47165,49,8130,0.2809816868945732,1560287259,3,47537,49,8175,0.670398372668773,1549802501,5,47188,49,8157
0.03905297637917377,1558197043,15,47423,49,8133,1.208214697613259,1558196703,13,47428,49,8023,0.8459360018266504,1551903147,8,47248,49,8166,0.18388230474863534,1558189814,3,47497,49,8106,0.7604619514543456,1549802155,5,47217,49,8115
0.03905297637917377,1558197043,15,47423,49,8133,1.208214697613259,1558196703,13,47428,49,8023,0.8459360018266504,1551903147,8,47248,49,8166,0.8072754771067465,1551898982,4,47249,49,8131,0.7604619514543456,1549802155,5,47217,49,8115
0.49017630613632956,1545612583,10,47104,49,8141,0.15725971581955764,1560290925,7,47492,49,8067,0.4298990205658455,1562389861,9,47583,49,8039,0.3094389725370742,1560287272,3,47546,49,8081,1.0858237138895366,1556093649,5,47363,49,8118
0.49017630613632956,1545612583,10,47104,49,8141,0.15725971581955764,1560290925,7,47492,49,8067,0.4298990205658455,1562389861,9,47583,49,8039,0.3094389725370742,1560287272,3,47546,49,8081,1.0858237138895366,1556093649,5,47363,49,8118
0.6299086552466509,1549806441,10,47165,49,8108,0.23446928804352155,1560293564,12,47527,49,8076,0.6713221225422017,1549807014,10,47170,49,8180,0.660198803454527,1549801603,3,47187,49,8102,1.212807987734669,1558190288,5,47414,49,8076
0.6299086552466509,1549806441,10,47165,49,8108,0.23446928804352155,1560293564,12,47527,49,8076,0.6713221225422017,1549807014,10,47170,49,8180,0.660198803454527,1549801603,3,47187,49,8102,1.212807987734669,1558190288,5,47414,49,8076
0.19388111668900684,1560293282,11,47488,49,30,0.8530684860961897,1551902466,7,47278,49,8120,0.21356829219030052,1558194971,9,47490,49,8157,0.33361159032876686,1560287515,3,47553,49,8183,1.0108577715694471,1553996533,5,47330,49,8118
0.2946517561181776,1560290362,6,47532,49,8162,0.5951238848279848,1549808203,13,47167,49,8102,0.42530948531431617,1562389833,9,47582,49,8119,0.3505420755041849,1545606894,3,47051,49,8136,1.1281517990771144,1556093635,5,47382,49,8085
0.2946517561181776,1560290362,6,47532,49,8162,0.5951238848279848,1549808203,13,47167,49,8102,0,1551903891,9,47280,49,8118,0.3505420755041849,1545606894,3,47051,49,8136,1.1281517990771144,1556093635,5,47382,49,8085
1.1330499035955635,1556099137,14,47376,49,8109,0.4572262809791007,1547707308,6,47111,49,8118,0.6771347963441916,1549806986,9,47177,49,8117,0.4884401929727425,1545607111,3,47107,49,8139,0.17235738140847434,1560287671,5,47489,49,8158
1.1330499035955635,1556099137,14,47376,49,8109,0.4572262809791007,1547707308,6,47111,49,8118,0.6771347963441916,1549806986,9,47177,49,8117,0.4884401929727425,1545607111,3,47107,49,8139,0.17235738140847434,1560287671,5,47489,49,8158
1.0109618602434418,1553999111,6,47325,49,8136,0.4485565640897093,1545610101,6,47108,49,8089,0.6876410578556209,1549806568,9,47178,49,8149,0.6081823393937511,1547704061,3,47157,49,8115,0.42530587151575655,1545607593,5,47081,49,8072
1.0109618602434418,1553999111,6,47325,49,8136,0.4485565640897093,1545610101,6,47108,49,8089,0.6876410578556209,1549806568,9,47178,49,8149,0.6081823393937511,1547704061,3,47157,49,8115,0.42530587151575655,1545607593,5,47081,49,8072
0.18674123673126902,1560289996,6,47486,49,8077,0.7056869691974146,1549805751,7,47211,49,8097,0.9581311926049964,1551902823,7,47294,49,8140,1.056754870841502,1553995809,3,47351,49,8141,1.0957184244547287,1556093648,5,47364,49,8155
0.18674123673126902,1560289996,6,47486,49,8077,0.7056869691974146,1549805751,7,47211,49,8097,0.9581311926049964,1551902823,7,47294,49,8140,1.056754870841502,1553995809,3,47351,49,8141,1.0957184244547287,1556093648,5,47364,49,8155
0.8404263604368132,1551904711,10,47253,49,8108,0.230593567485677,1560291346,7,47525,49,8124,0.38848885703863767,1562389406,9,47567,49,8130,0.6609126185287293,1549800910,3,47184,49,8104,0.8482781982271628,1551899586,5,47262,49,8132
0.8404263604368132,1551904711,10,47253,49,8108,0.230593567485677,1560291346,7,47525,49,8124,0.38848885703863767,1562389406,9,47567,49,8130,0.6609126185287293,1549800910,3,47184,49,8104,0.8482781982271628,1551899586,5,47262,49,8132
0.6310313935296487,1547711208,15,47162,49,8188,0.3957240515053758,1562388377,7,47595,49,8114,0.36380692058768693,1560291916,9,47553,49,8117,0.7689253600451185,1549801987,3,47229,49,8125,1.1013265939282033,1556093523,4,47373,49,8117
0.6310313935296487,1547711208,15,47162,49,8188,0.3957240515053758,1562388377,7,47595,49,8114,0.36380692058768693,1560291916,9,47553,49,8117,0.7689253600451185,1549801987,3,47229,49,8125,1.1013265939282033,1556093523,4,47373,49,8117
0.9799560800996349,1554001557,10,47309,49,8104,0.7465855922370596,1549804935,7,47235,49,8077,0.576975716198681,1547708470,7,47135,49,13,1.1345760126692912,1556093231,3,47388,49,8096,0.587987677101667,1547705197,5,47150,49,8081
0.4194931884663781,1562386797,5,47588,49,8119,0.41000197125056387,1545613012,12,47095,49,8046,0.09627423740938153,1558195530,9,47440,49,8178,0.8045225121177646,1549801640,3,47240,49,8106,0.4393811556478053,1545608007,5,47087,49,8122
0.4194931884663781,1562386797,5,47588,49,8119,0.41000197125056387,1545613012,12,47095,49,8046,0.09627423740938153,1558195530,9,47440,49,8178,0.8045225121177646,1549801640,3,47240,49,8106,0.4393811556478053,1545608007,5,47087,49,8122
1.0376848244154293,1554002023,13,47336,49,8142,0.1309457047637441,1558195337,10,47479,49,8041,0.8436923518671832,1551903633,8,47248,49,8120,0.46324707881331073,1545607451,3,47098,49,8110,0.32545305711162803,1562384639,4,47548,49,8126
1.0376848244154293,1554002023,13,47336,49,8142,0.1309457047637441,1558195337,10,47479,49,8041,0.8436923518671832,1551903633,8,47248,49,8120,0.46324707881331073,1545607451,3,47098,49,8110,0.32545305711162803,1562384639,4,47548,49,8126
1.0571656734581654,1556099288,13,47345,49,8150,0.08820866563435405,1558194310,7,47466,49,8134,1.110511228556503,1553999711,7,47360,49,8136,0.5879858590149268,1547704948,3,47153,49,8119,0.7371035328063481,1549802611,5,47216,49,8094
1.0571656734581654,1556099288,13,47345,49,8150,0.08820866563435405,1558194310,7,47466,49,8134,1.110511228556503,1553999711,7,47360,49,8136,0.5879858590149268,1547704948,3,47153,49,8119,0.7371035328063481,1549802611,5,47216,49,8094
0.979751604412254,1554000745,9,47312,49,8126,1.1390614015154708,1556096846,7,47403,49,8152,0.23529278724999736,1560291861,8,47501,49,8160,0.6625447009796188,1549801199,3,47182,49,8102,1.1087713181677985,1556094112,5,47380,49,8083
0.979751604412254,1554000745,9,47312,49,8126,1.1390614015154708,1556096846,7,47403,49,8152,0.23529278724999736,1560291861,8,47501,49,8160,0.6625447009796188,1549801199,3,47182,49,8102,1.1087713181677985,1556094112,5,47380,49,8083
0.30403527727698476,1562391465,16,47537,49,8180,0.7340401517653583,1549806677,10,47230,49,8060,0.958742759942276,1554000480,9,47296,49,8175,0.7264950446687338,1549801355,3,47211,49,8144,1.1654814102758086,1556093931,5,47400,49,8138
0.30403527727698476,1562391465,16,47537,49,8180,0.7340401517653583,1549806677,10,47230,49,8060,0.958742759942276,1554000480,9,47296,49,8175,0.7264950446687338,1549801355,3,47211,49,8144,1.1654814102758086,1556093931,5,47400,49,8138
1.1511031472441646,1556095912,6,47384,49,8151,0.8750996830216418,1551905011,12,47287,49,8171,0.7178308126245847,1549806772,9,47194,49,8135,0.8041135744367257,1549801101,3,47242,49,8076,0.5018016637228924,1547704989,5,47115,49,8124
1.1511031472441646,1556095912,6,47384,49,8151,0.8750996830216418,1551905011,12,47287,49,8171,0.7178308126245847,1549806772,9,47194,49,8135,0.8041135744367257,1549801101,3,47242,49,8076,0.5018016637228924,1547704989,5,47115,49,8124
0.041194385399661165,1558195943,11,47426,49,8097,0.05322493721405554,1558196623,12,47449,49,8053,1.160997858903983,1556098055,8,47385,49,8107,0.04139517362811765,1556091980,3,47432,49,8135,1.2015878996844884,1556093603,5,47414,49,8102
0.113407361940387,1558196965,15,47454,49,8077,0.5646274369604061,1547708278,6,47147,49,8070,0.4816106306517105,1545612202,9,47094,49,8100,0.5780930002089187,1547705010,3,47146,49,8109,1.0570615780988941,1553996476,5,47351,49,8091
0.1446176159870609,1558192932,6,47468,49,8137,0.9133475701032973,1554001253,11,47304,49,8068,0.9094792571017909,1551904026,9,47275,49,8130,1.0598145581955392,1553996095,3,47351,49,8130,0.7392467848331494,1549802060,5,47211,49,8066
0.1446176159870609,1558192932,6,47468,49,8137,0.9133475701032973,1554001253,11,47304,49,8068,0.9094792571017909,1551904026,9,47275,49,8130,1.0598145581955392,1553996095,3,47351,49,8130,0.7392467848331494,1549802060,5,47211,49,8066
0.8413446324816851,1551905025,15,47253,49,8151,0.15022207147942607,1560293725,12,47482,49,8047,0.16359098631803973,1558195538,9,47468,49,8139,0.3499305205722431,1543509918,3,47047,49,8136,0.4747720078129115,1547704988,5,47108,49,8127
0.8413446324816851,1551905025,15,47253,49,8151,0.15022207147942607,1560293725,12,47482,49,8047,0.16359098631803973,1558195538,9,47468,49,8139,0.3499305205722431,1543509918,3,47047,49,8136,0.4747720078129115,1547704988,5,47108,49,8127
1.1089795290201663,1556098468,10,47365,49,8136,0,1551902454,6,47266,49,8073,0.8118705242358075,1549806595,9,47232,49,8106,1.2228030788530602,1556092253,3,47417,49,8128,0.5887014816421101,1547704981,5,47151,49,8131
1.1089795290201663,1556098468,10,47365,49,8136,0.82093995998974,1551902454,6,47266,49,8073,0.8118705242358075,1549806595,9,47232,49,8106,1.2228030788530602,1556092253,3,47417,49,8128,0.5887014816421101,1547704981,5,47151,49,8131
0.9083546571009113,1551903167,9,47288,49,8154,1.0921437958809121,1556098822,11,47383,49,8048,1.144067367669337,1556097324,8,47374,49,8160,0.41867535294979763,1545607526,4,47077,49,8085,0,1562384800,5,47546,49,8085
0.9083546571009113,1551903167,9,47288,49,8154,1.0921437958809121,1556098822,11,47383,49,8048,1.144067367669337,1556097324,8,47374,49,8160,0.41867535294979763,1545607526,4,47077,49,8085,0.31260089586520695,1562384800,5,47546,49,8085
1.0134099672879866,1554001459,10,47330,49,8106,0.5566715229000211,1547708091,6,47153,49,8130,0.5674899618117178,1547709058,8,47131,49,8181,0.05587939883754381,1556092632,3,47436,49,8133,0.4655947715482203,1545607486,4,47094,49,8109
1.0134099672879866,1554001459,10,47330,49,8106,0.5566715229000211,1547708091,6,47153,49,8130,0.5674899618117178,1547709058,8,47131,49,8181,0.05587939883754381,1556092632,3,47436,49,8133,0.4655947715482203,1545607486,4,47094,49,8109
0.4779357314803222,1547710129,11,47108,49,8112,0.1174819849754444,1558194455,7,47475,49,8051,0.6903940464783807,1549806897,9,47182,49,8090,0.05557268795773866,1558190071,3,47439,49,8184,1.0069820391532844,1556093054,5,47332,49,8108
0.4779357314803222,1547710129,11,47108,49,8112,0.1174819849754444,1558194455,7,47475,49,8051,0.6903940464783807,1549806897,9,47182,49,8090,0.05557268795773866,1558190071,3,47439,49,8184,1.0069820391532844,1556093054,5,47332,49,8108
0.5348502661036568,1547710340,11,47126,49,8140,0.38776813974304375,1562389681,11,47593,49,8100,0.1374795876831123,1558194519,7,47459,49,8153,0.8603124662141709,1551898861,3,47269,49,8119,1.1843506896160405,1556093257,5,47409,49,8185
0.5348502661036568,1547710340,11,47126,49,8140,0.38776813974304375,1562389681,11,47593,49,8100,0.1374795876831123,1558194519,7,47459,49,8153,0.8603124662141709,1551898861,3,47269,49,8119,1.1843506896160405,1556093257,5,47409,49,8185
0,1556099622,15,47401,49,8130,1.035128868852515,1556098923,12,47358,49,8127,0.26487096582065156,1560292456,9,47514,49,8144,0.9345646048236694,1551898529,3,47301,49,8113,0.5482099332248879,1547704397,5,47134,49,8146
0,1556099622,15,47401,49,8130,1.035128868852515,1556098923,12,47358,49,8127,0.26487096582065156,1560292456,9,47514,49,8144,0.9345646048236694,1551898529,3,47301,49,8113,0.5482099332248879,1547704397,5,47134,49,8146
0.3862437328539031,1562389932,10,47575,49,8154,0.6349016121236065,1549807829,12,47186,49,8056,0.13686802085584712,1558195668,9,47457,49,8093,0.17276634109509406,1558190184,3,47482,49,8084,1.0611399012599856,1556093694,5,47361,49,8124
0.3862437328539031,1562389932,10,47575,49,8154,0.6349016121236065,1549807829,12,47186,49,8056,0.13686802085584712,1558195668,9,47457,49,8093,0.17276634109509406,1558190184,3,47482,49,8084,1.0611399012599856,1556093694,5,47361,49,8124
0.47202082377670307,1547707030,6,47102,49,8113,0.9573077342749954,1553999627,7,47321,49,8104,0.7326199054814263,1549805754,7,47200,49,8146,0.9729147331424203,1553995904,3,47317,49,8147,1.1870014095163108,1556093515,5,47415,49,8111
0.47202082377670307,1547707030,6,47102,49,8113,0.9573077342749954,1553999627,7,47321,49,8104,0.7326199054814263,1549805754,7,47200,49,8146,0.9729147331424203,1553995904,3,47317,49,8147,1.1870014095163108,1556093515,5,47415,49,8111
0.5763623170539312,1547707624,6,47143,49,8127,0.08259862342523913,1558196199,11,47466,49,8106,0.09525372896738259,1558194800,8,47441,49,8141,0.6339870267058553,1547704355,3,47168,49,8123,0.14757320455602455,1558190790,5,47478,49,8082
0.5763623170539312,1547707624,6,47143,49,8127,0.08259862342523913,1558196199,11,47466,49,8106,0.09525372896738259,1558194800,8,47441,49,8141,0.6339870267058553,1547704355,3,47168,49,8123,0.14757320455602455,1558190790,5,47478,49,8082
0.8889760440531045,1554002101,13,47278,49,18,0.20346351608430163,1560293998,13,47513,49,8143,1.0713450539524305,1554000928,9,47343,49,8113,1.1104034069730304,1556092103,3,47377,49,8073,0.3649240654067655,1545607871,5,47059,49,8136
0.8889760440531045,1554002101,13,47278,49,18,0.20346351608430163,1560293998,13,47513,49,8143,1.0713450539524305,1554000928,9,47343,49,8113,1.1104034069730304,1556092103,3,47377,49,8073,0.3649240654067655,1545607871,5,47059,49,8136
0.955783457627958,1554001754,11,47303,49,8034,0.5382111803004765,1547708513,7,47143,49,8105,0.3792075733964892,1562389434,9,47561,49,8187,1.1786384222622994,1556092623,3,47404,49,8063,0.5139399928851625,1547704994,5,47118,49,8115
0.955783457627958,1554001754,11,47303,49,8034,0.5382111803004765,1547708513,7,47143,49,8105,0.3792075733964892,1562389434,9,47561,49,8187,1.1786384222622994,1556092623,3,47404,49,8063,0.5139399928851625,1547704994,5,47118,49,8115
0.685088879082257,1549807401,11,47188,49,8078,1.1470173202351164,1556093868,3,47406,49,8136,0.6931488615241385,1549807101,10,47178,49,8153,0.48272792868204284,1545606885,3,47107,49,8118,0.47242612151475744,1547704522,5,47109,49,8123
0.685088879082257,1549807401,11,47188,49,8078,1.1470173202351164,1556093868,3,47406,49,8136,0.6931488615241385,1549807101,10,47178,49,8153,0.48272792868204284,1545606885,3,47107,49,8118,0.47242612151475744,1547704522,5,47109,49,8123
0.4206159108697954,1562387689,6,47589,49,8151,0.6842673317195211,1549808338,13,47207,49,8104,0.976184441889063,1553999662,7,47299,49,8104,0.9405835915980997,1551898764,3,47298,49,8102,0.31810869194496266,1560287207,5,47550,49,8120
0.8663332765877546,1551904436,10,47267,49,8080,0.35961757254818116,1562388348,7,47582,49,8146,0.08842055885256361,1558194953,9,47435,49,8146,0.18582110995874543,1558189806,3,47490,49,8119,0.18316850072430388,1560287634,5,47497,49,8121
0.8663332765877546,1551904436,10,47267,49,8080,0.35961757254818116,1562388348,7,47582,49,8146,0.08842055885256361,1558194953,9,47435,49,8146,0.18582110995874543,1558189806,3,47490,49,8119,0.18316850072430388,1560287634,5,47497,49,8121
0.5890099945411598,1547710222,11,47146,49,8150,1.1855719279442603,1558196032,12,47420,49,8134,0.36768264653617283,1562389224,9,47553,49,8090,0.4876241552335824,1545607398,3,47107,49,8118,1.0990829469274292,1556093366,5,47373,49,8110
0.5890099945411598,1547710222,11,47146,49,8150,1.1855719279442603,1558196032,12,47420,49,8134,0.36768264653617283,1562389224,9,47553,49,8090,0.4876241552335824,1545607398,3,47107,49,8118,1.0990829469274292,1556093366,5,47373,49,8110
0.640517141752423,1547707143,6,47169,49,8154,0.21050115721672522,1560291091,7,47508,49,8062,0.8874480570264268,1551904172,10,47265,49,8136,1.0885785513371358,1553995859,3,47359,49,8118,1.1784358069787528,1556093109,5,47403,49,8150
0.640517141752423,1547707143,6,47169,49,8154,0.21050115721672522,1560291091,7,47508,49,8062,0.8874480570264268,1551904172,10,47265,49,8136,1.0885785513371358,1553995859,3,47359,49,8118,1.1784358069787528,1556093109,5,47403,49,8150
0.685598215323169,1549804791,6,47191,49,8094,0.4698739476645413,1547710931,13,47117,49,8101,0.22764358233876886,1560292196,9,47494,49,8142,0.3839964804479676,1545606785,3,47067,49,8114,1.197405452754571,1558190341,5,47417,49,8062
0.685598215323169,1549804791,6,47191,49,8094,0.4698739476645413,1547710931,13,47117,49,8101,0.22764358233876886,1560292196,9,47494,49,8142,0.3839964804479676,1545606785,3,47067,49,8114,1.197405452754571,1558190341,5,47417,49,8062
0.1361523619395054,1558193384,6,47466,49,8173,0.5516748931026834,1547710629,12,47147,49,8119,0.23162154206469948,1560292572,9,47495,49,8094,0.12044130355469364,1558190554,3,47467,49,8153,0.4663067505437936,1547704233,5,47105,49,8156
0.1361523619395054,1558193384,6,47466,49,8173,0.5516748931026834,1547710629,12,47147,49,8119,0.23162154206469948,1560292572,9,47495,49,8094,0.12044130355469364,1558190554,3,47467,49,8153,0.4663067505437936,1547704233,5,47105,49,8156
0.20673326416427037,1560292205,9,47494,49,8095,0.3435025455652711,1562388287,7,47570,49,8154,0.724663992337813,1549805962,8,47197,49,8062,0.5851306362904344,1547704078,3,47151,49,8167,0.44570498704212613,1545607914,5,47091,49,8150
0.20673326416427037,1560292205,9,47494,49,8095,0.3435025455652711,1562388287,7,47570,49,8154,0.724663992337813,1549805962,8,47197,49,8062,0.5851306362904344,1547704078,3,47151,49,8167,0.44570498704212613,1545607914,5,47091,49,8150
0.2842477064484415,1560290625,6,47534,49,8115,0.26323141136568057,1560293852,12,47541,49,8081,1.250550297072433,1556098189,9,47417,49,8094,0.930281792676622,1551898628,3,47295,49,8108,0.27955408285223887,1562384745,5,47536,49,8107
0.2842477064484415,1560290625,6,47534,49,8115,0.26323141136568057,1560293852,12,47541,49,8081,1.250550297072433,1556098189,9,47417,49,8094,0.930281792676622,1551898628,3,47295,49,8108,0.27955408285223887,1562384745,5,47536,49,8107
1.0119823652358058,1554001609,10,47327,49,8127,0.6008361537086541,1547707850,7,47167,49,8062,1.230864969715428,1556098164,9,47410,49,8153,0.48619654482744096,1545607087,3,47105,49,8130,0.6025722926768444,1547704329,5,47161,49,8140
1.0119823652358058,1554001609,10,47327,49,8127,0.6008361537086541,1547707850,7,47167,49,8062,1.230864969715428,1556098164,9,47410,49,8153,0.48619654482744096,1545607087,3,47105,49,8130,0.6025722926768444,1547704329,5,47161,49,8140
1.127439854627846,1556099196,11,47379,49,8145,0.5924712992880233,1547707671,6,47169,49,8050,0.6044124907741946,1547709544,9,47142,49,8127,0.6635652026950327,1549801161,3,47182,49,8122,0.32412768956633825,1560287278,5,47547,49,8147
1.127439854627846,1556099196,11,47379,49,8145,0.5924712992880233,1547707671,6,47169,49,8050,0.6044124907741946,1547709544,9,47142,49,8127,0.6635652026950327,1549801161,3,47182,49,8122,0.32412768956633825,1560287278,5,47547,49,8147
0.747713859732147,1549803971,5,47214,49,8132,0.9990242610811749,1554002647,13,47335,49,8118,0.518226466104766,1547709601,10,47107,49,8114,0.14798030639289286,1558190507,3,47477,49,8090,0.48089319761162824,1547704573,5,47106,49,8159
0.09066234908823396,1558195615,10,47448,49,8136,0.4622247426494412,1547710727,12,47110,49,8106,1.192514836185503,1556098229,9,47392,49,8122,1.0793976370568499,1553995140,3,47361,49,8118,0.6321504737478149,1549802312,5,47173,49,8083
0.08607282370942208,1558195870,10,47445,49,8061,0.18500132236508118,1560293640,13,47508,49,8115,0.09841565459840416,1558194673,8,47439,49,8140,0.8070710160429394,1551898691,3,47247,49,8120,1.0009649173740405,1556092889,4,47325,49,8131
0.40817270034539765,1562387337,5,47583,49,8135,0.39450091029308765,1562391273,13,47590,49,8083,0.4504003777936664,1562389757,9,47588,49,8127,0.8824459039880563,1551899028,3,47276,49,8105,0.6877378045539395,1549802409,5,47196,49,8088
0.40817270034539765,1562387337,5,47583,49,8135,0.39450091029308765,1562391273,13,47590,49,8083,0.4504003777936664,1562389757,9,47588,49,8127,0.8824459039880563,1551899028,3,47276,49,8105,0.6877378045539395,1549802409,5,47196,49,8088
0.48987142110074977,1545612534,10,47102,49,8124,0.19071360201815615,1560293408,12,47508,49,8102,0.5691220429324215,1547709585,9,47128,49,8150,0.5655475536038954,1547704462,3,47143,49,8128,1.2973619286155833,1558190567,5,47451,49,8111
0.5080250762210821,1547707444,6,47116,49,8131,1.1801663741013437,1556096877,7,47415,49,8098,0.6460267771291937,1547709281,8,47158,49,8146,0.16073022460056013,1558190433,3,47480,49,8126,0.5243421992995034,1547705014,5,47126,49,8119
0.20581498732374928,1560293249,11,47495,49,8101,1.0680734430203014,1556095619,6,47368,49,8084,0.7160965102739104,1549807200,10,47191,49,8161,0.9730169709351806,1553995264,3,47316,49,8115,1.0498213246677581,1553996265,5,47342,49,8090
0.20581498732374928,1560293249,11,47495,49,8101,1.0680734430203014,1556095619,6,47368,49,8084,0.7160965102739104,1549807200,10,47191,49,8161,0.9730169709351806,1553995264,3,47316,49,8115,1.0498213246677581,1553996265,5,47342,49,8090
0.3297377208303871,1562389899,10,47552,49,8060,0.8797914535114033,1551904994,12,47278,49,8048,0.7932057160794941,1549806959,10,47219,49,8102,0.5147542189815175,1547704317,3,47121,49,8083,0.1937770215576389,1560287675,5,47495,49,8113
0.3297377208303871,1562389899,10,47552,49,8060,0.8797914535114033,1551904994,12,47278,49,8048,0.7932057160794941,1549806959,10,47219,49,8102,0.5147542189815175,1547704317,3,47121,49,8083,0.1937770215576389,1560287675,5,47495,49,8113
0.83124729899628,1551904283,10,47251,49,8093,1.228511586827412,1558196239,11,47435,49,8095,1.0924579891512043,1554000976,9,47349,49,8117,0.5003740613571482,1545607173,3,47110,49,8120,1.014631249891061,1556093521,5,47335,49,8130
0.83124729899628,1551904283,10,47251,49,8093,1.228511586827412,1558196239,11,47435,49,8095,1.0924579891512043,1554000976,9,47349,49,8117,0.5003740613571482,1545607173,3,47110,49,8120,1.014631249891061,1556093521,5,47335,49,8130
1.115405606091425,1556097828,9,47367,49,8138,1.056344041412178,1556099376,12,47363,49,8136,1.1229544396838893,1556098045,9,47364,49,8184,0.030992987666342037,1556092409,3,47424,49,8094,0.32422805967450746,1560287401,5,47552,49,8121
1.115405606091425,1556097828,9,47367,49,8138,1.056344041412178,1556099376,12,47363,49,8136,1.1229544396838893,1556098045,9,47364,49,8184,0.9862762149512603,1553995878,3,47322,49,8118,0.32422805967450746,1560287401,5,47552,49,8121
0.7669902458641663,1549806841,10,47223,49,8109,0.11840027247031189,1558194016,7,47471,49,8091,0.6468428114687754,1547709967,10,47160,49,8104,1.2218847933060355,1556093196,3,47420,49,8114,1.2491170717850255,1558191035,5,47436,49,8106
0.8046265748487785,1551905186,14,47238,49,8155,0.8929484583382735,1554002284,12,47293,49,8090,0.6256276491037542,1547709129,8,47152,49,8142,0.3620669980502128,1545606475,3,47058,49,8100,0.17653794422376606,1560288138,5,47498,49,8128
0.8046265748487785,1551905186,14,47238,49,8155,0.8929484583382735,1554002284,12,47293,49,8090,0.6256276491037542,1547709129,8,47152,49,8142,0.3620669980502128,1545606475,3,47058,49,8100,0.17653794422376606,1560288138,5,47498,49,8128
1.1264193420474413,1556098248,9,47379,49,8108,0.1242129200051388,1558196582,13,47478,49,8053,0.9038692244165002,1551903663,9,47272,49,8138,0.5199553182294678,1547704585,4,47126,49,8134,0.9803613123711971,1553996490,5,47321,49,8090
1.1264193420474413,1556098248,9,47379,49,8108,0.1242129200051388,1558196582,13,47478,49,8053,0.9038692244165002,1551903663,9,47272,49,8138,0.5199553182294678,1547704585,4,47126,49,8134,0.9803613123711971,1553996490,5,47321,49,8090
1.0224867850040322,1554000558,9,47334,49,8090,0.15776904509680587,1560293273,11,47493,49,8077,0.9542554727000656,1551903581,9,47290,49,8141,1.2061774291148248,1556093214,3,47414,49,8065,0.3419745792942313,1545607973,5,47052,49,8140
1.0224867850040322,1554000558,9,47334,49,8090,0.15776904509680587,1560293273,11,47493,49,8077,0.9542554727000656,1551903581,9,47290,49,8141,1.2061774291148248,1556093214,3,47414,49,8065,0.3419745792942313,1545607973,5,47052,49,8140
0.9395667696005942,1554000736,10,47291,49,8159,0.19377328949094602,1560294134,13,47508,49,8115,0.9933194129651557,1554000888,9,47307,49,8101,0.5474943135744049,1547704633,3,47136,49,8139,0.7649492334036863,1549802025,5,47225,49,8121
0.9395667696005942,1554000736,10,47291,49,8159,0.19377328949094602,1560294134,13,47508,49,8115,0.9933194129651557,1554000888,9,47307,49,8101,0.5474943135744049,1547704633,3,47136,49,8139,0.7649492334036863,1549802025,5,47225,49,8121
0.4104163545026598,1562389926,10,47583,49,40,0.34146150771771117,1562391248,13,47572,49,8077,0.9977044666454906,1554001272,9,47312,49,8113,1.1030609208619986,1553995579,3,47369,49,8085,1.0881695836704475,1556093680,5,47368,49,8181
0.4104163545026598,1562389926,10,47583,49,40,0.34146150771771117,1562391248,13,47572,49,8077,0.9977044666454906,1554001272,9,47312,49,8113,1.1030609208619986,1553995579,3,47369,49,8085,1.0881695836704475,1556093680,5,47368,49,8181
0.45509032251316495,1562387656,6,47601,49,8102,0.49414879898617986,1547710991,13,47124,49,8058,1.0518642045093103,1554001215,9,47333,49,8143,1.1907767843432615,1556092589,3,47405,49,8114,0.24865055024032767,1560287659,5,47519,49,8111
0.8890782868224838,1551901877,6,47274,49,8121,1.2043389806191092,1556096858,7,47425,49,8094,0.19010948480887477,1558194084,7,47478,49,8141,0.5002718288158614,1545606754,3,47111,49,8091,0.9301795419389499,1553995840,5,47301,49,8150
0.8890782868224838,1551901877,6,47274,49,8121,1.2043389806191092,1556096858,7,47425,49,8094,0.19010948480887477,1558194084,7,47478,49,8141,0.5002718288158614,1545606754,3,47111,49,8091,0.9301795419389499,1553995840,5,47301,49,8150
0.17337974910774379,1558195802,10,47483,49,8115,0.7596422221085115,1551904205,11,47233,49,8057,0.5333222491616758,1547709466,9,47113,49,8127,1.0528791493320664,1553995816,3,47349,49,8053,0.4899718443857183,1547705280,5,47105,49,8066
0.17337974910774379,1558195802,10,47483,49,8115,0.7596422221085115,1551904205,11,47233,49,8057,0.5333222491616758,1547709466,9,47113,49,8127,1.0528791493320664,1553995816,3,47349,49,8053,0.4899718443857183,1547705280,5,47105,49,8066
0.5300562718273774,1547710101,10,47125,49,8054,1.054711958031484,1556098932,12,47364,49,8092,0.7010025463146436,1549806683,9,47179,49,8132,0.047719007153129614,1558189794,3,47436,49,8102,0.8715343785082463,1551899466,5,47268,49,8119
0.5300562718273774,1547710101,10,47125,49,8054,1.054711958031484,1556098932,12,47364,49,8092,0.7010025463146436,1549806683,9,47179,49,8132,0.047719007153129614,1558189794,3,47436,49,8102,0.8715343785082463,1551899466,5,47268,49,8119
0.9406876597550738,1554002550,14,47299,49,8158,0.26975973631259437,1560287065,2,47532,49,8069,0.8468542789081702,1551903870,9,47245,49,8115,0.2558908040439846,1560287326,3,47526,49,8156,1.1903696896895293,1556093705,5,47406,49,8102
0.9406876597550738,1554002550,14,47299,49,8158,0.26975973631259437,1560287065,2,47532,49,8069,0.8468542789081702,1551903870,9,47245,49,8115,0.2558908040439846,1560287326,3,47526,49,8156,1.1903696896895293,1556093705,5,47406,49,8102
0.17123833619991294,1558196104,11,47483,49,8107,0.713029472264705,1549807434,11,47218,49,8083,1.2325992914211972,1556098299,9,47407,49,8125,0.49282707105976964,1545607201,3,47107,49,8100,0.31331468845268234,1562385046,5,47550,49,8140
0.17123833619991294,1558196104,11,47483,49,8107,0.713029472264705,1549807434,11,47218,49,8083,1.2325992914211972,1556098299,9,47407,49,8125,0.49282707105976964,1545607201,3,47107,49,8100,0.31331468845268234,1562385046,5,47550,49,8140
0.9170243778761717,1551904431,11,47291,49,8089,0.37389732981582935,1562388324,7,47575,49,8024,0.9665964493732941,1554000842,9,47295,49,8107,1.082254702868407,1553995919,3,47360,49,8054,1.1333547479991868,1556093095,5,47382,49,8125
0.9170243778761717,1551904431,11,47291,49,8089,0.37389732981582935,1562388324,7,47575,49,8024,0.9665964493732941,1554000842,9,47295,49,8107,1.082254702868407,1553995919,3,47360,49,8054,1.1333547479991868,1556093095,5,47382,49,8125
0.146759013597046,1558192647,5,47475,49,8129,0.2691481763245886,1560291039,7,47538,49,8080,0.2658914856950164,1560292751,9,47509,49,8174,0.665297666092379,1549801604,3,47192,49,8107,0.6239919180249216,1549802184,5,47168,49,8111
0.146759013597046,1558192647,5,47475,49,8129,0.2691481763245886,1560291039,7,47538,49,8080,0.2658914856950164,1560292751,9,47509,49,8174,0.665297666092379,1549801604,3,47192,49,8107,0.6239919180249216,1549802184,5,47168,49,8111
0.3890989575532758,1562389559,9,47579,49,8130,0.9755635893164003,1553999753,7,47332,49,8104,0.6232817716227751,1547709943,9,47149,49,8142,14.113801819061978,,,,,,1.0796020982719015,1556093732,5,47365,49,8048
0.3890989575532758,1562389559,9,47579,49,8130,0.9755635893164003,1553999753,7,47332,49,8104,0.6232817716227751,1547709943,9,47149,49,8142,0.9152882243894217,1551898358,3,47293,49,8102,1.0796020982719015,1556093732,5,47365,49,8048
0.7530171887023955,1549806386,9,47219,49,8096,0.46589600130932257,1547710568,12,47113,49,8090,0.9781213828956471,1554000392,9,47302,49,8134,1.0294203349606939,1553995090,2,47342,49,8151,0.2146854625980987,1560287475,5,47509,49,8118
0.7530171887023955,1549806386,9,47219,49,8096,0.46589600130932257,1547710568,12,47113,49,8090,0.9781213828956471,1554000392,9,47302,49,8134,1.0294203349606939,1553995090,2,47342,49,8151,0.2146854625980987,1560287475,5,47509,49,8118
0.7326180646381507,1549807705,11,47211,49,8161,0.12217374895406019,1558195891,11,47468,49,8046,0.19775869782714423,1558194696,8,47481,49,8141,0.026301218293670645,1556092886,3,47425,49,8109,0.631029560138822,1549802259,5,47171,49,8105
0.2301920717052828,1560292833,10,47505,49,8172,0,1558193683,7,47489,49,8011,0.8843883760551053,1551902932,7,47261,49,8112,0.5232194614267451,1547704553,3,47129,49,8125,1.2375921415801865,1558190763,5,47432,49,8110
0.2301920717052828,1560292833,10,47505,49,8172,0.1575645596663908,1558193683,7,47489,49,8011,0.8843883760551053,1551902932,7,47261,49,8112,0.5232194614267451,1547704553,3,47129,49,8125,1.2375921415801865,1558190763,5,47432,49,8110
0.5911514074194603,1547707493,6,47150,49,8108,1.0562417949149372,1556099225,12,47366,49,8130,0.15012727375234525,1558195199,9,47460,49,8112,0.6578529257022512,1549801668,3,47185,49,8114,0.22233466665363624,1560288126,5,47514,49,8105
0.5911514074194603,1547707493,6,47150,49,8108,1.0562417949149372,1556099225,12,47366,49,8130,0.15012727375234525,1558195199,9,47460,49,8112,0.6578529257022512,1549801668,3,47185,49,8114,0.22233466665363624,1560288126,5,47514,49,8105
1.157324741373098,1556096155,6,47391,49,8062,0.03659930227712702,1558196084,11,47443,49,8079,0.8742910480004847,1551904072,9,47256,49,8131,1.1717030119552614,,,,,8083,0.750057907804049,1551898910,5,7220,49,8151
0.29526330707925186,1562390691,13,47539,49,8122,1.027786388219007,1553999421,7,47349,49,8101,0.23947522820920356,1560292363,9,47496,49,8083,0.1537948096982314,1558190312,3,47480,49,8137,0.9081483370168769,1553996567,5,47294,49,8082
0.29526330707925186,1562390691,13,47539,49,8122,1.027786388219007,1553999421,7,47349,49,8101,0.23947522820920356,1560292363,9,47496,49,8083,0.1537948096982314,1558190312,3,47480,49,8137,0.9081483370168769,1553996567,5,47294,49,8082
0.625421349126119,1549808158,14,47166,49,8111,0.3230011811422835,1562390477,12,47563,49,8078,0.7271121107868875,1549803212,4,47195,49,8160,1.0806226208137266,1553995915,3,47361,49,8096,0.6222576074873176,1549802158,5,47169,49,8118
0.625421349126119,1549808158,14,47166,49,8111,0.3230011811422835,1562390477,12,47563,49,8078,0.7271121107868875,1549803212,4,47195,49,8160,1.0806226208137266,1553995915,3,47361,49,8096,0.6222576074873176,1549802158,5,47169,49,8118
0.37329081026339295,1562389629,9,47566,49,8129,0.08290534554502309,1558195869,11,47461,49,8067,0.08607468137160015,1558194777,8,47432,49,8149,1.1119332357772393,1556092403,3,47382,49,8097,0.5418842632750891,1547704607,5,47141,49,8106
0.37329081026339295,1562389629,9,47566,49,8129,0,155819589,11,47461,49,8067,0.08607468137160015,1558194777,8,47432,49,8149,1.1119332357772393,1556092403,3,47382,49,8097,0.5418842632750891,1547704607,5,47141,49,8106
0.377369553471554,1562389610,9,47574,49,8096,0.27445149368428906,1560293401,12,47543,49,8101,0.9328358396927696,1551902869,8,47282,49,8120,0.4178592986815962,1545607423,3,47083,49,8140,0.9292631204482443,1553996201,5,47295,49,8129
0.377369553471554,1562389610,9,47574,49,8096,0.27445149368428906,1560293401,12,47543,49,8101,0.9328358396927696,1551902869,8,47282,49,8120,0.4178592986815962,1545607423,3,47083,49,8140,0.9292631204482443,1553996201,5,47295,49,8129
0.511698153560415,1547709297,9,47113,49,12,0.5556510182966318,1547707240,6,47154,49,8129,0.6844791455306287,1549806635,9,47173,49,8165,0.9611853189109728,1553995806,3,47316,49,8110,1.2254537761634896,1558190740,5,47431,49,8148
0.511698153560415,1547709297,9,47113,49,12,0.5556510182966318,1547707240,6,47154,49,8129,0.6844791455306287,1549806635,9,47173,49,8165,0.9611853189109728,1553995806,3,47316,49,8110,1.2254537761634896,1558190740,5,47431,49,8148
0.9084568936259422,1551904855,11,47287,49,8133,0.08361914678487001,1558196741,12,47454,49,8051,0.6847840187950898,1549805661,7,47178,49,8134,1.0936773875107302,1553995345,3,47369,49,8120,0.7233349461784743,1549801758,5,47210,49,8103
1.1549788604769602,1556098938,11,47390,49,8142,0.40255723979090874,1562388037,6,47596,49,8059,0.5427057771189073,1547708232,7,47115,49,1,0.5884970115929056,1547704093,3,47154,49,8113,1.056652615312049,1556093383,5,47358,49,8113
1.1549788604769602,1556098938,11,47390,49,8142,0.40255723979090874,1562388037,6,47596,49,8059,0,1547708232,7,47115,49,1,0.5884970115929056,1547704093,3,47154,49,8113,1.056652615312049,1556093383,5,47358,49,8113
0.5588184142766799,1547707306,6,47139,49,8111,0.48292874039901773,1547710565,12,47120,49,8067,0.8570538417937226,1551902861,7,47249,49,8167,1.008307406719909,1553995440,3,47334,49,8081,0.2755761195174823,1562384880,5,47536,49,8102
0.5588184142766799,1547707306,6,47139,49,8111,0.48292874039901773,1547710565,12,47120,49,8067,0.8570538417937226,1551902861,7,47249,49,8167,1.008307406719909,1553995440,3,47334,49,8081,0.2755761195174823,1562384880,5,47536,49,8102
0.5344413353252715,1547706713,5,47130,49,8168,1.1015273306684634,1556098401,11,47383,49,8058,0.2945513853342379,1560291447,7,47524,49,8123,0.19194046310892857,1558189729,3,47498,49,8111,1.0880673419001665,1556093603,5,47370,49,8086
0.5344413353252715,1547706713,5,47130,49,8168,1.1015273306684634,1556098401,11,47383,49,8058,0.2945513853342379,1560291447,7,47524,49,8123,0.19194046310892857,1558189729,3,47498,49,8111,1.0880673419001665,1556093603,5,47370,49,8086
0.6043084282183501,1547709199,9,47154,49,8151,1.059097005743799,1556099418,12,47367,49,8126,1.2803329556598362,1558195313,10,47426,49,8146,0.7764741689647954,1549801082,3,47231,49,8118,1.1644627595570187,1556093602,5,47397,49,8127
0.6043084282183501,1547709199,9,47154,49,8151,1.059097005743799,1556099418,12,47367,49,8126,1.2803329556598362,1558195313,10,47426,49,8146,0.7764741689647954,1549801082,3,47231,49,8118,1.1644627595570187,1556093602,5,47397,49,8127
1.1278488125137553,1556098417,10,47373,49,8129,1.0357404431416004,1556099119,12,47356,49,8073,1.0767506257683976,1554000924,9,47342,49,17,0.21590859267823637,1560287335,3,47511,49,8101,1.1574251173473662,1556093536,5,47394,49,8142
1.1278488125137553,1556098417,10,47373,49,8129,1.0357404431416004,1556099119,12,47356,49,8073,1.0767506257683976,1554000924,9,47342,49,17,0.21590859267823637,1560287335,3,47511,49,8101,1.1574251173473662,1556093536,5,47394,49,8142
0.5267921275075259,1547710111,10,47122,49,8115,1.075927127366796,1556099245,12,47362,49,8080,0.9494614801289852,1551903485,9,47286,49,8122,1.0380900534105253,1553995727,3,47346,49,8134,1.1807816825845852,1556093760,5,47406,49,15
0.5267921275075259,1547710111,10,47122,49,8115,1.075927127366796,1556099245,12,47362,49,8080,0.9494614801289852,1551903485,9,47286,49,8122,1.0380900534105253,1553995727,3,47346,49,8134,1.1807816825845852,1556093760,5,47406,49,15
0.551066973686271,1547707482,6,47132,49,8078,0.2723101032462341,1560290508,6,47529,49,8108,0.3110747922219178,1560293076,10,47529,49,8162,1.1113216748153052,1556093093,3,47380,49,8119,0.5326048010153757,1547704917,5,47129,49,8164
0.6702997933513355,1549806550,9,47179,49,8072,0.11952116272919658,1558196162,12,47475,49,8113,0.922636278463797,1551903294,8,47277,49,8150,0.794730035244577,1551898460,3,47244,49,8153,0.9601666581285416,1553996818,5,47313,49,8160
0.356971888440163,1562388923,9,47555,49,8116,0.8234903280904616,1551905342,13,47253,49,8051,1.0767506257683976,1554001030,9,47342,49,8097,1.0723599841069995,1553996010,3,47362,49,8075,1.209443449707713,1558190589,5,47413,49,8103
0.356971888440163,1562388923,9,47555,49,8116,0.8234903280904616,1551905342,13,47253,49,8051,1.0767506257683976,1554001030,9,47342,49,8097,1.0723599841069995,1553996010,3,47362,49,8075,1.209443449707713,1558190589,5,47413,49,8103
0.7418993602456353,1551904895,13,47213,49,8164,0.9693419951552491,1554001673,11,47319,49,8014,0.8522598467920542,1551903934,9,47247,49,8132,0.6191979278739257,1547704629,3,47165,49,8141,1.0612421345791165,1556093552,5,47362,49,30
0.7418993602456353,1551904895,13,47213,49,8164,0.9693419951552491,1554001673,11,47319,49,8014,0.8522598467920542,1551903934,9,47247,49,8132,0.6191979278739257,1547704629,3,47165,49,8141,1.0612421345791165,1556093552,5,47362,49,30
0.9181471327096989,1554002303,14,47285,49,8187,0.7416893684517847,1551904556,11,47232,49,8054,0.45264403008379883,1562388232,7,47589,49,8106,0.2629284429102668,1560287266,3,47530,49,8079,0.8507263047856993,1551898952,5,47266,49,8117
0.26813326072129107,1560290095,5,47522,49,8141,1.004327590444673,1554001441,11,47337,49,8106,0.29302154583033074,1560292591,9,47522,49,8103,0.7413863492275464,1549801644,3,47223,49,8102,1.15140799090954,1556093860,5,47390,49,8139
0.26813326072129107,1560290095,5,47522,49,8141,1.004327590444673,1554001441,11,47337,49,8106,0.29302154583033074,1560292591,9,47522,49,8103,0.7413863492275464,1549801644,3,47223,49,8102,1.15140799090954,1556093860,5,47390,49,8139
0.8520535243070476,1551901798,6,47261,49,8118,1.2158639032826568,1558196544,13,47431,49,8136,0.08903213229056715,1558194845,8,47434,49,8170,0.8010538742359428,1551898693,3,47246,49,8170,0.941910798035425,1553996441,5,47300,49,8094
0,1551901798,6,47261,49,8118,1.2158639032826568,1558196544,13,47431,49,8136,0.08903213229056715,1558194845,8,47434,49,8170,0.8010538742359428,1551898693,3,47246,49,8170,0.941910798035425,1553996441,5,47300,49,8094
0.489360263996403,1547710332,11,47106,49,8154,0.7417916051705185,1551904842,12,47231,49,8061,0.1219767027274374,1558194880,8,47447,49,8114,0.16399437181840407,1558189599,3,47484,49,8116,1.2185202539001205,1558190748,5,47420,49,8075
0.9631259600018831,1553999007,6,47309,49,8123,1.194343903605874,1556096610,6,47410,49,8026,1.141619256213643,1556098119,9,47370,49,8150,0.4170432610687148,1545607215,3,,49,8065,0.13615050880135135,1558190531,5,47472,49,8090
0.9631259600018831,1553999007,6,47309,49,8123,1.194343903605874,1556096610,6,47410,49,8026,1.141619256213643,1556098119,9,47370,49,8150,0.4170432610687148,1545607215,3,47083,49,8065,0.13615050880135135,1558190531,5,47472,49,8090
0.37920428217291174,1562390254,10,47578,49,8093,1.0251337966772154,1554002124,12,47349,49,8063,0.6803989574948448,1549806717,9,47172,49,8105,0.32422805697747964,1560287589,3,47553,49,8069,0.735371042479226,1551899034,5,47217,49,8115
0.14196501935878908,1558192745,5,47472,49,8107,0.24946285665457446,1560291434,7,47530,49,8100,0.47538903412167605,1562389280,8,47598,49,8184,0.6219509102658618,1547704582,3,47170,49,8132,0.15817983712187275,1560287987,5,47492,49,8083
0.14196501935878908,1558192745,5,47472,49,8107,0.24946285665457446,1560291434,7,47530,49,8100,0.47538903412167605,1562389280,8,47598,49,8184,0.6219509102658618,1547704582,3,47170,49,8132,0.15817983712187275,1560287987,5,47492,49,8083
1.0968411674431569,1556099147,11,47366,49,8111,0.6941601970379383,1549805698,7,47210,49,8097,0.4980318073776151,1545612169,9,47096,49,8144,0.9981078447117059,1553995865,3,47330,49,8103,0.9784243670404771,1553996465,5,47322,49,8090
0.26323702009397115,1560290313,6,47523,49,8142,0.2493606167293841,1560293619,12,47523,49,8107,0.9992343142084807,1554001094,9,47310,49,8144,0.6508152811466715,1549801127,3,47183,49,8077,1.239938008823666,1558190994,5,47438,49,8115
0.26323702009397115,1560290313,6,47523,49,8142,0.2493606167293841,1560293619,12,47523,49,8107,0.9992343142084807,1554001094,9,47310,49,8144,0.6508152811466715,1549801127,3,47183,49,8077,1.239938008823666,1558190994,5,47438,49,8115
0.3727796182333482,1562386867,5,47569,49,8150,0.0391496649074662,1558194074,7,47440,49,8126,1.0774644281416312,1554001060,9,47343,49,8140,0.7570937101035208,1549801459,3,47229,49,8116,1.0380900343079746,1556093734,5,47353,49,8124
0.3727796182333482,1562386867,5,47569,49,8150,0.0391496649074662,1558194074,7,47440,49,8126,1.0774644281416312,1554001060,9,47343,49,8140,0.7570937101035208,1549801459,3,47229,49,8116,1.0380900343079746,1556093734,5,47353,49,8124
0.3213747174464232,1560293175,11,47545,49,8077,0.655912309435551,1549806763,10,47193,49,8059,0.9766937786758156,1554000528,9,47299,49,8147,0.16776785555928458,1558189856,3,47487,49,8150,0.7912632381388925,1551899159,5,47245,49,8091
0.3213747174464232,1560293175,11,47545,49,8077,0.655912309435551,1549806763,10,47193,49,8059,0.9766937786758156,1554000528,9,47299,49,8147,0.16776785555928458,1558189856,3,47487,49,8150,0.7912632381388925,1551899159,5,47245,49,8091
0.20591722680509084,1560293391,12,47493,49,8083,0.053632034376519463,1558194191,7,47450,49,8109,0.8734750111706522,1551903947,9,47255,49,8101,0.7859580795834298,1551898793,3,47242,49,8104,0.5906384046934098,1549802110,5,47164,49,8114
0.20591722680509084,1560293391,12,47493,49,8083,0.053632034376519463,1558194191,7,47450,49,8109,0.8734750111706522,1551903947,9,47255,49,8101,0.7859580795834298,1551898793,3,47242,49,8104,0.5906384046934098,1549802110,5,47164,49,8114
0.45641570022442474,1547711068,14,47093,49,8102,1.1804712163615023,1556099428,12,47418,49,8090,1.1134686834491936,1554001033,9,47358,4,8155,14.011911545467875,1549801923,3,47229,49,8113,0,1553996936,5,47304,49,8183
0.45641570022442474,1547711068,14,47093,49,8102,1.1804712163615023,1556099428,12,47418,49,8090,1.1134686834491936,1554001033,9,47358,49,8155,0.7611739040206099,1549801923,3,47229,49,8113,0.9296701987707046,1553996936,5,47304,49,8183
0.08739819713001029,1558193388,6,47446,49,8149,0.7229223264533006,1549804300,6,47224,49,8123,1.1244842848752818,1556096887,7,47363,49,8125,0.3361600603041739,1545606950,3,47052,49,8135,1.0566544715958333,1556093559,5,47355,49,8131
0.08739819713001029,1558193388,6,47446,49,8149,0.7229223264533006,1549804300,6,47224,49,8123,1.1244842848752818,1556096887,7,47363,49,8125,0.3361600603041739,1545606950,3,47052,49,8135,1.0566544715958333,1556093559,5,47355,49,8131
0.4234711393867589,1562386854,5,47591,49,8125,0,1549806379,8,47207,49,8075,0.17042416428075255,1558195442,9,47469,49,8129,0.3356507405486343,1543509615,3,47049,49,8130,0.3152534741545455,1562384891,5,47552,49,8148
0.8066657499003517,1551900734,5,47242,49,8158,0,1549807816,12,47210,49,8090,0.494972118155652,1545611313,7,47095,49,8159,1.2209665017973903,1556093209,3,47425,49,8106,0.9130445538960655,1553996397,4,47301,49,8118
0.8066657499003517,1551900734,5,47242,49,8158,0.6859998087351833,1549807816,12,47210,49,8090,0.494972118155652,1545611313,7,47095,49,8159,1.2209665017973903,1556093209,3,47425,49,8106,0.9130445538960655,1553996397,4,47301,49,8118
0.9149852127765618,1551901736,6,47284,49,8118,0.3302414234763884,1562390545,12,47570,49,8117,0.5488251511582359,1547708951,8,47119,49,8145,0.5341328232023389,1547704593,3,47135,49,8089,1.197507670797064,1558190721,5,47424,49,8175
0.9149852127765618,1551901736,6,47284,49,8118,0.3302414234763884,1562390545,12,47570,49,8117,0.5488251511582359,1547708951,8,47119,49,8145,0.5341328232023389,1547704593,3,47135,49,8089,1.197507670797064,1558190721,5,47424,49,8175
0.15960931608702264,1558196001,11,47482,49,8136,0.46956725947376415,1547710141,11,47116,49,8085,0.9290623518433502,1551904097,9,47279,49,8118,0.3691051480995259,1545606729,3,47065,49,8170,0.7100756826462964,1549801683,5,47211,49,8017
0.15960931608702264,1558196001,11,47482,49,8136,0.46956725947376415,1547710141,11,47116,49,8085,0.9290623518433502,1551904097,9,47279,49,8118,0.3691051480995259,1545606729,3,47065,49,8170,0.7100756826462964,1549801683,5,47211,49,8017
0.8675564150283768,1551904837,14,47269,49,8153,0,1556099471,13,47378,49,8142,0.38767282474601683,1562389294,8,47563,49,8091,0.6731513431408829,1549802033,3,47196,49,8150,0.7366964092722619,1549802187,5,47222,49,8128
0.8675564150283768,1551904837,14,47269,49,8153,1.0915322462365484,1556099471,13,47378,49,8142,0.38767282474601683,1562389294,8,47563,49,8091,0.6731513431408829,1549802033,3,47196,49,8150,0.7366964092722619,1549802187,5,47222,49,8128
1.1643623906205318,1556099320,14,47391,49,8095,0,1558195697,11,47429,49,8052,0.826659622106458,1551902767,8,47235,49,8136,0.6324571737040995,1547704511,3,47171,49,8137,0.3384055566857449,1545607994,5,47055,49,8059
1.1643623906205318,1556099320,14,47391,49,8095,1.2095400615727225,1558195697,11,47429,49,8052,0.826659622106458,1551902767,8,47235,49,8136,0.6324571737040995,1547704511,3,47171,49,8137,0.3384055566857449,1545607994,5,47055,49,8059
0.3326951680124901,1562390281,11,47553,49,8095,0,1560293491,12,47496,49,8070,1.2652371496550499,1556097754,9,47423,49,8095,0.6625446840314908,1549801791,3,47188,49,8087,1.3191886293084014,1558190940,5,47471,49,8173
0.3326951680124901,1562390281,11,47553,49,8095,0.162460802308913,1560293491,12,47496,49,8070,1.2652371496550499,1556097754,9,47423,49,8095,0.6625446840314908,1549801791,3,47188,49,8087,1.3191886293084014,1558190940,5,47471,49,8173
0.9675128686197915,1554001556,10,47305,49,8149,0,1560292703,10,47528,49,8078,0.4947676558666922,1545612427,9,47097,49,8118,0.7603578652482947,1549801605,3,47229,49,8143,1.076440158802534,1556093309,4,47371,49,8118
0.9675128686197915,1554001556,10,47305,49,8149,0.2383450119311927,1560292703,10,47528,49,8078,0.4947676558666922,1545612427,9,47097,49,8118,0.7603578652482947,1549801605,3,47229,49,8143,1.076440158802534,1556093309,4,47371,49,8118
0.12013829214044949,1558192685,5,47461,49,8114,1.0987743639915735,1556098568,11,47380,49,8106,0.6827448368030936,1549806552,9,47174,49,8140,0.4735488605847579,1545607146,3,47105,49,8101,0.5366849758295091,1547704621,5,47135,49,8095
0.12013829214044949,1558192685,5,47461,49,8114,1.0987743639915735,1556098568,11,47380,49,8106,0.6827448368030936,1549806552,9,47174,49,8140,0.4735488605847579,1545607146,3,47105,49,8101,0.5366849758295091,1547704621,5,47135,49,8095
0.5219981356999749,1547710067,10,47120,49,8078,0.8764250548008695,1554001597,12,47288,49,8134,0.9469111242237866,1551903280,8,47289,49,8061,0.2215186324726499,1560286616,3,47512,49,8172,0.15043025365598342,1558190938,5,47482,49,8114
0.5219981356999749,1547710067,10,47120,49,8078,0.8764250548008695,1554001597,12,47288,49,8134,0.9469111242237866,1551903280,8,47289,49,8061,0.7651518621654462,1549801584,3,47230,49,8106,0.15043025365598342,1558190938,5,47482,49,8114
0.6331728053942058,1549808208,14,47166,49,8119,0.28087757821196124,1560293440,12,47543,49,8122,1.1953700402274958,1556097360,8,47397,49,8122,0.791977059448793,1549801192,3,47239,49,8125,0.5893130254658467,1549801328,4,47163,49,8091
0.6331728053942058,1549808208,14,47166,49,8119,0.28087757821196124,1560293440,12,47543,49,8122,1.1953700402274958,1556097360,8,47397,49,8122,0.791977059448793,1549801192,3,47239,49,8125,0.5893130254658467,1549801328,4,47163,49,8091
0.4853823124564149,1545612612,10,47103,49,8103,0.4641616913787093,1547710560,12,47114,49,8137,1.0156554777764488,1554001316,9,47319,49,8130,0.9338507915718822,1551898892,4,47304,49,8090,0.7934046412153326,1551899586,5,47250,49,8118
0.4853823124564149,1545612612,10,47103,49,8103,0.4641616913787093,1547710560,12,47114,49,8137,1.0156554777764488,1554001316,9,47319,49,8130,0.9338507915718822,1551898892,4,47304,49,8090,0.7934046412153326,1551899586,5,47250,49,8118
0,1556099083,13,47403,49,8123,0.8422573644714874,1551902782,7,47263,49,8097,0.39562874454482344,1562388486,7,47566,49,8171,0.16766561742985855,1558190058,3,47488,49,8121,0.8720436890927331,1551899476,5,47279,49,8082
0,1556099083,13,47403,49,8123,0.8422573644714874,1551902782,7,47263,49,8097,0.39562874454482344,1562388486,7,47566,49,8171,0.16766561742985855,1558190058,3,47488,49,8121,0.8720436890927331,1551899476,5,47279,49,8082
1.0662424832406558,1554001305,10,47352,49,8095,0.5118953349120395,1547710234,11,47134,49,8062,0.07985307510218995,1558194329,8,47430,49,8177,0.7052798669572361,1549801535,3,47209,49,8141,0.29260882454053544,1562385074,5,47552,49,8130
1.0662424832406558,1554001305,10,47352,49,8095,0.5118953349120395,1547710234,11,47134,49,8062,0.07985307510218995,1558194329,8,47430,49,8177,0.7052798669572361,,,,,8141,0.29260882454053544,1562385074,5,47552,49,8130
0.3054628795916777,1560293003,11,47539,49,8129,0.5518775342955542,1547710094,11,47142,49,8046,0.47141107469951227,1545612311,9,47087,49,8121,0.4914998678228077,1545606313,3,47113,49,8124,1.1161175256411706,1556092809,5,47382,49,8059
0.3054628795916777,1560293003,11,47539,49,8129,0.5518775342955542,1547710094,11,47142,49,8046,0.47141107469951227,1545612311,9,47087,49,8121,0.4914998678228077,1545606313,3,47113,49,8124,1.1161175256411706,1556092809,5,47382,49,8059
0.8180902939413196,1551904537,11,47241,49,8117,0.689672905099342,1549805622,7,47207,49,8094,0.9383436388685761,1551903349,8,47285,49,8151,0.32208477727330637,1560287165,3,47558,49,8128,1.097655323888258,1556092687,5,47379,49,8136
0.8180902939413196,1551904537,11,47241,49,8117,0.689672905099342,1549805622,7,47207,49,8094,0.9383436388685761,1551903349,8,47285,49,8151,0.32208477727330637,1560287165,3,47558,49,8128,1.097655323888258,1556092687,5,47379,49,8136
0.5931905979589427,1547709494,9,47150,49,8144,0.40877882937018467,1562388290,7,47603,49,8122,1.133561094191278,1556097833,9,47371,49,8141,1.0511448200211093,1553995986,3,47354,49,8066,0.6566297604178697,1549801676,5,47191,49,8130
0.17460288022396145,1558194784,9,47486,49,6,0,1556098918,12,47378,49,8145,0.6512278774251502,1547708821,8,47164,49,8130,0.07882700643955526,1558190391,3,47455,49,8109,0.9379309636057914,1553996602,5,47313,49,8118
0.17460288022396145,1558194784,9,47486,49,6,1.0804143944722724,1556098918,12,47378,49,8145,0.6512278774251502,1547708821,8,47164,49,8130,0.07882700643955526,1558190391,3,47455,49,8109,0.9379309636057914,1553996602,5,47313,49,8118
0.7614824478526367,1549807469,11,47220,49,8071,0.1504246759831969,1560293989,13,47496,49,8123,1.1507983009267635,1556098165,9,47378,49,8153,1.1566072057007761,1556093448,4,47400,49,8117,0.8918312477418088,1551899012,5,47285,49,8158
0.21519851740349358,1560293131,11,47496,49,8098,0.5489200782374408,1547709571,11,47149,49,8056,0.5215928419440715,1547709255,9,47109,49,8120,1.0848031878849917,1553995571,3,47368,49,8101,0.8959095874071231,1553996629,5,47293,49,8109
0,1560293131,11,47496,49,8098,0.5489200782374408,1547709571,11,47149,49,8056,0.5215928419440715,1547709255,9,47109,49,8120,1.0848031878849917,1553995571,3,47368,49,8101,0.8959095874071231,1553996629,5,47293,49,8109
0.8324704412260667,1551904398,10,47252,49,8091,0.9035550952517265,1554002265,12,47304,49,8092,1.0658372524258413,1554001081,9,47341,49,8161,0.9484354008190164,1553995814,4,47313,49,8100,0.9000901608444803,1553996527,5,47300,49,8084
0.8324704412260667,1551904398,10,47252,49,8091,0.9035550952517265,1554002265,12,47304,49,8092,1.0658372524258413,1554001081,9,47341,49,8161,0.9484354008190164,1553995814,4,47313,49,8100,0.9000901608444803,1553996527,5,47300,49,8084
0.6785605796246607,1549807212,10,47185,49,8104,0.5987951334828018,1549807682,12,47172,49,8062,0.6818265603228073,1549806371,8,47178,49,8118,0.09392280433608019,1558190029,3,47459,49,8106,0.17337786512920175,1560288276,5,47499,49,8157
0.6785605796246607,1549807212,10,47185,49,8104,0.5987951334828018,1549807682,12,47172,49,8062,0.6818265603228073,1549806371,8,47178,49,8118,0.09392280433608019,1558190029,3,47459,49,8106,0.17337786512920175,1560288276,5,47499,49,8157
0.311786720982228,1560292476,10,47541,49,8116,1.0803121541874638,1556099841,13,47379,49,8083,0.33626791262691585,1560292560,10,47542,49,8142,0.14267697032252238,1558190764,3,47477,49,8101,0.37318712299862195,1545607808,5,47068,49,8065
0.5923745599509249,1547707676,6,47150,49,8100,0.295359932176757,1560292537,11,47555,49,8076,0.4133756208558951,1562389462,8,47578,49,8130,0.03395042317872351,1556092839,3,47431,49,8099,0.4309158718209647,1545607765,5,47094,49,8111
0.5923745599509249,1547707676,6,47150,49,8100,0.295359932176757,1560292537,11,47555,49,8076,0.4133756208558951,1562389462,8,47578,49,8130,0.03395042317872351,1556092839,3,47431,49,8099,0.4309158718209647,1545607765,5,47094,49,8111
0.6860071574287103,1549807388,11,47184,49,8144,0.1164614680798263,1558194065,7,47477,49,8080,0.9398734773302593,1551903510,9,47288,49,8182,0.3328977791046016,1543509833,3,47044,49,8130,1.008409615024819,1556093262,5,47344,49,8065
0.6860071574287103,1549807388,11,47184,49,8144,0.1164614680798263,1558194065,7,47477,49,8080,0.9398734773302593,1551903510,9,47288,49,8182,0.3328977791046016,1543509833,3,47044,49,8130,1.008409615024819,1556093262,5,47344,49,8065
0.8486871351275431,1551904888,11,47261,49,8161,1.1876110882021462,1556096617,7,47423,49,8075,0.3129113396068201,1560291541,7,47531,49,8137,0.6269493741150758,1547704707,3,47169,49,8068,0.47915886309609595,1547705129,5,47117,49,8081
1.0245259549140848,1554002485,15,47337,49,8168,1.00850814566111,1553999811,7,47347,49,8062,0.8851021741035359,1551900411,4,47265,49,8150,0.794730035244577,1549801393,3,47244,49,8140,1.12835624639698,1556093880,5,47392,49,8154
1.0245259549140848,1554002485,15,47337,49,8168,1.00850814566111,1553999811,7,47347,49,8062,0.8851021741035359,1551900411,4,47265,49,8150,0.794730035244577,1549801393,3,47244,49,8140,1.12835624639698,1556093880,5,47392,49,8154
0.154001139507762,1558196032,11,47472,49,8141,0.8960081300263907,1554002022,12,47298,49,8035,0.2735406879893525,1560291980,8,47517,49,8185,0.9968828517503977,1553995826,3,47334,49,8148,0.5787063572182717,1547704741,5,47157,49,8124
0.154001139507762,1558196032,11,47472,49,8141,0.8960081300263907,1554002022,12,47298,49,8035,0.2735406879893525,1560291980,8,47517,49,8185,0.9968828517503977,1553995826,3,47334,49,8148,0.5787063572182717,1547704741,5,47157,49,8124
0.11381444965845841,1560293278,14,47460,49,8167,0.31433145611964836,1560290212,6,47553,49,8066,0.5785055575960675,1547709195,8,47137,49,8149,0.7205801304450942,1549801894,3,47211,49,8079,0.9140650629129005,1553996676,5,47301,49,8138
0.11381444965845841,1560293278,14,47460,49,8167,0.31433145611964836,1560290212,6,47553,49,8066,0.5785055575960675,1547709195,8,47137,49,8149,0.7205801304450942,1549801894,3,47211,49,8079,0.9140650629129005,1553996676,5,47301,49,8138
0.1610387777117573,1558197173,15,47477,49,8119,0.8381771614949833,1551905340,13,47273,49,8140,0.8421625075885589,1551903452,8,47248,49,8063,0.35360174483607926,1545607139,3,47057,49,8139,1.1172384039044878,1556094182,5,47389,49,8081
0.1610387777117573,1558197173,15,47477,49,8119,0.8381771614949833,1551905340,13,47273,49,8140,0.8421625075885589,1551903452,8,47248,49,8063,0.35360174483607926,1545607139,3,47057,49,8139,1.1172384039044878,1556094182,5,47389,49,8081
0.6350093439976233,1549808301,14,47166,49,8182,0.7403639903376749,1551904532,11,47232,49,8078,0.1352359390691692,1558195005,8,47459,49,8114,0.4073530417898409,1545607579,3,47082,49,8109,0.4751809119599067,1547705123,5,47114,49,8119
0.5523923485232086,1547707856,7,47136,49,8112,0.20529820124944273,1560291293,7,47518,49,8111,0.43377473959269525,1562389675,9,47588,49,8142,0.04078359101436395,1558189847,3,47436,49,8140,0.6729505292931611,1549802432,5,47191,49,8144
0.5523923485232086,1547707856,7,47136,49,8112,0.20529820124944273,1560291293,7,47518,49,8111,0.43377473959269525,1562389675,9,47588,49,8142,0.04078359101436395,1558189847,3,47436,49,8140,0.6729505292931611,1549802432,5,47191,49,8144
1.1071429689259549,1556098689,11,47369,49,8138,0,1558192867,6,47489,49,8098,0.5621866223714826,1547709585,9,47129,49,8091,0.03935598664592295,1558190211,4,47434,49,8142,1.1925091875253806,1558190847,5,47425,49,8066
1.1071429689259549,1556098689,11,47369,49,8138,0.14542807181405873,1558192867,6,47489,49,8098,0.5621866223714826,1547709585,9,47129,49,8091,0.03935598664592295,1558190211,4,47434,49,8142,1.1925091875253806,1558190847,5,47425,49,8066
0.5065974676855228,1547709281,9,47113,49,8128,0,1560293545,12,47483,49,8117,0.8093201725849907,1551903506,9,47234,49,8154,0.03445975150621343,1558189678,3,47434,49,8042,0.5321958519884474,1547705239,5,47139,49,8133
0.5065974676855228,1547709281,9,47113,49,8128,0.12237635244031697,1560293545,12,47483,49,8117,0.8093201725849907,1551903506,9,47234,49,8154,0.03445975150621343,1558189678,3,47434,49,8042,0.5321958519884474,1547705239,5,47139,49,8133
1.1057153660307462,1556098881,11,47367,49,8058,0,1560293686,12,47496,49,8128,1.0915397032729823,1554000578,9,47355,49,8072,0.030379555403791607,1558189799,3,47434,49,8101,1.0591007153438492,1556093799,5,47365,49,8084
0.5934972927122165,1547707649,6,47149,49,8106,0,1560293470,12,47533,49,8142,0.21907609192006944,1560290940,7,47493,49,8103,0.03374594935530142,1558189819,4,47433,49,8142,0.44560273394743954,1547704712,5,47100,49,8088
0.5934972927122165,1547707649,6,47149,49,8106,0.24691248964216525,1560293470,12,47533,49,8142,0.21907609192006944,1560290940,7,47493,49,8103,0.03374594935530142,1558189819,4,47433,49,8142,0.44560273394743954,1547704712,5,47100,49,8088
0.27476194693612804,1560290632,6,47530,49,8134,0.13063899215229946,1558193339,6,47481,49,8096,1.0093316296720392,1554000434,8,47321,49,8153,0.10004216874200927,1558189738,3,47463,49,8104,1.049207869925407,1553995866,5,47358,49,8112
0.27476194693612804,1560290632,6,47530,49,8134,0.13063899215229946,1558193339,6,47481,49,8096,1.0093316296720392,1554000434,8,47321,49,8153,0.10004216874200927,1558189738,3,47463,49,8104,1.049207869925407,1553995866,5,47358,49,8112
0.9968865683075944,1554001492,10,47322,49,8144,0.32126685964818297,1562390977,13,47564,49,8114,1.043092240430825,1553999753,7,47334,49,8157,0.18673937690631165,1558190089,3,47493,49,8126,0.4144947118516824,1545607595,5,47085,49,8150
0.9968865683075944,1554001492,10,47322,49,8144,0.32126685964818297,1562390977,13,47564,49,8114,1.043092240430825,1553999753,7,47334,49,8157,0.18673937690631165,1558190089,3,47493,49,8126,0.4144947118516824,1545607595,5,47085,49,8150
0.45488585463859077,1562387279,6,47605,49,8119,0.5212788525759151,1547708394,7,47139,49,8099,1.1783373042019647,1556097820,8,47391,49,8085,0.19693707070252078,1560286939,3,47505,49,8113,0.9364011224922224,1553996439,5,47312,49,8103
0.45488585463859077,1562387279,6,47605,49,8119,0.5212788525759151,1547708394,7,47139,49,8099,1.1783373042019647,1556097820,8,47391,49,8085,0.19693707070252078,1560286939,3,47505,49,8113,0.9364011224922224,1553996439,5,47312,49,8103
0.5128190702926804,1547710046,10,47117,49,8066,1.0707241560434637,1556098635,11,47368,49,8079,0.9030531818352939,1551903966,9,47274,49,8107,0.7925886402130735,1549801310,3,47236,49,8145,0.7511787896809562,1551898351,5,47232,49,8148
0.5128190702926804,1547710046,10,47117,49,8066,1.0707241560434637,1556098635,11,47368,49,8079,0.9030531818352939,1551903966,9,47274,49,8107,0.7925886402130735,1549801310,3,47236,49,8145,0.7511787896809562,1551898351,5,47232,49,8148
0.5337275326561426,1547707644,6,47128,49,8132,0.43682716272096633,1545609899,5,47095,49,8036,0.8704153173033217,1551902802,7,47258,49,8134,0.12360322643703082,1558190413,3,47467,49,8075,0.5575934332703736,1547705023,5,47147,49,8118
0.9731210458990542,1554001997,14,47316,49,8151,0.3372796880387069,1562391313,13,47575,49,8080,0.9737363214854151,1554001162,10,47301,49,8143,0.29250662510550113,1560287673,3,47539,49,8080,0.8907084955944625,1551899225,5,47289,49,8102
0.9731210458990542,1554001997,14,47316,49,8151,0,1562390774,12,47557,49,8137,0.9737363214854151,1554001162,10,47301,49,8143,0.29250662510550113,1560287673,3,47539,49,8080,0.8907084955944625,1551899225,5,47289,49,8102
0.8769399334103958,1551901919,6,47275,49,8120,0.62133566573817,1549807548,12,47182,49,8059,0.8678649661191128,1551904104,9,47259,49,8158,0.935585121648855,1551898309,3,47298,49,8111,0.682332209775908,1549802177,5,47204,49,8079
0.8769399334103958,1551901919,6,47275,49,8120,0.62133566573817,1549807548,12,47182,49,8059,0.8678649661191128,1551904104,9,47259,49,8158,0.935585121648855,1551898309,3,47298,49,8111,0.682332209775908,1549802177,5,47204,49,8079
0.6087957185238229,1547710212,11,47160,49,8127,0,1554001870,12,47289,49,8117,0.2079582538951106,1558194359,8,47489,49,8164,1.2235168764549362,1556092777,3,47419,49,8140,0.13512997577473077,1560287649,5,47481,49,8062
0.6087957185238229,1547710212,11,47160,49,8127,0.8756090119930667,1554001870,12,47289,49,8117,0.2079582538951106,1558194359,8,47489,49,8164,1.2235168764549362,1556092777,3,47419,49,8140,0.13512997577473077,1560287649,5,47481,49,8062
0.5208772152355005,1547710298,11,47118,49,8109,0.7127227595513068,1549805672,7,47214,49,8102,1.1019437436044202,1554000678,8,47356,49,8130,0.1922471909341029,1558190393,4,47490,49,8089,0.7022219993378378,1549802052,5,47209,49,8154
0.20438552121709738,1560293324,11,47501,49,8143,0.8913163727504251,1554002009,12,47295,49,8078,0.3542189196475066,1560291837,8,47551,49,8098,0.3551315994820274,1545607026,4,47053,49,8113,1.1906745071561482,1556093757,5,47420,49,8087
0.20438552121709738,1560293324,11,47501,49,8143,0.8913163727504251,1554002009,12,47295,49,8078,0.3542189196475066,1560291837,8,47551,49,8098,0.3551315994820274,1545607026,4,47053,49,8113,1.1906745071561482,1556093757,5,47420,49,8087
1.0632850318933096,1556099867,15,47352,49,8087,1.0224811911847074,1556099008,12,47353,49,8108,0.777905447875267,1549805288,7,47221,49,21,0.5214851637233441,1547704277,3,47126,49,8052,0.46620631779944965,1547704732,5,47107,49,8185
1.0632850318933096,1556099867,15,47352,49,8087,1.0224811911847074,1556099008,12,47353,49,8108,0.777905447875267,1549805288,7,47221,49,21,0.5214851637233441,1547704277,3,47126,49,8052,0.46620631779944965,1547704732,5,47107,49,8185
0.5059858921007974,1547710220,11,47112,49,8104,0.829405207742544,1551903554,8,47270,49,8130,1.240962291609995,1556097921,9,47417,49,8116,0.4253040630122044,1545606736,3,47085,49,8096,0.5952297587486118,1549802145,5,47162,49,8142
0.5059858921007974,1547710220,11,47112,49,8104,0.829405207742544,1551903554,8,47270,49,8130,1.240962291609995,1556097921,9,47417,49,8116,0.4253040630122044,1545606736,3,47085,49,8096,0.5952297587486118,1549802145,5,47162,49,8142
1.0225890179869304,1553998914,6,47335,49,8102,0.5268888858893543,1547708622,7,47140,49,8061,0.1876613580524425,1558195341,9,47483,49,8085,0.21896828869661783,1560287364,3,47508,49,8117,0.6375578464319653,1549802161,5,47179,49,8084
1.0225890179869304,1553998914,6,47335,49,8102,0.5268888858893543,1547708622,7,47140,49,8061,0.1876613580524425,1558195341,9,47483,49,8085,0.21896828869661783,1560287364,3,47508,49,8117,0.6375578464319653,1549802161,5,47179,49,8084
0.12656436466558904,1558193120,6,47464,49,8104,1.0511410742266492,1556099215,12,47368,49,8045,0.19051656765412897,1558195079,9,47487,49,8129,0.9651632982326492,1553995768,3,47310,49,8059,0.4660018524372694,1547705059,5,47109,49,8099
0.12656436466558904,1558193120,6,47464,49,8104,1.0511410742266492,1556099215,12,47368,49,8045,0.19051656765412897,1558195079,9,47487,49,8129,0.9651632982326492,1553995768,3,47310,49,8059,0.4660018524372694,1547705059,5,47109,49,8099
1.013205494625801,1553998442,5,47331,49,8117,0.14461203535442463,1558196214,11,47480,49,8078,0.26191351280658887,1560293061,10,47515,49,8161,0.5087370890678878,1545606777,3,47113,49,8101,0.9563931583084749,1553996589,5,47316,49,8139
1.013205494625801,1553998442,5,47331,49,8117,0.14461203535442463,1558196214,11,47480,49,8078,0.26191351280658887,1560293061,10,47515,49,8161,0.5087370890678878,1545606777,3,47113,49,8101,0.9563931583084749,1553996589,5,47316,49,8139
0.7012033428682424,1549804497,6,47198,49,8117,0.492923820638989,1547708056,6,47129,49,8152,0.48538411825445543,1545611710,8,47100,49,8065,0.9247740002523536,1551898237,3,47290,49,8095,0.3538066919943499,1545607650,5,47064,49,8128
0.7012033428682424,1549804497,6,47198,49,8117,0.492923820638989,1547708056,6,47129,49,8152,0.48538411825445543,1545611710,8,47100,49,8065,0.9247740002523536,1551898237,3,47290,49,8095,0.3538066919943499,1545607650,5,47064,49,8128
0.9786288468674559,1553998631,5,47318,49,8155,0.8795869711821984,1551904151,11,47290,49,8072,0.8507299895046727,1551904131,9,47254,49,8118,0.2454867812222696,1560287128,3,47518,49,8125,0.2642556546553146,1560287535,5,47534,49,8111
0.9786288468674559,1553998631,5,47318,49,8155,0.8795869711821984,1551904151,11,47290,49,8072,0.8507299895046727,1551904131,9,47254,49,8118,0.2454867812222696,1560287128,3,47518,49,8125,0.2642556546553146,1560287535,5,47534,49,8111
0.9049882662457437,1551901123,6,47288,49,8145,1.0449213516667428,1553999571,7,47357,49,8070,0.38930489133650853,1562388794,8,47570,49,8154,0.7508721270756146,1549801822,3,47219,49,8116,1.0108577395882348,1553996109,5,47342,49,8112
0.9049882662457437,1551901123,6,47288,49,8145,1.0449213516667428,1553999571,7,47357,49,8070,0.38930489133650853,1562388794,8,47570,49,8154,0.7508721270756146,1549801822,3,47219,49,8116,1.0108577395882348,1553996109,5,47342,49,8112
0.4342822693406363,1562386730,5,47599,49,18,0.2745537208730091,1562390878,13,47546,49,8112,0.8029963296845041,1551903607,9,47234,49,8068,0.07597181941769529,1558190328,3,47444,49,8097,0.5766653498380725,1547704662,5,47159,49,8090
0.4342822693406363,1562386730,5,47599,49,18,0.2745537208730091,1562390878,13,47546,49,8112,0.8029963296845041,1551903607,9,47234,49,8068,0.07597181941769529,1558190328,3,47444,49,8097,0.5766653498380725,1547704662,5,47159,49,8090
0.8037082964665755,1551904272,10,47241,49,8105,0.964854688856617,1554000046,7,47330,49,8111,0.6567356661726503,1549806391,9,47172,49,8081,1.0976553665298745,1553995767,3,47363,49,8163,0.5984920792017006,1549801871,5,47169,49,8104
0.8037082964665755,1551904272,10,47241,49,8105,0.964854688856617,1554000046,7,47330,49,8111,0.6567356661726503,1549806391,9,47172,49,8081,1.0976553665298745,1553995767,3,,49,8163,0.5984920792017006,1549801871,5,47169,49,8104
0.6168538660537085,1547707014,6,47161,49,8136,0.3053550014880445,1560290104,6,47556,49,8009,1.0861341353731404,1554001130,9,47354,49,8132,0.4939480000470864,1545607464,3,47106,49,8108,0.25864561408485276,1560287904,5,47533,49,8105
0.04904805997687094,1558195978,11,47432,49,8108,0.3169821614390565,1562390643,12,47570,49,8042,0.2867999346341841,1560292638,9,47523,49,8155,0.7689253684713064,1549801207,3,47226,49,8084,0.7366945621407482,1551899094,5,47230,49,8112
0,1558196874,15,47407,49,8134,0.6158278527559607,1549808038,13,47184,49,8163,1.197920394337711,1556097239,7,47398,49,8120,0.21284893117237347,1560286835,3,47502,49,8136,0.48374839662990576,1547705405,5,47118,49,8151
0.6798859468482658,1549804804,6,47191,49,8095,0.7819782608893131,1551904067,10,47243,49,8024,0.2587515996743852,1560292617,9,47510,49,8123,0.9688345445444163,1553995953,3,47314,49,8125,1.1975076763506878,1558190755,5,47422,49,8118
0.6798859468482658,1549804804,6,47191,49,8095,0.7819782608893131,1551904067,10,47243,49,8024,0.2587515996743852,1560292617,9,47510,49,8123,0.9688345445444163,1553995953,3,47314,49,8125,1.1975076763506878,1558190755,5,47422,49,8118
0.17164542803012878,1560293659,14,47486,49,8115,0.9342560059022624,1553999824,7,47318,49,8117,0.5246525290546321,1547709105,8,47111,49,8100,0.17949727778607796,1558190468,3,47485,49,8093,0.5936999236289078,1547704878,5,47158,49,8088
0.17164542803012878,1560293659,14,47486,49,8115,0.9342560059022624,1553999824,7,47318,49,8117,0.5246525290546321,1547709105,8,47111,49,8100,0.17949727778607796,1558190468,3,47485,49,8093,0.5936999236289078,1547704878,5,47158,49,8088
0.6367418203835932,1549808557,16,47174,49,8131,0.033641845138318784,1558196852,13,47436,49,8070,0.8387961219277158,1551903778,9,47247,49,8167,0.6189934788103967,1547705025,4,47160,49,8117,1.2216802820431423,1558191061,5,47433,49,8141
0.6367418203835932,1549808557,16,47174,49,8131,0.033641845138318784,1558196852,13,47436,49,8070,0.8387961219277158,1551903778,9,47247,49,8167,0.6189934788103967,1547705025,4,47160,49,8117,1.2216802820431423,1558191061,5,47433,49,8141
0.5111869948053683,1547709593,10,47117,49,8146,0,1551902844,7,47279,49,8180,0.22111526574424922,1560291729,8,47495,49,23,0.2501785422485175,1560287408,3,47520,49,8118,1.0814386425817055,1556093137,5,47368,49,8111
0.5111869948053683,1547709593,10,47117,49,8146,0.840318556081247,1551902844,7,47279,49,8180,0.22111526574424922,1560291729,8,47495,49,23,0.2501785422485175,1560287408,3,47520,49,8118,1.0814386425817055,1556093137,5,47368,49,8111
0.42438940371491957,1562386896,5,47592,49,8081,0,1547710448,12,47107,49,8125,0.8434878839593719,1551903578,8,47249,49,8129,1.1620127873742827,1556092821,3,47396,49,8101,1.0148357049245358,1553996576,5,47341,49,8167
0.42438940371491957,1562386896,5,47592,49,8081,0.42948280641504255,1547710448,12,47107,49,8125,0.8434878839593719,1551903578,8,47249,49,8129,1.1620127873742827,1556092821,3,47396,49,8101,1.0148357049245358,1553996576,5,47341,49,8167
1.1966935216861105,1556094884,5,47412,49,8137,0.7099697727127126,1551904908,12,47221,49,8170,1.26595094518513,1558194971,9,47427,49,8162,0.49384576755019827,1545607425,3,47107,49,8119,0.5866622813713791,1549801858,5,47155,49,8125
1.1966935216861105,1556094884,5,47412,49,8137,0.7099697727127126,1551904908,12,47221,49,8170,1.26595094518513,1558194971,9,47427,49,8162,0.49384576755019827,1545607425,3,47107,49,8119,0.5866622813713791,1549801858,5,47155,49,8125
0.2614004609889534,1560288537,4,47526,49,8166,0,1553999707,7,47327,49,8056,1.0320766413444167,1554001202,9,47328,49,8104,0.6510197694144776,1547704371,3,47174,49,8148,0.9161042418162951,1553996399,5,47301,49,8169
0.2614004609889534,1560288537,4,47526,49,8166,0.9741359709629351,1553999707,7,47327,49,8056,1.0320766413444167,1554001202,9,47328,49,8104,0.6510197694144776,1547704371,3,47174,49,8148,0.9161042418162951,1553996399,5,47301,49,8169
0.2414102888796992,1560292971,10,47514,49,8081,0,1549807842,12,47199,49,8155,0.6131844363645395,1547709109,8,47147,49,8145,0.46926422622181246,1545606778,3,47100,49,8096,0.94874209464827,1553996801,5,47317,49,8067
0.2414102888796992,1560292971,10,47514,49,8081,0.6542802117177072,1549807842,12,47199,49,8155,0,1547709109,8,47147,49,8145,0.46926422622181246,1545606778,3,47100,49,8096,0.94874209464827,1553996801,5,47317,49,8067
0.2585452584453319,1560288782,4,47521,49,8165,0,1562390001,11,47594,49,8041,0.19265798252181177,1558194674,9,47486,49,1,0.3296336377755331,1560287136,3,47549,49,8161,1.0264628697848648,1553996077,4,47347,49,8169
0.2585452584453319,1560288782,4,47521,49,8165,0.3822603312840874,1562390001,11,47594,49,8041,0.19265798252181177,1558194674,9,47486,49,1,0.3296336377755331,1560287136,3,47549,49,8161,1.0264628697848648,1553996077,4,47347,49,8169
0.2893465544679498,1560289615,5,47539,49,8164,0,1560290766,7,47491,49,8134,1.0054559106316594,1554001277,9,47317,49,8103,0.1416564749022789,1558190311,3,47472,49,8126,1.0638947211812144,1556093870,5,47364,49,8167
0.37400317766647245,1562391182,15,47573,49,8125,0,1556096688,6,47388,49,8100,0.6405189717197883,1547707806,7,47159,49,8099,1.1542613453753894,1556093509,3,47392,49,8134,1.1440636083435545,1556093747,5,47399,49,8138
0.37400317766647245,1562391182,15,47573,49,8125,1.1090742655542234,1556096688,6,47388,49,8100,0.6405189717197883,1547707806,7,47159,49,8099,1.1542613453753894,1556093509,3,47392,49,8134,1.1440636083435545,1556093747,5,47399,49,8138
0.4642693802977713,1545613730,14,47096,49,8158,0,155400212,13,47312,49,8091,0.32300866581312637,1560292345,9,47536,49,8160,1.0259517166871903,1553995967,3,47338,49,8125,1.171295896697876,1556093771,5,47412,49,8044
0.4642693802977713,1545613730,14,47096,49,8158,0.9177326051149499,1554002312,13,47312,49,8091,0.32300866581312637,1560292345,9,47536,49,8160,1.0259517166871903,1553995967,3,47338,49,8125,1.171295896697876,1556093771,5,47412,49,8044
0.5140422181655757,1547707591,6,47120,49,8155,0,1551904775,12,47232,49,7994,1.190882751146599,1556097573,8,47395,49,8127,0.8804048869478879,1551898522,3,47277,49,8102,1.1570161324480739,1556093423,5,47408,49,8121
0.7992210072858257,1551904633,11,47236,49,8107,0.27332871833602984,1562390783,12,47550,49,8078,0.10851297621864658,1558194969,8,47447,49,8136,0.7550527097547041,1549801982,3,47226,49,8100,1.1701731356024796,1556093038,5,47415,49,8172
0.7992210072858257,1551904633,11,47236,49,8107,0.27332871833602984,1562390783,12,47550,49,8078,0.10851297621864658,1558194969,8,47447,49,8136,0.7550527097547041,1549801982,3,47226,49,8100,1.1701731356024796,1556093038,5,47415,49,8172
0.7752510230437699,1549802850,3,47231,49,8084,0.245280395676079,1560293816,13,47537,49,8115,0.9781213772462721,1554000948,9,47305,49,8128,0.5613651382475223,1547704386,3,47141,49,8091,1.0709323494110554,1556094009,5,47372,49,8068
0.7752510230437699,1549802850,3,47231,49,8084,0.245280395676079,1560293816,13,47537,49,8115,0.9781213772462721,1554000948,9,47305,49,8128,0.5613651382475223,1547704386,3,47141,49,8091,1.0709323494110554,1556094009,5,47372,49,8068
0.7788218828767365,1549807155,11,47228,49,8078,0.2676183168136625,1560291342,7,47535,49,8102,0.6897824747278397,1549805491,7,47180,49,8113,0.49313196234539514,1545606502,3,47106,49,8153,1.0171815724313336,1556093563,5,47347,49,8125
0.7788218828767365,1549807155,11,47228,49,8078,0.2676183168136625,1560291342,7,47535,49,8102,0.6897824747278397,1549805491,7,47180,49,8113,0.49313196234539514,1545606502,3,47106,49,8153,1.0171815724313336,1556093563,5,47347,49,8125
0.7795356865505788,1551903252,9,47229,49,8148,0.18989754532768716,1560292870,11,47505,49,8063,0.38389933552389094,1562389925,9,47563,49,8068,0.3720626229449002,1545607354,3,47061,49,8110,0,1553996460,5,47303,49,8118
0.7795356865505788,1551903252,9,47229,49,8148,0.18989754532768716,1560292870,11,47505,49,8063,0.38389933552389094,1562389925,9,47563,49,8068,0.3720626229449002,1545607354,3,47061,49,8110,0.9049863890321579,1553996460,5,47303,49,8118
0.1665465788282166,1558196025,11,47479,49,8156,0.4220380596374853,1545611031,7,47101,49,8077,0.7789259563614565,1549806708,9,47218,49,8095,0.7979942100157568,1549801333,3,47237,49,8079,1.3409131052661534,1560287458,5,47485,49,8151
0.1665465788282166,1558196025,11,47479,49,8156,0.4220380596374853,1545611031,7,47101,49,8077,0.7789259563614565,1549806708,9,47218,49,8095,0.7979942100157568,1549801333,3,47237,49,8079,1.3409131052661534,1560287458,5,47485,49,8151
0.20520157046798118,1560293428,11,47497,49,8147,0.3365658656301416,1562390248,11,47579,49,8069,0.7184423836455278,1549806499,8,47196,49,8170,0.7593373750921554,1549801693,3,47224,49,8109,1.1674201755662388,1556093369,5,47410,49,8101
0.20520157046798118,1560293428,11,47497,49,8147,0.3365658656301416,1562390248,11,47579,49,8069,0.7184423836455278,1549806499,8,47196,49,8170,0.7593373750921554,1549801693,3,47224,49,8109,1.1674201755662388,1556093369,5,47410,49,8101
0.2786376759573426,1560290284,6,47529,49,8164,0.39592850451150424,1562388073,7,47589,49,8065,0.46498500106564766,1545612437,9,47089,49,8150,0.755666115233532,1549801640,3,47223,49,8120,1.0529813443354092,1556093693,5,47364,49,8116
0.2786376759573426,1560290284,6,47529,49,8164,0.39592850451150424,1562388073,7,47589,49,8065,0.46498500106564766,1545612437,9,47089,49,8150,0.755666115233532,1549801640,3,47223,49,8120,1.0529813443354092,1556093693,5,47364,49,8116
0.9188590870784515,1551904479,11,47292,49,8161,0.651016053159773,1549805911,7,47192,49,8063,0.9085609827936172,1551903214,8,47276,49,8127,1.1792499825137301,1556093218,3,47406,49,8084,0.18847365829179927,1560287737,5,47506,49,8117
0.9188590870784515,1551904479,11,47292,49,8161,0.651016053159773,1549805911,7,47192,49,8063,0.9085609827936172,1551903214,8,47276,49,8127,1.1792499825137301,1556093218,3,47406,49,8084,0.18847365829179927,1560287737,5,47506,49,8117
1.0295244321449195,1554000944,9,47335,49,8114,0.7017071431072842,1549807788,12,47223,49,8064,0.7090588595183809,1549806484,8,47192,49,8126,0.47813840015614995,1545606846,3,47104,49,8074,0.09790258754915698,1558190482,5,47466,49,8131
1.0295244321449195,1554000944,9,47335,49,8114,0.7017071431072842,1549807788,12,47223,49,8064,0.7090588595183809,1549806484,8,47192,49,8126,0.47813840015614995,1545606846,3,47104,49,8074,0.09790258754915698,1558190482,5,47466,49,8131
0.8777559819622506,1551904567,10,47271,49,8129,0.4016389414591446,1545612837,11,47093,49,8062,0.3353496328878339,1560292636,9,47544,49,8142,0.14298183120486274,1558190442,3,47478,49,8083,1.0506354582766357,1556093639,5,47365,49,8130
0.8777559819622506,1551904567,10,47271,49,8129,0.4016389414591446,1545612837,11,47093,49,8062,0.3353496328878339,1560292636,9,47544,49,8142,0.14298183120486274,1558190442,3,47478,49,8083,1.0506354582766357,1556093639,5,47365,49,8130
0.7543425728689408,1549802973,4,47217,49,8166,0.06301553130994696,1558194123,7,47453,49,8065,1.1460042948920777,1556098735,10,47380,49,8191,1.0268699860455397,1553996260,3,47340,49,8078,0.61389456041486,1549802165,5,47175,49,8124
0.7543425728689408,1549802973,4,47217,49,8166,0.06301553130994696,1558194123,7,47453,49,8065,1.1460042948920777,1556098735,10,47380,49,8191,1.0268699860455397,1553996260,3,47340,49,8078,0.61389456041486,1549802165,5,47175,49,8124
0.33361345181348995,1560291791,9,47550,49,8162,0.922219884339296,1553999841,7,47317,49,8145,0.8109522514208208,1549806102,9,47233,49,8130,0.7853465241397213,1549801175,3,47236,49,8086,0.18775985709353152,1560288162,5,47505,49,8118
0.33361345181348995,1560291791,9,47550,49,8162,0.922219884339296,1553999841,7,47317,49,8145,0.8109522514208208,1549806102,9,47233,49,8130,0.7853465241397213,1549801175,3,47236,49,8086,0.18775985709353152,1560288162,5,47505,49,8118
0.8077884987802623,1551904266,11,47237,49,8095,0.8506203579694084,1551905107,12,47281,49,8080,1.1445766917373315,1556098406,9,47378,49,8138,0.9392563659297211,1551898350,3,47303,49,8118,0.21295298269840937,1560288065,5,47514,49,8156
0.8077884987802623,1551904266,11,47237,49,8095,0.8506203579694084,1551905107,12,47281,49,8080,1.1445766917373315,1556098406,9,47378,49,8138,0.2068317974542275,1560286999,3,47500,49,8108,0.21295298269840937,1560288065,5,47514,49,8156
0.44488894943514995,1547710389,13,47091,49,8142,0.28822004371739496,1562387295,6,47555,49,8037,0.6424559196517142,1547709046,9,47165,49,8144,0.40133591377497735,1545607342,3,47073,49,8090,0.6985507366454231,1551898959,5,47209,49,8119
0.44488894943514995,1547710389,13,47091,49,8142,0.28822004371739496,1562387295,6,47555,49,8037,0.6424559196517142,1547709046,9,47165,49,8144,0.40133591377497735,1545607342,3,47073,49,8090,0.6985507366454231,1551898959,5,47209,49,8119
0.08984631890285104,1558195170,9,47444,49,8120,0.9743404525129479,1554002647,13,47332,49,8117,0.4988478355026793,1545611300,8,47101,49,8134,1.2455480800885057,1556092785,3,47428,49,8061,0.10585850677491399,1558191209,5,47468,49,8093
0.08984631890285104,1558195170,9,47444,49,8120,0.9743404525129479,1554002647,13,47332,49,8117,0.4988478355026793,1545611300,8,47101,49,8134,1.2455480800885057,1556092785,3,47428,49,8061,0.10585850677491399,1558191209,5,47468,49,8093
0.05812488372172544,1558193072,6,47435,49,8115,0.05618237415290942,1558196430,12,47446,49,8051,0.4736547189284217,1545611884,8,47092,49,8159,0.70119968566136,1549801117,3,47205,49,8072,0.047823052649584204,1558190552,5,47445,49,8133
0.05812488372172544,1558193072,6,47435,49,8115,0.05618237415290942,1558196430,12,47446,49,8051,0.4736547189284217,1545611884,8,47092,49,8159,0.70119968566136,1549801117,3,47205,49,8072,0.047823052649584204,1558190552,5,47445,49,8133
0,1551905316,14,47271,49,8151,1.1743518401513138,1556099279,12,47419,49,8100,0.29546965507621753,1560291447,7,47527,49,8163,0.649794778991673,1549801603,3,47183,49,8057,0.6116490753287233,1549801569,5,47181,49,8104
0.22590740949021293,1560293219,11,47502,49,8052,1.1743518401513138,1556099279,12,47419,49,8100,0.29546965507621753,1560291447,7,47527,49,8163,0.649794778991673,1549801603,3,47183,49,8057,0.6116490753287233,1549801569,5,47181,49,8104
0.017735579390688733,1556096007,6,47415,49,8177,0.11360438588617291,1558193479,6,47475,49,8071,0.8895894634862594,1551902803,7,47270,49,8144,0.5573871665898245,1547704098,3,47145,49,8105,0.8389968857905834,1551899604,5,47267,49,8090
0.017735579390688733,1556096007,6,47415,49,8177,0.11360438588617291,1558193479,6,47475,49,8071,0.8895894634862594,1551902803,7,47270,49,8144,0.5573871665898245,1547704098,3,47145,49,8105,0.8389968857905834,1551899604,5,47267,49,8090
1.0553291211247073,1553999126,6,47346,49,8119,0.5128135939535069,1547710773,12,47137,49,8091,1.0107592366312004,1553999834,7,47322,49,8122,0.9311982037981765,1551898250,3,47304,49,8133,0.9331369644776646,1553996673,5,47312,49,8157
1.0553291211247073,1553999126,6,47346,49,8119,0.5128135939535069,1547710773,12,47137,49,8091,1.0107592366312004,1553999834,7,47322,49,8122,0.9311982037981765,1551898250,3,47304,49,8133,0.9331369644776646,1553996673,5,47312,49,8157
0.5745257866851969,1547707681,6,47140,49,8136,0.39786545897587383,1562390270,11,47600,49,8105,0.8569515995676724,1551904025,9,47254,49,8090,0.8940730646304238,1551898280,3,47284,49,8078,0.45090606765872415,1547704832,5,47104,49,18
0.5745257866851969,1547707681,6,47140,49,8136,0.39786545897587383,1562390270,11,47600,49,8105,0.8569515995676724,1551904025,9,47254,49,8090,0.8940730646304238,1551898280,3,47284,49,8078,0.45090606765872415,1547704832,5,47104,49,18
1.0946997697592888,1556098267,10,47360,49,8164,1.0811281874877061,1556099666,13,47373,49,8050,0.4864046239298394,1545612394,9,47095,49,8108,0.48619471398966313,1547704217,3,47115,49,8132,0.889790221860701,1553996246,5,47289,49,8104
1.0946997697592888,1556098267,10,47360,49,8164,1.0811281874877061,1556099666,13,47373,49,8050,0.4864046239298394,1545612394,9,47095,49,8108,0.48619471398966313,1547704217,3,47115,49,8132,0.889790221860701,1553996246,5,47289,49,8104
0,1556096212,6,47398,49,8104,0.8397069957962525,1551902684,7,47268,49,8068,0.9118251381894332,1551903800,9,47276,49,15,0.13747402466968908,1558190466,3,47478,49,8114,0.25405609193252826,1560287834,5,47530,49,8069
1.172418683617843,1556096212,6,47398,49,8104,0,1547709650,10,47152,49,8064,0.9118251381894332,1551903800,9,47276,49,15,0.13747402466968908,1558190466,3,47478,49,8114,0.25405609193252826,1560287834,5,47530,49,8069
0.6534696970799098,1549807537,11,47174,49,8172,1.0813326681017217,1556098555,11,47379,49,8095,0.3338197915903008,1560291911,8,47543,49,8125,0.6209304088827864,1547704697,3,47170,49,8112,0.3277989129605137,1545607959,5,47047,49,8103
0.6534696970799098,1549807537,11,47174,49,8172,1.0813326681017217,1556098555,11,47379,49,8095,0.3338197915903008,1560291911,8,47543,49,8125,0.6209304088827864,1547704697,3,47170,49,8112,0.3277989129605137,1545607959,5,47047,49,8103
0.9052949851650147,1554002244,14,47281,49,8084,1.1172346725050621,1556098580,11,47387,49,8047,0,1551903375,9,47292,49,8162,0.3424839077403571,1545606852,3,47052,49,8143,0.7410814640611356,1549802310,5,47227,49,8087
0.1648122696867172,1558192935,6,47477,49,8126,0.8392980440393447,1551904371,11,47272,49,8045,0.38389933367267687,1562389696,9,47564,49,8138,0.8209418204311679,1551899156,3,47257,49,8092,0.7194592055286652,1551899017,5,47215,49,8129
0.1648122696867172,1558192935,6,47477,49,8126,0.8392980440393447,1551904371,11,47272,49,8045,0.38389933367267687,1562389696,9,47564,49,8138,0.8209418204311679,1551899156,3,47257,49,8092,0.7194592055286652,1551899017,5,47215,49,8129
0.4031742541809773,1562390499,14,47580,49,8177,1.1782275602449146,1558196261,12,47421,49,8107,0.6973294562744896,1549805985,8,47186,49,8147,0.19428634923953067,1558190153,3,47497,49,8155,0.6658088129755616,1549801597,5,47197,49,8150
0.3028102846005277,1560290269,6,47540,49,8136,0.8462334464373863,1551904327,11,47284,49,8107,0,1554001341,9,47314,49,8138,13.283635365073883,1560287416,3,47535,49,8112,0.16766559243846438,1560288053,5,47497,49,8143
0.3028102846005277,1560290269,6,47540,49,8136,0.8462334464373863,1551904327,11,47284,49,8107,0.9943380716109921,1554001341,9,47314,49,8138,0.2826137724274599,1560287416,3,47535,49,8112,0.16766559243846438,1560288053,5,47497,49,8143
0.1254416237976072,1558196090,11,47463,49,8106,0.5327015388749037,1547708593,7,47142,49,8066,0.998316031004022,1553999758,7,47315,49,8134,0.29495473652430443,1560287442,3,47542,49,8124,0.7793293627645772,1551899532,5,47242,49,8155
0.1254416237976072,1558196090,11,47463,49,8106,0.5327015388749037,1547708593,7,47142,49,8066,0.998316031004022,1553999758,7,47315,49,8134,0.29495473652430443,1560287442,3,47542,49,8124,0.7793293627645772,1551899532,5,47242,49,8155
0.30862480259576697,1560293037,11,47539,49,8117,0.7347539471936796,1549807320,12,47233,49,8121,0.12809606352406128,1558195775,,47455,49,8122,0,1549801603,3,47235,49,8098,0.5456595703813191,547705155,5,47141,49,8151
0.30862480259576697,1560293037,11,47539,49,8117,0.7347539471936796,1549807320,12,47233,49,8121,0.12809606352406128,1558195775,9,47455,49,8122,0.7840211483193403,1549801603,3,47235,49,8098,0.5456595703813191,1547705155,5,47141,49,8151
1.0568589623690818,1554001763,11,47347,49,8146,0.06362710057237661,1558194794,7,47461,49,8099,1.148656891999925,1556098287,9,47377,49,8173,0.4906838354825404,1545606730,3,47111,49,8080,0.734962101610698,1551898947,5,47221,49,8142
1.0568589623690818,1554001763,11,47347,49,8146,0.06362710057237661,1558194794,7,47461,49,8099,1.148656891999925,1556098287,9,47377,49,8173,0.4906838354825404,1545606730,3,47111,49,8080,0.734962101610698,1551898947,5,47221,49,8142
0.0803605591494375,1558193561,6,47441,49,8108,0.4080650180855111,1545613070,11,47092,49,8084,0.31036098290025843,1560292384,9,47532,49,27,0.18102710517900492,1558190389,3,47491,49,8162,0.4482534939075546,1547705002,5,47104,49,8124
0.0803605591494375,1558193561,6,47441,49,8108,0.4080650180855111,1545613070,11,47092,49,8084,0.31036098290025843,1560292384,9,47532,49,27,0.18102710517900492,1558190389,3,47491,49,8162,0.4482534939075546,1547705002,5,47104,49,8124
0.6630576878063283,1549806912,10,47176,49,8075,0.09993806042806355,1558196488,12,47473,49,8176,0.9727158122221168,1554001477,10,47302,49,8171,1.011162617684939,1553995901,3,47336,49,8062,0.7327184562619748,1549801987,5,47219,49,8150
0.6630576878063283,1549806912,10,47176,49,8075,0.09993806042806355,1558196488,12,47473,49,8176,0.9727158122221168,1554001477,10,47302,49,8171,1.011162617684939,1553995901,3,47336,49,8062,0.7327184562619748,1549801987,5,47219,49,8150
0.07444566384291516,1558196427,12,47435,49,8107,0.451514004110705,1547710951,13,47114,49,8083,0.6637733168483865,1549806627,9,47171,49,8091,0.3307563826104161,1560287542,3,47551,49,8106,0.4416247830568775,1545607697,5,47097,49,8104
0.07444566384291516,1558196427,12,47435,49,8107,0.451514004110705,1547710951,13,47114,49,8083,0.6637733168483865,1549806627,9,47171,49,8091,0.3307563826104161,1560287542,3,47551,49,8106,0.4416247830568775,1545607697,5,47097,49,8104
1.1163220223496604,1556098775,11,47372,49,8146,0.6884479077297386,1549808149,13,47215,49,8140,0.9169239986153038,1551902830,8,47281,49,8175,0.3903203107765451,1545607181,3,47071,49,8118,1.2171930021976487,1558190250,5,47429,49,8142
0.5602460360107566,1547707539,6,47136,49,8130,1.0496112234778752,1556098939,12,47370,49,8135,0.5932946530735989,1547709691,9,47142,49,8087,0.7801454257927083,1549801609,3,47233,49,8097,0.47507868434637707,1547705108,5,47113,49,8077
0.5602460360107566,1547707539,6,47136,49,8130,1.0496112234778752,1556098939,12,47370,49,8135,0.5932946530735989,1547709691,9,47142,49,8087,0.7801454257927083,1549801609,3,47233,49,8097,0.47507868434637707,1547705108,5,47113,49,8077
1.0459455978593297,1553998607,6,47342,49,8142,0.6308214122198357,1549805336,6,47188,49,8117,1.1054105181712568,1554000695,9,47361,49,8103,1.0972463971624848,1556092294,3,47372,49,8070,0.8665358934874879,1551899417,5,47275,49,8184
1.0459455978593297,1553998607,6,47342,49,8142,0.6308214122198357,1549805336,6,47188,49,8117,1.1054105181712568,1554000695,9,47361,49,8103,1.0972463971624848,1556092294,3,47372,49,8070,0.8665358934874879,1551899417,5,47275,49,8184
0.4060294782697223,1562386759,5,47584,49,8151,0.2030545540202552,1560291508,7,47518,49,8082,0.47059503356499555,1545612353,9,47089,49,8087,0.2486486898326329,1560287456,3,47523,49,8171,0.14482021986662277,1558190817,5,47479,49,8156
0,1562386759,5,47584,49,8151,0.2030545540202552,1560291508,7,47518,49,8082,0.47059503356499555,1545612353,9,47089,49,8087,0.2486486898326329,1560287456,3,47523,49,8171,0.14482021986662277,1558190817,5,47479,49,8156
1.0131032664305089,1554000850,9,47328,49,8142,1.0279889814122518,1553999782,7,47350,49,8066,1.014839434790724,1554000154,8,47321,49,2,0.5981854104636862,1547704313,3,47160,49,8082,0.6032860886224841,1549801941,5,47165,49,8088
1.0131032664305089,1554000850,9,47328,49,8142,1.0279889814122518,1553999782,7,47350,49,8066,1.014839434790724,1554000154,8,47321,49,2,0.5981854104636862,1547704313,3,47160,49,8082,0.6032860886224841,1549801941,5,47165,49,8088
1.0826636512610968,1554001142,10,47358,49,8142,0.967812134119012,1553999028,6,47324,49,8075,1.1526348523733647,1556098200,9,47378,49,8154,0.17225514883060497,1558190005,3,47488,49,8097,0.45672057750949874,1547705036,5,47098,49,8129
1.0826636512610968,1554001142,10,47358,49,8142,0.967812134119012,1553999028,6,47324,49,8075,1.1526348523733647,1556098200,9,47378,49,8154,0.17225514883060497,1558190005,3,47488,49,8097,0.45672057750949874,1547705036,5,47098,49,8129
1.145288632007447,1556099034,14,47384,49,8131,0.8652049647854726,1554001296,11,47290,49,8136,0.35809464382318124,1562389441,9,47552,49,8139,0.8720418661625915,1551899053,3,47275,49,8049,0.2834297958116601,1562385117,5,47541,49,8120
1.145288632007447,1556099034,14,47384,49,8131,0.8652049647854726,1554001296,11,47290,49,8136,0.35809464382318124,1562389441,9,47552,49,8139,0.8720418661625915,1551899053,3,47275,49,8049,0.2834297958116601,1562385117,5,47541,49,8120
0.7603597069697368,1549806454,9,47222,49,8100,0.5873705864777787,1549808120,13,47174,49,8052,1.050945926638884,1554000823,8,47335,49,8130,0.36216923539594165,1545606934,3,47058,49,8120,0.9184519875898891,1551899488,5,47291,49,8177
0.764235429904365,1549807214,11,47224,49,8067,0.8611247671457212,1551905183,13,47290,49,8097,0.8350226333338018,1551903734,9,47244,49,8115,1.0332960620556708,1553995985,3,47342,49,8126,0.8516445775796301,1551899410,5,47266,49,8143
0.7559746498993906,1549807006,10,47217,49,8143,0.4702810424706074,1547710368,11,47123,49,8075,0.8201313084901399,1551904139,10,47238,49,8141,0.09004709124552393,1558190562,4,47454,49,8123,0.3101527623446045,1562384916,5,47551,49,8151
0.7559746498993906,1549807006,10,47217,49,8143,0.4702810424706074,1547710368,11,47123,49,8075,0.8201313084901399,1551904139,10,47238,49,8141,0.09004709124552393,1558190562,4,47454,49,8123,0.3101527623446045,1562384916,5,47551,49,8151
0.04639547987940538,1558192599,5,47430,49,8092,0,1558196578,13,47426,49,8165,0.16328427912050267,1558195519,9,47470,49,8161,1.2350417937332376,1556093102,3,47428,49,8069,0.7816733998724074,1551899581,5,47248,49,8085
0.04639547987940538,1558192599,5,47430,49,8092,1.1835308751411102,1558196578,13,47426,49,8165,0.16328427912050267,1558195519,9,47470,49,8161,1.2350417937332376,1556093102,3,47428,49,8069,0.7816733998724074,1551899581,5,47248,49,8085
1.0811338101044952,1554000680,9,47357,49,8134,0,1558195896,11,47427,49,8040,0.926511994195873,1551902737,7,47283,49,8128,0.19540723890047912,1560286579,3,47501,49,8146,0.2026493376825057,1560287862,5,47509,49,8185
1.0811338101044952,1554000680,9,47357,49,8134,1.192403186817371,1558195896,11,47427,49,8040,0.926511994195873,1551902737,7,47283,49,8128,0.19540723890047912,1560286579,3,47501,49,8146,0.2026493376825057,1560287862,5,47509,49,8185
0.9843411269294068,1554001447,11,47316,49,8140,0,1549807325,12,47177,49,8120,0.49242176711888064,1545612435,10,47100,49,2,0.4270383648568844,1545607654,3,47086,49,8139,0.8275723521988653,1551899734,5,47262,49,8090
0.9843411269294068,1554001447,11,47316,49,8140,0.6002227295579377,1549807325,12,47177,49,8120,0.49242176711888064,1545612435,10,47100,49,2,0.4270383648568844,1545607654,3,47086,49,8139,0.8275723521988653,1551899734,5,47262,49,8090
0.9676132497765425,1554001213,10,47312,49,8120,0,1554002006,12,47313,49,8117,0.09209180708111388,1558194234,7,47441,49,13,0.6477556079590928,1549801363,3,47177,49,8145,0.30341996145954214,1562385220,5,47553,49,8163
0.9676132497765425,1554001213,10,47312,49,8120,0.9241586837361593,1554002006,12,47313,49,8117,0.09209180708111388,1558194234,7,47441,49,13,0.6477556079590928,1549801363,3,47177,49,8145,0.30341996145954214,1562385220,5,47553,49,8163
0.9675110125278064,1554002001,12,47313,49,8112,0,1554001702,12,47305,49,8136,0.9038692206821678,1551903892,9,47274,49,8139,0.8248175483580713,1551899083,3,47257,49,8122,0.9310978159141908,1553996937,5,47301,49,8111
0.9675110125278064,1554002001,12,47313,49,8112,0.9053916412269967,1554001702,12,47305,49,8136,0.9038692206821678,1551903892,9,47274,49,8139,0.8248175483580713,1551899083,3,47257,49,8122,0.9310978159141908,1553996937,5,47301,49,8111
1.054513076836945,1554001411,10,47348,49,8180,0,1549807687,12,47213,49,8098,0.5433173438986602,1547708463,7,47121,49,8110,1.0839871593494799,1553995807,3,47364,49,8074,0.4111283476610116,1545608103,5,47079,49,8121
1.054513076836945,1554001411,10,47348,49,8180,0.6863064968965007,1549807687,12,47213,49,8098,0.5433173438986602,1547708463,7,47121,49,8110,1.0839871593494799,1553995807,3,47364,49,8074,0.4111283476610116,1545608103,5,47079,49,8121
1.15140799090954,1556099025,11,47390,49,8143,0,1560291399,7,47513,49,8141,0.17042415687589646,1558195121,9,47473,49,8109,0.0899448566766184,1558190236,3,47454,49,8118,1.0703208144520338,1553996041,5,47360,49,8111
1.15140799090954,1556099025,11,47390,49,8143,0.183266988564676,1560291399,7,47513,49,8141,0.17042415687589646,1558195121,9,47473,49,8109,0.0899448566766184,1558190236,3,47454,49,8118,1.0703208144520338,1553996041,5,47360,49,8111
0.10126900877438882,1558195723,10,47454,49,8130,0,1549807756,12,47231,49,8070,1.0585951332546029,1554001265,9,47341,49,8152,0.3627807980213637,1545607093,3,47059,49,8142,0.5854373212198924,1547704639,5,47154,49,8118
0.10126900877438882,1558195723,10,47454,49,8130,0.7293483809883401,1549807756,12,47231,49,8070,1.0585951332546029,1554001265,9,47341,49,8152,0.3627807980213637,1545607093,3,47059,49,8142,0.5854373212198924,1547704639,5,47154,49,8118
0.4582504230998348,1562389815,10,47610,49,8131,0.769228345913364,1551905083,13,47248,49,8032,1.131929008940738,1556098243,9,47374,49,8101,0.6458168275279642,1549801297,3,47180,49,8099,0.22611001869339206,1560288111,5,47509,49,8099
0.6589774923392612,1549807090,10,47178,49,8111,0.27822496029093696,1562390665,12,47550,49,8082,0.8433856469382689,1551903661,8,47251,49,8161,0.9687322977214529,1553995919,3,47318,49,8116,0.9704684603940479,1553996389,5,47315,49,8161
0.04884359213183119,1558195274,9,47432,49,8132,1.1228447107230226,1556096003,6,47397,49,8110,0.38461313489041876,1562389208,8,47565,49,3,0.5739105700314371,1547704322,3,47149,49,8087,0.27965631940833824,1562384807,5,47536,49,8097
0.04884359213183119,1558195274,9,47432,49,8132,1.1228447107230226,1556096003,6,47397,49,8110,0.38461313489041876,1562389208,8,47565,49,3,0.5739105700314371,1547704322,3,47149,49,8087,0.27965631940833824,1562384807,5,47536,49,8097
0.351564444325483,1562389550,10,47564,49,8131,1.1715969908346027,1558196508,13,47423,49,8127,0.15920408321079774,1558195379,9,47470,49,8101,0.9775042563259555,1553995638,3,47320,49,8104,1.2098486526643129,1558190537,4,47424,49,8178
0.351564444325483,1562389550,10,47564,49,8131,1.1715969908346027,1558196508,13,47423,49,8127,0.15920408321079774,1558195379,9,47470,49,8101,0.9775042563259555,1553995638,3,47320,49,8104,1.2098486526643129,1558190537,4,47424,49,8178
0.07036360127237676,1558196030,11,47449,49,8122,0.5218904076153474,1547708597,7,47145,49,8105,0.6667307697035529,1549806453,9,47174,49,8075,0.6607081460648561,1549801614,3,47187,49,8081,0.23233162119408526,1560288288,5,47512,49,8078
0.07036360127237676,1558196030,11,47449,49,8122,0.5218904076153474,1547708597,7,47145,49,8105,0.6667307697035529,1549806453,9,47174,49,8075,0.6607081460648561,1549801614,3,47187,49,8081,0.23233162119408526,1560288288,5,47512,49,8078
0.4428497499741372,1547711138,15,47093,49,8146,0.8906025580922233,1551902256,7,47298,49,8118,0.8232932280950747,1551903817,9,47239,49,8141,1.1072414835442193,1556092895,3,47377,49,8038,0.7476097919377912,1549802124,5,47220,49,8104
0.4428497499741372,1547711138,15,47093,49,8146,0.8906025580922233,1551902256,7,47298,49,8118,0.8232932280950747,1551903817,9,47239,49,8141,1.1072414835442193,1556092895,3,47377,49,8038,0.7476097919377912,1549802124,5,47220,49,8104
0.07169082464945965,1558195368,9,47444,49,8090,0.7502568294407919,1551904696,12,47234,49,8061,0.9818948638932258,1554000722,9,47308,49,8134,0.08912881439760628,1558190223,3,47455,49,8143,0.517304549238176,1547705232,5,47126,49,8146
0.07169082464945965,1558195368,9,47444,49,8090,0.7502568294407919,1551904696,12,47234,49,8061,0.9818948638932258,1554000722,9,47308,49,8134,0.08912881439760628,1558190223,3,47455,49,8143,0.517304549238176,1547705232,5,47126,49,8146
0.08168591365021512,1558192841,5,47450,49,8136,0.8036005109828971,1551902992,7,47263,49,8072,0.5518848323037128,1547709505,9,47124,49,8130,0.8232877039126133,1551898859,3,47257,49,8103,0.7774928266533457,1551899441,5,47239,49,8142
0.08168591365021512,1558192841,5,47450,49,8136,0.8036005109828971,1551902992,7,47263,49,8072,0.5518848323037128,1547709505,9,47124,49,8130,0.8232877039126133,1551898859,3,47257,49,8103,0.7774928266533457,1551899441,5,47239,49,8142
1.011368935495308,1554001675,11,47335,49,8079,0.5087333991929379,1547708582,7,47138,49,8139,1.0803196291139938,1554001003,9,47351,49,8105,0.4834417308487897,1545606952,3,47109,49,8104,0.8020743797925347,1551899630,5,47246,49,8151
0.531381647124006,1547707713,6,47129,49,8148,0.5175053511975551,1547711027,13,47132,49,8057,1.1624254638301432,1556098248,9,47386,49,8134,0.5418842779570835,1547704664,3,47136,49,8081,0.44131809902528096,1547705016,5,47095,49,8124
0.531381647124006,1547707713,6,47129,49,8148,0.5175053511975551,1547711027,13,47132,49,8057,1.1624254638301432,1556098248,9,47386,49,8134,0.5418842779570835,1547704664,3,47136,49,8081,0.44131809902528096,1547705016,5,47095,49,8124
1.1155059684068922,1556099035,11,47378,49,8145,1.0574649007605748,1556099133,12,47374,49,8114,0.20214374350229158,1558195318,9,47489,49,8177,0.9655703747093003,1553995972,3,47318,49,8126,0.8177817415823028,1551899584,5,47252,49,8114
0.42469427741519467,1562390226,10,47599,49,8180,0.018443809707535088,1558196933,13,47441,49,8165,0.31036098290025843,1560292370,9,47532,49,8123,0.6062435586584214,1547704431,3,47161,49,8126,0.6261333305357307,1549802334,5,47171,49,8143
0,1551904751,11,47267,49,8134,0.9530230482837554,1554002132,12,47326,49,8045,0.15859251704097715,1558194907,8,47468,49,8150,1.0748081118257342,1553996444,3,47359,49,8086,1.2103598541747247,1558190542,5,47419,49,8110
0.8461367695155054,1551904751,11,47267,49,8134,0.9530230482837554,1554002132,12,47326,49,8045,0.15859251704097715,1558194907,8,47468,49,8150,1.0748081118257342,1553996444,3,47359,49,8086,1.2103598541747247,1558190542,5,47419,49,8110
0,1556098210,10,47418,49,8146,0.6960989630554096,1549807004,10,47205,49,8038,1.1845589132141188,1556098059,9,47391,49,8144,0.20254711915213816,1560286681,3,47503,49,8152,0.6252150579808154,1549801994,5,47172,49,8127
0.0017214944505438334,1556098210,10,47418,49,8146,0.6960989630554096,1549807004,10,47205,49,8038,1.1845589132141188,1556098059,9,47391,49,8144,0.20254711915213816,1560286681,3,47503,49,8152,0.6252150579808154,1549801994,5,47172,49,8127
0.21356456275814062,1560290513,6,47509,49,8158,1.1702716341398594,1556096879,7,47420,49,8089,0.7483272720622162,1549806203,8,47204,49,8132,0.1993851959530538,1560287257,3,47503,49,8133,0.9147770283808838,1553996157,4,47301,49,8123
0.21356456275814062,1560290513,6,47509,49,8158,1.1702716341398594,1556096879,7,47420,49,8089,0.7483272720622162,1549806203,8,47204,49,8132,0.1993851959530538,1560287257,3,47503,49,8133,0.9147770283808838,1553996157,4,47301,49,8123
0.005292358312587405,1556099027,12,47415,49,8118,0.4974129350499712,1547708661,7,47129,49,8166,0.3493226865396115,1560291422,8,47548,49,8189,0.22263952301789136,1560287541,3,47515,49,8118,0.1477776722332072,1560287558,5,47479,49,8128
0.005292358312587405,1556099027,12,47415,49,8118,0.4974129350499712,1547708661,7,47129,49,8166,0.3493226865396115,1560291422,8,47548,49,8189,0.22263952301789136,1560287541,3,47515,49,8118,0.1477776722332072,1560287558,5,47479,49,8128
0.34493575880690147,1562391171,14,47557,49,8130,0,1547706915,5,47109,49,8110,0.19939077442237538,1558194063,7,47482,49,8129,0.7059936760698184,1549801738,3,47208,49,8167,0.9545566171515627,1556092913,4,47313,49,8137
0.34493575880690147,1562391171,14,47557,49,8130,0.4390707953522589,1547706915,5,47109,49,8110,0.19939077442237538,1558194063,7,47482,49,8129,0.7059936760698184,1549801738,3,47208,49,8167,0.9545566171515627,1556092913,4,47313,49,8137
0.7189498769882372,1549807378,11,47210,49,8051,0,1562388592,7,47571,49,8137,0.08892989289736603,1558195240,9,47437,49,8191,1.2247399878072591,1556092538,3,47426,49,8119,0.6688685109532313,1549802758,5,47194,49,8088
0.7189498769882372,1549807378,11,47210,49,8051,0.30790347366945636,1562388592,7,47571,49,8137,0.08892989289736603,1558195240,9,47437,49,8191,1.2247399878072591,1556092538,3,47426,49,8119,0.6688685109532313,1549802758,5,47194,49,8088
0.12523713449427837,1558196052,11,47471,49,14,0.9962694121975556,1554002042,12,47342,49,8182,0.39858618803949586,1562389175,8,47569,49,8177,0.48119808027604744,1545606773,3,47108,49,8120,0.4968031897218679,1547705299,5,47121,49,8102
0.12523713449427837,1558196052,11,47471,49,14,0.9962694121975556,1554002042,12,47342,49,8182,0.39858618803949586,1562389175,8,47569,49,8177,0.48119808027604744,1545606773,3,47108,49,8120,0.4968031897218679,1547705299,5,47121,49,8102
0.5596344499037297,1547709958,10,47140,49,8045,1.0245203375872651,1553999492,7,47361,49,8116,0.3486088850599415,1560292599,10,47547,49,0,0.9494559218191576,1551898449,3,47309,49,8082,0.2931181591491524,1562384748,4,47550,49,8111
0.5596344499037297,1547709958,10,47140,49,8045,1.0245203375872651,1553999492,7,47361,49,8116,0.3486088850599415,1560292599,10,47547,49,0,0.9494559218191576,1551898449,3,47309,49,8082,0.2931181591491524,1562384748,4,47550,49,8111
0.34809767970720606,1562390112,10,47558,49,8125,1.1608881027355504,1556096964,7,47419,49,8088,0.9968884293944854,1554000974,9,47311,49,8145,0.6351079266444615,1549801276,3,47175,49,8071,0.6427589585232918,1549801577,5,47178,49,8090
0.34809767970720606,1562390112,10,47558,49,8125,1.1608881027355504,1556096964,7,47419,49,8088,0.9968884293944854,1554000974,9,47311,49,8145,0.6351079266444615,1549801276,3,47175,49,8071,0.6427589585232918,1549801577,5,47178,49,8090
0.7543425589848828,1549807388,11,47223,49,8072,1.0351288485530599,1556099195,12,47364,49,8147,1.2658487098438604,1556097559,9,47426,49,8128,1.0947982773703497,1556092308,3,47372,49,8103,0.5538199582570352,1549801638,5,47138,49,8127
0.009168081096020258,1556097911,9,47417,49,8094,0.9632225991722402,1554001647,11,47333,49,8129,1.2094453263224643,1556098334,9,47403,49,8148,0.3479917090348158,1545607002,3,47054,49,8123,0.4819136926489627,1547705009,5,47107,49,8176
0.009168081096020258,1556097911,9,47417,49,8094,0.9632225991722402,1554001647,11,47333,49,8129,1.2094453263224643,1556098334,9,47403,49,8148,0.3479917090348158,1545607002,3,47054,49,8123,0.4819136926489627,1547705009,5,47107,49,8176
0.9639419992779216,1554002464,15,47309,49,8078,1.1625201838417902,1556096983,7,47411,49,8034,0.6481681912096674,1547708840,8,47162,49,8117,1.2109714249447017,1556092774,3,47417,49,8114,0.8085004496606174,1551899412,5,47249,49,8139
0.9639419992779216,1554002464,15,47309,49,8078,1.1625201838417902,1556096983,7,47411,49,8034,0.6481681912096674,1547708840,8,47162,49,8117,1.2109714249447017,1556092774,3,47417,49,8114,0.8085004496606174,1551899412,5,47249,49,8139
0.5267921251935161,1547710355,11,47123,49,8092,0.4409073290712453,1545610635,6,47102,49,8090,0.8646008169957436,1551903996,9,47256,49,8123,0.09688024877942696,1558189899,3,47462,49,8141,1.2249444520905537,1558191118,5,47430,49,8156
0.5267921251935161,1547710355,11,47123,49,8092,0.4409073290712453,1545610635,6,47102,49,8090,0.8646008169957436,1551903996,9,47256,49,8123,0.09688024877942696,1558189899,3,47462,49,8141,1.2249444520905537,1558191118,5,47430,49,8156
0.9050905053130744,1551901638,6,47286,49,8129,0.4164280204547135,1545613588,12,47094,49,8047,0.8397143991955426,1551903682,9,47244,49,8163,0.5097557463560138,1547703987,3,47126,49,8108,1.0457392465985869,1553996470,5,47355,49,8118
0.6566316092009277,1549807192,11,47178,49,8142,0.7821808653125532,1551904443,11,47252,49,8039,0.3493226865396115,1560291829,9,47548,49,8102,0.19856915029321537,1560287178,3,47505,49,8113,0.1675652330272145,1560287924,5,47485,49,8150
0.6566316092009277,1549807192,11,47178,49,8142,0.7821808653125532,1551904443,11,47252,49,8039,0.3493226865396115,1560291829,9,47548,49,8102,0.19856915029321537,1560287178,3,47505,49,8113,0.1675652330272145,1560287924,5,47485,49,8150
0.21489180020769025,1560293525,12,47501,49,8161,0.08412844680763727,1558193970,6,47472,49,8110,1.1193835703643484,1556098356,10,47366,49,2,1.0954098326315542,1556092351,3,47376,49,8104,0.4703869312835045,1547705088,5,47108,49,8093
0.6009420403832098,1547706852,5,47156,49,8077,0,1562389618,10,47589,49,8038,1.1695653490533877,1556098555,9,47386,49,8154,0.31270125525272807,1560287110,3,47554,49,8104,0.2791469916924314,1560287901,5,47535,49,8080
0.6009420403832098,1547706852,5,47156,49,8077,0.37654805607228564,1562389618,10,47589,49,8038,1.1695653490533877,1556098555,9,47386,49,8154,0.31270125525272807,1560287110,3,47554,49,8104,0.2791469916924314,1560287901,5,47535,49,8080
0.970161742257371,1553998700,5,47320,49,8125,0,1549805439,7,47192,49,8095,0.08117844652698654,1558195431,9,47433,49,8180,0.7725965991026269,1549800631,3,47237,49,8149,1.2140310893577813,1558190287,5,47425,49,8119
0.3638050516028229,1562389142,9,47561,49,8113,0.43652042199761704,1547710968,13,47117,49,8136,0.6221590344802648,1547708685,7,47153,49,8126,0.046800718883948,1558190062,3,47441,49,8155,1.0424769562453453,1553996169,5,47347,49,8119
0.3638050516028229,1562389142,9,47561,49,8113,0.43652042199761704,1547710968,13,47117,49,8136,0.6221590344802648,1547708685,7,47153,49,8126,0.046800718883948,1558190062,3,47441,49,8155,1.0424769562453453,1553996169,5,47347,49,8119
0.739042302608197,1549807302,11,47218,49,8117,0.9267071446761631,1554001527,11,47327,49,8074,0.7817811772488964,1549806584,9,47220,49,8111,0.5591214709556376,1547704161,3,47146,49,8128,0.7698436124195894,1551899263,5,47236,49,8191
0.739042302608197,1549807302,11,47218,49,8117,0.9267071446761631,1554001527,11,47327,49,8074,0.7817811772488964,1549806584,9,47220,49,8111,0.5591214709556376,1547704161,3,47146,49,8128,0.7698436124195894,1551899263,5,47236,49,8191
0.5299540438256783,1547709956,10,47124,49,8127,0.40633068141992995,1545613683,13,47101,49,8134,0.41337562478173184,1562389519,9,47576,49,8058,0.32371685769871217,1560286518,3,47558,49,8122,0.9658770686065615,1553996591,5,47322,49,8133
0.5299540438256783,1547709956,10,47124,49,8127,0.40633068141992995,1545613683,13,47101,49,8134,0.41337562478173184,1562389519,9,47576,49,8058,0.32371685769871217,1560286518,3,47558,49,8122,0.9658770686065615,1553996591,5,47322,49,8133
0.9676132473667806,1554001822,11,47313,49,8081,0.8815238596187843,1554002070,12,47306,49,8058,0.8967293458914034,1551904021,9,47270,49,8152,0.902436067521881,1551898112,3,47292,49,8145,0.7457732387001554,1549802190,5,47224,49,8133
0.9676132473667806,1554001822,11,47313,49,8081,0.8815238596187843,1554002070,12,47306,49,8058,0.8967293458914034,1551904021,9,47270,49,8152,0.902436067521881,1551898112,3,47292,49,8145,0.7457732387001554,1549802190,5,47224,49,8133
0.7785151777582924,1549806574,9,47231,49,8158,0.46864894126959616,1547710199,11,47122,49,8039,0.5432151158803438,1547709616,9,47120,49,8126,0.7861625573559844,1549801329,3,47238,49,8087,0.8894835238794822,1553996405,5,47287,49,8102
0.7785151777582924,1549806574,9,47231,49,8158,0.46864894126959616,1547710199,11,47122,49,8039,0.5432151158803438,1547709616,9,47120,49,8126,0.7861625573559844,1549801329,3,47238,49,8087,0.8894835238794822,1553996405,5,47287,49,8102
0.39317914889051825,1562387686,6,47577,49,8157,0.27903908715808623,1562390761,12,47565,49,8145,1.0061697151946982,1554001612,10,47317,49,0,1.1729261351988567,1556092943,3,47406,49,8102,1.1392677530290463,1556093735,5,47397,49,8130
0.39317914889051825,1562387686,6,47577,49,8157,0.27903908715808623,1562390761,12,47565,49,8145,1.0061697151946982,1554001612,10,47317,49,0,1.1729261351988567,1556092943,3,47406,49,8102,1.1392677530290463,1556093735,5,47397,49,8130
0.8336935706923179,1551904663,14,47258,49,8130,0.8485792979056961,1551905291,13,47285,49,8100,1.2415738575640518,1556097841,9,47417,49,8138,0.7650496320196811,1549801758,3,47229,49,8107,0.7847349377409989,1551899572,5,47241,49,8104
0.8336935706923179,1551904663,14,47258,49,8130,0.8485792979056961,1551905291,13,47285,49,8100,1.2415738575640518,1556097841,9,47417,49,8138,0.7650496320196811,1549801758,3,47229,49,8107,0.7847349377409989,1551899572,5,47241,49,8104
0.1288080108443953,1558196136,11,47465,49,8114,0.8738746568715947,1554001730,12,47301,49,8098,0,1560292724,9,47504,49,8188,0.34523874835891516,1543509393,3,47049,49,8115,0.4524359267504526,1547704589,5,47099,49,8128
0.1288080108443953,1558196136,11,47465,49,8114,0.8738746568715947,1554001730,12,47301,49,8098,0.2470221962629504,1560292724,9,47504,49,8188,0.34523874835891516,1543509393,3,47049,49,8115,0.4524359267504526,1547704589,5,47099,49,8128
0.5893148696528249,1547710256,13,47150,49,8180,1.0586898783740393,1556095672,6,47369,49,8036,0.4987456079412721,1545611937,9,47100,49,8115,0.0382332420874658,1558190154,3,47435,49,8172,0.12329835322097049,1558190866,5,47470,49,8138
0.5893148696528249,1547710256,13,47150,49,8180,1.0586898783740393,1556095672,6,47369,49,8036,0.4987456079412721,1545611937,9,47100,49,8115,0.0382332420874658,1558190154,3,47435,49,8172,0.12329835322097049,1558190866,5,47470,49,8138
0.17817374592853522,1558196019,11,47485,49,8160,0.9213015839183029,1553999925,7,47316,49,8042,1.1094907178031403,1553999882,8,47360,49,8098,0.959246531652616,1553995995,3,47317,49,8072,0.9165113420308394,1553996591,5,47301,49,8068
0.09178324637354375,1558195798,10,47452,49,8127,0.08912690737412982,1558194442,7,47468,49,8002,0.771786080943802,1549806322,9,47215,49,8125,1.1526292506557303,1556092736,3,47397,49,8142,1.2795131536728324,1558190811,5,47446,49,8141
0.09178324637354375,1558195798,10,47452,49,8127,0.08912690737412982,1558194442,7,47468,49,8002,0.771786080943802,1549806322,9,47215,49,8125,1.1526292506557303,1556092736,3,47397,49,8142,1.2795131536728324,1558190811,5,47446,49,8141
0.995152252260825,1554001867,14,47323,49,8174,0.31861483698422893,1562390060,11,47570,49,8062,0.41419166000980207,1562389843,9,47577,49,8121,0.16460594086101393,1558190227,3,47484,49,8118,0.29393607924757426,1560287739,5,47541,49,8136
0.995152252260825,1554001867,14,47323,49,8174,0.31861483698422893,1562390060,11,47570,49,8062,0.41419166000980207,1562389843,9,47577,49,8121,0.16460594086101393,1558190227,3,47484,49,8118,0.29393607924757426,1560287739,5,47541,49,8136
0.4552929666516333,1562387481,6,47608,49,8182,0.4678328993901677,1547710345,12,47123,49,8030,0.6205269566983913,1547709486,9,47154,49,8059,1.2115829849474065,1556093213,3,47419,49,8115,0.8921361181569731,1551899049,5,47284,49,8151
0.4552929666516333,1562387481,6,47608,49,8182,0.4678328993901677,1547710345,12,47123,49,8030,0.6205269566983913,1547709486,9,47154,49,8059,1.2115829849474065,1556093213,3,47419,49,8115,0.8921361181569731,1551899049,5,47284,49,8151
1.0628760815516116,1554000374,9,47355,49,8183,0.4672213305180272,1547710826,12,47121,49,8001,0.8240070339060149,1551903313,9,47239,49,8127,1.01320178253696,1553996112,3,47340,49,8090,0.2739440367135409,1560287819,5,47537,49,8086
0.9594528536488113,1553999430,7,47313,49,8114,0.6522410128658029,1549805532,7,47203,49,8128,0.4580495929472862,1545612132,8,47083,49,8106,0.017120305667858073,1556092746,3,47430,49,8118,0.22651710176699863,1560288305,5,47514,49,8130
0.9594528536488113,1553999430,7,47313,49,8114,0.6522410128658029,1549805532,7,47203,49,8128,0.4580495929472862,1545612132,8,47083,49,8106,0.017120305667858073,1556092746,3,47430,49,8118,0.22651710176699863,1560288305,5,47514,49,8130
0.3137236409411785,1560290246,6,47548,49,8127,0.5288257848479255,1547708400,7,47149,49,8083,0.9492570034362833,1551902101,7,47291,49,8165,1.0582846949639229,1553996085,3,47358,49,8118,0.9521085015409717,1553996557,5,47312,49,8133
0.3137236409411785,1560290246,6,47548,49,8127,0.5288257848479255,1547708400,7,47149,49,8083,0.9492570034362833,1551902101,7,47291,49,8165,1.0582846949639229,1553996085,3,47358,49,8118,0.9521085015409717,1553996557,5,47312,49,8133
0.18939196148130663,1560293513,13,47495,49,8186,0.6079741455066586,1549807846,12,47181,49,8053,0.6355205134331328,1547709659,10,47159,49,8136,0.05863235294121736,1558190241,3,47447,49,8123,1.0991851806212227,1556093748,5,47374,49,8172
0.02334560889024492,1556098835,11,47419,49,8078,0.6686621753964531,1549805704,7,47210,49,8114,0.2782324519679683,1560292396,9,47518,49,8157,0.830427567371428,1551898326,3,47264,49,8165,1.2715553437424862,1558190730,5,47452,49,8107
0.02334560889024492,1556098835,11,47419,49,8078,0.6686621753964531,1549805704,7,47210,49,8114,0.2782324519679683,1560292396,9,47518,49,8157,0.830427567371428,1551898326,3,47264,49,8165,1.2715553437424862,1558190730,5,47452,49,8107
0,1547709193,9,47155,49,8110,1.0816374739548331,1556096683,6,47385,49,8052,0.8038123774866286,1549806366,9,47229,49,8162,1.1486512780339202,1556093572,3,47400,49,8098,0.38450762022461904,1545607443,5,47069,49,8064
0.5920678548275781,1547709193,9,47155,49,8110,1.0816374739548331,1556096683,6,47385,49,8052,0.8038123774866286,1549806366,9,47229,49,8162,1.1486512780339202,1556093572,3,47400,49,8098,0.38450762022461904,1545607443,5,47069,49,8064
0,1556097536,9,47354,49,8137,0.9901481460793911,1554002048,12,47354,49,8084,1.018001356941069,1554001085,9,47321,49,8118,1.0793976203002262,1553995711,3,47367,49,8093,0.18163865419025388,1560287886,5,47498,49,8118
1.0654264388595698,1556097536,9,47354,49,8137,0,1556099200,12,47410,49,8074,1.018001356941069,1554001085,9,47321,49,8118,1.0793976203002262,1553995711,3,47367,49,8093,0.18163865419025388,1560287886,5,47498,49,8118
0.9079457150653467,1551904330,11,47290,49,8119,0.13971576933790264,1560291127,7,47496,49,8092,0.7818834095188125,1549803195,4,47220,49,8180,0.31433332974148065,1560287410,3,47556,49,8155,0.6113442397501039,1549801792,4,47165,49,8130
0.9079457150653467,1551904330,11,47290,49,8119,0.13971576933790264,1560291127,7,47496,49,8092,0.7818834095188125,1549803195,4,47220,49,8180,0.31433332974148065,1560287410,3,47556,49,8155,0.6113442397501039,1549801792,4,47165,49,8130
0.7021197797730497,1549807249,10,47204,49,8109,0.5976723638822061,1549808248,13,47182,49,8056,0.5221021867378914,1547709471,9,47111,49,8081,0.7631108349755539,1549801394,3,47236,49,8100,0,1556093344,5,47365,49,8110
0.7021197797730497,1549807249,10,47204,49,8109,0.5976723638822061,1549808248,13,47182,49,8056,0.5221021867378914,1547709471,9,47111,49,8081,0.7631108349755539,1549801394,3,47236,49,8100,1.0968411697571665,1556093344,5,47365,49,8110
0.704874599510961,1549804837,6,47201,49,8165,0.08168032407228855,1558195969,11,47473,49,8045,0.45254179357615737,1545610943,7,47081,49,8136,0.31372176958584486,1560287363,3,47554,49,8100,0.6174636093375414,1549802047,5,47169,49,8132
0.704874599510961,1549804837,6,47201,49,8165,0.08168032407228855,1558195969,11,47473,49,8045,0.45254179357615737,1545610943,7,47081,49,8136,0.31372176958584486,1560287363,3,47554,49,8100,0.6174636093375414,1549802047,5,47169,49,8132
0.7647447577335814,1549804201,6,47229,49,8093,0.9294619927592184,1553999616,7,47313,49,8070,0.7780076857858833,1549806391,8,47218,49,8135,1.1361058352943636,1556093367,3,47395,49,8115,0.31045760596724065,1562384765,5,47555,49,8102
0.7647447577335814,1549804201,6,47229,49,8093,0.9294619927592184,1553999616,7,47313,49,8070,0.7780076857858833,1549806391,8,47218,49,8135,1.1361058352943636,1556093367,3,47395,49,8115,0.31045760596724065,1562384765,5,47555,49,8102
0.197859072014864,1560292710,10,47491,49,8134,0.739138978771397,1551905001,12,47243,49,8081,0.2337629492982484,1560292101,8,47498,49,8099,1.1080575118417415,1556093214,4,47381,49,8086,0.5309727251908324,1547705064,5,47129,49,8073
0.197859072014864,1560292710,10,47491,49,8134,0.739138978771397,1551905001,12,47243,49,8081,0.2337629492982484,1560292101,8,47498,49,8099,1.1080575118417415,1556093214,4,47381,49,8086,0.5309727251908324,1547705064,5,47129,49,8073
0.9667972104456857,1554001818,11,47312,49,8158,0.1551164117467476,1560293738,13,47505,49,8089,0.8038123774866286,1549806926,10,47229,49,8133,0.8154340114001385,1551898298,3,47258,49,8088,0.7207845927571183,1549802155,5,47212,49,8108
0.47212306269553495,1547711258,15,47098,49,8131,0.0863720845559387,1558194216,7,47475,49,8118,0.3241295566762645,1560292158,9,47540,49,8161,0.8751015374066738,1551899173,3,47281,49,8127,0.3173930073580374,,,,,
0.47212306269553495,1547711258,15,47098,49,8131,0.0863720845559387,1558194216,7,47475,49,8118,0.3241295566762645,1560292158,9,47540,49,8161,0.8751015374066738,1551899173,3,47281,49,8127,0.3173930073580374,1562384995,5,47559,49,8146
1.1114257787543096,1556098843,11,47374,49,8136,0.7093563381151937,1551904899,12,47231,49,8115,0.9515006486161235,1551903391,8,47293,49,8130,0.06791364037414942,1558190546,3,47451,49,8058,1.2826750748524927,1558190452,5,47447,49,8090
0,1547710085,10,47125,49,8150,1.0316602041924323,1556098953,12,47367,49,8073,0.19500571981929848,1558194231,7,47478,49,8183,0.17684466021699874,1558190009,3,47495,49,8106,0.6111397715028397,1549802075,5,47167,49,8062
0.5321976943880624,1547710085,10,47125,49,8150,1.0316602041924323,1556098953,12,47367,49,8073,0.19500571981929848,1558194231,7,47478,49,8183,0.17684466021699874,1558190009,3,47495,49,8106,0.6111397715028397,1549802075,5,47167,49,8062
0,1556098039,9,47393,49,8136,0.20397281715551377,1560291284,7,47514,49,8047,0.5799331743760701,1547709368,8,47136,49,8186,0.16684957504122166,1558189953,3,47489,49,8121,1.1708869606314367,1556093601,5,47407,49,8150
1.1559975133552065,1556098039,9,47393,49,8136,0.20397281715551377,1560291284,7,47514,49,8047,0.5799331743760701,1547709368,8,47136,49,8186,0.16684957504122166,1558189953,3,47489,49,8121,1.1708869606314367,1556093601,5,47407,49,8150
1.1951636858659576,1556094227,4,47409,49,8122,0.8309350212617781,1551902646,7,47279,49,8114,0.4696767670071819,1545610914,7,47089,49,8139,0.46436797590844264,1545606837,3,47108,49,8183,1.0763379360949068,1556093874,5,47366,49,8079
1.1951636858659576,1556094227,4,47409,49,8122,0.8309350212617781,1551902646,7,47279,49,8114,0.4696767670071819,1545610914,7,47089,49,8139,0.46436797590844264,1545606837,3,47108,49,8183,1.0763379360949068,1556093874,5,47366,49,8079
0.6717274024315881,1549807433,11,47181,49,8072,0,1560291313,7,47537,49,8137,0.891935348419945,1551904032,9,47269,49,8066,0.32249373431224604,1560286758,3,47555,49,8147,0.49496664991652123,1547705305,5,47122,49,8118
0.6717274024315881,1549807433,11,47181,49,8072,0.24079310231259884,1560291313,7,47537,49,8137,0.891935348419945,1551904032,9,47269,49,8066,0.32249373431224604,1560286758,3,47555,49,8147,0.49496664991652123,1547705305,5,47122,49,8118
0.20377396227978717,1560293204,11,47497,49,8120,0,1549805582,7,47227,49,8125,0.12799382931675551,1558194790,8,47455,49,8145,0.04149739021290808,1558190268,3,47438,49,8166,1.1684388399483967,1556093869,5,47407,49,8182
0.20377396227978717,1560293204,11,47497,49,8120,0.7154775590817182,1549805582,7,47227,49,8125,0.12799382931675551,1558194790,8,47455,49,8145,0.04149739021290808,1558190268,3,47438,49,8166,1.1684388399483967,1556093869,5,47407,49,8182
0.5944137355641289,1547706869,5,47156,49,8090,0.5063875051388593,1547710391,12,47141,49,8086,0.2750705352204142,1560291226,7,47515,49,8109,0.47456753581045136,1547704074,3,47112,49,8152,0.1894923356557602,1560288137,5,47501,49,8118
0.5944137355641289,1547706869,5,47156,49,8090,0.5063875051388593,1547710391,12,47141,49,8086,0.2750705352204142,1560291226,7,47515,49,8109,0.47456753581045136,1547704074,3,47112,49,8152,0.1894923356557602,1560288137,5,47501,49,8118
0.7157879649400705,1549804257,5,47206,49,8100,0.1146248868154698,1558195297,10,47478,49,8050,0.17746180747185517,1558195316,9,47472,49,8111,0.48170741349574014,1545606717,3,47113,49,8109,1.3151084415649288,1558191316,5,47465,49,8079
1.178640278514171,1556099013,11,47404,49,8138,0.38164874648340197,1562388435,7,47588,49,8054,0.6283806415680068,1547709599,9,47155,49,8189,0.7796342406898903,1549801541,3,47240,49,8085,0.3811430488502786,1545607912,5,47064,49,8085
1.178640278514171,1556099013,11,47404,49,8138,0.38164874648340197,1562388435,7,47588,49,8054,0.6283806415680068,1547709599,9,47155,49,8189,0.7796342406898903,1549801541,3,47240,49,8085,0.3811430488502786,1545607912,5,47064,49,8085
0.1397213757281844,1558196015,11,47470,49,8157,1.1777163345896424,1558196673,13,47431,49,8104,0.4816106381203756,1562389323,8,47602,49,8189,1.077867785142372,1553995285,3,47364,49,8120,0.3304496452242317,1545607286,5,47049,49,8115
0.1397213757281844,1558196015,11,47470,49,8157,1.1777163345896424,1558196673,13,47431,49,8104,0.4816106381203756,1562389323,8,47602,49,8189,1.077867785142372,1553995285,3,47364,49,8120,0.3304496452242317,1545607286,5,47049,49,8115
0.9474185965350858,1554000557,9,47303,49,8153,0.5621792986700275,1547710984,13,47154,49,8062,0.804628419617868,1549806788,9,47227,49,8111,0.3311615781174962,1545607097,3,47053,49,8120,1.1954685219900414,1556093743,5,47416,49,8130
0.9474185965350858,1554000557,9,47303,49,8153,0.5621792986700275,1547710984,13,47154,49,8062,0.804628419617868,1549806788,9,47227,49,8111,0.3311615781174962,1545607097,3,47053,49,8120,1.1954685219900414,1556093743,5,47416,49,8130
0.6156288959968309,1547707391,6,47164,49,8101,1.1691507459200694,1556098757,11,47411,49,8076,1.116323889540829,1556097114,8,47363,49,8121,0.8131903705611746,1551898837,3,47255,49,8072,0.7269039553643609,1549802357,5,47218,49,8126
0.6156288959968309,1547707391,6,47164,49,8101,1.1691507459200694,1556098757,11,47411,49,8076,1.116323889540829,1556097114,8,47363,49,8121,0.8131903705611746,1551898837,3,47255,49,8072,0.7269039553643609,1549802357,5,47218,49,8126
0.22111340319860287,1560293114,10,47504,49,8119,0.4586538616318952,1547709504,10,47113,49,8054,0.15685820814758386,1558195722,10,47466,49,8112,1.20842105849651,1556092742,3,47420,49,8059,0.15909812078034372,1560287784,4,47489,49,8046
0.22111340319860287,1560293114,10,47504,49,8119,0.4586538616318952,1547709504,10,47113,49,8054,0.15685820814758386,1558195722,10,47466,49,8112,1.20842105849651,1556092742,3,47420,49,8059,0.15909812078034372,1560287784,4,47489,49,8046
1.048086995563987,1554001637,11,47348,49,8026,0.9905571228970139,1554002411,13,47345,49,8090,0.4134778571734231,1562388987,8,47574,49,8150,0.3170881754668367,1560287169,3,47551,49,8130,0.9082505660694729,1553996296,5,47296,49,8158
1.048086995563987,1554001637,11,47348,49,8026,0.9905571228970139,1554002411,13,47345,49,8090,0.4134778571734231,1562388987,8,47574,49,8150,0.3170881754668367,1560287169,3,47551,49,8130,0.9082505660694729,1553996296,5,47296,49,8158
0.7038540916796242,1549806693,9,47203,49,8136,0.2992337407971655,1562390349,11,47571,49,8049,0.6386824362249485,1547708100,7,47158,49,8135,0,1547704155,3,47119,49,8077,0,1545607390,5,47078,49,8119
0.7038540916796242,1549806693,9,47203,49,8136,0.2992337407971655,1562390349,11,47571,49,8049,0.6386824362249485,1547708100,7,47158,49,8135,0.4965987346092646,1547704155,3,47119,49,8077,0.41153726737665725,1545607390,5,47078,49,8119
0,,,,,,0.5507547630671734,1547710670,12,47153,49,8095,1.2070994472535959,1556094761,4,47401,49,8156,0.6443892084444949,1549801197,3,47182,49,8119,1.0677704480159964,1556093649,5,47364,49,8125
0,1562390387,11,47557,49,8133,0.36339104559640095,1562388553,7,47590,49,8142,0.44152620276467136,1562389724,9,47585,49,8105,1.1620127669312013,1556093297,3,47403,49,8130,1.1049978192671395,1556093749,5,47383,49,8133
0.3356526077147856,1562390387,11,47557,49,8133,0.36339104559640095,1562388553,7,47590,49,8142,0.44152620276467136,1562389724,9,47585,49,8105,1.1620127669312013,1556093297,3,47403,49,8130,1.1049978192671395,1556093749,5,47383,49,8133
0,1556098236,10,47424,49,8148,0.9359903141180055,1553999898,7,47320,49,8111,0.6409260884318095,1547709463,9,47158,49,8118,1.2069934556700688,1556093089,3,47419,49,8059,0.5556546691685492,1547704362,5,47145,49,8110
0.023650467631585972,1556098236,10,47424,49,8148,0.9359903141180055,1553999898,7,47320,49,8111,0.6409260884318095,1547709463,9,47158,49,8118,1.2069934556700688,1556093089,3,47419,49,8059,0.5556546691685492,1547704362,5,47145,49,8110
0,1551901871,6,47256,49,8102,0.23263270330708558,1560293566,12,47536,49,8028,0.7623003302693188,1549806570,9,47208,49,8139,1.0672592636812346,1553995376,3,47365,49,8106,1.094493416642607,1556093550,5,47373,49,8126
0.8347140815408852,1551901871,6,47256,49,8102,0,1549805654,7,47208,49,8064,0.7623003302693188,1549806570,9,47208,49,8139,1.0672592636812346,1553995376,3,47365,49,8106,1.094493416642607,1556093550,5,47373,49,8126
1.0615507169001543,1553998638,6,47352,49,8112,1.0859221748262429,1556097206,7,47386,49,8106,0.3454469700040139,1560291066,7,47543,49,8127,0.1770491370566254,1558189903,3,47493,49,8064,0.8483804215037376,1551899008,5,47266,49,8168
1.0615507169001543,1553998638,6,47352,49,8112,1.0859221748262429,1556097206,7,47386,49,8106,0.3454469700040139,1560291066,7,47543,49,8127,0.1770491370566254,1558189903,3,47493,49,8064,0.8483804215037376,1551899008,5,47266,49,8168
0.92059339486039,1554001173,10,47294,49,8113,0.28648570792214484,1560290489,6,47552,49,8067,0.849097929035899,1551903776,9,47245,49,8089,0.05944839519629134,1558189794,3,47446,49,8123,0.171848042735522,1560287643,5,47491,49,8118
0.92059339486039,1554001173,10,47294,49,8113,0.28648570792214484,1560290489,6,47552,49,8067,0.849097929035899,1551903776,9,47245,49,8089,0.05944839519629134,1558189794,3,47446,49,8123,0.171848042735522,1560287643,5,47491,49,8118
0.5010896682776085,1547710271,11,47111,49,8107,0.9682192021602267,1553999256,6,47340,49,8125,0.8545034949794117,1551903119,8,47248,49,8166,14.126957901113983,1553995729,3,,49,8142,0.42092079287625084,1547704626,4,47081,49,8106
0.5010896682776085,1547710271,11,47111,49,8107,0.9682192021602267,1553999256,6,47340,49,8125,0.8545034949794117,1551903119,8,47248,49,8166,0.9423160337475408,1553995729,3,47310,49,8142,0.42092079287625084,1547704626,4,47081,49,8106
0.9139646989760404,1551901052,5,47287,49,8182,1.0358426486284822,1553999624,7,47357,49,8109,0.8710268971050186,1551904117,9,47254,49,8189,0.2775130447072328,1560287730,3,47540,49,8067,0.19367477000310246,1560287703,5,47501,49,8130
0.9139646989760404,1551901052,5,47287,49,8182,1.0358426486284822,1553999624,7,47357,49,8109,0.8710268971050186,1551904117,9,47254,49,8189,0.2775130447072328,1560287730,3,47540,49,8067,1.0695047693326745,1556093658,5,47362,49,8102
0.6556111030379949,1549803797,5,47180,49,8179,0.06709571594504861,1558196114,11,47457,49,8003,1.1867003234946634,1556094718,4,47391,49,11,1.164256404324477,1556093287,3,47406,49,8147,0.4071503865506422,1545608248,5,47080,49,8081
0.6556111030379949,1549803797,5,47180,49,8179,0.06709571594504861,1558196114,11,47457,49,8003,1.1867003234946634,1556094718,4,47391,49,11,1.164256404324477,1556093287,3,47406,49,8147,0.4071503865506422,1545608248,5,47080,49,8081
0.799016537020227,1551904410,11,47238,49,8118,0.8959058645615509,1554002317,12,47307,49,8102,0.5596362907789789,1547709992,10,47123,49,8162,0.051594714314316475,1558189971,3,47443,49,8084,0.9247739705851511,1553995935,5,47301,49,8063
0.799016537020227,1551904410,11,47238,49,8118,0.8959058645615509,1554002317,12,47307,49,8102,0.5596362907789789,1547709992,10,47123,49,8162,0.051594714314316475,1558189971,3,47443,49,8084,0.9247739705851511,1553995935,5,47301,49,8063
0.29454951065991963,1560293048,11,47536,49,8110,0.22121001618079922,1560291382,7,47530,49,8050,0.35972673251999476,1560292274,9,47547,49,8086,0.47405819721026476,1545606834,3,47109,49,8116,0.9449686192367013,1553996418,5,47311,49,8160
0.29454951065991963,1560293048,11,47536,49,8110,0.22121001618079922,1560291382,7,47530,49,8050,0.35972673251999476,1560292274,9,47547,49,8086,0.47405819721026476,1545606834,3,47109,49,8116,0.9449686192367013,1553996418,5,47311,49,8160
0.36941322055803416,1562387640,6,47569,49,8121,0.22783869522172048,1560291317,7,47529,49,8059,0.9921966710652446,1554000722,9,47307,49,8125,0.033543328007727025,1556092732,3,47428,49,8126,0.43428227176635686,1545607705,5,47086,49,8083
0.36941322055803416,1562387640,6,47569,49,8121,0.22783869522172048,1560291317,7,47529,49,8059,0.9921966710652446,1554000722,9,47307,49,8125,0.033543328007727025,1556092732,3,47428,49,8126,0.43428227176635686,1545607705,5,47086,49,8083
0.004169621163677637,1558196117,13,47414,49,8088,0.3946012869134243,1545613921,13,47094,49,8163,1.0515574997344541,1554000878,8,47333,49,8106,1.2238235807554343,1556093050,3,47422,49,8076,0.28812343056303796,1560287777,5,47535,49,8118
0.004169621163677637,1558196117,13,47414,49,8088,0.3946012869134243,1545613921,13,47094,49,8163,1.0515574997344541,1554000878,8,47333,49,8106,1.2238235807554343,1556093050,3,47422,49,8076,0.28812343056303796,1560287777,5,47535,49,8118
0,1556098797,11,47408,49,8148,0.08035495805754407,1558193656,6,47471,49,8130,0.11238870699742169,1558194241,7,47445,49,8116,0.3755312133129139,1545607489,3,47067,49,8097,0.4558023100634639,1547704634,5,47098,49,8084
0,1556098797,11,47408,49,8148,0.08035495805754407,1558193656,6,47471,49,8130,0.11238870699742169,1558194241,7,47445,49,8116,0.3755312133129139,1545607489,3,47067,49,8097,0.4558023100634639,1547704634,5,47098,49,8084
0.6107326694196685,1547710295,11,47163,49,8166,0.5471857398677556,1547708462,7,47150,49,8024,1.1352954149777148,1556097251,8,47368,49,8166,0.3612514660861375,1545607488,3,47063,49,8176,1.2666609878941901,1558190941,5,47444,49,8107
0.6107326694196685,1547710295,11,47163,49,8166,0.5471857398677556,1547708462,7,47150,49,8024,1.1352954149777148,1556097251,8,47368,49,8166,0.3612514660861375,1545607488,3,47063,49,8176,1.2666609878941901,1558190941,5,47444,49,8107
0.9420130348251654,1554001494,11,47299,49,8069,0.46620083347243274,1547708545,7,47128,49,8147,0.38002362061226586,1562389228,9,47557,49,8158,0.041906338239980426,1558189782,3,47434,49,8133,0.6164431023627027,1549802361,5,47171,49,8179
0.9420130348251654,1554001494,11,47299,49,8069,0.46620083347243274,1547708545,7,47128,49,8147,0.38002362061226586,1562389228,9,47557,49,8158,0.041906338239980426,1558189782,3,47434,49,8133,0.6164431023627027,1549802361,5,47171,49,8179
0.33544813117288524,1562390430,13,47558,49,8158,0.8405230151336766,1551902990,7,47282,49,8113,1.0139211667168317,1554001326,9,47318,49,8085,0.9235489894510036,1553995106,3,47302,49,8078,0.3583976172017435,1545607571,5,47053,49,8143
0.6513282789689178,1549808443,16,47173,49,8104,0.67886174545479,1549805765,7,47211,49,8131,0.21836229987269784,1558194830,9,47486,49,8111,0.3274922146358087,1543509284,3,47042,49,8141,0.7708641254947975,1551899002,5,47233,49,8106
0.6513282789689178,1549808443,16,47173,49,8104,0.67886174545479,1549805765,7,47211,49,8131,0.21836229987269784,1558194830,9,47486,49,8111,0.3274922146358087,1543509284,3,47042,49,8141,0.7708641254947975,1551899002,5,47233,49,8106
0.45906646076752233,1562390111,11,47610,49,8094,0.36135186105943606,1562388753,7,47587,49,8080,1.1377435336321673,1556098000,9,47368,49,8112,0.5944119102721014,1547703722,3,47161,49,8078,0.9504764226627535,1553996744,5,47312,49,8135
0.45906646076752233,1562390111,11,47610,49,8094,0.36135186105943606,1562388753,7,47587,49,8080,1.1377435336321673,1556098000,9,47368,49,8112,0.5944119102721014,1547703722,3,47161,49,8078,0.9504764226627535,1553996744,5,47312,49,8135
1.1395763479759289,1556098646,10,47386,49,8114,0.7316942476812426,1551905191,13,47236,49,8099,0.5643280508636752,1547708479,7,47126,49,8177,0.5027181018722482,1547704552,3,47124,49,8142,0.61317894895118,1547704427,4,47171,49,8094
1.1395763479759289,1556098646,10,47386,49,8114,0.7316942476812426,1551905191,13,47236,49,8099,0.5643280508636752,1547708479,7,47126,49,8177,0.5027181018722482,1547704552,3,47124,49,8142,0.61317894895118,1547704427,4,47171,49,8094
0.6539790289029979,1549807374,11,47179,49,8078,1.1883248635256376,1556096952,7,47423,49,8068,1.1750731547018325,1556097866,8,47386,49,8167,0.5326029778298855,1547704719,3,47135,49,8129,0.2968935212301997,1560288069,5,47544,49,8043
0.6539790289029979,1549807374,11,47179,49,8078,1.1883248635256376,1556096952,7,47423,49,8068,1.1750731547018325,1556097866,8,47386,49,8167,0.5326029778298855,1547704719,3,47135,49,8129,0.2968935212301997,1560288069,5,47544,49,8043
1.0174883101909389,1553998654,6,47335,49,8166,1.0236020425991554,1556099094,12,47366,49,8091,0.29077790239639084,1560291496,7,47520,49,8091,0.17674242165042686,1558189424,3,47496,49,8089,0.6705005907584434,1549802498,5,47193,49,8160
0.4778335065322597,1547709747,10,47106,49,12,0.06423864460886985,1558193823,6,47468,49,8062,0.42204534605966454,1562389711,9,47577,49,17,0.9245695039601057,1551898579,3,47300,49,8131,0.4826256758960968,1547704953,5,47115,49,8142
0.4778335065322597,1547709747,10,47106,49,12,0.06423864460886985,1558193823,6,47468,49,8062,0.42204534605966454,1562389711,9,47577,49,17,0.9245695039601057,1551898579,3,47300,49,8131,0.4826256758960968,1547704953,5,47115,49,8142
0.03181085975644734,1556097877,9,47423,49,8098,0.49251669262011755,1547708496,7,47133,49,8054,0.8944857057950999,1551902944,7,47265,49,8121,1.1221327950162685,1556092877,3,47387,49,8146,0.1684816487375753,1560287686,5,47491,49,8106
0.03181085975644734,1556097877,9,47423,49,8098,0.49251669262011755,1547708496,7,47133,49,8054,0.8944857057950999,1551902944,7,47265,49,8121,1.1221327950162685,1556092877,3,47387,49,8146,0.1684816487375753,1560287686,5,47491,49,8106
0.7728029094072263,1549806125,9,47230,49,8097,0.9177325913904754,1553998611,6,47308,49,8097,0.10912455116195666,1558195933,10,47445,49,8105,0.19632550565900586,1560287374,3,47504,49,8136,1.0323796342425837,1553996747,5,47341,49,8075
0.34830029349822933,1562391434,16,47560,49,8134,0.1401228505824992,1560293534,12,47500,49,8110,0.5589224830592424,1547710279,10,47123,49,8174,0.5069005251760483,1547704280,3,47123,49,8149,0.7384307365678555,1549802045,5,47215,49,8112
0.34830029349822933,1562391434,16,47560,49,8134,0.1401228505824992,1560293534,12,47500,49,8110,0.5589224830592424,1547710279,10,47123,49,8174,0.5069005251760483,1547704280,3,47123,49,8149,0.7384307365678555,1549802045,5,47215,49,8112
0.11993381811659341,1558193143,6,47463,49,8105,0.23150993729844838,1560293906,13,47532,49,8087,0.18358117689591105,1558195246,9,47475,49,8106,0.82573580926561,1551899122,3,47261,49,8096,0.47589473307864594,1547705009,5,47109,49,8142
0.11993381811659341,1558193143,6,47463,49,8105,0.23150993729844838,1560293906,13,47532,49,8087,0.18358117689591105,1558195246,9,47475,49,8106,0.82573580926561,1551899122,3,47261,49,8096,0.47589473307864594,1547705009,5,47109,49,8142
0.37543221928182846,1562389451,9,47566,49,8174,0.17316965350346677,1560290223,6,47504,49,8080,0.3307601181069804,1560292487,9,47536,49,8130,0.7890177598858014,1551898101,3,47245,49,8150,1.2739031112439771,1558190199,5,47445,49,1
0.10126900877438882,1558195558,10,47454,49,8165,0.23824274117022579,1560290998,7,47538,49,8045,1.0923557538758566,1554000847,9,47349,49,8101,1.1654814047541024,1556093196,3,47402,49,8102,1.2448342618235928,1558190624,5,47434,49,8131
0.10126900877438882,1558195558,10,47454,49,8165,0.23824274117022579,1560290998,7,47538,49,8045,1.0923557538758566,1554000847,9,47349,49,8101,1.1654814047541024,1556093196,3,47402,49,8102,1.2448342618235928,1558190624,5,47434,49,8131
0.2562997493150299,1560289667,5,47526,49,8110,1.0364542049643808,1556098926,12,47360,49,8038,0.9523166932535725,1551903432,9,47290,49,8118,0.785958076694907,1549800509,3,47243,49,8078,0.47660853805690395,1547705058,5,47110,49,8102
0.2562997493150299,1560289667,5,47526,49,8110,1.0364542049643808,1556098926,12,47360,49,8038,0.9523166932535725,1551903432,9,47290,49,8118,0.785958076694907,1549800509,3,47243,49,8078,0.47660853805690395,1547705058,5,47110,49,8102
1.0625712347559415,1554001334,10,47349,49,8181,0.16807081209505298,1560292567,10,47506,49,8095,0.3463652459095329,1560292359,9,47543,49,8126,1.1981192527158921,1556093099,3,47418,49,8136,0.4434613333296578,1545607874,5,47091,49,8150
1.0625712347559415,1554001334,10,47349,49,8181,0.16807081209505298,1560292567,10,47506,49,8095,0.3463652459095329,1560292359,9,47543,49,8126,1.1981192527158921,1556093099,3,47418,49,8136,0.4434613333296578,1545607874,5,47091,49,8150
0.4187793777700289,1562387135,5,47589,49,8135,0.17643381378815967,1560293537,12,47504,49,8097,0.38838662791419004,1562388163,7,47563,49,8085,0.11605623032601435,1558190287,3,47471,49,8098,0.1484914765500187,1558191004,5,47479,49,8147
0.4187793777700289,1562387135,5,47589,49,8135,0.17643381378815967,1560293537,12,47504,49,8097,0.38838662791419004,1562388163,7,47563,49,8085,0.11605623032601435,1558190287,3,47471,49,8098,0.1484914765500187,1558191004,5,47479,49,8147
0.06873338658464,1558195757,10,47437,49,8088,0.5972652681210632,1549807332,11,47178,49,8102,0.6215474655214687,1547709275,9,47149,49,8158,0.23763306424646846,1560287664,3,47527,49,8112,0.3289198101679842,1562385131,5,47558,49,8065
0.06873338658464,1558195757,10,47437,49,8088,0.5972652681210632,1549807332,11,47178,49,8102,0.6215474655214687,1547709275,9,47149,49,8158,0.23763306424646846,1560287664,3,47527,49,8112,0.3289198101679842,1562385131,5,47558,49,8065
0.5908447147966712,1547706949,5,47150,49,8139,0.5586084387484513,1549807748,12,47165,49,8129,0.5643280508636752,1547708876,8,47126,49,8177,0.040783576651493444,1558190102,3,47441,49,8078,1.2042404897107137,1556093301,5,47416,49,8105
0.5908447147966712,1547706949,5,47150,49,8139,0.5586084387484513,1549807748,12,47165,49,8129,0.5643280508636752,1547708876,8,47126,49,8177,0.040783576651493444,1558190102,3,47441,49,8078,1.2042404897107137,1556093301,5,47416,49,8105
0.27394590953703907,1560293194,11,47529,49,8159,1.0045301615191728,1553999946,7,47345,49,8070,0.6873343678689442,1549805393,7,47176,49,8157,0.30760239944516404,1560287635,3,47553,49,8144,0.16154624508755264,1558189850,5,47487,49,8134
0.27394590953703907,1560293194,11,47529,49,8159,1.0045301615191728,1553999946,7,47345,49,8070,0.6873343678689442,1549805393,7,47176,49,8157,0.30760239944516404,1560287635,3,47553,49,8144,0.16154624508755264,1558189850,5,47487,49,8134
0.5555542696383376,1547710078,10,47136,49,8122,0.4509024169145088,1547710610,11,47117,49,8116,0.24528788594888704,1560292221,8,47502,49,8141,1.074298766842715,1553996071,3,47364,49,8163,0.911821439841812,1553996413,5,47291,49,8057
0,1562387263,5,47581,49,8131,0.14807877106914857,1560293751,12,47502,49,8064,0.5495389589320954,1547708650,7,47119,49,8101,0.6104259620211084,1547703863,3,47168,49,8137,0.4823189759345425,1547705233,5,47118,49,8122
0.39430006955998115,1562387263,5,47581,49,8131,0.14807877106914857,1560293751,12,47502,49,8064,0.5495389589320954,1547708650,7,47119,49,8101,0.6104259620211084,1547703863,3,47168,49,8137,0.4823189759345425,1547705233,5,47118,49,8122
0,1560293917,15,47484,49,8101,0.6065465570722715,1549808232,13,47182,49,8098,0.6261369951309064,1547709413,9,47152,49,8159,1.0768472527265813,1556092470,3,47371,49,8090,0.8713299013477607,1551899403,5,47272,49,8107
0.17490959052668745,1560293917,15,47484,49,8101,0.6065465570722715,1549808232,13,47182,49,8098,0.6261369951309064,1547709413,9,47152,49,8159,1.0768472527265813,1556092470,3,47371,49,8090,0.8713299013477607,1551899403,5,47272,49,8107
0.5031288544600042,1547710305,11,47114,49,8130,0.047817486913760816,1558193805,6,47452,49,8065,0.1435989632006257,1558195499,9,47459,49,8154,0.7861625378065903,1551898371,3,47245,49,0,0.5178157116060019,1547704861,5,47122,49,8148
0.5031288544600042,1547710305,11,47114,49,8130,0.047817486913760816,1558193805,6,47452,49,8065,0.1435989632006257,1558195499,9,47459,49,8154,0.7861625378065903,1551898371,3,47245,49,0,0.5178157116060019,1547704861,5,47122,49,8148
0.5195500199509929,1547710607,11,47121,49,8112,0.2569075461423987,1560290938,6,47538,49,8061,0.6090020225075283,1547709621,9,47144,49,8138,0.1907154541435769,1560287345,3,47507,49,8111,1.0881695782444933,1556093674,5,47370,49,8083
0.5195500199509929,1547710607,11,47121,49,8112,0.2569075461423987,1560290938,6,47538,49,8061,0.6090020225075283,1547709621,9,47144,49,8138,0.1907154541435769,1560287345,3,47507,49,8111,1.0881695782444933,1556093674,5,47370,49,8083
0.33330672943588563,1562389963,10,47555,49,8170,0.8515386219650035,1551902623,7,47284,49,8067,0.6590815641685204,1547709178,9,47164,49,8106,0.8296115193912903,1551898876,3,47267,49,8133,0.35033757496164664,1545608000,5,47060,49,8074
0.33330672943588563,1562389963,10,47555,49,8170,0.8515386219650035,1551902623,7,47284,49,8067,0.6590815641685204,1547709178,9,47164,49,8106,0.8296115193912903,1551898876,3,47267,49,8133,0.35033757496164664,1545608000,5,47060,49,8074
0.6900855131757091,1549804280,5,47193,49,8144,0.3938874893625955,1562383867,2,47595,49,8087,0.22284959064494378,1558194499,8,47489,49,8133,0.7635197707374523,1549801382,3,47235,49,8142,0.15695672185281495,1560287969,5,47484,49,8189
0.6900855131757091,1549804280,5,47193,49,8144,0.3938874893625955,1562383867,2,47595,49,8087,0.22284959064494378,1558194499,8,47489,49,8133,0.7635197707374523,1549801382,3,47235,49,8142,0.15695672185281495,1560287969,5,47484,49,8189
0.43091589212041626,1564488333,15,47598,49,8115,0.7962561465720358,1551904215,11,47258,49,8081,0.5097612145234053,1545610985,7,47100,49,8181,0.2724141905513981,1560287490,3,47538,49,8125,0.6627491452493195,1549801948,5,47189,49,8129
0.8197205246170046,1551904518,11,47250,49,8075,0.36451195438342915,1562388130,6,47595,49,8120,1.212505014493226,1556097915,9,47402,49,8105,0.28577567365967377,1560287129,3,47543,49,8076,0.5368876295319487,1547705119,5,47135,49,8080
0.998109699974093,1553998830,6,47325,49,8171,0.16276561602626266,1560293505,12,47509,49,8110,0.304139388614131,1560292692,9,47524,49,8115,0.7109921233151169,1549801030,3,47214,49,8153,0.46722501558946145,1547705078,5,47106,49,8116
1.0525742830773426,1554001859,12,47351,49,8147,0.5477973148909464,1547707886,6,47150,49,8059,0.766278287872193,1549806732,9,47209,49,8170,0.41061717793337654,1545606807,3,47087,49,8104,1.03462140869279,1556093060,4,47351,49,8123
0.4326501991363334,1562387390,6,47597,49,8139,0.7573966970232437,1551902420,7,47239,49,8047,0.5363819436291904,1547709318,9,47111,49,8141,0.9368082215365716,1553995341,3,47312,49,8172,0.34666633484662984,1562385372,5,47568,49,8121
0.4326501991363334,1562387390,6,47597,49,8139,0.7573966970232437,1551902420,7,47239,49,8047,0.5363819436291904,1547709318,9,47111,49,8141,0.9368082215365716,1553995341,3,47312,49,8172,0.34666633484662984,1562385372,5,47568,49,8121
0.43520054342858394,1562387699,6,47596,49,8088,1.0281934475343841,1554001615,11,47352,49,8093,0.8717407008604117,1551902746,7,47255,49,8130,0.6181774079194882,1547703693,3,47172,49,8086,1.0560410504214823,1556093761,5,47357,49,8114
0.43520054342858394,1562387699,6,47596,49,8088,1.0281934475343841,1554001615,11,47352,49,8093,0.8717407008604117,1551902746,7,47255,49,8130,0.6181774079194882,1547703693,3,47172,49,8086,1.0560410504214823,1556093761,5,47357,49,8114
0.2514053799988058,1560290080,5,47518,49,8122,0.5375977554073166,1547707509,6,47154,49,8103,0.8241092759905234,1551903682,9,47234,49,8162,0.3112736403570817,1560286810,3,47557,49,8146,0.48293237497710395,1547704869,5,47112,49,8182
0.6558155732841935,1549806460,9,47177,49,8138,0.23038906351537008,1560291338,7,47526,49,8069,0.28139438008855383,1560291301,7,47515,49,8092,0.48497155074389126,1547703575,3,47118,49,8078,0.4735488524458266,1547704942,5,47108,49,8152
0.6558155732841935,1549806460,9,47177,49,8138,0.23038906351537008,1560291338,7,47526,49,8069,0.28139438008855383,1560291301,7,47515,49,8092,0.48497155074389126,1547703575,3,47118,49,8078,0.4735488524458266,1547704942,5,47108,49,8152
0.45508850729131123,1545612664,10,47096,49,8118,0.8495998286321161,1551902284,7,47287,49,8083,0.5626959795082966,1547709951,9,47124,49,8124,0.26904779068996415,1560287580,3,47539,49,8082,1.1165246243296825,1556093907,5,47380,49,8158
0,1545612664,10,47096,49,8118,0.8495998286321161,1551902284,7,47287,49,8083,0.5626959795082966,1547709951,9,47124,49,8124,0.26904779068996415,1560287580,3,47539,49,8082,1.1165246243296825,1556093907,5,47380,49,8158
0.33524552938501195,1562390061,11,47551,49,8114,0.34441953711913903,1562390665,12,47584,49,8103,0.6811127662768831,1549806693,9,47171,49,8105,0.1349255131668647,1558190269,3,47478,49,8155,0.6409224157455283,1549802257,5,47179,49,8070
0.33524552938501195,1562390061,11,47551,49,8114,0.34441953711913903,1562390665,12,47584,49,8103,0.6811127662768831,1549806693,9,47171,49,8105,0,,,,,,0.6409224157455283,1549802257,5,47179,49,8070
0.11707861123912135,1558196340,14,47458,49,8138,1.0576693710417044,1556098738,11,47367,49,8048,0.7395553263369046,1549806474,8,47198,49,8170,1.181698077362434,1556093377,3,47415,49,8145,0.15817984842066413,1560287956,5,47488,49,8134
1.2074024131738577,1556098249,10,47416,49,8167,0.5812512058997839,1549807935,12,47174,49,8139,0.8546057315821115,1551904343,10,47246,49,8175,1.0684842488547048,1553995326,3,47365,49,8142,0.950374184896713,1553996840,5,47313,49,8141
1.2074024131738577,1556098249,10,47416,49,8167,0.5812512058997839,1549807935,12,47174,49,8139,0.8546057315821115,1551904343,10,47246,49,8175,1.0684842488547048,1553995326,3,47365,49,8142,0.950374184896713,1553996840,5,47313,49,8141
1.050228404894182,1554001956,11,47349,49,8163,0.1675596164788443,1560294042,13,47502,49,8093,1.0032122771575156,1554000742,9,47309,49,8142,0.9587371858890849,1553995256,3,47321,49,8119,0.5438248656763062,1547704925,5,47131,49,8157
0.29995507809567334,1560293479,11,47537,49,8080,0.06189276802957736,1558194390,7,47458,49,8088,0.7112002872070743,1549806770,9,47188,49,8135,0.18541213115003302,1560287442,3,47503,49,8139,0.6744785483735194,1549801818,4,47194,49,8162
0.29995507809567334,1560293479,11,47537,49,8080,0.06189276802957736,1558194390,7,47458,49,8088,0.7112002872070743,1549806770,9,47188,49,8135,0.18541213115003302,1560287442,3,47503,49,8139,0.6744785483735194,1549801818,4,47194,49,8162
0.1825587996925647,1558195699,11,47488,49,8105,0.8624501159093158,1554002293,13,47297,49,8078,0.9843429926682667,1554000999,9,47302,49,24,0.6166475656218521,1547703970,3,47171,49,8127,0.1760304811869926,1560287490,5,47489,49,8107
0.1825587996925647,1558195699,11,47488,49,8105,0.8624501159093158,1554002293,13,47297,49,8078,0.9843429926682667,1554000999,9,47302,49,24,0.6166475656218521,1547703970,3,47171,49,8127,0.1760304811869926,1560287490,5,47489,49,8107
0.5244462489892325,1547710567,11,47120,49,8148,1.1555847842368507,1556096852,7,47415,49,8108,0.39471047358651407,1562389512,9,47563,49,8113,1.0394154029729532,1553995877,3,47354,49,8131,0.335141411915834,1562384797,4,47561,49,8144
0.14818662715987188,1558196631,14,47473,49,8113,0.3453378080269415,1562391164,13,47575,49,8103,0.4769188816104248,1545612691,9,47085,49,8142,0.6224602306388071,1549800968,3,47178,49,8090,0.5924749604851668,1547704710,5,47158,49,8136
0.14818662715987188,1558196631,14,47473,49,8113,0.3453378080269415,1562391164,13,47575,49,8103,0.4769188816104248,1545612691,9,47085,49,8142,0.6224602306388071,1549800968,3,47178,49,8090,0.5924749604851668,1547704710,5,47158,49,8136
0.28883723644624637,1560293282,11,47534,49,8146,0.11370661108319681,1558196542,12,47478,49,8049,0.8755141911795964,1551903958,9,47257,49,8102,0.6888586886035446,,,,,8119,0,1560288013,5,47491,49,8099
0.28883723644624637,1560293282,11,47534,49,8146,0.11370661108319681,1558196542,12,47478,49,8049,0.8755141911795964,1551903958,9,47257,49,8102,0.6888586886035446,1549800961,3,47207,49,8119,0.16603352980637673,1560288013,5,47491,49,8099
0.7384307341261763,1549807879,13,47216,49,8078,0.3976609783923945,1545613564,12,47086,49,8026,0.4062354031778234,1562389805,9,47569,49,8097,1.2043408425685649,1556092958,3,47425,49,8086,0.2595639087739145,1560287933,5,47526,49,8141
1.185473441456421,1556099199,12,47409,49,8103,0.060465166533812724,1558193988,7,47456,49,8090,0.15002504518125723,1558194875,8,47457,49,8162,0.1526720277616598,1558189967,3,47493,49,8118,1.0247285626995184,1553996568,5,47344,49,8144
1.185473441456421,1556099199,12,47409,49,8103,0.060465166533812724,1558193988,7,47456,49,8090,0.15002504518125723,1558194875,8,47457,49,8162,0.1526720277616598,1558189967,3,47493,49,8118,1.0247285626995184,1553996568,5,47344,49,8144
1.035541552124347,1553998676,6,47343,49,8145,0.8604109518290645,1551901431,6,47285,49,8039,0.5345454094887417,1547709788,10,47111,49,8181,0.0220165178644562,1558189947,3,47438,49,8096,0.5502491141692816,1547705349,5,47138,49,8191
0.12319797289190197,1558195376,9,47464,49,8124,0,1554001864,11,47341,49,8078,1.142435301281281,1556097938,9,47367,49,8155,0.1796998374721042,1560287361,3,47508,49,8130,0.1903102462613531,1560287981,5,47491,49,8135
0.12319797289190197,1558195376,9,47464,49,8124,0.9974925241290458,1554001864,11,47341,49,8078,1.142435301281281,1556097938,9,47367,49,8155,0.1796998374721042,1560287361,3,47508,49,8130,0.1903102462613531,1560287981,5,47491,49,8135
0.5806451511853286,1547706554,5,47147,49,8090,0.4474337991022036,1547709936,11,47118,49,8070,0.9655759462492218,1551903377,9,47293,49,8178,0.31994334809810326,1545607309,3,47053,49,8146,0.9870941029088501,1553995802,4,47319,49,8108
0.15675410618851812,1560294082,15,47479,49,8142,0.8958036327036278,1554001891,12,47306,49,8102,1.1321335000726127,1556096726,7,47364,49,8174,0.9266086452456831,1553995769,3,47313,49,8109,1.0550205384945752,1556093673,5,47357,49,8153
0.15675410618851812,1560294082,15,47479,49,8142,0.8958036327036278,1554001891,12,47306,49,8102,1.1321335000726127,1556096726,7,47364,49,8174,0.9266086452456831,1553995769,3,47313,49,8109,1.0550205384945752,1556093673,5,47357,49,8153
0.42020698710767124,1562387200,5,47592,49,8155,0.9090628745905869,1553999849,7,47312,49,8157,0.8817357974694037,1551902967,7,47259,49,8127,1.0654245536746632,1553995806,3,47368,49,8069,0.617259146287246,1549801955,4,47169,49,8191
0.7002850724119437,1549804672,6,47198,49,8127,1.022786009721465,1556095565,6,47364,49,8071,0.4189853257482756,1562388196,7,47572,49,8139,0.014469548443390068,1558189959,3,47432,49,8137,0.21030041931490542,1560288025,5,47503,49,8081
0.6867191227226225,1549806639,9,47195,49,8129,0.7204741813873932,1551904697,12,47232,49,8038,0.9508890922573954,1551902327,7,47285,49,8172,0.1751103156382971,1560287644,3,47505,49,8156,0.7345531759333755,1549802347,5,47219,49,8128
0.6867191227226225,1549806639,9,47195,49,8129,0.7204741813873932,1551904697,12,47232,49,8038,0.9508890922573954,1551902327,7,47285,49,8172,0.1751103156382971,1560287644,3,47505,49,8156,0.7345531759333755,1549802347,5,47219,49,8128
0.9862780561540798,1553998824,6,47322,49,8155,0,1551904452,12,47297,49,8086,0.5635120190986398,1547710041,10,47123,49,6,0.27027277526893984,1560287580,3,47540,49,8093,0.4884401794876504,1547704462,4,47112,49,8118
0.9862780561540798,1553998824,6,47322,49,8155,0.8778526335989869,1551904452,12,47297,49,8086,0.5635120190986398,1547710041,10,47123,49,6,0.27027277526893984,1560287580,3,47540,49,8093,0.4884401794876504,1547704462,4,47112,49,8118
0.2708862252025078,1560292817,10,47528,49,8147,0.7917688651641293,1551904789,12,47261,49,8092,0.6589793352572126,1547709154,9,47163,49,8121,0.27149589663491813,1560287571,3,47544,49,8116,1.20342257316407,1558190822,5,47422,49,8103
0.2708862252025078,1560292817,10,47528,49,8147,0.7917688651641293,1551904789,12,47261,49,8092,0.6589793352572126,1547709154,9,47163,49,8121,0.27149589663491813,1560287571,3,47544,49,8116,1.20342257316407,1558190822,5,47422,49,8103
0,1549804449,6,47227,49,8155,0.3778734348229916,1562390319,11,47599,49,8046,0.6316448007897578,1547708831,8,47151,49,8119,0.6225624654181552,1547703928,3,47177,49,8137,0.1383922935951398,1558190815,5,47480,49,8137
0.7658674999060621,1549804449,6,47227,49,8155,0.3778734348229916,1562390319,11,47599,49,8046,0.6316448007897578,1547708831,8,47151,49,8119,0.6225624654181552,1547703928,3,47177,49,8137,0.1383922935951398,1558190815,5,47480,49,8137
0,155401353,11,47357,49,8147,0,1549807768,12,47215,49,8056,0.36829422075963036,1560292051,9,47549,49,8148,0.4981285625971538,1547704541,3,47125,49,8136,0.8556225437974644,1551899345,5,47264,49,8129
1.070832001881567,1554001353,11,47357,49,8147,0.7083376881781385,1549807768,12,47215,49,8056,0.36829422075963036,1560292051,9,47549,49,8148,0.4981285625971538,1547704541,3,47125,49,8136,0.8556225437974644,1551899345,5,47264,49,8129
0.16144586777332243,1558195798,11,47481,49,8132,1.1083604590564777,1556097327,7,47389,49,8102,0.15849029420427482,1558195452,9,47462,49,8154,0.3287153247814236,1545606716,3,47050,49,8143,0.36125282406251985,1545607732,5,47055,49,8100
0,1562391180,15,47585,49,8119,0,1562388368,7,47579,49,8133,1.2319858676460318,1556098373,9,47409,49,8177,0.1427791945990626,1558190190,3,47481,49,8158,1.06522010059437,1556093502,5,47361,49,8097
0.40949808357836376,1562391180,15,47585,49,8119,0.3244275283156882,1562388368,7,47579,49,8133,1.2319858676460318,1556098373,9,47409,49,8177,0.1427791945990626,1558190190,3,47481,49,8158,1.06522010059437,1556093502,5,47361,49,8097
0,1549807475,11,47199,49,8119,0.8286913857398789,1551902810,7,47275,49,8083,1.1454949843591482,1556097930,9,47369,49,8150,1.0839871337836595,1556092297,3,47373,49,8102,0.44142033429378336,1545607278,5,47093,49,8145
0.6961026457007433,1549807475,11,47199,49,8119,0.8286913857398789,1551902810,7,47275,49,8083,1.1454949843591482,1556097930,9,47369,49,8150,1.0839871337836595,1556092297,3,47373,49,8102,0.44142033429378336,1545607278,5,47093,49,8145
0.9559860805237292,1554001905,11,47307,49,8104,0.11238125258398564,1558194225,7,47474,49,8104,1.0170830927593641,1554000804,9,47316,49,8141,0.8149246707662745,1551898631,3,47259,49,8091,0.9458869044433945,1553996669,5,47307,49,0
0,1558192090,4,47438,49,8109,0.6210289370455837,1549807177,11,47183,49,8117,0.9515006600106253,1551903372,8,47287,49,8180,0.6190956805701556,1547703877,3,47171,49,8130,0.19275650002857203,1560287829,5,47499,49,8142
0.05975695460445905,1558192090,4,47438,49,8109,0.6210289370455837,1549807177,11,47183,49,8117,0.9515006600106253,1551903372,8,47287,49,8180,0.6190956805701556,1547703877,3,47171,49,8130,0.19275650002857203,1560287829,5,47499,49,8142
0,1562390842,11,47575,49,8138,1.1592560250860997,1558195787,11,47418,49,8046,0.9405872936642201,1551903889,9,47282,49,8171,0.44621431716520044,1545607789,3,47098,49,8078,0.6383720716235494,1549802619,5,47178,49,8077
0.3770628644446334,1562390842,11,47575,49,8138,1.1592560250860997,1558195787,11,47418,49,8046,0.9405872936642201,1551903889,9,47282,49,8171,0.44621431716520044,1545607789,3,47098,49,8078,0.6383720716235494,1549802619,5,47178,49,8077
0,1551905608,15,47229,49,8077,0.5532028821370666,1549807435,12,47160,49,8103,1.0342180624609105,1554001262,9,47324,49,8083,0.3106620802736017,1560287380,3,47555,49,8104,1.1739485243661067,1556093825,5,47399,49,8078
0.7640309519070737,1551905608,15,47229,49,8077,0.5532028821370666,1549807435,12,47160,49,8103,1.0342180624609105,1554001262,9,47324,49,8083,0.3106620802736017,1560287380,3,47555,49,8104,1.1739485243661067,1556093825,5,47399,49,8078
0,1556097808,9,47413,49,8037,1.1846517403514873,1556096640,7,47425,49,8054,1.1577337098257066,1556097844,9,47380,49,8179,0.1484896050509745,1558190452,3,47489,49,8087,0.43774907523548096,1545607957,5,47089,49,8185
0.009168090288256252,1556097808,9,47413,49,8037,1.1846517403514873,1556096640,7,47425,49,8054,1.1577337098257066,1556097844,9,47380,49,8179,0.1484896050509745,1558190452,3,47489,49,8087,0.43774907523548096,1545607957,5,47089,49,8185
0,1547708810,9,47101,49,8138,0.6415302925199659,1549805482,7,47198,49,8130,0.09770185315723914,1558195449,9,47437,49,8101,0.032216102265818426,1558189815,3,47434,49,8093,0.923753464607726,1553996591,5,47300,49,8084
0.4652880652376733,1547708810,9,47101,49,8138,0.6415302925199659,1549805482,7,47198,49,8130,0.09770185315723914,1558195449,9,47437,49,8101,0.032216102265818426,1558189815,3,47434,49,8093,0.923753464607726,1553996591,5,47300,49,8084
0,1554001077,10,47319,49,8089,0.12043753663364717,1560293803,13,47491,49,8130,0.22121751025153208,1560291854,9,47490,49,8104,1.2237213381390133,1556093257,3,47424,49,8115,0.2933245226583122,1560287909,5,47537,49,8098
0.9921948088293284,1554001077,10,47319,49,8089,0.12043753663364717,1560293803,13,47491,49,8130,0.22121751025153208,1560291854,9,47490,49,8104,1.2237213381390133,1556093257,3,47424,49,8115,0.2933245226583122,1560287909,5,47537,49,8098
0,1560292246,9,47543,49,8118,0.8457241110932964,1551904267,11,47284,49,8090,0.34605853134249487,1560289137,4,47546,49,13,1.143347956807585,1556093271,3,47396,49,8152,0.7737193430709266,1551899032,5,47235,49,8129
0.3027080405296177,1560292246,9,47543,49,8118,0.8457241110932964,1551904267,11,47284,49,8090,0.34605853134249487,1560289137,4,47546,49,13,1.143347956807585,1556093271,3,47396,49,8152,0.7737193430709266,1551899032,5,47235,49,8129
0.037011951922173804,1558195031,9,47428,49,8111,0.07188972522036308,1558193915,6,47463,49,8134,0.8896917085411702,1551900069,4,47264,49,8092,0.9446619113801266,1553995841,3,47312,49,8162,0.13186584173534463,1558190653,5,47472,49,8067
0.037011951922173804,1558195031,9,47428,49,8111,0.07188972522036308,1558193915,6,47463,49,8134,0.8896917085411702,1551900069,4,47264,49,8092,0.9446619113801266,1553995841,3,47312,49,8162,0.13186584173534463,1558190653,5,47472,49,8067
0.8588866947290953,1551901716,6,47266,49,8133,0,1562388681,7,47584,49,8046,0.1726678108759148,1558195060,9,47470,49,8119,1.188940208082062,1556092783,3,47413,49,8086,1.0728693039054247,1556093555,5,47366,49,8150
0.44733705716456146,1562387562,6,47605,49,8070,0.5392298357537831,1547710348,11,47153,49,8039,0.7857591388636479,1549805552,7,47219,49,2,0.93884925982398,1553995682,3,47305,49,8061,0.46600187570503715,1547705098,5,47100,49,8134
0.44733705716456146,1562387562,6,47605,49,8070,0.5392298357537831,1547710348,11,47153,49,8039,0.7857591388636479,1549805552,7,47219,49,2,0.93884925982398,1553995682,3,47305,49,8061,0.46600187570503715,1547705098,5,47100,49,8134
0.44723482496118905,1562387122,6,47606,49,8116,0.5758456424612027,1549808077,13,47171,49,8114,0.5001732259979701,1545610931,7,47099,49,8169,1.143347956807585,1556093068,3,47396,49,8110,0.2005079430655965,1560287947,5,47503,49,8158
0.44723482496118905,1562387122,6,47606,49,8116,0.5758456424612027,1549808077,13,47171,49,8114,0.5001732259979701,1545610931,7,47099,49,,14.257813979941908,1556093068,3,47396,49,8110,0,1560287947,5,47503,49,8158
1.1365166662552837,1556099302,12,47384,49,8125,0.20223850023045886,1560291632,7,47514,49,8031,1.0546171831717335,1553999973,7,47335,49,8180,0.9516995529913279,1553995604,3,47315,49,8060,0.6220531417920526,1549801358,4,47170,49,8104
1.1365166662552837,1556099302,12,47384,49,8125,0.20223850023045886,1560291632,7,47514,49,8031,1.0546171831717335,1553999973,7,47335,49,8180,0.9516995529913279,1553995604,3,47315,49,8060,0.6220531417920526,1549801358,4,47170,49,8104
0.34554732950375555,1562389866,10,47555,49,8139,0.5711538819934991,1549807537,12,47169,49,8098,1.0421739756073074,1553997824,4,47329,49,8122,0.8922365002452242,1551899097,3,47290,49,8118,0.721600636634127,1549802425,5,47210,49,8118
0.34554732950375555,1562389866,10,47555,49,8139,0.5711538819934991,1549807537,12,47169,49,8098,1.0421739756073074,1553997824,4,47329,49,8122,0.8922365002452242,1551899097,3,47290,49,8118,0.721600636634127,1549802425,5,47210,49,8118
0.6931452004083499,1549804749,6,47194,49,8105,0.8934577524378587,1551902530,7,47297,49,8079,0.9998458806697398,1554001329,9,47312,49,8060,0.30076924517548415,1560287029,3,47545,49,8160,0.704160802733712,1551898772,4,47197,49,8076
0.6931452004083499,1549804749,6,47194,49,8105,0.8934577524378587,1551902530,7,47297,49,8079,0.9998458806697398,1554001329,9,47312,49,8060,0.30076924517548415,1560287029,3,47545,49,8160,0.704160802733712,1551898772,4,47197,49,8076
0.306788242737223,1560290273,6,47542,49,8118,0.5163825982096177,1547711033,13,47146,49,8086,0.09821118512982058,1558195020,9,47440,49,8134,0.15787311816657293,1558189888,3,47496,49,8067,1.1189727492719344,1556093472,5,47378,49,8116
0.306788242737223,1560290273,6,47542,49,8118,0.5163825982096177,1547711033,13,47146,49,8086,0.09821118512982058,1558195020,9,47440,49,8134,0.15787311816657293,1558189888,3,47496,49,8067,1.1189727492719344,1556093472,5,47378,49,8116
1.1437587887172374,1556098320,10,47384,49,8121,0.26924850592575084,1560291066,7,47545,49,8092,0.41969946503585714,1562389718,9,47576,49,8158,0.026606047345980842,1558189470,3,47439,49,8140,0.3658423508362914,1545608028,5,47056,49,8112
0.06811997019438604,1558195951,10,47442,49,8111,0.2786320267972986,1560291106,7,47549,49,8069,0.26334113197654624,1560292279,9,47509,49,8112,0.31423107168649766,1545606955,3,47051,49,8067,0.14430905203987754,1558191047,5,47476,49,8043
0.06811997019438604,1558195951,10,47442,49,8111,0.2786320267972986,1560291106,7,47549,49,8069,0.26334113197654624,1560292279,9,47509,49,8112,0.31423107168649766,1545606955,3,47051,49,8067,0.14430905203987754,1558191047,5,47476,49,8043
0,1556099799,15,47346,49,8176,0.5833926144876783,1549807518,12,47177,49,8137,0.9615979815353612,1551903511,9,47295,49,13,0.6141994423410264,1547704320,3,47174,49,8118,1.1648717231499939,1556093556,5,47390,49,8108
1.0464549212312377,1556099799,15,47346,49,8176,0.5833926144876783,1549807518,12,47177,49,8137,0.9615979815353612,1551903511,9,47295,49,13,0.6141994423410264,1547704320,3,47174,49,8118,1.1648717231499939,1556093556,5,47390,49,8108
0,1547710420,13,47158,49,8148,0.5503476653750273,1547708455,7,47149,49,8133,0.26170905305965947,1560292305,9,47509,49,8104,0.54259804968158,1547704756,3,47148,49,8145,0.601960727591974,1547705168,5,47157,49,8086
0.6144057586719466,1547710420,13,47158,49,8148,0.5503476653750273,1547708455,7,47149,49,8133,0.26170905305965947,1560292305,9,47509,49,8104,0.54259804968158,1547704756,3,47148,49,8145,0.601960727591974,1547705168,5,47157,49,8086
0.5795224181082789,1547710346,11,47148,49,8096,0.6705991271897824,1549805538,7,47202,49,8085,0.2123433148049634,1560292546,10,47489,49,8171,0.9113102402638388,1551898688,3,47301,49,8118,0.48150477555054055,1545607313,5,47106,49,8045
0.5795224181082789,1547710346,11,47148,49,8096,0.6705991271897824,1549805538,7,47202,49,8085,0.2123433148049634,1560292546,10,47489,49,8171,0.9113102402638388,1551898688,3,47301,49,8118,0,1545607313,5,47106,49,8045
0.7423064619785082,1549804427,6,47216,49,8102,0.07086921519426495,1558194420,7,47463,49,8114,0.3970563507881994,1562389416,9,47566,49,8168,0.48558311315009295,1547704603,3,47123,49,8053,0.7817775006368425,1551899376,5,47234,49,8130
0.7423064619785082,1549804427,6,47216,49,8102,0.07086921519426495,1558194420,7,47463,49,8114,0.3970563507881994,1562389416,9,47566,49,8168,0.48558311315009295,1547704603,3,47123,49,8053,0.7817775006368425,1551899376,5,47234,49,8130
0.5060863103729062,1547710531,13,47116,49,8111,0.20907167104920554,1560293170,11,47524,49,8111,0.3698240565465417,1560292061,9,47553,49,8095,1.0594074350729576,1553996042,3,47361,49,8064,0.8126810437818681,1551899715,5,47251,49,8143
0.5060863103729062,1547710531,13,47116,49,8111,0.20907167104920554,1560293170,11,47524,49,8111,0.3698240565465417,1560292061,9,47553,49,8095,1.0594074350729576,1553996042,3,47361,49,8064,0.8126810437818681,1551899715,5,47251,49,8143
0.9831161409134794,1553998855,6,47319,49,8091,0.46467100944405876,1547710292,11,47114,49,8061,0.9211064362254566,1551903871,9,47276,49,8097,0.03282764959062598,1558189738,3,47442,49,8063,0.4338733567162115,1545607299,5,47085,49,8114
0.9831161409134794,1553998855,6,47319,49,8091,0.46467100944405876,1547710292,11,47114,49,8061,0.9211064362254566,1551903871,9,47276,49,8097,0.03282764959062598,1558189738,3,47442,49,8063,0.4338733567162115,1545607299,5,47085,49,8114
0.5773791734147913,1547710163,11,47153,49,8093,0.9041666469044336,1554001864,12,47309,49,8093,0.8991774772423807,1551903990,9,47262,49,8171,0.7678025781759558,1551898103,3,47244,49,8073,0.4959871658917424,1547705461,5,47116,49,8168
0.5773791734147913,1547710163,11,47153,49,8093,0.9041666469044336,1554001864,12,47309,49,8093,0.8991774772423807,1551903990,9,47262,49,8171,0.7678025781759558,1551898103,3,47244,49,8073,0.4959871658917424,1547705461,5,47116,49,8168
0,1549807586,11,47174,49,8030,0.32208165558242186,1562388220,6,47576,49,8123,0.8606228724283338,1551904156,9,47248,49,8124,0.7717805455345201,1551898679,3,47242,49,8090,0,1553996733,5,47348,49,8125
0.651939852116465,1549807586,11,47174,49,8030,0.32208165558242186,1562388220,6,47576,49,8123,0.8606228724283338,1551904156,9,47248,49,8124,0.7717805455345201,1551898679,3,47242,49,8090,1.0541041343170532,1553996733,5,47348,49,8125
0,1549804606,6,47195,49,8105,0.9938194151491102,1554001556,12,47350,49,8127,0.386959034769476,1562388039,7,47556,49,8115,0.9023338152982924,1551898234,3,47298,49,8082,0.4711007500469464,1547704724,5,47104,49,8163
0.6897788123511406,1549804606,6,47195,49,8105,0.9938194151491102,1554001556,12,47350,49,8127,0.386959034769476,1562388039,7,47556,49,8115,0.9023338152982924,1551898234,3,47298,49,8082,0.4711007500469464,1547704724,5,47104,49,8163
0.9918880994197143,1554000652,9,47321,49,8179,0.9316034087696569,1553999081,6,47312,49,8052,1.01545101841971,1554000916,9,47314,49,8179,0.7092578102150555,1549801676,3,47215,49,8063,0.28791896519921384,1560288171,5,47532,49,8112
0.9918880994197143,1554000652,9,47321,49,8179,0.9316034087696569,1553999081,6,47312,49,8052,1.01545101841971,1554000916,9,47314,49,8179,0.7092578102150555,1549801676,3,47215,49,8063,0.28791896519921384,1560288171,5,47532,49,8112
0.9532312560145314,1554001597,11,47308,49,8091,0.21774139207800586,1560291142,7,47527,49,8109,0.201532195557013,1558194418,8,47478,49,8097,0.45855529262019973,1545607320,3,47105,49,8081,0.8720437139882866,1553996088,5,47269,49,8102
0.9532312560145314,1554001597,11,47308,49,8091,0.21774139207800586,1560291142,7,47527,49,8109,0.201532195557013,1558194418,8,47478,49,8097,0.45855529262019973,1545607320,3,47105,49,8081,0.8720437139882866,1553996088,5,47269,49,8102
0.6502055419469973,1549807375,11,47175,49,8071,0.23416255377078143,1560291359,7,47526,49,8052,0.3971585987665092,1562389368,9,47560,49,8129,0.32922464435900156,1545607113,3,47053,49,8102,1.2264743061067225,1558190971,5,47426,49,8084
0.6502055419469973,1549807375,11,47175,49,8071,0.23416255377078143,1560291359,7,47526,49,8052,0.3971585987665092,1562389368,9,47560,49,8129,0.32922464435900156,1545607113,3,47053,49,8102,1.2264743061067225,1558190971,5,47426,49,8084
0,1547710416,11,47120,49,8095,1.0917348228558914,1556099519,12,47382,49,8068,0.18755914571139443,1558195012,8,47471,49,8131,0.7551567586620839,1549801606,3,47229,49,8077,1.1554863269161344,1556093548,5,47394,49,8152
0.3721680613640621,1562390089,10,47565,49,8115,1.0917348228558914,1556099519,12,47382,49,8068,0.18755914571139443,1558195012,8,47471,49,8131,0.7551567586620839,1549801606,3,47229,49,8077,1.1554863269161344,1556093548,5,47394,49,8152
0.05057790872885723,1558195731,10,47430,49,8050,0.15572800432176986,1558195525,11,47490,49,8068,0.13900944686727174,1558195391,9,47451,49,8142,0.34482976770659657,1545607296,3,47060,49,8103,1.1425338005298626,1556093150,5,47385,49,8143
0.05057790872885723,1558195731,10,47430,49,8050,0.15572800432176986,1558195525,11,47490,49,8068,0.13900944686727174,1558195391,9,47451,49,8142,0.34482976770659657,1545607296,3,47060,49,8103,1.1425338005298626,1556093150,5,47385,49,8143
0.5837048415410167,1547711096,15,47147,49,8116,0,1553999629,6,47326,49,8027,0.4288785380208211,1562389940,9,47577,49,8131,0.47762720895569305,1547704270,3,47118,49,8141,0.2996464947896895,1560287368,4,47545,49,8100
0.5837048415410167,1547711096,15,47147,49,8116,0.9753591108484635,1553999629,6,47326,49,8027,0.4288785380208211,1562389940,9,47577,49,8131,0.47762720895569305,1547704270,3,47118,49,8141,0.2996464947896895,1560287368,4,47545,49,8100
0.4448889468498425,1562389073,9,47604,49,8166,0.23324429082666134,1560291200,7,47530,49,8175,1.1945540141357727,1556097675,8,47390,49,8107,0.18612593208495623,1560287031,3,47504,49,8130,1.2917499981918679,1558190937,5,47458,49,8125
0.4448889468498425,1562389073,9,47604,49,8166,0.23324429082666134,1560291200,7,47530,49,8175,1.1945540141357727,1556097675,8,47390,49,8107,0.18612593208495623,1560287031,3,47504,49,8130,1.2917499981918679,1558190937,5,47458,49,8125
0.907741246365014,1554000130,9,47290,49,8109,0,1560291348,7,47541,49,8069,1.105410541726278,1553999909,7,47349,49,8167,0.4263245367187613,1545607478,3,47093,49,8069,0.40755932657130295,1545608212,5,,49,8106
0.907741246365014,1554000130,9,47290,49,8109,0.2688414559047742,1560291348,7,47541,49,8069,1.105410541726278,1553999909,7,47349,49,8167,0.4263245367187613,1545607478,3,47093,49,8069,0.40755932657130295,1545608212,5,47071,49,8106
0.16980888101627586,1558194635,9,47485,49,8082,0.06199690154502617,1558195811,11,47441,49,8078,0.4134775333310751,1562389403,9,47565,49,8154,1.060732808910309,1553995908,3,47360,49,8076,1.204036020289455,1556093078,5,47414,49,8141
0.833795811637576,1551903959,10,47255,49,8106,0.06199690154502617,1558195811,11,47441,49,8078,0.4134775333310751,1562389403,9,47565,49,8154,1.060732808910309,1553995908,3,47360,49,8076,1.204036020289455,1556093078,5,47414,49,8141
1.1748668012274064,1556096038,6,47399,49,8114,0.5867590332007585,1547708081,7,47160,49,8058,0,1556098019,9,47413,49,8137,0.971180392765137,1553995874,3,47326,49,8121,0.17531482220006253,1560288172,5,47493,49,8132
0.5027217480994365,1547711333,15,47109,49,8120,0.5867590332007585,1547708081,7,47160,49,8058,1.257179005983099,1556098019,9,47413,49,8137,0.971180392765137,1553995874,3,47326,49,8121,0.17531482220006253,1560288172,5,47493,49,8132
0.9831161409134794,1554000783,9,47319,49,8101,1.1083604836328629,1556097316,7,47390,49,8100,0.9615979969833695,1551904183,10,47287,49,8164,1.0572641713503865,1553995803,4,47362,49,8078,0.5291361910113389,1547704920,5,47128,49,8150
0.9831161409134794,1554000783,9,47319,49,8101,1.1083604836328629,1556097316,7,47390,49,8100,0.9615979969833695,1551904183,10,47287,49,8164,1.0572641713503865,1553995803,4,47362,49,8078,0.5291361910113389,1547704920,5,47128,49,8150
0.6823340689800281,1549806830,9,47188,49,8090,0.430503329705741,1562391133,13,47604,49,8094,0.7082428464121727,1549805693,8,47179,49,8169,0.046189142573557426,1558190156,3,47443,49,8157,1.0289110073931176,1553996736,5,47340,49,8152
0.6823340689800281,1549806830,9,47188,49,8090,0.430503329705741,1562391133,13,47604,49,8094,0.7082428464121727,1549805693,8,47179,49,8169,0.046189142573557426,1558190156,3,47443,49,8157,1.0289110073931176,1553996736,5,47340,49,8152
0.9847482196987025,1553998934,6,47319,49,8160,1.1420188473013644,1556095813,6,47396,49,8093,1.1625277254755007,1556098365,9,47373,49,8128,0.7649473792424082,1549800936,3,47236,49,8105,0.8114579077497663,1553995563,4,47248,49,8118
0.9847482196987025,1553998934,6,47319,49,8160,1.1420188473013644,1556095813,6,47396,49,8093,1.1625277254755007,1556098365,9,47373,49,8128,0.7649473792424082,1549800936,3,47236,49,8105,0.8114579077497663,1553995563,4,47248,49,8118
1.185066364434927,1556096037,6,47403,49,8130,0.9980018730949254,1554001972,12,47336,49,8062,0.406439890235725,1562389322,9,47562,49,8106,0.31372176387261413,1560287256,3,47556,49,8091,0.6477555967880103,1549802360,5,47181,49,8132
1.185066364434927,1556096037,6,47403,49,8130,0.9980018730949254,1554001972,12,47336,49,8062,0.406439890235725,1562389322,9,47562,49,8106,0.31372176387261413,1560287256,3,47556,49,8091,0.6477555967880103,1549802360,5,47181,49,8132
0.6583659238277126,1549806844,10,47175,49,8112,0.7244521642554161,1551904055,11,47226,49,8102,0.7833110391740087,1549806773,9,47211,49,8094,0.2849596363674276,1560287486,3,47542,49,8173,0.9583301121659656,1553996663,5,47312,49,8149
0.6583659238277126,1549806844,10,47175,49,8112,0.7244521642554161,1551904055,11,47226,49,8102,0.7833110391740087,1549806773,9,47211,49,8094,0.2849596363674276,1560287486,3,47542,49,8173,0.9583301121659656,1553996663,5,47312,49,8149
0.5144511524604355,1547710255,11,47114,49,8155,0.8859089468617684,1554002032,12,47299,49,8106,0.5727933212211133,1547709407,8,47123,49,8125,0.6590760482207606,1549801852,3,47194,49,8055,0.4578415013567023,1545607895,5,47099,49,8089
0.5144511524604355,1547710255,11,47114,49,8155,0.8859089468617684,1554002032,12,47299,49,8106,0.5727933212211133,1547709407,8,47123,49,8125,0.6590760482207606,1549801852,3,47194,49,8055,0.4578415013567023,1545607895,5,47099,49,8089
0.16338280279659637,1558195922,11,47484,49,8120,0.5994067082666119,1549807473,12,47172,49,8089,0.5142485277484095,1545610730,7,47097,49,8128,0.7952393536820035,1551898718,3,47251,49,8095,0.8974394528694907,1551899339,5,47285,49,8084
0.16338280279659637,1558195922,11,47484,49,8120,0.5994067082666119,1549807473,12,47172,49,8089,0.5142485277484095,1545610730,7,47097,49,8128,0.7952393536820035,1551898718,3,47251,49,8095,0.47365109317670273,1547705035,5,47104,49,8070
0.34044661352800093,1562390044,11,47556,49,8085,0.49078241244830223,1547708524,7,47125,49,8091,0.7549559977287779,1549806199,8,47202,49,8119,0.17001148692346937,1558190196,3,47493,49,8065,0.6219509102658618,1549802113,5,47170,49,8104
0.34044661352800093,1562390044,11,47556,49,8085,0.49078241244830223,1547708524,7,47125,49,8091,0.7549559977287779,1549806199,8,47202,49,8119,0.17001148692346937,1558190196,3,47493,49,8065,0.6219509102658618,1549802113,5,47170,49,8104
0.9679199632018527,1554001882,11,47308,49,8130,0.9737270311375607,1554001325,11,47326,49,8053,0.2257048122156868,1558195493,10,47487,49,8066,0.6273564640782805,1547704424,3,47177,49,8111,0.9644494768325603,1553996427,5,47316,49,8088
0,1556098939,13,47346,49,8164,0.36002468903413276,1562388281,7,47575,49,8087,0.4031757289645745,1562388998,8,47563,49,8170,0.4693664275503556,1545607164,3,47110,49,8188,0.14849148435384457,1558190900,5,47476,49,8114
1.055431356645037,1556098939,13,47346,49,8164,0.36002468903413276,1562388281,7,47575,49,8087,0.4031757289645745,1562388998,8,47563,49,8170,0.4693664275503556,1545607164,3,47110,49,8188,0.14849148435384457,1558190900,5,47476,49,8114
0,1553997583,4,47343,49,8104,0.37257012798074063,1562391073,13,47580,49,8080,0.28271975852545816,1560292830,9,47512,49,8146,1.167418316234238,1556093073,3,47410,49,8189,1.1343733983960724,1556093684,5,47386,49,8096
1.0304408431515093,1553997583,4,47343,49,8104,0.37257012798074063,1562391073,13,47580,49,8080,0.28271975852545816,1560292830,9,47512,49,8146,1.167418316234238,1556093073,3,47410,49,8189,1.1343733983960724,1556093684,5,47386,49,8096
0.04680257041063043,1558195373,10,47435,49,8130,1.1850607321869786,1556098934,12,47422,49,8104,0.504967232733444,1545612012,9,47093,49,8137,0.626438190966177,1547704126,3,47178,49,8131,1.0308479346148223,1553996610,5,47345,49,8114
0.04680257041063043,1558195373,10,47435,49,8130,1.1850607321869786,1556098934,12,47422,49,8104,0.504967232733444,1545612012,9,47093,49,8137,0.626438190966177,1547704126,3,47178,49,8131,1.0308479346148223,1553996610,5,47345,49,8114
0.8783675460868655,1551901455,5,47274,49,8115,1.1477311299079584,1556096988,7,47396,49,8102,0.33769553653315415,1560292893,9,47533,49,8141,0.15970968651253814,1558190045,3,47490,49,8110,0.8393017663584986,1553995869,4,47263,49,8134
0.29587487877557656,1562391087,15,47537,49,8062,0.7096630803827361,1549807959,13,47219,49,8080,1.0732820080815175,1554000416,8,47337,49,8123,0.515263533584349,1547704657,3,47132,49,8121,0.4142902711415038,1545607836,5,47078,49,8090
0.29587487877557656,1562391087,15,47537,49,8062,0.7096630803827361,1549807959,13,47219,49,8080,1.0732820080815175,1554000416,8,47337,49,8123,0.515263533584349,1547704657,3,47132,49,8121,0.4142902711415038,1545607836,5,47078,49,8090
0.952008125948807,1554001474,11,47304,49,8131,0.07586769793334854,1558194418,7,47460,49,8130,0.5493345093712123,1547708149,7,47114,49,8154,0.9112080138909116,1551898116,3,47298,49,8130,1.2147449003014625,1556093645,5,47422,49,8062
0.952008125948807,1554001474,11,47304,49,8131,0.07586769793334854,1558194418,7,47460,49,8130,0,1547708149,7,47114,49,8154,0.9112080138909116,1551898116,3,47298,49,8130,1.2147449003014625,,5,47422,49,8062
0.7315975661232595,1549804697,6,47209,49,8082,1.1166231166291714,1556099217,12,47392,49,8110,0.3352474177758573,1560292413,9,47533,49,8079,0.5480036266316581,1547704467,3,47147,49,8150,1.294913804688794,1558191044,5,47452,49,8088
0.4687566827131075,1547711264,15,47098,49,8070,0.8550054078441299,1551904745,11,47277,49,8052,0.1046372740164265,1558195155,9,47434,49,8063,0.19295909854360246,1560286707,3,47508,49,8116,0.18408678163613829,1560288195,5,47495,49,8118
0.4687566827131075,1547711264,15,47098,49,8070,0.8550054078441299,1551904745,11,47277,49,8052,0.1046372740164265,1558195155,9,47434,49,8063,0.19295909854360246,1560286707,3,47508,49,8116,0.18408678163613829,1560288195,5,47495,49,8118
0.23172005814637459,1560290586,6,47510,49,8132,0.5729904468250063,1547708041,6,47162,49,8105,1.1030646626813476,1554000479,9,47347,49,8147,1.1761902788048186,1556092936,3,47412,49,8174,0.32228925737686503,1562384772,4,47556,49,8121
0.8605187750449609,1551904669,11,47265,49,8104,0.9998384215583874,1553999883,7,47345,49,8131,1.0372777580462154,1554000894,9,47320,49,8133,0.6060390698556325,1547704222,3,47170,49,8106,0.25456543867818837,1560287629,5,47524,49,8173
0.8605187750449609,1551904669,11,47265,49,8104,0.9998384215583874,1553999883,7,47345,49,8131,1.0372777580462154,1554000894,9,47320,49,8133,0.6060390698556325,1547704222,3,47170,49,8106,0.25456543867818837,1560287629,5,47524,49,8173
0.4520288211431773,1562390329,11,47606,49,8100,0.5448398832527668,1547710239,11,47142,49,8092,0.842774105140817,1551903714,9,47235,49,8128,0.9296683449045533,1553996014,3,47309,49,8054,0.4693664360722957,1547705123,5,47107,49,8076
0.4520288211431773,1562390329,11,47606,49,8100,0.5448398832527668,1547710239,11,47142,49,8092,0.842774105140817,1551903714,9,47235,49,8128,0.9296683449045533,1553996014,3,47309,49,8054,0.4693664360722957,1547705123,5,47107,49,8076
1.2043427320783835,1556098513,11,47414,49,8073,0.12196926513482187,1558194284,7,47480,49,8121,0.6667307952214924,1547709613,9,47161,49,8080,0.8216556047057814,1551898846,3,47264,49,8131,0.8009516352476727,1551899469,5,47248,49,8095
1.2043427320783835,1556098513,11,47414,49,8073,0.12196926513482187,1558194284,7,47480,49,8121,0.6667307952214924,1547709613,9,47161,49,8080,0.8216556047057814,1551898846,3,47264,49,8131,0.8009516352476727,1551899469,5,47248,49,8095
0.24936434876411478,1560292594,10,47521,49,8126,0.27190112588053034,1560290963,7,47546,49,8078,1.2948153431725278,1558194972,9,47427,49,8170,0.9168180519301259,1551898781,3,47299,49,8107,0.8071750869488584,1551899630,5,47243,49,8114
0.5383170686361706,1547710638,11,47128,49,8129,0.43427680793843565,1545612531,11,47106,49,8112,0.7105887293669813,1549805662,7,47179,49,8146,0.9163068634346525,1551898243,3,47304,49,8118,0.9530267838643395,1553996191,5,47309,49,8182
0.06750840435389374,1558195483,10,47440,49,8101,0.6752909049567076,1549805927,7,47207,49,8086,0.7216043295080525,1549805889,8,47183,49,8131,0.7423046123495113,1549801773,3,47226,49,8093,0.2941386878680408,1562384814,4,47545,49,8140
0.06750840435389374,1558195483,10,47440,49,8101,0.6752909049567076,1549805927,7,47207,49,8086,14.009876585995803,1549805889,8,47183,49,8131,0.7423046123495113,,,,,,0.2941386878680408,1562384814,4,47545,49,8140
0,1551904061,10,47233,49,8115,0.41030867178575386,1562388238,7,47604,49,8088,0.6315425801037621,1547709605,9,47146,49,8103,1.0281953261208427,1553996133,3,47351,49,8132,0.2668060335193529,1560287716,5,47525,49,8138
0.7805543574829419,1551904061,10,47233,49,8115,0.41030867178575386,1562388238,7,47604,49,8088,0.6315425801037621,1547709605,9,47146,49,8103,1.0281953261208427,1553996133,3,47351,49,8132,0.2668060335193529,1560287716,5,47525,49,8138
0,1558195780,10,47475,49,12,0.7328151652216013,1551905000,12,47234,49,8138,0.2665030695582376,1560291886,8,47501,49,8109,0.8319574028567769,1551899077,3,47267,49,8145,0.8273697389753567,1551899531,5,47253,49,8062
0.15043027063608647,1558195780,10,47475,49,12,0.7328151652216013,1551905000,12,47234,49,8138,0.2665030695582376,1560291886,8,47501,49,8109,0.8319574028567769,1551899077,3,47267,49,8145,0.8273697389753567,1551899531,5,47253,49,8062
0,1551901512,6,47224,49,8150,1.1060145963771866,1556096575,6,47383,49,8090,1.1499822828383213,1556097976,9,47367,49,8109,0.6675412961252242,1549801842,3,47199,49,8120,0.29128348593651815,1560287860,5,47541,49,8128
0.7627055853204637,1551901512,6,47224,49,8150,1.1060145963771866,1556096575,6,47383,49,8090,1.1499822828383213,1556097976,9,47367,49,8109,0.6675412961252242,1549801842,3,47199,49,8120,0.29128348593651815,1560287860,5,47541,49,8128
0,1560292272,9,47501,49,8153,0.1840830391641142,1560291574,7,47510,49,8125,0.8364502642754047,1551903206,8,47234,49,8114,0.5298481527421525,1547704157,3,47141,49,8073,0.922530335222762,1553996697,5,47296,49,8082
0.209791091631231,1560292272,9,47501,49,8153,0.1840830391641142,1560291574,7,47510,49,8125,0.8364502642754047,1551903206,8,47234,49,8114,0.5298481527421525,1547704157,3,47141,49,8073,0.922530335222762,1553996697,5,47296,49,8082
0.8987666703544254,1551901857,6,47282,49,8090,0.49557640038459,1547710765,13,47128,49,8054,0.5439289433826046,1547709713,10,47110,49,8151,0.36655477928594266,1545607545,4,47074,49,8098,0.3066841307594595,1562384927,5,47550,49,8079
0.8049314392965209,1551904330,10,47242,49,8093,0.49159844375856254,1547708155,6,47119,49,8033,0.6629573016148171,1547709382,9,47159,49,8119,0.16582903834575746,1558189633,3,47498,49,8063,1.0492078937676879,1553996231,5,47349,49,8111
0.8049314392965209,1551904330,10,47242,49,8093,0.49159844375856254,1547708155,6,47119,49,8033,0.6629573016148171,1547709382,9,47159,49,8119,0.16582903834575746,1558189633,3,47498,49,8063,1.0492078937676879,1553996231,5,47349,49,8111
0.4404016495260601,1562390059,11,47600,49,8099,0,1560292461,10,47496,49,8051,0.7014096689810358,1549806480,9,47174,49,8089,0.4593713221548612,1545607244,3,47108,49,875,0.9504764308974368,1553996190,5,47309,49,8116
0.4404016495260601,1562390059,11,47600,49,8099,0.17245587764046894,1560292461,10,47496,49,8051,0.7014096689810358,1549806480,9,47174,49,8089,0.4593713221548612,1545607244,3,47108,49,8075,0.9504764308974368,1553996190,5,47309,49,8116
0.6871280647207009,1549804441,6,47189,49,8124,0.8714265729920049,1551902498,7,47291,49,8127,0.1342154548726467,1558195727,9,47447,49,8138,1.0636902400948127,1553995885,3,47367,49,8120,0.1448202372935709,1558191012,5,47472,49,8079
0.6871280647207009,1549804441,6,47189,49,8124,0.8714265729920049,1551902498,7,47291,49,8127,0.1342154548726467,1558195727,9,47447,49,8138,1.0636902400948127,1553995885,3,47367,49,8120,0.1448202372935709,1558191012,5,47472,49,8079
0.6323567672751726,1549807313,11,47166,49,8141,0.1265587902647679,1558194232,7,47482,49,8131,0.6105318810788889,1547709790,9,47137,49,8126,0.1519582322530512,1558190082,3,47490,49,8105,0.2335547517565259,1562384432,5,47514,49,8146
1.1200955031740567,1556098775,10,47376,49,8144,0.3089240083789615,1562390570,12,47566,49,8067,0.38277660339275954,1562389073,9,47554,49,8118,1.207298273148002,1556092612,3,47431,49,8169,1.0857214668129918,1556093693,5,47367,49,8123
1.1200955031740567,1556098775,10,47376,49,8144,0.3089240083789615,1562390570,12,47566,49,8067,0.38277660339275954,1562389073,9,47554,49,8118,1.207298273148002,1556092612,3,47431,49,8169,1.0857214668129918,1556093693,5,47367,49,8123
0.9675110149854443,1554001558,11,47312,49,8138,0.7021161028407514,1549804944,6,47207,49,8081,0.8738821257657042,1551903980,9,47251,49,8146,0.33075447577074923,1545607337,3,47057,49,8135,0.12095248061540426,1558190869,5,47466,49,8104
0.9675110149854443,1554001558,11,47312,49,8138,0,1549804944,6,47207,49,8081,0,1551903980,9,47251,49,8146,13.304033320543795,1545607337,3,47057,49,8135,0.7813685545878868,1551899574,5,47239,49,8072
0.8069724579392358,1551905907,16,47238,49,8101,1.020746867933423,1554001408,11,47355,49,8124,0.5260801639345669,1545612138,9,47101,49,8146,0.7556660817202847,1549800761,3,47235,49,8065,0.3953187622043681,1545608070,5,47072,49,8128
0.8069724579392358,1551905907,16,47238,49,8101,1.020746867933423,1554001408,11,47355,49,8124,0.5260801639345669,1545612138,9,47101,49,8146,0.7556660817202847,1549800761,3,47235,49,8065,0.3953187622043681,1545608070,5,47072,49,8128
