a1_m,a1_peak,a1_pwr,a1_fp_idx,a1_acc,a1_xo,a2_m,a2_peak,a2_pwr,a2_fp_idx,a2_acc,a2_xo,a3_m,a3_peak,a3_pwr,a3_fp_idx,a3_acc,a3_xo,a4_m,a4_peak,a4_pwr,a4_fp_idx,a4_acc,a4_xo,a5_m,a5_peak,a5_pwr,a5_fp_idx,a5_acc,a5_xo
1.0213640496604999,1553999450,6,47330,49,8142,0.7564784380223535,1556095933,8,47235,49,8070,0.7967747398491389,1549802514,4,47223,49,8173,1.400580655458003,1560290103,6,47505,49,8092,0.7475075748153779,1549799931,4,47214,49,8170
1.0213640496604999,1553999450,6,47330,49,8142,0.7564784380223535,1556095933,8,47235,49,8070,0.7967747398491389,1549802514,4,47223,49,8173,1.400580655458003,1560290103,6,,49,8092,0.7475075748153779,1549799931,4,47214,49,8170
0.8502169917068262,1551904546,12,47256,49,8146,1.456876097506947,1566581326,7,47544,49,8043,1.650573542398515,1545610369,6,47076,49,8136,1.754706857285159,1547705779,5,47145,49,8099,1.364678680297854,1558189659,4,47475,49,8126
1.348359753461359,1558194073,7,47468,49,8105,0.7445445625448156,1556095035,7,47240,49,8058,1.7675627323701697,1547706657,6,47121,49,8142,1.592025049870907,1545608847,5,47076,49,8130,1.2685998097751174,1556092180,4,47433,49,8132
1.348359753461359,1558194073,7,47468,49,8105,0.7445445625448156,1556095035,7,47240,49,8058,1.7675627323701697,1547706657,6,47121,49,8142,1.592025049870907,1545608847,5,47076,49,8130,1.2685998097751174,1556092180,4,47433,49,8132
0.6331728191825118,1547710279,13,47160,49,8098,1.2321828104749497,1564484944,9,47443,49,8091,0.6739728865569723,1547706144,5,47171,49,8137,1.3996623722909205,1560288349,5,47506,49,8102,1.4033355366628641,1558190767,4,47488,49,8164
1.6924908606315114,1545612378,10,47101,49,8157,0.7563762007974432,1551903442,10,47244,49,8139,1.4286327865209156,1558193301,7,47492,49,8140,1.6703555335277742,1547705220,4,47116,49,8123,0.8049314562765647,1549800405,3,47235,49,8128
1.6924908606315114,1545612378,10,47101,49,8157,0.7563762007974432,1551903442,10,47244,49,8139,1.4286327865209156,1558193301,7,47492,49,8140,1.6703555335277742,1547705220,4,47116,49,8123,0.8049314562765647,1549800405,3,47235,49,8128
0.7231323317162799,1549806337,9,47197,49,8145,1.0724584697590893,1556097433,10,47377,49,8107,0,1560290929,7,47522,49,8137,1.4674884263930161,1545605990,3,47025,49,8078,0.9839321975123323,1553994120,2,47312,49,8062
0.5517807974333611,1547710349,11,47125,49,8155,1.654339629031442,1545609314,7,47104,49,8053,1.0672648702424727,1553999109,6,47336,49,29,1.7686780280365697,1547705370,4,47164,49,8061,0.6512260634722407,1549800716,3,47166,49,8131
0.5517807974333611,1547710349,11,47125,49,8155,1.654339629031442,1545609314,7,47104,49,8053,1.0672648702424727,1553999109,6,47336,49,29,1.7686780280365697,1547705370,4,47164,49,8061,0.6512260634722407,1549800716,3,47166,49,8131
1.3976232520408718,1558194236,8,47488,49,8102,1.359878968956215,1558192617,10,47495,49,8040,1.6044716301761728,1562387037,6,47565,49,26,0.8757130665712625,1551898781,4,47295,49,8100,1.4198589504962944,1558189936,3,47491,49,8121
1.3976232520408718,1558194236,8,47488,49,8102,1.359878968956215,1558192617,10,47495,49,8040,1.6044716301761728,1562387037,6,47565,49,26,0.8757130665712625,1551898781,4,47295,49,8100,1.4198589504962944,1558189936,3,47491,49,8121
0.6720322902168404,1549807527,11,47178,49,8108,1.6423035146426679,1545609103,7,47110,49,8110,1.6061037123806787,1562385773,4,47565,49,8184,0.891320052810672,1551900022,5,47294,49,8086,0.6685655075608737,1547703141,3,47169,49,8186
0.6720322902168404,1549807527,11,47178,49,8108,1.6423035146426679,1545609103,7,47110,49,8110,1.6061037123806787,1562385773,4,47565,49,8184,0.891320052810672,1551900022,5,47294,49,8086,0.6685655075608737,1547703141,3,47169,49,8186
1.1045926323435011,1554000208,9,47361,49,8116,0.7714719958532458,1549803362,8,47240,49,8050,1.5927422249374457,1562387203,6,47560,49,8113,0.7978937702842518,1551899617,4,47250,49,8110,1.0559407066336208,1553994083,3,47339,49,8103
1.1045926323435011,1554000208,9,47361,49,8116,0.7714719958532458,1549803362,8,47240,49,8050,1.5927422249374457,1562387203,6,47560,49,8113,1.720435052870088,1547705298,5,47141,49,8124,1.0559407066336208,1553994083,3,47339,49,8103
0.9463981053445096,1551903466,10,47296,49,8130,1.3868064232336992,1558191204,8,47503,49,8054,1.0399303368515338,1553997161,4,47324,49,8113,1.2802250380718092,1558190337,4,47465,49,8098,0.9688382612451593,1553995367,4,47297,49,8120
0.9463981053445096,1551903466,10,47296,49,8130,1.3868064232336992,1558191204,8,47503,49,8054,1.0399303368515338,1553997161,4,47324,49,8113,1.2802250380718092,1558190337,4,47465,49,8098,0.9688382612451593,1553995367,4,47297,49,8120
1.6454710096860106,1545610081,7,47082,49,8134,1.4893113571786285,1566583644,9,47554,49,8078,1.4475020811251913,1558191345,5,47496,49,8136,1.4430090814827514,1560287317,4,47533,49,8112,1.7260488475933236,1547703770,3,47105,49,8121
1.6454710096860106,1545610081,7,47082,49,8134,1.4893113571786285,1566583644,9,47554,49,8078,1.4475020811251913,1558191345,5,47496,49,8136,1.4430090814827514,1560287317,4,47533,49,8112,1.7260488475933236,1547703770,3,47105,49,8121
0.9001942928808705,1551903489,9,47277,49,8145,0.49537192482670617,1553999460,9,47132,49,8073,1.2981817310158832,1556094118,5,47432,49,8191,1.6268043042171199,1547706121,5,47099,49,8115,1.0523698351857473,1553996835,4,47342,49,8065
0.9001942928808705,1551903489,9,47277,49,8145,0.49537192482670617,1553999460,9,47132,49,8073,1.2981817310158832,1556094118,5,47432,49,8191,1.6268043042171199,1547706121,5,47099,49,8115,1.0523698351857473,1553996835,4,47342,49,8065
0.7703548133550706,1549805907,10,47222,49,8158,1.0324762620090437,1553999432,11,47362,49,8142,0.6504118490440516,1547706169,5,47159,49,8098,0.9869899679461597,1553994595,3,47340,49,8118,0.894686499908809,1551897553,3,47272,49,8105
0.7703548133550706,1549805907,10,47222,49,8158,1.0324762620090437,1553999432,11,47362,49,8142,0.6504118490440516,1547706169,5,47159,49,8098,0.9869899679461597,1553994595,3,47340,49,8118,0.894686499908809,1551897553,3,47272,49,8105
1.2860414954466792,1558195278,10,47438,49,8169,1.3275478582628977,1558193803,10,47485,49,8107,1.6413944920537356,1545609592,5,47067,49,8145,1.1909793358228804,1556093072,4,47428,49,8069,1.373246170165187,1558189262,3,47476,49,8088
1.0866416253791649,1554001690,12,47353,49,8116,0.601445867593633,1547706770,9,47180,49,8117,0.8765346960150786,1551901273,6,47257,49,8176,0.6506144525029464,1549801780,3,47182,49,8116,1.2779833401740284,1558189819,4,47434,49,8107
1.0866416253791649,1554001690,12,47353,49,8116,0.601445867593633,1547706770,9,47180,49,8117,0.8765346960150786,1551901273,6,47257,49,8176,0.6506144525029464,1549801780,3,47182,49,8116,1.2779833401740284,1558189819,4,47434,49,8107
1.6752536563698566,1545612361,10,47094,49,8091,0,1562387738,10,47569,49,8056,0.9275325113327083,1551900367,5,47277,49,8116,1.3339758060951854,1560287113,4,47490,49,8184,1.0327886105331068,1553994709,3,47326,49,8065
1.6752536563698566,1545612361,10,47094,49,8091,1.517257427010455,1562387738,10,47569,49,8056,0.9275325113327083,1551900367,5,47277,49,8116,1.3339758060951854,1560287113,4,47490,49,8184,1.0327886105331068,1553994709,3,47326,49,8065
0.9181452997577756,1551903214,9,47285,49,8092,0,1556095796,8,47182,49,8051,0.6952902820762253,1547705389,5,47178,49,8084,1.750526271700955,1547704946,6,47142,49,7,1.6813730316785738,1545607015,3,47095,49,8082
0.9181452997577756,1551903214,9,47285,49,8092,0.6469377138148097,1556095796,8,47182,49,8051,0.6952902820762253,1547705389,5,47178,49,8084,1.750526271700955,1547704946,6,47142,49,7,1.6813730316785738,1545607015,3,47095,49,8082
0.9989257585535554,1554001045,10,47317,49,8130,1.6003843793039805,1551901610,7,47082,49,8060,1.419249262234182,1558192225,6,47488,49,8042,1.8166161555443527,1549803119,5,47182,49,8117,0.6849848420388804,1549800440,3,47184,49,8122
0.9989257585535554,1554001045,10,47317,49,8130,1.6003843793039805,1551901610,7,47082,49,8060,1.419249262234182,1558192225,6,47488,49,8042,1.8166161555443527,1549803119,5,47182,49,8117,0.6849848420388804,1549800440,3,47184,49,8122
1.143758804915305,1556098740,11,47377,49,8116,1.6240476566117459,1551901922,10,47098,49,8127,0.9382414069671,1551900054,4,47284,49,8159,0.8289999311039168,1551899495,4,47273,49,8131,1.0088186166515951,1553994540,3,47321,49,8164
1.143758804915305,1556098740,11,47377,49,8116,1.6240476566117459,1551901922,10,47098,49,8127,0.9382414069671,1551900054,4,47284,49,8159,0.8289999311039168,1551899495,4,47273,49,8131,1.0088186166515951,1553994540,3,47321,49,8164
0.9504783010412727,1551904282,12,47296,49,8157,1.0550167836993865,1562387342,10,47373,49,8080,1.5984545069625478,1562386403,5,47563,49,8163,0.7772901744812778,1551898509,4,47244,49,8130,1.0376829872024944,1553995061,4,47334,49,8120
0.9504783010412727,1551904282,12,47296,49,8157,1.0550167836993865,1562387342,10,47373,49,8080,1.5984545069625478,1562386403,5,47563,49,8163,0.7772901744812778,1551898509,4,47244,49,8130,1.0376829872024944,1553995061,4,47334,49,8120
0.9974981540548641,1554001641,11,47315,49,8113,0.8831559671394396,1551901928,10,47298,49,8108,1.0297307678291712,1553997311,5,47323,49,8144,1.0808270653977012,1556093090,4,47372,49,8112,1.3994598225783663,1558188995,3,47483,49,8167
0.9974981540548641,1554001641,11,47315,49,8113,0.8831559671394396,1551901928,10,47298,49,8108,1.0297307678291712,1553997311,5,47323,49,8144,1.0808270653977012,1556093090,4,47372,49,8112,1.3994598225783663,1558188995,3,47483,49,8167
1.4469889899031605,1560292963,11,47508,49,8068,1.1990337615728597,1562388006,9,47424,49,8060,0.7771916530088617,1549803637,5,47215,49,8126,1.8316115851312536,1549801967,4,47179,49,8115,0.9380351014208334,1551897020,3,47287,49,8077
1.4469889899031605,1560292963,11,47508,49,8068,1.1990337615728597,1562388006,9,47424,49,8060,0.7771916530088617,1549803637,5,47215,49,8126,1.8316115851312536,1549801967,4,47179,49,8115,0.9380351014208334,155189720,3,47287,49,8077
0.6902899998406155,1549807318,11,47183,49,8040,1.3545756543254526,1566581288,9,47499,49,8052,1.6753577257038423,1545609821,5,47089,49,8165,1.3891560705667478,1560287065,4,47509,49,8121,1.7146224565881787,1547703492,4,47113,49,8102
1.1468184870376994,1556098793,11,47379,49,8164,1.5572402620868464,1568678456,8,47576,49,8071,1.4105795380545476,1558192656,6,47485,49,8181,1.1227462000703736,1556092796,4,47393,49,8147,1.4069045411680638,1558189117,3,47490,49,8133
1.1468184870376994,1556098793,11,47379,49,8164,1.5572402620868464,1568678456,8,47576,49,8071,1.4105795380545476,1558192656,6,47485,49,8181,1.1227462000703736,1556092796,4,47393,49,8147,1.4069045411680638,1558189117,3,47490,49,8133
1.264928568027766,1556098300,11,47429,49,8113,1.214536640479036,1564484887,10,47440,49,8062,0.8771462646782957,1551901202,6,47259,49,8122,0.7410814534007314,1549801016,3,47231,49,8088,0.8246149383815726,1551897905,3,47247,49,8173
1.264928568027766,1556098300,11,47429,49,8113,1.214536640479036,1564484887,10,47440,49,8062,0.8771462646782957,1551901202,6,47259,49,8122,0.7410814534007314,1549801016,3,47231,49,8088,0.8246149383815726,1551897905,3,47247,49,8173
1.304808542041269,1558195233,10,47446,49,8132,0.7793256758260213,1558193822,10,47251,49,8083,1.5286896317248206,1560289548,5,47535,49,8129,1.3854848354145752,1560287642,4,47505,49,8104,1.4360737405467454,1560286739,3,47508,49,8129
1.304808542041269,1558195233,10,47446,49,8132,0.7793256758260213,1558193822,10,47251,49,8083,1.5286896317248206,1560289548,5,47535,49,8129,1.3854848354145752,1560287642,4,47505,49,8104,1.4360737405467454,1560286739,3,47508,49,8129
0.8200272500574843,1549806658,10,47239,49,8099,1.3351970577378678,1564484941,9,47489,49,8108,1.476264207614841,1560288886,5,47513,49,8183,1.6323121045111835,1545607323,4,47101,49,8124,1.5502077495566442,1560286576,3,47550,49,8078
0.8200272500574843,1549806658,10,47239,49,8099,1.3351970577378678,1564484941,9,47489,49,8108,1.476264207614841,1560288886,5,47513,49,8183,1.6323121045111835,1545607323,4,47101,49,8124,1.5502077495566442,1560286576,3,47550,49,8078
1.3497873552831359,1558195384,10,47469,49,8101,1.0794961105085208,1562387935,10,47380,49,8061,1.6228316014454962,1562387104,6,47572,49,8102,1.5437802085107977,1545607368,3,47065,49,8068,1.6233375789348716,1545606191,3,47073,49,8152
0.5354618638553404,1547709168,10,47117,49,8139,1.140795719649201,1562388260,10,47395,49,8101,1.3208244965995122,1558191553,4,47445,49,8173,1.5333775616589758,1545607100,3,47055,49,8076,1.4404606681872825,1560286293,3,47506,49,8130
0.5354618638553404,1547709168,10,47117,49,8139,1.140795719649201,1562388260,10,47395,49,8101,1.3208244965995122,1558191553,4,47445,49,8173,1.5333775616589758,1545607100,3,47055,49,8076,1.4404606681872825,1560286293,3,47506,49,8130
1.5391921393046675,1560293189,12,47548,49,8094,1.4906367065004509,1560289936,9,47557,49,8061,0.5920715135177884,1547705871,4,47134,49,8088,0.8949912998191204,1553995789,4,47298,49,8161,0.7044656890756529,1549800910,3,47194,49,8141
1.5391921393046675,1560293189,12,47548,49,8094,1.4906367065004509,1560289936,9,47557,49,8061,0.5920715135177884,1547705871,4,47134,49,8088,0.8949912998191204,1553995789,4,47298,49,8161,0.7044656890756529,1549800910,3,47194,49,8141
0.5533106405025784,1547709280,10,47126,49,23,1.6378162295875405,1551902308,10,47106,49,8098,1.5427649181070453,1560288886,5,47541,49,8184,1.0275837381724227,1553995687,4,47358,49,8170,0.6782538991998349,1549800411,3,47179,49,8139
0.5533106405025784,1547709280,10,47126,49,23,1.6378162295875405,1551902308,10,47106,49,8098,1.5427649181070453,1560288886,5,47541,49,8184,1.0275837381724227,1553995687,4,47358,49,8170,0.6782538991998349,1549800411,3,47179,49,8139
0.9944384708840518,1554001564,11,47313,49,8095,0.5914507760181492,1553999086,9,47175,49,8075,1.3377549856124344,1558192570,6,47455,49,23,1.1996490584820003,1558190311,4,47431,49,8113,0.7272106921529342,1549800160,3,47203,49,8101
0.9944384708840518,1554001564,11,47313,49,8095,0.5914507760181492,1553999086,9,47175,49,8075,1.3377549856124344,1558192570,6,47455,49,23,1.1996490584820003,1558190311,4,47431,49,8113,0.7272106921529342,1549800160,3,47203,49,8101
1.1304995596204306,1556098227,11,47371,49,8098,1.6394483012332104,1545609670,9,47108,49,8132,0.9036647593479438,1551900528,5,47271,49,8137,1.1004101513293947,1556093545,4,47380,49,8172,1.7052389312960388,1547703271,3,47110,49,8063
1.5595912703324666,1560292670,11,47555,49,8078,0.5863500724923477,1556095831,10,47177,49,8104,0.909988599011599,1551900880,5,47273,49,8084,1.3085800887656227,1560287122,4,47475,49,8128,0.6471440464042287,1549800357,3,47172,49,8170
1.5595912703324666,1560292670,11,47555,49,8078,0.5863500724923477,1556095831,10,47177,49,8104,0.909988599011599,1551900880,5,47273,49,8084,1.3085800887656227,1560287122,4,47475,49,8128,0.6471440464042287,1549800357,3,47172,49,8170
0.7641332121876732,1549807373,12,47218,49,8103,0.7822831135728994,1558193208,9,47256,49,8105,0.6984522011899057,1549803318,5,47179,49,8138,1.564688661163268,1545607464,4,47076,49,8108,0.9278355368040927,1551897958,3,47284,49,8129
0.7641332121876732,1549807373,12,47218,49,8103,0.7822831135728994,1558193208,9,47256,49,8105,0.6984522011899057,1549803318,5,47179,49,8138,0.8925431815725637,1551898596,4,47298,49,8126,0.9278355368040927,1551897958,3,47284,49,8129
0.566467657327389,1547710320,11,47132,49,8090,1.3450898829412676,1566581712,10,47498,49,8091,1.2462656253727524,1556095592,6,47416,49,8180,1.157220609964561,1556093293,4,47407,49,8064,1.7335939720528555,1547703536,3,47120,49,8149
0.6885556919889765,1549807069,11,47183,49,8132,1.1861834796223318,1562387954,10,47424,49,8106,0.7793330659319634,1549803908,5,47218,49,8120,1.0237080170050619,1553996267,4,47356,49,8083,1.7239055903699856,1545606207,3,47111,49,8147
1.1077545551280463,1554001088,11,47361,49,8144,1.4152637106085562,1566581954,9,47522,49,8066,1.7720500241255186,1547706760,5,47125,49,8191,1.259723670433886,1558189840,3,47458,49,8138,0.8739806651491283,1551898155,3,47268,49,8114
1.1077545551280463,1554001088,11,47361,49,8144,1.4152637106085562,1566581954,9,47522,49,8066,1.7720500241255186,1547706760,5,47125,49,8191,1.259723670433886,1558189840,3,47458,49,8138,0.8739806651491283,1551898155,3,47268,49,8114
1.4540266346741826,1560291702,9,47510,49,8165,1.6307785818801255,1551902582,9,47105,49,8127,1.4966633375997358,1560289473,5,47521,49,8119,1.5779479052882412,1545607836,4,47082,49,8089,1.270640853518784,1556092151,4,47427,49,8109
0.6606095891633387,1547709816,11,47169,49,8102,0.674781567768652,1556096064,9,47206,49,8122,1.249427546363665,1556094763,5,47417,49,8144,0.7010992466995314,1549802065,4,47215,49,8058,1.7010583497622511,1545606467,4,47103,49,8117
0.6606095891633387,1547709816,11,47169,49,8102,0.674781567768652,1556096064,9,47206,49,8122,1.249427546363665,1556094763,5,47417,49,8144,0.7010992466995314,1549802065,4,47215,49,8058,1.7010583497622511,1545606467,4,47103,49,8117
1.0201409253010314,1554001596,11,47324,49,8149,0.8537822743267992,1558194403,10,47283,49,8059,0.9490525374594722,1551900954,6,47290,49,8123,0.9601666321158795,1553996235,4,47323,49,8125,0.9668976144297229,1553995231,3,47309,49,8118
1.0201409253010314,1554001596,11,47324,49,8149,0.8537822743267992,1558194403,10,47283,49,8059,0.9490525374594722,1551900954,6,47290,49,8123,0.9601666321158795,1553996235,4,47323,49,8125,0.9668976144297229,1553995231,3,47309,49,8118
1.1570180524388443,1556098731,11,47382,49,8102,0.5754385554669194,1553999867,10,47156,49,8024,1.633643039012887,1545609709,6,47066,49,8102,1.258805387854442,1558189748,3,47459,49,8135,1.2581976483294464,1556091883,3,47421,49,8135
1.1570180524388443,1556098731,11,47382,49,8102,0.5754385554669194,1553999867,10,47156,49,8024,1.633643039012887,1545609709,6,47066,49,8102,1.258805387854442,1558189748,3,47459,49,8135,1.2581976483294464,1556091883,3,47421,49,8135
1.2325955605817953,1556098438,11,47417,49,8053,1.2919525789353656,1564484787,8,47467,49,8113,0.9945425521129899,1553998008,6,47308,49,8182,1.2205593885587802,1558190057,4,47434,49,8073,1.4080273029714485,1558189483,3,47488,49,8170
1.2325955605817953,1556098438,11,47417,49,8053,1.2919525789353656,1564484787,8,47467,49,8113,0.9945425521129899,1553998008,6,47308,49,8182,1.2205593885587802,1558190057,4,47434,49,8073,1.4080273029714485,1558189483,3,47488,49,8170
1.4032333050270824,1558195715,11,47485,49,8098,0.986988129862947,1560290490,9,47337,49,8108,1.6218113996063337,1545608510,4,47062,49,8101,1.245648387307235,1558190730,4,47452,49,8057,1.5651994151903954,1545606250,3,47051,49,8076
1.4869712147913388,1560293130,11,47520,49,8105,0.5948171659091116,1553999223,9,47174,49,8083,0.9798556987477128,1551900493,5,47300,49,8136,1.175578693889576,1556092648,3,47419,49,8050,0.6450044634264527,1547703690,3,47161,49,8098
1.2947112276324022,1558194499,9,47437,49,8118,0.9969832128055206,1560291375,10,47343,49,8103,1.2573834682880234,1556094338,5,47419,49,8182,0.8990714994348292,1551899208,4,47297,49,8160,1.716968334579849,1547703102,3,47115,49,8118
1.2411630508990954,1556098411,10,47418,49,8125,0.7824875884473458,1558193870,10,47254,49,8156,0.666323670921116,1547706625,5,47166,49,8166,0.9319156884160059,1551898568,4,47303,49,8188,0.9011125705366374,1551898121,3,47275,49,8046
1.2411630508990954,1556098411,10,47418,49,8125,0.7824875884473458,1558193870,10,47254,49,8156,0.666323670921116,1547706625,5,47166,49,8166,0.9319156884160059,1551898568,4,47303,49,8188,0.9011125705366374,1551898121,3,47275,49,8046
1.7230895562256194,1545612387,11,47109,49,8118,1.0190144152304756,1553998410,9,47351,49,8114,1.643535899279207,1545610130,6,47073,49,8178,1.3693703994644737,1560287366,4,47494,49,8148,1.5635692335091231,1543508854,3,47044,49,8145
1.7230895562256194,1545612387,11,47109,49,8118,1.0190144152304756,1553998410,9,47351,49,8114,1.643535899279207,1545610130,6,47073,49,8178,1.3693703994644737,1560287366,4,47494,49,8148,1.5635692335091231,1543508854,3,47044,49,8145
0.9842389175747366,1554000805,11,47305,49,8137,1.1964833905041057,1564484826,10,47435,49,8109,1.2775781188408581,1556094905,6,47429,49,8064,0.6372511381224057,1549801931,4,47184,49,8113,0,1553994503,3,47336,49,8136
0.9842389175747366,1554000805,11,47305,49,8137,1.1964833905041057,1564484826,10,47435,49,8109,1.2775781188408581,1556094905,6,47429,49,8064,1.3487648905146574,1558190226,3,47496,49,8143,1.0336027845376514,1553994503,3,47336,49,8136
0.6001260334196956,1547709802,10,47143,49,8189,1.3630427884513823,1564485200,10,47490,49,8071,1.1790511151706833,1556095275,5,47387,49,8172,1.2279037548233342,1558190555,4,47433,49,8118,0.8140101182221018,1549800769,3,47233,49,8107
0.6001260334196956,1547709802,10,47143,49,8189,1.3630427884513823,1564485200,10,47490,49,8071,1.1790511151706833,1556095275,5,47387,49,8172,1.2279037548233342,1558190555,4,47433,49,8118,0.8140101182221018,1549800769,3,47233,49,8107
1.2877758247232025,1558195847,12,47433,49,8178,0.5685031494431038,1553999753,9,47152,49,8078,1.1015348034882941,1553997706,5,47355,49,8142,0.6737647204435443,1549802123,4,47202,49,8113,1.6842300847917038,1545606231,3,47093,49,8156
1.2877758247232025,1558195847,12,47433,49,8178,0.5685031494431038,1553999753,9,47152,49,8078,1.1015348034882941,1553997706,5,47355,49,8142,0.6737647204435443,1549802123,4,47202,49,8113,1.6842300847917038,1545606231,3,47093,49,8156
1.6368013000219637,1562390249,11,47587,49,8067,0.906614776499782,1558193432,9,47298,49,8078,0.7880027857736154,1549803731,6,47221,49,8148,1.224230630531221,1558190248,4,47437,49,8118,1.276860574511033,1558189435,3,47439,49,8164
1.6368013000219637,1562390249,11,47587,49,8067,0.906614776499782,1558193432,9,47298,49,8078,0.7880027857736154,1549803731,6,47221,49,8148,1.224230630531221,1558190248,4,47437,49,8118,1.276860574511033,1558189435,3,47439,49,8164
1.0552268975713068,1554001616,12,47341,49,8149,0.5981817201894088,1553998763,10,47178,49,8093,1.6528171889696763,1545609790,6,47078,49,8182,0.7568892028177852,1551898259,3,47243,49,8114,1.261664409696865,1556091940,3,47428,49,8141
1.0552268975713068,1554001616,12,47341,49,8149,0.5981817201894088,1553998763,10,47178,49,8093,1.6528171889696763,1545609790,6,47078,49,8182,0.7568892028177852,1551898259,3,47243,49,8114,1.261664409696865,1556091940,3,47428,49,8141
0.5581046345915261,1547709923,11,47127,49,8066,1.7162507972227932,1553999666,10,47136,49,8120,0.8595019593282839,1551901039,6,47248,49,8172,1.047270936265688,1556092633,4,47356,49,8067,0.648980588141212,1547703399,3,47171,49,8109
0.5581046345915261,1547709923,11,47127,49,8066,1.7162507972227932,1553999666,10,47136,49,8120,0.8595019593282839,1551901039,6,47248,49,8172,1.047270936265688,1556092633,4,47356,49,8067,0.648980588141212,1547703399,3,47171,49,8109
1.5204250930930867,1560289939,5,47540,49,8131,0.5989977588521241,1556095758,10,47178,49,8042,0.8297193091386155,1549803290,5,47236,49,8117,1.7107448322173877,1547704380,3,47135,49,8099,1.288589977954407,1558189028,3,47444,49,8054
1.5204250930930867,1560289939,5,47540,49,8131,0.5989977588521241,1556095758,10,47178,49,8042,0.8297193091386155,1549803290,5,47236,49,8117,1.7107448322173877,1547704380,3,47135,49,8099,1.288589977954407,1558189028,3,47444,49,8054
1.4409718712843733,1560292755,11,47503,49,8126,0.6407142713420836,1556096567,10,47185,49,8090,1.3925262897893955,1558192641,6,47478,49,8136,0.7716783001478397,1551898395,3,47246,49,8075,1.101226237994416,1553994491,3,47361,49,8122
1.4409718712843733,1560292755,11,47503,49,8126,0.6407142713420836,1556096567,10,47185,49,8090,1.3925262897893955,1558192641,6,47478,49,8136,0.7716783001478397,1551898395,3,47246,49,8075,1.101226237994416,1553994491,3,47361,49,8122
0.7321069177101324,1549807799,12,47205,49,8103,0.8021729174805774,1558192409,8,47258,49,8127,1.4497457161660667,1560289613,6,47501,49,8151,1.468507051494532,1560286994,4,47542,49,8106,1.0889875085334568,1553995286,3,47353,49,8137
1.5676494370905074,1560292533,11,47557,49,8120,1.6634164400348683,1553998983,10,47118,49,8080,1.3877322874193139,1558193361,6,47477,49,8118,1.5267489057255337,1545607463,4,47043,49,8169,1.267274451182058,1556092281,3,47429,49,8123
1.5676494370905074,1560292533,11,47557,49,8120,1.6634164400348683,1553998983,10,47118,49,8080,1.3877322874193139,1558193361,6,47477,49,8118,1.5267489057255337,1545607463,4,47043,49,8169,1.267274451182058,1556092281,3,47429,49,8123
0.9913787876271989,1554001383,11,47311,49,8181,0.8631658056353559,1558193903,9,47284,49,8068,0.8177854350467084,1549803223,5,47233,49,8134,0.9300772850710545,1553995654,4,47309,49,8074,1.5590819571036765,1543509155,3,47040,49,8070
0.9913787876271989,1554001383,11,47311,49,8181,0.8631658056353559,1558193903,9,47284,49,8068,0.8177854350467084,1549803223,5,47233,49,8134,0.9300772850710545,1553995654,4,47309,49,8074,1.5590819571036765,1543509155,3,47040,49,8070
1.4644306797669908,1560292699,10,47513,49,8102,1.3083737544723486,1564485530,10,47470,49,8089,1.5676513267275334,1560289473,6,47553,49,8096,1.6413889307629457,1545607338,4,47103,49,8086,0.7996281285646624,1549801134,3,47230,49,8174
1.4644306797669908,1560292699,10,47513,49,8102,1.3083737544723486,1564485530,10,47470,49,8089,1.5676513267275334,1560289473,6,47553,49,8096,1.6413889307629457,1545607338,4,47103,49,8086,0.7996281285646624,1549801134,3,47230,49,8174
0.7885102908414314,1549807115,11,47228,49,8182,1.0365564727793228,1560291234,10,47359,49,8078,1.4295510675032879,1558191937,5,47491,49,8158,1.7429755954498418,1547704310,3,47147,49,8102,1.6487351667904482,1545606365,3,47081,49,8107
1.3081749409468777,1558196275,11,47446,49,8119,1.312147232136453,1564485596,10,47473,49,8091,1.5458245983331627,1560289564,5,47543,49,8160,1.119074970550893,1556093391,4,47384,49,8126,1.2683953322087056,1558189241,3,47434,49,8166
1.1415151601604951,1556098406,11,47376,49,8073,0.8940693392631807,1558193528,10,47300,49,8129,0.824109274123357,1549803826,6,,49,17,1.516447098194023,1562384259,3,47552,49,8130,0,1558188943,3,47493,49,8160
0,1556098406,11,47376,49,8073,0.8940693392631807,1558193528,10,47300,49,8129,0.824109274123357,1549803826,6,47235,49,17,1.516447098194023,1562384259,3,47552,49,8130,1.388849396991516,1558188943,3,47493,49,8160
1.6651563275497316,1545612771,11,47090,49,8101,1.3239788762240354,1564485456,10,47469,49,8078,0.6000274263595521,1547706258,5,47136,49,8116,1.1635425837504338,1556093132,4,47412,49,8134,1.7072799507939544,1545606216,3,47107,49,8125
1.6651563275497316,1545612771,11,47090,49,8101,1.3239788762240354,1564485456,10,47469,49,8078,0.6000274263595521,1547706258,5,47136,49,8116,1.1635425837504338,1556093132,4,47412,49,8134,1.7072799507939544,1545606216,3,47107,49,8125
1.650367239356789,1545613280,11,47083,49,8161,0.687735964460037,1556096935,10,47203,49,8118,1.0978635554135487,1553997604,5,47351,49,8143,1.3410134623963605,1558190428,4,47488,49,8077,1.4753421496027124,1560286627,3,47525,49,8102
1.650367239356789,1545613280,11,47083,49,8161,0.687735964460037,1556096935,10,47203,49,8118,1.0978635554135487,1553997604,5,47351,49,8143,1.3410134623963605,1558190428,4,47488,49,8077,1.4753421496027124,1560286627,3,47525,49,8102
1.4594321904797283,1560292348,10,47515,49,8107,1.2098448872725371,1564484796,10,47436,49,8153,1.586827343403105,1562386433,5,47557,49,8184,1.519504869577366,1560287260,4,47562,49,8102,0.8962163366372163,1551898190,3,47275,49,8144
1.4594321904797283,1560292348,10,47515,49,8107,1.2098448872725371,1564484796,10,47436,49,8153,1.586827343403105,1562386433,5,47557,49,8184,1.519504869577366,1560287260,4,47562,49,8102,0.8962163366372163,1551898190,3,47275,49,8144
1.0755237827285158,1554001795,12,47351,49,8177,1.640366591609095,1551901935,10,47103,49,8110,1.3808991247114617,1558192778,5,47472,49,8145,1.2548293305561042,1558190338,4,47445,49,8064,1.144879693865798,1556092182,4,47381,49,8125
1.328165107525519,1558196015,11,47458,49,8103,1.0832695973287174,1562387779,10,47381,49,8043,0.6874366007817093,1549803063,5,47175,49,8085,1.5357215449860757,1545607053,3,47059,49,8086,0.9036629234118845,1551897895,3,47274,49,8132
1.328165107525519,1558196015,11,47458,49,8103,1.0832695973287174,1562387779,10,47381,49,8043,0.6874366007817093,1549803063,5,47175,49,8085,1.5357215449860757,1545607053,3,47059,49,8086,0.995048179087156,1553995155,3,47322,49,8161
1.6784155735151711,1545612929,11,47096,49,8153,0.6032824267549745,1553998499,9,47175,49,8066,1.4512755566225852,1560289833,6,47502,49,8138,0.7127264279140407,1549801060,3,47216,49,8173,0.8064613008285485,1549800436,3,47235,49,8102
0.9559860994188154,1551903935,11,47299,49,8090,1.4625903052752927,1566582879,10,47534,49,8092,0.8893868446545148,1551899919,4,47259,49,8124,1.5361305216313736,1545607358,4,47055,49,8104,0.864598988185252,1551897562,3,47257,49,8154
0.9559860994188154,1551903935,11,47299,49,8090,1.4625903052752927,1566582879,10,47534,49,8092,0.8893868446545148,1551899919,4,47259,49,8124,1.5361305216313736,1545607358,4,47055,49,8104,0.864598988185252,1551897562,3,47257,49,8154
1.3579477581627641,1558195741,11,47470,49,8137,0.9243613043470207,1560290215,10,47307,49,8033,1.4175149406931828,1558192567,6,47489,49,8091,0.6435731466392767,1549801726,3,47190,49,8102,0.849910289172223,1551898019,3,47257,49,8091
1.0011693948446976,1554001711,11,47322,49,8149,1.4050641614387531,1566581666,9,47514,49,8083,1.251059626265264,1556095031,5,47417,49,8122,1.8012155221552009,1549801120,4,47168,49,8140,1.7104418704423463,1545605696,3,47108,49,8178
1.0011693948446976,1554001711,11,47322,49,8149,1.4050641614387531,1566581666,9,47514,49,8083,1.251059626265264,1556095031,5,47417,49,8122,1.8012155221552009,1549801120,4,47168,49,8140,1.7104418704423463,1545605696,3,47108,49,8178
0.9905627415718417,1554001073,10,47314,49,8122,0.7459721735655809,1556096523,10,47240,49,8077,1.1549807443687687,1556095445,6,47373,49,8118,1.8332418109809279,1549801591,3,47182,49,8082,1.4331162977810794,1560286388,3,47507,49,8137
0.9905627415718417,1554001073,10,47314,49,8122,0.7459721735655809,1556096523,10,47240,49,8077,1.1549807443687687,1556095445,6,47373,49,8118,1.8332418109809279,1549801591,3,47182,49,8082,1.4331162977810794,1560286388,3,47507,49,8137
1.5477596138978031,1560292425,11,47555,49,8103,1.5329648024491296,1551901956,9,47060,49,8158,1.7877573919609373,1547705774,4,47129,49,8151,1.0834777979880148,1556092574,3,47375,49,8118,1.7841828317024313,1547703341,3,47145,49,8143
0.6879441121460768,1549806751,10,47185,49,8176,1.5219491980747295,1568678983,10,47568,49,8042,1.0088223144565993,1553997967,5,47310,49,8142,1.6183390654637602,1545606811,3,47091,49,8134,1.5594890275068614,1543509173,3,47044,49,8114
0.6879441121460768,1549806751,10,47185,49,8176,1.5219491980747295,1568678983,10,47568,49,8042,1.0088223144565993,1553997967,5,47310,49,8142,1.6183390654637602,1545606811,3,47091,49,8134,1.5594890275068614,1543509173,3,47044,49,8114
0.7133398642692658,1549806441,9,47200,49,8168,0.8930488223999952,1560286953,4,47302,49,8098,0.9892392267049445,1553996970,5,47302,49,8176,1.752970674846929,1547704666,4,47155,49,8101,1.113669443122676,1553994732,3,47367,49,8096
0.7133398642692658,1549806441,9,47200,49,8168,0.8930488223999952,1560286953,4,47302,49,8098,0.9892392267049445,1553996970,5,47302,49,8176,1.752970674846929,1547704666,4,47155,49,8101,1.113669443122676,1553994732,3,47367,49,8096
0.7657652794139492,1549806585,10,47222,49,8075,1.4932893274715475,1566582637,10,47553,49,8121,0.9615979853973633,1551900710,6,47293,49,8174,0.6663181429008307,1549802055,4,47201,49,8114,0.7979960513940495,1549800943,4,47230,49,8119
0.7657652794139492,1549806585,10,47222,49,8075,1.4932893274715475,1566582637,10,47553,49,8121,0.9615979853973633,1551900710,6,47293,49,8174,0.6663181429008307,1549802055,4,47201,49,8114,0.7979960513940495,1549800943,4,47230,49,8119
0.8019739999972985,1549807036,11,47235,49,8094,0.7809577609587052,1558193259,9,47249,49,8108,0.9749594685092023,1551900803,6,47298,49,8146,0.7907520484573581,1551899039,3,47253,49,8119,1.7255376657755719,1545606448,3,47112,49,8125
0.8019739999972985,1549807036,11,47235,49,8094,0.7809577609587052,1558193259,9,47249,49,8108,0.9749594685092023,1551900803,6,47298,49,8146,0.7907520484573581,1551899039,3,47253,49,8119,1.7255376657755719,1545606448,3,47112,49,8125
0.8145194427677104,1549806972,11,47240,49,8094,1.244421533685356,1564485405,10,47449,49,8123,1.0018869070966063,1553997868,5,47306,49,8139,0.9368082069343707,1553995876,3,47317,49,8126,1.5451070142630894,1543509106,3,47041,49,8088
0.8427722481313518,1551903901,10,47251,49,8178,0.5774777335700745,1553999650,10,47167,49,8096,1.0961292431684866,1553997655,5,47350,49,8078,1.1590552977879316,1556093116,4,47410,49,8153,1.4355644204592857,1560286782,3,47507,49,8132
0.8427722481313518,1551903901,10,47251,49,8178,0.5774777335700745,1553999650,10,47167,49,8096,1.0961292431684866,1553997655,5,47350,49,8078,1.1590552977879316,1556093116,4,47410,49,8153,1.4355644204592857,1560286782,3,47507,49,8132
0.8542971810919273,1551904590,11,47258,49,8126,1.0369635420229764,1560290705,10,47366,49,8100,1.1890462064734098,1556094922,5,47391,49,8130,1.2832847262480591,1558190601,4,47464,49,8170,1.4259764137872721,1560286666,3,47505,49,8175
0.8542971810919273,1551904590,11,47258,49,8126,1.0369635420229764,1560290705,10,47366,49,8100,1.1890462064734098,1556094922,5,47391,49,8130,1.2832847262480591,1558190601,4,47464,49,8170,1.4259764137872721,1560286666,3,47505,49,8175
0.539337580975114,1547709780,10,47122,49,8110,1.0324762620090437,1560290664,10,47362,49,8131,0.8539941621455809,1551900719,5,47244,49,13,1.035335189156058,1553996244,4,47359,49,8098,1.138146896715655,1556092346,3,47383,49,8169
0.539337580975114,1547709780,10,47122,49,8110,1.0324762620090437,1560290664,10,47362,49,8131,0.8539941621455809,1551900719,5,47244,49,13,1.035335189156058,1553996244,4,47359,49,8098,1.138146896715655,1556092346,3,47383,49,8169
1.1101004266324965,1554001384,11,47366,49,8142,0.5862496867153972,1553998999,10,47169,49,8091,1.650675786001353,1545609430,5,47070,49,8134,1.5592831061564756,1545607568,4,47070,49,8088,1.7162545292794316,1547703605,3,47115,49,8116
1.1101004266324965,1554001384,11,47366,49,8142,0.5862496867153972,1553998999,10,47169,49,8091,1.650675786001353,1545609430,5,47070,49,8134,1.5592831061564756,1545607568,4,47070,49,8088,1.7162545292794316,1547703605,3,47115,49,8116
0.8372644476909782,1551904234,11,47249,49,8138,0.6903866945618953,1556096767,10,47212,49,8061,1.7601161572437134,1547706026,5,47117,49,8135,1.6696435831440608,1547704262,4,47108,49,8081,1.544902528018587,1543508678,3,47043,49,8118
0.8372644476909782,1551904234,11,47249,49,8138,0.6903866945618953,1556096767,10,47212,49,8061,1.7601161572437134,1547706026,5,47117,49,8135,1.6696435831440608,1547704262,4,47108,49,8081,1.544902528018587,1543508678,3,47043,49,8118
0.8682702299634885,1551904299,10,47265,49,8151,1.219432881301979,1564485252,10,47441,49,8130,0.6896802581168721,1547705750,5,47172,49,8145,1.7033000957239937,1547704789,4,47130,49,8147,1.6928997959409287,1545606447,3,47100,49,8054
1.5676494302442305,1562389912,11,47560,49,8157,0.9225266077970717,1560289628,9,47312,49,8108,1.5756072622549406,1560289908,6,47550,49,8152,1.1075481650731325,1556093594,4,47387,49,8146,1.2581957588677595,1558189060,3,47434,49,8139
1.5676494302442305,1562389912,11,47560,49,8157,0.9225266077970717,1560289628,9,47312,49,8108,1.5756072622549406,1560289908,6,47550,49,8152,1.1075481650731325,1556093594,4,47387,49,8146,1.2581957588677595,1558189060,3,47434,49,8139
0.7563817563719936,1549806038,9,47218,49,8061,1.3836444982301612,1566581336,9,47511,49,8107,0.9781213941943967,1551900215,5,47296,49,8157,1.2996036481019262,1558190383,4,47472,49,8144,1.7264540805357595,1547703629,3,47123,49,8143
0.7563817563719936,1549806038,9,47218,49,8061,1.3836444982301612,1566581336,9,47511,49,8107,0.9781213941943967,1551900215,5,47296,49,8157,1.2996036481019262,1558190383,4,47472,49,8144,1.7264540805357595,1547703629,3,47123,49,8143
1.2203568253757107,1556098036,10,47413,49,8135,1.0919393079522515,1562387979,10,47379,49,8022,0.5966610528668929,1547706212,5,47132,49,8131,1.8177389192538056,1549801677,4,4176,49,8135,0,1558189030,3,47492,49,8065
1.2203568253757107,1556098036,10,47413,49,8135,1.0919393079522515,1562387979,10,47379,49,8022,0.5966610528668929,1547706212,5,47132,49,8131,1.8177389192538056,1549801677,4,47176,49,8135,1.408129532562432,1558189030,3,47492,49,8065
1.7263536954508258,1547709485,10,47116,49,8121,1.2098448765004204,1564481633,4,47431,49,8044,1.194249164118978,1556094699,5,47385,49,8081,1.0754196373302563,1556093346,4,47374,49,8096,0.9060087949163347,1551897788,3,47279,49,8124
1.7263536954508258,1547709485,10,47116,49,8121,1.2098448765004204,1564481633,4,47431,49,8044,1.194249164118978,1556094699,5,47385,49,8081,1.0337031092717337,1553996311,4,47359,49,8118,0.9060087949163347,1551897788,3,47279,49,8124
1.3077659755672613,1558195038,9,47452,49,8164,0.6077697196357925,1553998014,9,47178,49,8084,0.8303308881864356,1549803266,5,47233,49,8143,1.6748428171023397,1547704438,3,47121,49,8093,0.6488783436794794,1549800480,3,47176,49,8069
1.3077659755672613,1558195038,9,47452,49,8164,0.6077697196357925,1553998014,9,47178,49,8084,0.8303308881864356,1549803266,5,47233,49,8143,1.6748428171023397,1547704438,3,47121,49,8093,0.6488783436794794,1549800480,3,47176,49,8069
1.2336160702046592,1556098447,11,47419,49,8146,0.6047100364213515,1553998523,9,47176,49,8072,0.6833564201157026,1547706567,6,47170,49,8078,1.5427597064482694,1545607559,4,47064,49,8091,0.7915681214138811,1551897836,3,47241,49,8103
1.43933978284346,1560293273,11,47506,49,8164,1.0444101570529662,1560291079,10,47361,49,8096,0.7273165883441387,1549803099,5,47187,49,8079,1.7584784754077876,1547704149,3,47157,49,8094,1.3470343898891903,1558189285,3,47467,49,8153
1.43933978284346,1560293273,11,47506,49,8164,1.0444101570529662,1560291079,10,47361,49,8096,0.7273165883441387,1549803099,5,47187,49,8079,1.7584784754077876,1547704149,3,47157,49,8094,1.3470343898891903,1558189285,3,47467,49,8153
0.9739371019115959,1554001906,12,47309,49,8131,1.673411531264133,1551901208,9,47114,49,8086,1.445156205391688,1558192171,6,47492,49,8148,1.2164791942927067,1558189794,4,47431,49,8099,1.2271899887599733,1556092433,3,47418,49,8169
0.9739371019115959,1554001906,12,47309,49,8131,1.673411531264133,1551901208,9,47114,49,8086,1.445156205391688,1558192171,6,47492,49,8148,1.2164791942927067,1558189794,4,47431,49,8099,1.2271899887599733,1556092433,3,47418,49,8169
1.1577318442144342,1556098655,11,47387,49,8090,0.7816715663931258,1558193766,10,47249,49,8127,1.414455270958169,1558192275,5,47481,49,8091,0.6246016231706522,1549801941,4,47187,49,1,1.7504222156144276,1547703633,3,47136,49,8090
1.1577318442144342,1556098655,11,47387,49,8090,0.7816715663931258,1558193766,10,47249,49,8127,1.414455270958169,1558192275,5,47481,49,8091,0.6246016231706522,1549801941,4,47187,49,1,1.7504222156144276,1547703633,3,47136,49,8090
1.6712756906785473,1545612953,11,47096,49,8175,1.5738659076912922,1568680002,10,47578,49,8094,1.5927422305868206,1562385911,5,47557,49,8093,1.3264269573868088,1558190353,3,47490,49,8147,1.556020366058267,1545606092,3,47050,49,8072
1.6712756906785473,1545612953,11,47096,49,8175,1.5738659076912922,1568680002,10,47578,49,8094,1.5927422305868206,1562385911,5,47557,49,8093,1.3264269573868088,1558190353,3,47490,49,8147,1.556020366058267,1545606092,3,47050,49,8072
1.5149172831392475,1560293190,11,47541,49,8146,1.6419986733537995,1551902401,10,47102,49,8136,1.073486479775712,1553998350,5,47336,49,8113,1.4153716290165586,1560286933,4,47506,49,8144,1.262274076911012,1558189480,3,47442,49,8075
1.5149172831392475,1560293190,11,47541,49,8146,1.6419986733537995,1551902401,10,47102,49,8136,1.073486479775712,1553998350,5,47336,49,8113,1.4153716290165586,1560286933,4,47506,49,8144,1.262274076911012,1558189480,3,47442,49,8075
0.9363007724804694,1551904020,11,47294,49,8083,0.9553689454976546,1560291068,10,47322,49,8124,1.6562858223362542,1545609757,5,47070,49,8163,0.8688799062504843,1551898849,4,47288,49,8027,1.2543200377354269,1558189035,3,47432,49,8168
0.9363007724804694,1551904020,11,47294,49,8083,0.9553689454976546,1560291068,10,47322,49,8124,1.6562858223362542,1545609757,5,47070,49,8163,0.8688799062504843,1551898849,4,47288,49,8027,1.2543200377354269,1558189035,3,47432,49,8168
0,1554001499,11,47348,49,8130,0.5687076349903958,1553999918,10,47153,49,8090,1.7656239599742134,1547706561,5,47118,49,8093,1.447087386856032,1560287376,4,47539,49,8099,1.095513949933646,1556091798,3,47365,49,8110
1.0597141760402595,1554001499,11,47348,49,8130,0.5687076349903958,1553999918,10,47153,49,8090,1.7656239599742134,1547706561,5,47118,49,8093,1.447087386856032,1560287376,4,47539,49,8099,1.095513949933646,1556091798,3,47365,49,8110
0,1554001656,11,47323,49,8090,0.8570464483847722,1558193685,10,47278,49,8056,1.5974339926823116,1562385941,5,47559,49,8158,1.5967149552980098,1545607433,4,47088,49,8079,1.848237261906858,1547703724,3,47169,49,8062
1.0051473543761833,1554001656,11,47323,49,8090,0.8570464483847722,1558193685,10,47278,49,8056,1.5974339926823116,1562385941,5,47559,49,8158,1.5967149552980098,1545607433,4,47088,49,8079,1.848237261906858,1547703724,3,47169,49,8062
1.7091164906934162,1545612565,11,47109,49,8086,0.5884933454644783,1553999362,10,47167,49,8093,1.0798103204003537,1553998147,5,47338,49,8105,1.2549296736121165,1558189918,3,47455,49,8099,0.9240620387814269,1551897860,3,47286,49,8073
1.7091164906934162,1545612565,11,47109,49,8086,0.5884933454644783,1553999362,10,47167,49,8093,1.0798103204003537,1553998147,5,47338,49,8105,1.2549296736121165,1558189918,3,47455,49,8099,0.9240620387814269,1551897860,3,47286,49,8073
0.5725870191186917,1547709098,9,47140,49,8120,1.6211924610800565,1551902425,10,47082,49,8117,0.6015572801780058,1547706823,6,47131,49,8143,1.0378855452741458,1553996179,4,47359,49,8132,1.3477481896919998,1558189392,3,47468,49,8100
0.5511692176067606,1547709826,10,47126,49,8081,0.9181397071270109,1560289647,9,47311,49,8090,1.004232788216166,1553997902,6,47307,49,8095,1.5214436759527916,1545607039,4,47050,49,8094,1.394461323224979,1558189236,3,47490,49,8131
1.1179541088179425,1556097763,10,47369,49,8169,1.0536914381975893,1553998715,10,47366,49,8067,0.8625616479722685,1551900416,5,47248,49,8158,1.5613241298523186,1545607330,4,47065,49,8104,0.882854844849707,1551897759,3,47274,49,8125
1.1179541088179425,1556097763,10,47369,49,8169,1.0536914381975893,1553998715,10,47366,49,8067,0.8625616479722685,1551900416,5,47248,49,8158,1.5613241298523186,1545607330,4,47065,49,8104,0,1551897759,3,47274,49,8125
1.6626059707850172,1545612544,10,47093,49,8163,1.1541572119408523,1562387940,9,47397,49,8067,1.7225820547505861,1545608673,5,47104,49,8165,1.6320072577664981,1545607246,3,47092,49,8125,1.6530179764223152,1545606636,3,47091,49,8131
1.6626059707850172,1545612544,10,47093,49,8163,1.1541572119408523,1562387940,9,47397,49,8067,1.7225820547505861,1545608673,5,47104,49,8165,1.6320072577664981,1545607246,3,47092,49,8125,1.6530179764223152,1545606636,3,47091,49,8131
1.0051473543761833,1554001747,11,47323,49,8159,1.1978106566771087,1562387989,10,47425,49,8122,0.8729656800332732,1551900348,5,47250,49,8150,1.7311439520188183,1547704661,4,47144,49,8137,1.2397354328188794,1556092246,3,47423,49,8102
1.0051473543761833,1554001747,11,47323,49,8159,1.1978106566771087,1562387989,10,47425,49,8122,0.8729656800332732,1551900348,5,47250,49,8150,1.7311439520188183,1547704661,4,47144,49,8137,1.2397354328188794,1556092246,3,47423,49,8102
1.5267489296635652,1560292343,10,47545,49,8170,1.1904662918176763,1562388127,9,47425,49,8118,1.3807968883887325,1558192842,6,47471,49,8122,1.7736765156343153,1547704873,4,47159,49,8025,0.7633171636288759,1549800770,3,47222,49,8143
1.5267489296635652,1560292343,10,47545,49,8170,1.1904662918176763,1562388127,9,47425,49,8118,1.3807968883887325,1558192842,6,47471,49,8122,1.6463873992078746,1547704352,3,47103,49,8070,0,149800770,3,47222,49,8143
1.4456636261346199,1560292029,9,47508,49,8115,1.0301322717882253,1560291210,10,47349,49,8047,1.4666780901821699,1560289210,5,47501,49,8114,1.1079552484543527,1556093168,4,47390,49,8083,0.9231437633779339,1551897929,3,47287,49,8110
1.4456636261346199,1560292029,9,47508,49,8115,1.0301322717882253,1560291210,10,47349,49,8047,1.4666780901821699,1560289210,5,47501,49,8114,1.1079552484543527,1556093168,4,47390,49,8083,0.9231437633779339,1551897929,3,47287,49,8110
0.7728029216954161,1549807215,11,47225,49,8051,0.6360225179440803,1556096500,10,47181,49,8059,0.8704153298149314,1551900522,5,47251,49,8150,1.5537753091478044,1545607535,3,47067,49,8075,0,,,,,
0.7728029216954161,1549807215,11,47225,49,8051,0.6360225179440803,1556096500,10,47181,49,8059,0.8704153298149314,1551900522,5,47251,49,8150,1.5537753091478044,1545607535,3,47067,49,8075,1.0988803474033755,1553994607,3,47364,49,8113
1.4602482265550134,1560292734,11,47517,49,8131,1.2176985864377272,1562387213,10,47434,49,8102,0.717219253593458,1549804153,6,47185,49,8141,1.3773244360520012,1560287243,4,47501,49,8083,1.5362346955130808,1543509211,3,47036,49,8159
1.4602482265550134,1560292734,11,47517,49,8131,1.2176985864377272,1562387213,10,47434,49,8102,0.717219253593458,1549804153,6,47185,49,8141,1.3773244360520012,1560287243,4,47501,49,8083,1.5362346955130808,1543509211,3,47036,49,8159
0.7313931064708469,1549807319,11,47207,49,8114,0.9006999107616321,1558194018,10,47294,49,8111,1.3596839590308378,1558192564,5,47462,49,8158,1.8224306832324215,1547704101,4,47177,49,8088,1.1532426883134372,1556092221,3,47391,49,8095
0.7313931064708469,1549807319,11,47207,49,8114,0.9006999107616321,1558194018,10,47294,49,8111,1.3596839590308378,1558192564,5,47462,49,8158,1.8224306832324215,1547704101,4,47177,49,8088,1.1532426883134372,1556092221,3,47391,49,8095
1.1102026648331906,1556097238,9,47365,49,8108,1.6483225256298717,1551901276,9,47100,49,8091,0.7491433175871043,1549803318,5,47200,49,8158,0.6887564409819525,1549802213,4,47212,49,8157,0.7220095833969739,1549800776,3,47203,49,8104
1.1102026648331906,1556097238,9,47365,49,8108,1.6483225256298717,1551901276,9,47100,49,8091,0.7491433175871043,1549803318,5,47200,49,8158,0.6887564409819525,1549802213,4,47212,49,8157,0.7220095833969739,1549800776,3,47203,49,8104
1.4080272913216065,1558195533,11,47493,,8170,1.1596650261123267,1562387424,9,47403,49,8140,1.3067492171752746,1558191607,5,47435,49,8133,0.7387337338151133,1549802031,4,47234,49,8129,1.5342958847227801,1560286166,3,47551,49,8178
1.4080272913216065,1558195533,11,47493,49,8170,1.1596650261123267,1562387424,9,47403,49,8140,1.3067492171752746,1558191607,5,47435,49,8133,0.7387337338151133,1549802031,4,47234,49,8129,1.5342958847227801,1560286166,3,47551,49,8178
1.0433952486771263,1554000993,10,47340,49,8144,0.9570010382891201,1560290095,9,47318,49,8092,1.3794715311395407,1558192486,5,47466,49,8140,1.2267809980017934,1558190224,4,47434,49,8170,1.5713187583731252,1545606494,3,47060,49,8124
1.0433952486771263,1554000993,10,47340,49,8144,0.9570010382891201,1560290095,9,47318,49,8092,1.3794715311395407,1558192486,5,47466,49,8140,1.2267809980017934,1558190224,4,47434,49,8170,1.5713187583731252,1545606494,3,47060,49,8124
0,1558195489,10,47475,49,8148,1.0249293280842684,1560291177,10,47348,49,8114,0.9922989145287887,1551900115,5,47302,49,1,1.72563614855904,1547704541,4,47143,49,8128,1.5651993990082849,1545606212,3,47057,49,8129
1.359273111817645,1558195489,10,47475,49,8148,1.0249293280842684,1560291177,10,47348,49,8114,0.9922989145287887,1551900115,5,47302,49,1,1.72563614855904,1547704541,4,47143,49,8128,1.5651993990082849,1545606212,3,47057,49,8129
1.2698248022456315,1558195852,12,47432,49,8144,1.2457469068456366,1562386691,9,47439,49,8020,1.2579950381918552,1556095295,6,47417,49,8116,1.422507719637148,1560287283,3,47523,49,8099,0.8523583930323502,1551897343,3,47262,49,8135
1.2698248022456315,1558195852,12,47432,49,8144,1.2457469068456366,1562386691,9,47439,49,8020,1.2579950381918552,1556095295,6,47417,49,8116,1.422507719637148,1560287283,3,47523,49,8099,0.8523583930323502,1551897343,3,47262,49,8135
0.8232913978563315,1551903636,10,47242,49,8167,0.7510728998880111,1556096285,8,47233,49,8116,1.765828426634873,1547705543,5,47118,49,8115,1.5071639073393082,1560287239,4,47557,49,8120,1.6949371171299612,1547703507,3,47113,49,8117
0.8232913978563315,1551903636,10,47242,49,8167,0.7510728998880111,1556096285,8,47233,49,8116,1.765828426634873,1547705543,5,47118,49,8115,1.5071639073393082,1560287239,4,47557,49,8120,1.6949371171299612,1547703507,3,47113,49,8117
0.9120259256429034,1551904473,12,47284,49,8129,1.7264503780504954,1553999341,10,47134,49,8036,0.5983953580113608,1547706622,5,47132,49,8179,0.710176070317363,1549801171,3,47219,49,8074,0.6642808338828446,1549800341,3,47178,49,8155
0.9120259256429034,1551904473,12,47284,49,8129,1.7264503780504954,1553999341,10,47134,49,8036,0.5983953580113608,1547706622,5,47132,49,8179,0.710176070317363,1549801171,3,47219,49,8074,0.6642808338828446,1549800341,3,47178,49,8155
1.6526108800669215,1562389886,10,47599,49,8078,0.5868631213863295,1553998691,9,47155,49,8055,0,1558191562,5,47494,49,8146,1.0713413110800598,1553995826,4,47366,49,8139,0.6388832481845829,1547702795,3,47171,49,17
0.6151195727001959,1547709224,9,47155,49,8130,1.5290890941934143,1566581906,10,47559,49,8047,1.338266189909923,1558192742,6,47446,49,8154,1.3982328729553373,1560287413,4,47513,49,8142,0.7915699653216894,1549800407,3,47234,49,8117
1.6113032994556657,1562390160,11,47580,49,8067,0.7240450779261907,1556096263,9,47220,49,8096,1.054005625053049,1553998305,5,47329,49,8135,1.333364258622166,1558189769,3,47485,49,8125,1.7853055692438207,1547703356,3,47147,49,8146
1.6113032994556657,1562390160,11,47580,49,8067,0.7240450779261907,1556096263,9,47220,49,8096,1.054005625053049,1553998305,5,47329,49,8135,1.333364258622166,1558189769,3,47485,49,8125,0,1547703356,3,47147,49,8146
0.8373666807914791,1551904028,11,47249,49,8122,1.5055280471779666,1560290104,10,47558,49,8151,1.4268984724804994,1558192676,6,47489,49,8180,1.049921668229466,1553996158,4,47360,49,8029,0.9529245517598274,1553994952,3,47308,49,8164
0.8373666807914791,1551904028,11,47249,49,8122,1.5055280471779666,1560290104,10,47558,49,8151,1.4268984724804994,1558192676,6,47489,49,8180,1.049921668229466,1553996158,4,47360,49,8029,0.9529245517598274,1553994952,3,47308,49,8164
1.1251962256381327,1554000046,9,47371,49,8167,1.053691445155579,1560290113,8,47364,49,8096,1.4578038917296952,1560289441,6,47496,49,8129,1.448721378521732,1560287658,4,47530,49,8152,1.2443249520960504,1558188621,3,47427,49,8140
1.1251962256381327,1554000046,9,47371,49,8167,1.053691445155579,1560290113,8,47364,49,8096,1.4578038917296952,1560289441,6,47496,49,8129,1.448721378521732,1560287658,4,47530,49,8152,1.2443249520960504,1558188621,3,47427,49,8140
0.5549427067512012,1547709533,10,47130,49,8177,1.197912904506206,1562388046,9,47422,49,8070,1.7687858797922325,1547706496,5,47119,49,8093,1.0195274557372334,1553995946,4,47347,49,8070,0.7084436310997733,1549800878,3,47201,49,8117
0.5549427067512012,1547709533,10,47130,49,8177,1.197912904506206,1562388046,9,47422,49,8070,1.7687858797922325,1547706496,5,47119,49,8093,1.0195274557372334,1553995946,4,47347,49,8070,0.7084436310997733,1549800878,3,47201,49,8117
0.8404263650009978,1551904165,11,47251,49,8088,0.8916230963129167,1558194073,9,47289,49,8112,0.630319427509022,1547707015,5,47145,49,8141,1.2883835571950355,1560286718,3,47471,49,8132,1.0149379664780258,1553995196,3,47331,49,8156
0.8404263650009978,1551904165,11,47251,49,8088,0.8916230963129167,1558194073,9,47289,49,8112,0.630319427509022,1547707015,5,47145,49,8141,1.2883835571950355,1560286718,3,47471,49,8132,1.0149379664780258,1553995196,3,47331,49,8156
0.8114597561498209,1549806915,11,47239,49,8118,0.5583036128015704,1553999882,10,47149,49,8076,0.6372548386245049,1547706181,5,47149,49,8107,1.5918187209796788,1545607044,3,47088,49,8127,1.2468734344791557,1558189350,3,47433,49,8142
0.8114597561498209,1549806915,11,47239,49,8118,0.5583036128015704,1553999882,10,47149,49,8076,0.6372548386245049,1547706181,5,47149,49,8107,1.5918187209796788,1545607044,3,47088,49,8127,1.2468734344791557,1558189350,3,47433,49,8142
0,1554000419,9,47322,49,8151,1.2550300730638362,1564485144,10,47446,49,8083,1.1314197036262985,1553997940,5,47360,49,8151,1.40006753444012,1560286834,3,47520,49,8101,1.0480870102140627,1553995238,3,47342,49,8083
1.0061678658932596,1554000419,9,47322,49,8151,1.2550300730638362,1564485144,10,47446,49,8083,1.1314197036262985,1553997940,5,47360,49,8151,1.40006753444012,1560286834,3,47520,49,8101,1.0480870102140627,1553995238,3,47342,49,8083
1.3557041110953367,1558195508,10,47471,49,8156,1.014527154987892,1560291221,10,47340,49,8091,1.144883425152137,1556094536,5,47364,49,8128,1.7596012265391046,1547704884,4,47155,49,8092,1.2614599200698584,1558189195,3,47434,49,8152
1.3557041110953367,1558195508,10,47471,49,8156,1.014527154987892,1560291221,10,47340,49,8091,1.144883425152137,1556094536,5,47364,49,8128,1.7596012265391046,1547704884,4,47155,49,8092,1.2614599200698584,1558189195,3,47434,49,8152
1.0743006480777435,1554001468,11,47350,49,8109,1.4692189813534888,1566582894,10,47530,49,8058,0.8907122282373002,1551901127,5,47256,49,8191,1.6164002752145639,1545607345,4,47095,49,8127,1.1068343978146296,1556092161,4,47374,49,8148
1.0743006480777435,1554001468,11,47350,49,8109,1.4692189813534888,1566582894,10,47530,49,8058,0.8907122282373002,1551901127,5,47256,49,8191,1.6164002752145639,1545607345,4,47095,49,8127,1.1068343978146296,1556092161,4,47374,49,8148
1.4231230974208826,1560292358,11,47498,49,8116,0,1551902141,10,47105,49,8135,1.402828105743891,1558192227,5,47475,49,8138,1.4048634419712873,1560287643,3,47513,49,8118,0.7888151452801951,1551896935,3,47236,49,8129
1.4231230974208826,1560292358,11,47498,49,8116,1.6463837287513685,1551902141,10,47105,49,8135,1.402828105743891,1558192227,5,47475,49,8138,1.4048634419712873,1560287643,3,47513,49,8118,0.7888151452801951,1551896935,3,47236,49,8129
0.5726892497053689,1547709425,10,47140,49,8138,0,1564484759,10,47491,49,8155,1.6231364418350476,1562387133,6,47571,49,8146,0.791058755180497,1551898935,4,47251,49,8050,1.2668654816656264,1558189331,4,47437,49,8139
1.26900875980804,1556098250,11,47433,49,8118,0.8940693498437934,1558193659,10,47297,49,8170,1.1353976635719774,1553997167,5,47361,49,8167,1.4968620968810593,1560287428,4,47555,49,8117,0.7365942021247238,1549800804,3,47212,49,8124
1.142331193140136,1556095236,5,47379,49,8140,1.085106168696368,1560290001,9,47368,49,8082,0.9188627994856745,1551901522,6,47269,49,8139,1.3763039040601481,1560287581,4,47505,49,8100,1.7774518903551357,1547703756,3,47143,49,0
1.3140898155896716,1558195068,9,47455,49,8094,1.6560739619383331,1551902289,10,47106,49,8083,1.093885604867536,1553997683,5,47345,49,8157,0.7985053421054564,1551899099,4,47250,49,8135,0.7246621673574231,1549800221,3,47201,49,8147
1.3140898155896716,1558195068,9,47455,49,8094,1.6560739619383331,1551902289,10,47106,49,8083,1.093885604867536,1553997683,5,47345,49,8157,0.7985053421054564,1551899099,4,47250,49,8135,0.7246621673574231,1549800221,3,47201,49,8147
0.8893831545257965,1551904351,10,47275,49,8120,1.27757059380432,1564484650,9,47457,49,8078,1.7719477978013751,1547706818,5,47121,49,8106,1.5342958519436345,1545607429,4,47052,49,8087,1.395991165723147,1558189124,3,47490,49,8105
0.8893831545257965,1551904351,10,47275,49,8120,1.27757059380432,1564484650,9,47457,49,8078,1.7719477978013751,1547706818,5,47121,49,8106,1.5342958519436345,1545607429,4,47052,49,8087,1.395991165723147,1558189124,3,47490,49,8105
0.8745940669808083,1551904374,11,47268,49,8101,1.5234790472331847,1568678939,10,47566,49,8057,1.6005959129040845,1562386368,5,47561,49,8149,1.5679546699368863,1545607412,3,47066,49,8099,1.2524834792154578,1558189007,3,47433,49,8140
1.4340364610654002,1560291749,9,47503,49,19,0,1556096490,10,47233,49,8085,0.8712313737033588,1551900394,5,47248,49,8154,1.4180204417282225,1560287668,3,47520,49,8142,0.9050905220696968,1551897953,3,47279,49,8078
1.4369938996971474,1560292821,11,47506,49,8120,1.0344150819367657,1560290996,9,47353,49,8158,0.619201593889348,1547707056,5,47143,49,8149,1.3949706057269968,1560287444,3,47506,49,8119,0.7483236082172401,1549800583,3,47216,49,8066
1.4369938996971474,1560292821,11,47506,49,8120,1.0344150819367657,1560290996,9,47353,49,8158,0.619201593889348,1547707056,5,47143,49,8149,1.3949706057269968,1560287444,3,47506,49,8119,0.7483236082172401,1549800583,3,47216,49,8066
0.9419108074829681,1551904285,11,47296,49,8116,1.0867382489345911,1562387512,10,47376,49,8110,1.0344225393402868,1553997918,5,47320,49,8144,0.9546606970004022,1553995760,4,47311,49,8129,1.3696771598985586,1558189326,3,47476,49,8119
1.2900194475674294,1558195631,11,47443,49,8115,0.6139913359614807,1556095806,10,47177,49,8090,0.8578698912069785,1551900898,6,47243,49,8142,1.191795382102723,1558190300,4,47426,49,8118,1.5482689284972562,1545606085,3,47045,49,8162
1.1377416697764782,1556097857,9,47376,49,8112,1.0793938947414599,1562387056,10,47374,49,8106,1.479426138643072,1560288717,4,47509,49,8137,1.078378950704405,1556093013,4,47370,49,8089,1.2530969195353334,1556091873,3,47427,49,8151
1.1377416697764782,1556097857,9,47376,49,8112,1.0793938947414599,1562387056,10,47374,49,8106,1.479426138643072,1560288717,4,47509,49,8137,1.8285519075724634,1549801663,4,47175,49,8125,1.2530969195353334,1556091873,3,47427,49,8151
1.2604412742884,1556098367,11,47430,49,8129,1.4614675493780724,1566581529,9,47532,49,8042,1.201796133430875,1556094522,5,47391,49,8098,0.9724034962712499,1553995901,3,47337,49,8085,1.1188705207137275,1556092088,3,47375,49,8111
1.2604412742884,1556098367,11,47430,49,8129,1.4614675493780724,1566581529,9,47532,49,8042,1.201796133430875,1556094522,5,47391,49,8098,0.9724034962712499,1553995901,3,47337,49,8085,1.1188705207137275,1556092088,3,47375,49,8111
1.0921494150345894,1554001246,11,47360,49,8190,1.3670188782210546,1564484347,10,47498,49,8142,0.6654054095377466,1547705919,5,47162,49,8135,1.652200048382551,1545606877,3,47112,49,8107,0.66070998386856,1549800600,3,47179,49,8101
0.6017580879081565,1547710558,12,47152,49,8129,1.4316849028782268,1566581356,9,47512,49,8050,0.8100339971248398,1549804113,6,47224,49,8164,1.2491170384632828,1558190419,4,47448,49,8118,1.1219302023219535,1556092178,3,47377,49,8112
0.6017580879081565,1547710558,12,47152,49,8129,1.4316849028782268,1566581356,9,47512,49,8050,0.8100339971248398,1549804113,6,47224,49,8164,1.2491170384632828,1558190419,4,47448,49,8118,1.1219302023219535,1556092178,3,47377,49,8112
1.313273772766985,1558195879,11,47456,49,8120,1.4686074340200035,1566582145,9,47534,49,8081,0.9212086805733166,1551901064,5,47270,49,8166,1.6570981379259853,1545607510,4,47104,49,8050,1.5565296796869703,1545605744,3,47052,49,8124
0,1558195879,11,47456,49,8120,1.4686074340200035,1566582145,9,47534,49,8081,0.9212086805733166,1551901064,5,47270,49,8166,1.6570981379259853,1545607510,4,47104,49,8050,1.5565296796869703,1545605744,3,47052,49,8124
0.9277332836705697,1551903542,10,47292,49,8151,1.5299051428251043,1568678477,9,47565,49,8066,1.0464586535867277,1553998222,6,47322,49,8107,0.7927930694559135,1551899001,4,47250,49,8067,0.7996262766855773,1551897408,3,47241,49,8130
1.7249260849075287,1547709834,11,47116,49,8147,1.6482202885619424,1551902129,9,47101,49,8060,1.1290738207034072,1553997136,5,47360,49,8142,1.032479983306839,1556092451,3,47356,49,8089,1.1928178195401018,1556092350,3,47402,49,8131
1.305726811032837,1558195356,10,47450,49,9,0.5492268005010116,1553998672,9,47140,49,8038,1.1707903529233827,1556095299,6,47375,49,8138,1.1911838232039629,1558190131,4,47424,49,8077,1.5127758896955643,1560286759,3,47537,49,8118
0.9002965169172035,1551901479,6,47281,49,8082,0.6203151735339626,1556093104,4,47179,49,8078,1.151105027162247,1556094493,5,47368,49,8145,1.3114352899000943,1558190386,3,47477,49,8075,1.7111538134976338,1547703108,3,47120,49,8122
0.9002965169172035,1551901479,6,47281,49,8082,0.6203151735339626,1556093104,4,47179,49,8078,1.151105027162247,1556094493,5,47368,49,8145,1.3114352899000943,1558190386,3,47477,49,8075,1.7111538134976338,1547703108,3,47120,49,8122
1.1298879851802335,1556098379,11,47374,49,8129,1.1086672151636532,1562388002,10,47384,49,8135,0.6818265769836753,1547706545,5,47169,49,8150,0.7389382006206086,1549801806,4,47234,49,8037,1.25064879895017,1556091874,3,47427,49,8102
1.1298879851802335,1556098379,11,47374,49,8129,1.1086672151636532,1562388002,10,47384,49,8135,0.6818265769836753,1547706545,5,47169,49,8150,0.7389382006206086,1549801806,4,47234,49,8037,1.25064879895017,1556091874,3,47427,49,8102
0,1549806084,9,47214,49,8146,0.607158162648718,1547707146,10,47173,49,8061,0.8714358424416795,1551900655,5,47246,49,8127,1.1284566073864675,1556092509,3,47399,49,8130,1.6750491800436806,1545606410,4,47098,49,8100
1.6596485176007079,1545611746,9,47092,49,8143,0.9086558258496232,1558193725,10,47297,49,8105,0.8421625277762965,1549803728,6,47237,49,8091,1.2837959311007958,1558190482,4,47460,49,8075,0.6338866216247538,1547703791,3,47162,49,8054
1.0506373618379456,1554001241,11,47343,49,8160,0.6486702040693073,1556096696,10,47190,49,8032,1.7390032333436405,1545608645,5,47105,49,8121,0.9060069065796327,1551898512,4,47300,49,8114,1.4390311634806037,1560286668,3,47516,49,8102
0,1545612360,11,47098,49,8092,1.5267432174465367,1568678910,10,47565,49,8074,0.7881050349763928,1549803895,5,47212,49,8121,1.3743669937446357,1560287466,4,47500,49,8145,0.6565275580835976,1549800694,3,47180,49,8142
1.6769879576215843,1545612360,11,47098,49,8092,1.5267432174465367,1568678910,10,47565,49,8074,0.7881050349763928,1549803895,5,47212,49,8121,1.3743669937446357,1560287466,4,47500,49,8145,0.6565275580835976,1549800694,3,47180,49,8142
1.6796405449776552,1545612782,11,47096,49,8132,0.9883135187557951,1560289697,9,47324,49,8030,1.475652663209513,1560289397,5,47503,49,8165,0.6984466646557315,1549802096,4,47215,49,8142,1.1436546869861963,1556092269,3,47389,49,8089
1.6796405449776552,1545612782,11,47096,49,8132,0.9883135187557951,1560289697,9,47324,49,8030,1.475652663209513,1560289397,5,47503,49,8165,0.6984466646557315,1549802096,4,47215,49,8142,1.1436546869861963,1556092269,3,47389,49,8089
1.2343298659987147,1556095867,6,47422,49,8170,0,1566582133,10,47555,49,8096,1.497786114913001,1560289846,6,47510,49,8134,0.7211916673840203,1549802162,4,47224,49,8139,1.096329989697474,1553994853,3,47365,49,8138
1.2343298659987147,1556095867,6,47422,49,8170,1.504916498162611,1566582133,10,47555,49,8096,1.497786114913001,1560289846,6,47510,49,8134,0.7211916673840203,1549802162,4,47224,49,8139,1.096329989697474,1553994853,3,47365,49,8138
1.0810315743187604,1554001480,12,47357,49,8176,0.5255635254328117,1553999837,10,47133,49,8102,0.789023306857113,1549803627,5,47211,49,8127,0.756993291983277,1549801602,4,47233,49,8118,1.138249125079942,1556092332,3,47386,49,8143
1.1296835083514385,1556098926,12,47376,49,8090,1.6878957750520742,1547707045,10,47121,49,8096,1.2746206903473127,1556094644,5,47418,49,8112,1.1284566073864675,1556092567,4,47399,49,8070,1.5212411269501147,1543509570,3,47031,49,8138
1.1296835083514385,1556098926,12,47376,49,8090,1.6878957750520742,1547707045,10,47121,49,8096,1.2746206903473127,1556094644,5,47418,49,8112,1.1284566073864675,1556092567,4,47399,49,8070,1.5212411269501147,1543509570,3,47031,49,8138
0.90498827845414,1551904586,11,47283,49,8186,1.2000543059161966,1556096082,10,47424,49,8053,1.3933423452947102,1558191734,5,47470,49,8159,1.1707846977922074,1556092770,4,47416,49,2,1.4950274681527227,1560286144,3,47536,49,8120
1.3048085303914272,1558196121,12,47451,49,8151,1.059608207915445,1553999342,9,47361,49,8045,1.0360546231566183,1553997745,5,47317,49,8169,1.7271678485599333,1547704820,4,47137,49,8063,0.8170679491257111,1551898060,3,47247,49,8173
1.3048085303914272,1558196121,12,47451,49,8151,1.059608207915445,1553999342,9,47361,49,8045,1.0360546231566183,1553997745,5,47317,49,8169,1.7271678485599333,1547704820,4,47137,49,8063,0.8170679491257111,1551898060,3,47247,49,8173
1.1423311908899612,1556098865,12,4738,49,8073,1.6139503563760282,1545610589,9,47086,49,8094,1.6446586541045654,1545608488,5,47062,49,8093,1.74970837818894,1547704640,4,47148,49,8108,1.028094973083342,1553995140,4,47338,49,8122
1.1423311908899612,1556098865,12,47380,49,8073,1.6139503563760282,1545610589,9,47086,49,8094,1.6446586541045654,1545608488,5,47062,49,8093,1.74970837818894,1547704640,4,47148,49,8108,1.028094973083342,1553995140,4,47338,49,8122
0.6416380545647044,1547710010,12,47172,49,8099,1.0995885325194723,1562387831,10,47385,49,8063,1.7493050311020446,1545609262,5,47108,49,8154,0.6599943015815706,1549801367,4,47200,49,8118,0.9617987497695377,1553994402,3,47308,49,8108
1.1329476606825548,1556097986,9,47379,49,8147,1.4630996287246842,1566582145,9,47533,49,8089,1.6148756853162385,1545608616,5,47052,49,8137,1.3792632396297715,1560287451,4,47500,49,8114,1.7593986469571739,1547703160,3,47136,49,8071
1.1329476606825548,1556097986,9,47379,49,8147,1.4630996287246842,1566582145,9,47533,49,8089,1.6148756853162385,1545608616,5,47052,49,8137,1.3792632396297715,1560287451,4,47500,49,8114,1.7593986469571739,1547703160,3,47136,49,8071
1.0609391556092325,1553998424,5,47349,49,8109,0.8467446601964642,1551902010,9,47272,49,8106,0.9972973874051269,1551900442,5,47299,49,8153,1.3402996520965913,1558190542,4,47491,49,8101,0.6502037174290639,1549800552,3,47179,49,8127
1.0609391556092325,1553998424,5,47349,49,8109,0.8467446601964642,1551902010,9,47272,49,8106,0.9972973874051269,1551900442,5,47299,49,8153,1.3402996520965913,1558190542,4,47491,49,8101,0.6502037174290639,1549800552,3,47179,49,8127
0.8760216628687386,1551903450,10,47274,49,8167,0,1562387279,10,47369,49,8113,1.417719432568163,1558191830,5,47481,49,8118,1.5187910607270563,1545607187,4,47053,49,8104,0.9753628459026654,1553995447,4,47319,49,8094
0.8760216628687386,1551903450,10,47274,49,8167,1.0726629705317137,1562387279,10,47369,49,8113,0,1558191824,4,47457,49,8130,1.5187910607270563,1545607187,4,47053,49,8104,0.9753628459026654,1553995447,4,47319,49,8094
1.1038788122540757,1556098198,11,47368,49,8147,0.5946145634212899,1553998625,8,47152,49,8078,0.9122322564043365,1551900977,5,47269,49,8162,1.5899840200823805,1545607505,4,47083,49,8128,1.1238671233409236,1556092480,3,47383,49,8102
1.5878444795625868,1562390401,11,47575,49,8142,1.082658051760434,1560290320,10,47367,49,8041,1.7440016962589326,1545609099,5,47106,49,8159,0.828797316151358,1551899439,4,47266,49,8124,1.541231283814007,1551897278,4,47043,49,8104
1.5878444795625868,1562390401,11,47575,49,8142,1.082658051760434,1560290320,10,47367,49,8041,1.7440016962589326,1545609099,5,47106,49,8159,0.828797316151358,1551899439,4,47266,49,8124,1.541231283814007,1551897278,4,47043,49,8104
0.5796246490082371,1547709655,10,47148,49,8151,1.0204420426089464,1560290227,8,47345,49,8120,0.9248799355082251,1551901074,5,47273,49,8113,0.7543407011213138,1551898639,4,47236,49,8099,1.503187879296906,1560286793,4,47536,49,8101
0.5796246490082371,1547709655,10,47148,49,8151,1.0204420426089464,1560290227,8,47345,49,8120,0.9248799355082251,1551901074,5,47273,49,8113,0.7543407011213138,1551898639,4,47236,49,8099,1.503187879296906,1560286793,4,47536,49,8101
0.8707183348054046,1551904968,12,47270,49,8165,0.9960649604916859,1560290666,9,47328,49,8060,1.3396937952711656,1558191882,5,47446,49,8118,0.722109939306153,1549801877,4,47224,49,8073,1.3523377104713732,1558189594,3,47471,49,8097
0.8707183348054046,1551904968,12,47270,49,8165,0.9960649604916859,1560290666,9,47328,49,8060,1.3396937952711656,1558191882,5,47446,49,8118,1.090922515777201,1556093001,3,47384,49,8088,1.3523377104713732,1558189594,3,47471,49,8097
1.5449044087270487,1560292797,11,47556,49,8079,0.9199762813533634,1551901428,10,47304,49,8107,0.8997890478088418,1551900944,5,47263,49,8146,0.7864673733580668,1551899257,4,47257,49,8055,1.4026198385828295,1558189222,3,47498,49,8113
1.5449044087270487,1560292797,11,47556,49,8079,0.9199762813533634,1551901428,10,47304,49,8107,0.8997890478088418,1551900944,5,47263,49,8146,0.7864673733580668,1551899257,4,47257,49,8055,1.4026198385828295,1558189222,3,47498,49,8113
1.258706947186077,1558195615,11,47434,49,8123,1.6624981880443341,1545610108,10,47112,49,8094,0.7235430988100273,1549803249,5,47183,49,8130,1.4906404938034896,1560287166,4,47553,49,8074,1.5959008010623097,1545606673,3,47067,49,8115
1.258706947186077,1558195615,11,47434,49,8123,1.6624981880443341,1545610108,10,47112,49,8094,0.7235430988100273,1549803249,5,47183,49,8130,1.4906404938034896,1560287166,4,47553,49,8074,1.5959008010623097,1545606673,3,47067,49,8115
1.5165493557422134,1560293085,11,47545,49,8176,1.377320686954134,1558192378,9,47500,49,8092,1.0323833686088673,1553997204,4,47315,49,8120,0.847462124810621,1551899048,4,47275,49,8090,0.9673065505037687,1553995113,4,47310,49,8092
1.5165493557422134,1560293085,11,47545,49,8176,1.377320686954134,1558192378,9,47500,49,8092,1.0323833686088673,1553997204,4,47315,49,8120,0.847462124810621,1551899048,4,47275,49,8090,0.9673065505037687,1553995113,4,47310,49,8092
0.663669256317877,1549806618,10,47179,49,8118,1.1580329488611607,1562387794,10,47402,49,8051,1.4136392267436249,1558191779,4,47483,49,8164,0.6797818528776065,1549801171,3,47207,49,8092,1.4929883151655132,1543509377,3,47020,49,8130
0.663669256317877,1549806618,10,47179,49,8118,1.1580329488611607,1562387794,10,47402,49,8051,1.4136392267436249,1558191779,4,47483,49,8164,0.6797818528776065,1549801171,3,47207,49,8092,1.4929883151655132,1543509377,3,47020,49,8130
1.6229304589235742,1562390625,12,47590,49,8077,1.2100493917892357,1562387288,10,47428,49,8117,1.30236417137608,1558190919,4,47430,49,8132,0.7781062311557638,1549800968,3,47237,49,8045,1.2650289202217522,1558189303,3,47439,49,8122
1.6229304589235742,1562390625,12,47590,49,8077,1.2100493917892357,1562387288,10,47428,49,8117,1.30236417137608,1558190919,4,47430,49,8132,0.7781062311557638,1549800968,3,47237,49,8045,1.2650289202217522,1558189303,3,47439,49,8122
0.6463298185433201,1547709853,11,47173,49,8130,1.0973448998930533,1562386407,8,47373,49,8095,1.7280898592524938,1545609356,5,47104,49,8120,1.6546481806600883,1545607414,4,47107,49,8118,1.7047295804043734,1547703296,3,47115,49,8167
0.6463298185433201,1547709853,11,47173,49,8130,1.0973448998930533,1562386407,8,47373,49,8095,1.7280898592524938,1545609356,5,47104,49,8120,1.6546481806600883,1545607414,4,47107,49,8118,1.7047295804043734,1547703296,3,47115,49,8167
1.7177862018551344,1547709961,11,47116,49,8074,1.2391182369296914,1564484376,10,47439,49,8093,1.632827007805275,1562386435,5,47574,49,8165,1.7718399689869813,1547705001,4,47158,49,8155,1.4300565997943842,1560286625,3,47512,49,8122
1.7177862018551344,1547709961,11,47116,49,8074,1.2391182369296914,1564484376,10,47439,49,8093,1.632827007805275,1562386435,5,47574,49,8165,1.7718399689869813,1547705001,4,47158,49,8155,1.4300565997943842,1560286625,3,47512,49,8122
0.6299086528847652,1547709798,11,47166,49,8113,1.1689463101916286,1562387533,9,47407,49,8071,1.610286161572646,1562385854,5,47563,49,8145,1.0038182363868218,1556092503,3,47344,49,8106,1.400887400448252,1558189130,3,47494,49,8110
0.6299086528847652,1547709798,11,47166,49,8113,1.1689463101916286,1562387533,9,47407,49,8071,1.610286161572646,1562385854,5,47563,49,8145,1.5791729086241721,1545607806,4,47071,49,8068,1.400887400448252,1558189130,3,47494,49,8110
1.2051587722429118,1556098266,11,47414,49,8164,0.9388455618898736,1560288651,8,47311,49,8082,0.7341497633457487,1549803606,5,,49,8126,1.8176366919390905,1549801688,4,47173,49,8052,1.5495942705487253,1545606347,3,47052,49,8056
1.2051587722429118,1556098266,11,47414,,8164,0.9388455618898736,1560288651,8,47311,49,8082,0.7341497633457487,,5,47193,49,8126,1.8176366919390905,1549801688,4,47173,49,8052,1.5495942705487253,1545606347,3,47052,49,8056
1.3617212239700338,1558196010,12,47479,49,8144,0.5660550675340847,1547707838,10,47142,49,8056,1.6451679836458812,1545608509,4,47069,49,8133,1.3173501789040847,1560287161,4,47478,49,8109,1.3945635573617732,1558189241,3,47492,49,8164
1.3617212239700338,1558196010,12,47479,49,8144,0.5660550675340847,1547707838,10,47142,49,8056,1.6451679836458812,1545608509,4,47069,49,8133,1.3173501789040847,1560287161,4,47478,49,8109,1.3945635573617732,1558189241,3,47492,49,8164
1.1852708428491971,1556099030,12,47401,49,8139,0.7749387965867314,1558192797,10,47246,49,8124,1.100923246167544,1553997476,5,47349,49,8126,1.075012565184938,1556092855,3,47366,49,8139,0.7882035699186138,1549800364,3,47237,49,8181
1.1852708428491971,1556099030,12,47401,49,8139,0.7749387965867314,1558192797,10,47246,49,8124,1.100923246167544,1553997476,5,47349,49,8126,1.075012565184938,1556092855,3,47366,49,8139,0.7882035699186138,1549800364,3,47237,49,8181
0.5611643044208773,1547710288,11,47136,49,8073,0.8887660367183257,1558193465,9,47282,49,8101,1.109490730985015,1553997313,4,47353,49,8108,1.0378855593975858,1556093169,3,47354,49,8129,0.9563931786079263,1553994246,3,47308,49,8122
0.5611643044208773,1547710288,11,47136,49,8073,0,1558193465,9,47282,49,8101,0,1553997313,4,47353,49,8108,1.0378855593975858,1556093169,3,47354,49,8129,0.9563931786079263,1553994246,3,47308,49,8122
1.5000259500740662,1560292067,10,47538,49,8169,0.7828947135169507,1556094997,9,47240,49,8068,1.6063081983932586,1562385962,5,47562,49,8111,0.8957051209284878,1553995884,3,47292,49,8139,0.8405267482086602,1551897820,3,47260,49,8078
1.5000259500740662,1560292067,10,47538,49,8169,0.7828947135169507,1556094997,9,47240,49,8068,1.6063081983932586,1562385962,5,47562,49,8111,0.8957051209284878,1553995884,3,47292,49,8139,0.8405267482086602,1551897820,3,47260,49,8078
0.9522126019706626,1551904237,12,47301,49,8121,1.372424440080063,1566581080,10,47500,49,8083,0.6915167957675008,1547705901,5,47172,49,8174,1.5925343893545663,1545607704,4,47076,49,8050,0.6352119876386103,1547703370,3,47169,49,8147
0.9522126019706626,1551904237,12,47301,49,8121,1.372424440080063,1566581080,10,47500,49,8083,0.6915167957675008,1547705901,5,47172,49,8174,1.5925343893545663,1545607704,4,47076,49,8050,0.6352119876386103,1547703370,3,47169,49,8147
1.5946776568155783,1562390381,11,47578,49,8120,1.2749179977909026,1564484600,9,47448,49,8051,1.1814992398502353,1556094902,5,47384,49,8128,0.7860602986819756,1551899093,4,47247,49,8075,1.0614484859731446,1553995112,3,47350,49,8135
1.5946776568155783,1562390381,11,47578,49,8120,1.2749179977909026,1564484600,9,47448,49,8051,1.1814992398502353,1556094902,5,47384,49,8128,0.7860602986819756,1551899093,4,47247,49,8075,1.0614484859731446,1553995112,3,47350,49,8135
1.0630805651927173,1554000602,10,47350,49,8168,0.8977424700641039,1551901910,9,47282,49,8068,1.240757829161442,1556094901,5,47411,49,8158,1.5686666399226499,1545607531,4,47070,49,8152,0.9029491043247323,1551897935,3,47280,49,8102
1.5779512310761903,1562390078,11,47566,49,8088,0.8929484716159046,1558193317,9,47289,49,8089,1.4245525895336704,1558192227,5,47489,49,8091,1.344379874100297,1558190479,3,47485,49,8161,0.8686773164727578,1551898097,3,47272,49,8071
1.5779512310761903,1562390078,11,47566,49,8088,0.8929484716159046,1558193317,9,47289,49,8089,1.4245525895336704,1558192227,5,47489,49,8091,1.344379874100297,1558190479,3,47485,49,8161,0.8686773164727578,1551898097,3,47272,49,8071
1.3921154350915763,1558195351,11,47492,49,8135,1.5063440993771198,1560289977,9,47555,49,8086,0.7756618158294246,1549803138,4,47211,49,8167,1.4919658625784145,1560287774,4,47550,49,8166,1.2682930739607492,1558189547,3,47442,49,8105
1.3921154350915763,1558195351,11,47492,49,8135,1.5063440993771198,1560289977,9,47555,49,8086,0.7756618158294246,1549803138,4,47211,49,8167,1.4919658625784145,1560287774,4,47550,49,8166,1.2682930739607492,1558189547,3,47442,49,8105
1.265133033798583,1558195896,12,47433,49,8102,1.5005295635667415,1560290292,10,47556,49,8046,1.6150801641085368,1545608836,5,47053,49,8161,1.4980871261372324,1562384359,4,47546,49,8162,1.699937431926728,1545606558,3,47106,49,8152
1.265133033798583,1558195896,12,47433,49,8102,1.5005295635667415,1560290292,10,47556,49,8046,1.6150801641085368,1545608836,5,47053,49,8161,1.4980871261372324,1562384359,4,47546,49,8162,1.699937431926728,1545606558,3,47106,49,8152
0,1556098618,11,47421,49,8182,1.257680795434638,1564484296,9,47449,49,8129,1.200266288359868,1556095332,5,47392,49,11,0.8026859355658494,1551898638,4,47252,49,8173,1.1555885610866024,1556092106,3,47395,49,8113
1.2255579010968631,1556098618,11,47421,49,8182,1.257680795434638,1564484296,9,47449,49,8129,1.200266288359868,1556095332,5,47392,49,11,0.8026859355658494,1551898638,4,47252,49,8173,1.1555885610866024,1556092106,3,47395,49,8113
0,1556098835,12,47370,49,8050,1.6717794781776494,1551900602,9,47115,49,8055,1.7437972212068158,1545608889,5,47111,49,8187,0.9015177729061238,1551898841,4,47299,49,8099,1.4003761919282796,1560286227,3,47499,49,8147
1.1116302607169717,1556098835,12,47370,49,8050,1.6717794781776494,1551900602,9,47115,49,8055,1.7437972212068158,1545608889,5,47111,49,8187,0.9015177729061238,1551898841,4,47299,49,8099,1.4003761919282796,1560286227,3,47499,49,8147
1.607018628829123,1562389694,10,47585,49,8155,1.217291522037869,1556095977,10,47427,49,8097,0.655715183545756,1547706676,5,47163,49,8101,1.4966576236206313,1560287830,4,47552,49,8118,1.035541559497261,1553995230,3,47340,49,8089
1.607018628829123,1562389694,10,47585,49,8155,1.217291522037869,1556095977,10,47427,49,8097,0.655715183545756,1547706676,5,47163,49,8101,1.4966576236206313,1560287830,4,47552,49,8118,1.035541559497261,1553995230,3,47340,49,8089
0.659691301372441,1549806946,11,47177,49,8066,1.4792140731024597,1560290759,10,47539,49,8127,1.7437972212068158,1545609108,5,47111,49,8076,1.5891679980731523,1545607123,4,47077,49,8052,1.5457204545621088,1543509221,3,47042,49,8117
0.659691301372441,1549806946,11,47177,49,8066,1.4792140731024597,1560290759,10,47539,49,8127,1.7437972212068158,1545609108,5,47111,49,8076,1.5891679980731523,1545607123,4,47077,49,8052,1.5457204545621088,1543509221,3,47042,49,8117
1.1163220153118794,1556098585,11,47375,49,8065,1.5475500669903288,1568677530,8,47565,49,8056,0.5597385225715246,1547706149,5,47122,49,8118,1.028093081020026,1553996343,4,47354,49,8113,1.1113235449512582,1556092056,3,47373,49,8142
1.3388739697020238,1558195932,11,47473,49,8094,1.1801663997629182,1562387692,10,47399,49,8060,1.4358749124756227,1558191853,5,47492,49,8129,1.3614125943810227,1558190145,3,47494,49,8101,1.6583212968400645,1545606747,3,47098,49,8089
1.3388739697020238,1558195932,11,47473,49,8094,1.1801663997629182,1562387692,10,47399,49,8060,1.4358749124756227,1558191853,5,47492,49,8129,1.3614125943810227,1558190145,3,47494,49,8101,1.6583212968400645,1545606747,3,47098,49,8089
1.5782564841112583,1562390275,11,47574,49,8106,0.8324649172340189,1558192517,8,47256,49,8080,1.1543691781284793,1556094538,5,47372,49,18,1.7820413940561517,1547704872,4,47154,49,8097,1.0592048431774466,1553994716,3,47348,49,8115
1.5782564841112583,1562390275,11,47574,49,8106,0.8324649172340189,1558192517,8,47256,49,8080,1.1543691781284793,1556094538,5,47372,49,18,1.7820413940561517,1547704872,4,47154,49,8097,1.0592048431774466,1553994716,3,47348,49,8115
0.7609712678592409,1549804746,6,47227,49,8132,0.6083813123911392,1547707350,10,47173,49,8070,0.9999481189501886,1553997842,5,47310,49,8158,0.9898451923532365,1553996239,4,47337,49,8118,1.3201069312144478,1558189834,3,47462,49,8118
0.7609712678592409,1549804746,6,47227,49,8132,0.6083813123911392,1547707350,10,47173,49,8070,0.9999481189501886,1553997842,5,47310,49,8158,0.9898451923532365,1553996239,4,47337,49,8118,1.3201069312144478,1558189834,3,47462,49,8118
1.147327788641956,1556099238,12,47391,49,8105,1.6916692724258764,1551900761,8,47112,49,8049,0.8508322407307263,1551899296,4,47244,49,8158,1.4844189103655148,1560287771,4,47544,49,8118,1.7268611641442884,1547703985,4,47130,49,8142
1.147327788641956,1556099238,12,47391,49,8105,1.6916692724258764,1551900761,8,47112,49,8049,0.8508322407307263,1551899296,4,47244,49,8158,1.4844189103655148,1560287771,4,47544,49,8118,1.7268611641442884,1547703985,4,47130,49,8142
1.6322117417861264,1562389279,10,47597,49,8127,1.665457499949505,1551901054,8,47097,49,8037,0.7519985340768773,1549803703,5,47205,49,8163,0.8529680842260269,1551899314,4,47279,49,8094,1.105815743648761,1556091875,3,47371,49,8102
0.9071296758631964,1551904540,11,47290,49,8116,1.5933467762248903,1551901354,8,47076,49,8086,0.6796851540527196,1547705824,5,47170,49,19,1.436276284750861,1560287475,4,47528,49,8059,1.7013631877391093,1547703260,3,47116,49,8086
0.9071296758631964,1551904540,11,47290,49,8116,1.5933467762248903,1551901354,8,47076,49,8086,0.6796851540527196,1547705824,5,47170,49,19,1.436276284750861,1560287475,4,47528,49,8059,1.7013631877391093,1547703260,3,47116,49,8086
1.4266920821189608,1560291992,9,47508,49,8128,1.619049204983921,1545610462,10,47093,49,8091,0.6543898020730295,1547706330,5,47162,49,8187,0.8619445161252939,1551898420,3,47279,49,8132,1.2298425812482625,1556091612,3,47419,49,8118
1.4266920821189608,1560291992,9,47508,49,8128,1.619049204983921,1545610462,10,47093,49,8091,0.6543898020730295,1547706330,5,47162,49,8187,0.8619445161252939,1551898420,3,47279,49,8132,1.2298425812482625,1556091612,3,47419,49,8118
0.7413881833367686,1549807101,11,47219,49,8110,1.671779459745424,1545609812,9,47112,49,8102,0.6168557053091029,1547705384,4,47146,49,8110,1.518688833801464,1545607400,4,47048,49,8080,1.3874236735705983,1558189456,4,47490,49,8090
0.7413881833367686,1549807101,11,47219,49,8110,1.671779459745424,1545609812,9,47112,49,8102,0.6168557053091029,1547705384,4,47146,49,8110,1.518688833801464,1545607400,4,47048,49,8080,1.3874236735705983,1558189456,4,47490,49,8090
1.2633987065366732,1558195738,11,47437,49,8078,1.7357316544798815,1553999188,9,47141,49,8102,0.6104296353297767,1547707028,5,47145,49,8158,0.9563913024475363,1553996111,4,47321,49,8067,1.1909812506671436,1556092356,3,47408,49,8137
1.2633987065366732,1558195738,11,47437,49,8078,1.7357316544798815,1553999188,9,47141,49,8102,0.6104296353297767,1547707028,5,47145,49,8158,0.9563913024475363,1553996111,4,47321,49,8067,1.1909812506671436,1556092356,3,47408,49,8137
1.3544790917010971,1558195670,11,47481,49,8059,1.237281661623706,1558193032,10,47444,49,8097,1.268194598479961,1556093808,4,47423,49,8166,1.243914085291502,1558190560,3,47446,49,8115,0.7245599260201535,1549801069,3,47205,49,8145
1.3544790917010971,1558195670,11,47481,49,8059,1.237281661623706,1558193032,10,47444,49,8097,1.268194598479961,1556093808,4,47423,49,8166,1.243914085291502,1558190560,3,47446,49,8115,0.7245599260201535,1549801069,3,47205,49,8145
1.249221179207469,1556098275,11,47433,49,8119,1.644037848509531,1545610128,9,47104,49,8110,0.7809651465641954,1549803559,5,47216,49,8171,1.287465289662537,1558190523,4,47467,49,8105,1.2631923498368136,1558189371,3,47444,49,8136
0.867249701075698,1551903599,10,47274,49,8098,0.9770934366968536,1553999221,10,47331,49,8137,1.2966518881537634,1558191380,5,47432,49,8104,1.663726847393374,1545607758,4,47106,49,8067,1.7111537993742432,1547703526,3,47125,49,8082
0.7963639476938507,1549806740,11,47241,49,8104,1.3503932231583151,1558192727,9,47495,49,8114,0.8704153298149314,1551900656,5,47251,49,8122,1.7530729249457422,1547704306,3,47150,49,8104,1.349278020461923,1558189696,4,47473,49,8146
0.7963639476938507,1549806740,11,47241,49,8104,1.3503932231583151,1558192727,9,47495,49,8114,0.8704153298149314,1551900656,5,47251,49,8122,1.7530729249457422,1547704306,3,47150,49,8104,1.349278020461923,1558189696,4,47473,49,8146
1.562039368071379,1562390149,11,47566,49,8150,1.210354213132959,1556095846,10,47436,49,8119,1.423838787616651,1558191189,4,47489,49,6,1.4950255407090098,1562384435,3,47552,49,8136,0.6312340280370442,1547702515,3,47169,49,8091
1.562039368071379,1562390149,11,47566,49,8150,1.210354213132959,1556095846,10,47436,49,8119,1.423838787616651,1558191189,4,47489,49,6,1.4950255407090098,1562384435,3,47552,49,8136,0.6312340280370442,1547702515,3,47169,49,8091
1.4157787166013844,1560292845,11,47504,49,8089,1.512667932500596,1560289839,10,47560,49,8090,1.015451012483079,1553997851,5,47317,49,8165,1.5531637506712133,1545607032,3,47062,49,8132,1.5210366315127513,1543509394,3,47037,49,9
0.8353256460845867,1551904460,11,47259,49,8093,0,1553998782,10,47370,49,8141,1.4192492659046796,1558191988,5,47486,49,8142,1.6848397731606044,1545607242,4,47115,49,8121,1.0969415416355168,1556091947,3,47371,49,8157
0.8353256460845867,1551904460,11,47259,49,8093,1.0587902852296656,1553998782,10,47370,49,8141,0,1558191720,5,47491,49,8090,1.6848397731606044,1545607242,4,47115,49,8121,1.0969415416355168,1556091947,3,47371,49,8157
0.750976174161064,1549807600,12,47222,49,8053,1.4731969279418462,1560290652,10,47536,49,8003,1.1173444098232848,1553997919,5,47358,49,5,0.6853919047228175,1549802024,4,47202,49,8072,1.0221800741695546,1553995394,3,47336,49,8077
0.750976174161064,1549807600,12,47222,49,8053,1.4731969279418462,1560290652,10,47536,49,8003,1.1173444098232848,1553997919,5,47358,49,5,0.6853919047228175,1549802024,4,47202,49,8072,1.0221800741695546,1553995394,3,47336,49,8077
1.534500353494567,1560292960,12,47556,49,8147,1.3317284069160111,1558193321,10,47491,49,8086,0.5823812972071942,1547706302,5,47131,49,8133,1.7261473481925327,1547704775,4,47134,49,8151,0.6431660645989039,1549800552,3,47180,49,8124
1.534500353494567,1560292960,12,47556,49,8147,1.3317284069160111,1558193321,10,47491,49,8086,0.5823812972071942,1547706302,5,47131,49,8133,1.7261473481925327,1547704775,4,47134,49,8151,0.6431660645989039,1549800552,3,47180,49,8124
0.5621829739266263,1547709205,10,47145,49,8130,1.0207468644065523,1553999071,10,47356,49,8170,0.8529736544413669,1551899893,4,47246,49,8124,1.4993102352622878,1545607127,3,47038,49,8118,1.0969434102951128,1553994875,3,47363,49,8088
0.5621829739266263,1547709205,10,47145,49,8130,1.0207468644065523,1553999071,10,47356,49,8170,0.8529736544413669,1551899893,4,47246,49,8124,1.4993102352622878,1545607127,3,47038,49,8118,1.0969434102951128,1553994875,3,47363,49,8088
0.7814726315320447,1549807567,12,47232,49,8103,0.6023641455749698,1547706970,8,47170,49,8050,0.8248230819641739,1549803063,5,47234,49,8098,0.8682664951014085,1551899100,4,47289,49,8131,1.5065542766233284,1543509433,3,47027,49,8144
0.7814726315320447,1549807567,12,47232,49,8103,0.6023641455749698,1547706970,8,47170,49,8050,0.8248230819641739,1549803063,5,47234,49,8098,0.8682664951014085,1551899100,4,47289,49,8131,1.5065542766233284,1543509433,3,47027,49,8144
1.352030977158712,1558196200,12,47478,49,8100,0.7565806751494254,1556095438,8,47234,49,8090,1.0851136402714174,1553997403,4,47346,49,8122,0.6538749482796599,1549801083,3,47191,49,8136,1.1826182443045863,1556092275,3,47403,49,8148
1.352030977158712,1558196200,12,47478,49,8100,0.7565806751494254,1556095438,8,47234,49,8090,1.0851136402714174,1553997403,4,47346,49,8122,0.6538749482796599,1549801083,3,47191,49,8136,1.1826182443045863,1556092275,3,47403,49,8148
1.6202778719254736,1562387226,5,47592,49,8122,1.6372046653159804,1545610581,10,47104,49,8104,1.1014325700100185,1553996973,4,47354,49,8122,1.3503969903535922,1558190484,4,47490,49,8134,1.7564411930977597,1547703953,3,47136,49,8159
1.6202778719254736,1562387226,5,47592,49,8122,1.6372046653159804,1545610581,10,47104,49,8104,1.1014325700100185,1553996973,4,47354,49,8122,1.3503969903535922,1558190484,4,47490,49,8134,1.7564411930977597,1547703953,3,47136,49,8159
0,1551904227,11,47245,,8154,0.559526733495076,1547707526,9,47158,49,8086,1.3485661144645247,1558192288,5,47459,49,8182,1.1826163552177378,1556093208,4,47415,49,8093,1.421896189659695,1560286662,3,47512,49,8129
0.8152332367456004,1551904227,11,47245,49,8154,0.559526733495076,1547707526,9,47158,49,8086,1.3485661144645247,1558192288,5,47459,49,8182,1.1826163552177378,1556093208,4,47415,49,8093,1.421896189659695,1560286662,3,47512,49,8129
1.1980188902914888,1556097699,10,47412,49,8174,1.3432533207116433,1558192650,10,47498,49,8100,1.3198039813548146,1558191594,4,47445,49,8130,0.6301112772322817,1547703861,3,47176,49,8112,0.8400155659718538,1551898018,3,47265,49,8141
1.1980188902914888,1556097699,10,47412,49,8174,1.3432533207116433,1558192650,10,47498,49,8100,1.3198039813548146,1558191594,4,47445,49,8130,0.6301112772322817,1547703861,3,47176,49,8112,0.8400155659718538,1551898018,3,47265,49,8141
0.6456160140965305,1547709804,11,47172,49,8104,1.5227652327432601,1560289846,10,47562,49,8107,1.6042671434502824,1545609343,5,47056,49,8072,1.7315529113663388,1547704852,4,47137,49,8131,0.6433705361190906,1549800363,3,47177,49,8084
0.6456160140965305,1547709804,11,47172,49,8104,1.5227652327432601,1560289846,10,47562,49,8107,1.6042671434502824,1545609343,5,47056,49,8072,1.7315529113663388,1547704852,4,47137,49,8131,0.6433705361190906,1549800363,3,47177,49,8084
0.5851324510257508,1547709951,11,47149,49,8091,0.6933441445720044,1549803984,8,47214,49,8087,1.4230227471045218,1558190705,4,47489,49,8162,0.896723774072171,1551898724,4,47298,49,8137,1.0126943159021384,1553994645,3,47332,49,8142
0.5851324510257508,1547709951,11,47149,49,8091,0.6933441445720044,1549803984,8,47214,49,8087,1.4230227471045218,1558190705,4,47489,49,8162,0.896723774072171,1551898724,4,47298,49,8137,1.0126943159021384,1553994645,3,47332,49,8142
1.0298292799265132,1554001849,12,47341,49,8178,0.8335876317791835,1558193542,9,47272,49,8103,1.7210522123589693,1545609243,5,47103,49,8162,0.8060523276859879,1551898849,4,47251,49,8121,0.9271217153453429,1551897674,3,47291,49,8105
1.0409471201257963,1554000507,10,47344,49,8115,1.2123952405764855,1564483699,9,47438,49,8083,1.512675542820821,1560288694,4,47530,49,8147,1.1849622358106604,1558190144,4,47416,49,8101,1.3876281563485473,1558189471,3,47488,49,8110
1.0409471201257963,1554000507,10,47344,49,8115,1.2123952405764855,1564483699,9,47438,49,8083,0,,,,,8147,14.283108766446578,1558190144,4,4416,49,8101,1.3876281563485473,1558189471,3,47488,49,8110
1.5690770175581934,1562390511,12,47566,49,8121,1.4997134886108343,1568678613,10,47565,49,8102,1.7436949805178186,1547706108,5,47115,49,8097,0.6438798573146413,1549801547,4,47185,49,8157,1.7007516216332053,1547703410,3,47114,49,8119
1.5690770175581934,1562390511,12,47566,49,8121,1.4997134886108343,1568678613,10,47565,49,8102,1.7436949805178186,1547706108,5,47115,49,8097,0.6438798573146413,1549801547,4,47185,49,8157,1.7007516216332053,1547703410,3,47114,49,8119
1.2500372265353614,1556098468,11,47430,49,8182,0.595428736974888,1547707623,10,47167,49,8050,0.9939309852735657,1553997493,5,47306,49,8120,0.9548614643841636,1553996300,3,47319,49,8122,0.7838166683847501,1551897337,3,47240,49,8137
1.2500372265353614,1556098468,11,47430,49,8182,0.595428736974888,1547707623,10,47167,49,8050,0.9939309852735657,1553997493,5,47306,49,8120,0.9548614643841636,1553996300,3,47319,49,8122,0.7838166683847501,1551897337,3,47240,49,8137
1.683821123575863,1545612642,11,47105,49,8114,1.3695692167791742,1566581370,9,47505,49,8136,1.1149985250332275,1553997860,5,47359,49,8134,0.7541362483338443,1551898822,3,47231,49,8139,0.6101211062116514,1547703318,3,47158,49,8172
1.683821123575863,1545612642,11,47105,49,8114,1.3695692167791742,1566581370,9,47505,49,8136,1.1149985250332275,1553997860,5,47359,49,8134,0.7541362483338443,1551898822,3,47231,49,8139,0.6101211062116514,1547703318,3,47158,49,8172
1.2857347579872138,1558195019,10,47448,49,8144,1.5974269339891733,1545610412,9,47079,49,8020,1.5026804571948875,1560289130,4,47526,49,8164,1.070523411694576,1556093264,4,47369,49,8114,0.916003879748435,1551897162,3,47287,49,8087
1.2857347579872138,1558195019,10,47448,49,8144,1.5974269339891733,1545610412,9,47079,49,8020,1.5026804571948875,1560289130,4,47526,49,8164,1.070523411694576,1556093264,4,47369,49,8114,0.916003879748435,1551897162,3,47287,49,8087
0.6644852945350902,1549807472,12,47179,49,2,1.3889478125809638,1560289410,8,47507,49,8033,1.6997348092863047,1545609589,5,47098,49,8141,1.0560391707101133,1556093438,4,47367,49,8107,0.9537405884401635,1553995020,3,47309,49,8127
0,,,,,,1.3889478125809638,1560289410,8,47507,49,8033,1.6997348092863047,1545609589,5,47098,49,8141,1.0560391707101133,1556093438,4,47367,49,8107,0.9537405884401635,1553995020,3,47309,49,8127
0.9480301666598252,1551903602,10,47303,49,8139,1.2587012890532752,1564484554,9,47456,49,8129,0.6637733243808863,1547705975,5,47167,49,8146,1.1032653749351709,1556093512,4,47376,49,8121,1.0496168465178324,1553994771,3,47345,49,8143
1.232595540920692,1556098523,11,47425,49,8089,1.7009505161164493,1553998497,9,47128,49,8052,1.003721603525978,1553997095,5,47314,49,8166,1.584782947064347,1545607510,4,47071,49,8086,1.4647354988465584,1560286834,3,47523,49,8094
1.232595540920692,1556098523,11,47425,49,8089,1.7009505161164493,1553998497,9,47128,49,8052,1.003721603525978,1553997095,5,47314,49,8166,1.584782947064347,1545607510,4,47071,49,8086,1.4647354988465584,1560286834,3,47523,49,8094
1.2106665739069074,1556098761,11,47416,49,8133,1.0296210512724695,1553998844,9,47361,49,8103,1.4122116190191316,1558192329,5,47485,49,8162,0.9042726067915687,1551898766,4,47295,49,8082,0.7232327163761876,1549800645,3,47209,49,8142
1.2106665739069074,1556098761,11,47416,49,8133,1.0296210512724695,1553998844,9,47361,49,8103,1.4122116190191316,1558192329,5,47485,49,8162,0.9042726067915687,1551898766,4,47295,49,8082,0.7232327163761876,1549800645,3,47209,49,8142
0.6947772771543249,1549807142,11,47194,49,8135,1.1704761099662693,1562387210,8,47412,49,8102,1.5693856508219228,1560289203,5,47552,49,8132,1.1289659447283211,1556093655,4,47396,49,8067,0.9334437019011503,1551897123,3,47300,49,8098
0.6947772771543249,1549807142,11,47194,49,8135,1.1704761099662693,1562387210,8,47412,49,8102,1.5693856508219228,1560289203,5,47552,49,8132,1.1289659447283211,1556093655,4,47396,49,8067,0.9334437019011503,1551897123,3,47300,49,8098
0.8050336747724508,1551904467,12,47241,49,8080,0,1558193626,10,47280,49,8117,0.8203357847880468,1549803479,5,47232,49,8170,1.7356331106698015,1547704922,4,47136,49,8040,1.5329705260527255,1560286765,3,47550,49,8162
0.8050336747724508,1551904467,12,47241,49,8080,0.8355245506122476,1558193626,10,47280,49,8117,0.8203357847880468,1549803479,5,47232,49,8170,1.7356331106698015,1547704922,4,47136,49,8040,1.5329705260527255,1560286765,3,47550,49,8162
0.6424540951021741,1547710007,12,47171,49,8056,0.8004385845652839,1558192504,8,47256,49,8090,0.9874026727972425,1553996348,4,47306,49,8138,0.7475057014317719,1549801938,4,47232,49,8062,1.6853491186769427,1547702837,3,47112,49,8052
0.6424540951021741,1547710007,12,47171,49,8056,0.8004385845652839,1558192504,8,47256,49,8090,0.9874026727972425,1553996348,4,47306,49,8138,0.7475057014317719,1549801938,4,47232,49,8062,1.6853491186769427,1547702837,3,47112,49,8052
0.9087617592729739,1551901349,5,47288,49,8132,1.5744774489265625,1551902098,9,47083,49,8080,1.4652486020221438,1560289212,5,47509,49,8120,1.4040493125595592,1558189969,4,47499,49,8102,0.6785587487392838,1549801040,3,47191,49,8113
0.9087617592729739,1551901349,5,47288,49,8132,1.5744774489265625,1551902098,9,47083,49,8080,1.4652486020221438,1560289212,5,47509,49,8120,1.4040493125595592,1558189969,4,47499,49,8102,0.6785587487392838,1549801040,3,47191,49,8113
1.1972028501262653,1556095970,6,47412,49,8119,1.1849584661101416,1562387734,9,47422,49,8066,0.7325176794114598,1549803731,5,47197,49,8123,0.7716783091006646,1551899031,4,47243,49,8099,0.9359940620185694,1551897699,3,47297,49,8118
1.1972028501262653,1556095970,6,47412,49,8119,1.1849584661101416,1562387734,9,47422,49,8066,0.7325176794114598,1549803731,5,47197,49,8123,0.7716783091006646,1551899031,4,,49,8099,0.9359940620185694,1551897699,3,47297,49,8118
0.8735735482247108,1551903659,9,47273,49,8161,1.0289072510981714,1553998925,9,47360,49,8029,0.6794806866639335,1547705796,5,47173,49,8108,0.6307228494187681,1549801899,4,47177,49,8112,0.6253191340343023,1547703436,3,47159,49,8127
1.5869262084638354,1562390392,11,47575,49,8096,1.3134725663270503,1558193418,9,47482,49,8125,1.641801587936843,1545609697,5,47074,49,8106,1.6659686376282865,1547704581,4,47115,49,8109,1.35641602467422,1558189685,3,47479,49,8154
1.5869262084638354,1562390392,11,47575,49,8096,1.3134725663270503,1558193418,9,47482,49,8125,1.641801587936843,1545609697,5,47074,49,8106,1.6659686376282865,1547704581,4,47115,49,8109,1.35641602467422,1558189685,3,47479,49,8154
0.820741037144345,1551904398,11,47247,49,8044,0.8930488005685046,1551902062,10,47300,49,8069,0.8233954700265844,1549802733,4,47234,49,8182,1.143347948189893,1556093671,4,47399,49,8106,1.8137628519542128,1547703410,3,47155,49,8068
0.820741037144345,1551904398,11,47247,49,8044,0.8930488005685046,1551902062,10,47300,49,8069,0.8233954700265844,1549802733,4,47234,49,8182,1.143347948189893,1556093671,4,47399,49,8106,1.8137628519542128,1547703410,3,47155,49,8068
1.2587069495000867,1558195448,11,47433,49,8104,1.6322061780521546,1545610236,10,47109,49,8151,1.1710951942426937,1556095299,5,47385,49,8096,1.7870380088790605,1547704785,4,47160,49,8082,1.1130559997095248,1556092006,3,47377,49,8104
1.2587069495000867,1558195448,11,47433,49,8104,1.6322061780521546,1545610236,10,47109,49,8151,1.1710951942426937,1556095299,5,47385,49,8096,1.7870380088790605,1547704785,4,47160,49,8082,1.1130559997095248,1556092006,3,47377,49,8104
1.7169701628975083,1547709418,10,47116,49,8131,1.1797554958108263,1556095764,10,47433,49,8097,1.5849907772537193,1560288085,4,47559,49,8174,1.230859328188874,1558190224,4,47437,49,8100,1.7103377715186037,1547703544,3,47121,49,8130
1.7169701628975083,1547709418,10,47116,49,8131,1.1797554958108263,1556095764,10,47433,49,8097,1.5849907772537193,1560288085,4,47559,49,8174,1.230859328188874,1558190224,4,47437,49,8100,1.7103377715186037,1547703544,3,47121,49,8130
0.9554767564339952,1551904405,12,47302,49,8083,0.7313875433877728,1549804682,10,47237,49,8113,0.8458337727630388,1551900555,5,47246,49,8150,0.693857156048371,1549801752,4,47206,49,8105,1.2342276310893163,1556092729,3,47421,49,8102
0.9554767564339952,1551904405,12,47302,49,8083,0.7313875433877728,1549804682,10,47237,49,8113,0.8458337727630388,1551900555,5,47246,49,8150,0.693857156048371,1549801752,4,47206,49,8105,1.2342276310893163,1556092729,3,47421,49,8102
1.5173653969187273,1560292081,10,47545,49,8102,1.0690920540909998,1562387534,9,47382,49,8096,1.4449517132801097,1560289105,5,47500,49,8130,1.3458074745051642,1558190323,3,47486,49,8143,0.7949363575482653,1549801153,4,47232,49,8091
1.5173653969187273,1560292081,10,47545,49,8102,1.0690920540909998,1562387534,9,47382,49,8096,1.4449517132801097,1560289105,5,47500,49,8130,1.3458074745051642,1558190323,3,47486,49,8143,0.7949363575482653,1549801153,4,47232,49,8091
0.9927041388033032,1554001654,11,47321,49,8086,0.9355813615555474,1560287520,4,47315,49,8066,1.283085920985676,1558191194,4,47431,49,8136,1.5307230598801222,1545607433,3,47057,49,8090,0.6612193166362592,1549800693,3,47183,49,8086
1.2920586003680454,1558195866,11,47450,49,8068,1.490329956951186,1560289900,10,47564,49,8096,0.5720794995500197,1547706249,5,47130,49,8098,0.9998402823988565,1553996144,4,47341,49,8093,1.5107348346537715,1560286502,3,47542,49,8093
1.1989371701443596,1556095955,6,47411,49,8125,1.4338262584773998,1566582059,9,47534,49,8089,0.7372094414750333,1549803246,4,47199,49,8166,0.7862647767376141,1551898713,4,47243,49,8100,0.6650950395188385,1549800522,3,47185,49,8108
1.1989371701443596,1556095955,6,47411,49,8125,1.4338262584773998,1566582059,9,47534,49,8089,0.7372094414750333,1549803246,4,47199,49,8166,0.7862647767376141,1551898713,4,47243,49,8100,0.6650950395188385,1549800522,3,47185,49,8108
1.4352595691845067,1560293307,11,47510,49,8126,0.7026254153681141,1549804902,10,47223,49,8049,1.1788466387527166,1556095187,5,47389,49,8151,1.4574914585632461,1560287151,4,47534,49,8142,1.5487782372197125,1545606145,3,47049,49,8121
1.4352595691845067,1560293307,11,47510,49,8126,0.7026254153681141,1549804902,10,47223,49,8049,1.1788466387527166,1556095187,5,47389,49,8151,1.4574914585632461,1560287151,4,47534,49,8142,1.5487782372197125,1545606145,3,47049,49,8121
0.8268604051206867,1551904342,11,47251,49,8080,1.6476068238999544,1545609460,8,47110,49,8087,0.6802967246538938,1547706013,5,47173,49,8153,1.8265108945655586,1547704524,3,47172,49,8118,1.665870125986913,1545606221,3,47093,49,8107
0.8268604051206867,1551904342,11,47251,49,8080,1.6476068238999544,1545609460,8,47110,49,8087,0.6802967246538938,1547706013,5,47173,49,8153,1.8265108945655586,1547704524,3,47172,49,8118,1.665870125986913,1545606221,3,47093,49,8107
1.1193817020241288,1556098382,11,47375,49,8157,0.8770365940245516,1551901723,9,47297,49,8146,1.0786875582200246,1553997714,5,47347,49,8111,1.2940958639432092,1558190561,3,47464,49,8059,1.4087391975931154,1560286610,3,47502,49,8146
1.1193817020241288,1556098382,11,47375,49,8157,0.8770365940245516,1551901723,9,47297,49,8146,1.0786875582200246,1553997714,5,47347,49,8111,1.2940958639432092,1558190561,3,47464,49,8059,1.4087391975931154,1560286610,3,47502,49,8146
1.4221025669476752,1560293061,11,47503,49,8085,1.2922574010657044,1558193351,9,47474,49,8081,1.4644325613289175,1560289336,5,47509,49,8169,0.7580119734842898,1551898884,4,47232,49,8100,1.2774721233336521,1558189380,3,47445,49,8171
1.4221025669476752,1560293061,11,47503,49,8085,1.2922574010657044,1558193351,9,47474,49,8081,1.4644325613289175,1560289336,5,47509,49,8169,0.7580119734842898,1551898884,4,47232,49,8100,1.2774721233336521,1558189380,3,47445,49,8171
0.5437226352266687,1547710532,12,47131,49,8164,1.6855498636270627,1553998933,10,47129,49,8088,0.6848862538105951,1547705910,5,47176,49,8160,1.4680999950172293,1560287871,4,47534,49,8094,1.248812236017308,1556091713,3,47430,49,8137
0.5437226352266687,1547710532,12,47131,49,8164,1.6855498636270627,1553998933,10,47129,49,8088,0.6848862538105951,1547705910,5,47176,49,8160,1.4680999950172293,1560287871,4,47534,49,8094,1.248812236017308,1556091713,3,47430,49,8137
0.8618441445419563,1551904082,10,47268,49,8143,0.8722425985210592,1558193616,9,47287,49,8080,1.0975568435207512,1553997878,5,47354,49,19,0.9314045223510619,1553995626,4,47300,49,8138,1.1167272422120313,1556092291,3,47381,49,8105
0.8618441445419563,1551904082,10,47268,49,8143,0.8722425985210592,1558193616,9,47287,49,8080,1.0975568435207512,1553997878,5,47354,49,19,0.9314045223510619,1553995626,4,47300,49,8138,1.3490735481993588,1558189627,3,47471,49,8137
0.6179747816725958,1547709416,10,47163,49,8143,1.4863519969592354,1560289721,9,47562,49,8102,0.9935220403934073,1553997003,4,47310,49,8067,0.882139170376245,1551898513,4,47287,49,8131,1.6280293274974482,1545606285,3,47080,49,8125
1.0526765263380027,1553998506,5,47348,49,8099,0.7552534381426298,1549804316,10,47242,49,8034,1.4637187654283228,1560288830,5,47506,49,8171,1.6410840853161826,1545607127,4,47094,49,8130,1.2726781213523959,1558189330,3,47444,49,8117
1.0526765263380027,1553998506,5,47348,49,8099,0.7552534381426298,1549804316,10,47242,49,8034,1.4637187654283228,1560288830,5,47506,49,8171,1.6410840853161826,1545607127,4,47094,49,8130,1.2726781213523959,1558189330,3,47444,49,8117
1.6682159994862285,1545613467,12,47097,49,8115,1.5459197968550056,1568679229,10,47578,49,8164,1.1227499740144649,1553997814,5,47361,49,8127,1.1692548773569402,1556092909,4,47408,49,8179,1.0551246525194675,1553995030,3,47345,49,8027
1.6682159994862285,1545613467,12,47097,49,8115,1.5459197968550056,1568679229,10,47578,49,8164,1.1227499740144649,1553997814,5,47361,49,8127,1.1692548773569402,1556092909,4,47408,49,8179,1.0551246525194675,1553995030,3,47345,49,8027
0.8868327960726212,1551904792,12,47278,49,8110,1.548775006419167,1568679186,9,47574,49,8050,1.523793390231259,1560289415,5,47533,49,8112,0.7848390167468514,1551899032,4,47233,49,8138,0.849808034615923,1551898124,3,47265,49,8151
0.8868327960726212,1551904792,12,47278,49,8110,1.548775006419167,1568679186,9,47574,49,8050,1.523793390231259,1560289415,5,47533,49,8112,0.7848390167468514,1551899032,4,47233,49,8138,0.849808034615923,1551898124,3,47265,49,8151
1.2547289905139771,1558195534,11,47431,49,8166,1.4301550305817439,1560290682,9,47529,49,8096,0.6527577281607959,1547706452,5,47161,49,8142,1.5516353194319086,1545606952,3,47051,49,8098,0.6172609796064324,1547703707,3,47161,49,8115
1.2547289905139771,1558195534,11,47431,49,8166,1.4301550305817439,1560290682,9,47529,49,8096,0.6527577281607959,1547706452,5,47161,49,8142,1.5516353194319086,1545606952,3,47051,49,8098,0.6172609796064324,1547703707,3,47161,49,8115
1.127235386620032,1556097812,9,47377,49,8180,0.8686735923346384,1551901882,9,47290,49,8149,0.7124252583631712,1549803679,5,47184,49,8122,0.7864692487206043,1551898857,4,47241,49,8110,1.2351440231681488,1558189205,3,47431,49,8115
1.127235386620032,1556097812,9,47377,49,8180,0.8686735923346384,1551901882,9,47290,49,8149,0.7124252583631712,1549803679,5,47184,49,8122,0.7864692487206043,1551898857,4,47241,49,8110,1.2351440231681488,1558189205,3,47431,49,8115
1.4882965462716216,1560293203,11,47533,49,8083,0,1558192153,8,47304,49,8084,1.0141256433713952,1553997600,5,47314,49,8090,1.5500013282968552,1545607675,4,47059,49,8108,1.0862326580012007,1553994937,3,47363,49,8119
1.4882965462716216,1560293203,11,47533,49,8083,0.9080423640349153,1558192153,8,47304,49,8084,1.0141256433713952,1553997600,5,47314,49,8090,1.5500013282968552,1545607675,4,47059,49,8108,1.0862326580012007,1553994937,3,47363,49,8119
0.662853220409122,1549807167,11,47178,49,8104,0,1549804084,9,47241,49,8119,1.3262300631841533,1558191819,5,47446,49,8092,1.1534452733701397,1556093118,3,47403,49,8133,0.9329343714020046,1553994226,3,47298,49,8093
0.662853220409122,1549807167,11,47178,49,8104,0.7390367521721932,1549804084,9,47241,49,8119,1.3262300631841533,1558191819,5,47446,49,8092,1.1534452733701397,1556093118,3,47403,49,8133,0.9329343714020046,1553994226,3,47298,49,8093
1.0057589114473984,1553998805,6,47328,49,8129,0,1556095393,10,47183,49,8097,1.6052876694140354,1545609477,5,47054,49,8163,0.71537718015285,1549801873,4,47218,49,8075,0.8908107549654176,1551897376,3,47279,49,8147
1.0057589114473984,1553998805,6,47328,49,8129,0.5981817018369129,1556095393,10,47183,49,8097,1.6052876694140354,1545609477,5,47054,49,8163,0.71537718015285,1549801873,4,47218,49,8075,0.8908107549654176,1551897376,3,47279,49,8147
1.2751281176402174,1558195760,11,47439,49,8050,0,1545610262,10,47110,49,8068,0.6669352471241305,1547706532,5,47166,49,8131,1.5107348192376788,1560287587,4,47548,49,8125,0.8004423047138759,1551897863,3,47245,49,8156
1.2751281176402174,1558195760,11,47439,49,8050,1.645158705482415,1545610262,10,47110,49,8068,0.6669352471241305,1547706532,5,47166,49,8131,1.5107348192376788,1560287587,4,47548,49,8125,0.8004423047138759,1551897863,3,47245,49,8156
1.5228732020683062,1560293144,12,47546,49,8072,0,1560289993,9,47558,49,8090,0.9108046416573354,1551900796,5,47271,49,8130,1.152017673124858,1556093646,4,47401,49,8092,0.8349167116522391,1551898128,3,47259,49,8118
1.5228732020683062,1560293144,12,47546,49,8072,1.4762546761225883,1560289993,9,47558,49,8090,0.9108046416573354,1551900796,5,47271,49,8130,1.152017673124858,1556093646,4,47401,49,8092,0.8349167116522391,1551898128,3,47259,49,8118
0.697123155576866,1549806466,9,47196,49,8170,0.8281820595133483,1551902021,9,47272,49,8135,1.5612252464152927,1560288961,5,47549,49,8104,0.7580101221793653,1551898956,4,47240,49,8144,0.9755673132951193,1553995329,3,47320,49,8114
0.697123155576866,1549806466,9,47196,49,8170,0.8281820595133483,1551902021,9,47272,49,8135,1.5612252464152927,1560288961,5,47549,49,8104,0.7580101221793653,1551898956,4,47240,49,8144,0.9755673132951193,1553995329,3,47320,49,8114
1.453312814258996,1560293136,11,47518,49,8086,1.0678689357726217,1562387350,10,47378,49,8083,1.3020574531966589,1556094065,5,47434,49,8118,0.9064121542548235,1551898767,4,47304,49,8100,1.59171836417894,1545606829,3,47071,49,8106
1.453312814258996,1560293136,11,47518,49,8086,1.0678689357726217,1562387350,10,47378,49,8083,1.3020574531966589,1556094065,5,47434,49,8118,0.9064121542548235,1551898767,4,47304,49,8100,1.0660380093836166,1553995422,4,47353,49,8088
1.3285721674791933,1558193395,6,47469,49,8162,1.6806536231041855,1553998674,9,47122,49,8039,1.6146711955041007,1545608496,4,47057,49,8050,0.733837518662173,1549801570,4,47228,49,8131,1.422712241805393,1560286549,3,47508,49,8093
1.3285721674791933,1558193395,6,47469,49,8162,1.6806536231041855,1553998674,9,47122,49,8039,1.6146711955041007,1545608496,4,47057,49,8050,0.733837518662173,1549801570,4,47228,49,8131,1.422712241805393,1560286549,3,47508,49,8093
0.8828548320827565,1551904383,11,47279,49,8168,0.694873972246598,1556096374,9,47219,49,8106,1.457803886559081,1560288928,5,47499,49,8152,1.0513474160673313,1553996082,4,47363,49,8097,1.0902106282087076,1553994871,3,47360,49,8139
0.5382148333583346,1547710157,11,47130,49,8059,1.1925054215749473,1556095741,9,47428,49,8071,1.408742981942443,1558191330,4,47484,49,8152,1.5477576945851703,1545607249,4,47056,49,8110,0.8223712801517726,1551897520,3,47250,49,8182
0.5382148333583346,1547710157,11,47130,49,8059,1.1925054215749473,1556095741,9,47428,49,8071,1.408742981942443,1558191330,4,47484,49,8152,1.5477576945851703,1545607249,4,47056,49,8110,0.8223712801517726,1551897520,3,47250,49,8182
0.5678952452456892,1547710197,11,47143,49,8119,1.055221253888937,1562386986,10,47374,49,8051,1.6278285420090848,1545609222,5,47064,49,8163,1.3536592637497238,1560287488,4,47495,49,8119,1.102244878319272,1556091980,3,47370,49,8102
0.5678952452456892,1547710197,11,47143,49,8119,1.055221253888937,1562386986,10,47374,49,8051,1.6278285420090848,1545609222,5,47064,49,8163,1.3536592637497238,1560287488,4,47495,49,8119,1.102244878319272,1556091980,3,47370,49,8102
1.2325955384630538,1556098780,12,47426,49,8062,1.675043584775253,1553997954,9,47121,49,8049,1.6164055200099388,1562385427,4,47568,49,8104,0.7761674540795214,1549801410,3,47237,49,8113,0.9603692880343897,1553994537,3,47313,49,8061
1.2325955384630538,1556098780,12,47426,49,8062,1.675043584775253,1553997954,9,47121,49,8049,1.6164055200099388,1562385427,4,47568,49,8104,0.7761674540795214,1549801410,3,47237,49,8113,0.9603692880343897,1553994537,3,47313,49,8061
1.6343531537116305,1562389196,9,47599,49,8124,0.6411231877955783,1556096332,10,47197,49,8064,0.6740751248571848,1547705862,4,47167,49,8172,0.7428139463102289,1549801807,4,47228,49,8111,0.7723958249655918,1549800720,3,47220,49,8096
1.6343531537116305,1562389196,9,47599,49,8124,0.6411231877955783,1556096332,10,47197,49,8064,0.6740751248571848,1547705862,4,47167,49,8172,0.7428139463102289,1549801807,4,47228,49,8111,0.7723958249655918,1549800720,3,47220,49,8096
0.5282197379490988,1547709906,11,47124,49,8144,1.4889023528370777,1560289977,10,47565,49,8110,1.042683310383898,1553997249,4,47329,49,8110,1.6866763322666976,1547704293,4,47110,49,8095,1.1639534491206784,1556092239,3,47389,49,8186
0.7087503250364482,1549806173,9,47202,49,8164,0.6683554764599448,1556096476,10,47210,49,8096,0.6088997940583273,1547706379,5,47143,49,8153,0.996475757123508,1553996420,4,47333,49,8114,0.6488783463126631,1549800451,3,47175,49,8118
0.7087503250364482,1549806173,9,47202,49,8164,0.6683554764599448,1556096476,10,47210,49,8096,0.6088997940583273,1547706379,5,47143,49,8153,0.996475757123508,1553996420,4,47333,49,8114,1.0707297807351464,1553995008,3,47351,49,8146
0.7886125067919066,1551903375,10,47235,49,8157,1.5803941865457944,1551902118,10,47076,49,8101,1.3152144586301617,1558191343,4,47442,49,8127,1.5507151401571102,1545607398,4,47055,49,8109,1.1530382122144922,1556092558,4,47392,49,8142
0.6029812228725214,1547707639,6,47159,49,8084,1.4918597841268841,1568678589,9,47568,49,8110,1.6091633903885385,1562385978,5,47568,49,8138,1.7478718577817984,1547705011,4,47138,49,8087,1.569381862547004,1545605867,3,47051,49,8107
0.6029812228725214,1547707639,6,47159,49,8084,1.4918597841268841,1568678589,9,47568,49,8110,14.583276601833154,1562385978,5,47568,49,8138,1.7478718577817984,1547705011,4,47138,49,8087,1.569381862547004,1545605867,3,47051,49,8107
1.5706068546772463,1562390067,11,4756,49,8094,1.436988169973638,1560289938,9,47538,49,8081,0.6920261336828089,1549803021,5,47176,49,8130,1.4770745587290666,1560287243,3,47537,49,8114,0.7531176121943535,1549800361,3,47214,49,8141
1.5706068546772463,1562390067,11,47568,49,8094,1.436988169973638,1560289938,9,47538,49,8081,0.6920261336828089,1549803021,5,47176,49,8130,1.4770745587290666,1560287243,3,47537,49,8114,0.7531176121943535,1549800361,3,47214,49,8141
1.0174883101909389,1553998550,5,47335,49,8158,0.9027390276850505,1560288995,8,47312,49,8161,0.7653600176865585,1549802819,4,47209,49,8149,0.872448951110868,1551899077,4,47281,49,8121,0.8565389863147446,1551897935,3,47264,49,8098
1.0174883101909389,1553998550,5,47335,49,8158,0.9027390276850505,1560288995,8,47312,49,8161,0.7653600176865585,1549802819,4,47209,49,8149,0.872448951110868,1551899077,4,47281,49,8121,0.8565389863147446,1551897935,3,47264,49,8098
1.6636264688400846,1545612342,10,47096,49,8132,1.5504070708022664,1551901117,8,47074,49,8061,0.8223749664986779,1549803083,5,47234,49,8115,1.4440277453645152,1560287818,4,47525,49,8096,0.9325272960589369,1551898153,3,47287,49,8191
0,1545612342,10,47096,49,8132,1.5504070708022664,1551901117,8,47074,49,8061,0.8223749664986779,1549803083,5,47234,49,8115,1.4440277453645152,1560287818,4,47525,49,8096,0.9325272960589369,1551898153,3,47287,49,8191
0.9458887572799956,1551904210,12,47301,49,8110,1.0556283208667834,1556095126,8,47381,49,8085,0.9240638890164452,1551900000,4,47277,49,8147,0.9255900233358868,1551899070,4,47296,49,8118,1.0532881075276388,1553995207,3,47343,49,8161
0.9458887572799956,1551904210,12,47301,49,8110,1.0556283208667834,1556095126,8,47381,49,8085,0.9240638890164452,1551900000,4,47277,49,8147,0.9255900233358868,1551899070,4,47296,49,8118,1.0532881075276388,1553995207,3,47343,49,8161
0.9401764826561263,1551904426,12,47301,49,8121,0.795644582886474,1558193258,9,47256,49,8099,1.7029989676909545,1545609041,5,47096,49,8148,0.745059448627655,1549801765,4,47218,49,8096,1.6568937093730003,1545606835,4,47089,49,8146
0.9401764826561263,1551904426,12,47301,49,8121,0.795644582886474,1558193258,9,47256,49,8099,1.7029989676909545,1545609041,5,47096,49,8148,0.745059448627655,1549801765,4,47218,49,8096,1.6568937093730003,1545606835,4,47089,49,8146
1.095209090310707,1554001334,11,47365,49,8091,1.4724811989241224,1560289520,8,47556,49,8132,1.4340383523461278,1558191588,5,47493,49,30,0.9935183242675012,1553996251,4,47326,49,8111,1.3102122222655788,1558188951,3,47456,49,8097
0.9346686818809615,1551903991,11,47299,49,8152,1.5253161968194082,1568679002,10,47574,49,8111,0.6419465933470829,1547706806,5,47155,49,8157,0.8934596377829043,1551898749,3,47291,49,8118,0.6585667436809349,1549800712,3,47181,49,8158
0.9346686818809615,1551903991,11,47299,49,8152,1.5253161968194082,1568679002,10,47574,49,8111,0.6419465933470829,1547706806,5,47155,49,8157,0.8934596377829043,1551898749,3,47291,49,8118,0.6585667436809349,1549800712,3,47181,49,8158
0.776474161256749,1549807246,11,47234,49,8126,1.5893687661313824,1545610476,9,47090,49,8144,1.0265688513840558,1553997588,5,47320,49,8121,0.8871376569870941,,4,47281,49,8095,0,1556091990,3,47433,49,8106
0.826248835239487,1551904492,11,47250,49,8130,1.3199989878730172,1558193173,9,47491,49,8102,1.5961086294017754,1562385906,5,47560,49,8132,0.7823890789476454,1551898747,3,47232,49,8100,0.759236980883956,1549800939,3,47218,49,8106
0.6689725859722381,1549807252,11,47184,49,8156,1.3265273172937846,1558193183,9,47491,49,8100,1.0990866890181283,1553997912,5,47353,49,8144,0.7699440251626555,1549801670,3,47234,49,8088,1.3497873627996781,1558189843,3,47466,49,8112
0.6689725859722381,1549807252,11,47184,49,8156,1.3265273172937846,1558193183,9,47491,49,8100,1.0990866890181283,1553997912,5,47353,49,8144,0.7699440251626555,1549801670,3,47234,49,8088,1.3497873627996781,1558189843,3,47466,49,8112
1.1109164547509849,1556098623,11,47371,49,8088,1.6408758939387507,1545610381,9,47105,49,8053,1.0259572849873146,1553997609,5,47318,49,8170,1.115502252727236,1556093346,4,47382,49,8142,1.2512603718645414,1556092351,3,47424,49,8078
1.336630332527263,1558196374,12,47470,49,8148,0.9955556018166251,1553998511,8,47344,49,8103,1.753690076544333,1547706134,5,47119,49,8160,0.7528090591046227,1549801736,4,47226,49,8047,1.0918408522133876,1556091979,3,47363,49,8089
1.336630332527263,1558196374,12,47470,49,8148,0.9955556018166251,1553998511,8,47344,49,8103,1.753690076544333,1547706134,5,47119,49,8160,0.7528090591046227,1549801736,4,47226,49,8047,1.0918408522133876,1556091979,3,47363,49,8089
0.9276310395994948,1551903395,9,47296,49,8087,0.5580991096421051,1553999187,9,47161,49,8067,0.7584246082973962,1549804045,5,47205,49,8128,1.5567341719201542,1562384115,3,47560,49,8100,1.2897108611374357,1558189325,3,47447,49,8120
0.9276310395994948,1551903395,9,47296,49,8087,0.5580991096421051,1553999187,9,47161,49,8067,0.7584246082973962,1549804045,5,47205,49,8128,1.5567341719201542,1562384115,3,47560,49,8100,1.2897108611374357,1558189325,3,47447,49,8120
1.396297875550146,1558195526,11,47493,49,8173,0.8846857936715949,1551901869,10,47295,49,8111,0.7504686932546993,1549803921,5,47203,49,8172,0.7892222493109812,1551898716,3,47237,49,8133,1.2646218559505942,1556091811,3,47429,49,8120
1.396297875550146,1558195526,11,47493,49,8173,0.8846857936715949,1551901869,10,47295,49,8111,0.7504686932546993,1549803921,5,47203,49,8172,0.7892222493109812,1551898716,3,47237,49,8133,1.2646218559505942,1556091811,3,47429,49,8120
0.8283902446352763,1551904931,12,47253,49,8160,0.5669732911416955,1547707686,9,47156,49,8058,1.078687562273531,1553998241,5,47345,49,8145,1.6968740623084906,1547704709,4,47114,49,8108,1.7230877037305825,1547703488,3,47118,49,8131
0.7988120687251596,1549807025,11,47239,49,8110,0,1551901136,8,47298,49,8034,1.6237483480793065,1545608353,4,47065,49,8142,1.7887723530394561,1549801182,4,47149,49,8064,1.2596233746415784,1556091720,3,47430,49,8118
0.7988120687251596,1549807025,11,47239,49,8110,0.8878477065416703,1551901136,8,47298,49,8034,1.6237483480793065,1545608353,4,47065,49,8142,1.7887723530394561,1549801182,4,47149,49,8064,1.2596233746415784,1556091720,3,47430,49,8118
0.7477120245699634,1549807097,11,47220,49,8113,0,1553999014,9,47361,49,8103,1.0056603943184395,1553997371,5,47309,49,8139,0.7511788274392139,1549801878,4,47218,49,8082,0.8113556934145596,1551897554,3,47241,49,8127
0.7477120245699634,1549807097,11,47220,49,8113,1.013606958822976,1553999014,9,47361,49,8103,1.0056603943184395,1553997371,5,47309,49,8139,0.7511788274392139,1549801878,4,47218,49,8082,0.8113556934145596,1551897554,3,47241,49,8127
0.7000806132049837,1549807559,11,47196,49,8070,0,1556096278,9,47409,49,8113,1.5636733675003356,1560289186,5,47550,49,8130,0.8307342969998255,1551898836,3,47254,49,8111,1.569586353776838,1543508454,3,47047,49,8123
0.7000806132049837,1549807559,11,47196,49,8070,1.1392658564332125,1556096278,9,47409,49,8113,1.5636733675003356,1560289186,5,47550,49,8130,0.8307342969998255,1551898836,3,47254,49,8111,1.569586353776838,1543508454,3,47047,49,8123
0.6653013372790192,1549807056,12,47177,49,8090,1.3218355498042569,1564484841,9,47483,49,8085,0.9060106442816293,1551900219,4,47270,49,8142,0.9201826241271738,1553995590,3,47293,49,8133,1.1052042029390208,1553994875,3,47360,49,8101
0.5720776753036978,1547710109,11,47139,49,8108,1.4501451656256201,1560290222,9,47545,49,8094,1.4568856037203042,1560289013,5,47501,49,19,1.007286916330291,1553996440,4,47327,49,8109,1.698915089369533,1547703366,3,47109,49,8103
1.3898717982026811,1558195825,12,47489,49,8093,0.9249747067121652,1560290646,10,47318,49,8125,0.5697336225079046,1547705602,4,47127,49,8135,1.8521111408259694,1549801800,4,47172,49,8084,0.8132944724138237,1549800590,3,47240,49,8157
0.6502055467026863,1547709589,11,47173,49,8163,1.3718128322441043,1566581839,10,47513,49,8132,0.667546819454028,1547706171,5,47168,49,8150,1.0893927356861957,1556092768,3,47362,49,8085,0.6518358049568903,1549800662,3,47175,49,8119
0.6502055467026863,1547709589,11,47173,49,8163,1.3718128322441043,1566581839,10,47513,49,8132,0.667546819454028,1547706171,5,47168,49,8150,1.0893927356861957,1556092768,3,47362,49,8085,0.6518358049568903,1549800662,3,47175,49,8119
1.1084683425149977,1556098510,11,47368,49,8114,0.8893775470695982,1551901875,10,47299,49,8071,0.7326199166844238,1549803492,5,47194,49,8130,1.5501017001186082,1562384561,4,47565,49,8115,1.7322667471643878,1547703770,3,47126,49,8077
1.1084683425149977,1556098510,11,47368,49,8114,0.8893775470695982,1551901875,10,47299,49,8071,0.7326199166844238,1549803492,5,47194,49,8130,1.5501017001186082,1562384561,4,47565,49,8115,1.7322667471643878,1547703770,3,47126,49,8077
1.3552951448719566,1558196335,12,47476,49,8102,1.6538284138837276,1545609527,9,47116,49,8060,0.6902918246693835,1547705229,4,47177,49,8124,1.2548293758628213,1556092868,4,47428,49,8063,1.502881161723315,1560286406,3,47535,49,8113
1.3552951448719566,1558196335,12,47476,49,8102,1.6538284138837276,1545609527,9,47116,49,8060,0.6902918246693835,1547705229,4,47177,49,8124,1.2548293758628213,1556092868,4,47428,49,8063,1.502881161723315,1560286406,3,47535,49,8113
1.2814519621921132,1558195664,11,47440,49,8081,0.7735111424712512,1558192999,9,47250,49,8080,1.2864523237264647,1556095053,5,47428,49,8108,1.2598259756795274,1558190583,4,47435,49,8111,0.8730623870104027,1551898032,3,47270,49,8078
1.2814519621921132,1558195664,11,47440,49,8081,0.7735111424712512,1558192999,9,47250,49,8080,1.2864523237264647,1556095053,5,47428,49,8108,1.2598259756795274,1558190583,4,47435,49,8111,0.8730623870104027,1551898032,3,47270,49,8078
1.1358028723825173,1556097872,10,47380,49,8115,1.024418082812293,1553998149,9,47366,49,8050,0.5667761675899063,1547706067,5,47124,49,8121,1.2327981698326667,1558189975,3,47420,49,8065,1.3939520156955378,1558189288,3,47483,49,8112
1.1358028723825173,1556097872,10,47380,49,8115,1.024418082812293,1553998149,9,47366,49,8050,0.5667761675899063,1547706067,5,47124,49,8121,1.2327981698326667,1558189975,3,47420,49,8065,1.3939520156955378,1558189288,3,47483,49,8112
0.6628532227231317,1549806630,11,4717,49,8080,0.8738746672607027,1558193217,9,47290,49,8061,0.823191004992728,1549803063,5,47234,49,8087,1.584170952531228,1545607486,4,47055,49,8103,1.464428787320944,1560286557,3,47520,49,8089
0.6628532227231317,1549806630,11,47177,49,8080,0.8738746672607027,1558193217,9,47290,49,8061,0.823191004992728,1549803063,5,47234,49,8087,1.584170952531228,1545607486,4,47055,49,8103,1.464428787320944,1560286557,3,47520,49,8089
1.0409471275944624,1553998833,6,47341,49,8104,1.3338697778170756,1558192726,10,47500,49,8079,0.7706633521483655,1549803321,4,47212,49,8139,0.718234274532284,1549802134,4,47201,49,8037,1.1738463025473347,1556092473,3,47393,49,8090
0.8649038355796943,1551904643,11,47267,49,8154,1.6280237358595024,1545610192,10,47112,49,8086,1.2422876702788552,1556094882,5,47412,49,8157,1.0673615352401677,1553996028,4,47353,49,8082,1.5821303902383836,1545605823,3,47062,49,8157
0.8649038355796943,1551904643,11,47267,49,8154,1.6280237358595024,1545610192,10,47112,49,8086,1.2422876702788552,1556094882,5,47412,49,8157,1.0673615352401677,1553996028,4,47353,49,8082,1.5821303902383836,1545605823,3,47062,49,8157
1.0424769687729156,1554001593,11,47342,49,8126,0,1564484244,9,47457,49,8146,0.7988139240510453,1549803551,5,47224,49,2,1.4219984623353705,1560287513,4,47500,49,8113,1.3791629332864663,1558189530,3,47475,49,8146
1.0424769687729156,1554001593,11,47342,49,8126,1.2501337917065514,1564484244,9,47457,49,8146,0.7988139240510453,1549803551,5,47224,49,2,1.4219984623353705,1560287513,4,47500,49,8113,1.3791629332864663,1558189530,3,47475,49,8146
1.6718872553908661,1545612900,11,47099,49,8086,1.0407370033248575,1560290051,9,47366,49,8075,0.9772031154902877,1551900568,5,47299,49,8111,0.9225266450127395,1551898874,4,47301,49,8104,1.3165360672657342,1558189478,3,47457,49,8167
1.6718872553908661,1545612900,11,47099,49,8086,1.0407370033248575,1560290051,9,47366,49,8075,0.9772031154902877,1551900568,5,47299,49,8111,0.9225266450127395,1551898874,4,47301,49,8104,1.3165360672657342,1558189478,3,47457,49,8167
0.556472549762135,1547709606,10,47131,49,8108,0.6094017649716718,1556095678,9,47187,49,8062,1.6441474748733265,1545609283,5,47072,49,8167,1.2949138303822825,1558190608,4,47442,49,8065,0.9685296931004781,1553994863,3,47309,49,8072
0.556472549762135,1547709606,10,47131,49,8108,0.6094017649716718,1556095678,9,47187,49,8062,1.6441474748733265,1545609283,5,47072,49,8167,1.2949138303822825,1558190608,4,47442,49,8065,0.9685296931004781,1553994863,3,47309,49,8072
0.5975756668782508,1547709225,10,47152,49,8131,0.774836507425977,1558192424,9,47253,49,8097,1.3214360635385052,1558191976,5,47444,49,8109,1.2784907821399283,1558190456,4,47443,49,8141,1.47401679719509,1560286829,3,47521,49,8124
0.5975756668782508,1547709225,10,47152,49,8131,0.774836507425977,1558192424,9,47253,49,8097,1.3214360635385052,1558191976,5,47444,49,8109,1.2784907821399283,1558190456,4,47443,49,8141,1.47401679719509,1560286829,3,47521,49,8124
1.4001736058191812,1558194730,10,47491,49,8183,1.2178007822186145,1564483830,9,47446,49,8058,0.6455156216683707,1547706306,5,47159,49,8182,1.3724282447302816,1558190323,4,47482,49,8125,0.8228806219250011,1551897998,3,47249,49,8108
1.4001736058191812,1558194730,10,47491,49,8183,1.2178007822186145,1564483830,9,47446,49,8058,0.6455156216683707,1547706306,5,47159,49,8182,1.3724282447302816,1558190323,4,47482,49,8125,0.8228806219250011,1551897998,3,47249,49,8108
1.4678974230989623,1560293094,11,47523,49,8149,0.6130730142425667,1556095547,9,47183,49,8043,0.5885006724857365,1547706593,5,47134,49,8123,1.7375700850633908,1547704553,4,47126,49,8106,1.709319126068615,1545606155,3,47110,49,8108
1.4678974230989623,1560293094,11,47523,49,8149,0.6130730142425667,1556095547,9,47183,49,8043,0.5885006724857365,1547706593,5,47134,49,8123,1.7375700850633908,1547704553,4,47126,49,8106,1.709319126068615,1545606155,3,47110,49,8108
1.318474855172727,1558195670,10,47460,49,8094,1.0875542520052535,1562387812,10,47387,49,8092,1.7351275005924145,1545609223,5,47108,49,8139,0.8445028857348654,1551898256,4,47258,49,8103,1.2731874535209013,1558189271,3,47442,49,8072
1.318474855172727,1558195670,10,47460,49,8094,1.0875542520052535,1562387812,10,47387,49,8092,1.7351275005924145,1545609223,5,47108,49,8139,0.8445028857348654,1551898256,4,47258,49,8103,1.2731874535209013,1558189271,3,47442,49,8072
1.260236797059245,1558194740,10,47431,49,8162,0.8795869443715976,1551901908,10,47290,49,8002,1.5396030017209084,1560289489,5,47537,49,8147,1.2198437691122168,1558190028,4,47418,49,8111,0.730881945573668,1549800510,3,47207,49,8143
1.4259782947989692,1560292872,11,47502,49,8159,1.3050073221507306,1564485343,10,47479,49,8114,1.4475020811251913,1558191179,4,47496,49,8164,1.6451624692015114,1545607060,4,47088,49,8109,1.5405174983348293,1543508849,3,47037,49,8078
1.4259782947989692,1560292872,11,47502,49,8159,1.3050073221507306,1564485343,10,47479,49,8114,1.4475020811251913,1558191179,4,47496,49,8164,1.6451624692015114,1545607060,4,47088,49,8109,1.5405174983348293,1543508849,3,47037,49,8078
1.2977708902484244,1558196115,11,47447,49,8130,1.1710857663858534,1556095815,10,47432,49,8126,1.1077564129195345,1553997596,5,47355,49,8120,1.7226787627306623,1547704753,4,47120,49,8114,0.7005899660529101,1549800508,3,47192,49,8132
1.2067908599282275,1556097602,10,47411,49,8177,1.6586224162840135,1545609207,9,47116,49,8050,1.6958590916995964,1545609638,5,47093,49,8133,1.3597805596438302,1558190033,4,47478,49,8103,1.27461693917639,1558188751,3,47435,49,8076
1.2067908599282275,1556097602,10,47411,49,8177,1.6586224162840135,1545609207,9,47116,49,8050,1.6958590916995964,1545609638,5,47093,49,8133,1.3597805596438302,1558190033,4,47478,49,8103,1.27461693917639,1558188751,3,47435,49,8076
1.0067794307391504,1554000732,10,47324,49,8126,1.3424372569580425,1558192167,9,47496,49,8045,1.2698266803125606,1556094828,5,47422,49,8164,1.4101649202293722,1560287782,4,47504,49,8098,1.4140425321394277,1560286362,3,47500,49,8101
1.0067794307391504,1554000732,10,47324,49,8126,1.3424372569580425,1558192167,9,47496,49,8045,1.2698266803125606,1556094828,5,47422,49,8164,1.4101649202293722,1560287782,4,47504,49,8098,1.4140425321394277,1560286362,3,47500,49,8101
1.2813497244781582,1558195425,10,47440,49,8091,0.7871793353501619,1558193484,10,47260,49,8082,1.311645455558939,1558191475,5,47436,49,8180,1.0982669372086022,1556093041,4,47362,49,8150,1.1655836689702799,1556091734,3,47392,49,8118
0.7602574768458604,1549806423,10,47221,49,8158,0,1549804524,9,47235,49,8103,1.5238956337135465,1560289445,5,47531,49,8105,1.8255926547609516,1547704514,4,47159,49,8136,1.0483918754030703,1553995161,3,47341,49,8099
0.7602574768458604,1549806423,10,47221,49,8158,0.7415870963665037,1549804524,9,47235,49,8103,1.5238956337135465,1560289445,5,47531,49,8105,1.8255926547609516,1547704514,4,47159,49,8136,1.0483918754030703,1553995161,3,47341,49,8099
1.0817453781945008,1554000460,10,47357,49,8119,0.9118158346514769,1560289996,10,47310,49,8027,1.4545397244120555,1560289096,5,47499,49,8104,0.9258930408496723,1551898757,4,47300,49,8098,1.6003881078498088,1545606541,3,47065,49,8167
1.0817453781945008,1554000460,10,47357,49,8119,0.9118158346514769,1560289996,10,47310,49,8027,1.4545397244120555,1560289096,5,47499,49,8104,0.9258930408496723,1551898757,4,47300,49,8098,1.6003881078498088,1545606541,3,47065,49,8167
0.8481778107890823,1551904291,11,47255,49,8117,0,1564484096,9,47442,49,8115,0.7224203562238966,1549802761,4,47189,49,8138,0.9096782119940889,1551898599,4,47283,49,8155,1.6908569414095405,1545606113,3,47106,49,8141
0.8481778107890823,1551904291,11,47255,49,8117,1.2035210165476022,1564484096,9,47442,49,8115,0.7224203562238966,1549802761,4,47189,49,8138,0.9096782119940889,1551898599,4,47283,49,8155,1.6908569414095405,1545606113,3,47106,49,8141
1.092760980674595,1554000606,10,47361,49,8109,1.3370336055324374,1558193679,9,47485,49,8075,1.7601161535093939,1547706135,5,47119,49,8144,1.2004651646995568,1556093370,4,47408,49,8146,0.9827072170138635,1553994507,3,47313,49,8115
1.092760980674595,1554000606,10,47361,49,8109,1.3370336055324374,1558193679,9,47485,49,8075,1.7601161535093939,1547706135,5,47119,49,8144,1.2004651646995568,1556093370,4,47408,49,8146,0.9827072170138635,1553994507,3,47313,49,8115
1.6167088623436336,1562390486,11,47584,49,8092,0.8709172243317532,1558193386,9,47295,49,8126,0.6370503681952234,1547706496,5,47154,49,8111,0.6882490001033604,1549801948,4,47182,49,8110,0.6641786169668695,1547703484,3,47172,49,8054
1.6167088623436336,1562390486,11,47584,49,8092,0.8709172243317532,1558193386,9,47295,49,8126,0.6370503681952234,1547706496,5,47154,49,8111,0.6882490001033604,1549801948,4,47182,49,8110,0.6641786169668695,1547703484,3,47172,49,8054
1.453210581791971,1560293043,11,47515,49,8078,0.5912462900905536,1556095629,10,47181,49,8038,1.316744303294222,1558192084,5,47441,49,8095,1.8341582742366676,1547704504,4,47171,49,8056,0.8137034181545826,1549800919,3,47234,49,8112
1.453210581791971,1560293043,11,47515,49,8078,0.5912462900905536,1556095629,10,47181,49,8038,1.316744303294222,1558192084,5,47441,49,8095,1.8341582742366676,1547704504,4,47171,49,8056,0.8137034181545826,1549800919,3,47234,49,8112
1.219540782960666,1556098445,11,47414,49,8096,1.6997273731973952,1553999224,9,47137,49,8090,0.8105433310053312,1549803626,5,47228,49,8130,1.6950393777728896,1545607192,4,47103,49,8089,0.9074364148311188,1551897935,3,47275,49,8143
0.6565293870380214,1547709103,10,47174,49,8190,1.6131342775335744,1551902057,9,47098,49,8103,1.2719680854318607,1556093993,4,47424,49,8130,0.7095682251909919,1549801541,4,47181,49,8086,0.8345077914695355,1551898113,3,47254,49,8079
0.6565293870380214,1547709103,10,47174,49,8190,1.6131342775335744,1551902057,9,47098,49,8103,1.2719680854318607,1556093993,4,47424,49,8130,0.7095682251909919,1549801541,4,47181,49,8086,0.8345077914695355,1551898113,3,47254,49,8079
0.9418085707868934,1551904451,12,47297,49,8104,1.0191147629550548,1560289789,8,47362,49,8125,1.215769179619694,1556094365,4,47399,49,8090,1.2898131073941959,1558190388,4,47444,49,8114,1.7141131261235631,1545605766,3,47110,49,8143
0.9418085707868934,1551904451,12,47297,49,8104,1.0191147629550548,1560289789,8,47362,49,8125,1.215769179619694,1556094365,4,47399,49,8090,1.2898131073941959,1558190388,4,47444,49,8114,1.7141131261235631,1545605766,3,47110,49,8143
0.7908561619149969,1549807295,12,47233,49,8074,1.0524664040552523,1553998734,10,47371,49,8055,0.8476703265715223,1549803303,5,47240,49,8177,1.0546116155655059,1553996226,4,47350,49,8116,0.9712845249944506,1553994741,3,47305,49,8112
0.7908561619149969,1549807295,12,47233,49,8074,1.0524664040552523,1553998734,10,47371,49,8055,0.8476703265715223,1549803303,5,47240,49,8177,1.0546116155655059,1553996226,4,47350,49,8116,0.9712845249944506,1553994741,3,47305,49,8112
1.5124691572450368,1560290366,6,47542,49,8084,0.720167462506946,1549804533,10,47237,49,8064,1.4214929103351555,1558192200,5,47486,49,8103,0.8314481138197712,1551898971,4,47250,49,8122,1.1088754482833005,1553994861,3,47364,49,8101
1.5124691572450368,1560290366,6,47542,49,8084,0.720167462506946,1549804533,10,47237,49,8064,1.4214929103351555,1558192200,5,47486,49,8103,0.8314481138197712,1551898971,4,47250,49,8122,1.1088754482833005,1553994861,3,47364,49,8101
1.2829818050465822,1558195561,11,47440,49,8109,0.8112497017485883,1558193359,9,47264,49,8026,1.0016824388155225,1553997459,5,47306,49,8098,1.3922158134313511,1558190476,4,47488,49,8088,1.5616285216736008,1545606308,3,47053,49,8105
1.2829818050465822,1558195561,11,47440,49,8109,0.8112497017485883,1558193359,9,47264,49,8026,1.0016824388155225,1553997459,5,47306,49,8098,1.3922158134313511,1558190476,4,47488,49,8088,1.5616285216736008,1545606308,3,47053,49,8105
0.9102916084012819,1551904523,11,47286,49,8149,0.7870770942594413,1558193623,10,47262,49,8129,1.7469591428010987,1545608552,5,47111,49,8117,1.4931890192588717,1560287707,4,47538,49,8149,0.7895308061795738,1549800880,3,47223,49,8094
0.9102916084012819,1551904523,11,47286,49,8149,0.7870770942594413,1558193623,10,47262,49,8129,1.7469591428010987,1545608552,5,47111,49,8117,1.4931890192588717,1560287707,4,47538,49,8149,0.7895308061795738,1549800880,3,47223,49,8094
1.3962978848700196,1558195256,11,47489,49,8096,1.536229552303774,1568678212,8,47581,49,8038,1.0223882734586673,1553997624,5,47311,49,8138,1.2075028063825723,1558190092,4,47411,49,8142,0.8233918036122555,1551897256,3,47243,49,8108
1.3962978848700196,1558195256,11,47489,49,8096,1.536229552303774,1568678212,8,47581,49,8038,1.0223882734586673,1553997624,5,47311,49,8138,1.2075028063825723,1558190092,4,47411,49,8142,0.8233918036122555,1551897256,3,47243,49,8108
1.5833567956135783,1562390217,11,47567,49,8102,1.1095854524922781,1562387575,9,47396,49,8080,1.51696023381113,1560289280,5,47526,49,8136,0.9522089144901277,1553996135,4,47306,49,8085,0.8524587969580213,1551897838,3,47262,49,8132
1.5833567956135783,1562390217,11,47567,49,8102,1.1095854524922781,1562387575,9,47396,49,8080,1.51696023381113,1560289280,5,47526,49,8136,0.9522089144901277,1553996135,4,47306,49,8085,0.8524587969580213,1551897838,3,47262,49,8132
0.5415812246912212,1547709838,11,47126,49,8097,1.1078511310148604,1562387831,9,47397,49,8100,0.6330724174198853,1547706587,5,47150,49,8116,0.7423046518951433,1549801717,4,47212,49,8121,0.8105414987477282,1549800709,3,47233,49,8135
1.5259328836994448,1560293327,12,47547,49,8113,1.6212928056929226,1551901727,9,47107,49,8121,1.6240547253284985,,,,,8147,0,1558189929,3,47431,49,8105,0,1560286623,3,47534,49,8166
1.5259328836994448,1560293327,12,47547,49,8113,1.6212928056929226,1551901727,9,47107,49,8121,1.6240547253284985,1545608859,5,47058,49,8147,1.268293102399132,1558189929,3,47431,49,8105,1.5174676630578885,1560286623,3,47534,49,8166
1.1965912943390435,1556098895,12,47408,49,38,0.8691829032820869,1551901819,9,47289,49,8017,1.4538259296514573,1558191728,5,47495,49,8171,1.840788828694568,1547704516,4,47170,49,8170,0.9654700131325314,1553994848,3,47306,49,8138
0.9810769766347563,1554001999,12,47313,49,8143,0.8805033490603184,1551901789,10,47306,49,8136,1.391710260833783,1558192212,5,47472,49,8164,1.0990811051179608,1556093279,4,47370,49,8163,1.6517948558824744,1545606633,3,47081,49,8133
0.9810769766347563,1554001999,12,47313,49,8143,0.8805033490603184,1551901789,10,47306,49,8136,1.391710260833783,1558192212,5,47472,49,8164,1.0990811051179608,1556093279,4,47370,49,8163,1.6517948558824744,1545606633,3,47081,49,8133
0.8565408212298095,1551904094,10,47262,49,8170,1.6455676473846665,1545609634,9,47109,49,8080,1.6335408159203666,1545608859,5,47061,49,8109,1.2438118928522746,1556092992,4,47431,49,8067,1.3653924873944667,1558189620,3,47473,49,8121
1.6424113133709701,1562387119,5,47597,49,8080,0.644285106886761,1549804430,9,47198,49,8093,1.3705973315477025,1558192208,5,47463,49,8141,1.7479759725684243,1547704927,4,47120,49,8078,0.6963053078255228,1549800479,3,47193,49,8167
1.6424113133709701,1562387119,5,47597,49,8080,0.644285106886761,1549804430,9,47198,49,8093,1.3705973315477025,1558192208,5,47463,49,8141,1.7479759725684243,1547704927,4,47120,49,8078,0.6963053078255228,1549800479,3,47193,49,8167
0.8613348187373955,1551905044,12,47263,49,8095,1.4778886654928698,1560290353,9,47553,49,8049,0.7380254910891639,1549803609,5,47193,49,8082,1.4081276619638314,1558190278,4,47492,49,8094,0.8090098127817401,1551897840,3,47240,49,8070
0.8613348187373955,1551905044,12,47263,49,8095,1.4778886654928698,1560290353,9,47553,49,8049,0.7380254910891639,1549803609,5,47193,49,8082,1.4081276619638314,1558190278,4,47492,49,8094,0.8090098127817401,1551897840,3,47240,49,8070
0.8082978343259206,1549807190,12,47239,49,8099,0.7447490157876216,1558192674,9,47244,49,8153,0.6283806554201464,1547706727,5,47148,49,8117,1.47105747027581,1560287614,4,47523,49,8110,1.7063616809982463,1545606095,3,47106,49,8108
1.566017343159805,1562390136,12,47562,49,8036,0.585229159885698,1547707309,10,47176,49,8132,1.4158828712910088,1558192276,5,47483,49,8142,0.7233349768191559,1549801674,4,47198,49,8030,0.964246882808736,1553994349,3,47302,49,8141
1.566017343159805,1562390136,12,47562,49,8036,0.585229159885698,1547707309,10,47176,49,8132,1.4158828712910088,1558192276,5,47483,49,8142,0.7233349768191559,1549801674,4,47198,49,8030,0.964246882808736,1553994349,3,47302,49,8141
1.1645650037817892,1556099134,11,47394,49,8090,1.657908615112785,1553997489,8,47115,49,8107,0.9999481285254003,1553997576,5,47305,49,8141,1.217600128757213,1558190146,4,47416,49,8082,1.4605530722383457,1560286574,3,47516,49,8179
0.7569933198950227,1549807679,12,47222,49,8153,1.4633021642847657,1566581459,8,47551,49,8062,1.7686836445603915,1547705931,5,47120,49,8152,1.7005471779777899,1547704562,4,47105,49,8080,0.7269039906330634,1549800580,3,47205,49,8139
0.7569933198950227,1549807679,12,47222,49,8153,1.4633021642847657,1566581459,8,47551,49,8062,1.7686836445603915,1547705931,5,47120,49,8152,1.7005471779777899,1547704562,4,47105,49,8080,0.7269039906330634,1549800580,3,47205,49,8139
1.2359619463291496,1556098784,12,47422,49,8051,0.7439329765923761,1556095577,8,47236,49,8094,1.0304445819386276,1553998070,5,47318,49,8187,1.3409112739815037,1560287078,4,47471,49,8102,0.8151291800558497,1551897728,3,47244,49,8102
1.2359619463291496,1556098784,12,47422,49,8051,0.7439329765923761,1556095577,8,47236,49,8094,1.0304445819386276,1553998070,5,47318,49,8187,1.3409112739815037,1560287078,4,47471,49,8102,0.8151291800558497,1551897728,3,47244,49,8102
1.3971139232339858,1558196202,12,47490,49,8105,0.6639704276957017,1549804656,9,47204,49,8087,1.2049580560408992,1556094193,4,47391,49,8180,1.0064708797030284,1553995695,3,47326,49,8112,1.7166616278439701,1547703130,3,47117,49,8148
1.3971139232339858,1558196202,12,47490,49,8105,0.6639704276957017,1549804656,9,47204,49,8087,1.2049580560408992,1556094193,4,47391,49,8180,1.0064708797030284,1553995695,3,47326,49,8112,1.7166616278439701,1547703130,3,47117,49,8148
1.5392943700488502,1560292105,10,47552,49,8105,0.582271712244429,1547706756,8,47173,4,8106,1.395688222576206,1558191756,4,47473,49,8110,14.221094859408616,1553995807,4,47360,49,8111,1.4315864633129143,1560286570,3,47504,49,8087
1.0573682903166186,1554001507,11,47349,49,8177,1.4702375600759037,1560290408,10,47555,49,8095,0.8225794426571296,1549803018,4,47228,49,8158,1.4563725250418014,1560287267,4,47507,49,8118,0.65540666478062,1547703435,3,47170,49,8092
1.0573682903166186,1554001507,11,47349,49,8177,1.4702375600759037,1560290408,10,47555,49,8095,0.8225794426571296,1549803018,4,47228,49,8158,1.4563725250418014,1560287267,4,47507,49,8118,0.65540666478062,1547703435,3,47170,49,8092
1.2428973489947959,1556098222,11,47426,49,8095,0.7809577337650954,1558192855,9,47257,49,8083,1.1724224336714741,1556094712,5,47374,49,8144,1.4171022171891652,1560287280,4,47500,49,8112,0.6849848420388804,1549800871,3,47184,49,8134
0.9780172935118199,1554000428,10,47311,49,8128,1.473297237017183,1566581430,9,47557,49,8119,1.0010708751164819,1551900267,5,47302,49,8145,1.8121270725510774,1547704595,4,47163,49,8139,1.2682930972285171,1558189055,3,47433,49,8143
0.9780172935118199,1554000428,10,47311,49,8128,1.473297237017183,1566581430,9,47557,49,8119,1.0010708751164819,1551900267,5,47302,49,8145,1.8121270725510774,1547704595,4,47163,49,8139,1.2682930972285171,1558189055,3,47433,49,8143
0.8885671130748622,1551905072,12,47276,49,8177,0.6789639911398548,1556096488,9,47207,49,8148,0.8991774791095469,1551899881,4,47261,49,8162,1.403740732664223,1560287724,4,47495,49,8127,0.8727575343944466,1551898053,3,47263,49,8120
0.8885671130748622,1551905072,12,47276,49,8177,0.6789639911398548,1556096488,9,47207,49,8148,0.8991774791095469,1551899881,4,47261,49,8162,1.403740732664223,1560287724,4,47495,49,8127,0.8727575343944466,1551898053,3,47263,49,8120
1.701262804679556,1545612986,12,47108,49,8164,1.6354703354217932,1545609997,9,47109,49,8106,1.508086030371148,1560289673,5,47523,49,8139,1.8333440985561378,1547704858,4,47163,49,8111,1.4064974650752755,1558189387,3,47486,49,8094
1.3091935704595028,1558196009,11,47456,49,8156,1.4553481574783942,1560290128,9,47539,49,8089,0.8787783534751282,1551900768,5,47253,49,8170,1.0748081310399957,1553996102,4,47352,49,8049,0.685187473984694,1549800493,3,47190,49,8137
0.9506827580230228,1551903833,10,47301,49,8115,1.2130067867116416,1564484716,10,47443,49,8119,1.4324062807590043,1558191570,5,47488,49,8138,1.5505125842822616,1560287233,4,47552,49,8115,1.2767583394402897,1558189229,3,47438,49,8150
0.9506827580230228,1551903833,10,47301,49,8115,1.2130067867116416,1564484716,10,47443,49,8119,1.4324062807590043,1558191570,5,47488,49,8138,1.5505125842822616,1560287233,4,47552,49,8115,0,,,,,
0.5852346843247098,1547710081,11,47148,49,8127,1.0341083317124566,1553998739,10,47365,49,8100,0.7699495556409977,1549803660,5,47207,49,8188,0.8897884089684869,1551899148,4,47281,49,8153,0.7313931211209225,1549800993,3,47201,49,8131
1.5809086648682937,1562389838,11,47570,49,8148,1.6731066574970515,1547706862,9,47124,49,8163,1.4473998479411254,1558191641,5,47493,49,8085,1.3815050319951938,1560287481,4,47492,49,8146,1.4529038758883548,1560286520,3,47510,49,8119
1.5809086648682937,1562389838,11,47570,49,8148,1.6731066574970515,1547706862,9,47124,49,8163,1.4473998479411254,1558191641,5,47493,49,8085,1.3815050319951938,1560287481,4,47492,49,8146,0,156028620,3,47510,49,8119
1.5551039756251872,1560292368,11,47559,49,8176,0.757906027536366,1558192796,9,47249,49,8108,1.2501413609806757,1556094961,5,47411,49,8141,1.6407774074872825,1545607477,4,47086,49,8138,1.3706958098618232,1558189424,3,47476,49,8174
1.5551039756251872,1560292368,11,47559,49,8176,0.757906027536366,1558192796,9,47249,49,8108,1.2501413609806757,1556094961,5,47411,49,8141,1.6407774074872825,1545607477,4,47086,49,8138,1.3706958098618232,1558189424,3,47476,49,8174
1.3218412506347754,1558196254,12,47462,49,8145,1.4952281237599077,1560290011,9,47548,49,8062,0.9131505322643338,1551900352,4,47267,49,8130,1.8075394034960668,1547704641,4,47155,49,8112,0.9618991464586222,1553994831,3,47308,49,8127
1.3218412506347754,1558196254,12,47462,49,8145,1.4952281237599077,1560290011,9,47548,49,8062,0.9131505322643338,1551900352,4,47267,49,8130,1.8075394034960668,1547704641,4,47155,49,8112,0.9618991464586222,1553994831,3,47308,49,8127
1.248609625752264,1556098717,11,47428,49,8141,1.6871819391395788,1553998627,9,47130,49,8130,1.6383348136199505,1545609308,5,47061,49,8167,0.8134989455756326,1549801169,4,47237,49,8160,0.967918133601152,1553994381,3,47305,49,8152
0.8004441485018946,1549806812,11,47238,49,8094,1.3846650162916105,1566581806,9,47512,49,8142,0.8642959681858979,1551899245,4,47242,49,8146,1.3636562710087357,1558190703,4,47483,49,8086,1.7716373973254649,1547703888,3,47137,49,8132
0.8004441485018946,1549806812,11,47238,49,8094,1.3846650162916105,1566581806,9,47512,49,8142,0.8642959681858979,1551899245,4,47242,49,8146,1.3636562710087357,1558190703,4,47483,49,8086,1.7716373973254649,1547703888,3,47137,49,8132
1.6080391355237156,1562390638,11,47584,49,8101,1.14630350406084,1562387258,8,47402,49,8090,1.2966518969310405,1556094681,5,47427,49,8120,0.7066071006580756,1549801997,4,47197,49,8148,1.405170220930707,1558189059,3,47490,49,8143
1.4238368900960638,1560291732,9,47502,49,8153,0.5448398663365541,1553999307,10,47155,49,8144,0.9239616633825602,1551900660,5,47273,49,8106,1.1778223906308016,1556093430,4,47401,49,8069,1.1193798600154534,1556092220,3,47372,49,8108
1.0693021655691224,1553998706,6,47354,49,8104,1.506037317786975,1560289992,10,47563,49,8050,1.3972180651625132,1558192105,5,47473,49,8154,1.6786163530600209,1545607600,4,47107,49,8117,0.9626148069522741,1553994339,3,47301,49,8101
1.0693021655691224,1553998706,6,47354,49,8104,1.506037317786975,1560289992,10,47563,49,8050,1.3972180651625132,1558192105,5,47473,49,8154,1.6786163530600209,1545607600,4,47107,49,8117,0.9626148069522741,1553994339,3,47301,49,8101
1.3837524283751352,1558195445,11,47489,49,8122,0.8573512705234211,1551901347,8,47291,49,8044,1.598045551411583,1562386055,5,47560,49,8146,1.8006021372534529,1547704145,4,47159,49,8134,1.625070052158502,1545606635,3,47078,49,8130
1.3837524283751352,1558195445,11,47489,49,8122,0.8573512705234211,1551901347,8,47291,49,8044,1.598045551411583,1562386055,5,47560,49,8146,1.8006021372534529,1547704145,4,47159,49,8134,1.625070052158502,1545606635,3,47078,49,8130
0.7063022071701571,1549806411,10,47203,49,8104,1.3552894341628114,1558193000,10,47497,49,8094,0.6284828896717208,1547706927,6,47146,49,8112,0.6536705133825416,1549801649,4,47181,49,8098,1.0723618744944747,1553995051,3,47345,49,8143
0.7063022071701571,1549806411,10,47203,49,8104,1.3552894341628114,1558193000,10,47497,49,8094,0.6284828896717208,1547706927,6,47146,49,8112,0.6536705133825416,1549801649,4,47181,49,8098,1.0723618744944747,1553995051,3,47345,49,8143
0.9740393248419117,1554001535,11,47314,49,8147,1.3782389261485617,1566582051,10,47512,49,8122,0.6386824515452874,1547706286,5,47150,49,8121,1.5538770765676206,1545607503,4,47051,49,8121,1.2855302972863532,1558189504,3,47442,49,8142
0.9740393248419117,1554001535,11,47314,49,8147,1.3782389261485617,1566582051,10,47512,49,8122,0.6386824515452874,1547706286,5,47150,49,8121,1.5538770765676206,1545607503,4,47051,49,8121,1.2855302972863532,1558189504,3,47442,49,8142
1.2898149552677092,1558196055,11,47450,49,8113,1.6288397789490745,1551901567,10,47111,49,8105,0.7063058947295893,1547705388,5,47175,49,8115,1.209235232774036,1558190097,4,47422,49,8131,1.594880302543002,1545606580,3,47065,49,8143
1.064508160943265,1554001966,12,47355,49,8078,1.4788050427218897,1560290333,10,47558,49,8083,1.5037009936615284,1560289494,5,47517,49,8164,1.6819827430103305,1545607615,4,47107,49,8103,1.384568492398243,1558189655,3,47479,49,8158
1.446275169472015,1560292998,11,47516,49,8162,1.6451587017800113,1553997630,8,47119,49,8050,1.596006396441826,1560288898,5,47556,49,8126,1.2569726481120524,1558189945,4,47426,49,8053,1.6389427025835572,1545606611,3,47081,49,8043
1.446275169472015,1560292998,11,47516,49,8162,1.6451587017800113,1553997630,8,47119,49,8050,1.596006396441826,1560288898,5,47556,49,8126,1.2569726481120524,1558189945,4,47426,49,8053,1.6389427025835572,1545606611,3,47081,49,8043
1.6338438193329514,1545613185,12,47085,49,8147,0.8846857936715949,1558192634,9,47295,49,8062,1.2415738767144748,1556095013,5,47407,49,8133,1.1977103117534993,1556093172,4,47415,49,8107,1.7751060197842294,1547703901,3,47138,49,8096
1.6338438193329514,1545613185,12,47085,49,8147,0.8846857936715949,1558192634,9,47295,49,8062,1.2415738767144748,1556095013,5,47407,49,8133,1.1977103117534993,1556093172,4,47415,49,8107,1.7751060197842294,1547703901,3,47138,49,8096
1.557552094856279,1562389251,10,47561,49,13,0.8404207736953421,1558193618,10,47276,49,8087,0.6701994078022699,1547706177,4,47161,49,8102,1.5107329419840687,1560287692,4,47546,49,8102,1.4889081199443701,1560286936,3,47528,49,8125
1.557552094856279,1562389251,10,47561,49,13,0.8404207736953421,1558193618,10,47276,49,8087,0.6701994078022699,1547706177,4,47161,49,8102,1.5107329419840687,1560287692,4,47546,49,8102,1.4889081199443701,1560286936,3,47528,49,8125
1.4197566814634148,1560293115,11,47504,49,8074,0.7368953288610169,1549804544,9,47235,49,7992,1.2948153394062778,1556094789,5,47429,49,8131,1.7474666322055754,1547704425,4,47121,49,8090,1.0823569538218507,1553995030,3,47354,49,8110
1.4197566814634148,1560293115,11,47504,49,8074,0.7368953288610169,1549804544,9,47235,49,7992,1.2948153394062778,1556094789,5,47429,49,8131,1.7474666322055754,1547704425,4,47121,49,8090,1.0823569538218507,1553995030,3,47354,49,8110
1.3476459344439484,1558196033,12,47475,49,8127,0.6370429904892546,1556096195,9,47198,49,8128,0.723031935484024,1549803269,5,47187,49,8187,0.7277181799957982,1549801953,4,47215,49,8085,1.8446664020045886,1547703725,3,47168,49,8148
1.3476459344439484,1558196033,12,47475,49,8127,0,1556096195,9,47198,49,8128,0.723031935484024,1549803269,5,47187,49,8187,0.7277181799957982,1549801953,4,47215,49,8085,1.8446664020045886,1547703725,3,47168,49,8148
1.270436337463534,1558195725,11,47445,49,8123,0.5936943991019695,1556095854,10,47183,49,8132,1.4279189973073518,1558191611,5,47485,49,8111,0.8760198334833332,1551899213,4,47273,49,8135,1.3148036275595893,1558189006,3,47451,49,8153
1.270436337463534,1558195725,11,47445,49,8123,0.5936943991019695,1556095854,10,47183,49,8132,1.4279189973073518,1558191611,5,47485,49,8111,0.8760198334833332,1551899213,4,47273,49,8135,1.3148036275595893,1558189006,3,47451,49,8153
1.2787993391588948,1558195627,10,47451,49,8105,0.706705596727204,1556096385,10,47219,49,8095,0.9914828792438253,1551900411,5,47300,49,8132,1.0182002708741698,1553996144,4,47335,49,8073,0.8099280818593949,1551896950,3,47241,49,8154
1.2787993391588948,1558195627,10,47451,49,8105,0.706705596727204,1556096385,10,47219,49,8095,0.9914828792438253,1551900411,5,47300,49,8132,1.0182002708741698,1553996144,4,47335,49,8073,0.8099280818593949,1551896950,3,47241,49,8154
1.275025858651941,1558196072,11,47448,49,8081,0.7162917340631424,1549804421,10,47237,49,8145,1.7492027925282618,1545608757,5,47111,49,8096,1.187003307691747,1556093577,4,47400,49,8103,1.5005352758560457,1560286775,3,47536,49,8102
1.275025858651941,1558196072,11,47448,49,8081,0.7162917340631424,1549804421,10,47237,49,8145,1.7492027925282618,1545608757,5,47111,49,8096,1.187003307691747,1556093577,4,47400,49,8103,1.5005352758560457,1560286775,3,47536,49,8102
0.6614255934731972,1549807346,12,47184,49,8104,1.1238652127733482,1556096281,10,47401,49,8067,0.8301264214089096,1549803353,5,47234,49,8073,1.7468532146298543,1547704714,4,47127,49,8093,1.5024740854942225,1560286179,3,47533,49,8139
0.6614255934731972,1549807346,12,47184,49,8104,1.1238652127733482,1556096281,10,47401,49,8067,0,1549803353,5,47234,49,8073,1.7468532146298543,1547704714,4,47127,49,8093,1.5024740854942225,1560286179,3,47533,49,8139
0.9278354990139203,1551903683,10,47300,49,8146,1.0212561551280368,1553998478,9,47367,49,8062,0.8475680958836022,1551899912,5,47239,49,8131,0.7148678771450595,1549802236,4,47205,49,8121,1.1302932094251488,1556092217,3,47382,49,8171
0.9278354990139203,1551903683,10,47300,49,8146,1.0212561551280368,1553998478,9,47367,49,8062,0.8475680958836022,1551899912,5,47239,49,8131,0.7148678771450595,1549802236,4,47205,49,8121,1.1302932094251488,1556092217,3,47382,49,8171
1.25095549062588,1558195519,11,47436,49,8176,1.3917026436517004,1566581263,9,47511,49,8070,1.0327904629704143,1553998238,6,47319,49,8131,1.2236172375210168,1556093511,4,47425,49,8096,1.0226894154224397,1553994995,3,47333,49,8122
1.25095549062588,1558195519,11,47436,49,8176,1.3917026436517004,1566581263,9,47511,49,8070,1.0327904629704143,1553998238,6,47319,49,8131,1.2236172375210168,1556093511,4,47425,49,8096,1.0226894154224397,1553994995,3,47333,49,8122
1.6305796518491553,1545610259,6,47090,49,8080,0.9230359065385355,1560290393,10,47322,49,8091,1.0289147400201566,1553997764,5,47317,49,8090,1.2728826131546918,1558190314,4,47438,49,8137,0.8152314049664694,1551897766,4,47247,49,8112
1.6305796518491553,1545610259,6,47090,49,8080,0.9230359065385355,1560290393,10,47322,49,8091,1.0289147400201566,1553997764,5,47317,49,8090,1.2728826131546918,1558190314,4,47438,49,8137,0.8152314049664694,1551897766,4,47247,49,8112
0.537501013801449,1547710044,12,47135,49,8118,1.1575235850179024,1562387555,8,47413,49,8050,1.7619527066037122,1547705234,4,47114,49,8138,1.0337031565094552,1553995607,4,47343,49,8038,1.4668769050911576,1560286670,3,47522,49,8106
0.537501013801449,1547710044,12,47135,49,8118,1.1575235850179024,1562387555,8,47413,49,8050,1.7619527066037122,1547705234,4,47114,49,8138,1.0337031565094552,1553995607,4,47343,49,8038,1.4668769050911576,1560286670,3,47522,49,8106
0.8768376872574075,1551903803,10,47280,49,8121,1.0474698063371533,1553998302,9,47364,49,8037,1.403337425797224,1558191997,4,47478,49,8087,0.8220645802131636,1551898768,4,47250,49,8110,1.0239125424288749,1553995115,3,47337,49,8083
0.8768376872574075,1551903803,10,47280,49,8121,1.0474698063371533,1553998302,9,47364,49,8037,1.403337425797224,1558191997,4,47478,49,8087,0.8220645802131636,1551898768,4,47250,49,8110,1.0239125424288749,1553995115,3,47337,49,8083
1.0482914599082576,1554001735,12,47351,49,8050,1.2232063412175522,1564484615,10,47441,49,8076,1.0213677661052265,1553996919,4,47311,49,8170,0.724660339440349,1549801973,4,47205,49,8160,1.7004467751687444,1545605828,3,47104,49,8099
1.0482914599082576,1554001735,12,47351,49,8050,1.2232063412175522,1564484615,10,47441,49,8076,1.0213677661052265,1553996919,4,47311,49,8170,0.724660339440349,1549801973,4,47205,49,8160,1.7004467751687444,1545605828,3,47104,49,8099
1.269620297056856,1558195463,10,47445,49,8094,1.4465761829307489,1566582345,10,47539,49,8152,1.5975362346936177,1560287916,4,47558,49,8127,1.850479053593619,1547704258,4,47175,49,8154,1.1497740548445274,1556091625,3,47391,49,8176
1.269620297056856,1558195463,10,47445,49,8094,1.4465761829307489,1566582345,10,47539,49,8152,1.5975362346936177,1560287916,4,47558,49,8127,1.850479053593619,1547704258,4,47175,49,8154,1.1497740548445274,1556091625,3,47391,49,8176
0.9151878188095146,1551903157,9,47296,49,8133,0.7541325367230288,1558193425,10,47248,49,8099,1.6965729013824404,1545608817,4,47091,49,8114,1.089597210361377,1556093030,4,47361,49,8108,1.187310020411805,1556092413,3,47399,49,8069
1.5582658817481683,1562390304,11,47567,49,8127,1.6174170880892715,1551901942,10,47104,49,8102,1.3534623637167882,1558192434,5,47455,49,8142,0.7769835225790548,1551898554,4,47226,49,8127,1.1502852486409594,1556092268,3,47387,49,8124
1.5582658817481683,1562390304,11,47567,49,8127,1.6174170880892715,1551901942,10,47104,49,8102,1.3534623637167882,1558192434,5,47455,49,8142,0.7769835225790548,1551898554,4,47226,49,8127,1.1502852486409594,1556092268,3,47387,49,8124
0.6808042101516073,1549807694,12,47194,49,8080,0.7905457298843865,1558193326,9,47259,49,8055,0.7467974437846022,1549803709,5,47195,49,8152,0.9840325833207894,1553996219,3,47316,49,8111,0.7787178220128899,1549800752,3,47230,49,8151
0.6808042101516073,1549807694,12,47194,49,8080,0.7905457298843865,1558193326,9,47259,49,8055,0.7467974437846022,1549803709,5,47195,49,8152,0.9840325833207894,1553996219,3,47316,49,8111,0.7787178220128899,1549800752,3,47230,49,8151
0.9956615669078456,1554001922,12,47331,49,8118,1.1706786940556533,1556095963,10,47428,49,8112,1.3135823859051161,1558192073,5,47438,49,8179,1.1796589527671957,1556093318,4,47398,49,8148,1.5515330936154828,1543509156,4,47045,49,8121
1.4204704687705711,1560293328,12,47510,49,8122,1.6564810126079603,1553998349,9,47121,49,8077,0.7613820678749882,1549803673,5,47204,49,8122,1.4319935358731521,1560287631,4,47508,49,8088,1.2688042847957515,1556091824,3,47433,49,8122
1.4204704687705711,1560293328,12,47510,49,8122,1.6564810126079603,1553998349,9,47121,49,8077,0.7613820678749882,1549803673,5,47204,49,8122,1.4319935358731521,1560287631,4,47508,49,8088,1.2688042847957515,1556091824,3,47433,49,8122
0.8829570536323159,1551904265,11,47284,49,8097,0.6077696874630699,1556096392,10,47187,49,8087,0.5748343189161145,1547705801,5,47121,49,8110,1.7006475562880339,1547704237,4,47114,49,8137,0.9505786765130655,1553994290,3,47305,49,8147
0.8829570536323159,1551904265,11,47284,49,8097,0.6077696874630699,1556096392,10,47187,49,8087,0.5748343189161145,1547705801,5,47121,49,8110,1.7006475562880339,1547704237,4,47114,49,8137,0.9505786765130655,1553994290,3,47305,49,8147
1.4319953883587841,1560293536,12,47517,49,8101,1.141509499035571,1562387889,10,47410,49,8120,1.1768074832764497,1556094865,5,47379,49,8147,0.8810164550405644,1551899189,4,47278,49,8076,0.8032993740394099,1549800548,3,47237,49,8116
1.4319953883587841,1560293536,12,47517,49,8101,1.141509499035571,1562387889,10,47410,49,8120,1.1768074832764497,1556094865,5,47379,49,8147,0.8810164550405644,1551899189,4,47278,49,8076,0.8032993740394099,1549800548,3,47237,49,8116
0.8307361108574006,1551904273,11,47260,49,8130,1.681674132228903,1553998829,10,47122,49,8099,0.6182833259094783,1547706524,5,47143,49,8145,1.2241284448238132,1558190026,4,47418,49,8152,1.7645997392210009,1547703726,4,47140,49,8110
0.8307361108574006,1551904273,11,47260,49,8130,1.681674132228903,1553998829,10,47122,49,8099,0.6182833259094783,1547706524,5,47143,49,8145,1.2241284448238132,1558190026,4,47418,49,8152,1.7645997392210009,1547703726,4,47140,49,8110
0.9785265997736002,1554001553,11,47323,49,8092,0.7152730856532916,1556096435,10,47229,49,8104,1.1180582195312672,1553997534,5,47355,49,8150,1.3672252679152956,1558190528,4,47487,49,8110,1.36498539826587,1558189444,4,47474,49,8085
0.9785265997736002,1554001553,11,47323,49,8092,0.7152730856532916,1556096435,10,47229,49,8104,1.1180582195312672,1553997534,5,47355,49,8150,1.3672252679152956,1558190528,4,47487,49,8110,1.36498539826587,1558189444,4,47474,49,8085
1.2688042542986995,1558196156,11,47446,49,8084,0.8479677460771016,1558193575,9,47288,49,8113,1.582542665404949,1560289423,5,47553,49,8069,1.3761013680205667,1558190311,4,47480,49,8127,0.8088053271804243,1551897595,3,47247,49,8083
1.264112492666011,1558195818,11,47444,49,8116,0.6091972927192836,1556094847,8,47181,49,8048,0.6370503740361024,1547706135,4,47151,49,8152,1.051347450298722,1553995964,4,47352,49,8156,1.2361645547484994,1556091484,3,47425,49,8142
1.0158562134508002,1554001824,12,47342,49,8113,0.7737156178792896,1558193518,9,47256,49,8073,0.7101816172805389,1549803134,5,47178,49,8185,0.6479600873351269,1547703912,4,47171,49,8092,1.5564293387165187,1545605610,3,47046,49,8132
1.0158562134508002,1554001824,12,47342,49,8113,0.7737156178792896,1558193518,9,47256,49,8073,0.7101816172805389,1549803134,5,47178,49,8185,0.6479600873351269,1547703912,4,47171,49,8092,1.5564293387165187,1545605610,3,47046,49,8132
1.6267039267376238,1545610662,6,47089,49,8147,1.5605043974946196,1568679357,10,47590,49,8092,1.5339929629303672,1560288358,4,47533,49,8115,1.139067050192728,1556093110,4,47372,49,2,1.4937021137783502,1560286582,3,47533,49,8152
1.6267039267376238,1545610662,6,47089,49,8147,1.5605043974946196,1568679357,10,47590,49,8092,1.5339929629303672,1560288358,4,47533,49,8115,1.139067050192728,1556093110,4,47372,49,2,1.4937021137783502,1560286582,3,47533,49,8152
0.9863802791836251,1554002154,12,47327,49,8188,1.1369199794230163,1562388080,10,47407,49,8075,1.1665056817822574,1556094010,4,47376,49,8110,1.544798382775829,1562384557,4,47562,49,8038,1.4808499413775316,1560286304,3,47531,49,8117
1.5675475743932707,1562390606,12,47573,49,8051,0.7762659731856808,1558193029,9,47255,49,8105,0.8672534173608788,1551900306,5,47246,49,8162,0.8433819833802926,1551899058,4,47255,49,8126,1.4456617314064808,1560286543,4,47516,49,8157
1.5675475743932707,1562390606,12,47573,49,8051,0.7762659731856808,1558193029,9,47255,49,8105,0.8672534173608788,1551900306,5,47246,49,8162,0.8433819833802926,1551899058,4,47255,49,8126,1.4456617314064808,1560286543,4,47516,49,8157
0.9443588994594007,1554001444,11,47307,49,8056,1.6354684621716673,1553998757,10,47119,49,1,0.581769730654682,1547706357,5,47125,49,8082,1.3311206710637047,1558189708,4,47465,49,8144,1.4840118631664048,1560286959,4,47532,49,8092
0.9443588994594007,1554001444,11,47307,49,8056,1.6354684621716673,1553998757,10,47119,49,1,0.581769730654682,1547706357,5,47125,49,8082,0.8965193416985727,1551898564,4,47286,49,8120,1.4840118631664048,1560286959,4,47532,49,8092
0.8776537239606323,1551904629,12,47281,49,8142,1.630471850525371,1553995661,4,47113,49,8143,1.067876441674862,1553998004,5,47335,49,8110,1.0876584142161396,1556092683,4,47364,49,8132,0.8013605874060247,1551897737,3,47241,49,8100
1.1031649949032978,1556098735,11,47374,49,8070,0.9038599113190381,1560289980,10,47309,49,8094,0.5809536930956063,1547705325,4,47125,49,8075,1.2389175285466685,1558190363,4,47425,49,8149,1.688615130686247,1545606230,3,47102,49,8106
1.1031649949032978,1556098735,11,47374,49,8070,0.9038599113190381,1560289980,10,47309,49,8094,0.5809536930956063,1547705325,4,47125,49,8075,1.2389175285466685,1558190363,4,47425,49,8149,1.688615130686247,1545606230,3,47102,49,8106
0.7775968893696257,1549807007,11,47238,49,8095,0,1562387019,8,47421,49,8099,0.6700971735163623,1547706314,5,47163,49,8078,0,1558190112,4,47485,49,8123,0.7869785961841549,1551897156,3,47238,49,8148
0.7775968893696257,1549807007,11,47238,49,8095,1.1608880958413959,1562387019,8,47421,49,8099,0.6700971735163623,1547706314,5,47163,49,8078,1.3813024456188596,1558190112,4,47485,49,8123,0.7869785961841549,1551897156,3,47238,49,8148
0.930181372736628,1551902923,9,47304,49,8130,1.601609346791481,1568679462,9,47596,49,8103,1.4127209517915371,1558192393,5,47481,49,8136,1.0948001639597476,1553995917,4,47358,49,8098,1.64669413739196,1545606555,3,47089,49,8110
0.930181372736628,1551902923,9,47304,49,8130,1.601609346791481,1568679462,9,47596,49,8103,1.4127209517915371,1558192393,5,47481,49,8136,1.0948001639597476,1553995917,4,47358,49,8098,1.64669413739196,1545606555,3,47089,49,8110
0.7760670425803022,1551902971,9,47239,49,8154,0,1568678838,10,47566,49,8053,0.7156894192078276,1549803042,5,47179,49,8119,0.8159452188784687,1551899356,4,47244,49,8145,0.950580530578485,1551897835,3,47298,49,8104
0.7760670425803022,1551902971,9,47239,49,8154,1.515728195528385,1568678838,10,47566,49,8053,0.7156894192078276,1549803042,5,47179,49,8119,0.8159452188784687,1551899356,4,47244,49,8145,0.950580530578485,1551897835,3,47298,49,8104
1.638535561623786,1545613060,12,47095,49,8093,0.5910436624418964,1553999144,9,47168,49,8056,0.8075858858339313,1549802838,4,47222,49,8176,1.0078984767697503,1553996262,4,47330,49,8147,1.3991511851981537,1560286449,3,47502,49,8110
1.5780519935805086,1562389856,11,47584,49,8110,0.607055881210949,1556096150,9,47187,49,8091,1.4278167589439967,1558191665,4,47485,49,8150,0.830429445726156,1551898212,3,47246,49,8105,0.8796929199686683,1551897871,3,47275,49,8090
1.5780519935805086,1562389856,11,47584,49,8110,0.607055881210949,1556096150,9,47187,49,8091,1.4278167589439967,1558191665,4,47485,49,8150,0.830429445726156,1551898212,3,47246,49,8105,0.8796929199686683,1551897871,3,47275,49,8090
0.6721344838164773,1549807140,11,47194,49,8135,1.1762887334604888,1556095932,10,47430,49,8129,1.054719433356667,1553997533,5,47327,49,8141,1.0852102946592121,1553995902,4,47364,49,8107,0.6454097161950877,1549800321,3,47180,49,8119
0.6721344838164773,1549807140,11,47194,49,8135,1.1762887334604888,1556095932,10,47430,49,8129,1.054719433356667,1553997533,5,47327,49,8141,1.0852102946592121,1553995902,4,47364,49,8107,0.6454097161950877,1549800321,3,47180,49,8119
0.7603596802868106,1549806720,11,47233,49,8119,0.5566714962170898,1553999491,10,47153,49,8059,0.7166076897955272,1549803169,5,47178,49,8143,1.3402997105053953,1558190659,4,47471,49,8101,1.6774972891617252,1545606550,3,47101,49,8114
0.7603596802868106,1549806720,11,47233,49,8119,0.5566714962170898,1553999491,10,47153,49,8059,0,1545609134,5,47110,49,8099,1.3402997105053953,1558190659,4,47471,49,8101,1.6774972891617252,1545606550,3,47101,49,8114
1.5486778647162591,1562390048,11,47568,49,8156,1.2806302320735448,1564484973,10,47471,49,8114,0.9907690778888235,1551900500,5,47298,49,6,0.7292480278924939,1549801970,4,47214,49,8048,0.6566297844037787,1549800405,3,47182,49,8116
1.5486778647162591,1562390048,11,47568,49,8156,1.2806302320735448,1564484973,10,47471,49,8114,0.9907690778888235,1551900500,5,47298,49,6,0.7292480278924939,1549801970,4,47214,49,8048,0.6566297844037787,1549800405,3,47182,49,8116
1.412514536139247,1560292986,10,47511,49,8103,0.7600474214554379,1558193431,9,47255,49,8055,1.4168011538890395,1558192400,5,47481,49,8142,1.854761867837375,1549801882,4,47179,49,8080,1.212603500055279,1556092065,4,47419,49,8147
1.412514536139247,1560292986,10,47511,49,8103,0.7600474214554379,1558193431,9,47255,49,8055,1.4168011538890395,1558192400,5,47481,49,8142,1.854761867837375,1549801882,4,47179,49,8080,1.212603500055279,1556092065,4,47419,49,8147
0.8157425437553417,1551904306,11,47258,49,5,0.7209853554672302,1556096631,10,47222,49,8062,1.2816583317670107,1556094608,5,47422,49,8104,1.220353082151401,1558189976,4,47423,49,8077,1.2553386703549618,1558189477,3,47440,49,8152
1.490744643015898,1560293135,12,47544,49,8118,0.6360224826753718,1556096183,10,47191,49,8064,1.1613045946088603,1556094431,5,47370,49,8096,1.7955032908907111,1547704605,4,47152,49,8080,1.381099833061789,1558188982,4,47487,49,8132
1.460145950111737,1560293044,11,47532,49,8118,0.7589265311659629,1558193044,9,47250,49,8072,1.7579747499037506,1545608113,4,47112,49,8179,1.5411271509681297,1545607229,4,47046,49,8103,0.6577506880763634,1549800281,3,47187,49,8141
1.460145950111737,1560293044,11,47532,49,8118,0.7589265311659629,1558193044,9,47250,49,8072,1.7579747499037506,1545608113,4,47112,49,8179,1.5411271509681297,1545607229,4,47046,49,8103,0.6577506880763634,1549800281,3,47187,49,8141
0.6463297949244623,1549807265,11,47183,49,10,1.4400478474679335,1566581870,10,47540,49,8112,1.4560695721623889,1558191996,5,47496,49,8170,1.6904498471458531,1545607463,4,47102,49,8081,1.5299089432620152,1545606153,3,47044,49,8142
0.6463297949244623,1549807265,11,47183,49,10,1.4400478474679335,1566581870,10,47540,49,8112,1.4560695721623889,1558191996,5,47496,49,8170,1.6904498471458531,1545607463,4,47102,49,8081,1.5299089432620152,1545606153,3,47044,49,8142
1.3335706304592916,1558195855,11,47477,49,8147,1.4335195149692357,1566582250,10,47540,49,8108,1.4009915467522938,1558192372,5,47476,49,8173,0.9810769952745034,1553995784,4,47305,49,8069,1.5596915962930888,154560608,3,47055,49,8181
1.3335706304592916,1558195855,11,47477,49,8147,1.4335195149692357,1566582250,10,47540,49,8108,1.4009915467522938,1558192372,5,47476,49,8173,0.9810769952745034,1553995784,4,47305,49,8069,1.5596915962930888,1545606018,3,47055,49,8181
1.404049296026359,1560293214,11,47506,49,8078,1.7067650106274486,1547704549,4,47133,49,8106,0.8532803668423857,1549803377,5,47238,49,8121,1.8794437975174574,1549802034,4,47193,49,8086,0.8214529997149961,1551897267,3,47253,49,8110
1.404049296026359,1560293214,11,47506,49,8078,1.7067650106274486,1547704549,4,47133,49,8106,0.8532803668423857,1549803377,5,47238,49,8121,1.8794437975174574,1549802034,4,47193,49,8086,0.8214529997149961,1551897267,3,47253,49,8110
1.2610528071922924,1558195388,10,47444,49,8114,1.046858243275008,1553998906,10,47363,49,8109,1.01718533672041,1553997312,5,47311,49,8173,0.7232308960711711,1549802050,4,47209,49,8142,1.2301474276969853,1556091698,3,47422,49,8072
1.2610528071922924,1558195388,10,47444,49,8114,1.046858243275008,1553998906,10,47363,49,8109,1.01718533672041,1553997312,5,47311,49,8173,0.7232308960711711,1549802050,4,47209,49,8142,1.2301474276969853,1556091698,3,47422,49,8072
1.0441090157427617,1554001696,12,47355,49,8119,0.761679500131807,1558192172,8,47247,49,8037,1.394769944095516,1558192148,5,47473,49,8137,1.129782023953842,1556092795,4,47383,49,8116,1.2538107151156792,1558188607,3,47430,49,8169
1.3696771247096526,1558195689,11,47491,49,8046,1.5597905919611192,1551901978,10,47078,49,8080,1.1574288718854893,1553997859,6,47368,49,8121,1.2611513313485405,1558190368,4,47439,49,8136,0.8681679914613006,1551897962,4,47267,49,8132
1.3696771247096526,1558195689,11,47491,49,8046,1.5597905919611192,1551901978,10,47078,49,8080,0,1553997522,5,47305,49,8105,1.2611513313485405,1558190368,4,47439,49,8136,0.8681679914613006,1551897962,4,47267,49,8132
1.1522240094510832,1556098985,11,47399,49,8074,1.223308594026129,1564485007,10,47445,49,8067,1.4733067803265187,1560288815,5,47503,49,8119,1.7450185200630404,1547704464,4,47119,49,8140,0.7835118136480447,1549800463,3,47233,49,8087
1.1522240094510832,1556098985,11,47399,49,8074,1.223308594026129,1564485007,10,47445,49,8067,1.4733067803265187,1560288815,5,47503,49,8119,1.7450185200630404,1547704464,4,47119,49,8140,0.7835118136480447,1549800463,3,47233,49,8087
0,156292020,10,47500,49,8127,0,1553998364,8,47124,49,8085,0.9349772649932221,1551901080,5,47277,49,8188,1.4232215699866393,1560287523,4,47506,49,8108,1.0934747820767388,1553994274,3,47362,49,8152
0.9691430693906481,1554001318,10,47322,49,8048,1.613134287491763,1551902215,10,47095,49,8163,1.0609410372668975,1553996969,4,47330,49,8126,1.8691438658655988,1549801637,4,47182,49,8146,0.745059448627655,1549800789,3,47218,49,8059
0.9691430693906481,1554001318,10,47322,49,8048,1.613134287491763,1551902215,10,47095,49,8163,1.0609410372668975,1553996969,4,47330,49,8126,1.8691438658655988,1549801637,4,47182,49,8146,0.745059448627655,1549800789,3,47218,49,8059
0.9176359294125176,1551903767,11,47299,49,8109,0.8097198713433267,1558193669,10,47260,49,8070,1.2312720743654433,1556094930,5,47404,49,8151,0.6336803355726395,1549801206,3,47167,49,8047,0.7682133927392983,1549800624,3,47223,49,8110
0.9176359294125176,1551903767,11,47299,49,8109,0.8097198713433267,1558193669,10,47260,49,8070,1.2312720743654433,1556094930,5,47404,49,8151,0.6336803355726395,1549801206,3,47167,49,8047,0.7682133927392983,1549800624,3,47223,49,8110
1.3250031480033784,1558195609,11,47473,49,8165,1.364061408057238,1566582129,10,47505,49,8156,0.8379801048686095,1549802788,4,47236,49,8106,1.3790569092669867,1560287219,4,47492,49,8137,1.2007737364299111,1556092309,3,47406,49,8098
1.3250031480033784,1558195609,11,47473,49,8165,1.364061408057238,1566582129,10,47505,49,8156,0.8379801048686095,1549802788,4,47236,49,8106,1.3790569092669867,1560287219,4,47492,49,8137,1.2007737364299111,1556092309,3,47406,49,8098
0.829817828222523,1551904700,12,47264,49,8096,1.2686963593905267,1558192616,8,47456,49,8012,0.7591384223461421,1549803662,5,47201,49,8141,1.718089229768139,1547703854,3,47120,49,8102,0.7853483665872963,1549801015,4,47229,49,8085
0.829817828222523,1551904700,12,47264,49,8096,1.2686963593905267,1558192616,8,47456,49,8012,0.7591384223461421,1549803662,5,47201,49,8141,1.718089229768139,1547703854,3,47120,49,8102,0.7853483665872963,1549801015,4,47229,49,8085
0.8883626097990075,1551903802,10,47290,49,8182,1.3831351806210186,1566582278,10,47510,49,8109,1.4307741998138437,1558192272,5,47488,49,8125,1.3139857047274206,1558190469,4,47458,49,8112,0.797382631804525,1549800558,4,47239,49,8152
0.8883626097990075,1551903802,10,47290,49,8182,1.3831351806210186,1566582278,10,47510,49,8109,1.4307741998138437,1558192272,5,47488,49,8125,1.3139857047274206,1558190469,4,47458,49,8112,0.797382631804525,1549800558,4,47239,49,8152
0.7166039841550008,1549807001,11,47214,49,8039,0.6390821796253903,1549804086,9,47197,49,8094,1.6685245655768026,1545609658,5,47077,49,8127,1.243404806087156,1556093168,4,47430,49,8142,0.6902881600103945,1549800875,3,47193,49,8075
1.6155860851100545,1545610039,5,47088,49,8128,1.5913075623371822,1568679326,10,47589,49,8077,0.8889779181463208,1551900701,5,47256,49,8080,1.4625922231279738,1560287252,4,47521,49,8112,1.3190864191033804,1558188792,3,47460,49,8096
1.6155860851100545,1545610039,5,47088,49,8128,1.5913075623371822,1568679326,10,47589,49,8077,0.8889779181463208,1551900701,5,47256,49,8080,1.4625922231279738,1560287252,4,47521,49,8112,1.3190864191033804,1558188792,3,47460,49,8096
0,1558195893,11,47446,49,8101,0.8897846453001068,1560290200,10,47307,49,8067,1.228212391971726,1556095141,5,47402,49,8119,0.9827090712787417,1553995929,4,47306,49,8099,1.0264628965954619,1553995241,3,47337,49,8052
0.7196636684449962,1549807337,11,47216,49,8069,0.533926513337217,1553998689,8,47147,49,8062,1.087459531022044,1553998222,5,47342,49,8174,0.8632699210945363,1551899131,4,47269,49,8066,1.104285912675889,1553994941,4,47366,49,8144
1.5441905898123207,1562390022,11,47564,49,8137,0.7204741884411349,1549804653,9,47230,49,8071,1.260952487432717,1556095204,5,47417,49,8123,1.2085233179663686,1556093318,4,47412,49,8066,1.531542936226319,1560286696,3,47545,49,8178
1.5441905898123207,1562390022,11,47564,49,8137,0.7204741884411349,1549804653,9,47230,49,8071,1.260952487432717,1556095204,5,47417,49,8123,1.2085233179663686,1556093318,4,47412,49,8066,1.531542936226319,1560286696,3,47545,49,8178
0.7093618716110092,1549804652,6,47213,49,8163,1.71441423130006,1553998855,8,47133,49,8061,1.2907351393834054,1556094872,5,47429,49,8082,1.2440163652460987,1556093008,4,47432,49,8116,1.5376603912495883,1543509011,3,47045,49,8106
0.7093618716110092,1549804652,6,47213,49,8163,1.71441423130006,1553998855,8,47133,49,8061,1.2907351393834054,1556094872,5,47429,49,8082,1.2440163652460987,1556093008,4,47432,49,8116,1.5376603912495883,1543509011,3,47045,49,8106
1.2734960135854612,1558195739,11,47449,49,8064,1.3819101684004134,1566581479,8,47513,49,8083,1.2996093459308145,1556094643,5,47427,49,8152,1.1484487010561584,1556093581,4,47385,49,8066,1.4257719210204975,1560286393,3,47510,49,8092
1.2734960135854612,1558195739,11,47449,49,8064,1.3819101684004134,1566581479,8,47513,49,8083,1.2996093459308145,1556094643,5,47427,49,8152,1.1484487010561584,1556093581,4,47385,49,8066,1.4257719210204975,1560286393,3,47510,49,8092
1.6329255276544934,1545613116,12,47093,49,8095,0.7297554722626471,1549801694,4,47235,49,8119,1.1666079269308351,1556094825,5,47371,49,8113,0.7873857026309001,1551898207,4,47238,49,8111,1.0693021775381384,1553994984,3,47349,49,8099
1.6329255276544934,1545613116,12,47093,49,8095,0.7297554722626471,1549801694,4,47235,49,8119,1.1666079269308351,1556094825,5,47371,49,8113,0.7873857026309001,1551898207,4,47238,49,8111,1.0693021775381384,1553994984,3,47349,49,8099
0.629194827356549,1549806171,10,47174,49,8083,0.6090950711921632,1556096134,10,47178,49,8123,0.8810220074700565,1551900786,5,47251,49,8142,1.6769842718135246,1545607467,4,47108,49,8092,1.6455732473526419,1545606605,3,47080,49,8144
0.629194827356549,1549806171,10,47174,49,8083,0.6090950711921632,1556096134,10,47178,49,8123,0.8810220074700565,1551900786,5,47251,49,8142,1.6769842718135246,1545607467,4,47108,49,8092,1.6455732473526419,1545606605,3,47080,49,8144
0.528219718926343,1547710085,11,47132,49,8074,1.035842658873962,1560290490,10,47362,49,8080,1.3333699599697941,1558192213,5,47440,49,8023,0.9702640063743172,1553996305,4,47309,49,8126,0.6589775130217201,1547702924,3,47169,49,8128
0.528219718926343,1547710085,11,47132,49,8074,1.035842658873962,1560290490,10,47362,49,8080,1.3333699599697941,1558192213,5,47440,49,8023,1.7407338480081977,1547704936,4,47123,49,8114,0.6589775130217201,1547702924,3,47169,49,8128
1.0686905812574525,1554001771,12,47361,49,8110,1.7186989056436008,1553999188,10,47131,49,8042,1.3152144734398226,1558191035,4,47434,49,8173,0.7445482857737041,1549801794,4,47218,49,8106,1.406292978152241,1558189332,3,47490,49,8126
1.3161289441864823,1558195826,11,47471,49,8116,0.7068078534779015,1556096493,10,47220,49,8071,1.045131442163345,1553997843,5,47322,49,8156,1.2902201729998746,1558190350,4,47452,49,8167,1.7357353771688535,1547703379,3,47124,49,8164
1.3161289441864823,1558195826,11,47471,49,8116,0.7068078534779015,1556096493,10,47220,49,8071,14.219979771949415,1553997843,5,47322,49,8156,1.2902201729998746,1558190350,4,47452,49,8167,1.7357353771688535,1547703379,3,47124,49,8164
1.3805904903045947,1558195810,12,47495,49,6,1.115500347665204,1562387510,9,47389,49,8044,1.5089020790020884,1560289071,4,47519,49,8095,0.8508267131332926,1551898457,4,47264,49,8121,0.6747852758044074,1549800262,3,47182,49,8131
1.5117553293001313,1560292300,10,47553,49,8135,1.6577041641231316,1545610057,9,47110,49,8012,0.8240070588015654,1549803334,4,47226,49,8138,0,1558190204,4,47434,49,8126,0,1549800566,3,47237,49,8104
1.5117553293001313,1560292300,10,47553,49,8135,1.6577041641231316,1545610057,9,47110,49,8012,0.8240070588015654,1549803334,4,47226,49,8138,1.244730161923736,1558190204,4,47434,49,8126,0.8013605979387591,1549800566,3,47237,49,8104
1.0290132170489528,1553998815,6,47350,49,8049,1.20443932444976,1564484511,10,47434,49,8121,0.7950404481550478,1549803323,5,47214,49,8138,0.9024360849487698,1551899119,4,47286,49,8126,1.4315864580146296,1560286393,3,47506,49,8129
1.0290132170489528,1553998815,6,47350,49,8049,1.20443932444976,1564484511,10,47434,49,8121,0.7950404481550478,1549803323,5,47214,49,8138,0.9024360849487698,1551899119,4,47286,49,8126,1.4315864580146296,1560286393,3,47506,49,8129
1.2469775245124841,1558194397,9,47437,49,8152,0.6588697465434002,1556096746,10,47199,49,8121,1.3644779757776087,1558192295,5,47455,49,8178,1.2582980090631661,1556093102,4,47429,49,8133,1.6689298197485716,1545606565,3,47091,49,8123
1.2469775245124841,1558194397,9,47437,49,8152,0.6588697465434002,1556096746,10,47199,49,8121,1.3644779757776087,1558192295,5,47455,49,8178,1.2582980090631661,1556093102,4,47429,49,8133,1.6689298197485716,1545606565,3,47091,49,8123
0.9542517452918227,1554001586,11,47316,49,8095,0.8820332188304629,1558192942,9,47299,49,8038,1.7183996421245353,1545609608,5,47097,49,8124,1.2011789533877963,1556092976,4,47413,49,8093,1.528381021383648,1560286297,3,47541,49,4
0.804217612089178,1551904784,12,47251,49,8130,1.0587902706115038,1562386512,9,47374,49,8115,0.803505699998676,1549803658,5,47219,49,8169,1.0192189252542319,1553995862,4,47339,49,8137,1.2634990904638275,1558189009,3,47434,49,8133
0.804217612089178,1551904784,12,47251,49,8130,1.0587902706115038,1562386512,9,47374,49,8115,0.803505699998676,1549803658,5,47219,49,8169,1.0192189252542319,1553995862,4,47339,49,8137,1.2634990904638275,1558189009,3,47434,49,8133
1.549698392888307,1562390033,11,47566,49,8140,0.7774891262454552,1558192857,9,47244,49,8076,0.8390006175078885,1549803868,5,47231,49,8117,1.6643384521444753,1547704053,4,47094,49,8096,1.7724534257774671,1547703663,3,47141,49,8129
1.549698392888307,1562390033,11,47566,49,8140,0.7774891262454552,1558192857,9,47244,49,8076,0.8390006175078885,1549803868,5,47231,49,8117,1.6643384521444753,1547704053,4,47094,49,8096,1.7724534257774671,1547703663,3,47141,49,8129
0.8625579218724935,1551904383,11,47279,49,8140,1.0146275069693473,1553998786,9,47351,49,8055,0.7272143644400517,1549803238,5,47183,49,8139,1.0939841243052022,1553996186,4,47358,49,8043,0.9283448618152332,1551897632,3,47289,49,8113
0.8625579218724935,1551904383,11,47279,49,8140,1.0146275069693473,1553998786,9,47351,49,8055,0.7272143644400517,1549803238,5,47183,49,8139,1.0939841243052022,1553996186,4,47358,49,8043,0.9283448618152332,1551897632,3,47289,49,8113
1.0953113079493277,1556098733,12,47373,49,8041,1.6711678819746283,1553998974,9,47122,49,8099,1.3072585513496304,1556093464,4,47432,49,8089,1.2225986044124273,1556092794,4,47417,49,8100,0.862660200968387,1551897663,3,47261,49,8092
1.0953113079493277,1556098733,12,47373,49,8041,1.6711678819746283,1553998974,9,47122,49,8099,1.3072585513496304,1556093464,4,47432,49,8089,1.2225986044124273,1556092794,4,47417,49,8100,0.862660200968387,1551897663,3,47261,49,8092
1.3497873126893973,1558193139,6,47486,49,8091,1.2183101216300638,1558192036,8,47442,49,8078,0.7351702785515807,1549803598,5,47185,49,8138,1.4754424970473587,1560287996,4,47530,49,8100,0.8372626082996025,1551898173,3,47254,49,8132
1.3497873126893973,1558193139,6,47486,49,8091,1.2183101216300638,1558192036,8,47442,49,8078,0.7351702785515807,1549803598,5,47185,49,8138,1.4754424970473587,1560287996,4,47530,49,8100,0.8372626082996025,1551898173,3,47254,49,8132
1.5766243871205723,1562390659,12,47582,49,8118,0.783812965120304,1558190297,4,47254,49,8073,1.3864069455831025,1558191902,5,47464,49,8140,1.7054415540942436,1547704334,4,47115,49,8113,0.8189026578948729,1551897981,4,47250,49,8048
0.6463297949244623,1549807083,11,47183,49,8079,1.6388367471356222,1551902247,10,47095,49,8072,0.8546057465194415,1549803040,5,47238,49,8079,0.8218601135769921,1551898521,4,47250,49,8091,0.8149265473495372,1549800732,4,47241,49,8145
0.8415472319451742,1551902178,6,47269,49,8130,1.194648729095206,1562387019,8,47418,49,8056,1.467287779882184,1560289114,5,47503,49,8133,1.172619432809116,1556093509,4,47403,49,8156,0.7596459177281119,1549800460,3,47215,49,8132
0.8415472319451742,1551902178,6,47269,49,8130,1.194648729095206,1562387019,8,47418,49,8056,1.467287779882184,1560289114,5,47503,49,8133,1.172619432809116,1556093509,4,47403,49,8156,0.7596459177281119,1549800460,3,47215,49,8132
1.0502283795198675,1554001846,12,47359,49,8142,0.6908960313943449,1549804151,8,47213,49,8081,0.890507766270293,1551900819,5,47254,49,8110,1.527256354926305,1562384363,4,47550,49,8150,0.7071182677746403,1549800156,3,47194,49,16
1.0502283795198675,1554001846,12,47359,49,8142,0.6908960313943449,1549804151,8,47213,49,8081,0.890507766270293,1551900819,5,47254,49,8110,1.527256354926305,1562384363,4,47550,49,8150,0.7071182677746403,1549800156,3,47194,49,16
1.1989371454083932,1556099008,12,47421,49,8090,1.4817644111106634,1566582040,9,47539,49,8125,1.4834041137144627,1560288797,4,47503,49,8185,0.6817188505183521,1549801532,4,47192,49,8110,0.6589756783860412,1549800556,3,47178,49,8134
1.1989371454083932,1556099008,12,47421,49,8090,1.4817644111106634,1566582040,9,47539,49,8125,1.4834041137144627,1560288797,4,47503,49,8185,0.6817188505183521,1549801532,4,47192,49,8110,0.6589756783860412,1549800556,3,47178,49,8134
1.3414243135502224,1558196386,12,47480,49,8111,1.050427270735384,1560290151,8,47360,49,8069,0.8726589945549236,1551900115,5,47243,49,8176,1.1908771508891047,1556092975,4,47410,49,8115,0.6851874654627541,1549800864,3,47193,49,8135
1.3414243135502224,1558196386,12,47480,49,8111,1.050427270735384,1560290151,8,47360,49,8069,0.8726589945549236,1551900115,5,47243,49,8176,1.1908771508891047,1556092975,4,47410,49,8115,0.6851874654627541,1549800864,3,47193,49,8135
1.6345576030212328,154612275,10,47094,49,8154,1.5082809747847283,1566581123,8,47559,49,8107,1.6213017817252036,1560289194,5,47559,49,8113,1.7112560586090064,1547704676,4,47116,49,8098,0.9039677840301731,1551897895,3,47278,49,8118
0.5584094663364078,1547707602,6,47149,49,8112,1.0971403935528927,1562387097,8,47382,49,8047,1.346424731872302,1558192270,5,47446,49,8103,1.0904132445958734,1553996003,4,47363,49,8100,1.0792972740287416,1553995311,3,47351,49,8137
0.5584094663364078,1547707602,6,47149,49,8112,1.0971403935528927,1562387097,8,47382,49,8047,1.346424731872302,1558192270,5,47446,49,8103,1.0904132445958734,1553996003,4,47363,49,8100,1.0792972740287416,1553995311,3,47351,49,8137
0.6890649835507099,1549804839,6,47204,49,8142,0.7354677562923524,1549804776,10,47232,49,8140,0.8475681070865998,1549803261,5,47233,49,8110,1.67637270628949,1545607397,4,47106,49,8105,1.2684975747512257,1558189248,4,47432,49,8109
0.6890649835507099,1549804839,6,47204,49,8142,0.7354677562923524,1549804776,10,47232,49,8140,0.8475681070865998,1549803261,5,47233,49,8110,1.67637270628949,1545607397,4,47106,49,8105,1.2684975747512257,1558189248,4,47432,49,8109
0.8759194039061211,1551904387,11,47284,49,8159,1.5982429797445201,1551901548,8,47085,49,8097,1.5948836392395762,1560288681,4,47554,49,8179,1.0904132445958734,1553995875,4,47363,49,8090,1.582946431693207,1545606386,4,47061,49,8078
0.8759194039061211,1551904387,11,47284,49,8159,1.5982429797445201,1551901548,8,47085,49,8097,1.5948836392395762,1560288681,4,47554,49,8179,1.0904132445958734,1553995875,4,47363,49,8090,1.582946431693207,1545606386,4,47061,49,8078
1.0898035064341702,1556098358,11,47371,49,8027,1.2579874971327452,1564485084,10,47453,49,8066,1.1682400095870387,1553997912,5,47369,49,8143,1.7582759076454009,1547704714,4,47135,49,8078,0.8192112160661997,1549800540,3,47237,49,8124
1.0898035064341702,1556098358,11,47371,49,8027,1.2579874971327452,1564485084,10,47453,49,8066,1.1682400095870387,1553997912,5,47369,49,8143,1.7582759076454009,1547704714,4,47135,49,8078,0.8192112160661997,1549800540,3,47237,49,8124
1.3853844913043543,1560292036,10,47497,49,8177,1.027988988274489,1553998739,9,47356,49,8040,0.7785170512850469,1549803132,4,47206,49,8131,1.3270404621579233,1558190258,4,47467,49,8075,1.2695162140047456,1558188918,3,47438,49,8119
1.3853844913043543,1560292036,10,47497,49,8177,1.027988988274489,1553998739,9,47356,49,8040,0.7785170512850469,1549803132,4,47206,49,8131,1.3270404621579233,1558190258,4,47467,49,8075,1.2695162140047456,1558188918,3,47438,49,8119
1.3992552924232466,1560292563,10,47505,49,8113,1.5238867589517198,1568678493,9,47566,49,8090,1.4262869274722187,1558192304,5,47479,49,8134,0.9646539684489128,1553996050,4,47308,49,8095,1.5531651860356743,1543509341,3,47041,49,8141
1.3992552924232466,1560292563,10,47505,49,8113,1.5238867589517198,1568678493,9,47566,49,8090,1.4262869274722187,1558192304,5,47479,49,8134,0.9646539684489128,1553996050,4,47308,49,8095,1.5531651860356743,1543509341,3,47041,49,8141
0.7532198024315753,1549806851,11,47231,49,8121,1.0557305906921934,1562387465,10,47372,49,8149,1.5316470934925661,1560289611,5,47526,49,8169,1.8459899027026652,1549801551,4,47179,49,8112,1.125601456489946,1556092376,4,47377,49,8170
1.1155059518736918,1556098630,11,47385,49,8079,0.9417007409394186,1560290375,10,47314,49,8079,1.2744162169046165,1556094705,5,47418,49,8127,1.53052051445626,1560287421,3,47552,49,8103,1.3968072162736573,1558189372,3,47486,49,8005
1.1155059518736918,1556098630,11,47385,49,8079,0.9417007409394186,1560290375,10,47314,49,8079,1.2744162169046165,1556094705,5,47418,49,8127,1.53052051445626,1560287421,3,47552,49,8103,1.3968072162736573,1558189372,3,47486,49,8005
1.5448021398044876,1562389478,10,47568,49,8097,0.8661232493858372,1558193650,10,47287,49,8134,1.073384250767955,1553997668,4,47333,49,8158,1.189447667743379,1558189877,4,47416,49,8148,1.761744540508511,1547703792,4,47132,49,8136
1.5448021398044876,1562389478,10,47568,49,8097,0.8661232493858372,1558193650,10,47287,49,8134,1.073384250767955,1553997668,4,47333,49,8158,1.189447667743379,1558189877,4,47416,49,8148,1.761744540508511,1547703792,4,47132,49,8136
0.7658674758084433,1551904076,11,47237,49,8186,0.7802420951321639,1558193199,10,47249,49,8064,0.884286161700205,1551900843,5,47251,49,8129,0.9446637927669855,1553995975,4,47296,49,8177,1.0981665581839575,1553995202,3,47358,49,8078
0.7658674758084433,1551904076,11,47237,49,8186,0.7802420951321639,1558193199,10,47249,49,8064,0.884286161700205,1551900843,5,47251,49,8129,0.9446637927669855,1553995975,4,47296,49,8177,1.0981665581839575,1553995202,3,47358,49,8078
0,1560293029,12,47498,49,8137,1.256559899468676,1564484793,9,47451,49,8093,1.050537006776381,1553996953,4,47325,49,8162,1.1247854138212823,1556093413,4,47378,49,8130,0.802685971249478,1551897477,3,47239,49,8122
1.37814236054388,1560293029,12,47498,49,8137,1.256559899468676,1564484793,9,47451,49,8093,1.050537006776381,1553996953,4,47325,49,8162,1.1247854138212823,,4,47378,49,8130,0.802685971249478,1551897477,3,47239,49,8122
0,1547709169,10,47165,49,8181,1.1996453222307668,1562387582,9,47425,49,8086,0.9380369553184076,1551900817,5,47276,49,8107,0.8822414360981023,1551898328,4,47276,49,8127,1.410371292897682,1560286410,3,47497,49,8084
0.5912517914934637,1547709169,10,47165,49,8181,0,1566581753,10,47502,49,8038,0.9380369553184076,1551900817,5,47276,49,8107,0.8822414360981023,1551898328,4,47276,49,8127,1.410371292897682,1560286410,3,47497,49,8084
1.39843924662912,1560292929,11,47507,49,8140,0.8825444113020773,1551901567,9,47294,49,8047,1.2657464940658536,1556094859,5,47415,49,8104,0.7281271219025233,1549801456,4,47211,49,8126,1.0479847847653851,1553995149,3,47338,49,8095
1.39843924662912,1560292929,11,47507,49,8140,0.8825444113020773,1551901567,9,47294,49,8047,1.2657464940658536,1556094859,5,47415,49,8104,0.7281271219025233,1549801456,4,47211,49,8126,1.0479847847653851,1553995149,3,47338,49,8095
1.0103484021949376,1554001685,11,47344,49,8078,1.1510975253459284,1556096547,10,47405,49,8126,0.7161987642316805,1549802085,4,47179,49,8118,1.0126924701909257,1553996385,4,47333,49,8142,1.147632661128229,1556092267,3,47385,49,8121
0.7107894732641744,1549807128,11,47217,49,8172,1.513074980272145,1568678030,9,47568,49,8098,1.3722294196312514,1558191600,4,47459,49,8189,1.2052591544620204,1558189990,4,47413,49,8072,1.6104854310091086,1545606051,3,47071,49,8143
1.6351691647930027,1545612644,11,47098,49,8086,1.677491721246512,1553999077,10,47124,49,8141,1.2000618256226687,1556094949,5,47387,49,8174,1.43127973158078,1560287255,4,47509,49,8080,1.4004784543827422,1558188685,3,47490,49,8158
1.6351691647930027,1545612644,11,47098,49,8086,1.677491721246512,1553999077,10,47124,49,8141,1.2000618256226687,1556094949,5,47387,49,8174,1.43127973158078,1560287255,4,47509,49,8080,1.4004784543827422,1558188685,3,47490,49,8158
1.3852822448356672,1560292895,11,47500,49,8165,0.7593336490704443,1556095132,8,47238,49,8069,0.8003437806820348,1549802922,4,47218,49,8123,0.9753628571375825,1553996145,4,47315,49,8146,1.6500605408154152,1545605963,3,47083,49,8154
1.3852822448356672,1560292895,11,47500,49,8165,0.7593336490704443,1556095132,8,47238,49,8069,0.8003437806820348,1549802922,4,47218,49,8123,0.9753628571375825,1553996145,4,47315,49,8146,1.6500605408154152,1545605963,3,47083,49,8154
1.6479190775322503,1545612609,11,47102,49,8062,0.6086879868006012,1556095906,10,47179,49,8135,0.8685787984055132,1551900645,5,47245,49,8159,0.7147656419833982,1549801115,4,47206,49,8086,1.387525934286587,1558189280,3,47481,49,8058
1.6479190775322503,1545612609,11,47102,49,8062,0.6086879868006012,1556095906,10,47179,49,8135,0.8685787984055132,1551900645,5,47245,49,8159,0.7147656419833982,1549801115,4,47206,49,8086,1.387525934286587,1558189280,3,47481,49,8058
0,1551904604,11,47273,49,8101,1.0705196714216918,1553998383,10,47371,49,8091,1.2961407082955743,1556094700,5,47429,49,8185,0.9664886669597067,1553996218,4,47312,49,8165,1.425467101319036,1560285984,3,47501,49,8097
0.8414449877748695,1551904604,11,47273,49,8101,1.0705196714216918,1553998383,10,47371,49,8091,1.2961407082955743,1556094700,5,47429,49,8185,0.9664886669597067,1553996218,4,47312,49,8165,1.425467101319036,1560285984,3,47501,49,8097
0.8501147082875194,1551901759,6,47276,49,8097,1.5762117811826266,1568678877,9,47581,49,8049,1.1587542442864185,1553997384,5,47368,49,8165,1.112749299183879,1556093468,4,47374,49,8099,0.6604032891849018,1549800736,4,47179,49,8150
0.8501147082875194,1551901759,6,47276,49,8097,1.5762117811826266,1568678877,9,47581,49,8049,1.1587542442864185,1553997384,5,47368,49,8165,1.112749299183879,1556093468,4,47374,49,8099,0.6604032891849018,1549800736,4,47179,49,8150
0.5209776005123381,1547710528,12,47135,49,8133,0.943944381959415,1560290739,9,47316,49,8056,1.1248913958876048,1553997634,5,47356,49,8131,1.476260438250922,1560287571,4,47522,49,8092,1.1788447809372626,1556092270,3,47392,49,8116
0.5209776005123381,1547710528,12,47135,49,8133,0.943944381959415,1560290739,9,47316,49,8056,1.1248913958876048,1553997634,5,47356,49,8131,1.476260438250922,1560287571,4,47522,49,8092,1.1788447809372626,1556092270,3,47392,49,8116
0.7108917061291385,1549807544,11,47217,49,8102,0,1560290541,10,47315,49,8086,1.3229659176285977,1558191940,5,47438,49,8129,1.0710327727260571,1553996424,4,47359,49,8145,0.8144172169967492,1549799986,3,47237,49,8158
0.7108917061291385,149807544,11,47217,49,8102,0.9236475000193145,1560290541,10,47315,49,8086,0,1558191940,5,47438,49,8129,1.0710327727260571,1553996424,4,47359,49,8145,0.8144172169967492,1549799986,3,47237,49,8158
0.6612211111358769,1549807248,11,47192,49,8118,1.1960744331941429,1564484377,10,47436,49,8084,1.3601932955993121,1558192116,5,47457,49,8119,1.4163884127243709,1560287545,4,47501,49,8144,1.295320898045318,1558189597,4,47450,49,8158
0.6612211111358769,1549807248,11,47192,49,8118,1.1960744331941429,1564484377,10,47436,49,8084,1.3601932955993121,1558192116,5,47457,49,8119,1.4163884127243709,1560287545,4,47501,49,8144,1.295320898045318,1558189597,4,47450,49,8158
1.5181814071777122,1560292791,11,47558,49,8145,1.2962353803912419,1564485133,10,47470,49,8142,1.2133210720131542,1556095215,5,47393,49,8145,1.41577685584125,1560287587,4,47499,49,8052,1.4681000226257612,1560286453,3,47524,49,8125
1.5181814071777122,1560292791,11,47558,49,8145,1.2962353803912419,1564485133,10,47470,49,8142,1.2133210720131542,1556095215,5,47393,49,8145,1.41577685584125,1560287587,4,47499,49,8052,1.4681000226257612,1560286453,3,47524,49,8125
0.649491707054155,1549807441,11,47187,49,8083,1.3738520025003573,1566581995,10,47503,49,8052,1.6027373193160357,1560289153,5,47559,49,8109,0.9880105427263631,1553996074,4,47317,49,8108,1.1089758113939323,1556091976,3,47373,49,8149
0.649491707054155,1549807441,11,47187,49,8083,1.3738520025003573,1566581995,10,47503,49,8052,1.6027373193160357,1560289153,5,47559,49,8109,0.9880105427263631,1553996074,4,47317,49,8108,1.1089758113939323,1556091976,3,47373,49,8149
1.356927189277311,1558195698,11,47491,49,8012,0.5772732627116575,1553999295,9,47161,49,8095,1.3838565851306992,1558192192,5,47465,49,8158,1.0000447956788414,1553996246,4,47327,49,8130,1.179251864826203,1556092016,3,47396,49,8142
1.356927189277311,1558195698,11,47491,49,8012,0.5772732627116575,1553999295,9,47161,49,8095,1.3838565851306992,1558192192,5,47465,49,8158,0.6718259943750312,1549801073,4,47185,49,8063,1.179251864826203,1556092016,3,47396,49,8142
1.0997985847509633,1556098104,10,47380,49,8107,0.7380162454649599,1558192956,10,47241,49,8085,1.2924694640079075,1556094792,5,47425,49,8101,1.0836804540199023,1553996185,4,47363,49,8086,0.9505805398983586,1551897733,3,47294,49,8174
1.0997985847509633,1556098104,10,47380,49,8107,0.7380162454649599,1558192956,10,47241,49,8085,1.2924694640079075,1556094792,5,47425,49,8101,1.0836804540199023,1553996185,4,47363,49,8086,0.9505805398983586,1551897733,3,47294,49,8174
0,1556098982,12,47403,49,8084,1.453307108249982,1566582297,10,47540,49,8100,1.4026236313901572,1558192348,5,47474,49,8159,0.9728125068697472,1553996020,4,47314,49,8140,1.1067340391924863,1553994673,3,47363,49,8082
1.1512034852440527,1556098982,12,47403,49,8084,1.453307108249982,1566582297,10,47540,49,8100,1.4026236313901572,1558192348,5,47474,49,8159,0.9728125068697472,1553996020,4,47314,49,8140,1.1067340391924863,1553994673,3,47363,49,8082
1.5165493268250707,1560293011,12,47557,49,8128,1.4684029198532016,1560290168,9,47536,49,8030,1.750630405519526,1545608876,5,47110,49,21,0.8406271665710151,1551898265,4,47255,49,8110,1.6400654471487914,1545606567,3,47078,49,8153
1.4811566289252178,1560289879,5,47544,49,8104,1.0598107845212974,1553999242,10,47366,49,8067,0.6220568238940312,1547706797,5,47143,49,8131,1.5978377650464086,1545607634,4,47063,49,8167,0.7093619192157761,1549800901,3,47194,49,8083
1.4811566289252178,1560289879,5,47544,49,8104,1.0598107845212974,1553999242,10,47366,49,8067,0.6220568238940312,1547706797,5,47143,49,8131,1.5978377650464086,1545607634,4,47063,49,8167,0.7093619192157761,1549800901,3,47194,49,8083
0.7767808408705028,1549806493,10,47242,49,8100,0.8253250006743426,1558193265,8,47273,49,8080,1.3344908423174486,1558190914,4,47446,49,8080,1.2533998991399629,1558190529,4,47432,49,8130,1.4051683214705877,1560286313,3,47500,49,8127
0.7767808408705028,1549806493,10,47242,49,8100,0.8253250006743426,1558193265,8,47273,49,8080,1.3344908423174486,1558190914,4,47446,49,8080,1.2533998991399629,1558190529,4,47432,49,8130,1.4051683214705877,1560286313,3,47500,49,8127
1.0597141362073739,1554002101,13,47364,49,8095,0.9349698101748211,1560289696,8,47318,49,8085,1.6244618026922528,1562385677,4,47571,49,8131,0.9736304132874405,1553995358,3,47303,49,8126,0.8480737419010368,1551897726,3,47258,49,8103
1.0597141362073739,1554002101,13,47364,49,8095,0.9349698101748211,1560289696,8,47318,49,8085,1.6244618026922528,1562385677,4,47571,49,8131,0.9736304132874405,1553995358,3,47303,49,8126,0.8480737419010368,1551897726,3,47258,49,8103
0,1560290572,6,47539,49,8181,1.6138480961847315,1545610354,9,47094,49,8074,0.942626479856788,1551900398,4,47280,49,8169,1.8596581139727097,1549801721,4,47176,49,8139,0.6452071012015361,1547703753,3,47167,49,8133
1.4694272252424636,1560290572,6,47539,49,8181,1.6138480961847315,1545610354,9,47094,49,8074,0.942626479856788,1551900398,4,47280,49,8169,1.8596581139727097,1549801721,4,47176,49,8139,0.6452071012015361,1547703753,3,47167,49,8133
0.8414449903123011,1551903900,10,47272,49,8147,1.3365224069739936,1558193234,10,47493,49,8059,1.5666308194545133,1560289710,5,47546,49,8175,1.2232101729974294,1556093314,4,47416,49,8142,1.2657427334950606,1558189294,3,47435,49,8060
1.4162880093759673,1560293127,11,47516,49,8168,1.6574996800428787,1545609944,10,47114,49,8086,1.3634574545525515,1558191807,4,47458,49,8155,0.9931112613230211,1553995944,3,47312,49,8054,1.124071615759386,1556092259,3,47376,49,8109
1.0627738179363397,1554001682,12,47366,49,8121,1.0014704979935858,1560290663,9,47338,49,8090,1.2257642765440384,1556095079,5,47400,49,8120,0.8176795403026943,1551898320,3,47240,49,8116,0.9501697379563441,1553995090,3,47305,49,8132
1.0627738179363397,1554001682,12,47366,49,8121,1.0014704979935858,1560290663,9,47338,49,8090,1.2257642765440384,1556095079,5,47400,49,8120,0.8176795403026943,1551898320,3,47240,49,8116,0.9501697379563441,1553995090,3,47305,49,8132
0.7856550324359496,1551904274,11,47243,49,8079,1.3063326930015517,1564485198,9,47469,49,8108,1.4668807001964383,1560288936,5,47500,49,8072,0.7514837064656789,1549802064,4,47217,49,8077,0.8161496877189881,1551897870,3,47243,49,8155
0,1551904274,11,47243,49,8079,1.3063326930015517,1564485198,9,47469,49,8108,1.4668807001964383,1560288936,5,47500,49,8072,0.7514837064656789,1549802064,4,47217,49,8077,0.8161496877189881,1551897870,3,47243,49,8155
1.1841480581600334,1556099097,12,47415,49,8076,1.389152300004515,1566581244,9,47513,49,8101,0.7158920612396626,1549802587,4,47184,49,8126,1.8447667911220211,1547704499,4,47170,49,8130,1.3580481194299443,1558189434,3,47474,49,8076
1.1841480581600334,1556099097,12,47415,49,8076,1.389152300004515,1566581244,9,47513,49,8101,0.7158920612396626,1549802587,4,47184,49,8126,1.8447667911220211,1547704499,4,47170,49,8130,1.3580481194299443,1558189434,3,47474,49,8076
0.8658220760784379,1551902050,6,47280,49,8118,0.9222198913930377,1560290522,9,47315,49,8081,1.5448040894462416,1560288177,4,47537,49,8111,1.4461729659460703,1560287510,4,47501,49,8113,1.1414110591098245,1556092476,4,47382,49,8106
0.8658220760784379,1551902050,6,47280,49,8118,0.9222198913930377,1560290522,9,47315,49,8081,1.5448040894462416,1560288177,4,47537,49,8111,1.4461729659460703,1560287510,4,47501,49,8113,1.1414110591098245,1556092476,4,47382,49,8106
1.6463892405159357,1545613053,11,47099,49,8170,0.8564330067418523,1558193377,9,47288,49,8091,1.2971612223371483,1556094564,5,47429,49,8187,0.7035455903918011,1549801924,4,47198,49,8134,1.7898951141028463,1547703182,3,47142,49,0
1.6463892405159357,1545613053,11,47099,49,8170,0.8564330067418523,1558193377,9,47288,49,8091,1.2971612223371483,1556094564,5,47429,49,8187,0.7035455903918011,1549801924,4,47198,49,8134,1.7898951141028463,1547703182,3,47142,49,0
1.109998152666297,1556098854,11,47382,49,8118,1.1836331200379813,1556095576,8,47424,49,8062,0.7004913982510742,1549802605,4,47175,49,8115,1.2645177454351886,1558190157,4,47434,49,8068,1.1355965460703734,1556092255,3,47381,49,8132
1.109998152666297,1556098854,11,47382,49,8118,1.1836331200379813,1556095576,8,47424,49,8062,0.7004913982510742,1549802605,4,47175,49,8115,1.2645177454351886,1558190157,4,47434,49,8068,1.1355965460703734,1556092255,3,47381,49,8132
0,1551904200,11,47243,49,2,0.7436262824000249,1549804361,10,47242,49,8133,1.5878459883244596,1560289035,5,47555,49,8111,1.0400288781286677,1553996126,4,47331,49,8135,0.794629669335232,1549800429,3,47228,49,8100
0.7822886437091939,1551904200,11,47243,49,2,0.7436262824000249,1549804361,10,47242,49,8133,1.5878459883244596,1560289035,5,47555,49,8111,1.0400288781286677,1553996126,4,47331,49,8135,0.794629669335232,1549800429,3,47228,49,8100
1.3749804412903643,1560291795,9,47496,49,8133,1.3214285010789353,1564484773,9,47473,49,8047,0.779435315367533,1549803604,5,47209,49,8143,1.1978125701413171,1556093286,4,47408,49,8114,0.9651651612589728,1551897660,3,47300,49,8191
1.3749804412903643,1560291795,9,47496,49,8133,1.3214285010789353,1564484773,9,47473,49,8047,0.779435315367533,1549803604,5,47209,49,8143,1.1978125701413171,1556093286,4,47408,49,8114,0.9651651612589728,1551897660,3,47300,49,8191
0.9584341775111898,1554000458,9,47316,49,8136,1.2364655994552267,1564484492,9,47442,49,8102,1.4417898068171522,1558192290,5,47491,49,8145,1.7527681236801425,1547703969,4,47127,49,8132,1.4159813420899239,1560285755,3,47496,49,8165
0.9584341775111898,1554000458,9,47316,49,8136,1.2364655994552267,1564484492,9,47442,49,8102,1.4417898068171522,1558192290,5,47491,49,8145,1.7527681236801425,1547703969,4,47127,49,8132,1.4159813420899239,1560285755,3,47496,49,8165
1.3185770613127847,1558195950,11,47473,49,8125,0.8614314854072214,1551901610,9,47278,49,8044,0.7022257069095894,1547706257,5,47174,49,8172,0.9668976281541954,1551898934,4,47304,49,8133,1.5897796083233706,1545606652,4,47064,49,8143
1.3185770613127847,1558195950,11,47473,49,8125,0.8614314854072214,1551901610,9,47278,49,8044,0.7022257069095894,1547706257,5,47174,49,8172,0.9668976281541954,1551898934,4,47304,49,8133,1.5897796083233706,1545606652,4,47064,49,8143
0.9845437168058553,1554001131,10,47332,49,8075,1.0642980675340727,1562387437,10,47377,49,8133,1.4096612725305784,1558191314,4,47478,49,8151,1.2448324204052195,1556093326,4,47427,49,8175,1.5544905448056283,1543509050,3,47042,49,8079
0.9845437168058553,1554001131,10,47332,49,8075,0,1562387437,10,47377,49,8133,1.4096612725305784,1558191314,4,47478,49,8151,1.2448324204052195,1556093326,4,47427,49,8175,1.5544905448056283,1543509050,3,47042,49,8079
0.772089081743328,1551904069,11,47239,49,8108,1.3536573696751075,1564484395,9,47492,49,8061,0.9349772669401818,1551900748,5,47276,49,8102,0.7640291506886971,1549801892,4,47221,49,8156,0.8333868964541893,1551897737,3,47248,49,8133
0.772089081743328,1551904069,11,47239,49,8108,1.3536573696751075,1564484395,9,47492,49,8061,0.9349772669401818,1551900748,5,47276,49,8102,0.7640291506886971,1549801892,4,47221,49,8156,0.8333868964541893,1551897737,3,47248,49,8133
1.1038787891139787,1556098813,11,47378,49,8137,0.7160891449838908,1556096165,8,47223,49,8118,1.1453927563262618,1553997080,4,47365,49,8094,0.7986057913916527,1549801586,4,47234,49,8095,1.8275314425298987,1547703735,3,47157,49,8103
0.8727574814435192,1551903077,9,47284,49,8118,0.5865545514702993,1553998185,8,47173,49,8102,1.0092294204044818,1553996539,4,47308,49,8124,1.565708740058846,1562384590,4,47561,49,8123,1.0618555959229536,1553995378,3,47345,49,8141
0.8727574814435192,1551903077,9,47284,49,8118,0.5865545514702993,1553998185,8,47173,49,8102,1.0092294204044818,1553996539,4,47308,49,8124,1.565708740058846,1562384590,4,47561,49,8123,1.0618555959229536,1553995378,3,47345,49,8141
0.6695841313693344,1549807488,11,47196,49,8132,0.6792688628816368,1556096722,10,47200,49,8051,0.5808514652230047,1547706646,5,47124,49,8112,1.2079080076774422,1556093068,4,47421,49,8074,1.5673427158992008,1543508742,3,47045,49,8155
0.6695841313693344,1549807488,11,47196,49,8132,0.6792688628816368,1556096722,10,47200,49,8051,0.5808514652230047,1547706646,5,47124,49,8112,1.2079080076774422,1556093068,4,47421,49,8074,1.5673427158992008,1543508742,3,47045,49,8155
1.022996086496579,1554001838,12,47347,49,8103,1.0370657858655488,1553998580,9,47364,49,8120,0.8896917238615091,1551900218,4,47256,49,8161,1.3553936363282364,1558190359,4,47479,49,8103,1.3920132160575938,1558189520,4,47484,49,8176
1.022996086496579,1554001838,12,47347,49,8103,1.0370657858655488,1553998580,9,47364,49,8120,0.8896917238615091,1551900218,4,47256,49,8161,1.3553936363282364,1558190359,4,47479,49,8103,1.3920132160575938,1558189520,4,47484,49,8176
0.8616396431915386,1551901521,6,47281,49,8102,1.2878723812727584,1564484385,8,47465,49,8076,1.7444087991819064,1545608770,5,47108,49,8130,1.4327073459522819,1560286894,4,47505,49,8154,0.6718278299364763,1549800436,3,47177,49,8130
0.8616396431915386,1551901521,6,47281,49,8102,1.2878723812727584,1564484385,8,47465,49,8076,1.7444087991819064,1545608770,5,47108,49,8130,1.4327073459522819,1560286894,4,47505,49,8154,0.6718278299364763,1549800436,3,47177,49,8130
0.7658674782182052,1549807281,12,47236,49,8096,1.6237409480886411,1551902129,10,47092,49,8086,1.4502550498800344,1558191732,5,47496,49,8142,1.2402428997133277,1556093160,4,47424,49,8117,1.2544222927735997,1556092025,3,47425,49,8120
0.7658674782182052,1549807281,12,47236,49,8096,1.6237409480886411,1551902129,10,47092,49,8086,1.4502550498800344,1558191732,5,47496,49,8142,1.2402428997133277,1556093160,4,47424,49,8117,1.2544222927735997,1556092025,3,47425,49,8120
0.7059954790357327,1549804837,6,47215,49,8098,0.7788144957223969,1551899191,5,47254,49,8104,1.1984297423461496,1556094300,4,47389,49,8130,1.0632813425296646,1553996202,4,47351,49,8055,0.6619349697273704,1547703371,3,47170,49,8118
0.7059954790357327,1549804837,6,47215,49,8098,0.7788144957223969,1551899191,5,47254,49,8104,1.1984297423461496,1556094300,4,47389,49,8130,1.0632813425296646,1553996202,4,47351,49,8055,0.6619349697273704,1547703371,3,47170,49,8118
1.2249463118851942,1556097900,10,47431,49,8175,1.472380893111655,1566582256,10,47542,49,8102,1.623850244460837,1545608197,4,47058,49,8145,1.2746150673726977,1558189732,4,47439,49,8132,1.7141112738837259,1547703666,4,47118,49,8145
1.2249463118851942,1556097900,10,47431,49,8175,1.472380893111655,1566582256,10,47542,49,8102,1.623850244460837,1545608197,4,47058,49,8145,1.2746150673726977,1558189732,4,47439,49,8132,1.7141112738837259,1547703666,4,47118,49,8145
0.5514740552421558,1547709349,10,47146,49,8127,0.9781139443553024,1553998409,8,47332,49,8081,0.8878551767126285,1551901326,5,47258,49,8130,1.6220122192844844,1545607408,3,47065,49,8108,1.715133636846674,1545606455,3,47108,49,8122
0.5514740552421558,1547709349,10,47146,49,8127,0.9781139443553024,1553998409,8,47332,49,8081,0,1553998108,5,47344,49,8130,1.6220122192844844,1545607408,3,47065,49,8108,1.715133636846674,1545606455,3,47108,49,8122
1.3460138385093812,1558193254,6,47481,49,8079,1.3513114967423572,1558192927,10,47497,49,8114,1.654244812934915,1545609098,4,47072,49,8118,1.1043863061618366,1553996389,4,47364,49,8117,0.8052363258282061,1549800458,3,47237,49,8114
1.3460138385093812,1558193254,6,47481,49,8079,1.3513114967423572,1558192927,10,47497,49,8114,1.654244812934915,1545609098,4,47072,49,8118,1.1043863061618366,1553996389,4,47364,49,8117,0.8052363258282061,1549800458,3,47237,49,8114
1.0503306231874745,1554000924,10,47356,49,8139,1.5026709312798712,1560289605,9,47557,49,8053,1.2648282114747533,1556094938,4,47418,49,8182,1.8532320386699526,1547704705,4,47174,49,8173,0.6660133283516165,1549800167,3,47178,49,8135
1.0503306231874745,1554000924,10,47356,49,8139,1.5026709312798712,1560289605,9,47557,49,8053,1.2648282114747533,1556094938,4,47418,49,8182,1.8532320386699526,1547704705,4,47174,49,8173,0.6660133283516165,1549800167,3,47178,49,8135
1.3254102281555409,1558195409,11,47475,49,8171,1.3406026232732808,1564484731,9,47490,49,8070,1.6879031852402624,1545609410,5,47086,49,8110,0.797789752658539,1551898620,4,47234,49,8103,0.8131922394923085,1549800455,3,47240,49,8120
0,558195409,11,47475,,8171,1.3406026232732808,1564484731,9,47490,49,8070,1.6879031852402624,,,,,8110,1.228820217084989,1556093128,4,47416,49,8076,0.8131922394923085,1549800455,3,47240,49,8120
0.6062453582090475,1547710049,12,47166,49,8147,0.9155893453312854,1560289446,8,47313,49,8082,0.9333451893609147,1551900717,5,47276,49,8150,1.0639951435227373,1553996352,4,47352,49,8088,1.272884494908397,1556092231,4,47429,49,8118
0.6062453582090475,1547710049,12,47166,49,8147,0.9155893453312854,1560289446,8,47313,49,8082,0.9333451893609147,1551900717,5,47276,49,8150,1.0639951435227373,1553996352,4,47352,49,8088,1.272884494908397,1556092231,4,47429,49,8118
0.739756090739643,1549807581,12,47225,49,3,1.2585990572425305,1564484516,8,47454,49,8079,1.1656896460546113,1556094757,5,47374,49,8175,0.9625125778362098,1553995954,4,47299,49,8080,1.3967030823874533,1560285770,3,47495,49,8113
0.739756090739643,1549807581,12,47225,49,3,1.2585990572425305,1564484516,8,47454,49,8079,1.1656896460546113,1556094757,5,47374,49,8175,0.9625125778362098,1553995954,4,47299,49,8080,1.3967030823874533,1560285770,3,47495,49,8113
0.5930883455602165,1547709856,11,47159,49,8118,0.5986910547566755,1556095979,10,47180,49,8144,0.9717975599740443,1551900112,4,47291,49,8168,1.1398812316770126,1556093265,4,47376,49,8162,1.4372987466287734,1560286561,3,47505,49,8104
0.5930883455602165,1547709856,11,47159,49,8118,0.5986910547566755,155609579,10,47180,49,8144,0.9717975599740443,1551900112,4,47291,49,8168,1.1398812316770126,1556093265,4,47376,49,8162,1.4372987466287734,1560286561,3,47505,49,8104
1.5649972234909386,1562390346,11,47574,49,8117,1.1676190437813463,1562388121,10,47418,49,8104,0.7440426330465902,1549803869,5,47196,49,8132,0.9651633123560892,1551898765,4,47305,49,8108,1.587435112746673,1545606573,3,47057,49,8168
0.695286592202732,1549807019,11,47205,49,8172,0.7578038080866564,1549804641,10,47237,49,8052,1.2406556003437978,1556095026,5,47407,49,8165,1.2574801038000492,1558190188,4,47431,49,8107,1.112853405902526,1553994454,3,47366,49,8048
0.695286592202732,1549807019,11,47205,49,8172,0.7578038080866564,1549804641,10,47237,49,8052,1.2406556003437978,1556095026,5,47407,49,8165,1.2574801038000492,1558190188,4,47431,49,8107,1.112853405902526,1553994454,3,47366,49,8048
1.6586279821646175,1545612982,12,47104,49,8120,1.3438667841480139,1564484991,10,47483,49,8043,1.060838802577153,1553997583,4,47330,49,8135,14.316866919964044,1556092644,4,47411,49,8069,1.3758987712018085,1558189019,3,47475,49,8076
1.6586279821646175,1545612982,12,47104,49,8120,1.3438667841480139,1564484991,10,47483,49,8043,1.060838802577153,1553997583,4,47330,49,8135,1.2146426936541692,1556092644,4,47411,49,8069,1.3758987712018085,1558189019,3,47475,49,8076
0.976385191686425,1554001557,11,47321,49,8140,1.5080784027518597,1560290363,10,47553,49,8093,0.6650987174874949,1547706020,5,47162,49,8078,0.9141655050609944,1551899079,4,47285,49,8115,1.3906878556730153,1558189343,3,47482,49,8151
0.976385191686425,1554001557,11,47321,49,8140,1.5080784027518597,1560290363,10,47553,49,8093,0.6650987174874949,1547706020,5,47162,49,8078,0.9141655050609944,1551899079,4,47285,49,8115,1.3906878556730153,1558189343,3,47482,49,8151
1.243815610319264,1558195557,11,47433,49,8099,1.341214174543315,1558193449,10,47493,49,8086,1.134479390607797,1553997801,5,47360,49,8091,1.421691741953304,1560287302,3,47501,49,8103,0.9560864878563596,1553994831,3,47303,49,8094
1.243815610319264,1558195557,11,47433,49,8099,1.341214174543315,1558193449,10,47493,49,8086,1.134479390607797,1553997801,5,47360,49,8091,0,1560287302,3,47501,49,8103,0.9560864878563596,1553994831,3,47303,49,8094
1.1240734493578333,1556099134,12,47383,49,8113,1.6403647256521434,1545610084,10,47112,49,8129,1.3314311586151188,,,,,8180,1.5658109862285305,1562384192,4,47559,49,8163,1.4340345832535095,1560286543,3,4750,49,8143
1.1240734493578333,1556099134,12,47383,49,8113,1.6403647256521434,1545610084,10,47112,49,8129,1.3314311586151188,1558191753,5,47445,49,8180,1.5658109862285305,1562384192,4,47559,49,8163,1.4340345832535095,1560286543,3,47505,49,8143
0.8153354583107524,1551904450,11,47250,49,8173,1.0634820309355788,1562387597,10,47376,49,8088,1.5236911605192316,1560289455,5,47528,49,8146,1.7692915274726977,1547704716,4,47132,49,8112,0.6466347100298653,1547702899,3,47169,49,8138
0.8153354583107524,1551904450,11,47250,49,8173,1.0634820309355788,1562387597,10,47376,49,8088,1.5236911605192316,1560289455,5,47528,49,8146,1.7692915274726977,1547704716,4,47132,49,8112,0.6466347100298653,1547702899,3,47169,49,8138
1.062876071657225,1554001343,11,47359,49,8159,0.8184918421948204,1558193600,10,47258,49,8072,0.8371640683662719,1549802887,4,47235,49,8142,1.2800206310545137,1558190407,4,47441,49,8112,1.610383195546817,1545606070,3,47072,49,8060
1.062876071657225,1554001343,11,47359,49,8159,0.8184918421948204,1558193600,10,47258,49,8072,0.8371640683662719,1549802887,4,47235,49,8142,1.2800206310545137,1558190407,4,47441,49,8112,1.610383195546817,1545606070,3,47072,49,8060
0.7030380430219513,1549804718,6,47207,49,8131,1.4852311526561712,1560290352,9,47553,49,8118,0.6815198844307249,1547706366,5,47169,49,8087,0.8227802482278159,1551899033,4,47236,49,8122,0.9624121828031623,1551897720,3,47297,49,8143
0.9435428648058299,1554001483,12,47305,49,8125,1.2630863296976043,1564485032,9,47451,49,8041,1.190576059670853,1556094331,4,47386,49,8153,1.6827988024973732,1545607124,4,47100,49,8120,1.5481666957498912,1543508842,3,47042,49,8123
0.9435428648058299,1554001483,12,47305,49,8125,1.2630863296976043,1564485032,9,47451,49,8041,1.190576059670853,1556094331,4,47386,49,8153,1.6827988024973732,1545607124,4,47100,49,8120,1.5481666957498912,1543508842,3,47042,49,8123
1.137944255737531,1556099455,12,47391,49,8034,1.0582809515473826,1553997940,8,47363,49,8067,1.7325771590835681,1545609180,5,47104,49,8100,1.3805867673637118,1560287040,4,47487,49,8160,1.1037747300085956,1556092069,4,47367,49,8111
1.137944255737531,1556099455,12,47391,49,8034,1.0582809515473826,1553997940,8,47363,49,8067,1.7325771590835681,1545609180,5,47104,49,8100,1.3805867673637118,1560287040,4,47487,49,8160,1.1037747300085956,1556092069,4,47367,49,8111
0.9992305772087865,1554001699,11,47335,49,8133,0,1566581379,8,47552,49,8080,0.6715247879053436,1547706473,5,47163,49,8047,1.142022637317234,1556093085,4,47378,49,8116,0.6518376394808953,1547702663,3,47166,49,8111
0.9992305772087865,1554001699,11,47335,49,8133,1.4902296466037215,1566581379,8,47552,49,8080,0.6715247879053436,1547706473,5,47163,49,8047,1.142022637317234,1556093085,4,47378,49,8116,0.6518376394808953,1547702663,3,47166,49,8111
1.5392943510260944,1562389925,11,47560,49,8111,1.504609746407609,1568677743,9,47563,49,8070,1.455660611754422,1560288339,4,47499,49,8127,1.3944594607651697,1558189711,3,47487,49,8114,0.8003419345722798,1549800589,3,47230,49,8155
1.5574498426771637,1562390402,12,47566,49,8158,0,1551901408,10,47250,49,8130,1.666688021888316,1545608836,5,47078,49,8177,1.2937891910350587,1558190450,4,47450,49,8077,1.2657427334950606,1556091861,3,47435,49,8176
1.5574498426771637,1562390402,12,47566,49,8158,0.7736134050239967,1551901408,10,47250,49,8130,1.666688021888316,1545608836,5,47078,49,8177,1.2937891910350587,1558190450,4,47450,49,8077,1.2657427334950606,1556091861,3,47435,49,8176
0.8172723955144056,1551903997,11,47255,49,8118,0.7728996031702284,1558193222,10,47249,49,8090,1.3043011025684348,1556093897,4,47432,49,8112,1.602120590327982,1545607521,4,47067,49,8134,1.1212164118633228,1556092040,3,47372,49,8081
0.8172723955144056,1551903997,11,47255,49,8118,0.7728996031702284,1558193222,10,47249,49,8090,1.3043011025684348,1556093897,4,47432,49,8112,1.602120590327982,1545607521,4,47067,49,8134,1.1212164118633228,1556092040,3,47372,49,8081
1.686269225955888,1545611547,9,47111,49,8144,1.646077001384187,1551901748,9,47104,49,8075,1.2264780738909686,1556095197,5,47403,49,8132,1.200567412953239,1558189975,4,47404,49,8109,0.9648584455185535,1553994741,3,47305,49,8130
1.686269225955888,1545611547,9,47111,49,8144,1.646077001384187,1551901748,9,47104,49,8075,1.2264780738909686,1556095197,5,47403,49,8132,1.200567412953239,1558189975,4,47404,49,8109,0.9648584455185535,1553994741,3,47305,49,8130
1.2778810603860165,1558195999,11,47451,49,8142,1.1902618014868642,1562387152,9,47429,49,8121,1.1548785160507122,1556094497,5,47369,49,8109,0.886626507178964,1551899296,4,47274,49,8106,1.7647019895293234,1547703336,3,47134,49,12
1.2778810603860165,1558195999,11,47451,49,8142,1.1902618014868642,1562387152,9,47429,49,8121,1.1548785160507122,1556094497,5,47369,49,8109,0.886626507178964,1551899296,4,47274,49,8106,1.7647019895293234,1547703336,3,47134,49,12
0.9682248021080274,1554000949,10,47319,49,8158,0.8326693615579666,1558193913,10,47263,49,8109,1.1156101032119805,1553997942,5,47354,49,8137,1.7969309090996157,1547704176,4,47149,49,8098,1.0976553691949755,1553994414,3,47362,49,8122
0.9682248021080274,1554000949,10,47319,49,8158,0.8326693615579666,1558193913,10,47263,49,8109,1.1156101032119805,1553997942,5,47354,49,8137,1.7969309090996157,1547704176,4,47149,49,8098,1.0976553691949755,1553994414,3,47362,49,8122
1.5876399974184654,1562390274,11,47582,49,8161,1.479518861265664,1566582027,,47553,49,8060,0.8554217794001946,1551900067,5,47241,49,8131,1.2451372606373603,1556093279,4,47431,49,8120,1.1265197380580592,1556092461,4,47375,9,8170
1.556736044521565,1562390300,12,47565,49,8095,0.8597994099552158,1558193640,9,47277,49,8031,1.2720703301277025,1556094739,5,47420,49,8113,1.0771540198915401,1553996198,4,47350,49,8115,0.7417953129670743,1549800706,3,47211,49,8182
1.556736044521565,1562390300,12,47565,49,8095,0.8597994099552158,1558193640,9,47277,49,8031,1.2720703301277025,1556094739,5,47420,49,8113,1.0771540198915401,1553996198,4,47350,49,8115,0.7417953129670743,1549800706,3,47211,49,8182
1.3639648487622433,1558195999,12,47487,49,8120,1.7489908830198428,1553998222,8,47143,49,8040,1.6136506773441452,1562386348,5,47567,49,8126,0.9437455349280778,1551899061,4,47290,49,8122,1.5997765394812546,1545606615,3,47063,49,8131
0.5373987830950816,1547709450,10,47135,49,8137,0.5433100412944485,1553999036,9,47149,49,8096,1.1493707144460619,1553996918,4,47367,49,8142,1.2932817575406201,1558190384,4,47439,49,8062,0.9151878600467642,1551897642,3,47279,49,8165
0.5373987830950816,1547709450,10,47135,49,8137,0.5433100412944485,1553999036,9,47149,49,8096,1.1493707144460619,1553996918,4,47367,49,8142,1.2932817575406201,1558190384,4,47439,49,8062,0.9151878600467642,1551897642,3,47279,49,8165
1.586721723345844,1562390290,11,47583,49,8146,1.5502026213613347,1568679056,9,47581,49,8051,1.1914943353854914,1556095069,5,47386,49,8125,1.7273705325501383,1547704551,4,47119,49,8119,0.9896426215088293,1553995166,3,47317,49,8112
1.586721723345844,1562390290,11,47583,49,8146,1.5502026213613347,1568679056,9,47581,49,8051,1.1914943353854914,1556095069,5,47386,49,8125,1.7273705325501383,1547704551,4,47119,49,8119,0.9896426215088293,1553995166,3,47317,49,8112
1.5008419741116452,1560291801,10,47545,49,8130,1.4570805864188312,1560290521,9,47542,49,8115,1.2625845672892213,1556094274,4,47417,49,8183,1.8613924365046557,1549801622,4,47173,49,8054,1.2601326942821975,1558188834,3,47433,49,8157
1.5008419741116452,1560291801,10,47545,49,8130,1.4570805864188312,1560290521,9,47542,49,8115,1.2625845672892213,1556094274,4,47417,49,8183,0,1549801622,4,47173,49,8054,1.2601326942821975,1558188834,3,47433,49,8157
1.4165947457283936,1560293041,11,47509,49,8159,1.3890500598685296,1566581761,9,47505,49,8062,1.307360779071323,1558191733,5,47437,49,8091,0.8269608326510917,1551898960,4,47243,49,8101,1.7120721031910262,1547703062,3,47114,49,8113
1.4165947457283936,1560293041,11,47509,49,8159,1.3890500598685296,1566581761,9,47505,49,8062,1.307360779071323,1558191733,5,47437,49,8091,0.8269608326510917,1551898960,4,47243,49,8101,1.7120721031910262,1547703062,3,47114,49,8113
1.3757964893985006,1558195231,10,47493,49,8117,1.3342787735576214,1564484147,8,47490,49,8140,1.4079269434501247,1558191421,4,47483,49,8154,1.1420245060407657,1556093267,4,47370,49,8130,1.0866397671644816,1553994579,3,47358,49,8105
1.6916747854193377,1547709907,11,47116,49,8107,0.577171030758314,1547707723,9,47169,49,8081,1.7654194855173964,1547706584,5,47122,49,8097,1.8518044385262218,1547704677,4,47171,49,8142,0.9603711605322335,1551897206,3,47300,49,8142
1.3766125302239236,1558194958,10,47493,49,8090,0,1564483604,8,47435,49,8138,0,1545609689,5,47062,49,8166,1.731246254508436,1547704083,4,47121,49,8101,1.3346915564238317,1558189611,3,47462,49,8151
1.3766125302239236,1558194958,10,47493,49,8090,1.188934546868166,1564483604,8,47435,49,8138,1.621402471116967,1545609689,5,47062,49,8166,1.731246254508436,1547704083,4,47121,49,8101,1.3346915564238317,1558189611,3,47462,49,8151
0.7102801502544815,1549804830,6,47210,49,8120,1.3399891556709567,1558192617,9,47498,49,8098,1.2743139664397094,1556094907,5,47425,49,3,1.345807526785831,1558190787,4,47468,49,8144,1.4216917303992125,1560286178,3,47505,49,8088
0.7102801502544815,1549804830,6,47210,49,8120,1.3399891556709567,1558192617,9,47498,49,8098,1.2743139664397094,1556094907,5,47425,49,3,1.345807526785831,1558190787,4,47468,49,8144,1.4216917303992125,1560286178,3,47505,49,8088
0.7641331723547877,1549807114,11,47234,49,8152,1.3450898901545965,1558193083,9,47496,49,8038,1.4440334395870258,1560288992,5,47497,49,8112,1.7197213250415666,1547703939,4,47114,49,8094,1.2577886930253273,1556092256,3,47424,49,8113
0.7641331723547877,1549807114,11,47234,49,8152,1.3450898901545965,1558193083,9,47496,49,8038,1.4440334395870258,1560288992,5,47497,49,8112,1.7197213250415666,1547703939,4,47114,49,8094,1.2577886930253273,1556092256,3,47424,49,8113
0,1554001418,11,47350,49,8134,0.6644797784347849,1556096375,10,47201,49,18,0.7198700104572965,1549803355,5,47189,49,8118,1.4213869131529997,1558189916,4,47495,49,8163,1.3962979011797982,1558189716,4,47482,49,8150
1.0338072195505852,1554001418,11,47350,49,8134,0,1568679357,9,47577,49,8115,0.7198700104572965,1549803355,5,47189,49,8118,1.4213869131529997,1558189916,4,47495,49,8163,1.3962979011797982,1558189716,4,47482,49,8150
1.521954896144501,1560292643,11,47556,49,8151,1.6537262088294802,1545610433,10,47108,49,8090,1.4127209459027819,1558191300,4,47484,49,8116,0.7506676736997242,1551898478,4,47215,49,8068,1.4023150209028463,1558188863,3,47487,49,8138
1.521954896144501,1560292643,11,47556,49,8151,1.6537262088294802,1545610433,10,47108,49,8090,1.4127209459027819,1558191300,4,47484,49,8116,0.7506676736997242,1551898478,4,47215,49,8068,1.4023150209028463,1558188863,3,47487,49,8138
1.3060316243412684,1558193153,6,47465,49,8126,1.6365912464948085,1545610383,10,47108,49,8092,1.501048383413786,1560289274,5,47522,49,8091,1.055122816686758,1553996345,4,47342,49,8137,1.1024493690349841,1553995029,3,47363,49,8097
1.3060316243412684,1558193153,6,47465,49,8126,1.6365912464948085,1545610383,10,47108,49,8092,1.501048383413786,1560289274,5,47522,49,8091,1.055122816686758,1553996345,4,47342,49,8137,1.1024493690349841,1553995029,3,47363,49,8097
1.4298539896421456,1560293470,11,47515,49,8111,1.672391011492527,1553998720,10,47117,49,8045,1.0071902399885926,1553997660,5,47308,49,8117,1.5673408255196846,1545606990,4,47048,49,8071,1.113873924562874,1553994699,3,47363,49,8142
1.4298539896421456,1560293470,11,47515,49,8111,1.672391011492527,1553998720,10,47117,49,8045,1.0071902399885926,1553997660,5,47308,49,8117,1.5673408255196846,1545606990,4,47048,49,8071,1.113873924562874,1553994699,3,47363,49,8142
1.5679546774534021,1562389828,11,47575,49,8162,1.6615798886635795,1553998397,9,47119,49,8059,1.3150099759286449,1558191867,4,47446,49,8155,1.194957369190051,1556093386,4,47404,49,8183,1.1017355677660738,1553995226,3,47362,49,8142
0.7956501373038413,1551904047,11,47243,49,8117,1.4818647450742628,1560290341,10,47553,49,8108,1.7239074229323905,1545609312,5,47109,49,8052,1.581825079646352,1545606636,3,47051,49,8140,1.34203592078341,1558188703,3,47462,49,8128
0.7956501373038413,1551904047,11,47243,49,8117,1.4818647450742628,1560290341,10,47553,49,8108,1.7239074229323905,1545609312,5,47109,49,8052,1.581825079646352,1545606636,3,47051,49,8140,1.34203592078341,1558188703,3,47462,49,8128
1.0393150257794612,1554001355,11,47350,49,8111,1.634856929793507,1545610311,10,47109,49,8076,1.3085838938612917,1558191961,5,47445,49,8102,1.0874539481752672,1553996122,4,47362,49,8113,1.5797840122218774,1545606043,3,47059,49,8151
1.0393150257794612,1554001355,11,47350,49,8111,1.634856929793507,1545610311,10,47109,49,8076,1.3085838938612917,1558191961,5,47445,49,8102,1.0874539481752672,1553996122,4,47362,49,8113,0,,,,,
1.2981779465073344,1558196085,11,47460,49,8173,0.5939992945762285,1547707126,10,47178,49,8103,0.5672855054670017,1547705892,4,47129,49,8130,1.6965673729580777,1545607059,4,47110,49,8085,0.7147674872238151,1549800759,3,47196,49,8118
1.3066431876571707,1558193483,6,47465,49,8149,1.5372482413439594,1568679036,10,47570,49,8110,0.8317584866680706,1549803137,5,47240,49,8118,1.2593166650004455,1556093128,4,47429,49,8113,0.6784565356655098,1549800484,3,47184,49,8154
1.3066431876571707,1558193483,6,47465,49,8149,1.5372482413439594,1568679036,10,47570,49,8110,0.8317584866680706,1549803137,5,47240,49,8118,1.2593166650004455,1556093128,4,47429,49,8113,0.6784565356655098,1549800484,3,47184,49,8154
0.6517353701579804,1549807342,12,47182,49,8143,1.4673824001858293,1566582276,10,47543,49,8110,1.7465501940789683,1547706222,5,47119,49,8151,1.8461943971066117,1547704500,4,47171,49,8126,1.1547725448739794,1556092638,3,47386,49,8168
0.6517353701579804,1549807342,12,47182,49,8143,1.4673824001858293,1566582276,10,47543,49,8110,1.7465501940789683,1547706222,5,47119,49,8151,1.8461943971066117,1547704500,4,47171,49,8126,1.1547725448739794,1556092638,3,47386,49,8168
0,1558195691,11,47458,49,8057,1.0338016326010153,1553998821,9,47362,49,8037,1.4251641429011657,1558191673,5,47494,49,8100,1.6362882837794037,1545607488,4,47085,49,8153,0.820534744148787,1551898025,3,47247,49,8118
1.2885899415366797,1558195691,11,47458,49,8057,1.0338016326010153,1553998821,9,47362,49,8037,1.4251641429011657,1558191673,5,47494,49,8100,1.6362882837794037,1545607488,4,47085,49,8153,0.820534744148787,1551898025,3,47247,49,8118
0,1549806463,11,47172,49,8079,1.3601837834005015,1566581332,9,47502,49,8072,0.8887734345323802,1551900213,4,47265,49,8135,1.13712826550531,1556093215,4,47371,49,8157,1.3737554873478506,1558189324,3,47479,49,8139
0.6241963709379356,1549806463,11,47172,49,8079,1.3601837834005015,1566581332,9,47502,49,8072,0.8887734345323802,1551900213,4,47265,49,8135,1.13712826550531,1556093215,4,47371,49,8157,1.3737554873478506,1558189324,3,47479,49,8139
1.6609738679361217,1545613106,12,47103,49,8103,0.6429579047910741,1556096367,10,47198,49,8175,0.9967861968924719,1553996600,4,47310,49,8100,0.9458850809066583,1553996027,4,47302,49,8102,0.6562227029183937,1547703565,3,47170,49,8126
1.6609738679361217,1545613106,12,47103,49,8103,0.6429579047910741,1556096367,10,47198,49,8175,0.9967861968924719,1553996600,4,47310,49,8100,0.9458850809066583,1553996027,4,47302,49,8102,0.6562227029183937,1547703565,3,47170,49,8126
0.6125692010734933,1547710055,11,47166,49,8110,1.6654555946066645,1553998396,9,47117,49,8025,1.4252663836725625,1558191842,5,47493,49,8176,1.2457507010748168,1556093315,4,47426,49,8153,1.5630580237318887,1545605527,3,47047,49,8107
0.6125692010734933,1547710055,11,47166,49,8110,1.6654555946066645,1553998396,9,47117,49,8025,1.4252663836725625,1558191842,5,47493,49,8176,1.2457507010748168,1556093315,4,47426,49,8153,1.5630580237318887,1545605527,3,47047,49,8107
1.1022467210301048,1556099183,12,47373,49,8082,0.7860565971090729,1558193461,9,47259,49,8099,0.9746527541424437,1551900242,5,47304,49,8129,0.7226193395294481,1549801817,4,47203,49,8066,0.6466347126151728,1547703533,3,47168,49,8078
1.1022467210301048,1556099183,12,47373,49,8082,0.7860565971090729,1558193461,9,47259,49,8099,0.9746527541424437,1551900242,5,47304,49,8129,0.7226193395294481,1549801817,4,47203,49,8066,0.6466347126151728,1547703533,3,47168,49,8078
0.9449704692087691,1554001640,12,47307,49,8128,1.442291500780987,1560290565,9,47529,49,8038,1.2750277574253703,1556094664,5,47431,49,8138,1.8431328483020304,1549801586,4,47177,49,8093,1.5266467016316643,1560286636,3,47540,49,8078
0.9449704692087691,1554001640,12,47307,49,8128,1.442291500780987,1560290565,9,47529,49,8038,1.2750277574253703,1556094664,5,47431,49,8138,1.8431328483020304,1549801586,4,47177,49,8093,1.5266467016316643,1560286636,3,47540,49,8078
0.5616736286750341,1547709304,10,47145,49,8110,1.532047138001989,1568678253,8,47569,49,8043,1.60569509833713,1545608932,4,47061,49,8180,1.8504790701586808,1547704332,4,47169,49,8068,1.143654708817683,1556092123,3,47381,49,8168
0.5616736286750341,1547709304,10,47145,49,8110,1.532047138001989,1568678253,8,47569,49,8043,1.60569509833713,1545608932,4,47061,49,8180,1.8504790701586808,1547704332,4,47169,49,8068,1.143654708817683,1556092123,3,47381,49,8168
1.0724640717493488,1554001603,12,47361,49,8107,0.887234290661488,1551901441,10,47307,49,8111,1.3423445058527292,1558192185,5,47459,49,8129,1.5072643080987331,1560287614,4,47542,49,8178,1.6976901159331632,1547702883,3,47109,49,8119
1.562753159029951,1562390018,11,47570,49,8124,1.5099130472864781,1560289069,8,47562,49,8083,1.080931199697778,1553997278,4,47350,49,8111,1.2165796140548455,1556093275,4,47416,49,8050,1.2394287335939778,1556092561,3,47418,49,8132
1.562753159029951,1562390018,11,47570,49,8124,0,1560289069,8,47562,49,8083,1.080931199697778,1553997278,4,47350,49,8111,1.2165796140548455,1556093275,4,47416,49,8050,1.2394287335939778,1556092561,3,47418,49,8132
0.8883626199487332,1551904079,10,47286,49,8168,0.9472085305195984,1560290629,9,47319,49,8102,0.8372662853425692,1551900648,5,47243,49,8130,0.8616378577482714,1551898995,4,47264,49,8184,0.8024833526534025,1549800831,3,47230,49,8118
0.8883626199487332,1551904079,10,47286,49,8168,0.9472085305195984,1560290629,9,47319,49,8102,0.8372662853425692,1551900648,5,47243,49,8130,0.8616378577482714,1551898995,4,47264,49,8184,0.8024833526534025,1549800831,3,47230,49,8118
1.401703424665537,1560292831,11,47501,49,8081,1.5389825416963197,1562387026,9,47573,49,8051,0.5987002263646963,1547705642,4,47142,49,8126,1.8109039515923455,1547704927,4,47157,49,8078,1.5617307710943567,1545606384,3,47050,49,8093
1.401703424665537,1560292831,11,47501,49,8081,1.5389825416963197,1562387026,9,47573,49,8051,0.5987002263646963,1547705642,4,47142,49,8126,1.8109039515923455,1547704927,4,47157,49,8078,1.5617307710943567,1545606384,3,47050,49,8093
0.9284470666053886,1551903369,10,47301,49,8147,0.6367363029742646,1549803969,9,47187,49,8046,1.5301172283039033,1560289698,5,47538,49,8132,1.5320503707507016,1560287721,4,47547,49,8081,1.3814065804017703,1558189688,3,47474,49,8179
0.9284470666053886,1551903369,10,47301,49,8147,0.6367363029742646,1549803969,9,47187,49,8046,1.5301172283039033,1560289698,5,47538,49,8132,1.5320503707507016,1560287721,4,47547,49,8081,1.3814065804017703,1558189688,3,47474,49,8179
1.435666626412012,1560293313,12,47520,49,8086,1.2097426307979633,1564484317,9,47441,49,8088,1.6581205182216792,1545608667,4,47083,49,8168,1.2718621083460786,1558190399,4,47434,49,8102,1.1074478504796463,1553995229,3,47360,49,8078
1.435666626412012,1560293313,12,47520,49,8086,1.2097426307979633,1564484317,9,47441,49,8088,1.6581205182216792,1545608667,4,47083,49,8168,1.2718621083460786,1558190399,4,47434,49,8102,1.1074478504796463,1553995229,3,47360,49,8078
0.8253305487960473,1551904825,12,47256,49,8117,0.6875296286278278,1549804648,9,47217,49,8071,1.422002219299616,1558191702,4,47494,49,8140,1.0558366152468388,1553996315,4,47344,49,8078,0.9722028059980776,1551897493,3,47302,49,8121
0.8253305487960473,1551904825,12,47256,49,8117,0.6875296286278278,1549804648,9,47217,49,8071,1.422002219299616,1558191702,4,47494,49,8140,1.0558366152468388,1553996315,4,47344,49,8078,0.9722028059980776,1551897493,3,47302,49,8121
1.1224413694999125,1556099156,11,47383,49,8122,0.8897846490025234,1558191854,8,47306,49,8065,0.9466044145710999,1551900935,5,47293,49,8123,1.0389042595194498,1553995818,4,47342,49,8110,1.7315529560505127,1547702836,3,47121,49,8081
0.7885102593070642,1551904167,11,47241,49,8103,1.3228541898204424,1558193222,10,47492,49,8090,1.1241775681969646,1553996764,4,47368,49,8129,0.9611853446204214,1553996052,4,47307,49,8097,0.7112988700307282,1549800570,3,47196,49,0
0.7885102593070642,1551904167,11,47241,49,8103,1.3228541898204424,1558193222,10,47492,49,8090,1.1241775681969646,1553996764,4,47368,49,8129,0.9611853446204214,1553996052,4,47307,49,8097,0.7112988700307282,1549800570,3,47196,49,0
0,1547710669,12,47137,49,8123,1.4026160241343295,1566582083,9,47518,49,8081,1.2287216955240945,1556094858,5,47415,49,8137,1.331016540009837,1558190084,4,47473,49,8100,1.3510104854549752,1558189562,3,47468,49,8123
0.5412745066035274,1547710669,12,47137,49,8123,1.4026160241343295,1566582083,9,47518,49,8081,1.2287216955240945,1556094858,5,47415,49,8137,1.331016540009837,1558190084,4,47473,49,8100,1.3510104854549752,1558189562,3,47468,49,8123
0,1558194746,10,47494,49,8175,1.0675622213412022,1562387498,10,47379,49,8090,1.1083679652302811,1553997636,5,47363,49,8134,1.4241398560554723,1560287558,4,47504,49,8096,1.5493898136917814,1545606147,3,47043,49,8190
1.3803860140856659,1558194746,10,47494,49,8175,1.0675622213412022,1562387498,10,47379,49,8090,1.1083679652302811,1553997636,5,47363,49,8134,1.4241398560554723,1560287558,4,47504,49,8096,1.5493898136917814,1545606147,3,47043,49,8190
0.7091574114340091,1549807328,12,47211,49,8012,1.3867041725889153,1566582153,10,47506,49,8062,0.6613252046950139,1547706605,5,47170,49,8115,1.066341014843661,1553996152,4,47356,49,8076,1.46106239184253,1560286989,3,47517,49,8100
0.7091574114340091,1549807328,12,47211,49,8012,1.3867041725889153,1566582153,10,47506,49,8062,0.6613252046950139,1547706605,5,47170,49,8115,1.066341014843661,1553996152,4,47356,49,8076,1.46106239184253,1560286989,3,47517,49,8100
1.6137495457059439,1545611584,9,47086,49,8137,1.0689898205969433,1562387666,10,47381,49,8121,1.7357390575184133,1547705632,5,47116,49,8102,1.135801024333478,1556093067,4,47379,49,7999,0.6477574563831775,1547703483,3,47163,49,8118
1.6137495457059439,1545611584,9,47086,49,8137,1.0689898205969433,1562387666,10,47381,49,8121,1.7357390575184133,1547705632,5,47116,49,8102,1.135801024333478,1556093067,4,47379,49,7999,0.6477574563831775,1547703483,3,47163,49,8118
0,1562390396,11,47582,49,8070,1.3489656020738687,1558193156,9,47492,49,8077,0.7206860348469911,1549803497,5,47196,49,8137,1.691366273903951,1545607167,4,47108,49,8103,1.4246510683026092,1560286165,3,47498,49,8125
1.5851918813199102,1562390396,11,47582,49,8070,1.3489656020738687,1558193156,9,47492,49,8077,0.7206860348469911,1549803497,5,47196,49,8137,1.691366273903951,1545607167,4,47108,49,8103,1.4246510683026092,1560286165,3,47498,49,8125
1.0999008402137602,1556098618,11,47372,49,8123,0.5913485439232637,1547707692,9,47167,49,8094,1.556328987657871,1560289428,5,47555,49,8110,1.4051683273433853,1560287518,4,47498,49,8144,1.5444954689444286,1543508813,3,47035,49,8118
1.0999008402137602,1556098618,11,47372,49,8123,0.5913485439232637,1547707692,9,47167,49,8094,1.556328987657871,1560289428,5,47555,49,8110,1.4051683273433853,1560287518,4,47498,49,8144,1.5444954689444286,1543508813,3,47035,49,8118
1.5991649302155684,1562389320,9,47589,49,8130,1.051650382233812,1553999016,10,47366,49,8064,1.2070994433596764,1556095040,5,47403,49,8130,1.2054636424411855,1558189904,4,47408,49,8055,1.7143157528764608,1547703451,4,47114,49,8122
0.9707751579252385,1554001931,12,47318,49,8025,1.474929338417342,1566582062,9,47544,49,8071,0.7995277160039406,1549803418,5,47231,49,8186,1.0094320410709685,1553995894,4,47314,49,8163,0.6638700856095151,1549800463,3,47181,49,8090
1.6312934573403934,1562389378,10,47602,49,8158,1.0389004600555312,1562387406,10,47371,49,8085,1.643331424451169,1545609181,5,47078,49,8121,0.8401178305425984,1551899042,4,47254,49,8062,0.9655722555616194,1553994949,4,47303,49,8141
1.6312934573403934,1562389378,10,47602,49,8158,1.0389004600555312,1562387406,10,47371,49,8085,1.643331424451169,1545609181,5,47078,49,8121,0.8401178305425984,1551899042,4,47254,49,8062,0.9655722555616194,1553994949,4,47303,49,8141
1.6287431046912484,1545613024,12,47091,49,8109,1.2634952917666211,1564484719,9,47457,49,8078,0.7777009831550207,1549803741,5,47221,49,8166,1.1601781177053474,1556092934,4,47385,49,8049,1.7779612396509368,1547703805,4,47138,49,8082
1.6287431046912484,1545613024,12,47091,49,8109,1.2634952917666211,1564484719,9,47457,49,8078,0.7777009831550207,1549803741,5,47221,49,8166,1.1601781177053474,1556092934,4,47385,49,8049,1.7779612396509368,1547703805,4,47138,49,8082
1.4778924790954144,1560290415,6,47538,49,8107,0.7047668326205521,1549804288,8,47223,49,8120,1.1437606559323195,1556094842,5,47376,49,8144,1.4916591862332491,1560287953,4,47535,49,8159,1.3742648065530694,1558189442,3,47481,49,8140
1.4778924790954144,1560290415,6,47538,49,8107,0.7047668326205521,1549804288,8,47223,49,8120,1.1437606559323195,1556094842,5,47376,49,8144,1.4916591862332491,1560287953,4,47535,49,8159,1.3742648065530694,1558189442,3,47481,49,8140
0.9992305772087865,1554001704,11,47335,49,8138,0.8994748900433944,1560289994,10,47306,49,8072,0.8596023472857395,1551900332,4,47258,49,8117,0.8087012663056334,1551899093,4,47247,49,8061,0.6918180182410487,1549800674,3,47188,49,8113
0.9992305772087865,1554001704,11,47335,49,8138,0.8994748900433944,1560289994,10,47306,49,8072,0.8596023472857395,1551900332,4,47258,49,8117,0.8087012663056334,1551899093,4,47247,49,8061,0.6918180182410487,1549800674,3,47188,49,8113
0.5071067988564055,1547710064,11,47120,49,8129,1.0846971859046286,1562387686,9,47386,49,8127,0.535973009050005,1547706241,5,47119,49,8137,0.8213507941775293,1551899081,4,47243,49,8082,1.2286176070733228,1556092125,3,47413,49,8099
1.6208894237321017,1562387604,6,47600,49,8117,0.6814102670281833,1549804753,9,47212,49,8122,0.5532102135311544,1547705832,4,47126,49,8139,1.3396881640939688,1558190454,4,47465,49,8107,0.9870922684884866,1553994952,3,47317,49,8114
1.4982916073026988,1560292936,11,47546,49,8128,1.491859806437136,1560290557,10,47554,49,8066,1.7404308195660345,1547706345,5,47118,49,8102,1.8263045995263512,1547704566,4,47166,49,8143,0.838587988841681,1551897884,3,47253,49,8105
1.4982916073026988,1560292936,11,47546,49,8128,1.491859806437136,1560290557,10,47554,49,8066,1.7404308195660345,1547706345,5,47118,49,8102,1.8263045995263512,1547704566,4,47166,49,8143,0.838587988841681,1551897884,3,47253,49,8105
1.1107119655777777,1556098992,11,47378,49,8124,0.7035437079991638,1549804904,9,47217,49,8120,1.5025782096490279,1560289638,5,47530,49,8150,0.8394021847217535,,,,,,0.6491850631743583,1547703656,3,47166,49,8115
1.1107119655777777,1556098992,11,47378,49,8124,0.7035437079991638,1549804904,9,47217,49,8120,1.5025782096490279,1560289638,5,47530,49,8150,0.8394021847217535,1551898968,4,47258,49,8100,0.6491850631743583,1547703656,3,47166,49,8115
0.7021197693679847,1549807474,12,47208,49,8098,1.056239909282384,1560290095,9,47367,49,8096,1.2202564506617115,1556095662,5,47410,49,8124,1.088372226951343,1556092950,4,47361,49,8127,1.4187342961180436,1560286499,3,47501,49,8142
0.7021197693679847,1549807474,12,47208,49,8098,1.056239909282384,1560290095,9,47367,49,8096,1.2202564506617115,1556095662,5,47410,49,8124,1.088372226951343,1556092950,4,47361,49,8127,1.4187342961180436,1560286499,3,47501,49,8142
1.257074854908832,1558195966,11,47439,49,8129,1.026968468556453,1560289897,8,47358,49,8102,0.6755027239702385,1547706331,5,47175,49,8145,0.9739334084464256,1553996206,4,47315,49,8073,0.8041135828629136,1551897491,3,47239,49,8108
1.257074854908832,1558195966,11,47439,49,8129,1.026968468556453,1560289897,8,47358,49,8102,0.6755027239702385,1547706331,5,47175,49,8145,0.9739334084464256,1553996206,4,47315,49,8073,0.8041135828629136,1551897491,3,47239,49,8108
1.1814954597461638,1556098940,12,47416,49,8079,0.7613728164655665,1549804164,10,47242,49,8073,0.6763187638783646,1547706092,5,47174,49,8169,1.7321645274490947,1547704634,4,47121,49,8109,1.0157521608393831,1553995193,3,47332,49,8083
1.1814954597461638,1556098940,12,47416,49,8079,0.7613728164655665,1549804164,10,47242,49,8073,0.6763187638783646,1547706092,5,47174,49,8169,1.7321645274490947,1547704634,4,47121,49,8109,1.0157521608393831,1553995193,3,47332,49,8083
1.2605416038329103,1558196033,11,47449,49,8069,1.7198198033946928,1553999314,9,47133,49,8068,0.6746866878228109,1547705872,5,47174,49,8144,1.3177591956064216,1558189667,3,47457,49,8125,1.2403451313800393,1558188532,3,47426,49,8057
1.2605416038329103,1558196033,11,47449,49,8069,1.7198198033946928,1553999314,9,47133,49,8068,0.6746866878228109,1547705872,5,47174,49,8144,1.3177591956064216,1558189667,3,47457,49,8125,1.2403451313800393,1558188532,3,47426,49,8057
1.1019399945880286,1556098838,11,47380,49,8091,1.3589606877296918,1566581824,10,47503,49,8127,1.6528171850757702,1545609365,5,47080,49,8123,1.8456832026692966,1549801490,4,47177,49,8084,1.2684975871990023,1556092192,3,47427,49,8102
1.1019399945880286,1556098838,11,47380,49,8091,1.3589606877296918,1566581824,10,47503,49,8127,1.6528171850757702,1545609365,5,47080,49,8123,1.8456832026692966,1549801490,4,47177,49,8084,1.2684975871990023,1556092192,3,47427,49,8102
1.2818590123145794,1558196113,11,47456,49,8118,1.1286573583235566,1556096429,10,47401,49,8172,0.9333451695721434,1551900442,4,47286,49,8176,1.5528565624068067,1545607529,4,47048,49,8111,1.6207872409780646,1545606428,3,47069,49,8149
1.2818590123145794,1558196113,11,47456,49,8118,1.1286573583235566,1556096429,10,47401,49,8172,0.9333451695721434,1551900442,4,47286,49,8176,1.5528565624068067,1545607529,4,47048,49,8111,1.6207872409780646,1545606428,3,47069,49,8149
1.6365967753515254,1545613282,12,47098,49,8045,0.572683744791782,1553999260,9,47156,49,8079,0.963127819660521,1551900019,4,47298,49,8114,1.3738558456749623,1558190529,4,47483,49,8106,0.9655722608279866,1551897907,3,47301,49,8093
1.6365967753515254,1545613282,12,47098,49,8045,0.572683744791782,1553999260,9,47156,49,8079,0.963127819660521,1551900019,4,47298,49,8114,1.3738558456749623,1558190529,4,47483,49,8106,0.9655722608279866,1551897907,3,47301,49,8093
0.9914791233171792,1554001420,11,47335,49,8112,0.8103314491842479,1551902016,10,47258,49,8064,1.7496098742563915,1547705365,4,47123,49,8111,0.8849944229413832,1551898989,4,47276,49,8096,0.6479619275404115,1547703690,3,47159,49,8167
0.9914791233171792,1554001420,11,47335,49,8112,0.8103314491842479,1551902016,10,47258,49,8064,1.7496098742563915,1547705365,4,47123,49,8111,0.8849944229413832,1551898989,4,47276,49,8096,0.6479619275404115,1547703690,3,47159,49,8167
0.9064158534812825,1551903768,10,47297,49,8178,1.212700078389578,1564483999,8,47441,49,8129,1.6026350530499411,1562386205,5,47572,49,8118,1.0064708825915512,1553996344,4,47325,49,8117,0.8102348034150337,1549800728,3,47232,49,8150
0.5007829519877205,1547710469,12,47122,49,8130,1.2361588908459062,1564483691,8,47440,49,8109,1.217094531746465,1556094057,4,47408,49,8143,1.3632492083498777,1558190245,4,47475,49,8088,0.6710099675384251,1549800501,3,47181,49,8143
0.5007829519877205,1547710469,12,47122,49,8130,1.2361588908459062,1564483691,8,47440,49,8109,1.217094531746465,1556094057,4,47408,49,8143,1.3632492083498777,1558190245,4,47475,49,8088,0.6710099675384251,1549800501,3,47181,49,8143
0.8233917522252789,1551902001,6,47263,49,8107,1.0339038799073192,1560290450,10,47351,49,8085,1.3868140025301618,1558191522,4,47480,49,8136,0.6673387105294629,1549801091,3,47178,49,8102,1.3531518893556973,1558189480,3,47469,49,8134
0.5171018843951928,1547710115,11,47130,49,8096,1.072865562547351,1560289831,9,47369,49,8088,1.0513530218309397,1553998129,5,47337,49,8169,1.0742950673766871,1556093314,4,47364,49,8134,1.3480530512559874,1558189638,3,47463,49,8120
1.1036743184049733,1556098789,11,47377,49,8107,1.323772496765448,1558193554,10,47485,49,8109,1.5140008885474339,1560289057,5,47538,49,8112,1.516954556975837,1560287328,4,47544,49,8145,1.4816660088255251,1560286647,3,47521,49,8118
0,1560292532,11,47544,49,8143,1.0437967201760465,1553998908,10,47366,49,8161,0.5641235806654284,1547706466,5,47131,49,8153,1.6826965602522959,1545607755,4,47103,49,8118,1.1027542266265298,1553994471,3,47364,49,8138
1.4880920380631344,1560292532,11,47544,49,8143,1.0437967201760465,1553998908,10,47366,49,8161,0.5641235806654284,1547706466,5,47131,49,8153,1.6826965602522959,1545607755,4,47103,49,8118,1.1027542266265298,1553994471,3,47364,49,8138
0,1549807050,12,47176,49,8105,0.6712107248590381,1556096414,10,47203,49,8111,0.8230887605994076,1551900311,5,47240,49,8144,1.8323217214333989,1547704654,4,47172,49,8102,0.6980396298960742,1549800704,3,47188,49,8129
0.631336242433633,1549807050,12,47176,49,8105,0.6712107248590381,1556096414,10,47203,49,8111,0.8230887605994076,1551900311,5,47240,49,8144,1.8323217214333989,1547704654,4,47172,49,8102,0.6980396298960742,1549800704,3,47188,49,8129
0.7058932515446739,1549806454,10,47213,49,8144,0.9770934332338176,1553995887,4,47324,49,8096,0.8183969985996689,1549803081,5,47238,49,8181,1.566931845389829,1545607029,4,47054,49,8077,1.1905723267723543,1556091735,3,47399,49,8123
0.7058932515446739,1549806454,10,47213,49,8144,0.9770934332338176,1553995887,4,47324,49,8096,0.8183969985996689,1549803081,5,47238,49,8181,1.566931845389829,1545607029,4,47054,49,8077,1.1905723267723543,1556091735,3,47399,49,8123
1.6633197436217695,1545612674,11,47106,49,8172,0.8281802242944162,1558193627,10,47264,49,8079,0.5720794936133884,1547706355,5,47133,49,8138,0.9831143147676712,1553996074,4,47314,49,8119,1.349378409722008,1558189441,3,47466,49,8158
1.6633197436217695,1545612674,11,47106,49,8172,0.8281802242944162,1558193627,10,47264,49,8079,0.5720794936133884,1547706355,5,47133,49,8138,0.9831143147676712,1553996074,4,47314,49,8119,1.349378409722008,1558189441,3,47466,49,8158
0.7924882129147528,1551904616,12,47244,49,8110,1.7032964141920623,1553997752,9,47124,49,8054,0.8957088360171238,1551900731,5,47272,49,8090,1.0969397061058686,1553995851,4,47366,49,8090,1.1005124510890079,1553995054,3,47354,49,8058
0.7924882129147528,1551904616,12,47244,49,8110,1.7032964141920623,1553997752,9,47124,49,8054,0.8957088360171238,1551900731,5,47272,49,8090,1.0969397061058686,1553995851,4,47366,49,8090,1.1005124510890079,1553995054,3,47354,49,8058
0.8094187093365063,1551904516,11,47254,49,8132,1.2542121334826206,1564484785,10,47455,49,8141,0.9814859196902115,1553997392,5,47311,49,8185,0.9213053807965439,1551898571,3,47288,49,8084,1.7143176077493965,1545606353,3,47104,49,8068
0.8094187093365063,1551904516,11,47254,49,8132,1.2542121334826206,1564484785,10,47455,49,8141,0.9814859196902115,1553997392,5,47311,49,8185,0.9213053807965439,1551898571,3,47288,49,8084,1.7143176077493965,1545606353,3,47104,49,8068
1.1760899032856287,1556098933,11,47411,49,8138,1.0520593615313314,1560290259,9,47357,49,8078,0.6548991335392463,1547706001,5,47169,49,8098,1.144468876657666,1556092259,3,47388,49,8037,1.5584685156161022,1543509416,3,47040,49,8078
1.1760899032856287,1556098933,11,47411,49,8138,1.0520593615313314,1560290259,9,47357,49,8078,0.6548991335392463,1547706001,5,47169,49,8098,1.144468876657666,1556092259,3,47388,49,8037,1.5584685156161022,1543509416,3,47040,49,8078
1.5281764970811917,1560291954,10,47559,49,8151,0.8062512633865295,1558193197,10,47255,49,8056,0.6283806376102524,1547705689,4,47157,49,8103,1.5041023832683256,1560287136,4,47542,49,8121,1.4165929075338575,1558189225,3,47495,49,8133
1.5281764970811917,1560291954,10,47559,49,8151,0.8062512633865295,1558193197,10,47255,49,8056,0.6283806376102524,1547705689,4,47157,49,8103,1.5041023832683256,1560287136,4,47542,49,8121,1.4165929075338575,1558189225,3,47495,49,8133
0.606143124213799,1547710426,12,47167,49,8075,0.6076674875627588,1553998609,9,47170,49,8081,1.500232328657138,1560289543,5,47529,49,8118,1.7599061422405524,1547703926,4,47138,49,8118,1.2481988219035713,1556091336,3,47426,49,8109
0.606143124213799,1547710426,12,47167,49,8075,0.6076674875627588,1553998609,9,47170,49,8081,1.500232328657138,1560289543,5,47529,49,8118,1.7599061422405524,1547703926,4,47138,49,8118,1.2481988219035713,1556091336,3,47426,49,8109
1.602326844678796,1562390419,11,47592,49,8082,0.9557760328752659,1560290573,10,47325,49,8107,0.66979046750226,1547705316,4,47170,49,8123,1.5441868381618702,1545607328,4,47045,49,8090,0.6774360397021664,1549800447,3,47182,49,8072
1.602326844678796,1562390419,11,47592,49,8082,0.9557760328752659,1560290573,10,47325,49,8107,0.66979046750226,1547705316,4,47170,49,8123,1.5441868381618702,1545607328,4,47045,49,8090,0.6774360397021664,1549800447,3,47182,49,8072
1.0690976691437162,1554001133,11,47364,49,8087,0.8537822944347501,1558193510,9,47277,49,8116,1.2577905564582543,1556095283,5,47421,49,8129,0.9247721475989901,1551898646,4,47296,49,8066,0.9521085422356282,1551897965,3,47297,49,8090
0.9142695400047217,1551903129,9,47298,49,8116,1.1913826844720372,1556095785,10,47431,49,8042,1.4054788178380124,1558192214,5,47485,49,8084,1.202708802406809,1558189832,3,47411,49,8111,1.550103617301053,1543509354,3,47042,49,8136
0.9142695400047217,1551903129,9,47298,49,8116,1.1913826844720372,1556095785,10,47431,49,8042,1.4054788178380124,1558192214,5,47485,49,8084,1.202708802406809,1558189832,3,47411,49,8111,1.550103617301053,1543509354,3,47042,49,8136
0.6711139810409338,1549807504,11,47194,49,8074,1.4829875273919095,1560289859,9,47548,49,8081,1.1209134198402944,1553997653,5,47363,49,8137,0.8911156376433942,1551899300,4,47274,49,8079,0.8117628002412149,1551897510,3,47241,49,8097
0.6711139810409338,1549807504,11,47194,49,8074,1.4829875273919095,1560289859,9,47548,49,8081,1.1209134198402944,1553997653,5,47363,49,8137,0.8911156376433942,1551899300,4,47274,49,8079,0.8117628002412149,551897510,3,47241,49,8097
0.8101325121180278,1551904488,11,47255,49,8090,1.0474679592288185,1553998487,10,47370,49,8048,1.143965140979762,1556094322,5,47369,49,8099,0.9221195541546773,1551898372,3,47298,49,8074,1.6818823737746176,1545606566,3,47094,49,8115
0.8101325121180278,1551904488,11,47255,49,8090,1.0474679592288185,1553998487,10,47370,49,8048,1.143965140979762,1556094322,5,47369,49,8099,0.9221195541546773,1551898372,3,47298,49,8074,1.6818823737746176,1545606566,3,47094,49,8115
0.9589435117121176,1554001089,10,47316,49,8117,0.6225588073007362,1556096008,10,47184,49,8097,1.1570199121214384,1556095029,5,47377,49,8180,0.991272839955565,1553996197,4,47324,49,8136,1.2707412281538863,1556092085,3,47429,49,8142
0.9589435117121176,1554001089,10,47316,49,8117,0.6225588073007362,1556096008,10,47184,49,8097,1.1570199121214384,1556095029,5,47377,49,8180,0.991272839955565,1553996197,4,47324,49,8136,1.2707412281538863,1556092085,3,47429,49,8142
1.4483143086355619,1560293275,12,47526,49,8068,0.735670384014489,1549804748,10,47235,49,8101,1.461779960877355,1560288680,4,47509,49,8097,1.5041042811805987,1560287533,4,47536,49,8110,1.3767129367759288,1558189464,3,47478,49,8136
1.4483143086355619,1560293275,12,47526,49,8068,0.735670384014489,1549804748,10,47235,49,8101,1.461779960877355,1560288680,4,47509,49,8097,1.5041042811805987,1560287533,4,47536,49,8110,1.3767129367759288,1558189464,3,47478,49,8136
1.2662538923814601,1558196327,11,47447,49,8106,1.0119749253860322,1560290735,10,47340,49,8056,0.7019189965987936,1549803568,5,47183,49,8165,1.139472267256816,1556093357,4,47383,49,8091,1.4274040279985043,1560286239,3,47501,49,8178
0.7775968893696257,1551904130,11,47238,49,8033,0.8218563925184034,1558193339,10,47260,49,8033,1.0684879989886573,1553997298,5,47341,49,8147,1.6133406493534512,1545607706,4,47073,49,8056,1.3055204773895137,1558189640,3,47448,49,8116
0,1558195833,11,47441,49,8092,1.0310486860890566,1553998933,9,47353,49,8099,1.1422308242305312,1553996930,5,47370,49,8107,0.9038636979360178,1551898925,4,47285,49,8072,1.2739012676153747,1558189260,3,47438,49,8176
0,1560292840,11,47531,49,8141,0.7168029678802431,1549804552,9,47218,49,8051,0.9427286955504979,1551900518,5,47289,49,8187,0.9650629245108493,1553995504,3,47301,49,8126,0.6485716684990593,1549800608,3,47169,49,8078
1.457493348519998,1560292840,11,47531,49,8141,0.7168029678802431,1549804552,9,47218,49,8051,0.9427286955504979,1551900518,5,47289,49,8187,0.9650629245108493,1553995504,3,47301,49,8126,0.6485716684990593,1549800608,3,47169,49,8078
1.013305858675734,1553998927,6,47342,49,8139,0.653769059612588,1556095638,9,47188,49,8039,1.4524986720904545,1560289092,5,47507,49,8084,1.4384177311349289,1560287000,4,47514,49,8141,1.6964669888753723,1545606493,3,47103,49,8173
1.013305858675734,1553998927,6,47342,49,8139,0.653769059612588,1556095638,9,47188,49,8039,1.4524986720904545,1560289092,5,47507,49,8084,1.4384177311349289,1560287000,4,47514,49,8141,1.6964669888753723,1545606493,3,47103,49,8173
0.8155380788240422,1551904537,11,47257,49,8101,1.0438989678129813,1560289564,8,47363,49,8069,1.009229402738216,1553997346,5,47317,49,8127,1.0790890675657763,1553995539,4,47365,49,8056,1.7639881975991174,1547703729,3,47129,49,8146
0.8155380788240422,1551904537,11,47257,49,8101,1.0438989678129813,1560289564,8,47363,49,8069,1.009229402738216,1553997346,5,47317,49,8127,1.0790890675657763,1553995539,4,,49,8056,0,,,,,
0.7208868122761166,1549804837,6,47217,49,8113,0.7059918413777442,1556096350,9,47204,49,8068,0.6369481276312927,1547706165,5,47159,49,8110,0.8457260205519326,1551899235,4,47261,49,8069,0.7271084705926146,1549800787,3,47199,49,8062
0.860925851207461,1551904308,11,47276,49,8136,1.5533645614680394,1568679248,10,47576,49,8062,0.9387507366140233,1551900306,5,47288,49,8109,0.9621017651942622,1553996212,4,47312,49,8126,1.1151974303871723,1556092054,3,47370,49,8142
0.860925851207461,1551904308,11,47276,49,8136,1.5533645614680394,1568679248,10,47576,49,8062,0.9387507366140233,1551900306,5,47288,49,8109,1.0880655066816123,1553995709,4,47365,49,8085,1.1151974303871723,1556092054,3,47370,49,8142
1.6704596246418915,1545612542,11,47107,49,8108,1.1028526934733138,1562387645,10,47377,49,8080,1.5955974121090037,1562386161,5,47568,49,8078,1.63934796373333,1545607599,4,47088,49,8106,0.8485830862619881,1551898306,3,47256,49,8111
1.6704596246418915,1545612542,11,47107,49,8108,1.1028526934733138,1562387645,10,47377,49,8080,1.5955974121090037,1562386161,5,47568,49,8078,1.63934796373333,1545607599,4,47088,49,8106,0.8485830862619881,1551898306,3,47256,49,8111
1.2763512176619989,1558195125,10,47451,49,8092,0.7676966739919786,1549804332,9,47239,49,8085,1.1100000484395003,1553998023,5,47361,49,8175,1.6979968278202406,1547704487,4,47105,49,8065,0.659689501327194,1547703207,3,47172,49,8036
1.2763512176619989,1558195125,10,47451,49,8092,0.7676966739919786,1549804332,9,47239,49,8085,1.1100000484395003,1553998023,5,47361,49,8175,1.6979968278202406,1547704487,4,47105,49,8065,0.659689501327194,1547703207,3,47172,49,8036
0.8344073608376816,1551901556,5,47264,49,8119,1.5304144500933279,1560289769,10,47560,49,8062,0.5654507820220189,1547706577,5,47124,49,14,1.111933268077627,1556093192,4,47371,49,8114,1.7199276437169828,1545606524,3,47105,49,8148
0,1553998786,5,47324,49,8090,0.9039622018442616,1558192661,9,47302,49,8165,0.584522708043516,1547706609,5,47137,49,8092,1.3908885660167276,1558189516,3,47492,49,8140,0.8509289668229932,1551897794,3,47257,49,8145
0.9735281250298681,1553998786,5,47324,49,8090,0.9039622018442616,1558192661,9,47302,49,8165,0.584522708043516,1547706609,5,47137,49,8092,1.3908885660167276,1558189516,3,47492,49,8140,0.8509289668229932,1551897794,3,47257,49,8145
0,1556098395,11,47431,49,8134,1.5643801637519914,1568679155,10,47579,49,8092,0.6470454566219127,1547706387,5,47164,49,8154,1.7635792479690915,1547704835,4,47134,49,8065,1.266661027152564,1558189027,3,47429,49,8118
1.232697763958218,1556098395,11,47431,49,8134,1.5643801637519914,1568679155,10,47579,49,8092,0.6470454566219127,1547706387,5,47164,49,8154,1.7635792479690915,1547704835,4,47134,49,8065,1.266661027152564,1558189027,3,47429,49,8118
0.5056791838187307,1547710130,11,47120,49,8119,0.7718791108903729,1549804771,10,47237,49,8086,1.1313174624753721,1553997708,5,47363,49,8133,0.842870810738757,1551899327,4,47257,49,8149,1.7179870075133366,1547703416,3,47116,49,8121
0.5056791838187307,1547710130,11,47120,49,8119,0.7718791108903729,1549804771,10,47237,49,8086,1.1313174624753721,1553997708,5,47363,49,8133,0.842870810738757,1551899327,4,47257,49,8149,1.7179870075133366,1547703416,3,47116,49,8121
1.1777219837222355,1556098989,12,47411,49,8091,0.5796191715115675,1547707726,9,47162,49,8117,0.7175241294574272,1549803421,5,47188,49,8108,1.6084444228153219,1545607565,4,47071,49,8065,1.4162861820252453,1560286209,3,47498,49,8111
1.1777219837222355,1556098989,12,47411,49,8091,0.5796191715115675,1547707726,9,47162,49,8117,0.7175241294574272,1549803421,5,47188,49,8108,1.6084444228153219,1545607565,4,47071,49,8065,1.4162861820252453,1560286209,3,47498,49,8111
1.3598846397128974,1558194570,10,47489,49,8130,1.682897304544449,1547707164,10,47121,49,8053,0.861438909058341,1551900611,5,47249,49,8152,0.7568892707220096,1549801484,4,47220,49,8057,1.7991764104268329,1547703526,3,47143,49,8102
1.3598846397128974,1558194570,10,47489,49,8130,1.682897304544449,1547707164,10,47121,49,8053,0.861438909058341,1551900611,5,47249,49,8152,0.7568892707220096,1549801484,4,47220,49,8057,1.7991764104268329,1547703526,3,47143,49,8102
1.2460592462221984,1558195443,11,47437,49,8113,0.8913145228733567,1551901598,10,47298,49,8056,1.2385141886110131,1556095379,5,47408,49,8188,0.7709645538007843,1549801713,4,47226,49,8118,0.6534679002503511,1547703517,3,47168,49,8142
1.2460592462221984,1558195443,11,47437,49,8113,0.8913145228733567,1551901598,10,47298,49,8056,1.2385141886110131,1556095379,5,47408,49,8188,0.7709645538007843,1549801713,4,47226,49,8118,1.1514061597527594,1556092305,3,47382,49,8101
1.5935548891585443,1562387929,6,47590,49,8142,1.4776842239977732,1566581877,9,47541,49,8134,0.5891122478848874,1547705728,4,47135,49,8118,1.0862308211231322,1553996259,4,47359,49,8074,1.135494318346154,1556092310,3,47378,49,8050
1.5935548891585443,1562387929,6,47590,49,8142,1.4776842239977732,1566581877,9,47541,49,8134,0.5891122478848874,1547705728,4,47135,49,8118,1.0862308211231322,1553996259,4,47359,49,8074,1.135494318346154,1556092310,3,47378,49,8050
1.5701983177742682,1562389430,10,47579,49,8157,0.8916212383688442,1551901939,9,47287,49,8094,0.6761143094382951,1547705918,5,47170,49,8137,1.7539912517273675,1547704250,4,47132,49,8117,1.5336824560151796,1543508678,3,47034,49,8107
1.5701983177742682,1562389430,10,47579,49,8157,0.8916212383688442,1551901939,9,47287,49,8094,0.6761143094382951,1547705918,5,47170,49,8137,1.7539912517273675,1547704250,4,47132,49,8117,1.5336824560151796,1543508678,3,47034,49,8107
0,1547709706,11,47117,49,8111,0.5972634680111787,1547707029,9,47173,49,8090,0.8542990312472126,1551899517,4,47247,49,8138,0.9034547549593234,1551899075,4,47287,49,8123,0.7459777532060948,1549800661,3,47205,49,8090
1.6997329395961682,1547709706,11,47117,49,8111,0.5972634680111787,1547707029,9,47173,49,8090,0.8542990312472126,1551899517,4,47247,49,8138,0.9034547549593234,1551899075,4,47287,49,8123,0.7459777532060948,1549800661,3,47205,49,8090
1.6601578238762347,1545610109,6,47105,49,8116,1.1072377319725555,1562386952,8,47382,49,8138,1.6044716320592975,1545609397,6,47052,49,8142,0.8554162522734319,1551899152,4,47262,49,8061,0.7862666640370325,1549800172,3,47218,49,8094
1.6601578238762347,1545610109,6,47105,49,8116,1.1072377319725555,1562386952,8,47382,49,8138,1.6044716320592975,1545609397,6,47052,49,8142,0.8554162522734319,1551899152,4,47262,49,8061,0.7862666640370325,1549800172,3,47218,49,8094
0,1554001060,11,47305,49,8153,1.4847218614676938,1566581300,8,47537,49,8056,0.6587748716353351,1547706126,5,47164,49,8132,1.680146206693067,1545607508,3,47104,49,8100,1.5302157070967728,1560286628,3,47540,49,8122
0.9331388232589667,1554001060,11,47305,49,8153,1.4847218614676938,1566581300,8,47537,49,8056,0.6587748716353351,1547706126,5,47164,49,8132,1.680146206693067,1545607508,3,47104,49,8100,1.5302157070967728,1560286628,3,47540,49,8122
0,1556099007,12,47419,49,8133,1.3516163353061346,1558192570,9,47498,49,8102,1.426082431973226,1558192008,5,47489,49,8125,0.8429730471001029,1551899360,4,47256,49,8092,0.6720304772848907,1549800662,4,47178,49,8106
1.1981211100928781,1556099007,12,47419,49,8133,1.3516163353061346,1558192570,9,47498,49,8102,1.426082431973226,1558192008,5,47489,49,8125,0.8429730471001029,1551899360,4,47256,49,8092,0.6720304772848907,1549800662,4,47178,49,8106
0,1560292617,11,47559,49,8110,1.3603883016493687,1558193282,10,47492,49,8077,1.222602353764362,1556094662,4,47400,49,8122,1.2299410940884652,1556092922,4,47422,49,8103,0.9855624384748815,1553995205,3,47312,49,8055
1.526035095699453,1560292617,11,47559,49,8110,1.3603883016493687,1558193282,10,47492,49,8077,1.222602353764362,1556094662,4,47400,49,8122,1.2299410940884652,1556092922,4,47422,49,8103,0.9855624384748815,1553995205,3,47312,49,8055
0.7139513952407315,1549807035,11,47217,49,8081,1.34886338784056,1558193240,10,47493,49,8146,0.6791740034388348,1547705762,5,47168,49,8149,1.6499564809309333,1545607783,4,47084,49,8088,1.3593753793320347,1558189496,3,47463,49,8108
0,1556099037,12,47391,49,8084,1.3634479793622045,1558193236,10,47494,49,8091,1.028812507573303,1553997236,5,47316,49,8104,0.8427704350079901,1551898808,4,47246,49,8073,1.6968759375367508,1545606597,3,47097,49,8105
1.1229506793207935,1556099037,12,47391,49,8084,0,1558193236,10,47494,49,8091,1.028812507573303,1553997236,5,47316,49,8104,0.8427704350079901,1551898808,4,47246,49,8073,1.6968759375367508,1545606597,3,47097,49,8105
0,1562389881,11,47565,49,8078,1.3838471027111907,1558191801,8,47502,49,8102,1.2061811868769874,1556094330,4,47393,49,8059,1.30817308716879,1558190359,4,47443,49,8125,0.8142109223227242,1551897544,3,47239,49,8043
1.5384782977185494,1562389881,11,47565,49,8078,1.3838471027111907,1558191801,8,47502,49,8102,1.2061811868769874,1556094330,4,47393,49,8059,1.30817308716879,1558190359,4,47443,49,8125,0.8142109223227242,1551897544,3,47239,49,8043
0,1549806945,11,47234,49,8137,1.3754841107592888,1566581604,10,47504,49,8051,1.165587408347979,1556094709,5,47375,49,8121,1.7147228601609397,1547704060,4,47113,49,8090,1.2221915388160398,1556092856,3,47407,49,8127
0.7554634450149431,1549806945,11,47234,49,8137,0,1553998180,8,47160,49,8070,1.165587408347979,1556094709,5,47375,49,8121,1.7147228601609397,1547704060,4,47113,49,8090,1.2221915388160398,1556092856,3,47407,49,8127
0.8010556899846096,1551904269,11,47251,49,8128,1.400779482159117,1566581205,9,47504,49,8083,1.2624823304908428,1556094709,4,47417,49,8144,1.5928387866504543,1545606914,3,47060,49,8071,1.1061206297359862,1553995042,3,47361,49,8145
1.677701729864062,1547708656,9,47112,49,8163,1.433621787686977,1560290529,9,47531,49,8130,1.333572560623499,1558191963,5,47448,49,8113,1.1380446826003912,1556093057,4,47375,49,8145,1.565506162860721,1543509308,3,47041,49,8109
1.677701729864062,1547708656,9,47112,49,8163,1.433621787686977,1560290529,9,47531,49,8130,1.333572560623499,1558191963,5,47448,49,8113,1.1380446826003912,1556093057,4,47375,49,8145,1.565506162860721,1543509308,3,47041,49,8109
0.7633171260461653,1549807042,11,47237,49,8071,1.6795308865425118,1553998404,9,47120,49,8067,0.8292081525138297,1549803046,5,47233,49,8098,1.3314255257059082,1558189891,4,47463,49,8084,1.530215709698039,1543509249,3,47027,49,8148
0.7633171260461653,1549807042,11,47237,49,8071,1.6795308865425118,1553998404,9,47120,49,8067,0.8292081525138297,1549803046,5,47233,49,8098,1.3314255257059082,1558189891,4,47463,49,8084,1.530215709698039,1543509249,3,47027,49,8148
0.7933042493699222,1551904362,11,47245,49,8058,1.6256778813988424,1551901799,9,47096,49,8090,1.3269438769071353,1558192108,5,47440,49,4,1.2201486228672749,1556092923,4,47418,49,8116,1.1093847884693684,1553994891,3,47361,49,8113
0.6469413670641591,1549807313,11,47184,49,8125,0.7038485639927402,1549804473,9,47222,49,8089,0.7400646777743674,1549803088,5,47194,49,8124,1.8592510339118804,1547704351,4,47169,49,8058,1.8584349945202352,1547703701,3,47169,49,8087
0.6469413670641591,1549807313,11,47184,49,8125,0.7038485639927402,1549804473,9,47222,49,8089,0.7400646777743674,1549803088,5,47194,49,8124,1.8592510339118804,1547704351,4,47169,49,8058,1.8584349945202352,1547703701,3,47169,49,8087
0.9650628744005684,1554001418,11,47321,49,8136,1.2398320117171753,1564484676,10,47447,49,8071,1.2022032284609017,1556095131,5,47391,49,8126,1.6344517397728116,1545607511,4,47085,49,8068,0.6480623371856988,1547703402,3,47164,49,8097
0.9650628744005684,1554001418,11,47321,49,8136,1.2398320117171753,1564484676,10,47447,49,8071,1.2022032284609017,1556095131,5,47391,49,8126,1.6344517397728116,1545607511,4,47085,49,8068,0.6480623371856988,1547703402,3,47164,49,8097
1.3284699054403526,1558195685,11,47478,49,8117,0.7239428281980129,1549804891,10,47217,49,8026,0.7144644533993066,1549803436,5,47181,49,8158,1.5366398944376278,1560287654,4,47548,49,8134,0.7584209631240364,1549800584,3,47210,49,8090
1.3284699054403526,1558195685,11,47478,49,8117,0.7239428281980129,1549804891,10,47217,49,8026,0.7144644533993066,1549803436,5,47181,49,8158,1.5366398944376278,1560287654,4,47548,49,8134,0.7584209631240364,1549800584,3,47210,49,8090
1.596716806093627,1562389883,10,47592,49,8126,1.2340174842199163,1564484201,10,47440,49,8100,1.4671855368723978,1560289275,5,47505,49,8155,0.7658657040977802,1549801966,4,47217,49,8099,0.7414886246842033,1549800673,3,47208,49,8098
1.596716806093627,1562389883,10,47592,49,8126,1.2340174842199163,1564484201,10,47440,49,8100,1.4671855368723978,1560289275,5,47505,49,8155,0.7658657040977802,1549801966,4,47217,49,8099,0.7414886246842033,1549800673,3,47208,49,8098
1.0786856671945193,1556098726,12,47367,49,8158,1.2269798436859274,1564484305,10,47437,49,8085,1.4644325785642986,1560288782,5,47500,49,8172,1.5727444784913396,1545607582,4,47058,49,8117,1.138860719641189,1556092169,3,47376,49,8165
0.55524755001235,1547707339,5,47147,49,8132,1.3131658551394132,1558193425,9,47472,49,8110,1.5152259205329113,1560289673,5,47522,49,8138,1.2424865457968055,1558189909,4,47424,49,8090,1.523994108675662,1543509262,3,47024,49,8134
0.55524755001235,1547707339,5,47147,49,8132,1.3131658551394132,1558193425,9,47472,49,8110,1.5152259205329113,1560289673,5,47522,49,8138,1.2424865457968055,1558189909,4,47424,49,8090,1.523994108675662,1543509262,3,47024,49,8134
0.6099166106729813,1547710227,12,47171,49,8073,1.6702496006555854,1553998655,10,47124,49,8099,1.1294809184543912,1553997837,5,47360,49,8134,1.2897108779898117,1558189861,4,47441,49,8092,1.1430431574451496,1556091945,3,47375,49,8139
0.6099166106729813,1547710227,12,47171,49,8073,1.6702496006555854,1553998655,10,47124,49,8099,1.1294809184543912,1553997837,5,47360,49,8134,1.2897108779898117,1558189861,4,47441,49,8092,1.1430431574451496,1556091945,3,47375,49,8139
0,1562390217,11,47598,49,8145,1.2860358149557136,1558193253,9,47459,49,8067,1.604980956152591,1562386281,5,47562,49,8133,1.4539206195393592,1560287764,4,47519,49,8054,0.8713280949269094,1551898062,3,47263,49,8127
1.6099760513780423,1562390217,11,47598,49,8145,1.2860358149557136,1558193253,9,47459,49,8067,1.604980956152591,1562386281,5,47562,49,8133,1.4539206195393592,1560287764,4,47519,49,8054,0.8713280949269094,1551898062,3,47263,49,8127
0,1556097763,9,47385,49,8111,1.646586322791974,1545609621,9,47116,49,8079,0.6823359243537725,1547706675,5,47168,49,8132,1.2252474579228194,1558190069,4,47425,49,8051,1.269415871844677,1556092187,3,47424,49,8117
1.119279441509016,1556097763,9,47385,49,8111,1.646586322791974,1545609621,9,47116,49,8079,0.6823359243537725,1547706675,5,47168,49,8132,1.2252474579228194,1558190069,4,47425,49,8051,1.269415871844677,1556092187,3,47424,49,8117
0.807277300667204,1551904521,12,47251,49,8152,0.6065447262019696,1547706600,9,47177,49,8078,0.8749026393923482,1551900482,5,47246,49,8117,1.0803140739713848,1553996377,4,47358,49,8153,1.7027908333566504,1545606540,3,47103,49,8115
0.807277300667204,1551904521,12,47251,49,8152,0.6065447262019696,1547706600,9,47177,49,8078,0.8749026393923482,1551900482,5,47246,49,8117,1.0803140739713848,1553996377,4,47358,49,8153,1.7027908333566504,1545606540,3,47103,49,8115
1.4545359096936752,1560292553,10,47529,49,8124,1.224633959885308,1564484163,10,47437,49,8038,0.9550696920513077,1551900358,5,47284,49,8130,1.019525658963265,1553996334,4,47330,49,8106,0.9394608685645239,1551897694,3,47291,49,8133
1.4545359096936752,1560292553,10,47529,49,8124,1.224633959885308,1564484163,10,47437,49,8038,0.9550696920513077,1551900358,5,47284,49,8130,1.019525658963265,1553996334,4,47330,49,8106,0.9394608685645239,1551897694,3,47291,49,8133
0.6093050432157932,1547709516,11,47168,49,8087,0.5903280373964473,1547706972,8,47168,49,8040,0.8466498326098112,1549803435,5,47235,49,8178,1.840889212991558,1547704424,4,47173,49,8136,0.9769949581789551,1553994612,3,47307,49,8117
0.6093050432157932,1547709516,11,47168,49,8087,0.5903280373964473,1547706972,8,47168,49,8040,0.8466498326098112,1549803435,5,47235,49,8178,1.840889212991558,1547704424,4,47173,49,8136,0.9769949581789551,1553994612,3,47307,49,8117
1.4116985000264926,1560292960,11,47509,49,8144,0.9075311792639876,1551901285,10,47306,49,8072,1.4149646004774181,1558192311,5,47479,49,8128,1.7811213130098975,1547704126,3,47143,49,8156,1.523994108675662,1560286714,3,47536,49,8108
1.4116985000264926,1560292960,11,47509,49,8144,0.9075311792639876,1551901285,10,47306,49,8072,1.4149646004774181,1558192311,5,47479,49,8128,1.7811213130098975,1547704126,3,47143,49,8156,1.2236191400931231,1556092674,3,47409,49,8121
1.3843639716733167,1560292663,11,47497,49,8113,0.6127663277016787,1556096121,10,47188,49,8130,1.4704497034948367,1560289001,5,47503,49,8162,1.0791913167964549,1553996572,4,47361,49,8085,1.2232101814714933,1556092294,3,47413,49,8154
0.8936659413430422,1551904244,11,47292,49,8140,1.5114428930037487,1560289987,9,47561,49,8064,1.748793861894873,1545608897,5,47110,49,8128,1.806924133344033,1547704280,3,47162,49,8088,1.7432823701861937,1547702953,3,47122,49,8119
1.2357574423913726,1558195641,11,47434,49,8086,0.5811489881111703,1547707494,9,47170,49,8134,1.7158492934616834,1545609428,5,47097,49,8149,1.521646326859168,1560287700,4,47543,49,8108,0.8932570591344033,1551897964,3,47272,49,8127
1.2357574423913726,1558195641,11,47434,49,8086,0.5811489881111703,1547707494,9,47170,49,8134,1.7158492934616834,1545609428,5,47097,49,8149,1.521646326859168,1560287700,4,47543,49,8108,0.8932570591344033,1551897964,3,47272,49,8127
0,1549807337,11,47186,49,8115,1.3413164177541306,1564484850,9,47484,49,8006,0.7160965332544185,1549802685,4,47179,49,8123,1.5336805531875777,1562384620,4,47553,49,8102,1.4327073516654925,1560286368,3,47503,49,8106
0.6556110885794236,1549807337,11,47186,49,8115,1.3413164177541306,1564484850,9,47484,49,8006,0.7160965332544185,1549802685,4,47179,49,8123,1.5336805531875777,1562384620,4,47553,49,8102,1.4327073516654925,1560286368,3,47503,49,8106
0,1558195092,10,47485,49,8160,0.7549467399435473,1558192921,10,47249,49,8090,0.9834247352069015,1551900891,5,47294,49,8134,1.631903236803706,1545607469,4,47078,49,8066,0.8079911625944053,1549800743,3,47228,49,8128
1.3505011168305288,1558195092,10,47485,49,8160,0,1566582001,9,47547,49,8080,0.9834247352069015,1551900891,5,47294,49,8134,1.631903236803706,1545607469,4,47078,49,8066,0.8079911625944053,1549800743,3,47228,49,8128
1.3794677263793864,1560292851,11,47497,49,8086,1.7263481197242716,1547707457,9,47133,49,8029,0.7070178819798315,1549803314,5,47180,49,8148,0.9523111640840101,1553995317,4,47301,49,8124,0.6893699167858165,1549800914,3,47183,49,8146
1.3794677263793864,1560292851,11,47497,49,8086,1.7263481197242716,1547707457,9,47133,49,8029,0.7070178819798315,1549803314,5,47180,49,8148,0.9523111640840101,1553995317,4,47301,49,8124,0.6893699167858165,1549800914,3,47183,49,8146
0.5132261657031474,1547710388,12,47126,49,8067,0.6933441479871644,1549804765,9,47213,49,8128,0.7902464602421476,1549803916,5,47209,49,8051,0.7808592614657707,1549802164,4,47222,49,8159,1.0224849666461626,1553994981,3,47325,49,8055
0.5132261657031474,1547710388,12,47126,49,8067,0.6933441479871644,1549804765,9,47213,49,8128,0.7902464602421476,1549803916,5,47209,49,8051,0.7808592614657707,1549802164,4,47222,49,8159,1.0224849666461626,1553994981,3,47325,49,8055
1.1229506869330879,1556098778,11,47388,49,8116,1.303986819629937,1558193381,9,47474,49,8037,1.0317699670759435,1553997234,5,47313,49,8178,0.8131922524188461,1551898787,4,47235,49,8100,1.697487504963062,1545606579,3,47099,49,8109
1.1229506869330879,1556098778,11,47388,49,8116,1.303986819629937,1558193381,9,47474,49,8037,1.0317699670759435,1553997234,5,47313,49,8178,0.8131922524188461,1551898787,4,47235,49,8100,0,1545606579,3,47099,49,8109
0.6115486898439937,1547707486,6,47170,49,8115,0.708337704934764,1549804755,9,47210,49,8022,1.3189879641687334,1558190662,4,47433,49,8170,0.9149815442232607,1551898985,4,47285,49,8026,1.142124884345903,1556091624,3,47374,49,8112
0.6115486898439937,1547707486,6,47170,49,8115,0.708337704934764,1549804755,9,47210,49,8022,1.3189879641687334,1558190662,4,47433,49,8170,0.9149815442232607,1551898985,4,47285,49,8026,1.142124884345903,1556091624,3,47374,49,8112
1.28175677634045,1558195787,11,47455,49,8021,1.3040890621642274,1564484965,9,47465,49,8070,1.6067152901164043,1560288899,5,47556,49,8103,0.9562891172903406,1553995521,4,47304,49,8146,0.6645857407795777,1547703318,3,47168,,8118
1.28175677634045,1558195787,11,47455,49,8021,1.3040890621642274,1564484965,9,47465,49,8070,1.6067152901164043,1560288899,5,47556,49,8103,0.9562891172903406,1553995521,4,47304,49,8146,0.6645857407795777,1547703318,3,47168,49,8118
0.7334322518558402,1549807818,12,47223,49,8152,0.681308037638991,1549804629,9,47203,49,8073,0.689271344589974,1547706486,5,47167,49,8143,1.0447187755220937,1553996463,4,47341,49,8077,1.4190410404915452,1558189166,3,47491,49,8126
0.7334322518558402,1549807818,12,47223,49,8152,0.681308037638991,1549804629,9,47203,49,8073,0.689271344589974,1547706486,5,47167,49,8143,1.0447187755220937,1553996463,4,47341,49,8077,1.4190410404915452,1558189166,3,47491,49,8126
1.3960933755555547,1560292910,11,47502,49,8034,1.3460081781899167,1558193523,10,47486,49,8068,1.0029055922886685,1551899976,5,47300,49,8142,1.115708623881816,1556093263,4,47365,49,8066,1.1237667925233814,1553995057,3,47362,49,8071
1.3960933755555547,1560292910,11,47502,49,8034,1.3460081781899167,1558193523,10,47486,49,8068,1.0029055922886685,1551899976,5,47300,49,8142,1.115708623881816,1556093263,4,47365,49,8066,1.1237667925233814,1553995057,3,47362,49,8071
0.819006704549442,1551904438,11,47256,49,8050,0.737711399662451,1549804840,10,47226,49,7987,1.329799090212095,1558191894,5,47439,49,8155,1.1416136778275392,1556093546,4,47383,49,8076,0.8308365633558562,1551897730,3,47242,49,8126
0.819006704549442,1551904438,11,47256,49,8050,0.737711399662451,1549804840,10,47226,49,7987,1.329799090212095,1558191894,5,47439,49,8155,1.1416136778275392,1556093546,4,47383,49,8076,0.8308365633558562,1551897730,3,47242,49,8126
1.2083206733656249,1556098520,11,47423,49,8138,1.3028640540203624,1558193813,9,47476,49,8091,1.498702522202688,1560289467,5,47511,49,8132,0.8407275525030145,1551899130,4,47261,49,8094,1.479217896663399,1560286296,3,47517,49,8106
1.2083206733656249,1556098520,11,47423,49,8138,1.3028640540203624,1558193813,9,47476,49,8091,1.498702522202688,1560289467,5,47511,49,8132,0.8407275525030145,1551899130,4,47261,49,8094,1.479217896663399,1560286296,3,47517,49,8106
0.6361302381219276,1549803430,5,47177,49,8158,0.672128992795062,1556096226,9,47204,49,8123,1.1584475397762333,1553997827,5,47367,49,8134,0.8808138479883516,1551898755,4,47268,49,8087,1.3682477065581609,1558189613,3,47469,49,8089
0.6361302381219276,1549803430,5,47177,49,8158,0.672128992795062,1556096226,9,47204,49,8123,1.1584475397762333,1553997827,5,47367,49,8134,0.8808138479883516,1551898755,4,47268,49,8087,1.3682477065581609,1558189613,3,47469,49,8089
0.9544562249085563,1554001032,10,47312,49,8078,0.8083926603321886,1558193440,9,47260,49,8048,0.8525647399936933,1549802601,4,47238,49,8100,1.7068710223875956,1547704082,4,47105,49,8089,0.8196164921961722,1551897576,3,47240,49,8125
0.9544562249085563,1554001032,10,47312,49,8078,0.8083926603321886,1558193440,9,47260,49,8048,0.8525647399936933,1549802601,4,47238,49,8100,1.7068710223875956,1547704082,4,47105,49,8089,0.8196164921961722,1551897576,3,47240,49,8125
1.6100782975489056,1562390431,11,47593,49,8042,0.6938534811584604,1556095684,8,47207,49,8084,1.7276809393113879,1545608555,4,47098,49,8144,1.0315599150608687,1553996149,4,47338,49,8103,1.1463054506632278,1556091854,3,47381,49,8100
1.6100782975489056,1562390431,11,47593,49,8042,0.6938534811584604,1556095684,8,47207,49,8084,1.7276809393113879,1545608555,4,47098,49,8144,1.0315599150608687,1553996149,4,47338,49,8103,1.1463054506632278,1556091854,3,47381,49,8100
1.5020650868073513,1560293018,12,47548,49,8090,1.608033595241039,1545610511,9,47084,49,8062,1.3219454071857073,1558191956,5,47436,49,8102,0.9016200749294988,1551898879,4,47276,49,8062,1.5799885214115357,1545606386,3,47049,49,8103
1.5020650868073513,1560293018,12,47548,49,8090,1.608033595241039,1545610511,9,47084,49,8062,1.3219454071857073,1558191956,5,47436,49,8102,0.9016200749294988,1551898879,4,47276,49,8062,1.5799885214115357,1545606386,3,47049,49,8103
1.114587689659003,1556098719,11,47379,49,8129,0.9021256261399465,1558192382,8,47301,49,8048,0.7175241492461982,1547705620,5,47178,49,8089,1.0442075953222796,1553996217,3,47342,49,8070,1.7236992920685705,1545605866,3,47112,49,8092
1.114587689659003,1556098719,11,47379,49,8129,0.9021256261399465,1558192382,8,47301,49,8048,0.7175241492461982,1547705620,5,47178,49,8089,1.0442075953222796,1553996217,3,47342,49,8070,1.7236992920685705,1545605866,3,47112,49,8092
0.8118668336122977,1551904424,11,47251,49,8126,1.4855359739242378,1566581241,9,47557,49,8136,1.3391826142115726,1558191900,5,47443,49,8130,1.1650724947682607,1556093570,4,47389,49,8072,0.745671057399435,1549801061,3,47205,49,8153
0.8118668336122977,1551904424,11,47251,49,8126,1.4855359739242378,1566581241,9,47557,49,8136,1.3391826142115726,1558191900,5,47443,49,8130,1.1650724947682607,1556093570,4,47389,49,8072,1.8641472753157713,1547703036,3,47167,49,8086
0.7121148628486079,1549806179,10,47213,49,8123,0.7122115753244123,1549804894,9,47227,49,8108,1.196390586117738,1556094988,5,47379,49,8120,0.7816734611537771,1549801763,4,47228,49,8078,1.1274380377781308,1553994976,3,47366,49,8098
0.7121148628486079,1549806179,10,47213,49,8123,0.7122115753244123,1549804894,9,47227,49,8108,1.196390586117738,1556094988,5,47379,49,8120,0.7816734611537771,1549801763,4,47228,49,8078,1.1274380377781308,1553994976,3,47366,49,8098
0.5395401998113722,1547710643,12,47137,49,8130,1.5234778145209782,1568677735,8,47569,49,8033,0.6987571012472436,1547706281,5,47170,49,8087,1.5742743237662937,1545607281,4,47057,49,8095,1.404556790646641,1558188562,3,47489,49,8125
0.5395401998113722,1547710643,12,47137,49,8130,1.5234778145209782,1568677735,8,47569,49,8033,0.6987571012472436,1547706281,5,47170,49,8087,1.5742743237662937,1545607281,4,47057,49,8095,1.404556790646641,1558188562,3,47489,49,8125
1.5195067795621844,1560292828,11,47553,49,8071,1.0902049937901237,1562387343,10,47378,49,8123,1.3564198213435976,1558192332,5,47450,49,8132,1.7874451585576476,1547704899,4,47143,49,8140,1.702179271574852,1545606584,3,47099,49,8145
1.5195067795621844,1560292828,11,47553,49,8071,1.0902049937901237,1562387343,10,47378,49,8123,1.3564198213435976,1558192332,5,47450,49,8132,1.7874451585576476,1547704899,4,47143,49,8140,1.702179271574852,1545606584,3,47099,49,8145
1.284307146035135,1558196080,11,47451,49,8119,0.7441374751509112,1556095977,8,47227,49,8038,0.8410398038482592,1549803903,5,47231,49,8110,1.8747520615462456,1549801443,4,47183,49,8159,0.8199250408762744,1549800641,3,47229,49,8129
1.284307146035135,1558196080,11,47451,49,8119,0.7441374751509112,1556095977,8,47227,49,8038,0.8410398038482592,1549803903,5,47231,49,8110,1.8747520615462456,1549801443,4,47183,49,8159,0.8199250408762744,1549800641,3,47229,49,8129
0.8257376457766565,1551904684,11,47259,49,8060,1.207907970286229,1556095675,8,47424,49,8034,1.2961407162749174,1556094816,5,47425,49,8139,1.671476502783109,1547704372,4,47096,49,8128,1.0132036868725176,1553995153,3,47318,49,8159
0.8257376457766565,1551904684,11,47259,49,8060,1.207907970286229,1556095675,8,47424,49,8034,1.2961407162749174,1556094816,5,47425,49,8139,1.671476502783109,1547704372,4,47096,49,8128,1.0132036868725176,1553995153,3,47318,49,8159
0,1549807069,11,47198,49,8188,0,1551901417,10,47303,49,8097,0.7964680650023492,1549803794,5,47212,49,8096,1.8450716554408142,1547704731,4,47170,49,8104,1.3158222915942204,1558189532,3,47447,49,8113
0.6810068457711779,1549807069,11,47198,49,8188,0.9012073433491093,1551901417,10,47303,49,8097,0.7964680650023492,1549803794,5,47212,49,8096,1.8450716554408142,1547704731,4,47170,49,8104,1.3158222915942204,1558189532,3,47447,49,8113
0.8211481205437822,1551904688,11,47256,49,8102,1.5805968309724563,1545610106,9,47082,49,8125,0.6971250254331444,1547705987,5,47170,49,8163,0.7269021597633085,1549801591,4,47209,49,8104,1.7156411386659638,1547703423,3,47111,49,8140
0.8211481205437822,1551904688,11,47256,49,8102,1.5805968309724563,1545610106,9,47082,49,8125,0.6971250254331444,1547705987,5,47170,49,8163,0.7269021597633085,1549801591,4,47209,49,8104,1.7156411386659638,1547703423,3,47111,49,8140
0.7185409367899743,1549804845,6,47214,49,8091,1.3881317784224163,1566581657,10,47505,49,8073,1.419554128301895,1558191114,4,47479,49,8100,0.8980491953556597,1551898702,4,47283,49,8142,0.802990848087844,1551897703,4,47238,49,8083
0.7185409367899743,1549804845,6,47214,49,8091,1.3881317784224163,1566581657,10,47505,49,8073,1.419554128301895,1558191114,4,47479,49,8100,0.8980491953556597,1551898702,4,47283,49,8142,0.802990848087844,1551897703,4,47238,49,8083
1.0555317161627016,1554001790,12,47358,49,8115,0,1560290623,9,47346,49,8090,1.2820654303235772,1556095105,5,47419,49,8142,1.5679523771211603,1545607460,4,47051,49,8055,1.5272582702732653,1543508567,3,47025,49,8133
1.0555317161627016,1554001790,12,47358,49,8115,1.0004499858538547,1560290623,9,47346,49,8090,1.2820654303235772,1556095105,5,47419,49,8142,1.5679523771211603,1545607460,4,47051,49,8055,1.5272582702732653,1543508567,3,47025,49,8133
0.6896765649079148,1549806754,10,47201,49,8127,1.165682125071498,1562387844,9,47406,49,8088,1.7661333086342839,1545607707,4,47113,49,8137,1.405577303507135,1560286758,3,47491,49,8097,1.4053728228661826,1558189328,3,47492,49,8091
1.621603229243105,1562389736,10,47600,49,8140,1.0212561880189013,1560290575,9,47350,49,8039,1.1076541976175072,1553997256,4,47345,49,8160,1.3531518893556973,1558190565,4,47469,49,8130,1.2849168734655596,1558189476,3,47441,49,8073
1.621603229243105,1562389736,10,47600,49,8140,1.0212561880189013,1560290575,9,47350,49,8039,1.1076541976175072,1553997256,4,47345,49,8160,1.3531518893556973,1558190565,4,47469,49,8130,1.2849168734655596,1558189476,3,47441,49,8073
0.5153675879120088,1547709815,10,47126,49,8136,1.7051329590161128,1553999096,10,47133,49,8105,1.172013498638556,1553997235,5,47370,49,8140,1.6570963497521074,1545607758,4,47089,49,8133,1.552042431640191,1543509319,3,47038,49,8098
0.5153675879120088,1547709815,10,47126,49,8136,1.7051329590161128,1553999096,10,47133,49,8105,1.172013498638556,1553997235,5,47370,49,8140,1.6570963497521074,1545607758,4,47089,49,8133,1.552042431640191,1543509319,3,47038,49,8098
0.6834549612971057,1549807296,11,47198,49,8026,1.4194442623556047,1560289844,8,47518,49,8015,0.844915527419515,1549803619,5,47233,49,8076,0.8205329048048883,1551898966,4,47251,49,8104,1.757153177241961,1547703588,3,47131,49,8115
0.6834549612971057,1549807296,11,47198,49,8026,1.4194442623556047,1560289844,8,47518,49,8015,0.844915527419515,1549803619,5,47233,49,8076,0.8205329048048883,1551898966,4,47251,49,8104,1.757153177241961,1547703588,3,47131,49,8115
1.6939184371142062,1547710189,12,47115,49,8125,0.6087883738510474,1547706790,9,47178,49,8096,0.9669013385828684,1551901001,5,47285,49,8145,0.8629632258223776,1551899142,4,47267,49,8136,1.5624464812018382,1543509179,3,47040,49,8142
1.6939184371142062,1547710189,12,47115,49,8125,0.6087883738510474,1547706790,9,47178,49,8096,0.9669013385828684,1551901001,5,47285,49,8145,0.8629632258223776,1551899142,4,47267,49,8136,1.5624464812018382,1543509179,3,47040,49,8142
0.6873306842032814,1549807431,11,47200,49,8112,1.65923400482307,1545609878,10,47111,49,8085,0.6525532867388422,1547706876,5,47151,49,8128,1.361817823215645,1558190395,4,47488,49,8094,1.6790271633817726,1545606588,3,47089,49,8083
0.6873306842032814,1549807431,11,47200,49,8112,1.65923400482307,1545609878,10,47111,49,8085,0.6525532867388422,1547706876,5,47151,49,8128,1.361817823215645,1558190395,4,47488,49,8094,1.6790271633817726,1545606588,3,47089,49,8083
1.2748213896942167,1558195693,11,47445,49,8106,0.9078379005251042,1551901796,10,47302,49,8018,1.0928651131830465,1553997802,5,47336,49,8163,1.0991833505015323,1556093159,4,47367,49,8112,0.9722028133709913,1551898009,3,47299,49,8078
1.2748213896942167,1558195693,11,47445,49,8106,0.9078379005251042,1551901796,10,47302,49,8018,1.0928651131830465,1553997802,5,47336,49,8163,0.8618404758285216,1551898843,4,47270,49,8105,0.9722028133709913,1551898009,3,47299,49,8078
0.5380103647752807,1547710106,11,47133,49,8182,0.582678833319156,1547707569,10,47170,49,8103,0.7424105730413025,1549803588,5,47188,49,8096,1.6942233442699806,1545607457,4,47101,49,8062,1.2218848177228294,1556092235,3,47411,49,8109
0.5380103647752807,1547710106,11,47133,49,8182,0.582678833319156,1547707569,10,47170,49,8103,0.7424105730413025,1549803588,5,47188,49,8096,1.6942233442699806,1545607457,4,47101,49,8062,1.2218848177228294,1556092235,3,47411,49,8109
1.292465672764615,1558196015,11,47456,49,8090,1.2176985649892453,1564484576,10,47440,49,8083,1.3492799429818927,1558191335,5,47446,49,11,1.088372226951343,1553996348,4,47361,49,8118,0.6772315621037682,1549800903,3,47187,49,8098
1.292465672764615,1558196015,11,47456,49,8090,1.2176985649892453,1564484576,10,47440,49,8083,1.3492799429818927,1558191335,5,47446,49,11,1.088372226951343,1553996348,4,47361,49,8118,0.6772315621037682,1549800903,3,47187,49,8098
1.6271110373843019,1562390507,12,47599,49,8133,1.3499861406977758,1558193480,10,47487,49,8131,1.1842522345649842,1556094529,5,47376,49,8138,1.6872879381893915,1547704236,4,47097,49,8123,0.9554749279663868,1551897473,3,47299,49,8154
1.6271110373843019,1562390507,12,47599,49,8133,1.3499861406977758,1558193480,10,47487,49,8131,1.1842522345649842,1556094529,5,47376,49,8138,1.6872879381893915,1547704236,4,47097,49,8123,0.9554749279663868,1551897473,3,47299,49,8154
0.7465892774200799,1549807242,11,47224,49,8168,1.4116928242909237,1566581611,9,47522,49,8157,1.037277772121777,1553997483,5,47313,49,8135,1.128863756574003,1556092929,4,47380,49,8077,1.2433025713869024,1558188761,3,47429,49,8104
0.7465892774200799,1549807242,11,47224,49,8168,1.4116928242909237,1566581611,9,47522,49,8157,1.037277772121777,1553997483,5,47313,49,8135,1.128863756574003,1556092929,4,47380,49,8077,1.2433025713869024,1558188761,3,47429,49,8104
0.7020175447900819,1549807936,12,47205,49,8044,1.0540985102874283,1560289797,8,47364,49,8000,1.769192997233008,1547705808,5,47113,49,8118,0.8173728360073638,1551899008,4,47242,49,8144,1.2116852442091068,1556092350,3,47411,49,8172
0.7020175447900819,1549807936,12,47205,49,8044,1.0540985102874283,1560289797,8,47364,49,8000,1.769192997233008,1547705808,5,47113,49,8118,0.8173728360073638,1551899008,4,47242,49,8144,1.2116852442091068,1556092350,3,47411,49,8172
1.3434634898933409,1558195988,12,47476,49,8121,1.6646395662805633,1553998772,10,47122,49,8171,0.6540831340045108,1547706116,5,47150,49,8134,1.3968053385174455,1558190855,4,47489,49,8130,0.7550545609398724,1549800449,3,47216,49,8109
1.3434634898933409,1558195988,12,47476,49,8121,1.6646395662805633,1553998772,10,47122,49,8171,0.6540831340045108,1547706116,5,47150,49,8134,1.3968053385174455,1558190855,4,47489,49,8130,0.7550545609398724,1549800449,3,47216,49,8109
1.2623781858523642,1558196079,11,47439,49,8099,1.3535551151141838,1558192932,9,47496,49,8064,1.3318382575130134,1558190879,4,47441,49,8111,0.9141636456250251,1551899156,4,47293,49,8122,0.7662746307298409,1549800306,3,47218,49,8136
1.2623781858523642,1558196079,11,47439,49,8099,1.3535551151141838,1558192932,9,47496,49,8064,1.3318382575130134,1558190879,4,47441,49,8111,0.9141636456250251,1551899156,4,47293,49,8122,0.7662746307298409,1549800306,3,47218,49,8136
0.8125806440633601,1551904629,12,47249,49,8117,1.7161485454149763,1553998549,8,47141,49,8084,1.7732731905882766,1547706331,6,47113,49,8099,0.7067075093854867,1549801862,4,47199,49,8066,1.5633628510078181,1545606526,3,47051,49,8114
0.8125806440633601,1551904629,12,47249,49,8117,1.7161485454149763,1553998549,8,47141,49,8084,1.7732731905882766,1547706331,6,47113,49,8099,0.7067075093854867,1549801862,4,47199,49,8066,1.5633628510078181,1545606526,3,47051,49,8114
0.7623988744595992,1549806814,10,47229,49,8132,1.4559578002402045,1566581462,8,47548,49,8111,1.3187834901910542,1558191579,5,47433,49,8132,1.6514863138541862,1545607688,4,47088,49,8073,0.6852897114097071,1549800259,3,47188,49,8062
0,1554001762,11,47327,49,8091,1.6921785506333185,1553998686,9,47128,49,8059,1.096638599202047,1553998071,5,47339,49,8137,1.1334532779132462,1556093733,4,47383,49,8136,1.2023017217097467,1556092594,3,47407,49,8168
0.9962731457831303,1554001762,11,47327,49,8091,1.6921785506333185,1553998686,9,47128,49,8059,1.096638599202047,1553998071,5,47339,49,8137,1.1334532779132462,1556093733,4,47383,49,8136,1.2023017217097467,1556092594,3,47407,49,8168
0,1558195618,10,47477,49,8152,0.7940125112312462,1558193326,10,47254,49,8062,0.8838772349990419,1551900799,5,47249,49,8104,0.7388360358572289,1549801414,4,47211,49,8120,1.724208601199541,1547703262,3,47122,49,8082
1.3424429689123527,1558195618,10,47477,49,8152,0.7940125112312462,1558193326,10,47254,49,8062,0.8838772349990419,1551900799,5,47249,49,8104,0.7388360358572289,1549801414,4,47211,49,8120,1.724208601199541,1547703262,3,47122,49,8082
0.6359257870684667,1547708827,9,47172,49,8123,0.7490318370141313,1549804170,10,47239,49,8085,1.034829654983729,1553997874,5,47313,49,8171,1.493800583187689,1560287399,4,47537,49,8110,1.1354943125691086,1556092327,3,47380,49,8177
0.6359257870684667,1547708827,9,47172,49,8123,0.7490318370141313,1549804170,10,47239,49,8085,0,1558191899,5,47439,49,8131,1.493800583187689,1560287399,4,47537,49,8110,1.1354943125691086,1556092327,3,47380,49,8177
1.4761581668023467,1560292803,10,47534,49,8170,1.2192283900948293,1558192238,8,47445,49,8111,1.5047196466107362,1560289260,5,47514,49,8161,1.5537748532545856,1545607469,4,47045,49,8056,1.0308479656863903,1553995085,3,47334,49,8115
1.4761581668023467,1560292803,10,47534,49,8170,1.2192283900948293,1558192238,8,47445,49,8111,1.5047196466107362,1560289260,5,47514,49,8161,1.5537748532545856,1545607469,4,47045,49,8056,1.0308479656863903,1553995085,3,47334,49,8115
1.2411630212159355,1558195089,10,47430,49,8138,0.928441485233624,1553998718,10,47320,49,8047,0.8487912550068085,1549802851,4,47233,49,8130,1.686672669965354,1547704030,3,47110,49,8088,0.9871945116093627,1553994819,3,47314,49,8099
1.2411630212159355,1558195089,10,47430,49,8138,0.928441485233624,1553998718,10,47320,49,8047,0.8487912550068085,1549802851,4,47233,49,8130,1.686672669965354,1547704030,3,47110,49,8088,0.9871945116093627,1553994819,3,47314,49,8099
0.8110508046722794,1551903948,10,47247,49,8170,1.5988545313282823,1551901474,8,47083,49,8024,1.4556606277131083,1558192295,5,47491,49,8163,1.3332620835203328,1558190817,4,47463,49,8141,0.82930670781806,1551897869,3,47246,49,8131
1.2474868633254692,1558194218,9,47432,49,8157,1.6264939060960861,1545610221,10,47108,49,8059,1.3030761243818187,1556094943,5,47427,49,8062,1.124885799260383,1556093614,4,47378,49,8087,1.5441887431677044,1560285691,3,47549,49,8122
1.2474868633254692,1558194218,9,47432,49,8157,1.6264939060960861,1545610221,10,47108,49,8059,1.3030761243818187,1556094943,5,47427,49,8062,1.124885799260383,1556093614,4,47378,49,8087,1.5441887431677044,1560285691,3,47549,49,8122
1.317454322237645,1558196062,12,47466,49,8069,1.1670074543700366,1562387821,10,47417,49,8091,0.8817358231948061,1551900501,5,47246,49,8058,1.0743973134975076,1556092958,4,47361,49,8113,0.6747834527624914,1549800541,3,47185,49,8050
1.317454322237645,1558196062,12,47466,49,8069,1.1670074543700366,1562387821,10,47417,49,8091,0.8817358231948061,1551900501,5,47246,49,8058,1.0743973134975076,1556092958,4,47361,49,8113,0.6747834527624914,1549800541,3,47185,49,8050
0.8646993524034409,1551904931,11,47273,49,8159,1.6359796503316841,1545610465,10,47107,49,8108,1.030137893063784,1553997558,5,47311,49,8184,0.8356305520841139,1551898828,4,47246,49,8094,0.6423518924706154,1547703784,3,47159,49,8124
1.2388171404634258,1558195569,11,47429,49,8140,1.6062992472549433,1545610692,9,47094,49,8073,0.9699610269326417,1551900314,5,47285,49,13,1.8593532687476135,1549801759,4,47169,49,8088,1.284916867752349,1558189184,3,47443,49,8132
1.568872528605621,1562390432,11,47569,49,8090,1.5224591252561048,1568678616,9,47572,49,8089,0.9294694857668107,1551900983,5,47264,49,8126,1.6499527661889704,1547704389,4,47102,49,8090,0.7482213941016487,1549801151,3,47209,49,8098
1.568872528605621,1562390432,11,47569,49,8090,1.5224591252561048,1568678616,9,47572,49,8089,0.9294694857668107,1551900983,5,47264,49,8126,1.6499527661889704,1547704389,4,47102,49,8090,0.7482213941016487,1549801151,3,47209,49,8098
0.6602006329037583,1549806963,11,47182,49,8098,1.4903299458439363,1560289971,10,47559,49,8062,0.9433403016621388,1551900555,5,47272,49,8111,1.5539793428234026,1560287396,4,47554,49,8072,1.3725323779868241,1558189559,3,47472,49,8145
0.6602006329037583,1549806963,11,47182,49,8098,1.4903299458439363,1560289971,10,47559,49,8062,0.9433403016621388,1551900555,5,47272,49,8111,1.5539793428234026,1560287396,4,47554,49,8072,1.3725323779868241,1558189559,3,47472,49,8145
0.8705138623194235,1551901729,6,47272,49,8151,1.4585081555154227,1566582035,9,47543,49,8054,0.9409944207021661,1551900746,5,47271,49,8058,1.3924184147543766,1558190531,4,47490,49,8021,0.686921801955117,1549800728,3,47183,49,8121
0.8705138623194235,1551901729,6,47272,49,8151,1.4585081555154227,1566582035,9,47543,49,8054,0.9409944207021661,1551900746,5,47271,49,8058,1.3924184147543766,1558190531,4,47490,49,8021,0.686921801955117,1549800728,3,47183,49,8121
1.0336027608389988,1554001675,11,47345,49,8118,1.4391295614968476,1560290679,10,47541,49,8169,1.656590714026704,1545609450,5,47063,49,8140,1.1862876531697464,1556093584,4,47399,49,8135,1.2527883484870017,1558188544,3,47427,49,8117
1.0336027608389988,1554001675,11,47345,49,8118,1.4391295614968476,1560290679,10,47541,49,8169,1.656590714026704,1545609450,5,47063,49,8140,1.1862876531697464,1556093584,4,47399,49,8135,1.2527883484870017,1558188544,3,47427,49,8117
1.1455934718953928,1556098336,10,47391,49,8174,1.4170983535556945,1560290801,10,47533,49,8106,0.9028487561513844,1551900447,5,47253,49,8088,0.9472104528330295,1551898755,4,47303,49,8074,0.6555070818462313,1547703462,3,47171,49,8088
0.5950253088503992,1547709236,10,47157,49,8091,1.6606615770654383,1553998548,10,47121,49,8070,1.0795036338537574,1553998518,6,47329,49,8151,1.2248403805262493,1556093224,4,47421,49,8113,1.660871688194458,1545606179,3,47082,49,8110
0,1547709236,10,47157,49,8091,1.6606615770654383,1553998548,10,47121,49,8070,1.0795036338537574,1553998518,6,47329,49,8151,1.2248403805262493,1556093224,4,47421,49,8113,1.660871688194458,1545606179,3,47082,49,8110
1.1876148450397284,1556098936,12,47411,49,8125,0.7230226653550004,1549803198,8,47242,49,8066,1.3109298113187806,1556094418,5,47428,49,8123,1.5524495035034545,1560287279,3,47553,49,8130,1.7605195734424666,1547703738,3,47129,49,8134
1.1876148450397284,1556098936,12,47411,49,8125,0.7230226653550004,1549803198,8,47242,49,8066,1.3109298113187806,1556094418,5,47428,49,8123,1.5524495035034545,1560287279,3,47553,49,8130,1.7605195734424666,1547703738,3,47129,49,8134
0,1556098557,11,47367,49,8116,0.6991567601652706,1549804024,8,47232,49,8074,0.8828567311834754,1551900447,5,47249,49,8172,1.3433575148163257,1558190400,4,47475,49,8099,1.112035515784212,1556092018,3,47367,49,8094
1.0950046133750317,1556098557,11,47367,49,8116,0.6991567601652706,1549804024,8,47232,49,8074,0.8828567311834754,1551900447,5,47249,49,8172,1.3433575148163257,1558190400,4,47475,49,8099,1.112035515784212,1556092018,3,47367,49,8094
0,1554001118,10,47322,49,8099,0.6515253544320598,1556095495,8,47203,49,8077,1.6932065370862095,1545608795,5,47080,49,6,1.1968942959630757,1556093537,4,47407,49,8059,1.6937121691070078,1545606038,3,47104,49,8130
0.9861758210736385,1554001118,10,47322,49,8099,0.6515253544320598,1556095495,8,47203,49,8077,1.6932065370862095,1545608795,5,47080,49,6,1.1968942959630757,1556093537,4,47407,49,8059,1.6937121691070078,1545606038,3,47104,49,8130
0.5204682903063407,1547709975,11,47120,49,8130,1.2222880398584577,1564484688,10,47447,49,8062,1.0035171676999566,1551899296,4,47298,49,8140,1.7436894622912416,1547704766,4,47126,49,8115,0.65673022144054,1549800707,3,47175,49,8076
0.5204682903063407,1547709975,11,47120,49,8130,1.2222880398584577,1564484688,10,47447,49,8062,1.0035171676999566,1551899296,4,47298,49,8140,1.7436894622912416,1547704766,4,47126,49,8115,0.65673022144054,1549800707,3,47175,49,8076
0.8292062907246374,1551904800,11,47250,49,8078,1.3273433374766785,1558193484,10,47489,49,8055,1.2780874796824957,1556094342,4,47413,49,8149,1.872099458822767,1549802034,4,47187,49,8079,1.7065643196216107,1545605661,3,47106,49,8112
0.8292062907246374,1551904800,11,47250,49,8078,1.3273433374766785,1558193484,10,47489,49,8055,1.2780874796824957,1556094342,4,47413,49,8149,1.872099458822767,1549802034,4,47187,49,8079,1.7065643196216107,1545605661,3,47106,49,8112
0.5366849978046224,1547709427,10,47126,49,8073,1.176798033365147,1556095708,9,47429,49,8072,0.8725567734096024,1549803086,5,47237,49,8095,1.63679760725572,1545607433,4,47090,49,8118,1.0309502119996998,1553994371,3,47330,49,8112
0.5366849978046224,1547709427,10,47126,49,8073,1.176798033365147,1556095708,9,47429,49,8072,0.8725567734096024,1549803086,5,47237,49,8095,1.63679760725572,1545607433,4,47090,49,8118,1.0309502119996998,1553994371,3,47330,49,8112
1.124582792046682,1556099234,12,47378,49,8155,0.9124273771136835,1560289328,8,47317,49,8035,1.356317591966008,1558192036,5,47446,49,8116,0.9557779222499716,1553995647,4,47311,49,8094,1.2155609762863178,1556092108,3,47409,49,8088
1.124582792046682,1556099234,12,47378,49,8155,0.9124273771136835,1560289328,8,47317,49,8035,1.356317591966008,1558192036,5,47446,49,8116,0.9557779222499716,1553995647,4,47311,49,8094,1.2155609762863178,1556092108,3,47409,49,8088
0.9707751770756639,1554001271,11,47310,49,8151,1.6019141859572188,1551902008,9,47093,49,8118,1.2914489642653164,1556094698,5,47418,49,8124,0.6775401019629069,1549801637,4,47175,49,8107,1.8201870994679288,1547703670,3,47153,49,8102
0.9707751770756639,1554001271,11,47310,49,8151,1.6019141859572188,1551902008,9,47093,49,8118,1.2914489642653164,1556094698,5,47418,49,8124,0.6775401019629069,1549801637,4,47175,49,8107,1.8201870994679288,1547703670,3,47153,49,8102
0.9923974313798126,1554000782,10,47322,49,8142,0.699361234666445,1549804846,9,47230,49,8123,1.5877437685054268,1560288947,5,47545,49,8122,1.4791137366109819,1562384103,4,47532,49,8118,1.5339891846773543,1543509508,3,47031,49,8096
0.9923974313798126,1554000782,10,47322,49,8142,0.699361234666445,1549804846,9,47230,49,8123,1.5877437685054268,1560288947,5,47545,49,8122,1.4791137366109819,1562384103,4,47532,49,8118,1.5339891846773543,1543509508,3,47031,49,8096
0.6610166785334406,1549807036,11,47179,49,8106,0.5096516415717995,1547707557,9,47138,49,8082,1.1630370745101273,1553997627,5,47365,49,5,1.3266333975552018,1558190438,4,47459,49,8109,0.8503174029534383,1551897550,3,47254,49,8118
0.6610166785334406,1549807036,11,47179,49,8106,0.5096516415717995,1547707557,9,47138,49,8082,1.1630370745101273,1553997627,5,47365,49,5,1.3266333975552018,1558190438,4,47459,49,8109,0.8503174029534383,1551897550,3,47254,49,8118
1.459941495045682,1560292984,11,47522,49,8149,1.4588129566359544,1566581530,9,47552,49,8084,0.7317016778912578,1549803300,5,47178,49,8179,1.0869446192047933,1553995958,4,47361,49,8034,1.39588894947326,1558189003,3,47481,49,8105
1.459941495045682,1560292984,11,47522,49,8149,1.4588129566359544,1566581530,9,47552,49,8084,0.7317016778912578,1549803300,5,47178,49,8179,1.0869446192047933,1553995958,4,47361,49,8034,1.408843357477627,1558189340,3,47482,49,8162
1.6239491284517782,1545612971,11,47082,49,8102,1.4782937935027833,1560289428,9,47561,49,8022,0.9730207173986735,1551900628,5,47284,49,8155,1.30062422921255,1558190578,4,47450,49,8106,1.1331484378011076,1556092285,3,47377,49,8147
1.6239491284517782,1545612971,11,47082,49,8102,1.4782937935027833,1560289428,9,47561,49,8022,0.9730207173986735,1551900628,5,47284,49,8155,1.30062422921255,1558190578,4,47450,49,8106,1.1331484378011076,1556092285,3,47377,49,8147
0.6256239995418611,1547708905,9,47166,49,8129,1.5251117023244651,1568678208,8,47574,49,8078,1.246979463461867,1556095122,5,47398,49,8142,1.474724889332789,1560287237,4,47543,49,8100,1.1321279194442015,1556091981,3,47379,49,8038
0,1558196110,12,47490,49,8129,1.267880290382016,1564485075,10,47464,49,8045,0.8198246511118525,1549804002,5,47218,49,8089,1.2736967802592547,1558190453,4,47442,49,8120,1.5729508713502083,1543508744,3,47049,49,8170
1.3865053937798284,1558196110,12,47490,49,8129,1.267880290382016,1564485075,10,47464,49,8045,0.8198246511118525,1549804002,5,47218,49,8089,1.2736967802592547,1558190453,4,47442,49,8120,1.5729508713502083,1543508744,3,47049,49,8170
1.4901312158057087,1560289906,5,47538,49,8149,1.165375358898192,1556095835,9,47421,49,8035,1.0306472320128388,1553997552,5,47310,49,8178,1.5010427018703718,1560287715,4,47541,49,8067,1.2299429789464011,1556092452,3,47412,49,8084
0.7218051090861403,1549807561,11,47207,49,8115,1.5049164392909986,1562384358,4,47564,49,8048,1.5101252165352312,1560288564,4,47513,49,8098,0.7923823272847522,1551898309,4,47243,49,8071,1.2460593009126213,1556092028,3,47414,49,8090
0.7218051090861403,1549807561,11,47207,49,8115,1.5049164392909986,1562384358,4,47564,49,8048,1.5101252165352312,1560288564,4,47513,49,8098,0.7923823272847522,1551898309,4,47243,49,8071,1.2460593009126213,1556092028,3,47414,49,8090
1.2177042211116296,1556098944,11,47417,49,8072,1.1685372798409384,1562387308,8,47422,49,8085,0.8817358311103146,1551899439,5,47242,49,8103,1.4721783322843196,1560287701,4,47530,49,8141,1.3283677273102092,1558189485,3,47455,49,8100
1.2177042211116296,1556098944,11,47417,49,8072,1.1685372798409384,1562387308,8,47422,49,8085,0.8817358311103146,1551899439,5,47242,49,8103,1.4721783322843196,1560287701,4,47530,49,8141,1.3283677273102092,1558189485,3,47455,49,8100
0.7939158436245404,1549806649,10,47236,49,8158,0.7836084465731393,1558193471,9,47260,49,8123,0.9441563444560179,1551901054,5,47270,49,8177,1.2757359313264018,1558190645,4,47448,49,8123,1.704932238962827,1547703210,3,47107,49,8076
0.8335913447780574,1551904434,11,47255,49,8150,0.5707449168992293,1547706814,10,47179,49,8108,1.1770101247513909,1556094409,5,47371,49,8180,1.4187323944634098,1560287439,4,47510,49,8147,1.3910949469803011,1558189547,3,47480,49,8099
0.8335913447780574,1551904434,11,47255,49,8150,0.5707449168992293,1547706814,10,47179,49,8108,1.1770101247513909,1556094409,5,47371,49,8180,1.4187323944634098,1560287439,4,47510,49,8147,1.3910949469803011,1558189547,3,47480,49,8099
1.7151336174409773,1547709453,11,47116,49,8154,1.0311489823723705,1553998697,10,47369,49,8102,1.127237296827853,1553997457,5,47347,49,8102,1.1809824336366244,1556093138,4,47409,49,8121,1.748483457311974,1547703188,3,47128,49,8068
1.7151336174409773,1547709453,11,47116,49,8154,1.0311489823723705,1553998697,10,47369,49,8102,1.127237296827853,1553997457,5,47347,49,8102,1.1809824336366244,1556093138,4,47409,49,8121,1.748483457311974,1547703188,3,47128,49,8068
0.5327070413788357,1547709825,11,47125,49,12,0.8655097745112786,1551901577,9,47297,49,8112,1.3406102280398977,1558191906,5,47439,49,8083,0.8322641470735033,1551899298,4,47252,49,8082,1.3872192261487561,1558189015,3,47478,49,8122
0.5327070413788357,1547709825,11,47125,49,12,0.8655097745112786,1551901577,9,47297,49,8112,1.3406102280398977,1558191906,5,47439,49,8083,0.8322641470735033,1551899298,4,47252,49,8082,1.3872192261487561,1558189015,3,47478,49,8122
0.6706046695901606,1549807262,11,47181,49,8095,0.8215514830111907,1558193511,10,47280,49,8146,1.6237480261426158,1560288790,5,47559,49,8100,1.1339625857321565,1556093355,4,47390,49,8132,1.3146995211483974,1558189472,3,47453,49,8071
0.6706046695901606,1549807262,11,47181,49,8095,0.8215514830111907,1558193511,10,47280,49,8146,1.6237480261426158,1560288790,5,47559,49,8100,1.1339625857321565,1556093355,4,47390,49,8132,1.3146995211483974,1558189472,3,47453,49,8071
1.277269520550187,1558194702,9,47441,49,8122,1.5748845132948954,1545610535,9,47094,49,8112,1.1311130195213805,1553998088,5,47349,49,8102,0.9106949986048907,1551898495,4,47299,49,8012,1.5688706647893282,1545606134,3,47049,49,8116
1.277269520550187,1558194702,9,47441,49,8122,1.5748845132948954,1545610535,9,47094,49,8112,1.1311130195213805,1553998088,5,47349,49,8102,0.9106949986048907,1551898495,4,47299,49,8012,1.5688706647893282,1545606134,3,47049,49,8116
1.2959343263691687,1558195825,10,47450,49,8153,1.4320919067516438,1560289899,8,47542,49,8096,1.317458134498554,1556094609,5,47426,49,8161,1.1800660342594234,1556093338,4,47402,49,8073,1.1256014730550652,1556092079,3,47371,49,8102
1.2959343263691687,1558195825,10,47450,49,8153,1.4320919067516438,1560289899,8,47542,49,8096,1.317458134498554,1556094609,5,47426,49,8161,1.1800660342594234,1556093338,4,47402,49,8073,1.1256014730550652,1556092079,3,47371,49,8102
0.7891218517309355,1549807155,12,47233,49,8123,1.3996566472426468,1566581838,9,47524,49,8117,0.7589339791062886,1549803560,5,47191,49,8132,0.9373157211929883,1553996005,4,47310,49,8067,1.408841469156879,1558189304,3,47490,49,8058
0.7891218517309355,1549807155,12,47233,49,8123,1.3996566472426468,1566581838,9,47524,49,8117,0.7589339791062886,1549803560,5,47191,49,8132,0.9373157211929883,1553996005,4,47310,49,8067,1.408841469156879,1558189304,3,47490,49,8058
0.8023810974084646,1549807136,11,47239,49,8099,1.1885274340955416,1562386641,9,47434,49,8107,0.8933629996297626,1551900393,5,47249,49,8150,1.1502833818084033,1556093514,4,47392,49,8139,0.9791363611842373,1553994897,3,47311,49,8106
0.7898356550581762,1549807406,12,47234,49,8150,0.9420074168684055,1560290541,10,47331,49,8115,1.4694291981122014,1558191401,5,47497,49,8124,1.333260168396479,1560286892,4,47478,49,8116,1.8231463965562977,1547703757,3,47150,49,8102
0,159807406,12,47234,49,8150,0.9420074168684055,1560290541,10,47331,49,8115,1.4694291981122014,1558191401,5,47497,49,8124,1.333260168396479,1560286892,4,47478,49,8116,1.8231463965562977,1547703757,3,47150,49,8102
0.650714888274434,1547709803,11,47174,49,8078,1.0517525862709047,1562387634,10,47383,49,8079,1.2655420350227233,1556095216,5,47408,49,8102,1.0935732918748735,1556092587,3,47372,49,8120,1.590493417368845,1545606759,3,47063,49,8171
0.650714888274434,1547709803,11,47174,49,8078,1.0517525862709047,1562387634,10,47383,49,8079,1.2655420350227233,1556095216,5,47408,49,8102,1.0935732918748735,1556092587,3,47372,49,8120,0,1545606759,3,47063,49,8171
1.0116738084301848,1554000734,9,47331,49,8145,1.3259138333497589,1564483672,8,47495,49,8143,1.6347636300894948,1560288270,5,47564,49,8149,1.7436894385447939,1547704781,4,47134,49,8121,1.4109847517699041,1558189501,3,47487,49,8043
1.0116738084301848,1554000734,9,47331,49,8145,1.3259138333497589,1564483672,8,47495,49,8143,1.6347636300894948,1560288270,5,47564,49,8149,1.7436894385447939,1547704781,4,47134,49,8121,1.4109847517699041,1558189501,3,47487,49,8043
0.5690161674026849,1547710590,12,47143,49,8105,0.9038598965093716,1560290144,9,47313,49,8109,1.0662443890438773,1553998197,5,47322,49,8137,1.6804529015252705,1545607537,4,47106,49,8068,1.8103964800966144,1547703646,3,47147,49,8142
0.5690161674026849,1547710590,12,47143,49,8105,0.9038598965093716,1560290144,9,47313,49,8109,1.0662443890438773,1553998197,5,47322,49,8137,1.6804529015252705,1545607537,4,47106,49,8068,1.8103964800966144,1547703646,3,47147,49,8142
1.04828962105145,1553998970,6,47348,49,8090,1.1892412324678716,1564484640,10,47443,49,8080,1.4845250055644499,1560288080,4,47501,49,8119,1.1304958183271816,1556093314,4,47386,49,8091,0.9384422023588675,1551897588,3,47288,49,8075
1.04828962105145,1553998970,6,47348,49,8090,1.1892412324678716,1564484640,10,47443,49,8080,1.4845250055644499,1560288080,4,47501,49,8119,1.1304958183271816,1556093314,4,47386,49,8091,0.9384422023588675,1551897588,3,47288,49,8075
0.8292062955441613,1551903910,10,47248,49,1,1.6270032009441868,1553998620,10,47119,49,8072,1.302362329336063,1556094412,5,47423,49,8157,0.9802572298069293,1553996194,4,47323,49,8127,1.3587619295881845,1558189635,3,47471,49,8117
0.8292062955441613,1551903910,10,47248,49,1,1.6270032009441868,1553998620,10,47119,49,8072,1.302362329336063,1556094412,5,47423,49,8157,0.9802572298069293,1553996194,4,47323,49,8127,1.3587619295881845,1558189635,3,47471,49,8117
1.2685998024500795,1558195918,12,47436,49,8126,1.1330423512687107,1556096096,9,47418,49,8087,1.6869849346900305,1545609132,5,47076,49,8085,1.7030956677003528,1547704407,4,47116,49,8100,1.4047612599902324,1558188832,3,47492,49,8117
1.1058157511653033,1554001371,11,47368,49,8058,1.5564241844544655,1568679115,10,47587,49,8091,1.4828929245145082,1560288084,4,47501,49,8139,1.5424544041247377,1545607232,4,47043,49,8118,0.6851874825066342,1549800399,3,47187,49,8114
1.1058157511653033,1554001371,11,47368,49,8058,1.5564241844544655,1568679115,10,47587,49,8091,1.4828929245145082,1560288084,4,47501,49,8139,1.5424544041247377,1545607232,4,47043,49,8118,0.6851874825066342,1549800399,3,47187,49,8114
1.136414439571198,1556098512,11,47380,49,8084,1.552752937495222,1551901982,9,47079,49,8095,1.6291535768844279,1562386195,5,47567,49,8135,1.2402409951381859,1558189574,4,47438,49,8090,1.4634082752122648,1560286587,3,47517,49,8179
1.136414439571198,1556098512,11,47380,49,8084,1.552752937495222,1551901982,9,47079,49,8095,1.6291535768844279,1562386195,5,47567,49,8135,1.2402409951381859,1558189574,4,47438,49,8090,1.4634082752122648,1560286587,3,47517,49,8179
0.8390991501906119,1551904456,11,47255,49,8060,1.0392071451063787,1560289435,9,47370,49,8063,1.1427401770837982,1553997082,4,47360,49,9,1.2295339950038957,1556093353,4,47425,49,8076,0.6930411626035895,1549800838,3,47190,49,8113
0.5406629590596449,1547709592,10,47125,49,8140,1.6365911985710229,1545609971,10,47113,49,8082,1.7705183669641533,1547705815,5,47117,49,8103,1.0625675176082687,1553996274,4,47358,49,8071,1.1058157712094154,1553994926,3,47360,49,8123
0.5406629590596449,1547709592,10,47125,49,8140,1.6365911985710229,1545609971,10,47113,49,8082,1.7705183669641533,1547705815,5,47117,49,8103,1.0625675176082687,1553996274,4,47358,49,8071,1.046657563637668,1553995044,3,47340,49,8112
1.5929433520220597,1562390279,11,47576,49,8070,0.7144551691149884,1558192648,10,47242,49,8094,1.637925544248358,1545608760,5,47057,49,8119,1.4316867967531295,1560287587,4,47515,49,8073,1.569279629727825,1543508873,3,47048,49,8108
1.5929433520220597,1562390279,11,47576,49,8070,0.7144551691149884,1558192648,10,47242,49,8094,1.637925544248358,1545608760,5,47057,49,8119,1.4316867967531295,1560287587,4,47515,49,8073,0,1543508873,3,47048,49,8108
1.3378534620115126,1558196131,12,47469,49,8134,1.3787482145581278,1566581271,8,47521,49,8114,1.165280709498588,1556094325,4,47371,49,8134,0.8110471208938697,1551898988,4,47256,49,8091,0.7709663947084566,1549801003,3,47219,49,8093
1.3378534620115126,1558196131,12,47469,49,8134,1.3787482145581278,1566581271,8,47521,49,8114,1.165280709498588,1556094325,4,47371,49,8134,0.8110471208938697,1551898988,4,47256,49,8091,0.7709663947084566,1549801003,3,47219,49,8093
1.0017809593370441,1554001643,11,47324,49,8106,0.7249614421232304,1558192843,10,47243,49,8102,0.7018167894117602,1547706414,5,47171,49,8160,0.7127246167292899,1549802198,4,47212,49,8086,1.1068344199014553,1553994929,3,47366,49,8116
1.0017809593370441,1554001643,11,47324,49,8106,0.7249614421232304,1558192843,10,47243,49,8102,0.7018167894117602,1547706414,5,47171,49,8160,0.7127246167292899,1549802198,4,47212,49,8086,1.1068344199014553,1553994929,3,47366,49,8116
1.1630351678690076,1556098648,11,47391,49,8130,1.4435145733311925,1566582022,10,47542,49,8074,0.859909088062403,1549802384,4,47237,49,8166,0.930179555583629,1551898674,4,47296,49,8109,0.6591801594266098,1547703546,3,47171,49,8170
0,1554001510,11,47360,49,8087,1.156194418398207,1562387040,10,47433,49,8118,0.6714225690147002,1547706504,5,47157,49,8132,1.1768018619056149,1556093473,4,47406,49,8094,1.529094829606397,1560286387,3,47538,49,8128
1.0886807846707967,1554001510,11,47360,49,8087,1.156194418398207,1562387040,10,47433,49,8118,0.6714225690147002,1547706504,5,47157,49,8132,1.1768018619056149,1556093473,4,47406,49,8094,1.529094829606397,1560286387,3,47538,49,8128
0.8484826730729806,1551904817,12,47259,49,8159,1.2349357173556033,1564484686,9,47453,49,8004,1.744918146759206,1545609049,5,47104,49,8130,0.9316071597027265,1551898505,4,47298,49,8107,1.8119263191542423,1547703685,3,47149,49,8155
0.7357781635761846,1549804816,6,47212,49,8070,0,1558193424,10,47490,49,8084,1.570506552685629,1560288804,4,47542,49,8115,1.1262111316511692,1556093474,4,47390,49,8094,1.1994446445532023,1556092205,3,47410,49,8173
0.7357781635761846,1549804816,6,47212,49,8070,1.294805830886532,1558193424,10,47490,49,8084,1.570506552685629,1560288804,4,47542,49,8115,1.1262111316511692,1556093474,4,47390,49,8094,1.1994446445532023,1556092205,3,47410,49,8173
1.4523945457246645,1560293267,11,47513,49,8118,0,1551901853,9,47101,49,8112,1.1115299222843606,1553997868,5,47346,49,8121,0.8804030172903268,1551898913,4,47288,49,8152,1.4296476609455644,1560286597,3,47505,49,8111
1.4523945457246645,1560293267,11,47513,49,8118,1.6021167901912572,1551901853,9,47101,49,8112,1.1115299222843606,1553997868,5,47346,49,8121,0.8804030172903268,1551898913,4,47288,49,8152,1.4296476609455644,1560286597,3,47505,49,8111
0.5676907939604623,1547710341,11,47139,49,8175,0.951798012076896,1560289638,8,47341,49,8083,1.547863783807582,1560289363,5,47532,49,8153,1.4204686061751868,1560287586,4,47505,49,8131,1.228719848919553,1556092209,3,47411,49,8173
1.1706843743156665,1556098321,10,47395,49,8152,1.1491567781514749,1562386746,8,47430,49,8074,1.0394191784972757,1553997834,5,47317,49,8159,1.1376356935177214,1556093217,4,47390,49,8079,1.3470325236871725,1558189554,3,47467,49,8119
1.1706843743156665,1556098321,10,47395,49,8152,1.1491567781514749,1562386746,8,47430,49,8074,1.0394191784972757,1553997834,5,47317,49,8159,1.1376356935177214,1556093217,4,47390,49,8079,1.3470325236871725,1558189554,3,47467,49,8119
1.4879898286879647,1560291978,9,47532,49,8133,1.3215287975961536,1558192810,9,47492,49,8028,1.5299127767322174,1560288787,4,47524,49,8133,1.690345746242015,1547704156,4,47115,49,8096,1.1331484291355391,1556092175,3,47380,49,8142
1.4879898286879647,1560291978,9,47532,49,8133,1.3215287975961536,1558192810,9,47492,49,8028,1.5299127767322174,1560288787,4,47524,49,8133,1.690345746242015,1547704156,4,47115,49,8096,1.1331484291355391,1556092175,3,47380,49,8142
0.8498080452124924,1551901665,6,47261,49,8119,1.4935947393927023,1568679147,9,47573,49,8131,1.479017194935503,1560288296,4,47503,49,8102,1.4636108394618728,1560287922,4,47530,49,8087,1.2677819011350555,1558189188,3,47436,49,8117
0.8498080452124924,1551901665,6,47261,49,8119,1.4935947393927023,1568679147,9,47573,49,8131,1.479017194935503,1560288296,4,47503,49,8102,1.4636108394618728,1560287922,4,47530,49,8087,1.2677819011350555,1558189188,3,47436,49,8117
1.1011239921977154,1554001749,12,47365,49,8121,1.2200443951447224,1564484728,10,47455,49,8059,1.4735093924399354,1558191270,5,47501,49,8135,0.7935050630607803,1551898814,4,47244,49,8035,0.9824005101273294,1553995089,3,47314,49,8183
1.1011239921977154,1554001749,12,47365,49,8121,1.2200443951447224,1564484728,10,47455,49,8059,1.4735093924399354,1558191270,5,47501,49,8135,0.7935050630607803,1551898814,4,47244,49,8035,0.9824005101273294,1553995089,3,47314,49,8183
0.6225643219413376,1547709903,11,47161,49,8096,1.6300628743244936,1545609807,9,47115,49,8061,1.6244618149485242,1562385310,4,47565,49,8146,0.8852992536066158,1551898656,4,47288,49,8082,1.4977804404719384,1560286577,3,47533,49,8135
0.6225643219413376,1547709903,11,47161,49,8096,1.6300628743244936,1545609807,9,47115,49,8061,1.6244618149485242,1562385310,4,47565,49,8146,0.8852992536066158,1551898656,4,47288,49,8082,1.4977804404719384,1560286577,3,47533,49,8135
1.253708480053282,1556098444,11,47429,49,8121,0.8534755216368753,1551901863,9,47289,49,8088,1.0183062500729647,1553997424,5,47308,49,8128,1.0596100751233057,1553995804,4,47355,49,8126,0.8018699407468874,1549800393,3,47236,49,8137
1.253708480053282,1556098444,11,47429,49,8121,0.8534755216368753,1551901863,9,47289,49,8088,1.0183062500729647,1553997424,5,47308,49,8128,1.0596100751233057,1553995804,4,47355,49,8126,0.8018699407468874,1549800393,3,47236,49,8137
1.3115394586328022,1558195945,11,47454,49,8110,0.990964175524572,1553998972,9,47349,49,8042,1.70340609317521,1545608858,5,47087,49,8101,1.4403546164294747,1560287825,4,47526,49,8072,0.8076844471811419,1549800275,3,47235,49,8130
1.3115394586328022,1558195945,11,47454,49,8110,0.990964175524572,1553998972,9,47349,49,8042,1.70340609317521,1545608858,5,47087,49,8101,1.4403546164294747,1560287825,4,47526,49,8072,0.8076844471811419,1549800275,3,47235,49,8130
0,1560292784,11,47504,49,8090,14.2412874527732,1562387500,8,47425,49,8117,1.169565382151703,1556093961,4,47369,49,8134,1.2302459091318876,1558190156,4,47434,49,8103,0.8038087244616144,1549800491,3,47233,49,8112
1.432097659551652,1560292784,11,47504,49,8090,1.1504840297987078,1562387500,8,47425,49,8117,1.169565382151703,1556093961,4,47369,49,8134,1.2302459091318876,1558190156,4,47434,49,8103,0.8038087244616144,1549800491,3,47233,49,8112
0.9118214525289693,1551904169,10,47286,49,8144,0.7958490311230834,1558193332,10,47262,49,8059,1.5151236852440189,1560289431,5,47520,49,8130,1.856191324857704,1549801811,4,47177,49,8114,1.7455260027785406,1547703300,3,47128,49,8118
0.787592009674754,1549806362,10,47232,49,8171,0.5611587657628615,1553998947,9,47163,49,8100,1.2763531467171267,1556094859,5,47421,49,8118,1.5279682305032054,1545607234,4,47051,49,8097,1.7325753175285,1545605722,3,47111,49,8073
0.7132376297227466,1549807500,12,47201,49,8129,0,1560290740,10,47534,49,8075,0.8676605292800815,1551900589,5,47244,49,8175,1.7798981549021962,1547705102,4,47149,49,8086,0.6529585554407711,1547703463,3,47168,49,8094
0.7132376297227466,1549807500,12,47201,49,8129,1.429032222503357,1560290740,10,47534,49,8075,0.8676605292800815,1551900589,5,47244,49,8175,1.7798981549021962,1547705102,4,47149,49,8086,0.6529585554407711,1547703463,3,47168,49,8094
0.5437226449933859,1547710151,11,47127,49,8134,0,1560290187,10,47557,49,8068,0,1558191947,5,47489,49,8172,0,1545607391,4,47050,49,8141,1.6532206217472196,1545606517,3,47089,49,8150
0.5437226449933859,1547710151,11,47127,49,8134,1.4691147568707161,1560290187,10,47557,49,8068,1.4424013742480695,1558191947,5,47489,49,8172,1.560712132638149,1545607391,4,47050,49,8141,1.6532206217472196,1545606517,3,47089,49,8150
0.944868256401459,1551903115,10,47298,49,8130,1.6193539906416152,1553998621,10,47116,49,8159,1.4290398883916764,1558192263,5,47484,49,8059,1.7267589411828037,1547704896,4,47126,49,8130,0.651530946408444,1547703325,3,47166,49,13
0.944868256401459,1551903115,10,47298,49,8130,1.6193539906416152,1553998621,10,47116,49,8159,1.4290398883916764,1558192263,5,47484,49,8059,1.7267589411828037,1547704896,4,47126,49,8130,0.651530946408444,1547703325,3,47166,49,13
1.6379221819206091,1562390202,11,47599,49,8072,1.0400231781516356,1562387365,9,47380,49,8081,1.6574067403249626,1545608962,5,47069,49,8148,1.0505295213649022,1553995641,4,47364,49,8077,1.138044668636538,1556091546,3,47380,49,8105
1.6379221819206091,1562390202,11,47599,49,8072,1.0400231781516356,1562387365,9,47380,49,8081,1.6574067403249626,1545608962,5,47069,49,8148,1.0505295213649022,1553995641,4,47364,49,8077,1.138044668636538,1556091546,3,47380,49,8105
0.690594860795799,1549807238,11,47191,49,8114,1.5821266222585642,1551902011,9,47089,49,8075,1.7424700246304117,1545608825,4,47107,49,8107,1.3755901487925284,1558190482,4,47489,49,8166,1.2622740996361854,1558189504,3,47434,49,8102
0.690594860795799,1549807238,11,47191,49,8114,1.5821266222585642,1551902011,9,47089,49,8075,1.7424700246304117,1545608825,4,47107,49,8107,1.4402542776527025,1560287480,4,47519,49,8081,1.2622740996361854,1558189504,3,47434,49,8102
1.198834940537052,1556098189,10,47408,49,8191,0.6486701417346586,1556096149,9,47208,49,8070,0.6354183102930172,1547706271,5,47145,49,8122,1.689020378700894,1547704710,4,47112,49,8089,1.555815900718256,1543509288,3,47044,49,8109
1.7325752990164869,1547710195,11,47119,49,8128,0.9411913735412495,1553998355,8,47332,49,8097,0.7031421603041942,1547705156,4,47177,49,8129,1.5618329977559349,1562384699,4,47567,49,8101,1.8506853983703488,1547703303,3,47161,49,8114
0.6336821523187273,1547709688,11,47165,49,8135,0.5764571846347921,1547707451,9,47172,49,8090,1.5869277133331574,1560289043,5,47552,49,24,1.3870128248073397,1560287353,4,47497,49,8161,1.5223620161139162,1560286617,3,47540,49,8085
0.6336821523187273,1547709688,11,47165,49,8135,0.5764571846347921,1547707451,9,47172,49,8090,1.5869277133331574,1560289043,5,47552,49,24,1.3870128248073397,1560287353,4,47497,49,8161,1.5223620161139162,1560286617,3,47540,49,8085
0,1551904236,11,47250,49,8078,0.976277337768921,1560290656,9,47348,49,8108,1.152328167772007,1553997672,5,47366,49,8112,1.6388367572374385,1547704213,4,47100,49,8161,1.713193003851004,1547703496,3,47117,49,8110
0.8330820183167744,1551904236,11,47250,49,8078,0.976277337768921,1560290656,9,47348,49,8108,1.152328167772007,1553997672,5,47366,49,8112,1.6388367572374385,1547704213,4,47100,49,8161,1.713193003851004,1547703496,3,47117,49,8110
0,1551904047,10,47256,49,32,0.985865338618943,1560290514,9,47342,49,8068,1.6777036288064189,1545609484,5,47079,49,8118,1.5762136331196352,1545607618,4,47069,49,8088,0.9566980609330527,1551897526,3,47302,49,8112
0.8487893806581421,1551904047,10,47256,49,32,0.985865338618943,1560290514,9,47342,49,8068,1.6777036288064189,1545609484,5,47079,49,8118,1.5762136331196352,1545607618,4,47069,49,8088,0.9566980609330527,1551897526,3,47302,49,8112
0,1551900313,5,47244,49,8149,0.8914166917302067,1551901409,10,47308,49,8055,0.954355888789951,1551899954,4,47283,49,8143,1.4390292545727303,1560287712,4,47526,49,8100,1.4128194179950202,1560285964,3,47496,49,8105
0.8239029660650051,1551900313,5,47244,49,8149,0,1558190075,4,47442,49,8123,0.954355888789951,1551899954,4,47283,49,8143,1.4390292545727303,1560287712,4,47526,49,8100,1.4128194179950202,1560285964,3,47496,49,8105
1.3733483963805784,1558195878,11,47481,49,16,1.1515026620478463,1556095830,9,47430,49,8057,0.9176378318883616,1551900836,5,47267,49,8174,1.7301234673764911,1547704170,3,47136,49,8128,1.2960347032407475,1558189522,3,47449,49,8096
1.3733483963805784,1558195878,11,47481,49,16,1.1515026620478463,1556095830,9,47430,49,8057,0.9176378318883616,1551900836,5,47267,49,8174,1.7301234673764911,1547704170,3,47136,49,8128,1.2960347032407475,1558189522,3,47449,49,8096
1.4430110201931539,1560293434,12,47510,49,8121,0,1553998633,8,47158,49,8006,1.5167557647064125,1560289508,5,47521,49,8126,1.7711261881307023,1547704927,4,47150,49,8116,0.8101307109315532,1551897860,3,47245,49,8128
1.4430110201931539,1560293434,12,47510,49,8121,0.5550394024153726,1553998633,8,47158,49,8006,1.5167557647064125,1560289508,5,47521,49,8126,1.7711261881307023,1547704927,4,47150,49,8116,0.8101307109315532,1551897860,3,47245,49,8128
1.0902106257191524,1554000771,10,47361,49,8164,0.8935580927265887,1553998496,10,47311,49,8027,1.743388296356015,1545608800,5,47107,49,8148,1.2078076179883401,1556093353,4,47425,49,8058,1.0944934488153233,1553995100,3,47361,49,8122
1.0902106257191524,1554000771,10,47361,49,8164,0.8935580927265887,1553998496,10,47311,49,8027,1.743388296356015,1545608800,5,47107,49,8148,1.2078076179883401,1556093353,4,47425,49,8058,1.0944934488153233,1553995100,3,47361,49,8122
1.4483143387017305,1560293094,11,47514,49,9,0,1549804995,10,47219,49,8070,1.326534923847779,1558191276,4,47442,49,8117,1.5337846658701715,1562384765,4,47557,49,8097,0.9428272458489879,1553994698,3,47296,49,8108
1.4483143387017305,1560293094,11,47514,49,9,0.6883456320044848,1549804995,10,47219,49,8070,1.326534923847779,1558191276,4,47442,49,8117,1.5337846658701715,1562384765,4,47557,49,8097,0.9428272458489879,1553994698,3,47296,49,8108
1.5263399583486261,1560292628,11,47549,49,8149,0,1558192684,8,47297,49,8110,0.6837635386289443,1547706328,5,47168,49,8153,1.4961464254797545,1560287704,4,47550,49,8127,1.7159478253644245,1547703022,3,47116,49,8125
1.5263399583486261,1560292628,11,47549,49,8149,0.8579628186815162,1558192684,8,47297,49,8110,0.6837635386289443,1547706328,5,47168,49,8153,1.4961464254797545,1560287704,4,47550,49,8127,1.7159478253644245,1547703022,3,47116,49,8125
1.1870032974143516,1556095612,5,47404,49,8091,1.3238746923763534,1558193003,9,47489,49,8065,0.9307948436657607,1551900450,5,47274,49,8114,1.0189140575772857,1553995689,4,47341,49,8114,0.9077412725372633,1551897639,3,47280,49,8163
1.1870032974143516,1556095612,5,47404,49,8091,1.3238746923763534,1558193003,9,47489,49,8065,0.9307948436657607,1551900450,5,47274,49,8114,1.0189140575772857,1553995689,4,47341,49,8114,0.9077412725372633,1551897639,3,47280,49,8163
1.2261694690883207,1556097489,9,47420,49,8177,1.4818647050498632,1568678671,10,47564,49,8107,1.480649268026916,1560289199,5,47507,49,8133,1.0601193889694558,1553996294,4,47361,49,8100,1.7081963809801597,1547702850,3,47112,49,8137
0.9903582698921399,1554001955,12,47315,49,8148,1.624452851215903,1545609937,9,47110,49,8032,0.628380661356778,1547706747,5,47145,49,8128,1.8203878095666848,1549801568,4,47179,49,8108,1.0362535197159821,1553995088,3,47340,49,8124
0.7310864047681839,1549806268,9,47209,49,8066,1.347231250015028,1566581385,10,47500,49,8090,0.8893850210547335,1551900502,5,47258,49,8099,1.394559757452053,1560287293,4,47510,49,8018,1.552042418474273,1545606156,3,47043,49,8083
0.7310864047681839,1549806268,9,47209,49,8066,1.347231250015028,1566581385,10,47500,49,8090,0.8893850210547335,1551900502,5,47258,49,8099,1.394559757452053,1560287293,4,47510,49,8018,1.552042418474273,1545606156,3,47043,49,8083
1.2197433899836312,1556098147,10,47418,49,8081,0.9776027085732242,1553999111,9,47348,49,8078,0.9808743784936651,1551900040,4,47297,49,8154,0.6723352955590173,1549801619,4,47199,49,8059,1.7036068560451578,1545606201,3,47109,49,8078
1.3652902335358448,1558196349,13,47479,49,8098,1.3300962915506058,1564483875,8,47492,49,8079,1.5087998358122547,1560289116,5,47521,49,8090,0.7448531182315873,1549801767,4,47232,49,8109,1.5514308632647034,1560286579,3,47553,49,8074
1.3652902335358448,1558196349,13,47479,49,8098,1.3300962915506058,1564483875,8,47492,49,8079,1.5087998358122547,1560289116,5,47521,49,8090,0.7448531182315873,1549801767,4,47232,49,8109,1.5514308632647034,1560286579,3,47553,49,8074
1.5667311484714843,1562389831,11,47560,49,8096,1.7005434025455326,1553998846,9,47132,49,8091,0.8489957097716164,1549803390,5,47238,49,8103,0.9395611948607278,1553995998,4,47315,49,8123,1.3752853273592327,1558188862,3,47480,49,8135
1.1403924024571321,1556097544,9,47380,49,8092,1.1765935560253664,1556096020,10,47429,49,8098,0.8660284462207384,1551900768,5,47247,49,8160,1.2799183422594986,1558190253,4,47458,49,8119,1.8159042733487483,1547703719,3,47152,49,8127
1.1403924024571321,1556097544,9,47380,49,8092,1.1765935560253664,1556096020,10,47429,49,8098,0.8660284462207384,1551900768,5,47247,49,8160,1.2799183422594986,1558190253,4,47458,49,8119,1.8159042733487483,1547703719,3,47152,49,8127
1.4491303821218313,1560293272,11,47513,49,8115,0.521176579742664,1553998956,9,47143,49,8030,1.462086697532512,1560289042,5,47499,49,8130,0.9330347436090943,1553995653,4,47307,49,8117,1.8368127256262652,1547703897,3,47163,49,8088
1.4491303821218313,1560293272,11,47513,49,8115,0.521176579742664,1553998956,9,47143,49,8030,1.462086697532512,1560289042,5,47499,49,8130,0.9330347436090943,1553995653,4,47307,49,8117,1.8368127256262652,1547703897,3,47163,49,8088
1.726863028600373,1547710155,11,47118,49,8079,1.0011637471885035,1553999136,10,47358,49,8091,0.7916740590693103,1549802971,4,47216,49,8167,1.0487970564771283,1556092748,4,47364,49,8111,1.775003788160355,1547703854,3,47137,49,8115
1.726863028600373,1547710155,11,47118,49,8079,1.0011637471885035,1553999136,10,47358,49,8091,0.7916740590693103,1549802971,4,47216,49,8167,1.0487970564771283,1556092748,4,47364,49,8111,1.775003788160355,1547703854,3,47137,49,8115
1.6381266560597942,1562390111,11,47596,49,8176,0.9168142986511774,1560290530,10,47321,49,8097,0.9752643415910832,1551900430,5,47296,49,8110,1.233510049263053,1558189739,4,47441,49,8066,1.39711205250769,1558189112,3,47490,49,8133
1.6381266560597942,1562390111,11,47596,49,8176,0.9168142986511774,1560290530,10,47321,49,8097,0.9752643415910832,1551900430,5,47296,49,8110,1.233510049263053,1558189739,4,47441,49,8066,1.39711205250769,1558189112,3,47490,49,8133
1.2859392507407328,1558195468,10,47441,49,8103,1.6818767257706526,1547707087,9,47132,49,8050,0.8748004010334977,1551900693,5,47249,49,8054,1.7815302138586295,1549801554,4,47156,49,8078,0.6695823483598865,1549800804,3,47183,49,8161
1.6412885703537232,1562390829,12,47599,49,8043,1.065011830471519,1562386794,8,47380,49,8076,1.3103182333665861,1558191369,5,47434,49,8105,1.4338281700585496,1560287703,4,47525,49,8119,0.7017108727673947,1549800441,3,47196,49,8122
1.6412885703537232,1562390829,12,47599,49,8043,1.065011830471519,1562386794,8,47380,49,8076,1.3103182333665861,1558191369,5,47434,49,8105,1.4338281700585496,1560287703,4,47525,49,8119,0.7017108727673947,1549800441,3,47196,49,8122
0.9188590921533144,1551904198,11,47290,49,8098,1.073274475320698,1562384490,4,47379,49,8067,0.8464453618703581,1549803023,5,47238,49,8126,0.8559255505941956,1551898963,4,47275,49,8095,1.4279133310607734,1560286463,3,47508,49,8158
1.5186907582927425,1560292750,11,47545,49,8087,0.8181850901928407,1558193055,8,47272,49,8123,0.7409829513293832,1549803332,5,47192,49,8121,1.4977804154806313,1560287255,4,47542,49,8157,0.8595986609705221,1551898294,3,47269,49,8057
1.5186907582927425,1560292750,11,47545,49,8087,0.8181850901928407,1558193055,8,47272,49,8123,0.7409829513293832,1549803332,5,47192,49,8121,1.4977804154806313,1560287255,4,47542,49,8157,0.8595986609705221,1551898294,3,47269,49,8057
1.1870032948450029,1556098233,10,47405,49,8130,0,1553998341,10,47118,49,8101,1.0928651013097839,1553998176,5,47342,49,8179,1.1565011968552839,1558190053,4,47416,49,8127,1.7006493956652753,1545606106,3,47111,49,8119
1.1870032948450029,1556098233,10,47405,49,8130,1.6286352838282272,1553998341,10,47118,49,8101,0,1549803771,5,47209,49,8070,1.1565011968552839,1558190053,4,47416,49,8127,1.7006493956652753,1545606106,3,47111,49,8119
1.22321202525165,1556097885,10,47418,49,8125,0.8960062199212171,1553998819,10,47317,49,8097,1.003007820293114,1553997353,5,47303,49,8068,0.6743744818927944,1549801880,4,47199,49,8143,1.2098505461797489,1556092225,3,47411,49,8091
1.22321202525165,1556097885,10,47418,49,8125,0.8960062199212171,1553998819,10,47317,49,8097,1.003007820293114,1553997353,5,47303,49,8068,0.6743744818927944,1549801880,4,47199,49,8143,1.2098505461797489,1556092225,3,47411,49,8091
0.9918881066011238,1554001830,12,47318,49,8115,1.0211539071167677,1553998359,8,47362,49,8056,0.657347273153016,1547706286,5,47156,49,8186,0.9654699943651135,1553996136,4,47313,49,8090,1.531236208180389,1543508610,3,47036,49,8118
1.1814954933551614,1556098770,11,47403,49,8118,1.5384731852027356,1568678822,9,47578,49,8053,0.9989276253058923,1551900533,5,47303,49,8125,1.6239472815579976,1545607812,4,47089,49,8048,0.926508304896702,1551897468,3,47293,49,8093
1.1814954933551614,1556098770,11,47403,49,8118,1.5384731852027356,1568678822,9,47578,49,8053,0.9989276253058923,1551900533,5,47303,49,8125,1.6239472815579976,1545607812,4,47089,49,8048,0.926508304896702,1551897468,3,47293,49,8093
1.2953227691865865,1558195046,9,47447,49,8128,1.1970949174742374,1556095612,10,47437,49,8078,1.7584840892186768,1545608543,5,47112,49,8105,1.809985640825891,1547704656,4,47169,49,8182,1.691468493095391,1547703389,3,47113,49,8115
1.2953227691865865,1558195046,9,47447,49,8128,1.1970949174742374,1556095612,10,47437,49,8078,1.7584840892186768,1545608543,5,47112,49,8105,1.809985640825891,1547704656,4,47169,49,8182,1.691468493095391,1547703389,3,47113,49,8115
1.1542632041727203,1556099126,12,47390,49,8137,1.607013037877513,1545610328,10,47106,49,8105,0.6041058156880268,1547706429,5,47134,49,8142,0.9562890848144071,1553996380,4,47315,49,8050,0.7967710642744994,1549801110,3,47237,49,8119
1.1542632041727203,1556099126,12,47390,49,8137,1.607013037877513,1545610328,10,47106,49,8105,0.6041058156880268,1547706429,5,47134,49,8142,0.9562890848144071,1553996380,4,47315,49,8050,0.7967710642744994,1549801110,3,47237,49,8119
1.3090913322584408,1558196263,11,47456,49,8143,0.8867249387630883,1560290069,10,47312,49,8113,1.5281784497791115,1560289312,5,47527,49,8161,1.655157530118843,1545607273,4,47103,49,8114,1.3852803940736511,1558189478,3,47491,49,8161
1.3090913322584408,1558196263,11,47456,49,8143,0.8867249387630883,1560290069,10,47312,49,8113,1.5281784497791115,1560289312,5,47527,49,8161,1.655157530118843,1545607273,4,47103,49,8114,1.3852803940736511,1558189478,3,47491,49,8161
1.4397468541645997,1560293032,11,47511,49,8056,1.319794482146894,1558192872,10,47498,49,8069,0.6914127577864235,1547706165,5,47171,49,8139,0.8426663070818645,1551899254,4,47269,49,8082,1.6969762846829828,1547703358,3,47118,49,8078
1.4397468541645997,1560293032,11,47511,49,8056,1.319794482146894,1558192872,10,47498,49,8069,0.6914127577864235,1547706165,5,47171,49,8139,0.8426663070818645,1551899254,4,47269,49,8082,1.6969762846829828,1547703358,3,47118,49,8078
1.2765557227835014,1558195456,11,47439,49,8072,1.3946600706379104,1560289839,9,47516,49,8095,0.8709246851824269,1551900158,5,47243,49,8062,0.8615355879673423,1551899199,4,47276,49,8102,0.6414335941927608,1547703033,3,47171,49,8102
1.167522448536085,1556097591,9,47396,49,8100,0,1553998421,9,47362,49,8038,1.2873687525179942,1556094515,5,47424,49,8084,1.1170320806485066,1556092582,4,47387,49,8093,1.0410474966636176,1553995186,3,47349,49,8141
1.6484284481849003,1562390237,11,47601,49,8158,1.4015954672224822,1560290738,10,47528,49,8102,1.4939085173076558,1560288413,4,47511,49,8139,1.0944915560418185,1556093388,4,47376,49,8099,1.0853143822070348,1553994737,3,47363,49,8103
1.6484284481849003,1562390237,11,47601,49,8158,1.4015954672224822,1560290738,10,47528,49,8102,1.4939085173076558,1560288413,4,47511,49,8139,1.0944915560418185,1556093388,4,47376,49,8099,1.0853143822070348,1553994737,3,47363,49,8103
1.5186907582927425,1560292600,11,47545,49,8118,0.5597293225732463,1547707152,10,47174,49,8116,1.4773851096294481,1560288950,5,47505,49,8101,1.827122471627746,1549801739,4,47169,49,8088,0.788712904206901,1551897741,3,47239,49,8078
1.5186907582927425,1560292600,11,47545,49,8118,0.5597293225732463,1547707152,10,47174,49,8116,1.4773851096294481,1560288950,5,47505,49,8101,1.827122471627746,1549801739,4,47169,49,8088,0.788712904206901,1551897741,3,47239,49,8078
1.4016012045345778,1558195354,11,47493,49,8095,0.7055828326483121,1549804835,10,47234,49,8069,1.6719913637406831,1545608513,4,47077,49,8136,1.8382365731177293,1549801802,4,47188,49,8153,1.081029705595229,1556091325,3,47365,49,8050
1.4016012045345778,1558195354,11,47493,49,8095,0.7055828326483121,1549804835,10,47234,49,8069,1.6719913637406831,1545608513,4,47077,49,8136,1.8382365731177293,1549801802,4,47188,49,8153,1.081029705595229,1556091325,3,47365,49,8050
0.5383170758654562,1547710271,11,47125,49,8084,1.0079968997906832,1553998104,8,47365,49,8084,1.5199176903045302,1560289331,5,47520,49,8128,1.1891428149972347,1556093163,4,47416,49,8122,1.7353264128166213,1547703284,3,47134,49,8159
0.5383170758654562,1547710271,11,47125,49,8084,1.0079968997906832,1553998104,8,47365,49,8084,1.5199176903045302,1560289331,5,47520,49,8128,1.1891428149972347,1556093163,4,47416,49,8122,1.7353264128166213,1547703284,3,47134,49,8159
1.539905923002378,1560292987,12,47555,49,8050,0.791666599399185,1558193270,10,47262,49,8088,1.620688328259262,1562386132,5,47566,49,8155,1.1686414501818894,1556093759,4,47409,49,8066,0.8125788045760691,1551898128,3,47253,49,8090
1.539905923002378,1560292987,12,47555,49,8050,0.791666599399185,1558193270,10,47262,49,8088,1.620688328259262,1562386132,5,47566,49,8155,1.1686414501818894,1556093759,4,47409,49,8066,0.8125788045760691,1551898128,3,47253,49,8090
0.8120713195514522,1551903138,10,47243,49,8118,1.3207127599228752,1558192867,10,47499,49,8062,0.9918899844048517,1551900114,4,47299,49,8133,0.8048273631183789,1551899051,4,47248,49,8084,0.7819819691005753,1549800430,3,47233,49,8142
0.8120713195514522,1551903138,10,47243,49,8118,1.3207127599228752,1558192867,10,47499,49,8062,0.9918899844048517,1551900114,4,47299,49,8133,0.8048273631183789,1551899051,4,47248,49,8084,0.7819819691005753,1549800430,3,47233,49,8142
0.9041722369098815,1551901453,5,47284,49,8063,0.9780116577052994,1553999250,10,47347,49,8096,1.7465502160220858,1545609195,5,47108,49,8080,1.1291723171206638,1556093406,4,47380,49,8111,0.6139949958822039,1547703080,3,47168,49,8105
0.9041722369098815,1551901453,5,47284,49,8063,0.9780116577052994,1553999250,10,47347,49,8096,1.7465502160220858,1545609195,5,47108,49,8080,1.1291723171206638,1556093406,4,47380,49,8111,0.7515859101973971,1549799764,3,47227,49,8142
1.025953560658919,1554001666,11,47338,49,8113,0.6102177825564203,1556096022,10,47185,49,8117,1.1439651576406302,1553997794,5,47360,49,8112,0.8795888298761528,1551899182,4,47283,49,8074,1.4702414006491,1560285974,3,47533,49,8072
1.025953560658919,1554001666,11,47338,49,8113,0.6102177825564203,1556096022,10,47185,49,8117,1.1439651576406302,1553997794,5,47360,49,8112,0.8795888298761528,1551899182,4,47283,49,8074,1.4702414006491,1560285974,3,47533,49,8072
1.5761146623531535,1562389124,10,47568,49,8167,1.3102083744314028,1564484822,9,47482,49,8086,1.737166692054512,1545609293,5,47104,49,8100,1.3259176812802358,1558190886,4,47475,49,8044,1.7834690136541897,157703840,4,47150,49,8151
1.5761146623531535,1562389124,10,47568,49,8167,1.3102083744314028,1564484822,9,47482,49,8086,1.737166692054512,1545609293,5,47104,49,8100,1.3259176812802358,1558190886,4,47475,49,8044,1.7834690136541897,1547703840,4,47150,49,8151
0.8580706606430955,1551904670,12,47264,49,8148,0,1562387501,10,47376,49,8062,1.239941804838705,1556095243,5,47403,49,8062,1.6628067367080226,1547704442,4,47108,49,8073,1.0910247896938468,1556092058,4,47371,49,8086
0.6814157988959769,1549807508,12,47188,49,8129,1.444942162932603,1566581896,9,47553,49,8078,1.1288693576935198,1553997554,5,47356,49,8149,1.3394836492611577,1558190574,4,47478,49,8163,1.3672290309923303,1558189176,3,47479,49,8069
1.4707526123491426,1560292306,10,47529,49,8109,0,1562386427,8,47433,49,8142,1.7674586742300695,1547706100,5,47119,49,8142,0.9254859245967817,1551898864,4,47305,49,8150,1.1017336736760535,1556092177,3,47378,49,8119
1.4707526123491426,1560292306,10,47529,49,8109,1.1664962333947562,1562386427,8,47433,49,8142,1.7674586742300695,1547706100,5,47119,49,8142,0.9254859245967817,1551898864,4,47305,49,8150,1.1017336736760535,1556092177,3,47378,49,8119
0.9433384075326505,1551904401,12,47300,49,8106,0,1564483972,8,47464,49,8088,1.7481822933697446,1545608938,5,47108,49,8105,1.2532976283296957,1558190555,4,47443,49,8065,1.6976919407800062,1545606160,3,47111,49,8086
0.9433384075326505,1551904401,12,47300,49,8106,1.2743063792757845,1564483972,8,47464,49,8088,1.7481822933697446,1545608938,5,47108,49,8105,1.2532976283296957,1558190555,4,47443,49,8065,1.6976919407800062,1545606160,3,47111,49,8086
1.6987124495801023,1545612285,10,47110,49,8124,0,1566582024,9,47518,49,8166,0.6987570953106121,1547705580,5,47173,49,2,1.6485288349158402,1545607662,4,47096,49,8142,1.0976553478741673,1556092044,3,47370,49,8136
1.6987124495801023,1545612285,10,47110,49,8124,1.3716083334204823,1566582024,9,47518,49,8166,0.6987570953106121,1547705580,5,47173,49,2,1.6485288349158402,1545607662,4,47096,49,8142,1.0976553478741673,1556092044,3,47370,49,8136
1.3951751150394152,1558194974,10,47494,49,8175,0.7898300512562657,1551901174,8,47262,49,8068,0.8112571431778821,1549802849,4,47225,49,8129,0.6685618202241418,1549801042,4,47192,49,8106,1.740427122491827,1547703698,3,47132,49,8114
1.3951751150394152,1558194974,10,47494,49,8175,0.7898300512562657,1551901174,8,47262,49,8068,0.8112571431778821,1549802849,4,47225,49,8129,0.6685618202241418,1549801042,4,47192,49,8106,1.740427122491827,1547703698,3,47132,49,8114
1.0447206063598216,1554000826,10,47346,49,8168,0.635308669631437,1549803836,8,47201,49,8072,1.4417898068171522,1558192100,5,47491,49,8158,1.5390879868918348,1545607006,3,47047,49,8103,1.547859946762606,1545606165,4,47052,49,8141
1.0447206063598216,1554000826,10,47346,49,8168,0.635308669631437,1549803836,8,47201,49,8072,1.4417898068171522,1558192100,5,47491,49,8158,1.5390879868918348,1545607006,3,47047,49,8103,1.547859946762606,1545606165,4,47052,49,8141
1.5124691522659262,1560292954,12,47544,49,8140,0.8144116074899845,1551901758,9,47277,49,8084,1.4351592421204231,1558190976,,47492,49,8062,0.7212920965280563,1549802137,4,47217,49,8113,0.9577185425446706,1553994901,3,47312,49,8102
1.5124691522659262,1560292954,12,47544,49,8140,0.8144116074899845,1551901758,9,47277,49,8084,1.4351592421204231,1558190976,4,47492,49,8062,1.0288069091109542,1553995880,4,47346,49,8105,0.9577185425446706,1553994901,3,47312,49,8102
1.4251622492823877,1560293031,11,47504,49,8116,1.3137773704229385,1558193167,10,47493,49,8104,1.0411534788191494,1553997735,5,47323,49,8032,1.4637130796401316,1560287000,4,47530,49,8102,0.8377719192291991,1551897402,3,47264,49,8093
1.4251622492823877,1560293031,11,47504,49,8116,1.3137773704229385,1558193167,10,47493,49,8104,1.0411534788191494,1553997735,5,47323,49,8032,0,1560287000,4,47530,49,8102,0.8377719192291991,1551897402,3,47264,49,8093
1.0572660495933897,1554001603,11,47351,49,8114,1.3401936058983126,1566581608,10,47506,49,8149,1.6783151920856605,1545609547,6,47084,49,8110,1.8105972097615943,1547704847,4,47169,49,8134,1.5202186844059375,1545606321,4,47045,49,8122
1.0572660495933897,1554001603,11,47351,49,8114,1.3401936058983126,1566581608,10,47506,49,8149,1.6783151920856605,1545609547,6,47084,49,8110,1.8105972097615943,1547704847,4,47169,49,8134,1.5202186844059375,1545606321,4,47045,49,8122
1.352030979712102,1558194923,9,47477,49,8141,1.2063761953355023,1564484284,9,47442,49,8050,1.6620984943294344,1545609368,5,47075,49,8131,1.048798947974065,1556092686,3,47350,49,8157,0.7730055373457348,1549800673,3,47235,49,8110
1.352030979712102,1558194923,9,47477,49,8141,1.2063761953355023,1564484284,9,47442,49,8050,1.6620984943294344,1545609368,5,47075,49,8131,1.048798947974065,1556092686,3,47350,49,8157,0.7730055373457348,1549800673,3,47235,49,8110
1.7026904082593253,1545612152,10,47111,49,8143,1.1476288444933613,1562387918,9,47410,49,8064,1.6949408282159428,1545609064,5,47089,49,8128,0.7824894602593896,1549801518,4,47241,49,8077,0.9478238314145925,1553995077,4,47313,49,8108
1.7026904082593253,1545612152,10,47111,49,8143,1.1476288444933613,1562387918,9,47410,49,8064,1.6949408282159428,1545609064,5,47089,49,8128,0.7824894602593896,1549801518,4,47241,49,8077,0.9478238314145925,1553995077,4,47313,49,8108
0,1560290446,6,47522,49,8078,0.848781907517757,1558193285,9,47298,49,8108,1.0778715351167365,1553997386,5,47339,49,8134,1.2797157659558516,1558190380,4,47446,49,8074,0.7411837180356383,1549800874,3,47219,49,8113
1.4559635296930795,1560290446,6,47522,49,8078,0.848781907517757,1558193285,9,47298,49,8108,1.0778715351167365,1553997386,5,47339,49,8134,1.2797157659558516,1558190380,4,47446,49,8074,0,1549800874,3,47219,49,8113
0,1554001426,11,47356,49,8160,1.303986788606241,1558193731,10,47475,49,8102,1.3922195848222978,1558191771,5,47473,49,8120,1.1836331336986212,1558190322,4,47420,49,8117,1.2544203833234113,1558189470,3,47443,49,8086
1.0673633737699977,1554001426,11,47356,49,8160,0,1549804259,8,47211,49,8050,1.3922195848222978,1558191771,5,47473,49,8120,1.1836331336986212,1558190322,4,47420,49,8117,1.2544203833234113,1558189470,3,47443,49,8086
1.2929768836305118,1558196036,11,47448,49,8156,0.8338924576521664,1558193701,9,47276,49,8087,1.238921282031981,1556094710,5,47408,49,8088,1.4819689056295344,1560287259,4,47543,49,8036,1.0834778196918318,1553995016,3,47367,49,8128
0.9971914279021334,1554000579,9,47324,49,8144,1.5930400018040385,1545610656,10,47097,49,8083,1.0951087351853097,1553997816,5,47349,49,8100,0.7940162379868607,1551898815,4,47241,49,8102,0.8104373910859268,1551897615,3,47252,49,8130
0.9971914279021334,1554000579,9,47324,49,8144,1.5930400018040385,1545610656,10,47097,49,8083,1.0951087351853097,1553997816,5,47349,49,8100,0.7940162379868607,1551898815,4,47241,49,8102,0.8104373910859268,1551897615,3,47252,49,8130
1.2325955433783298,1556098215,11,47424,49,8089,0.6065446959442886,1556096241,9,47185,49,8052,0.954151404748565,1551899625,4,47291,49,8157,0.7813685602691802,1549801933,4,47237,49,8153,1.540413332583552,1545606470,3,47052,49,8077
1.2325955433783298,1556098215,11,47424,49,8089,0.6065446959442886,1556096241,9,47185,49,8052,0.954151404748565,1551899625,4,47291,49,8157,0.7813685602691802,1549801933,4,47237,49,8153,1.540413332583552,1545606470,3,47052,49,8077
1.0603257316560974,1554001636,12,47353,49,8129,1.047060836910451,1553995533,4,47370,49,8119,1.2844112933619451,1556094352,5,47429,49,8089,1.2514629551627394,1558189890,4,47436,49,8130,1.719721290953925,1547703607,3,47126,49,8114
1.428221929201091,1560293107,11,47506,49,8080,1.6278192518125576,1553998126,9,47116,49,8091,1.024018503262156,1553997798,5,47318,49,8130,0.9186527619252456,1553996017,4,47299,49,8178,1.1114239170206441,1556092156,3,47378,49,8084
1.428221929201091,1560293107,11,47506,49,8080,1.6278192518125576,1553998126,9,47116,49,8091,1.024018503262156,1553997798,5,47318,49,8130,0.9186527619252456,1553996017,4,47299,49,8178,1.1114239170206441,1556092156,3,47378,49,8084
1.4685089742623225,1560290349,6,47527,49,8120,0.5607498405313549,1547707649,9,47162,49,8033,1.6677085232758562,1545609165,5,47079,49,8121,1.2483010341617353,1558189635,3,47435,49,8118,1.3461161062544764,1558189643,3,47469,49,8155
1.4685089742623225,1560290349,6,47527,49,8120,0.5607498405313549,1547707649,9,47162,49,8033,1.6677085232758562,1545609165,5,47079,49,8121,1.2483010341617353,1558189635,3,47435,49,8118,1.3461161062544764,1558189643,3,47469,49,8155
1.7277812942235822,1547710018,11,47121,49,8050,1.4658525269443177,1566582053,10,47544,49,8060,0.9808743702589828,1551900014,5,47301,49,8095,1.326324756593536,1558190587,4,47478,49,8120,0.7865714975716729,1549800342,3,47235,49,8099
1.7277812942235822,1547710018,11,47121,49,8050,1.4658525269443177,1566582053,10,47544,49,8060,0.9808743702589828,1551900014,5,47301,49,8095,1.326324756593536,1558190587,4,47478,49,8120,0.7865714975716729,1549800342,3,47235,49,8099
1.7151336150152652,1547710011,11,47117,49,8072,0.6843676951009589,1556096620,10,47212,49,8059,1.1913920934099105,1556095056,5,47389,49,8113,1.55999642118175,1545607542,4,47059,49,8113,0.8115582954582112,1551898215,3,47254,49,8089
1.7151336150152652,1547710011,11,47117,49,8072,0.6843676951009589,1556096620,10,47212,49,8059,1.1913920934099105,1556095056,5,47389,49,8113,1.55999642118175,1545607542,4,47059,49,8113,0.8115582954582112,1551898215,3,47254,49,8089
1.3292859720737566,1558195260,10,47468,49,8110,0.5887981738796814,1547707168,9,47173,49,8119,1.120811188329439,1553997269,5,47361,49,8128,1.3451940420269146,1558190700,4,47485,49,8168,1.4309748881268844,1560286559,3,47509,49,8123
1.3292859720737566,1558195260,10,47468,49,8110,0.5887981738796814,1547707168,9,47173,49,8119,1.120811188329439,1553997269,5,47361,49,8128,1.3451940420269146,1558190700,4,47485,49,8168,1.4309748881268844,1560286559,3,47509,49,8123
0.524139553710677,1547710229,12,47122,49,8050,1.569683444250452,1551902324,9,47076,49,8098,1.6033488658098376,1562386254,5,47566,49,8116,0.708237321016755,1549801677,4,47210,49,8021,0.9180430529855093,1551897649,3,47290,49,8081
0.5849279815809274,1547707589,6,47152,49,8083,0.8497020634517668,1558193715,9,47279,49,8062,0.6086953333554987,1547705850,4,47143,49,8182,0.9190617118640275,1551899186,4,47295,49,8067,0.9427249898616028,1551897836,3,47304,49,8092
0.5849279815809274,1547707589,6,47152,49,8083,0.8497020634517668,1558193715,9,47279,49,8062,0.6086953333554987,1547705850,4,47143,49,8182,0.9190617118640275,1551899186,4,47295,49,8067,0.9427249898616028,1551897836,3,47304,49,8092
0.8392013736066422,1551904720,11,47259,49,8149,0.9780116781005069,1560290809,9,47333,49,8055,1.1851704881414595,1556094615,5,47387,49,8157,0.9512906156432179,1553996204,4,47314,49,8090,0.8135993189436149,1551897881,3,47250,49,8112
0.8392013736066422,1551904720,11,47259,49,8149,0.9780116781005069,1560290809,9,47333,49,8055,1.1851704881414595,1556094615,5,47387,49,8157,0.9512906156432179,1553996204,4,47314,49,8090,0.8135993189436149,1551897881,3,47250,49,8112
1.2664583899038449,1558195889,11,47438,49,8012,0,1566581900,10,47505,49,8132,1.6651581712832142,1545609386,5,47081,49,8093,1.5165474658414708,1560287598,4,47548,49,8159,1.493293140340172,1560286242,3,47538,49,8109
0.8631695108145759,1551904153,11,47272,49,8103,1.6009959264522655,1551902337,9,47089,49,8032,1.3992572195553061,1558192109,5,47480,49,8063,0.8169638648567049,1551898410,3,47255,49,8095,0.7844282408123231,1551897144,3,47240,49,8087
0.8631695108145759,1551904153,11,47272,49,8103,0,1551902337,,47089,49,8032,1.3992572195553061,1558192109,5,,49,8063,0.8169638648567049,1551898410,3,47255,49,8095,0.7844282408123231,1551897144,3,47240,49,8087
0.9885217018101895,1554000975,10,47323,49,8169,0.726898390046425,1549804076,10,47243,49,8126,0.6221590462577753,1547706585,5,47147,49,8161,1.5307249928137305,1560287671,4,47553,49,8092,1.5323570700371032,1543509053,3,47043,49,8119
0.9885217018101895,1554000975,10,47323,49,8169,0.726898390046425,1549804076,10,47243,49,8126,0.6221590462577753,1547706585,5,47147,49,8161,1.5307249928137305,1560287671,4,47553,49,8092,1.5323570700371032,1543509053,3,47043,49,8119
1.2809407534296917,1558196272,12,47448,49,8083,1.3280552444528169,1558192938,9,47493,49,8090,1.2586066004563194,1556094462,5,47419,49,8170,1.4049657219046878,1560287265,4,47498,49,8049,1.5383741834803144,1543509367,3,47048,49,8087
1.2809407534296917,1558196272,12,47448,49,8083,1.3280552444528169,1558192938,9,47493,49,8090,1.2586066004563194,1556094462,5,47419,49,8170,1.4049657219046878,1560287265,4,47498,49,8049,1.5383741834803144,1543509367,3,47048,49,8087
1.6201756337426017,1545612673,11,47082,49,8114,0.7346498394126199,1558193233,10,47245,49,8108,1.4487252016186818,1560288442,5,47499,49,8170,1.376508428736689,1558190218,4,47489,49,8142,1.5427630223100182,1543509012,3,47037,49,8124
1.6201756337426017,1545612673,11,47082,49,8114,0.7346498394126199,1558193233,10,47245,49,8108,1.4487252016186818,1560288442,5,47499,49,8170,1.376508428736689,1558190218,4,47489,49,8142,1.5427630223100182,1543509012,3,47037,49,8124
0.7614806028039331,1549806509,10,47229,49,8176,1.4086331289895104,1566582246,9,47517,49,8096,1.713503397883601,1545609012,5,47103,49,8169,1.2220855003257423,1558190228,4,47435,49,8106,1.5161403917495295,1543509166,3,47034,49,8104
0.7614806028039331,1549806509,10,47229,49,8176,1.4086331289895104,1566582246,9,47517,49,8096,1.713503397883601,1545609012,5,47103,49,8169,1.2220855003257423,1558190228,4,47435,49,8106,1.5161403917495295,1543509166,3,47034,49,8104
1.1271331431175757,1556098719,11,47380,49,8144,0.8804011210452918,1551901126,9,47304,49,8090,0.8294126134400815,1549802588,4,47235,49,8157,1.052670917868254,1556093453,4,47368,49,8180,0,1545606577,3,47065,49,8094
1.1271331431175757,1556098719,11,47380,49,8144,0.8804011210452918,1551901126,9,47304,49,8090,0,1549802588,4,47235,49,8157,1.052670917868254,1556093453,4,47368,49,8180,1.5823348471374137,1545606577,3,47065,49,8094
1.5524513656680228,1560292822,11,47561,49,8059,1.6326132653481655,1545609979,10,47113,49,8046,1.1709929640751495,1556094819,5,47382,49,8117,0.9530267944609089,1553995427,4,47305,49,8100,1.7195168166662045,1547703845,3,47128,49,8132
1.5524513656680228,1560292822,11,47561,49,8059,1.6326132653481655,1545609979,10,47113,49,8046,1.1709929640751495,1556094819,5,47382,49,8117,0.9530267944609089,1553995427,4,47305,49,8100,1.7195168166662045,1547703845,3,47128,49,8132
0.8351211814419346,1551904807,11,47258,49,8114,1.3467219582219032,1564484450,9,47492,49,8081,1.6197703943583868,1545608696,5,47062,49,8144,0.8424636999644384,1551898892,4,47259,49,8147,0.7657634322425902,1551897170,3,47231,49,8153
0.8351211814419346,1551904807,11,47258,49,8114,1.3467219582219032,1564484450,9,47492,49,8081,1.6197703943583868,1545608696,5,47062,49,8144,0.8424636999644384,1551898892,4,47259,49,8147,0.7657634322425902,1551897170,3,47231,49,8153
0.6892694771993004,1549807453,11,47192,49,8154,1.2040303377230972,1564484160,10,47435,49,8031,1.596413463288478,1562385954,5,47563,49,8143,1.1235604135189743,1556093213,4,47383,49,8062,1.505938907699274,1543508946,3,47043,49,8175
1.5781542540235864,1562390458,11,47573,49,8062,1.4508589731988433,1560290671,9,47543,49,8094,1.1849660117179288,1556094923,5,47389,49,8100,0.7774909963899289,1551898575,4,47240,49,8083,1.2526860552981505,1558189372,3,47446,49,8101
1.5781542540235864,1562390458,11,47573,49,8062,1.4508589731988433,1560290671,9,47543,49,8094,1.1849660117179288,1556094923,5,47389,49,8100,0.7774909963899289,1551898575,4,47240,49,8083,1.2526860552981505,1558189372,3,47446,49,8101
0.8555203050850313,1551904765,12,47266,49,8165,1.1470173068298157,1562387774,9,47402,49,8089,1.7241119008869292,1545609217,5,47103,49,8185,1.8554756601488294,1549801983,4,47183,49,8059,1.5212392076055914,1543508894,3,47045,49,8113
0.8555203050850313,1551904765,12,47266,49,8165,1.1470173068298157,1562387774,9,47402,49,8089,1.7241119008869292,1545609217,5,47103,49,8185,1.8554756601488294,1549801983,4,47183,49,8059,1.5212392076055914,1543508894,3,47045,49,8113
1.3652902206891004,1558195796,11,47484,49,8103,0.8637773519564955,1558193176,8,47283,49,8017,1.0003552185606899,1553997031,4,47311,49,8137,1.82956686606841,1549801434,3,47181,49,8091,1.7512382384816036,1547703865,3,47142,49,8114
1.3652902206891004,1558195796,11,47484,49,8103,0.8637773519564955,1558193176,8,47283,49,8017,1.0003552185606899,1553997031,4,47311,49,8137,1.82956686606841,1549801434,3,47181,49,8091,1.7512382384816036,1547703865,3,47142,49,8114
1.4365849249969198,1560293375,12,47513,49,8119,1.1385501778480813,1556096572,10,47413,49,8115,1.2546286395218846,1556094973,5,47418,49,8118,1.3589645040618037,1558190344,4,47483,49,8121,1.3110282356493534,1558189709,3,47466,49,8105
1.4365849249969198,1560293375,12,47513,49,8119,1.1385501778480813,1556096572,10,47413,49,8115,1.2546286395218846,1556094973,5,47418,49,8118,1.3589645040618037,1558190344,4,47483,49,8121,1.3110282356493534,1558189709,3,47466,49,8105
0.6883512044872633,1549806481,9,47193,49,8061,0.7333244740176762,1549805059,10,47234,49,8045,0.5938040098048326,1547706345,5,47137,49,8135,1.3047025277631326,1558190536,4,47463,49,8083,1.6446549487321789,1545606646,3,47091,49,8144
0.6883512044872633,1549806481,9,47193,49,8061,0.7333244740176762,1549805059,10,47234,49,8045,0.5938040098048326,1547706345,5,47137,49,8135,1.3047025277631326,1558190536,4,47463,49,8083,1.6446549487321789,1545606646,3,47091,49,8144
1.6118126231441607,1562389296,9,47587,49,8159,1.6023212992571705,1551901960,10,47098,49,8063,0.6878437144775384,1547705836,5,47175,49,8096,1.5676461620735183,1545607041,3,47061,49,8110,1.2756355439230247,1558189532,3,47453,49,8092
0.8329797727528672,1551903672,10,47255,49,8142,1.0415530509539312,1560289832,8,47364,49,8081,1.3953814980777628,1558192373,5,47478,49,8112,1.4431094733299326,1560287874,4,47522,49,8150,0.8609240082730399,1551897568,3,47279,49,8123
0.8329797727528672,1551903672,10,47255,49,8142,1.0415530509539312,1560289832,8,47364,49,8081,1.3953814980777628,1558192373,5,47478,49,8112,1.4431094733299326,1560287874,4,47522,49,8150,0.8609240082730399,1551897568,3,47279,49,8123
0,1562390287,11,47575,49,8133,0.8865204825380535,1551901364,9,47300,49,8078,1.2517734349997662,1556094099,4,47414,49,20,1.699933745113473,1547704496,4,47116,49,8104,0.6156270611934609,1547703487,3,47172,49,8118
1.5828460155126558,1562390287,11,47575,49,8133,0.8865204825380535,1551901364,9,47300,49,8078,1.2517734349997662,1556094099,4,47414,49,20,1.699933745113473,1547704496,4,47116,49,8104,0.6156270611934609,1547703487,3,47172,49,8118
0.5445386731108358,1547710264,11,47131,49,8090,0.796969951592213,1558192450,8,47258,49,8062,1.7412468718171878,1545608068,4,47111,49,8138,1.0460441061300616,1553996435,4,47355,49,8133,0.8054389148280953,1551897746,3,47255,49,8164
0.5445386731108358,1547710264,11,47131,49,8090,0.796969951592213,1558192450,8,47258,49,8062,1.7412468718171878,1545608068,4,47111,49,8138,1.0460441061300616,1553996435,4,47355,49,8133,0.8054389148280953,1551897746,3,47255,49,8164
1.5437816407632665,1560292858,11,47558,49,8097,1.403023083068329,1566581516,8,47516,49,8118,1.563468887311943,1560289060,5,47550,49,8158,1.1862876154114872,1556093831,4,47412,49,8062,0.7498534322442642,1549800558,3,47224,49,8160
1.5437816407632665,1560292858,11,47558,49,8097,1.403023083068329,1566581516,8,47516,49,8118,1.563468887311943,1560289060,5,47550,49,8158,1.1862876154114872,1556093831,4,47412,49,8062,0.7498534322442642,1549800558,3,47224,49,8160
1.1526311165866214,1556099021,11,47393,49,8085,0,1568678545,10,47563,49,8050,1.1889439721958082,1556095300,5,47390,49,8101,1.28746531155786,1558189592,3,47460,49,8142,1.7598057216125795,1547703557,3,47146,49,8130
1.1526311165866214,1556099021,11,47393,49,8085,1.5059350760627315,1568678545,10,47563,49,8050,0,1553997254,5,47306,49,8130,1.28746531155786,1558189592,3,47460,49,8142,1.7598057216125795,1547703557,3,47146,49,8130
1.0659357686218822,1554001694,12,47355,49,8143,0.8777485234560304,1560290146,10,47306,49,8105,1.2971612148046485,1558191761,5,47433,49,8144,1.5177705688653997,1560287722,4,47554,49,8135,1.6741308871804517,1545606605,3,47106,49,8121
1.3804882702454495,1558195991,12,47487,49,8109,0.8542915926107317,1558193570,10,47288,49,8088,0.5914581288448599,1547706441,5,47136,49,8172,0.7889155294371499,1551898842,4,47244,49,8079,0.7360830093860787,1549800615,3,47223,49,8118
1.3804882702454495,1558195991,12,47487,49,8109,0.8542915926107317,1558193570,10,47288,49,8088,0.5914581288448599,1547706441,5,47136,49,8172,0.7889155294371499,1551898842,4,47244,49,8079,0.7360830093860787,1549800615,3,47223,49,8118
1.608446232844607,1562390084,11,47588,49,8142,0.7330196216401867,1549804860,10,47229,49,8037,1.5824404195208794,1560289239,5,47556,49,8119,1.3139837950056867,1560287061,3,47472,49,8071,0.8393017551235813,1551897711,3,47267,49,8110
1.608446232844607,1562390084,11,47588,49,8142,0.7330196216401867,1549804860,10,47229,49,8037,1.5824404195208794,1560289239,5,47556,49,8119,1.3139837950056867,1560287061,3,47472,49,8071,0.8393017551235813,1551897711,3,47267,49,8110
0.5480054642199532,1547710358,11,47137,49,8081,1.6365912280625834,1545609979,10,47113,49,8101,0.8346137101116323,1549802838,5,47240,49,8173,1.7246156671334143,1547704527,4,47134,49,8052,0.7719850209493618,1551897418,3,47239,49,8146
0.5480054642199532,1547710358,11,47137,49,8081,1.6365912280625834,1545609979,10,47113,49,8101,0.8346137101116323,1549802838,5,47240,49,8173,1.7246156671334143,1547704527,4,47134,49,8052,0.7719850209493618,1551897418,3,47239,49,8146
1.5539812051076733,1562389819,11,47562,49,8121,0.8847861675009316,1560289150,8,47308,49,8119,1.0536989148796172,1553997697,5,47332,49,8100,1.7228832107331218,1547704307,4,47127,49,8082,1.4443344599664656,1560286507,3,47527,49,8095
1.5539812051076733,1562389819,11,47562,49,8121,0.8847861675009316,1560289150,8,47308,49,8119,1.0536989148796172,1553997697,5,47332,49,8100,1.7228832107331218,1547704307,4,47127,49,8082,1.4443344599664656,1560286507,3,47527,49,8095
1.1721119628126224,1556098220,10,47402,49,8178,0.5779870585205472,1547707637,9,47164,49,8096,0.9699610024200992,1551899787,4,47297,49,8152,1.0912292706539697,1556093161,4,47368,49,8121,0.990865715115777,1553995236,3,47333,49,8169
1.1721119628126224,1556098220,10,47402,49,8178,0.5779870585205472,1547707637,9,47164,49,8096,0.9699610024200992,1551899787,4,47297,49,8152,1.0912292706539697,1556093161,4,47368,49,8121,0.990865715115777,1553995236,3,47333,49,8169
1.6868808072246049,1545611488,9,47107,49,8132,0.8711198430303296,1551901441,9,47298,49,8082,1.249325315273299,1556095307,6,47414,49,8181,1.7130907398442417,1547704509,4,47127,49,8094,1.0739920527251723,1556091924,3,47366,49,8101
1.6868808072246049,1545611488,9,47107,49,8132,0.8711198430303296,1551901441,9,47298,49,8082,1.249325315273299,1556095307,6,47414,49,8181,1.7130907398442417,1547704509,4,47127,49,8094,1.0739920527251723,1556091924,3,47366,49,8101
1.076849132565442,1554001562,11,47360,49,8107,1.3032730075757857,1564485030,9,47477,49,8118,1.7451225951306164,1545608825,5,47113,49,8149,1.21678406239336,1556093018,3,47425,49,8057,1.1811887606100213,1556092373,3,47411,49,8133
1.076849132565442,1554001562,11,47360,49,8107,1.3032730075757857,1564485030,9,47477,49,8118,1.7451225951306164,1545608825,5,47113,49,8149,1.21678406239336,1556093018,3,47425,49,8057,1.1811887606100213,1556092373,3,47411,49,8133
1.6829028485776407,1545612722,11,47106,49,8082,1.683101745169993,1547704400,4,47121,49,7988,1.0060674924413557,1553997801,5,47311,49,8093,1.7237996277674268,1547704079,3,47134,49,8074,1.1740488870025396,1556092201,3,47406,49,8115
1.6829028485776407,1545612722,11,47106,49,8082,1.683101745169993,1547704400,4,47121,49,7988,1.0060674924413557,1553997801,5,47311,49,8093,1.7237996277674268,1547704079,3,47134,49,8074,1.1740488870025396,1556092201,3,47406,49,8115
1.1900629682199364,1556098223,10,47410,49,8102,0.8989636873144364,1551901585,10,47305,49,8049,1.1013303366254084,1553997924,5,47353,49,8089,1.0818438741484726,1556093134,4,47372,49,8094,1.0876583876449213,1556091940,3,47373,49,8109
1.1900629682199364,1556098223,10,47410,49,8102,0.8989636873144364,1551901585,10,47305,49,8049,1.1013303366254084,1553997924,5,47353,49,8089,1.0818438741484726,1556093134,4,47372,49,8094,1.0876583876449213,1556091940,3,47373,49,8109
0.8361416923980649,1551904899,12,47256,49,8095,0.9188534860772732,1560289591,9,47318,49,8100,1.2649304424083145,1556094626,5,47421,49,8188,1.5065504764903066,1560287779,4,47552,49,8112,0.7822868266519153,1551897678,3,47239,49,8098
0.8361416923980649,1551904899,12,47256,49,8095,0.9188534860772732,1560289591,9,47318,49,8100,1.2649304424083145,1556094626,5,47421,49,8188,1.5065504764903066,1560287779,4,47552,49,8112,0.7822868266519153,1551897678,3,47239,49,8098
1.5665266502788322,1562390222,11,47567,49,8079,1.3263228378467977,1558193192,10,47491,49,8070,1.2758438074263296,1556094805,5,47426,49,8128,1.8222262345055995,1547704036,3,47169,49,8127,0.7700480920148742,1549800796,3,47231,49,8116
1.5665266502788322,1562390222,11,47567,49,8079,1.3263228378467977,1558193192,10,47491,49,8070,1.2758438074263296,1556094805,5,47426,49,8128,1.8222262345055995,1547704036,3,47169,49,8127,0.7700480920148742,1549800796,3,47231,49,8116
1.0760330928206958,1554001499,11,47360,49,8025,0.5726837306842986,1553999020,9,47168,49,8062,1.3657010857397331,1558192299,5,47465,49,8112,0.8973353593010024,1551898738,4,47293,49,8094,1.5327641314824394,1545605736,3,47049,49,8107
1.0760330928206958,1554001499,11,47360,49,8025,0.5726837306842986,1553999020,9,47168,49,8062,1.3657010857397331,1558192299,5,47465,49,8112,0.8973353593010024,1551898738,4,47293,49,8094,1.5327641314824394,1545605736,3,47049,49,8107
0.6044088342223232,1547709703,11,47160,49,8142,1.0263568944061527,1560290760,10,47360,49,8090,1.5424582004750083,1560289416,5,47540,49,8170,1.1830234543023075,1556093854,4,47412,49,8095,1.0892904676090391,1556092049,3,47373,49,8126
0.6044088342223232,1547709703,11,47160,49,8142,1.0263568944061527,1560290760,10,47360,49,8090,1.5424582004750083,1560289416,5,47540,49,8170,1.1830234543023075,1556093854,4,47412,49,8095,1.0892904676090391,1556092049,3,47373,49,8126
1.3144968857569066,1558196197,11,47462,49,8147,1.440966146819332,1566582567,10,47527,49,8083,1.723091392139349,1545609245,5,47105,49,8068,1.2672706698483946,1558190557,4,47450,49,8127,1.68718381129621,1547703368,3,47119,49,8062
1.3144968857569066,1558196197,11,47462,49,8147,1.440966146819332,1566582567,10,47527,49,8083,1.723091392139349,1545609245,5,47105,49,8068,1.2672706698483946,1558190557,4,47450,49,8127,1.68718381129621,1547703368,3,47119,49,8062
1.3801815457100657,1558195439,11,47490,49,8081,0.8731590063219783,1551901661,10,47302,49,8130,1.3617231240680747,1558191877,5,47464,49,8143,1.7367540196213496,1547704796,4,47135,49,8123,1.4604508058951597,1560286785,3,47526,49,8057
1.3801815457100657,1558195439,11,47490,49,8081,0.8731590063219783,1551901661,10,47302,49,8130,1.3617231240680747,1558191877,5,47464,49,8143,1.7367540196213496,1547704796,4,47135,49,8123,1.4604508058951597,1560286785,3,47526,49,8057
1.3301020101195986,1558196018,12,47469,49,8100,1.4951239661323446,1560290169,10,47556,49,8044,1.0294240678592332,1553997890,5,47321,49,8130,0.9489465923955415,1553995829,4,47307,49,8111,1.0547156921598109,1553995316,3,47352,49,8107
1.3301020101195986,1558196018,12,47469,49,8100,1.4951239661323446,1560290169,10,47556,49,8044,1.0294240678592332,1553997890,5,47321,49,8130,0.9489465923955415,1553995829,4,47307,49,8111,1.0547156921598109,1553995316,3,47352,49,8107
0.8960118429615369,1551904928,13,47285,49,8174,0.6168465104655354,1556095788,10,47183,49,8011,1.0131051374198408,1553996836,4,47313,49,8176,1.410880588082973,1560287755,4,47507,49,8124,0.700283240704631,1549800851,3,47203,49,8095
0.9735281430153098,1554001887,12,47317,49,8076,1.3557987514534113,1558192998,10,47498,49,8113,1.2235206260461504,1556094949,5,47402,49,8142,0.6514268500556961,1549801755,4,47185,49,8149,1.2677818700634875,1558189552,3,47447,49,8088
0.9735281430153098,1554001887,12,47317,49,8076,1.3557987514534113,1558192998,10,47498,49,8113,1.2235206260461504,1556094949,5,47402,49,8142,0.6514268500556961,1549801755,4,47185,49,8149,1.2677818700634875,1558189552,3,47447,49,8088
1.143961394452773,1556099162,12,47390,49,8083,0.955367049372267,1560289769,8,47328,49,8086,1.0316677121536952,1553997758,5,47323,49,8131,1.6996270185433517,1547704234,4,47124,49,8132,0.6212371034936428,1549800467,3,47170,49,8118
1.143961394452773,1556099162,12,47390,49,8083,0.955367049372267,,,,,8086,1.0316677121536952,1553997758,5,47323,49,8131,1.6996270185433517,1547704234,4,47124,49,8132,0.6212371034936428,1549800467,3,47170,49,8118
0,1554001181,11,47361,49,8129,0.7898300767263382,1558193261,10,47263,49,8137,1.7036105424430852,1545609194,5,47095,49,8171,1.062465266410537,1553995985,3,47363,49,8103,1.224435140876122,1556092241,3,47424,49,8100
1.0824591722494012,1554001181,11,47361,49,8129,0.7898300767263382,1558193261,10,47263,49,8137,1.7036105424430852,1545609194,5,47095,49,8171,1.062465266410537,1553995985,3,47363,49,8103,1.224435140876122,1556092241,3,47424,49,8100
0,1549806520,10,47187,49,8118,1.3301985570272745,1558193718,10,47485,49,8080,0.9096819026500459,1551900111,4,47271,49,8162,1.0669525484464697,1556093610,4,47367,49,8105,1.1539564809712435,1556092388,3,47395,49,8126
0.6742759199243297,1549806520,10,47187,49,8118,1.3301985570272745,1558193718,10,47485,49,8080,0.9096819026500459,1551900111,4,47271,49,8162,1.0669525484464697,1556093610,4,47367,49,8105,1.1539564809712435,1556092388,3,47395,49,8126
1.2522808673768147,1558195367,11,47432,49,8145,1.2994995305680874,1564485220,10,47466,49,8054,0.6072677244424454,1547706437,5,47140,49,8091,0.7640291158349193,1549801931,4,47233,49,8114,0.7309841593249914,1549800906,3,47214,49,8135
1.2522808673768147,1558195367,11,47432,49,8145,1.2994995305680874,1564485220,10,47466,49,8054,0.6072677244424454,1547706437,5,47140,49,8091,0.7640291158349193,1549801931,4,47233,49,8114,0.7309841593249914,1549800906,3,47214,49,8135
1.3889535110976348,1558195743,11,47492,49,8142,0.7084380727481521,1549804291,9,47229,49,8050,1.4103750668578514,1558191417,4,47482,49,8142,1.1808801672052587,1556093150,4,47418,49,8100,1.0925564989950165,1553994968,3,47365,49,8137
1.3889535110976348,1558195743,11,47492,49,8142,0.7084380727481521,1549804291,9,47229,49,8050,1.4103750668578514,1558191417,4,47482,49,8142,1.1808801672052587,1556093150,4,47418,49,8100,1.0925564989950165,1553994968,3,47365,49,8137
0.6712162350390068,1549807419,11,47185,49,8068,1.0876546173058101,1562387934,10,47383,49,8115,1.3946676999807746,1558192567,5,47476,49,8130,0.8014609679955291,1551898387,3,47250,49,8080,1.7761246565957647,1547703689,3,47151,49,8145
0.6712162350390068,1549807419,11,47185,49,8068,1.0876546173058101,1562387934,10,47383,49,8115,1.3946676999807746,1558192567,5,47476,49,8130,0.8014609679955291,1551898387,3,47250,49,8080,1.7761246565957647,1547703689,3,47151,49,8145
1.5387831494720854,1560292737,11,47559,49,8090,1.5752934915106551,1562387913,10,47586,49,8060,0.9223295838022102,1551900591,5,47274,49,8107,0.8193097362893393,1551899190,4,47259,49,8127,1.5964101254286294,1545606760,3,47073,49,8046
1.5387831494720854,1560292737,11,47559,49,8090,1.5752934915106551,1562387913,10,47586,49,8060,0.9223295838022102,1551900591,5,47274,49,8107,0.8193097362893393,1551899190,4,47259,49,8127,1.5964101254286294,1545606760,3,47073,49,8046
0.8778563631632141,1551902050,6,47279,49,8077,1.5744774524055447,1568679330,9,47586,49,8126,0.582890646793451,1547705918,5,47130,49,8183,1.6764749311250888,1545607201,4,47109,49,8126,1.107752668658504,1556092073,3,47376,49,8133
0.6341914790991868,1547709918,12,47172,49,8070,0.901616285136819,1551901527,10,47303,49,8110,1.0357479102164417,1553997845,5,47322,49,8089,1.6437329855352663,1545607326,4,47102,49,8071,0.9163087298363782,1551897687,3,47294,49,8120
0.6341914790991868,1547709918,12,47172,49,8070,0.901616285136819,1551901527,10,47303,49,8110,1.0357479102164417,1553997845,5,47322,49,8089,1.6437329855352663,1545607326,4,47102,49,8071,0.9163087298363782,1551897687,3,47294,49,8120
1.2802269560678787,158194967,10,47446,49,8111,0.9513909653165967,1560290781,10,47327,49,8072,1.725539512142168,1545608525,5,47103,49,8146,1.2320843507118895,1558190119,3,47426,49,8135,1.5275630571553656,1545605795,3,47045,49,8132
1.2802269560678787,1558194967,10,47446,49,8111,0.9513909653165967,1560290781,10,47327,49,8072,1.725539512142168,1545608525,5,47103,49,8146,1.2320843507118895,1558190119,3,47426,49,8135,1.5275630571553656,1545605795,3,47045,49,8132
1.083989013271391,1554000692,10,47362,49,8068,1.4775800278069275,1560289952,10,47560,49,8100,1.0545149581515618,1553996915,4,47330,49,8159,1.6680096847563626,1547704336,3,47104,49,8078,1.3033790408345318,1558189364,3,47459,49,8127
1.083989013271391,1554000692,10,47362,49,8068,1.4775800278069275,1560289952,10,47560,49,8100,1.0545149581515618,1553996915,4,47330,49,8159,1.6680096847563626,1547704336,3,47104,49,8078,1.3033790408345318,1558189364,3,47459,49,8127
0.8465438757770786,1551904739,12,47266,49,8107,0.8778526370301056,1551902308,10,47288,49,8038,1.6316020374451616,1545608938,5,47064,49,8132,1.4696279465274236,1560287896,4,47537,49,8146,1.0592029735762134,1553994875,3,47357,49,8171
0.8465438757770786,1551904739,12,47266,49,8107,0.8778526370301056,1551902308,10,47288,49,8038,1.6316020374451616,1545608938,5,47064,49,8132,1.4696279465274236,1560287896,4,47537,49,8146,1.0592029735762134,1553994875,3,47357,49,8171
1.4965572972195675,1560292410,10,47541,49,8166,0,1558193549,10,47269,49,8080,0.7676036726702306,1549803609,5,47207,49,8127,1.5149134718668795,1560287538,4,47557,49,8098,1.6181346151889533,1545606382,3,47085,49,8119
1.4965572972195675,1560292410,10,47541,49,8166,0.8153299089763767,1558193549,10,47269,49,8080,0.7676036726702306,1549803609,5,47207,49,8127,1.5149134718668795,1560287538,4,47557,49,8098,1.6181346151889533,1545606382,3,47085,49,8119
1.0863348940239006,1554000454,10,47363,49,8163,0.6816147363330449,1556096676,10,47211,49,8109,0.8385916723002137,1549802848,5,47239,49,8168,1.0346195508606726,1553996050,4,47354,49,8141,1.1680317622466867,1556092328,3,47402,49,8100
1.0863348940239006,1554000454,10,47363,49,8163,0.6816147363330449,1556096676,10,47211,49,8109,0.8385916723002137,1549802848,5,47239,49,8168,1.0346195508606726,1553996050,4,47354,49,8141,1.1680317622466867,1556092328,3,47402,49,8100
0.9086595224748875,1551904362,12,47289,49,8103,1.217289585042244,1564484145,9,47439,49,8025,1.5806038569947467,1560288133,4,47556,49,8100,0.7937095297052974,1551898605,3,47244,49,8096,0.9539450580237886,1553994866,3,47309,49,8109
0.7187454196123532,1549807454,11,47207,49,8053,1.693912871935893,1553998912,9,47126,49,8083,1.1428423962898109,1553996990,5,47368,49,8076,1.8041729942781835,1547704433,4,47161,49,8064,0.6256239944669981,1547703628,3,47168,49,8117
0.7187454196123532,1549807454,11,47207,49,8053,1.693912871935893,1553998912,9,47126,49,8083,1.1428423962898109,1553996990,5,47368,49,8076,1.8041729942781835,1547704433,4,47161,49,8064,0.6256239944669981,1547703628,3,47168,49,8117
0.5620807482562498,1547710319,12,47143,49,8170,1.0399209778408973,1560290514,10,47362,49,8105,0.7055902619012616,1549803575,5,47183,49,8097,1.658931014999866,1545607740,4,47106,49,8129,1.4701410538801813,1560286518,3,47528,49,8096
0.9007036043229278,1551904739,12,47287,49,8134,0.5596289616831926,1553999387,9,47151,49,8032,0.972204651413699,1551900857,5,47297,49,8150,1.8284478366967183,1547704537,3,47172,49,8065,1.5501035779788426,1545606006,3,47056,49,8154
0.9007036043229278,1551904739,12,47287,49,8134,0.5596289616831926,1553999387,9,47151,49,8032,0.972204651413699,1551900857,5,47297,49,8150,1.8284478366967183,1547704537,3,47172,49,8065,1.5501035779788426,1545606006,3,47056,49,8154
1.2388171429370223,1556097365,9,47428,49,8149,1.2662482401530621,1564485253,9,47463,49,8120,1.2169923094357917,1556095059,5,47401,49,8158,1.2641087487714031,1558190395,4,47449,49,8030,1.6042638033705572,1545606618,3,47077,49,8104
1.2388171429370223,1556097365,9,47428,49,8149,1.2662482401530621,1564485253,9,47463,49,8120,1.2169923094357917,1556095059,5,47401,49,8158,1.2641087487714031,1558190395,4,47449,49,8030,1.6042638033705572,1545606618,3,47077,49,8104
1.0156517576770039,1554001790,11,47336,49,8072,0.6072585211084848,1556095192,9,47180,49,8053,0.8307379908794067,1549803569,5,47236,49,15,0.9690371362022928,1553996246,3,47326,49,8043,1.3544790992176392,1558189655,3,47478,49,8108
1.0156517576770039,1554001790,11,47336,49,8072,0.6072585211084848,1556095192,9,47180,49,8053,0.8307379908794067,1549803569,5,47236,49,15,0.9690371362022928,1553996246,3,47326,49,8043,1.3544790992176392,1558189655,3,47478,49,8108
0.8451162706373074,1551903685,9,47264,49,8114,1.1750656360327232,1562387983,10,47413,49,8105,1.638435211856201,1545609363,5,47069,49,8120,1.879650123557718,1549801895,4,47190,49,8117,0.7929957154415238,1551898096,3,47247,49,8141
0.8451162706373074,1551903685,9,47264,49,8114,1.1750656360327232,1562387983,10,47413,49,8105,1.638435211856201,1545609363,5,47069,49,8120,1.879650123557718,1549801895,4,47190,49,8117,0.7929957154415238,1551898096,3,47247,49,8141
0.6748874895994339,1549807464,11,47189,49,8103,1.6623959133559674,1553997998,9,47115,49,8083,1.2898168582143608,1556094470,5,47431,49,8110,1.4470874238163582,1560287944,4,47527,49,8151,1.4878875727751726,1560285893,3,47538,49,8158
0.6748874895994339,1549807464,11,47189,49,8103,1.6623959133559674,1553997998,9,47115,49,8083,1.2898168582143608,1556094470,5,47431,49,8110,1.4470874238163582,1560287944,4,47527,49,8151,1.4878875727751726,1560285893,3,47538,49,8158
1.7143175735660061,1547710351,11,47118,49,8105,0.9843355320250855,1560290462,9,47331,49,8023,0.9935220523624221,1551900073,5,47304,49,8141,1.0376792284181224,1553995703,4,47357,49,8147,0.9352802495851654,1551897154,3,47300,49,8086
0.8383853371764477,1551904544,12,47258,49,8138,1.6331225974895014,1551900761,9,47114,49,8050,1.3029738645196602,1558191727,5,47438,49,8122,1.0434937473208106,1553996307,4,47356,49,8106,0.8474621513020442,1551898050,3,47265,49,8121
0.6375578659653994,1547709929,11,47171,49,8158,0.939457089240971,1560290715,10,47323,49,8160,1.0091271802069042,1553997439,5,47311,49,8166,1.8381362064089906,1549801793,4,47181,49,8076,1.4470893177788295,1560286505,3,47522,49,8097
1.6890222206793553,1545612210,10,47108,49,8085,1.4571828237700255,1560290791,10,47543,49,8090,0.7596477576538873,1549803882,5,47205,49,5,1.5261354694230642,1562384454,4,47552,49,8099,0.9102916008368637,1551897830,3,47289,49,8075
1.6890222206793553,1545612210,10,47108,49,8085,1.4571828237700255,1560290791,10,47543,49,8090,0.7596477576538873,1549803882,5,47205,49,5,1.5261354694230642,1562384454,4,47552,49,8099,0.9102916008368637,1551897830,3,47289,49,8075
0.8374670672852658,1551904419,11,47257,49,8119,0.9823967337879952,1560290696,10,47334,49,8062,1.1653829284919401,1556094332,5,47379,49,8135,1.6348606328220139,1545607568,4,47098,49,8078,0.7975852400759097,1551897930,3,47250,49,8134
1.0956161834369595,1554000913,11,47366,49,8104,1.1683328283681491,1562387053,8,47415,49,8048,1.7269671194146787,1545609498,5,47105,49,8179,1.7916256702624043,1547704534,4,47169,49,8101,0.6863101837552285,1549801084,3,47199,49,8128
1.0956161834369595,1554000913,11,47366,49,8104,1.1683328283681491,1562387053,8,47415,49,8048,1.7269671194146787,1545609498,5,47105,49,8179,1.7916256702624043,1547704534,4,47169,49,8101,0.6863101837552285,1549801084,3,47199,49,8128
0.9622076931539788,1554001358,11,47306,49,8136,1.6150693581602111,1545610016,9,47107,49,8078,1.493806261770996,1560289308,5,47519,49,8101,1.6114036783746404,1545607925,4,47080,49,8160,1.411901102860585,1560286349,3,47509,49,8180
0.9622076931539788,1554001358,11,47306,49,8136,1.6150693581602111,1545610016,9,47107,49,8078,1.493806261770996,1560289308,5,47519,49,8101,1.6114036783746404,1545607925,4,47080,49,8160,1.411901102860585,1560286349,3,47509,49,8180
1.5951869924938373,1562390654,12,47580,49,8027,1.4636069961913734,1560290357,10,47552,49,8081,1.7206432800658835,1545608775,5,47103,49,8107,0.9529245409717537,1553996369,4,47312,49,8123,1.6969762731927662,1547703267,3,47122,49,8089
1.5951869924938373,1562390654,12,47580,49,8027,1.4636069961913734,1560290357,10,47552,49,8081,1.7206432800658835,1545608775,5,47103,49,8107,0.9529245409717537,1553996369,4,47312,49,8123,1.6969762731927662,1547703267,3,47122,49,8089
0.6445955131541627,1547709947,12,47172,49,8104,1.259108356982771,1564484751,10,47453,49,8056,1.1280533083923154,1553997897,5,47361,49,8165,1.243404777201928,1558189666,4,47440,49,8145,1.6672977173368062,1545606770,4,47101,49,8095
0.6445955131541627,1547709947,12,47172,49,8104,1.259108356982771,1564484751,10,47453,49,8056,1.1280533083923154,1553997897,5,47361,49,8165,1.243404777201928,1558189666,4,47440,49,8145,1.6672977173368062,1545606770,4,47101,49,8095
1.2732915591036575,1558195967,11,47440,49,8043,1.1069328669640903,1562387909,10,47385,49,8032,1.3156215489496048,1558191353,5,47442,49,8120,0.7403639768685395,1549801457,4,47236,49,8054,0.7617854597991096,1549800721,3,47235,49,8168
1.2732915591036575,1558195967,11,47440,49,8043,1.1069328669640903,1562387909,10,47385,49,8032,1.3156215489496048,1558191353,5,47442,49,8120,0.7403639768685395,1549801457,4,47236,49,8054,0.7617854597991096,1549800721,3,47235,49,8168
1.5883538205661982,1562389715,10,47575,49,8113,1.6405691797592945,1553998695,10,47116,49,8136,1.7321682142303063,1545608793,5,47110,49,8155,1.1307002711369103,1556093222,4,47393,49,8104,0.7993195487751926,1551897926,3,47251,49,8088
1.3699819872370653,1558195877,11,47484,49,8074,0.7917688617010932,1558193655,10,47254,49,8013,0.7259893858385199,1549803399,5,47191,49,8118,1.1414091531544395,1556092966,3,47400,49,8142,1.6602600751032028,1545606167,3,47098,49,8112
1.3699819872370653,1558195877,11,47484,49,8074,0.7917688617010932,1558193655,10,47254,49,8013,0.7259893858385199,1549803399,5,47191,49,8118,1.1414091531544395,1556092966,3,47400,49,8142,1.6602600751032028,1545606167,3,47098,49,8112
1.1256033093744804,1556097973,10,47376,49,8157,1.1569101413572944,1556096488,10,47410,49,8101,1.7302312741738306,1545609145,5,47105,49,8102,1.1983218428827096,1556093544,4,47426,49,8107,1.37569426239524,1558188907,3,47488,49,8117
1.1256033093744804,1556097973,10,47376,49,8157,1.1569101413572944,1556096488,10,47410,49,8101,1.7302312741738306,1545609145,5,47105,49,8102,1.1983218428827096,1556093544,4,47426,49,8107,1.37569426239524,1558188907,3,47488,49,8117
0.8530721932382759,1551904881,12,47264,49,8140,1.470135318754105,1560290058,9,47555,49,8134,1.507779303769596,1560289346,5,47527,49,8118,1.1953625146163012,1556093071,4,47431,49,8143,1.1507945522132799,1556092351,3,47397,49,8118
0.8530721932382759,1551904881,12,47264,49,8140,1.470135318754105,1560290058,9,47555,49,8134,1.507779303769596,1560289346,5,47527,49,8118,1.1953625146163012,1556093071,4,47431,49,8143,1.1507945522132799,1556092351,3,47397,49,8118
0.5833981465712019,1547708847,9,47148,49,8135,0.5658487069063651,1547706925,9,47173,49,8121,1.3368367154018095,1558192507,5,47451,49,8143,1.3103125497007648,1558190213,3,47471,49,8084,1.0320729172074221,1553994849,3,47345,49,8158
0.5833981465712019,1547708847,9,47148,49,8135,0.5658487069063651,1547706925,9,47173,49,8121,1.3368367154018095,1558192507,5,47451,49,8143,1.3103125497007648,1558190213,3,47471,49,8084,1.0320729172074221,1553994849,3,47345,49,8158
0.6611189124780311,1549807229,12,47178,49,8122,1.4456579006482204,1566582289,10,47531,49,8130,1.4986002630454929,1560289379,5,47521,49,8130,1.255440905599531,1558190788,4,47441,49,8142,1.344993329914093,1558188820,3,47477,49,8108
0.6611189124780311,1549807229,12,47178,49,8122,1.4456579006482204,1566582289,10,47531,49,8130,1.4986002630454929,1560289379,5,47521,49,8130,1.255440905599531,1558190788,4,47441,49,8142,1.344993329914093,1558188820,3,47477,49,8108
1.172928008047853,1556098992,11,47400,49,8092,1.205050859542184,1564484262,9,47442,49,8088,1.1184653073774458,1553997777,5,47360,49,8131,1.6957531480506955,1547704465,4,47116,49,8091,1.0242192355149509,1553994980,3,47342,49,8125
1.172928008047853,1556098992,11,47400,49,8092,1.205050859542184,1564484262,9,47442,49,8088,1.1184653073774458,1553997777,5,47360,49,8131,1.6957531480506955,1547704465,4,47116,49,8091,1.0242192355149509,1553994980,3,47342,49,8125
1.3511127002509005,1558195037,10,47477,49,8141,0.5709494107492914,1553999075,9,47163,49,8043,1.5870299413157538,1562385566,5,47558,49,8147,1.1146880685878928,1556093152,4,47381,49,8092,1.5446980136146107,1545606671,3,47055,49,8123
1.3511127002509005,1558195037,10,47477,49,8141,0.5709494107492914,1553999075,9,47163,49,8043,1.5870299413157538,1562385566,5,47558,49,8147,1.1146880685878928,1556093152,4,47381,49,8092,1.5446980136146107,1545606671,3,47055,49,8123
1.006268240188672,1554001858,11,47330,49,8079,0.8269570655679414,1558192946,8,47269,49,8070,1.400787062094079,1558192178,5,47480,49,8181,0.7192529083430719,1549801978,4,47218,49,8059,1.655466077659577,1545606562,3,47097,49,8098
1.006268240188672,1554001858,11,47330,49,8079,0.8269570655679414,1558192946,8,47269,49,8070,1.400787062094079,1558192178,5,47480,49,8181,0.7192529083430719,1549801978,4,47218,49,8059,1.655466077659577,1545606562,3,47097,49,8098
1.0515537744324246,1554000651,10,47350,49,8155,1.6197611066270317,1545610620,10,47104,49,8084,1.4915626201176988,1560289395,5,47518,49,8098,1.3474395649208335,1558190229,4,47483,49,8082,1.0870468177898367,1556092375,3,47374,49,8182
1.0515537744324246,1554000651,10,47350,49,8155,1.6197611066270317,1545610620,10,47104,49,8084,1.4915626201176988,1560289395,5,47518,49,8098,1.3474395649208335,1558190229,4,47483,49,8082,1.0870468177898367,1556092375,3,47374,49,8182
1.5556132926111979,1562389907,11,47560,49,8148,1.3506999173687255,1566581648,10,47502,49,8129,1.0247323059073707,1553997435,5,47319,49,8124,1.086844217918246,1556093182,4,47366,49,8095,0.6230736404805005,1547702967,3,47171,49,8072
1.5556132926111979,1562389907,11,47560,49,8148,1.3506999173687255,1566581648,10,47502,49,8129,1.0247323059073707,1553997435,5,47319,49,8124,1.086844217918246,1556093182,4,47366,49,8095,0.6230736404805005,1547702967,3,47171,49,8072
1.5652013018913578,1562390330,12,47562,49,8078,0.9362951586407892,1560290286,9,47317,49,8077,1.143046869549348,1556094648,6,47367,49,8132,1.6559735601132928,1547704551,4,47106,49,8062,1.2284130943617064,1556091958,3,47428,49,8084
1.5652013018913578,1562390330,12,47562,49,8078,0.9362951586407892,1560290286,9,47317,49,8077,1.143046869549348,1556094648,6,47367,49,8132,1.6559735601132928,1547704551,4,47106,49,8062,1.2284130943617064,1556091958,3,47428,49,8084
1.2459570301201128,1556098407,11,47428,49,8067,1.2330991789897892,1564484767,10,47447,49,8016,0.9943380894208861,1553997337,5,47305,49,8122,1.7454237311890122,1547704192,3,47141,49,8099,1.191388323375567,1556092217,3,47415,49,8101
1.2459570301201128,1556098407,11,47428,49,8067,1.2330991789897892,1564484767,10,47447,49,8016,0.9943380894208861,1553997337,5,47305,49,8122,1.7454237311890122,1547704192,3,47141,49,8099,1.191388323375567,1556092217,3,47415,49,8101
0.941604094595714,1551904127,11,47300,49,8148,1.5281714059006122,1568679243,10,47570,49,8027,0.8261484534079013,1549803461,5,47238,49,8070,1.8365059860201394,1549801611,4,47176,49,8105,1.0855169772178264,1556092171,3,47373,49,8112
0.941604094595714,1551904127,11,47300,49,8148,1.5281714059006122,1568679243,10,47570,49,8027,0.8261484534079013,1549803461,5,47238,49,8070,1.8365059860201394,1549801611,4,47176,49,8105,1.0855169772178264,1556092171,3,47373,49,8112
1.4528016105540442,1560293118,11,47520,49,8108,1.270123948974616,1564485298,10,47468,49,8103,1.551534991822504,1560289469,5,47550,49,8159,1.412001441761401,1560287716,3,47517,49,8096,1.6828006073001847,1545606496,3,47109,49,8075
1.5020651050162146,1560293142,11,47541,49,8117,0.8501091528804003,1558193623,10,47290,49,8130,1.716053743179182,1545609452,5,47105,49,8117,1.8100897272233394,1547704603,4,47166,49,8134,0.8050318134378156,1551898266,4,47254,49,8124
1.5020651050162146,1560293142,11,47541,49,8117,0.8501091528804003,1558193623,10,47290,49,8130,1.716053743179182,1545609452,5,47105,49,8117,1.8100897272233394,1547704603,4,47166,49,8134,0.8050318134378156,1551898266,4,47254,49,8124
1.1688478076692614,1556098827,11,47400,49,8162,1.1059123342806523,1556096135,9,47398,49,8108,1.534706752422158,1560289326,5,47539,49,8125,1.6748428320236628,1547704156,4,47116,49,8094,1.7827551933176171,1547703536,3,47156,49,8087
1.1688478076692614,1556098827,11,47400,49,8162,1.1059123342806523,1556096135,9,47398,49,8108,1.534706752422158,1560289326,5,47539,49,8125,1.6748428320236628,1547704156,4,47116,49,8094,1.7827551933176171,1547703536,3,47156,49,8087
0.9754669386604765,1554000804,10,47312,49,8119,1.0137092060945807,1560289989,8,47358,49,8123,1.7363506332963978,1545608675,5,47114,49,8121,1.5349055122648718,1545606899,3,47056,49,8087,1.3663088373478431,1560286628,3,47495,49,30
0.9754669386604765,1554000804,10,47312,49,8119,1.0137092060945807,1560289989,8,47358,49,8123,1.7363506332963978,1545608675,5,47114,49,8121,1.5349055122648718,1545606899,3,47056,49,8087,1.3663088373478431,1560286628,3,47495,49,30
1.1084683425149977,1556097244,9,47368,49,8109,1.46238388142006,1566582365,10,47543,49,8103,1.0074950917791947,1553997439,5,47316,49,8137,1.835587699912241,1549801948,4,47180,49,8125,1.6701529206440175,1545606023,3,47108,49,8114
1.1084683425149977,1556097244,9,47368,49,8109,1.46238388142006,1566582365,10,47543,49,8103,1.0074950917791947,1553997439,5,47316,49,8137,1.835587699912241,1549801948,4,47180,49,8125,1.6701529206440175,1545606023,3,47108,49,8114
0.9751602269100952,1554001817,12,47315,49,8073,0,1566581149,9,47511,49,8078,1.0925583710138012,1553997542,5,47354,49,8088,0.9050867834573723,1551898948,4,47303,49,8109,1.6240513459151469,1545606527,3,47088,49,8121
1.1309066332687754,1556099304,12,47380,49,8132,0.7318968669477367,1549804336,10,47241,49,8095,1.5934560199922296,1562386053,5,47563,49,8145,1.2167840449664709,1556093119,4,47431,49,8094,1.6543433221331514,1545606278,3,47103,49,8125
1.3669223072489884,1558194657,9,47482,49,8110,1.3489655912059992,1564483579,8,47495,49,8060,1.3936471703468418,1558192144,5,47482,49,8111,1.522462312289223,1545606860,3,47050,49,8090,1.6729058937503916,1547703417,3,47113,49,8116
1.3669223072489884,1558194657,9,47482,49,8110,1.3489655912059992,1564483579,8,47495,49,8060,1.3936471703468418,1558192144,5,47482,49,8111,1.522462312289223,1545606860,3,47050,49,8090,1.6729058937503916,1547703417,3,47113,49,8116
1.1988349354941066,1556098791,11,47410,49,8122,1.3034774861443104,1558193356,9,47469,49,8004,1.5687721994090102,1560288890,5,47557,49,8176,0.9546569878799556,1553996230,4,47321,49,8118,1.2112781216349915,1556092433,3,47423,49,8087
1.1988349354941066,1556098791,11,47410,49,8122,1.3034774861443104,1558193356,9,47469,49,8004,1.5687721994090102,1560288890,5,47557,49,8176,0.9546569878799556,1553996230,4,47321,49,8118,1.2112781216349915,1556092433,3,47423,49,8087
1.2771672753699812,1558195939,11,47444,49,8163,0.8535759183017352,1551902249,10,47296,49,8143,1.7110552688419374,1545608683,5,47109,49,8096,1.4199573675125343,1560287545,3,47519,49,8117,1.116013415941078,1556092227,3,47389,49,8114
1.0777674107284234,1554001536,12,47359,49,8132,1.192098345104452,1562387856,9,47425,49,8042,1.619770382102158,1562385868,5,47580,49,8092,1.0382926458723534,1553995953,4,47357,49,8149,1.7261473454316891,1547703937,3,47135,49,8059
1.0777674107284234,1554001536,12,47359,49,8132,1.192098345104452,1562387856,9,47425,49,8042,1.619770382102158,1562385868,5,47580,49,8092,1.0382926458723534,1553995953,4,47357,49,8149,1.7261473454316891,1547703937,3,47135,49,8059
1.6820868096220885,1545612976,12,47106,49,8136,0.8637754783647467,1551901427,9,47300,49,8102,1.2194404127223961,1556094928,5,47409,49,8128,1.508898247447006,1560287627,4,47551,49,8082,1.756848260438244,1547703470,3,47149,49,8170
1.6820868096220885,1545612976,12,47106,49,8136,0.8637754783647467,1551901427,9,47300,49,8102,1.2194404127223961,1556094928,5,47409,49,8128,1.508898247447006,1560287627,4,47551,49,8082,1.756848260438244,1547703470,3,47149,49,8170
0.599614839019707,1547710512,12,47159,49,8102,1.6977885820008205,1553999230,9,47139,49,8100,1.3665171141142443,1558191095,4,47471,49,8171,1.5096101359082876,1545607432,4,47048,49,8121,1.6679092686442147,1545606260,3,47109,49,8118
1.6584235303265966,1545613048,11,47098,49,8145,1.6367956969578266,1545610393,10,47105,49,8016,1.5445995850283896,1560288162,4,47549,49,8102,1.17833167548211,1558190023,4,47416,49,8117,0.9335459129148644,1553994690,3,47309,49,8165
0.6657084351870185,1549807543,12,47183,49,8094,0.8270593035546966,1558193475,10,47268,49,8032,0.7963657985353835,1549803415,5,47229,49,8160,1.3720192309587775,1560287440,4,47501,49,8131,0.8146198008025913,1551898022,3,47259,49,8105
0.6657084351870185,1549807543,12,47183,49,8094,0.8270593035546966,1558193475,10,47268,49,8032,0.7963657985353835,1549803415,5,47229,49,8160,1.3720192309587775,1560287440,4,47501,49,8131,0.8146198008025913,1551898022,3,47259,49,8105
0.661016673650082,1549807088,11,47181,49,8166,0,1549804942,10,47229,49,8021,0.8425696142628925,1551900577,5,47248,49,8137,1.229125006048892,1558190190,3,47438,49,8147,1.6453687367487144,1545606707,3,47098,49,8085
1.5796840961692105,1562390340,12,47574,49,8064,0.9714833620288762,1560290736,9,47332,49,8101,0.6610185072163556,1547706365,5,47172,49,8137,0.739854641541039,1549801662,4,47235,49,8047,0.8419543296366021,1551898130,3,47271,49,8145
0.6021651872610764,1547710113,12,47158,49,8170,1.3754840705593434,1566581964,10,47507,49,8068,1.0755256337216657,1553996904,4,47348,49,8185,0.7374083765641091,1549802144,4,47227,49,8065,1.6935076234279707,1547703834,3,47130,49,8115
0.6021651872610764,1547710113,12,47158,49,8170,1.3754840705593434,1566581964,10,47507,49,8068,1.0755256337216657,1553996904,4,47348,49,8185,0.7374083765641091,1549802144,4,47227,49,8065,1.6935076234279707,1547703834,3,47130,49,8115
1.6735193256314196,1545612011,10,47102,49,0,1.273388112884282,1564484816,9,47460,49,8077,1.2053651268668084,1556094771,5,47403,49,8144,1.1122399402228307,1556093902,4,47384,49,8070,1.032379616927407,1553994825,3,47348,49,8155
1.6735193256314196,1545612011,10,47102,49,0,1.273388112884282,1564484816,9,47460,49,8077,1.2053651268668084,1556094771,5,47403,49,8144,1.1122399402228307,1556093902,4,47384,49,8070,1.032379616927407,1553994825,3,47348,49,8155
1.4039470780897192,1558195107,10,47497,49,8090,1.433724010834936,1566582339,9,47528,49,8107,1.4153716508799599,1560288733,5,47496,49,8130,1.2210687285033655,1558190193,4,47429,49,8103,1.3615148252584761,1560286629,3,47497,49,8149
1.4039470780897192,1558195107,10,47497,49,8090,1.433724010834936,1566582339,9,47528,49,8107,1.4153716508799599,1560288733,5,47496,49,8130,1.2210687285033655,1558190193,4,47429,49,8103,1.3615148252584761,1560286629,3,47497,49,8149
1.1324364691624749,1556098920,12,47383,49,8102,1.6301670074508938,1551902156,10,47098,49,8071,1.2312720565555493,1556095521,6,47413,49,8134,1.525113016052362,1545607544,4,47055,49,8113,0.621134843871484,1549800692,3,47180,49,8120
1.1324364691624749,1556098920,12,47383,49,8102,1.6301670074508938,1551902156,10,47098,49,8071,1.2312720565555493,1556095521,6,47413,49,8134,1.525113016052362,1545607544,4,47055,49,8113,0.621134843871484,1549800692,3,47180,49,8120
1.4085365979573605,1560292093,10,47500,49,8159,0.7045623442165756,1549804546,9,47229,49,8057,1.5963112086069988,1545609329,5,47058,49,8129,1.088167699674195,1556092878,3,47379,49,8136,1.6314979240899996,1545606337,3,47090,49,8105
1.4085365979573605,1560292093,10,47500,49,8159,0.7045623442165756,1549804546,9,47229,49,8057,1.5963112086069988,1545609329,5,47058,49,8129,1.088167699674195,1556092878,3,47379,49,8136,1.6314979240899996,1545606337,3,47090,49,8105
1.1721119628126224,1556098724,11,47402,49,8139,0.76657574311334,1558193319,9,47253,49,8085,1.35315562835048,1558191952,5,47466,49,8114,1.6196625973712189,1547704498,4,47096,49,8044,0.8289999397216091,1551898241,3,47270,49,8050
1.1721119628126224,1556098724,11,47402,49,8139,0.76657574311334,1558193319,9,47253,49,8085,1.35315562835048,1558191952,5,47466,49,8114,1.6196625973712189,1547704498,4,47096,49,8044,0.8289999397216091,1551898241,3,47270,49,8050
1.534193631422711,1560292594,11,47556,49,8119,1.0856154527468036,1562387777,10,47389,49,8102,0.5734048742066304,1547706309,5,47135,49,8141,1.0459418515868977,1553996359,4,47361,49,8117,1.7419569371275365,1547703675,3,47143,49,0
1.534193631422711,1560292594,11,47556,49,8119,1.0856154527468036,1562387777,10,47389,49,8102,0.5734048742066304,1547706309,5,47135,49,8141,1.0459418515868977,1553996359,4,47361,49,8117,1.7419569371275365,1547703675,3,47143,49,0
0.7450594407281043,1549807160,11,47221,49,8078,1.4468810063023432,1560289896,9,47543,49,8103,1.0113708083279327,1553997842,5,47321,49,30,1.2747172620319043,1558189710,3,47454,49,8084,1.6455732087965864,1545606424,3,47096,49,8130
0.7450594407281043,1549807160,11,47221,49,8078,1.4468810063023432,1560289896,9,47543,49,8103,1.0113708083279327,1553997842,5,47321,49,30,1.2747172620319043,1558189710,3,47454,49,8084,1.6455732087965864,1545606424,3,47096,49,8130
0.9954571088415621,1554002024,12,47326,49,8082,0,1562387109,10,47432,49,8118,1.0676719513672752,1553997707,5,47345,49,8164,1.6353718126418348,1547704282,3,47094,49,8111,1.1928177882131978,1556092328,3,47415,49,8155
0.9954571088415621,1554002024,12,47326,49,8082,1.1987270176053382,1562387109,10,47432,49,8118,1.0676719513672752,1553997707,5,47345,49,8164,1.6353718126418348,1547704282,3,47094,49,8111,1.1928177882131978,1556092328,3,47415,49,8155
0.984645982257071,1554001379,10,47320,49,8101,0,1558193510,10,47490,49,8057,0.822068254272105,1551900269,5,47241,49,8114,1.7036068236810498,1547704574,4,47121,49,8082,1.5247078444501132,1545606415,3,47049,49,8141
0.984645982257071,1554001379,10,47320,49,8101,1.3355018678366128,1558193510,10,47490,49,8057,0.822068254272105,1551900269,5,47241,49,8114,1.7036068236810498,1547704574,4,47121,49,8082,1.5247078444501132,1545606415,3,47049,49,8141
0.5247511234815346,1547710267,11,47125,49,8103,1.6544399875857536,1545609518,9,47115,49,8026,1.4454610271279278,1560289190,5,47505,49,8153,1.3555980708937447,1558190242,3,47493,49,8119,1.431381929904923,1560286862,3,47524,49,8121
0.5247511234815346,1547710267,11,47125,49,8103,1.6544399875857536,1545609518,9,47115,49,8026,1.4454610271279278,1560289190,5,47505,49,8153,1.3555980708937447,1558190242,3,47493,49,8119,1.431381929904923,1560286862,3,47524,49,8121
1.2872645983014694,1558196065,11,47449,49,14,1.6120115329236275,1545609881,9,47099,49,8071,0.8987685222492476,1551900804,5,47273,49,8167,1.1088735431658638,1556093675,4,47384,49,8124,1.3720211158247935,1560286428,3,47498,49,8133
1.2872645983014694,1558196065,11,47449,49,14,1.6120115329236275,1545609881,9,47099,49,8071,0.8987685222492476,1551900804,5,47273,49,8167,1.7524613670471414,1547705052,4,47146,49,8142,1.3720211158247935,1560286428,3,47498,49,8133
1.6796386952914635,1545613002,12,47105,49,8105,0.628271049875664,1556095999,9,47192,49,8085,1.6088570157003017,1545609575,5,47063,49,8139,1.670864876101427,1547704408,4,47114,49,8146,0.929363477896746,1553995113,3,47310,49,8132
1.6796386952914635,1545613002,12,47105,49,8105,0.628271049875664,1556095999,9,47192,49,8085,1.6088570157003017,1545609575,5,47063,49,8139,1.670864876101427,1547704408,4,47114,49,8146,0.929363477896746,1553995113,3,47310,49,8132
1.2364712646581095,1556095444,5,47426,49,8139,1.490329956951186,1560289683,8,47556,49,8062,0.9880142352653524,1553997685,5,47310,49,8133,1.3940504360890507,1560287213,4,47510,49,8097,0.9334436752501402,1553995090,3,47310,49,8155
1.2364712646581095,1556095444,5,47426,49,8139,1.490329956951186,1560289683,8,47556,49,8062,0.9880142352653524,1553997685,5,47310,49,8133,1.3940504360890507,1560287213,4,47510,49,8097,0.9334436752501402,1553995090,3,47310,49,8155
1.5517375699183795,1560292968,12,47559,49,8067,1.645158705482415,1551901435,10,47110,49,8068,1.1922081193874952,1556094927,5,47396,49,8143,0.7612761233057916,1549802136,4,47234,49,8102,1.709930644637912,1547703284,3,47130,49,8131
1.5517375699183795,1560292968,12,47559,49,8067,1.645158705482415,1551901435,10,47110,49,8068,1.1922081193874952,1556094927,5,47396,49,8143,0.7612761233057916,1549802136,4,47234,49,8102,1.709930644637912,1547703284,3,47130,49,8131
1.3512149390306485,1558194724,9,47477,49,8135,1.6297580599666357,1551901335,8,47101,49,8069,0.7081405935846871,1549803339,5,47190,49,8159,1.291138420157957,1558190708,4,47463,49,8154,0.8062549335528315,1551898142,3,47262,49,8155
1.3512149390306485,1558194724,9,47477,49,8135,1.6297580599666357,1551901335,8,47101,49,8069,0.7081405935846871,1549803339,5,47190,49,8159,1.291138420157957,1558190708,4,47463,49,8154,0.8062549335528315,1551898142,3,47262,49,8155
1.5557155332737052,1562389766,11,47560,49,8099,0.8720381177987748,1551901571,9,47298,49,8072,1.713503385340117,1545608891,5,47109,49,8142,1.7950942970107542,1547704597,4,47170,49,8157,1.6136473014851445,1545606452,3,47090,49,8124
1.5557155332737052,1562389766,11,47560,49,8099,0.8720381177987748,1551901571,9,47298,49,8072,1.713503385340117,1545608891,5,47109,49,8142,1.7950942970107542,1547704597,4,47170,49,8157,1.6136473014851445,1545606452,3,47090,49,8124
0.9977007543498706,1554001724,12,47327,49,8148,1.4909415080955961,1566581719,9,47558,49,8091,0.9151896889690558,1551900103,5,47280,49,8154,1.475851429333062,1560287237,4,47540,49,8128,1.3737554373173622,1558188691,3,47498,49,8110
0.9977007543498706,1554001724,12,47327,49,8148,1.4909415080955961,1566581719,9,47558,49,8091,0.9151896889690558,1551900103,5,47280,49,8154,1.475851429333062,1560287237,4,47540,49,8128,1.3737554373173622,1558188691,3,47498,49,8110
1.3128648071971778,1558195810,11,47461,49,8129,1.5964064103677942,1545610555,10,47092,49,8093,1.0146349653307456,1553998293,6,47321,49,8082,0.6896747243593255,1551898405,4,47208,49,8050,0.8987666485229404,1551897471,3,47291,49,8121
1.6460825623894588,1545613315,12,47090,49,8137,0.5335175488265413,1547707679,10,47158,49,8137,1.1297876095374284,1556094236,5,47368,49,8142,1.201076677960967,1556093167,4,47426,49,8106,1.6861651268739735,1547703042,3,47123,49,8134
1.6460825623894588,1545613315,12,47090,49,8137,0.5335175488265413,1547707679,10,47158,49,8137,1.1297876095374284,1556094236,5,47368,49,8142,1.201076677960967,1556093167,4,47426,49,8106,1.6861651268739735,1547703042,3,47123,49,8134
0.5683023548475151,1547707366,6,47145,49,8135,0,1566581366,9,47507,49,8102,0.9129460437802117,1551900788,5,47278,49,8158,1.6790252622128046,1547704690,4,47116,49,8141,1.1666041379217926,1556091442,3,47409,49,8105
0.5683023548475151,1547707366,6,47145,49,8135,1.3644684524243784,1566581366,9,47507,49,8102,0.9129460437802117,1551900788,5,47278,49,8158,1.6790252622128046,1547704690,4,47116,49,8141,1.1666041379217926,1556091442,3,47409,49,8105
1.56020280850443,1562388746,9,47564,49,0,0,1566582078,10,47503,49,8116,1.5706087604086736,1560288450,5,47558,49,8136,1.7453214818437326,1547704756,4,47146,49,8114,1.3726326692806148,1560286516,4,47501,49,8060
1.56020280850443,1562388746,9,47564,49,0,1.3395820560035219,1566582078,10,47503,49,8116,1.5706087604086736,1560288450,5,47558,49,8136,1.7453214818437326,1547704756,4,47146,49,8114,1.3726326692806148,1560286516,4,47501,49,8060
1.3112327182101786,1558196122,11,47464,49,8166,0,1558193210,10,47492,49,8062,0.9862799182624907,1553997577,5,47312,49,8130,1.8104968119198224,1549801211,3,47171,49,8109,1.5678524345082696,1545605962,3,47067,49,8163
1.3112327182101786,1558196122,11,47464,49,8166,0,1558193210,10,47492,49,8062,0.9862799182624907,1553997577,5,47312,49,8130,1.8104968119198224,1549801211,3,47171,49,8109,1.5678524345082696,1545605962,3,47067,49,8163
1.1292745434977276,1556098763,11,47384,49,8109,0,1564485119,10,47470,49,8111,1.6504713021129858,1545609352,5,47080,49,8182,1.8228377776216618,1549802046,4,47178,49,8050,0.60971214195252,1547703570,3,47173,49,8146
1.1292745434977276,1556098763,11,47384,49,8109,1.2662482153532553,156448511,10,47470,49,8111,1.6504713021129858,1545609352,5,47080,49,8182,1.8228377776216618,1549802046,4,47178,49,8050,0.60971214195252,1547703570,3,47173,49,8146
1.060530200799102,1554001311,11,47354,49,8128,1.6831017241045938,1553999325,10,47127,49,8080,1.397625124067609,1558191940,5,47487,49,8139,1.7778570941732121,1547704973,4,47163,49,8088,0.9160038556508163,1551897630,3,47297,49,8109
1.060530200799102,1554001311,11,47354,49,8128,1.6831017241045938,1553999325,10,47127,49,8080,1.397625124067609,1558191940,5,47487,49,8139,1.7778570941732121,1547704973,4,47163,49,8088,0.9160038556508163,1551897630,3,47297,49,8109
1.39680718923964,1560292190,10,47497,49,8092,0,1560290302,9,47335,49,8015,1.4283260585656965,1560287964,4,47498,49,8114,0.954963699648863,1553996269,3,47319,49,8144,1.571421452807279,1545606521,3,47071,49,8106
1.39680718923964,1560292190,10,47497,49,8092,0.9699535077046596,1560290302,9,47335,49,8015,1.4283260585656965,1560287964,4,47498,49,8114,0.954963699648863,1553996269,3,47319,49,8144,1.571421452807279,1545606521,3,47071,49,8106
1.208932248582549,1556098737,11,47419,49,8100,0.8258342970223199,1558192934,8,47276,49,8062,1.2123005288601418,1556094803,5,47408,49,8143,1.6785159336535642,1547704521,3,47113,49,8082,0.6118535562104387,1549800604,3,47175,49,8084
1.208932248582549,1556098737,11,47419,49,8100,0.8258342970223199,1558192934,8,47276,49,8062,1.2123005288601418,1556094803,5,47408,49,8143,1.6785159336535642,1547704521,3,47113,49,8082,0.6118535562104387,1549800604,3,47175,49,8084
1.5686680390701895,1562390332,11,47572,49,8066,0.9258911047558337,1560290251,9,47319,49,8110,1.2100568867919177,1556094758,5,47406,49,8133,1.7071758289449266,1547704903,4,47128,49,8132,1.3757945936887994,1560286489,3,47501,49,8106
1.0934747699481362,1554001489,12,47367,49,8130,1.4778867522677763,1560290375,10,47560,49,8128,0.804117243213315,1549803531,5,47234,49,8139,1.690550190585116,1547704519,4,47123,49,8071,1.6968740185020403,1547703770,3,47129,49,8148
1.0934747699481362,1554001489,12,47367,49,8130,1.4778867522677763,1560290375,10,47560,49,8128,0.804117243213315,1549803531,5,47234,49,8139,1.690550190585116,1547704519,4,47123,49,8071,1.6968740185020403,1547703770,3,47129,49,8148
0.6615260041603596,1549807093,11,47186,49,8071,0.9155893157119525,1560289222,8,47313,49,8011,1.0450291790955784,1553997713,5,47336,49,8130,0.7981967938612796,1551898376,3,47256,49,8091,1.6057954709314899,1545606614,3,47078,49,8120
0.6615260041603596,1549807093,11,47186,49,8071,0.9155893157119525,1560289222,8,47313,49,8011,1.0450291790955784,1553997713,5,47336,49,8130,0.7981967938612796,1551898376,3,47256,49,8091,1.6057954709314899,1545606614,3,47078,49,8120
1.1191772196118412,1556094994,5,47379,49,8086,1.0358407614798268,1562387404,10,47374,49,8109,1.0575746233563832,1553998425,6,47341,49,8130,0.837976381481563,1551899021,4,47266,49,8099,1.077969996743447,1556091902,3,47373,49,8129
1.1191772196118412,1556094994,5,47379,49,8086,1.0358407614798268,1562387404,10,47374,49,8109,1.0575746233563832,1553998425,6,47341,49,8130,0.837976381481563,1551899021,4,47266,49,8099,1.077969996743447,1556091902,3,47373,49,8129
1.3418314085040681,1558196080,12,47476,49,8075,0.7519892695972844,1558193270,10,47245,49,8052,1.2845135168820014,1558191631,5,47436,49,8141,1.762558684998361,1547704611,4,47153,49,8078,0.6167497865878931,1549800154,3,47175,49,8102
1.2708434281106473,1558196147,12,47444,49,6,0,1558193357,9,47263,49,8121,0.6806015909131249,1549803411,5,47181,49,8115,1.5641793505002684,1545607654,4,47066,49,8094,0.7900382431786681,1551897800,3,47253,49,8056
1.4172063170979066,1560293206,12,47505,49,8158,1.4737042980246822,1568678616,10,47561,49,8099,1.7449181102777755,1547706066,5,47122,49,8140,1.5254216528143911,1545607528,4,47046,49,8133,1.1471232920340475,1556091895,3,47400,49,8125
1.4172063170979066,1560293206,12,47505,49,8158,1.4737042980246822,1568678616,10,47561,49,8099,1.7449181102777755,1547706066,5,47122,49,8140,1.5254216528143911,1545607528,4,47046,49,8133,1.1471232920340475,1556091895,3,47400,49,8125
1.4888058516903149,1560293092,11,47539,49,8129,0.8851951130389342,1560290179,10,47307,49,8097,1.3462202235702698,1558192159,5,47463,49,8126,1.6548526542282789,1545607491,4,47105,49,8130,1.4109827999255167,1560286254,3,47517,49,8062
1.4888058516903149,1560293092,11,47539,49,8129,0.8851951130389342,1560290179,10,47307,49,8097,1.3462202235702698,1558192159,5,47463,49,8126,1.6548526542282789,1545607491,4,47105,49,8130,1.4109827999255167,1560286254,3,47517,49,8062
0.8348144671870276,1551904351,11,47263,49,8130,1.3237724597412817,1564484645,9,47487,49,8045,1.528178416329704,1560289148,5,47543,49,8161,0.949764472659576,1553995759,4,47306,49,8073,0.9480282819616256,1553995118,3,47320,49,8113
0.8348144671870276,1551904351,11,47263,49,8130,1.3237724597412817,1564484645,9,47487,49,8045,1.528178416329704,1560289148,5,47543,49,8161,0.949764472659576,1553995759,4,47306,49,8073,0.9480282819616256,1553995118,3,47320,49,8113
0.8977461529808276,1551901804,6,47286,49,8118,1.480028141869643,1566581794,10,47555,49,8059,1.5328701782177319,1560288601,5,47545,49,8131,1.0415568025255926,1553996280,4,47358,49,8101,1.2248421919264914,1558189324,3,47438,49,8135
1.5360301954053863,1560292873,12,47556,49,8076,0.7315901502109133,1558193167,10,47245,49,8166,1.7371666641269077,1547705913,5,47118,49,8182,1.6576074808633217,1547704322,3,47102,49,8104,0.9188590617041371,1551897545,3,47302,49,8102
1.5360301954053863,1560292873,12,47556,49,8076,0.7315901502109133,1558193167,10,47245,49,8166,1.7371666641269077,1547705913,5,47118,49,8182,1.6576074808633217,1547704322,3,47102,49,8104,0.9188590617041371,1551897545,3,4702,49,8102
1.5532674021318682,1562390028,11,47563,49,9,1.0364542049643808,1553999298,10,47360,49,8101,1.3149077302978287,1558191032,4,47450,49,8092,1.2538106982473463,1558190094,3,47437,49,8081,1.2562569215023505,1558189506,3,47450,49,8082
1.5532674021318682,1562390028,11,47563,49,9,1.0364542049643808,1553999298,10,47360,49,8101,1.3149077302978287,1558191032,4,47450,49,8092,1.2538106982473463,1558190094,3,47437,49,8081,1.2562569215023505,155818950,3,47450,49,8082
1.5531651588261115,1562390141,12,47564,49,8128,1.2712467143139168,1564485140,10,47458,49,8125,0.9472159812849037,1551899814,4,47295,49,8137,1.6524045369400722,1545607360,3,47105,49,8111,1.6719876062467967,1547703732,3,47118,49,8071
1.5531651588261115,1562390141,12,47564,49,8128,1.2712467143139168,1564485140,10,47458,49,8125,0.9472159812849037,1551899814,4,47295,49,8137,1.6524045369400722,1545607360,3,47105,49,8111,1.6719876062467967,1547703732,3,47118,49,8071
1.481665966694587,1560293398,12,47537,49,8074,1.4864542310798574,1560287411,4,47556,49,8038,1.74318379446836,1547706387,5,47124,49,8128,0.779022656975022,1551898928,4,47244,49,8133,0.9063136187817635,1551897883,4,47297,49,8171
1.481665966694587,1560293398,12,47537,49,8074,1.4864542310798574,1560287411,4,47556,49,8038,1.74318379446836,1547706387,5,47124,49,8128,0.779022656975022,1551898928,4,47244,49,8133,0.9063136187817635,1551897883,4,47297,49,8171
0.7837162720029729,1549806295,10,47236,49,8142,0.7212883527918194,1549804688,10,47234,49,8078,0.8621526968682246,1551900853,5,47258,49,8156,1.6473038220740628,1545607613,4,47109,49,8102,0.7050772101780349,1549800786,3,47214,49,8084
0.7837162720029729,1549806295,10,47236,49,8142,0.7212883527918194,1549804688,10,47234,49,8078,0.8621526968682246,1551900853,5,47258,49,8156,1.6473038220740628,1545607613,4,47109,49,8102,0.7050772101780349,1549800786,3,47214,49,8084
0.6956937063503406,1549806756,10,47203,49,8164,0.8723429551455607,1551900509,9,47305,49,8108,1.7158492621029728,1547704936,4,47112,49,8086,0.9236530679619532,1551898274,4,47300,49,8176,1.3828322354915052,1560286434,4,47504,49,8109
0.6956937063503406,1549806756,10,47203,49,8164,0.8723429551455607,1551900509,9,47305,49,8108,1.7158492621029728,1547704936,4,47112,49,8086,0.9236530679619532,1551898274,4,47300,49,8176,1.3828322354915052,1560286434,4,47504,49,8109
1.1220324230458354,1556098658,11,47383,49,8069,1.2318760635738493,1564485371,10,47452,49,8086,0.8199268390142047,1551900090,5,47240,49,8119,1.7988677732279694,1549801633,4,47175,49,8151,1.2200481925815296,1558189262,4,47436,49,8114
1.1220324230458354,1556098658,11,47383,49,8069,1.2318760635738493,1564485371,10,47452,49,8086,0.8199268390142047,1551900090,5,47240,49,8119,1.7988677732279694,1549801633,4,47175,49,8151,1.2200481925815296,1558189262,4,47436,49,8114
0.953435725507235,1554001506,11,47308,49,8062,1.3678348728898189,,,,,,1.6627100390685654,1545609082,6,47089,49,8123,1.0895971659323864,1556092761,4,47377,49,8140,0.5948208223665269,1547703546,4,47166,49,8077
0.953435725507235,1554001506,11,47308,49,8062,1.3678348728898189,1560290863,8,47503,49,8088,1.6627100390685654,1545609082,6,47089,49,8123,1.0895971659323864,1556092761,4,47377,49,8140,0.5948208223665269,1547703546,4,47166,49,8077
1.3984392708863258,1560293264,11,47497,49,8124,0.5788030863729812,1547707629,8,47175,49,8077,0.8138074693114924,1549803228,5,47236,49,8102,0.8925413324140876,1553996157,5,47301,49,8126,1.7100328843642698,1547703996,4,47128,49,8116
1.3984392708863258,1560293264,11,47497,49,8124,0.5788030863729812,1547707629,8,47175,49,8077,0.8138074693114924,1549803228,5,47236,49,8102,0.8925413324140876,1553996157,5,47301,49,8126,1.7100328843642698,1547703996,4,47128,49,8116
1.271659468524963,1558196404,12,47444,49,8160,1.0165644021130424,1553999137,10,47363,49,8081,1.6753577176606924,1545609431,6,47093,49,8099,1.3461122940406365,1560288008,4,47494,49,8130,1.1063250432609122,1556091782,3,47383,49,8071
0.5520856490509577,1547710718,12,47139,49,8036,1.341111913041752,1558192544,9,47499,49,8173,0.8079929644268455,1549802649,5,47237,49,8182,1.0964303285116836,1556092371,4,47382,49,8098,1.0868423209396887,1556092557,3,47382,49,8157
0.5520856490509577,1547710718,12,47139,49,8036,1.341111913041752,1558192544,9,47499,49,8173,0.8079929644268455,1549802649,5,47237,49,8182,1.0964303285116836,1556092371,4,47382,49,8098,1.0868423209396887,1556092557,3,47382,49,8157
0.5278108039962514,1547710406,11,47129,49,8122,1.4111834971201105,1566581994,10,47516,49,7990,0.9730206696822002,1553997115,5,47307,49,8069,1.7431800710780885,1547704924,4,47145,49,8104,0.6546909754562544,1549801025,3,47195,49,8177
0.5278108039962514,1547710406,11,47129,49,8122,1.4111834971201105,1566581994,10,47516,49,7990,0.9730206696822002,1553997115,5,47307,49,8069,1.7431800710780885,1547704924,4,47145,49,8104,0.6546909754562544,1549801025,3,47195,49,8177
0.5778903368896987,1547710329,12,47150,49,8130,1.4686054839064364,1566582688,9,47553,49,8098,0.695390679114178,1549803123,5,47189,49,8161,1.2297365549553998,1558191108,4,47443,49,8072,1.5073683947411831,1543509058,4,47043,49,8115
1.2138284972944187,1556098562,11,47416,49,8067,1.691975937858946,1553998265,8,47131,49,8078,1.0959247585144474,1553997309,5,47357,49,8154,1.1690522662545706,1556091973,3,47406,49,8077,1.6554642081764361,1547703186,4,47111,49,8124
1.2138284972944187,1556098562,11,47416,49,8067,1.691975937858946,1553998265,8,47131,49,8078,1.0959247585144474,1553997309,5,47357,49,8154,1.1690522662545706,1556091973,3,47406,49,8077,1.6554642081764361,1547703186,4,47111,49,8124
1.3033790434677155,1558195434,10,47458,49,8103,1.6806536231041855,1553998113,8,47130,49,8100,0.8278827573853377,1549802498,4,47241,49,8129,1.2546248458047657,1558188950,3,47448,49,8151,1.4078208809672246,1560286601,4,47515,49,8148
1.3033790434677155,1558195434,10,47458,49,8103,1.6806536231041855,1553998113,8,47130,49,8100,0.8278827573853377,1549802498,4,47241,49,8129,1.2546248458047657,1558188950,3,47448,49,8151,1.4078208809672246,1560286601,4,47515,49,8148
0.8126828872508138,1551904334,11,47245,49,8150,0.7230226767495068,1556096694,9,47231,49,8041,1.2389212593866046,1556094205,4,47419,49,8159,1.2989901975022173,1560286146,4,47477,49,8124,1.658932838618057,1551896907,3,47109,49,8149
0.8126828872508138,1551904334,11,47245,49,8150,0.7230226767495068,1556096694,9,47231,49,8041,1.2389212593866046,1556094205,4,47419,49,8159,1.2989901975022173,1560286146,4,47477,49,8124,1.658932838618057,1551896907,3,47109,49,8149
1.0595096919585316,1553998959,6,47353,49,8104,0.7170055505388788,1556095724,9,47234,49,8081,1.0162670418359252,1553997161,4,47322,49,8118,1.0382926338714185,1553994861,3,47361,49,8106,1.66688875636649,1547702403,3,47111,49,8109
1.0595096919585316,1553998959,6,47353,49,8104,0.7170055505388788,1556095724,9,47234,49,8081,1.0162670418359252,1553997161,4,47322,49,8118,1.0382926338714185,1553994861,3,47361,49,8106,1.66688875636649,1547702403,3,47111,49,8109
1.333875492213025,1558195277,10,47471,49,8101,0.714352958042531,1556096096,9,47236,49,8129,0.8066675936003221,1549802696,4,47233,49,8120,0.7561754091150507,1551897029,3,47239,49,8108,1.6400635570711244,1545605634,3,47102,49,8162
1.333875492213025,1558195277,10,47471,49,8101,0.714352958042531,1556096096,9,47236,49,8129,0.8066675936003221,1549802696,4,47233,49,8120,0.7561754091150507,1551897029,3,47239,49,8108,1.6400635570711244,1545605634,3,47102,49,8162
1.6837188900171882,1545613108,12,47105,49,8161,0.7516844261424626,1558192305,8,47246,49,8151,0.5743231423145361,1547706051,4,47135,49,8155,0.6297023305318044,1549799996,3,47183,49,8100,1.6661749539257913,1545605531,3,47110,49,8135
1.6837188900171882,1545613108,12,47105,49,8161,0.7516844261424626,1558192305,8,47246,49,8151,0.5743231423145361,1547706051,4,47135,49,8155,0.6297023305318044,1549799996,3,47183,49,8100,1.6661749539257913,1545605531,3,47110,49,8135
1.2693135951932437,1558196141,11,47440,49,8176,1.0369635311551073,1560290407,9,47361,49,8101,0.9607819366977333,1551899764,4,,49,8150,0.9187549670807656,1553994722,4,47309,49,8126,1.0117760150705233,1553994320,3,47342,49,8151
1.2693135951932437,1558196141,11,47440,49,8176,1.0369635311551073,1560290407,9,47361,49,8101,0.9607819366977333,1551899764,4,47298,49,8150,0.9187549670807656,1553994722,4,47309,49,8126,1.0117760150705233,1553994320,3,47342,49,8151
1.2425906265201714,1556097622,10,47430,49,8157,1.029823635501643,1560289607,9,47371,49,8071,1.6956546097831442,1545608707,4,47101,49,8093,1.7432823059526936,1547702772,3,47145,49,8092,0.8472576563066235,1551897455,3,47275,49,8129
1.2425906265201714,1556097622,10,47430,49,8157,1.029823635501643,1560289607,9,47371,49,8071,1.6956546097831442,1545608707,4,47101,49,8093,1.7432823059526936,1547702772,3,47145,49,8092,0.8472576563066235,1551897455,3,47275,49,8129
1.5350096752959024,1560293021,11,47555,49,8114,1.1597653266092005,1556095052,8,47417,49,8072,0.6571427813133989,1547705372,4,47171,49,8111,1.3652883056293617,1560285802,3,47499,49,8129,1.049921668229466,1560285676,3,47360,49,8121
1.5350096752959024,1560293021,11,47555,49,8114,1.1597653266092005,1556095052,8,47417,49,8072,0.6571427813133989,1547705372,4,47171,49,8111,1.3652883056293617,1560285802,3,47499,49,8129,1.049921668229466,1560285676,3,47360,49,8121
0.7301681207143498,1549807010,10,47214,49,8120,1.3631431053364562,1566581355,9,47503,49,8078,1.6299699424569691,1545608782,4,47073,49,8146,1.1972009485835562,1558188810,3,47427,49,8080,1.3569253065659233,1564479624,3,47494,49,8139
0.7301681207143498,1549807010,10,47214,49,8120,1.3631431053364562,1566581355,9,47503,49,8078,1.6299699424569691,1545608782,4,47073,49,8146,1.1972009485835562,1558188810,3,47427,49,8080,1.3569253065659233,1564479624,3,47494,49,8139
1.2684975498556723,1558196132,12,47442,49,8046,1.22565445670542,1564484461,9,47451,49,8093,1.3079723270402817,1558191538,4,47446,49,8110,1.0917385645330677,1556092281,3,47381,49,8107,0.5834985200230823,1547702735,3,47165,49,8093
1.2684975498556723,1558196132,12,47442,49,8046,1.22565445670542,1564484461,9,47451,49,8093,1.3079723270402817,1558191538,4,47446,49,8110,1.0917385645330677,1556092281,3,47381,49,8107,0.5834985200230823,1547702735,3,47165,49,8093
0.5242417815198469,1547710483,12,47123,49,8139,1.5031821209032892,1568677900,9,47562,49,8077,1.5947813668446504,1545608457,4,47058,49,8167,1.1601761785878044,1556092727,4,47414,49,8117,1.0212599059815315,1560285291,3,47353,49,8090
0.5242417815198469,1547710483,12,47123,49,8139,1.5031821209032892,1568677900,9,47562,49,8077,1.5947813668446504,1545608457,4,47058,49,8167,1.1601761785878044,1556092727,4,47414,49,8117,1.0212599059815315,1560285291,3,47353,49,8090
0.6966119824852002,1549807109,11,47201,49,8106,1.336522381839054,1564483846,8,47500,49,8110,1.1944517598386946,1556093675,3,47399,49,8135,1.5178746918865789,1543509693,4,47043,49,8046,1.206177387941407,1556091010,3,47429,49,8084
0.6966119824852002,1549807109,11,47201,49,8106,1.336522381839054,1564483846,8,47500,49,8110,1.1944517598386946,1556093675,3,47399,49,8135,1.5178746918865789,1543509693,4,47043,49,8046,1.206177387941407,1556091010,3,47429,49,8084
0.9267127634153917,1551904509,12,47297,49,8176,1.2517658666673046,1564484825,9,47451,49,8088,0.8140101006037112,1549802253,4,47241,49,8127,1.3803841151602507,1560286730,4,47503,49,8113,1.4539224487176061,1549799754,3,47024,49,8156
0.9267127634153917,1551904509,12,47297,49,8176,1.2517658666673046,1564484825,9,47451,49,8088,0.8140101006037112,1549802253,4,47241,49,8127,1.3803841151602507,1560286730,4,47503,49,8113,1.4539224487176061,1549799754,3,47024,49,8156
1.5335820739875872,1560292307,10,47555,49,8165,0.5079173401194105,1553998378,9,47136,49,8065,0.7698473017508679,1549802521,4,47218,49,8090,1.819471371127114,1549801283,4,47182,49,8160,0.9408902651059374,1560285642,3,47310,49,8092
1.381813624758267,1558194760,10,47491,49,8153,1.6600500110912115,1553997827,9,47120,49,8091,1.1054105201341753,1553996711,4,47360,49,8136,1.6183390681767278,1545607051,4,47090,49,8143,1.2324932783673674,1558188214,3,47435,49,8067
0.5192433216277682,1547710270,11,47124,49,8073,0.5864522863846247,1549803591,9,47182,49,8090,0.9307948146209509,1551900416,5,47288,49,8145,1.7912185666228329,1549800958,4,47171,49,8135,1.570198315220887,1545605176,3,47068,49,8182
0.5192433216277682,1547710270,11,47124,49,8073,0.5864522863846247,1549803591,9,47182,49,8090,0.9307948146209509,1551900416,5,47288,49,8145,1.7912185666228329,1549800958,4,47171,49,8135,1.570198315220887,1545605176,3,47068,49,8182
1.3433612510830666,1558195466,11,47476,49,8143,1.425870318118448,1560290251,9,47536,49,8131,1.1278488145883845,1556094830,5,47372,49,8162,1.343766410487377,1560286728,3,47494,49,8131,1.3959892324147236,1560285820,3,47512,49,8094
1.5028811384555472,1560293123,12,47544,49,8108,1.2108653766659523,1564483746,8,47444,49,8082,0.8138074712424935,1549801922,4,47235,49,8135,1.3541723563411823,1558189249,3,47488,49,8092,0.5795205598455876,1547702654,3,47165,49,8138
1.2158676531940928,1556098989,12,47422,49,8096,0.9692397109354685,1560290050,8,47341,49,8098,1.0995960053079454,1553996835,4,47361,49,8099,1.0389060686774245,1553995629,3,47355,49,8156,0.8583773453788568,1551897588,3,47271,49,8171
1.2158676531940928,1556098989,12,47422,49,8096,0.9692397109354685,1560290050,8,47341,49,8098,1.0995960053079454,1553996835,4,47361,49,8099,1.0389060686774245,1553995629,3,47355,49,8156,0.8583773453788568,1551897588,3,47271,49,8171
0.5816638291311241,1547710528,12,47152,49,8095,1.4495316929567719,1566581777,8,47544,49,8059,1.123361534519314,1553997097,5,47365,49,8136,1.5173615619637393,1545607236,4,47056,49,8062,0.5717709488137543,1547703325,3,47153,49,8073
0.5816638291311241,1547710528,12,47152,49,8095,1.4495316929567719,1566581777,8,47544,49,8059,1.123361534519314,1553997097,5,47365,49,8136,1.5173615619637393,1545607236,4,47056,49,8062,0.5717709488137543,1547703325,3,47153,49,8073
1.1097936990753996,1556098619,11,47374,49,8135,0.699054533779423,1556096095,9,47230,49,8110,1.0763416772440932,1553997002,4,47346,49,10,0.7762678153225288,1551897856,3,47252,49,8082,1.504206469983298,1543508682,3,47043,49,8120
1.1097936990753996,1556098619,11,47374,49,8135,0.699054533779423,1556096095,9,47230,49,8110,1.0763416772440932,1553997002,4,47346,49,10,0.7762678153225288,1551897856,3,47252,49,8082,1.504206469983298,1543508682,3,47043,49,8120
0.7930997974866079,1549805971,10,47239,49,8123,0.5198512112995181,1553998554,8,47139,49,8013,1.2841045647953908,1558191150,4,47437,49,5,1.7219630342959926,1547703355,3,47148,49,8102,1.7226805640943907,1547702740,3,47132,49,8142
0.5232212781010895,1547709767,10,47125,49,8143,1.5301101837852389,1551902311,9,47066,49,8102,1.5456201144957948,1560288652,4,47545,49,8142,1.5971239008995792,1545606759,3,47084,49,8087,0.7957505191591128,1551897599,3,47252,49,8149
0.5232212781010895,1547709767,10,47125,49,8143,1.5301101837852389,1551902311,9,47066,49,8102,1.5456201144957948,1560288652,4,47545,49,8142,1.5971239008995792,1545606759,3,47084,49,8087,0.7957505191591128,1551897599,3,47252,49,8149
0.8049314368708004,1551903568,10,47243,49,8108,1.5534648899663133,1551901838,8,47085,49,8110,1.2540170695171162,1556094243,4,47420,49,8098,1.7935625673910098,1549801021,3,47182,49,8105,1.6373087291475301,1545605444,3,47105,49,8112
0.5925771943683752,1547709755,10,47157,49,8168,0.5689083781177701,1553999223,8,47170,49,8049,1.4929902084412594,1560288159,4,47525,49,8137,1.7689847488150625,1547703723,3,47159,49,8069,0.9042725929075092,1551896794,3,47300,49,8116
0.5925771943683752,1547709755,10,47157,49,8168,0.5689083781177701,1553999223,8,47170,49,8049,1.4929902084412594,1560288159,4,47525,49,8137,1.7689847488150625,1547703723,3,47159,49,8069,0.9042725929075092,1551896794,3,47300,49,8116
0.7860621552290791,1549807049,11,47236,49,8066,0.8679579048716204,1558192872,8,47302,49,8141,1.2680923556120842,1556094384,5,47426,49,8180,0.9447641235612769,1553994723,3,47320,49,8126,0.6001241531660323,1549799519,3,47170,49,8107
0.7860621552290791,1549807049,11,47236,49,8066,0.8679579048716204,1558192872,8,47302,49,8141,1.2680923556120842,1556094384,5,47426,49,8180,1.6516888611835039,1547703872,3,47117,49,8044,0.6001241531660323,1549799519,3,47170,49,8107
0.7467937507512125,1549807179,12,47221,49,8099,1.5656032411455725,1551902574,9,47078,49,8072,1.2841045647953908,1558190457,4,47437,49,8112,0.9917839734837872,1553994826,3,47339,49,8109,1.2673747690967812,1558188724,3,47452,49,8147
0.7467937507512125,1549807179,12,47221,49,8099,1.5656032411455725,1551902574,9,47078,49,8072,1.2841045647953908,1558190457,4,47437,49,8112,0.9917839734837872,1553994826,3,47339,49,8109,1.2673747690967812,1558188724,3,47452,49,8147
1.4895196525602563,1560290830,6,47539,49,8137,0.8678556657965247,1558193714,9,47295,49,8063,1.7246212263660392,1545607829,4,47110,49,8149,1.3524380271207899,1558189236,3,47491,49,8108,1.596410100868293,1545605912,3,47082,49,8109
1.4030287931390955,1560292760,11,47499,49,8170,1.3236702085441645,1564485136,9,47490,49,8081,1.0167763768064355,1553997205,4,47322,49,8124,1.3186755179066336,1560286787,3,47486,49,8138,1.0894949207920395,1556091509,3,47380,49,8134
1.2152561005941072,1556098668,11,47417,49,8096,0.8991681473404223,1551900709,9,47308,49,8079,1.2533032684681122,1556094694,4,47419,49,8103,1.4014970347035496,1560286956,3,47514,49,8097,0.8586803475946434,1551897218,3,47283,49,8183
1.2152561005941072,1556098668,11,47417,49,8096,0.8991681473404223,1551900709,9,47308,49,8079,1.2533032684681122,1556094694,4,47419,49,8103,1.4014970347035496,1560286956,3,47514,49,8097,0.8586803475946434,1551897218,3,47283,49,8183
1.0295225705629412,1553999530,7,47342,49,8087,0.5359656679529854,1553999278,9,47149,49,8102,1.4437267086169672,1560289047,4,47504,49,8095,1.4794203949568319,1562384869,4,47553,49,8135,1.5796840761251678,1545605288,3,47070,49,8067
1.0295225705629412,1553999530,7,47342,49,8087,0.5359656679529854,1553999278,9,47149,49,8102,1.4437267086169672,1560289047,4,47504,49,8095,1.4794203949568319,1562384869,4,47553,49,8135,1.5796840761251678,1545605288,3,47070,49,8067
0.8296133862717348,1551904748,12,47254,49,8136,1.35100472849712,1558192249,8,47502,49,8023,1.6933087348874478,1545608981,4,47097,49,8102,1.573153904760389,1547704338,4,47082,49,8104,1.112444408363954,1556091535,3,47386,49,8128
0.8296133862717348,1551904748,12,47254,49,8136,1.35100472849712,1558192249,8,47502,49,8023,1.6933087348874478,1545608981,4,47097,49,8102,1.573153904760389,1547704338,4,47082,49,8104,1.112444408363954,1556091535,3,47386,49,8128
0.6647901676827113,1549806783,11,47182,49,8162,1.0564443575586016,1562385753,7,47374,49,8086,0.7323132120406811,1549803372,5,47199,49,8112,1.777552222922468,1549801093,3,47166,49,8126,0.7638264676775476,1549800177,3,47236,49,8133
0.9736303855512404,1554001564,11,47314,49,8080,0.9502681897959999,1560289394,7,47335,49,8108,1.6299699485372074,1545609027,5,47070,49,8126,1.1370221941517018,1556092413,3,47414,49,8183,0.7694346532678161,1551897324,3,47245,49,8073
1.2700273977128362,1558195730,11,47440,49,8095,0.8726496651797371,1558192763,8,47296,49,8065,1.2818609234800074,1558191158,4,47435,49,8115,1.7970349350647408,1549800926,3,47167,49,8101,0.9035587938561734,1553994276,3,47298,49,8116
1.2700273977128362,1558195730,11,47440,49,8095,0.8726496651797371,1558192763,8,47296,49,8065,1.2818609234800074,1558191158,4,47435,49,8115,1.7970349350647408,1549800926,3,47167,49,8101,0.9035587938561734,1553994276,3,47298,49,8116
1.0147334853083927,1554001910,12,47335,49,8147,0.852455022246383,1558194085,9,47286,49,8044,1.5047196131613287,1560288483,4,47530,49,8163,0.7783069750090964,1551898220,3,47259,49,8110,0.5945141218773461,1547702766,3,47168,49,8115
1.0147334853083927,1554001910,12,47335,49,8147,0.852455022246383,1558194085,9,47286,49,8044,1.5047196131613287,1560288483,4,47530,49,8163,0.7783069750090964,1551898220,3,47259,49,8110,0.5945141218773461,1547702766,3,47168,49,8115
1.1122418258625992,1556098643,11,47371,49,8153,1.0247229157527158,1560290491,8,47364,49,8086,1.3531556324039864,1558191441,5,47464,49,8148,1.4433139020649572,1560286868,3,47539,49,8066,0.7647428922255992,1551896593,3,47243,49,8109
1.1122418258625992,1556098643,11,47371,49,8153,1.0247229157527158,1560290491,8,47364,49,8086,1.3531556324039864,1558191441,5,47464,49,8148,1.4433139020649572,1560286868,3,47539,49,8066,0.7647428922255992,1551896593,3,47243,49,8109
0.6968164595798005,1549807154,10,47196,49,8102,0.5759460221706506,1553999527,9,47172,49,8003,1.5611229981731432,1560288490,4,47553,49,8084,1.475340187249315,1560286852,3,47553,49,8078,1.6517929628285228,1545605725,3,47106,49,8074
0.6968164595798005,1549807154,10,47196,49,8102,0.5759460221706506,1553999527,9,47172,49,8003,1.5611229981731432,1560288490,4,47553,49,8084,1.475340187249315,1560286852,3,47553,49,8078,1.6517929628285228,1545605725,3,47106,49,8074
1.436482687919554,1560292370,10,47512,49,8118,1.3299940551485876,1564485002,9,47491,49,8075,1.6728073748133703,1545608811,4,47090,49,8135,1.3058252369852785,1558189869,3,47479,49,8078,1.205972912008269,1558187978,3,47429,49,8115
1.1216253562455514,1556098363,11,47372,49,8108,0.5423898984077926,1553998968,8,47157,49,8042,1.6541425559597687,1545608689,4,47084,49,8172,1.0372739752927576,1556092200,3,47360,49,8170,0.8113556472939487,1551897146,3,47258,49,8106
1.1216253562455514,1556098363,11,47372,49,8108,0.5423898984077926,1553998968,8,47157,49,8042,1.6541425559597687,1545608689,4,47084,49,8172,1.0372739752927576,1556092200,3,47360,49,8170,0.8113556472939487,1551897146,3,47258,49,8106
0.6680543281638832,1549806123,9,47179,49,8055,1.2967446652715247,1564484977,9,47481,49,8122,1.0053536759984658,1553997441,4,47317,49,8089,0.7833054446136213,1551898425,4,47259,49,8102,1.6066096650126078,1545606009,3,47085,49,8085
0.6680543281638832,1549806123,9,47179,49,8055,1.2967446652715247,1564484977,9,47481,49,8122,1.0053536759984658,1553997441,4,47317,49,8089,0.7833054446136213,1551898425,4,47259,49,8102,1.6066096650126078,1545606009,3,47085,49,8085
1.1286629985748944,1556098540,11,47375,49,8131,1.605380970019579,1551902242,9,47103,49,8122,0.8222727220009305,1549802869,5,47240,49,8142,0.7166021309512943,1549801230,3,47225,49,8091,0.742916167765463,1549799863,3,47232,49,8160
1.1286629985748944,1556098540,11,47375,49,8131,1.605380970019579,1551902242,9,47103,49,8122,0.8222727220009305,1549802869,5,47240,49,8142,0.7166021309512943,1549801230,3,47225,49,8091,0.742916167765463,1549799863,3,47232,49,8160
0.8608236458372299,1551904869,12,47265,49,8087,0.8754026318516102,1558192728,8,47300,49,8127,1.2673785489137057,1556094369,5,47428,49,8137,1.4446392500102758,1560286819,3,47543,49,8160,1.4898244636960458,1543508947,3,47037,49,8172
0.8608236458372299,1551904869,12,47265,49,8087,0.8754026318516102,1558192728,8,47300,49,8127,1.2673785489137057,1556094369,5,47428,49,8137,1.4446392500102758,1560286819,3,47543,49,8160,1.4898244636960458,1543508947,3,47037,49,8172
1.5919228457257126,1562390318,11,47577,49,8124,1.6112958565511728,1551902046,9,47101,49,8056,1.3312266571857165,1558192089,5,47458,49,8181,0.8906043832090709,1553995614,3,47303,49,8126,1.0754196429796323,1556091675,3,47372,49,8123
1.5919228457257126,1562390318,11,47577,49,8124,1.6112958565511728,1551902046,9,47101,49,8056,1.3312266571857165,1558192089,5,47458,49,8181,0.8906043832090709,1553995614,3,47303,49,8126,1.0754196429796323,1556091675,3,47372,49,8123
0.5279130546870691,1547710120,11,47121,49,8153,1.430562082097064,1566581955,9,47537,49,8093,0.941096613576345,1551899703,4,47291,49,8154,0.8514382161617082,1551898270,4,47287,49,8142,0.9439480925650037,1553994815,3,47317,49,8114
0.5279130546870691,1547710120,11,47121,49,8153,1.430562082097064,1566581955,9,47537,49,8093,0.941096613576345,1551899703,4,47291,49,8154,0.8514382161617082,1551898270,4,47287,49,8142,0.9439480925650037,1553994815,3,47317,49,8114
0.6201162075904606,1547710193,12,47161,49,8090,1.282669383964166,1564484769,8,47467,49,8108,1.7190111839911124,1545608781,5,47112,49,8149,0.7408769758946439,1551898616,4,47235,49,8098,0.7741264172464319,1551897302,3,47246,49,8097
0.6201162075904606,1547710193,12,4761,49,8090,1.282669383964166,1564484769,8,47467,49,8108,1.7190111839911124,1545608781,5,47112,49,8149,1.6007951389204067,1545607094,3,47092,49,8091,0.7741264172464319,1551897302,3,47246,49,8097
1.0963299922508645,1554001257,12,47364,49,8127,0.8850928665118246,1558193216,9,47302,49,7985,0.8533807432051734,1551900228,5,47255,49,8129,1.1413068756619824,1556093194,4,47413,49,6,1.0361512348988562,1553994372,3,47357,49,8142
1.0963299922508645,1554001257,12,47364,49,8127,0.8850928665118246,1558193216,9,47302,49,7985,0.8533807432051734,1551900228,5,47255,49,8129,1.1413068756619824,1556093194,4,47413,49,6,1.0361512348988562,1553994372,3,47357,49,8142
1.5733598182733939,1562390466,12,47567,49,8032,1.3401936133031458,1558192740,9,47496,49,8106,0.6864160911225576,1549802931,4,47180,49,8152,1.5126716962165885,1545607659,4,47052,49,8149,1.3202091549395887,1558188945,3,47468,49,8058
1.5733598182733939,1562390466,12,47567,49,8032,1.3401936133031458,1558192740,9,47496,49,8106,0.6864160911225576,1549802931,4,47180,49,8152,1.5126716962165885,1545607659,4,47052,49,8149,1.3202091549395887,1558188945,3,47468,49,8058
1.1392696459860023,1556098737,11,47383,49,8150,1.6704540484680794,1553998053,8,47122,49,8093,0.6986548340388948,1549803154,4,47188,49,8087,1.0110603293235927,1556092816,4,47354,49,8132,0.6794770010034101,1549800242,3,47198,49,8090
1.1392696459860023,1556098737,11,47383,49,8150,1.6704540484680794,1553998053,8,47122,49,8093,0.6986548340388948,1549803154,4,47188,49,8087,1.0110603293235927,1556092816,4,47354,49,8132,0.6794770010034101,1549800242,3,47198,49,8090
0.6673405238284627,1549807286,12,47178,49,8051,1.5086899231730586,1562386897,9,47572,49,8119,0.6422514596004095,1547706013,4,47164,49,8101,1.6625018352652958,1547704314,4,47119,49,0,1.1653791451957751,1556091059,3,47410,49,8062
0.6673405238284627,1549807286,12,47178,49,8051,1.5086899231730586,1562386897,9,47572,49,8119,0.6422514596004095,1547706013,4,47164,49,8101,1.6625018352652958,1547704314,4,47119,49,0,1.1653791451957751,1556091059,3,47410,49,8062
0.660200647649586,1547709426,10,47176,49,8152,1.646790769751047,1545608438,7,47114,49,8109,1.1528374673780664,1556094658,4,47382,49,8103,1.4209759610129074,1560287349,3,47534,49,8102,0.8737761506494078,1551896950,3,47285,49,8190
1.632516620276049,1562390382,11,47595,49,8105,0.7786118466769857,1551901255,9,47258,49,8067,1.2696221926465017,1556094453,5,47429,49,8131,1.6208875537302427,1547704026,3,47102,49,8100,0.6208281537228006,1549800075,3,47178,49,8097
1.632516620276049,1562390382,11,47595,49,8105,0.7786118466769857,1551901255,9,47258,49,8067,1.2696221926465017,1556094453,5,47429,49,8131,1.6208875537302427,1547704026,3,47102,49,8100,0.6208281537228006,1549800075,3,47178,49,8097
1.10102175367609,1554001321,11,47366,49,8059,0.6693741308223893,1556096450,9,47209,49,8076,1.0021917577517516,1553997008,4,47315,49,8171,0.8115582506940865,1551899040,4,47269,49,8142,0.9241624032782073,1551896956,3,47300,49,8084
0.6396992914777083,1547709795,10,47169,49,8130,0.8653053072705733,1551901020,9,47304,49,8110,0.9699609901638279,1551899924,4,47303,49,8189,0.90978038249495,1553995478,4,47306,49,8160,0.929668341936237,1553994535,3,47310,49,8127
0.6396992914777083,1547709795,10,47169,49,8130,0.8653053072705733,1551901020,9,47304,49,8110,0.9699609901638279,1551899924,4,47303,49,8189,0.90978038249495,1553995478,4,47306,49,8160,0.929668341936237,1553994535,3,47310,49,8127
1.1891447014830085,1556099045,12,47406,49,8140,1.5338836685909332,1551901406,9,47069,49,8117,1.6246666128857932,1545609177,5,47068,49,8107,0.9255862446508302,1553996181,4,47327,49,8110,0.7884061820916071,1551896847,3,47247,49,8159
1.1891447014830085,1556099045,12,47406,49,8140,1.5338836685909332,1551901406,9,47069,49,8117,1.6246666128857932,1545609177,5,47068,49,8107,0.9255862446508302,1553996181,4,47327,49,8110,0.7884061820916071,1551896847,3,47247,49,8159
0.9830139160299446,1554001659,11,47315,49,8185,1.0990791650824585,1556095714,9,47396,49,8130,1.500130088920969,1560289035,4,47529,49,8117,1.1714984889731261,1556093180,4,47420,49,8078,0.7692338872364317,1549800278,3,47227,49,8098
0.9830139160299446,1554001659,11,47315,49,8185,1.0990791650824585,1556095714,9,47396,49,8130,1.500130088920969,1560289035,4,47529,49,8117,1.1714984889731261,1556093180,4,47420,49,8078,0.7692338872364317,1549800278,3,47227,49,8098
1.4281196971476007,1560293168,11,47503,49,8058,1.6755547520924834,1553998408,9,47123,49,8062,0.630726520588999,1547705988,4,47157,49,8098,0.7926908251842929,1551898934,4,47254,49,8067,1.21617248607153,1556091511,3,47429,49,8147
1.4281196971476007,1560293168,11,47503,49,8058,1.6755547520924834,1553998408,9,47123,49,8062,0.630726520588999,1547705988,4,47157,49,8098,0.7926908251842929,1551898934,4,47254,49,8067,1.21617248607153,1556091511,3,47429,49,8147
1.1192794754691038,1556098496,11,47371,49,8107,1.178430115020938,1562387650,9,47429,49,8103,1.5416421474682642,1560287956,4,47546,49,8132,0.6769247875051383,1549801606,4,47213,49,8146,0.7938117457890419,1551897387,3,47250,49,8128
1.1192794754691038,1556098496,11,47371,49,8107,1.178430115020938,1562387650,9,47429,49,8103,1.5416421474682642,1560287956,4,47546,49,8132,0.6769247875051383,1549801606,4,47213,49,8146,0.7938117457890419,1551897387,3,47250,49,8128
0.6218505173949892,1547709824,11,47160,49,8097,1.160070145342234,1562387449,9,47425,49,8060,1.2643188688374627,1556093633,4,47425,49,8097,1.6378180444207902,1547704104,4,47112,49,8139,0.868576921487585,1551896922,3,47269,49,8146
0.6218505173949892,1547709824,11,47160,49,8097,1.160070145342234,1562387449,9,47425,49,8060,1.2643188688374627,1556093633,4,47425,49,8097,1.6378180444207902,1547704104,4,47112,49,8139,0.868576921487585,1551896922,3,47269,49,8146
0.8622512511809993,1551904688,11,47267,49,8139,0.9044733323607587,1560289306,8,47315,49,8109,1.432915581532144,1560288395,4,47500,49,8140,0.9220209742220484,1553995674,4,47306,49,8096,1.609567123326872,1545605611,3,47084,49,8130
1.2507510387349479,1556098752,12,47426,49,8134,1.6290442335745154,1551901674,9,47115,49,8130,1.5659169984248935,1560288080,4,47556,49,8118,1.2450368325133367,1558190453,4,47449,49,8085,1.182209278154705,1556091228,3,47410,49,8128
1.2507510387349479,1556098752,12,47426,49,8134,1.6290442335745154,1551901674,9,47115,49,8130,1.5659169984248935,1560288080,4,47556,49,8118,1.2450368325133367,1558190453,4,47449,49,8085,1.182209278154705,1556091228,3,47410,49,8128
1.0822547079751872,1554001537,12,47358,49,8123,1.0931642769153984,1562387669,9,47385,49,8078,0.665200930650361,1547704724,4,47171,49,8152,1.643020997492624,1545607050,4,47107,49,8172,1.51195792871246,1543508353,3,47040,49,8142
1.0822547079751872,1554001537,12,47358,49,8123,1.0931642769153984,1562387669,9,47385,49,8078,0.665200930650361,1547704724,4,47171,49,8152,1.643020997492624,1545607050,4,47107,49,8172,1.51195792871246,1543508353,3,47040,49,8142
0.7185409628026367,1549807738,12,47204,49,8047,1.5996686792395778,1551902161,9,47107,49,8078,1.5949858541013509,1545608221,4,47055,49,8086,1.2653318216319165,1558189921,3,47466,49,8107,1.6575052498576612,1545605504,3,47101,49,8122
0.7270062121018034,1549806891,10,47209,49,8083,1.5141983402450228,1568678670,9,47569,49,8087,1.6026350530499411,1545608813,4,47060,49,8139,1.264313192616523,1558190197,4,47460,49,8129,0.9365033737891445,1560285252,3,47306,49,8137
0.7270062121018034,1549806891,10,47209,49,8083,1.5141983402450228,1568678670,9,47569,49,8087,1.6026350530499411,1545608813,4,47060,49,8139,1.264313192616523,1558190197,4,47460,49,8129,0.9365033737891445,1560285252,3,47306,49,8137
0.7592369731280334,1549805099,6,47221,49,8118,1.471665135275644,1566581650,9,47562,49,8111,1.6575089471074334,1545609303,5,47082,49,8119,1.2500372030760905,1558189834,4,47440,49,8080,1.3678386854714362,1558188329,3,47493,49,8139
0.7592369731280334,1549805099,6,47221,49,8118,1.471665135275644,1566581650,9,47562,49,8111,1.6575089471074334,1545609303,5,47082,49,8119,1.2500372030760905,1558189834,4,47440,49,8080,1.3678386854714362,1558188329,3,47493,49,8139
1.2825728492601858,1558196353,12,47442,49,8061,0.5447376107088586,1553998742,8,47154,49,8079,1.0787897915640425,1553996744,4,47348,49,8130,1.4782995367523468,1545607159,3,47034,49,8178,1.0705234146150164,1556091398,3,47368,49,8142
1.2825728492601858,1558196353,12,47442,49,8061,0.5447376107088586,1553998742,8,47154,49,8079,1.0787897915640425,1553996744,4,47348,49,8130,1.4782995367523468,1545607159,3,47034,49,8178,1.0705234146150164,1556091398,3,47368,49,8142
0,1545612744,11,47090,49,8078,1.1112156309100132,1562388549,9,47408,49,8082,1.3701883546668563,1558191720,5,47475,49,8101,1.8022341589201214,1549801729,4,47178,49,8074,0.8711254259663022,1551897184,3,47275,49,8141
1.6554660954215354,1545612744,11,47090,49,8078,1.1112156309100132,1562388549,9,47408,49,8082,1.3701883546668563,1558191720,5,47475,49,8101,1.8022341589201214,1549801729,4,47178,49,8074,0.8711254259663022,1551897184,3,47275,49,8141
0,1547709946,12,47111,49,8176,0.7319990826572196,1556095167,9,47246,49,8117,1.3297990585500616,1558191956,5,47455,49,8136,1.6628085551875464,1547704574,4,47113,49,8118,1.3274494000790886,1541411593,4,46961,49,8151
1.7104418631652099,1547709946,12,47111,49,8176,0.7319990826572196,1556095167,9,47246,49,8117,1.3297990585500616,1558191956,5,47455,49,8136,1.6628085551875464,1547704574,4,47113,49,8118,1.3274494000790886,1541411593,4,46961,49,8151
1.4327092169101199,1560293023,11,47506,49,8117,1.1570104668536685,1562387748,10,47431,49,8130,0.999029837568485,1553997434,4,47314,49,8125,1.119175322433901,1558190108,4,47395,49,8121,1.3494806082574207,1558188326,4,47481,49,8062
0.813498930925557,1551904367,12,47243,49,8114,1.165986915586545,1562388195,9,47423,49,8098,1.5909056380764153,1545608257,4,47060,49,8146,1.5545913392733888,1545607827,4,47070,49,8161,1.077765534855348,1537216985,3,46857,49,8118
0.8382831087566732,1551904945,12,47256,49,8083,0.9684236604765096,1560290716,9,47344,49,8097,1.553371542333845,1560288261,4,47556,49,8133,1.604466393234278,1545607774,4,47094,49,8141,1.535621222167057,1545605496,3,47048,49,8066
0.8382831087566732,1551904945,12,47256,49,8083,0.9684236604765096,1560290716,9,47344,49,8097,1.553371542333845,1560288261,4,47556,49,8133,1.604466393234278,1545607774,4,4794,49,8141,1.535621222167057,1545605496,3,47048,49,8066
1.4381147723298746,1560293473,12,47511,49,8120,1.0270687803630072,1560290581,10,47369,49,8066,0.9475226818755097,1551900047,5,47296,49,8133,0.8106399770726689,1551899146,4,47269,49,8054,1.302667121051131,1558188763,3,47452,49,8066
1.4381147723298746,1560293473,12,47511,49,8120,1.0270687803630072,1560290581,10,47369,49,8066,0.9475226818755097,1551900047,5,47296,49,8133,0.8106399770726689,1551899146,4,47269,49,8054,1.302667121051131,1558188763,3,47452,49,8066
0.6476552007254012,1549807448,12,47173,49,8099,0.5683990367611297,1553999113,9,47170,49,8102,1.5524532586006472,1560288697,5,47557,49,8133,1.3971119962054364,1560287929,4,47511,49,8113,0.9767922956219209,1553994411,3,47319,49,8087
0.7554634803155614,1549807536,12,47220,49,8128,0.7696372649458744,1558193993,10,47253,49,8110,1.3844681114922788,1558191675,5,47484,49,8105,1.5249104137222798,1545607997,4,47058,49,8129,1.5796840911581995,1545605532,3,47064,49,8110
0.7554634803155614,1549807536,12,47220,49,8128,0.7696372649458744,1558193993,10,47253,49,8110,1.3844681114922788,1558191675,5,47484,49,8105,1.5249104137222798,1545607997,4,47058,49,8129,1.5796840911581995,1545605532,3,47064,49,8110
1.5718299738584514,1562390233,11,47568,49,8119,1.0181964643727748,1560291204,9,47360,49,8086,1.3765121872011528,1558191837,4,47482,49,8110,0.7258834228885721,1549801770,4,47228,49,8090,1.7870398725053123,1547703162,4,47151,49,8134
1.5718299738584514,1562390233,11,47568,49,8119,1.0181964643727748,1560291204,9,47360,49,8086,1.3765121872011528,1558191837,4,47482,49,8110,0.7258834228885721,1549801770,4,47228,49,8090,1.7870398725053123,1547703162,4,47151,49,8134
1.0628760939195947,1554000649,10,47350,49,8105,1.1347785646312964,1562387660,9,47401,49,8047,0.894178985854954,1551900367,5,47275,49,8062,1.7244130123229886,1547704946,4,47142,49,8109,0.7375124604937321,1549800455,4,47217,49,8099
1.0628760939195947,1554000649,10,47350,49,8105,1.1347785646312964,1562387660,9,47401,49,8047,0.894178985854954,1551900367,5,47275,49,8062,1.7244130123229886,1547704946,4,47142,49,8109,0.7375124604937321,1549800455,4,47217,49,8099
0.8543975648462825,1551904783,12,47266,49,8102,0.6613178355908229,1556095682,8,47199,49,8086,0.7400646450909772,1549803307,4,47210,49,8179,0.8070691069594992,1551899360,4,47272,49,8119,1.3220457273442492,1564479584,3,47462,49,8105
0.7922837686742591,1549807057,11,47235,49,8084,1.032781078138427,1556096166,10,47373,49,8063,0.9347727654309891,1551901901,7,47293,49,8147,1.5628539609597654,1545609323,5,47070,49,8072,0.8564367214328054,1551899520,4,47275,49,8151
0.7922837686742591,1549807057,11,47235,49,8084,1.032781078138427,1556096166,10,47373,49,8063,0.9347727654309891,1551901901,7,47293,49,8147,1.5628539609597654,1545609323,5,47070,49,8072,0.8564367214328054,1551899520,4,47275,49,8151
1.2316772682155808,1556098169,10,47423,49,8093,1.304189373717265,1564484626,9,47488,49,8136,1.6041652395612092,1545608958,5,47068,49,8096,1.1551757902185356,1558190175,4,47427,49,8104,1.1958774839774877,1556091782,3,47411,49,8120
1.2316772682155808,1556098169,10,47423,49,8093,1.304189373717265,1564484626,9,47488,49,8136,1.6041652395612092,1545608958,5,47068,49,8096,1.1551757902185356,1558190175,4,47427,49,8104,1.1958774839774877,1556091782,3,47411,49,8120
0.9830139109869992,1554001841,11,47317,49,8100,0.5668692101304528,1547706877,9,47173,49,8098,0.5838088867394724,1547706163,5,47144,49,8125,1.1899606965638996,1558189875,4,47423,49,8086,0.8598031150069427,1551898389,3,47274,49,8103
0.9830139109869992,1554001841,11,47317,49,8100,0.5668692101304528,1547706877,9,47173,49,8098,0.5838088867394724,1547706163,5,47144,49,8125,1.1899606965638996,1558189875,4,47423,49,8086,0.8598031150069427,1551898389,3,47274,49,8103
1.1034698679232382,1556098470,11,47368,49,8073,0.6285777474602217,1556095972,9,47192,49,8114,1.0092293870348688,1553997928,5,47325,49,8124,1.4935979222000606,1545606661,3,47046,49,8169,0.9019267206370432,1551897246,3,47296,49,8105
1.1034698679232382,1556098470,11,47368,49,8073,0.6285777474602217,1556095972,9,47192,49,8114,1.0092293870348688,1553997928,5,47325,49,8124,1.4935979222000606,1545606661,3,47046,49,8169,0.9019267206370432,1551897246,3,47296,49,8105
1.0469642540145734,1554001003,10,47346,49,8135,0.7774890977751492,1551901121,8,47252,49,8036,1.49472451371449,1560287852,4,47533,49,8146,1.1231532778144209,1556092622,3,47398,49,8159,0.94874209464827,1553994903,3,47317,49,8142
1.0469642540145734,1554001003,10,47346,49,8135,0.7774890977751492,1551901121,8,47252,49,8036,1.49472451371449,1560287852,4,47533,49,8146,1.1231532778144209,1556092622,3,47398,49,8159,0.94874209464827,1553994903,3,47317,49,8142
1.4328114538011787,1560293306,12,47507,49,8154,1.0497134426774457,1562386018,8,47375,49,8090,0.9623117668778951,1553997185,5,47305,49,8132,1.2071960140920055,1558189810,3,47438,49,8101,1.5009423152590076,1543508322,3,47039,49,8089
0.6920224661673389,1549805443,7,47194,49,8116,1.4925735805140878,1560290146,10,47561,49,8105,1.6956545976226671,1545609149,5,47107,49,8107,1.0574686214360103,1556092538,4,47370,49,8151,0.9253873860178098,1551897184,3,47298,49,8157
0.6920224661673389,1549805443,7,47194,49,8116,1.4925735805140878,1560290146,10,47561,49,8105,1.6956545976226671,1545609149,5,47107,49,8107,1.0574686214360103,1556092538,4,47370,49,8151,0.9253873860178098,1551897184,3,47298,49,8157
1.5726460152334125,1562390614,12,47568,49,8137,0.7718790601736499,1551901061,9,47251,49,8074,0.5683059899510081,1547706763,5,47136,49,8091,0.6332713329091363,1549801834,4,47193,49,8151,0.6143035135764064,1547703694,3,47164,49,8090
1.5726460152334125,1562390614,12,47568,49,8137,0.7718790601736499,1551901061,9,47251,49,8074,0.5683059899510081,1547706763,5,47136,49,8091,0.6332713329091363,1549801834,4,47193,49,8151,0.6143035135764064,1547703694,3,47164,49,8090
1.1239712321705577,1556098361,11,47375,49,4,1.6131324155423943,1545610422,9,47106,49,8174,1.4453587715121705,1560289401,5,47513,49,8096,1.344786921854066,1560287872,4,47497,49,8111,1.033400140114117,1553995063,3,47343,49,8189
1.1239712321705577,1556098361,11,47375,49,4,1.6131324155423943,1545610422,9,47106,49,8174,1.4453587715121705,1560289401,5,47513,49,8096,1.344786921854066,1560287872,4,47497,49,8111,1.033400140114117,1553995063,3,47343,49,8189
0.6767240421466468,1549805816,10,47184,49,8053,1.3007226312105025,1564485041,9,47481,49,8066,1.1319290009613945,1556094833,5,47378,49,8079,0.8671455810301375,1551898944,4,47292,49,8085,1.2570729729555774,1558189220,3,47446,49,8064
0.7506694837831759,1549807289,11,47219,49,8079,1.1941374958356168,1562387469,9,47430,49,8066,1.4409737337756692,1560289766,6,47508,49,8121,0.6736624796793581,1549801137,3,47205,49,8086,0.7731077597168368,1551897580,3,47239,49,8127
0.7506694837831759,1549807289,11,47219,49,8079,1.1941374958356168,1562387469,9,47430,49,8066,1.4409737337756692,1560289766,6,47508,49,8121,0.6736624796793581,1549801137,3,47205,49,8086,0.7731077597168368,1551897580,3,47239,49,8127
1.4512717734703864,1560293495,12,47518,49,8108,0.8589833461523634,1551901643,9,47292,49,8187,1.0598182566074337,1553997135,4,47348,49,8147,1.2011788956173406,1558190648,4,47433,49,8142,0.9683251788692719,1553995102,3,47325,49,8159
1.1256033117682835,1556098672,11,47375,49,8036,0.5865545297345609,1547707190,10,47179,49,8079,0.7252755530025933,1549802543,4,47204,49,8149,1.691161736890452,1547705121,4,47131,49,8114,1.2189273234508349,1556092124,3,47428,49,8117
0.7756581328339972,1549807456,11,47230,49,8142,1.6097678832434652,1545610637,9,47091,49,8100,1.5784624326629486,1545608386,4,47055,49,8130,0.9113102291565912,1553996516,4,47305,49,8091,1.3904814530051073,1560286153,3,47502,49,8097
0.7756581328339972,1549807456,11,47230,49,8142,1.6097678832434652,1545610637,9,47091,49,8100,1.5784624326629486,1545608386,4,47055,49,8130,0.9113102291565912,1553996516,4,47305,49,8091,1.3904814530051073,1560286153,3,47502,49,8097
0.7608690452404498,1549807147,11,47223,49,8165,0,1553999144,9,47358,49,8024,1.5558196638265307,1560288775,5,47557,49,1,1.6446530758179825,1547704796,4,47107,49,8120,0.6847803442895645,1549800674,3,47197,49,8113
0.7608690452404498,1549807147,11,47223,49,8165,1.032578484638342,1553999144,9,47358,49,8024,1.5558196638265307,1560288775,5,47557,49,1,1.6446530758179825,1547704796,4,47107,49,8120,0.6847803442895645,1549800674,3,47197,49,8113
1.571320662325482,1562390027,11,47565,49,8097,0,1551900115,8,47245,49,8084,1.1364181531273367,1556095481,6,47373,49,8119,0.6176662139731066,1549801199,4,47184,49,8049,0.7064044442600005,1549800007,2,47201,49,8108
1.571320662325482,1562390027,11,47565,49,8097,0.7299580715879591,1551900115,8,47245,49,8084,1.1364181531273367,1556095481,6,47373,49,8119,0.6176662139731066,1549801199,4,47184,49,8049,0.7064044442600005,1549800007,2,47201,49,8108
0.7702525680909013,1549804509,6,47227,49,8136,0.9104904726293214,1553998647,9,47315,49,8111,1.574279983462583,1562386402,5,47568,49,8098,1.5756020277274545,1545607337,4,47080,49,8112,1.4213868705113832,1560286488,3,47511,49,8127
0.7702525680909013,1549804509,6,47227,49,8136,0.9104904726293214,1553998647,9,47315,49,8111,1.574279983462583,1562386402,5,47568,49,8098,1.5756020277274545,1545607337,4,47080,49,8112,1.4213868705113832,1560286488,3,47511,49,8127
0.8175791246396228,1551904119,11,47243,49,8158,0.9562871940435054,1553998353,8,47330,49,8077,0.598802445279278,1547706633,5,47148,49,8097,0.8265518162263639,1551899227,4,47272,49,8163,1.7145201904003204,1547703611,3,47125,49,8149
0.8175791246396228,1551904119,11,47243,49,8158,0.9562871940435054,1553998353,8,47330,49,8077,0.598802445279278,1547706633,5,47148,49,8097,0.8265518162263639,1551899227,4,47272,49,8163,1.7145201904003204,1547703611,3,47125,49,8149
0.6398015202797949,1547709807,11,47170,49,8177,1.6412829846683088,1545610472,10,47108,49,8016,0.7754573267125201,1549803589,5,47224,49,8138,1.224637706844851,1558190417,4,47441,49,8081,0.6312321896509359,1549799855,3,47178,49,8103
0.8198227699966913,1551903490,10,47245,49,8142,0.9669960840014329,1553999114,9,47335,49,8126,0.7173196376164181,1549803513,5,47202,49,8141,0.7172137062871679,1549801691,4,47224,49,8152,1.1076504239924163,1556092243,3,47379,49,8130
0.8198227699966913,1551903490,10,47245,49,8142,0.9669960840014329,1553999114,9,47335,49,8126,0.7173196376164181,1549803513,5,47202,49,8141,0.7172137062871679,1549801691,4,47224,49,8152,1.1076504239924163,1556092243,3,47379,49,8130
0.5670792171993579,1547710195,11,47139,49,8059,1.5005295193292467,1560290032,10,47560,49,8066,0.837164036704238,1551900787,5,47251,49,8129,1.0663428274087927,1556093390,4,47369,49,8107,1.1725190410590396,1556091832,3,47407,49,8119
0.5670792171993579,1547710195,11,47139,49,8059,1.5005295193292467,1560290032,10,47560,49,8066,0.837164036704238,1551900787,5,47251,49,8129,1.0663428274087927,1556093390,4,47369,49,8107,1.1725190410590396,1556091832,3,47407,49,8119
1.112955631966309,1556098366,11,47370,49,8056,1.5030798899726856,1568678320,9,47567,49,8158,1.5017621626986055,1560289619,5,47533,49,8141,0.9028431195397281,1553996035,3,47308,49,8126,0.7561772736016638,1549800350,3,47225,49,8116
1.112955631966309,1556098366,11,47370,49,8056,1.5030798899726856,1568678320,9,47567,49,8158,1.5017621626986055,1560289619,5,47533,49,8141,0.9028431195397281,1553996035,3,47308,49,8126,0.7561772736016638,1549800350,3,47225,49,8116
1.5193023162586636,1560291631,9,47546,49,8071,1.5358206152002445,1545609633,8,47070,49,8125,0.8894872258979273,1551900681,5,47272,49,8143,0.7259856672389616,1549802071,4,47224,49,8097,1.3953776989027626,1560286508,3,47502,49,8142
0.5803384661779079,1547710306,12,47144,49,8125,1.5271508965756935,1562387328,9,47571,49,8081,1.428428293687023,1560288887,5,47500,49,8157,1.595898919227139,1545607484,4,47087,49,8054,0.7886125067919066,1549800436,4,47235,49,8149
0.5803384661779079,1547710306,12,47144,49,8125,1.5271508965756935,1562387328,9,47571,49,8081,1.428428293687023,1560288887,5,47500,49,8157,1.595898919227139,1545607484,4,47087,49,8054,0.7886125067919066,1549800436,4,47235,49,8149
0.8500125148731276,1551903517,10,47260,49,8145,1.5168490999136728,1562387255,9,47568,49,8063,0.7981001022172425,1549803197,5,47232,49,8099,1.223210113678982,1558190534,4,47437,49,8089,1.2638039027108265,1558189107,3,47448,49,8120
0.8500125148731276,1551903517,10,47260,49,8145,1.5168490999136728,1562387255,9,47568,49,8063,0.7981001022172425,1549803197,5,47232,49,8099,1.223210113678982,1558190534,4,47437,49,8089,1.2638039027108265,1558189107,3,47448,49,8120
0.7576048932694062,1549807047,11,47222,49,8100,0.8779530018546438,1551900976,9,47304,49,8105,0.6223634921280299,1547706724,5,47155,49,8184,1.5657091810047516,1545607221,4,47071,49,8128,1.243609259012037,1558189222,3,47438,49,8155
0.7576048932694062,1549807047,11,47222,49,8100,0.8779530018546438,1551900976,9,47304,49,8105,0.6223634921280299,1547706724,5,47155,49,8184,1.5657091810047516,1545607221,4,47071,49,8128,1.243609259012037,1558189222,3,47438,49,8155
1.4217958515271552,1560292767,11,47502,49,8153,1.3453966060025395,1558193414,9,47489,49,8063,0.6276668266092738,1547706835,5,47159,49,8125,1.5434735092605063,1545607325,3,47065,49,8115,0.779636080727792,1551896988,3,47235,49,9
1.4217958515271552,1560292767,11,47502,49,8153,1.3453966060025395,1558193414,9,47489,49,8063,0.6276668266092738,1547706835,5,47159,49,8125,1.5434735092605063,1545607325,3,47065,49,8115,0.779636080727792,1551896988,3,47235,49,9
1.6616876962069167,1545610655,6,47094,49,8126,1.1297801042418087,1556095861,8,47395,49,8060,1.085827426648142,1553996998,4,47355,49,8145,1.0199326690582877,1556092559,3,47358,49,8108,0.9461936113233027,1553995121,3,47306,49,8146
1.6616876962069167,1545610655,6,47094,49,8126,1.1297801042418087,1556095861,8,47395,49,8060,1.085827426648142,1553996998,4,47355,49,8145,1.0199326690582877,1556092559,3,47358,49,8108,0.9461936113233027,1553995121,3,47306,49,8146
0.6774378487960768,1549806656,10,47184,49,8095,0.9016162559004952,1553998387,9,47311,49,8054,1.4886051594181609,1560289996,6,47526,49,8121,1.6514862492536357,1547704298,4,47110,49,8109,1.0763398055525382,1553994637,3,47358,49,8132
0.6774378487960768,1549806656,10,47184,49,8095,0.9016162559004952,1553998387,9,47311,49,8054,1.4886051594181609,1560289996,6,47526,49,8121,14.999349260474151,1547704298,4,47110,49,8109,1.0763398055525382,1553994637,3,47358,49,8132
0.9901537930653949,1554001317,11,47318,49,8138,1.5518346612285046,1545609364,8,47080,49,8091,0.6392939986490038,1547706673,5,47165,49,8098,1.0653223144005257,1556092690,4,47369,49,8098,1.204138249750719,1556092414,4,47417,49,8128
0.9901537930653949,1554001317,11,47318,49,8138,1.5518346612285046,1545609364,8,47080,49,8091,0.6392939986490038,1547706673,5,47165,49,8098,1.0653223144005257,1556092690,4,47369,49,8098,1.204138249750719,1556092414,4,47417,49,8128
1.6436344536356806,1562389608,10,47599,49,8177,1.5549965806417143,1545610527,10,47081,49,8067,0.7824949736539237,1549803127,5,47225,49,8169,0.8464416170985678,1551899068,4,47275,49,8064,1.6199711621581883,1545605930,3,47084,49,8137
0.5453547230382607,1547710597,12,47126,49,8114,1.265227681016331,1558193360,9,47474,49,8082,1.0934766378096328,1553998198,6,47358,49,8155,1.7725537583429651,1547704841,4,47163,49,8109,1.4693250102359627,1560286358,3,47529,49,8153
0.5453547230382607,1547710597,12,47126,49,8114,1.265227681016331,1558193360,9,47474,49,8082,1.0934766378096328,1553998198,6,47358,49,8155,1.7725537583429651,1547704841,4,47163,49,8109,1.4693250102359627,1560286358,3,47529,49,8153
1.1924088619149422,1556097519,9,47406,49,8088,1.2207582006245759,1558192481,8,47446,49,8076,0.8278827554543366,1549803457,6,47242,49,8177,1.507572881751703,1560287652,4,47553,49,8066,0.5905380146864389,1547703008,3,47153,49,8112
1.1924088619149422,1556097519,9,47406,49,8088,1.2207582006245759,1558192481,8,47446,49,8076,0.8278827554543366,1549803457,6,47242,49,8177,1.507572881751703,1560287652,4,47553,49,8066,0.5905380146864389,1547703008,3,47153,49,8112
0.8299201011881934,1551904694,11,47248,49,8141,1.6055854314753157,1545610309,9,47105,49,8121,0.8058515530628648,1549803472,5,47234,49,8099,1.4831938823103255,1560287197,3,47552,49,8113,1.2668654690582626,1558189422,4,47442,49,8105
1.0305430943963825,1554001915,12,47337,49,8124,0.8670396148393686,1551901050,9,47306,49,8130,1.4025213655882567,1558192225,5,47488,49,8117,0.6676435135789993,1549801116,3,47204,49,8091,0,1556091822,4,47368,49,8141
1.0305430943963825,1554001915,12,47337,49,8124,0.8670396148393686,1551901050,9,47306,49,8130,1.4025213655882567,1558192225,5,47488,49,8117,0.6676435135789993,1549801116,3,47204,49,8091,1.0810296973126694,1556091822,4,47368,49,8141
1.432913700361116,1560293186,11,47504,49,8102,1.20178667404802,1564484428,10,47440,49,8017,1.0560447797771721,1553998123,5,47341,49,8164,1.5010445506298573,1545606869,4,47041,49,8103,1.1264174689273012,1556091587,3,47387,49,8121
1.432913700361116,1560293186,11,47504,49,8102,1.20178667404802,1564484428,10,47440,49,8017,1.0560447797771721,1553998123,5,47341,49,8164,1.0464530304766735,1553995896,3,47362,49,8124,1.1264174689273012,1556091587,3,47387,49,8121
0.8307361399660473,1551903867,10,47248,49,8090,1.041043707349857,1562387329,10,47376,49,8076,0.72058379907795,1549803693,5,47198,49,8159,1.2166836753665906,1556093048,4,47429,49,8063,1.330815806939157,1558189252,3,47471,49,8161
0.8307361399660473,1551903867,10,47248,49,8090,1.041043707349857,1562387329,10,47376,49,8076,0.72058379907795,1549803693,5,47198,49,8159,1.2166836753665906,1556093048,4,47429,49,8063,1.330815806939157,1558189252,3,47471,49,8161
1.4405629000208287,1560293614,12,47509,49,8130,0.9497588581338562,1553999226,10,47335,49,8090,1.5941698090243415,1545608986,5,47057,49,8129,1.3343828856580486,1558190384,4,47491,49,8126,1.5185885052008323,1543508903,3,47038,49,8086
1.0688932250863785,1554002129,13,47353,49,8129,1.1592560042121314,1556095930,9,47424,49,8072,1.430671937586689,1560289251,6,47500,49,8112,1.3521313030463726,1558189714,3,47493,49,8109,0.7736189480948796,1549800599,4,47230,49,8151
0.7024265013383865,1549807475,12,47194,49,8160,1.3751792310469733,1566581768,9,47515,49,8094,1.272681870448973,1558191689,5,47433,49,8142,1.5032881875853294,1560287760,4,47555,49,8074,1.3711047446979796,1558188688,3,47484,49,8071
0.7024265013383865,1549807475,12,47194,49,8160,0,1558192402,9,47245,49,8107,1.272681870448973,1558191689,5,47433,49,8142,1.5032881875853294,1560287760,4,47555,49,8074,1.3711047446979796,1558188688,3,47484,49,8071
1.116117557383001,1556098229,11,47369,49,8122,0,1560289789,9,47311,49,8073,0.9191676437496836,1551900789,5,47283,49,8137,1.7264521880402026,1547704486,3,47143,49,8082,1.3847729538123397,1558189051,3,47486,49,8129
1.216174390343097,1556098569,11,47412,49,8184,1.0063648266200615,1553998925,10,47363,49,8143,1.2829836740729677,1558192207,6,47436,49,8177,1.0375788273632276,1553995755,4,47362,49,8118,1.3478504188135925,1558189184,4,47472,49,8109
1.216174390343097,1556098569,11,47412,49,8184,1.0063648266200615,1553998925,10,47363,49,8143,1.2829836740729677,1558192207,6,47436,49,8177,1.0375788273632276,1553995755,4,47362,49,8118,1.3478504188135925,1558189184,4,47472,49,8109
1.6829028636106727,1545613096,12,47100,49,8118,1.024724789775411,1553998634,9,47359,49,8054,0.7198699946262795,1549803871,6,47197,49,8110,0.8314480545013233,1551899480,4,47271,49,8110,1.6787204069178074,1545606058,3,47111,49,8169
1.6829028636106727,1545613096,12,47100,49,8118,1.024724789775411,1553998634,9,47359,49,8054,0.7198699946262795,1549803871,6,47197,49,8110,0.8314480545013233,1551899480,4,47271,49,8110,1.6787204069178074,1545606058,3,47111,49,8169
1.5485756599847376,1560292762,11,47553,49,8080,1.6002821108006489,1545610848,10,47092,49,8058,0.9844452175406373,1553997924,6,47307,49,8142,0.9204892784170529,1553995668,4,47310,49,8117,1.4070067482562731,1560286241,4,47503,49,8121
1.5485756599847376,1560292762,11,47553,49,8080,1.6002821108006489,1545610848,10,47092,49,8058,0.9844452175406373,1553997924,6,47307,49,8142,0.9204892784170529,1553995668,4,47310,49,8117,1.4070067482562731,1560286241,4,47503,49,8121
0.6539790459947528,1547709880,12,47172,49,8130,1.1584399635597877,1556095098,8,47424,49,8107,1.52226353850132,1560289740,5,47538,49,8152,1.5936552723015236,1545607437,3,47086,49,8124,1.599267170766211,1545606271,3,47074,49,8142
0.6539790459947528,1547709880,12,47172,49,8130,1.1584399635597877,1556095098,8,47424,49,8107,1.52226353850132,1560289740,5,47538,49,8152,1.5936552723015236,1545607437,3,47086,49,8124,1.599267170766211,1545606271,3,47074,49,8142
1.3035835379427254,1558195697,11,47451,49,8129,1.3037822952967155,1558193175,9,47487,49,8106,1.142230812644525,1556095361,6,47376,49,8133,0.6582599886220015,1549801243,3,47201,49,8118,1.07225772809809,1553994189,3,47369,49,8092
1.3035835379427254,1558195697,11,47451,49,8129,0,1556095838,9,47193,49,8123,1.142230812644525,1556095361,6,47376,49,8133,0.6582599886220015,1549801243,3,47201,49,8118,1.07225772809809,1553994189,3,47369,49,8092
1.2805336912234004,1558196025,12,47437,49,8062,1.6508709601681286,1545608793,8,47116,49,8050,1.4448494647156767,1560289163,5,47505,49,8127,1.0970437572519227,1556093139,4,47379,49,8091,1.0519627125324935,1553994724,4,47352,49,8172
1.2805336912234004,1558196025,12,47437,49,8062,1.6508709601681286,1545608793,8,47116,49,8050,1.4448494647156767,1560289163,5,47505,49,8127,1.0970437572519227,1556093139,4,47379,49,8091,1.0519627125324935,1553994724,4,47352,49,8172
1.473405233029559,156293082,11,47522,49,8136,1.4312758721923962,,,,,8105,0.8872435844413293,1551901199,6,47268,49,8144,0.8874424750336438,1551898851,4,47298,49,8102,1.4023130898925011,1560286339,3,47509,49,8169
1.473405233029559,1560293082,11,47522,49,8136,1.4312758721923962,1560290552,9,47540,49,8105,0.8872435844413293,1551901199,6,47268,49,8144,0.8874424750336438,1551898851,4,47298,49,8102,1.4023130898925011,1560286339,3,47509,49,8169
1.5381716100019427,1560290456,6,47551,49,8177,1.3140841041786204,1558193504,9,47481,49,8128,1.4258779345508439,1560288891,5,47499,49,7,0.651326424887638,1549802114,4,47189,49,8111,1.7009542265175512,1547703585,3,47125,49,8131
1.5381716100019427,1560290456,6,47551,49,8177,1.3140841041786204,1558193504,9,47481,49,8128,1.4258779345508439,1560288891,5,47499,49,7,0.651326424887638,1549802114,4,47189,49,8111,1.7009542265175512,1547703585,3,47125,49,8131
0.7023242694895813,1549807398,11,47194,49,8158,1.406898784067,1560290358,9,47523,49,8088,1.4689198329454454,1560288442,4,47517,49,8117,1.3681453928169742,1560287735,4,47497,49,8062,1.2669658153238073,1558189528,4,47452,49,8161
0.7023242694895813,1549807398,11,47194,49,8158,1.406898784067,1560290358,9,47523,49,8088,1.4689198329454454,1560288442,4,47517,49,8117,1.3681453928169742,1560287735,4,47497,49,8062,1.2669658153238073,1558189528,4,47452,49,8161
0.9824023438135927,1554001565,11,47316,49,8121,1.3995563225569778,1560290625,9,47515,49,8041,1.1375390544589123,1556094813,5,47372,49,8140,1.6882042953102452,1547704194,4,47127,49,8094,0.7820841894771705,1551897356,3,47238,49,8123
0.9824023438135927,1554001565,11,47316,49,8121,1.3995563225569778,1560290625,9,47515,49,8041,1.1375390544589123,1556094813,5,47372,49,8140,1.6882042953102452,1547704194,4,47127,49,8094,0.7820841894771705,1551897356,3,47238,49,8123
1.6452665261118333,1545613237,11,47089,49,8097,0.7353654843194779,1549804634,9,47235,49,8077,1.154878499246216,1556095221,5,47378,49,8090,1.377835644570332,1560287158,4,47497,49,8120,0.7786155625645568,1549800069,4,47240,49,25
0.7971799984375969,1549807264,12,47236,49,8143,0.7251640618877819,1549804931,10,47239,49,8090,0.9701654627080051,1551900449,5,47301,49,8098,0.7525041566283056,1549801605,4,47236,49,8101,0.5827865604347102,1547703717,3,47152,49,8064
1.572136701254249,1562389858,11,47566,49,8144,0.8958036189153187,1560289334,8,47310,49,8155,1.4246548206545635,1558192341,6,47493,49,8105,1.7045232241562733,1547704677,4,47134,49,8132,0.869697815816869,1551898103,4,47275,49,8160
1.572136701254249,1562389858,11,47566,49,8144,0.8958036189153187,1560289334,8,47310,49,8155,1.4246548206545635,1558192341,6,47493,49,8105,1.7045232241562733,1547704677,4,47134,49,8132,0.869697815816869,1551898103,4,47275,49,8160
1.0034130331924236,1554001715,12,47326,49,8107,0,1553999325,10,47348,49,8101,1.7451225835446504,1547705909,4,47119,49,8126,1.7728604732268292,1547704743,4,47160,49,8143,1.3781404853969492,1560286130,3,47498,49,8170
1.0034130331924236,1554001715,12,47326,49,8107,0.9808668688248826,1553999325,10,47348,49,8101,1.7451225835446504,1547705909,4,47119,49,8126,1.7728604732268292,1547704743,4,47160,49,8143,1.3781404853969492,1560286130,3,47498,49,8170
0.9086595275816678,1551904328,12,47287,49,8121,0.7204741637530387,1549803920,8,47229,49,8050,1.5644894007918548,1560289242,5,47554,49,8132,0.9534338473281337,1553996673,4,47322,49,8187,1.1984278391920773,1556092184,3,47412,49,8082
0.9086595275816678,1551904328,12,47287,49,8121,0.7204741637530387,1549803920,8,47229,49,8050,1.5644894007918548,1560289242,5,47554,49,8132,0.9534338473281337,1553996673,4,47322,49,8187,1.1984278391920773,1556092184,3,47412,49,8082
1.1060202232870187,1556098792,12,47368,49,8146,1.1349811646364294,1556096501,9,47413,49,8097,1.700448608975922,1545609246,5,47101,49,8111,1.6636245998517878,1545606946,3,47111,49,8120,1.2491170523473423,1558188863,3,47443,49,8163
1.1060202232870187,1556098792,12,47368,49,8146,1.1349811646364294,1556096501,9,47413,49,8097,1.700448608975922,1545609246,5,47101,49,8111,1.6636245998517878,1545606946,3,47111,49,8120,1.2491170523473423,1558188863,3,47443,49,8163
0.8907085209687768,1551903933,10,47279,49,8097,1.2415663045997558,1558193511,10,47455,49,8105,1.5643871585369953,1560289232,6,47555,49,8104,0.7184368454353124,1551898338,3,47226,49,8088,0.8275741984446117,1551897182,3,47256,49,8107
0.8907085209687768,1551903933,10,47279,49,8097,1.2415663045997558,1558193511,10,47455,49,8105,1.5643871585369953,1560289232,6,47555,49,8104,0.7184368454353124,1551898338,3,47226,49,8088,0.8275741984446117,1551897182,3,47256,49,8107
0.6762147033405834,1549807575,12,47182,49,8122,0.9780116713021044,1553999289,9,47335,49,8038,1.422920498762815,1560288260,4,47494,49,8113,0.9417063069589625,1553996278,4,47309,49,8067,1.5118575845343118,1560285696,3,47547,49,8121
0.6762147033405834,1549807575,12,47182,49,8122,0.9780116713021044,1553999289,9,47335,49,8038,1.422920498762815,1560288260,4,47494,49,8113,0.9417063069589625,1553996278,4,47309,49,8067,1.5118575845343118,1560285696,3,47547,49,8121
0.8173746512294295,1551903612,10,47246,49,8157,1.1430393320969174,1556095870,8,47413,49,8103,1.6558768699783393,1545608586,5,47082,49,8135,1.5754997972504785,1545607882,4,47079,49,8130,1.245955131226648,1558188805,3,47442,49,8121
0.8173746512294295,1551903612,10,47246,49,8157,1.1430393320969174,1556095870,8,47413,49,8103,1.6558768699783393,1545608586,5,47082,49,8135,1.5754997972504785,1545607882,4,47079,49,8130,1.245955131226648,1558188805,3,47442,49,8121
1.3787539597859246,1558193377,6,47483,49,8062,0.5932873037901106,1547706741,8,47171,49,8070,1.4073153664037577,1558192303,6,47490,49,8147,1.4750353767908244,1560287956,4,47544,49,8145,1.4161857871568353,1560286297,3,47509,49,8113
1.3787539597859246,1558193377,6,47483,49,8062,0.5932873037901106,1547706741,8,47171,49,8070,1.4073153664037577,1558192303,6,47490,49,8147,1.1406953320534177,1556093772,4,47406,49,8117,1.4161857871568353,1560286297,3,47509,49,8113
0.948030178788428,1551903677,11,47298,49,8117,0.9229336672310141,1553999252,10,47323,49,8054,1.2187266056406674,1556095434,5,47411,49,8182,1.452085881973975,1560288008,4,47537,49,8119,1.70911461876878,1547703715,3,47125,49,8137
0.5831936874766125,1547710514,12,47147,49,8078,1.3248952243434124,1558193966,10,47486,49,8113,1.051250778471455,1553998635,6,47341,49,8124,0.6626468910146092,1549801900,4,47197,49,8182,0.7799409321669538,1551897684,3,47243,49,8071
0.5831936874766125,1547710514,12,47147,49,8078,1.3248952243434124,1558193966,10,47486,49,8113,1.051250778471455,1553998635,6,47341,49,8124,0.6626468910146092,1549801900,4,47197,49,8182,0.7799409321669538,1551897684,3,47243,49,8071
1.6459803369176376,1562389974,11,47599,49,8125,0.725470779432973,1549804365,10,47243,49,8117,0.9773053362553829,1553997173,5,47306,49,8170,0.9061091467273239,1551898384,3,47298,49,8068,1.2399380115047258,1558188902,3,47437,49,8106
1.6459803369176376,1562389974,11,47599,49,8125,0.725470779432973,1549804365,10,47243,49,8117,0.9773053362553829,1553997173,5,47306,49,8170,0.9061091467273239,1551898384,3,47298,49,8068,1.2399380115047258,1558188902,3,47437,49,8106
0.687128076210956,1549807168,11,47184,49,8170,0.7450538596910445,1549804635,10,47243,49,8090,1.1268301586777838,1553997475,5,47368,49,8164,1.5823329655175835,1545607800,4,47084,49,8109,0.7745353681635219,1549800275,3,47240,49,8140
0.687128076210956,1549807168,11,47184,49,8170,0.7450538596910445,1549804635,10,47243,49,8090,1.1268301586777838,1553997475,5,47368,49,8164,1.5823329655175835,1545607800,4,47084,49,8109,0.7745353681635219,1549800275,3,47240,49,8140
0.9535379795285519,1551904557,12,47300,49,8128,0.7892184952659297,1551902397,10,47266,49,8045,1.243715256479229,1556094802,5,47422,49,8149,1.053897754248585,1553995989,4,47369,49,8148,1.4574933563237964,1560286719,3,47528,49,13
1.19251110146799,1556097554,9,47405,49,8164,0.8551076182723117,1551902092,9,47292,49,8089,1.270540466226142,1558191637,5,47431,49,8174,1.6400616999317843,1547704577,4,47110,49,8158,0.782288660577527,1549800528,4,47236,49,8104
1.4615735846585356,1560293074,11,47519,49,8147,0.899881970158347,1553998878,9,47311,49,8100,1.2862478327653037,1558191642,5,47437,49,8142,1.0699118361665187,1556093083,4,47372,49,8068,1.2227008065725475,1558189296,4,47430,49,8122
1.3772241197030701,1558195949,12,47482,49,8079,1.3325444408278941,1558193465,10,47493,49,8024,0.7130368169679152,1549803091,4,47193,49,8129,1.48543751867009,1560287701,4,47554,49,8078,1.3620260471196997,1558189381,3,47488,49,8110
1.3772241197030701,1558195949,12,47482,49,8079,1.3325444408278941,1558193465,10,47493,49,8024,0.7130368169679152,1549803091,4,47193,49,8129,1.48543751867009,1560287701,4,47554,49,8078,1.3620260471196997,1558189381,3,47488,49,8110
1.216990427985457,1556098433,11,47413,49,8133,0.9313989303905175,1553998207,9,47314,49,8033,1.5676513209824063,1560288843,5,47556,49,8156,1.6733148325736409,1545607057,3,47112,49,8112,1.438419582735083,1543508624,3,47011,49,8142
1.6380244203876255,1562389477,10,47597,49,8153,0.6216405107184942,1549804773,10,47183,49,8080,0.5439289216149564,1547706031,5,47121,49,2,1.0617514357630953,1556092749,4,47372,49,8110,0.8385879471895024,1551897932,3,47268,49,8133
1.6380244203876255,1562389477,10,47597,49,8153,0.6216405107184942,1549804773,10,47183,49,8080,0.5439289216149564,1547706031,5,47121,49,2,1.0617514357630953,1556092749,4,47372,49,8110,0.8385879471895024,1551897932,3,47268,49,8133
1.0674656222585195,1554001309,11,47351,49,8157,1.3616132878376175,1560290408,10,47504,49,8015,0.9795489848243575,1553997619,5,47306,49,12,1.7657205934188298,1547705106,4,47158,49,8114,1.8061117728858886,1547703218,3,47163,49,8128
1.0674656222585195,1554001309,11,47351,49,8157,1.3616132878376175,1560290408,10,47504,49,8015,0.9795489848243575,1553997619,5,47306,49,12,1.7657205934188298,1547705106,4,47158,49,8114,1.8061117728858886,1547703218,3,47163,49,8128
1.0282994515850925,1554001178,10,47335,49,8101,0.8661232390924812,1551902181,9,47290,49,8076,1.2980794811317484,1558192102,5,47439,49,8106,1.6931005341524836,1547704827,4,47126,49,8140,0.7705592638846778,1549800681,4,47228,49,8096
0.6737665956382567,1549806061,10,47179,49,10,1.0367609387911354,1553999381,10,47361,49,8135,1.5941698109713016,1562385437,4,47568,49,8157,1.327549729564281,1558190508,4,47486,49,8166,0.6518376160216245,1547703378,3,47176,49,8084
0.9614938978546415,1554001343,12,47302,49,8186,1.0008589335836129,1553999542,10,47337,49,8081,1.5558196736411225,1560289116,5,47552,49,8166,1.8223284421134884,1549801549,4,47179,49,8124,1.210666571433311,1556091991,3,47417,49,3
1.6025313474484255,1562390162,11,47577,49,8145,1.4525933075296256,1560291164,10,47540,49,8090,1.3625391502274522,1558192335,5,47471,49,8173,0.7641313232204825,1551898911,4,47242,49,8113,0.9386447819321001,1553994473,3,47308,49,8134
1.6025313474484255,1562390162,11,47577,49,8145,1.4525933075296256,1560291164,10,47540,49,8090,1.3625391502274522,1558192335,5,47471,49,8173,0.7641313232204825,1551898911,4,47242,49,8113,0.9386447819321001,1553994473,3,47308,49,8134
1.5908015115350738,1562389793,10,47572,49,8063,0.8948853858632595,1551901766,9,47298,49,8088,1.740226348325906,1547705875,5,47120,49,8159,1.6418982530167427,1545606944,3,47108,49,8082,1.0918408211418194,1556092181,3,47374,49,8101
1.5908015115350738,1562389793,10,47572,49,8063,0.8948853858632595,1551901766,9,47298,49,8088,1.740226348325906,1547705875,5,47120,49,8159,1.6418982530167427,1545606944,3,47108,49,8082,1.0918408211418194,1556092181,3,47374,49,8101
1.10591799214248,1554000858,10,47366,49,8,1.3431529962712803,1558193806,10,47487,49,8081,1.4891144811953463,1560289363,5,47526,49,8126,0.6479581954233985,1549801688,3,47197,49,8093,0.7816770995773368,1549800423,3,47231,49,8163
1.10591799214248,1554000858,10,47366,49,8,1.3431529962712803,1558193806,10,47487,49,8081,1.4891144811953463,1560289363,5,47526,49,8126,0.6479581954233985,1549801688,3,47197,49,8093,0.7816770995773368,1549800423,3,47231,49,8163
1.0996963895620437,1554001605,12,47363,49,8112,0.7749387819685694,1551901853,10,47250,49,8098,0.659897594621125,1547706214,5,47168,49,8176,1.6486310403235227,1547704708,4,47106,49,8105,0.794934499142076,1551897973,4,47245,49,8104
1.0996963895620437,1554001605,12,47363,49,8112,0.7749387819685694,1551901853,10,47250,49,8098,0.659897594621125,1547706214,5,47168,49,8176,1.6486310403235227,1547704708,4,47106,49,8105,0.794934499142076,1551897973,4,47245,49,8104
1.12019775364248,1556098618,12,47370,49,8095,1.4920643146673844,1560290780,10,47555,49,8042,1.0897031530815537,1553997795,5,47355,49,8154,1.1848599840467615,1556093244,4,47421,49,8096,0.8865260807706996,1551897968,3,47283,49,8045
1.12019775364248,1556098618,12,47370,49,8095,1.4920643146673844,1560290780,10,47555,49,8042,1.0897031530815537,1553997795,5,47355,49,8154,1.1848599840467615,1556093244,4,47421,49,8096,0.8865260807706996,1551897968,3,47283,49,8045
0.8386920566386794,1551904281,11,47250,49,8148,0.5464719733472114,1547707896,9,47146,49,8086,1.2839019535767453,1558191107,4,47435,49,8174,1.1103011230228697,1556092805,4,47393,49,8053,1.7711280376336638,1547703804,4,47146,49,8111
0.8386920566386794,1551904281,11,47250,49,8148,0.5464719733472114,1547707896,9,47146,49,8086,1.2839019535767453,1558191107,4,47435,49,8174,1.1103011230228697,1556092805,4,47393,49,8053,1.7711280376336638,1547703804,4,47146,49,8111
0.8571523955964248,1551904695,12,47261,49,8123,1.2240224174879635,1556096343,10,47431,49,8115,1.727376040914167,1545608415,5,47111,49,8132,1.4049656845932734,1560287780,4,47512,49,8062,1.6895333958979963,1545605890,3,47105,49,8155
0.8571523955964248,1551904695,12,47261,49,8123,1.2240224174879635,1556096343,10,47431,49,8115,1.727376040914167,1545608415,5,47111,49,8132,1.4049656845932734,1560287780,4,47512,49,8062,1.6895333958979963,1545605890,3,47105,49,8155
0.5684045987274506,1547710078,11,47140,49,8143,1.5144003393353054,1560290390,10,47560,49,8088,0.785554662622621,1549802987,4,47225,49,8172,1.3269381704605132,1558190459,3,47485,49,8090,1.2390216228437974,1556091606,3,47426,49,8102
0.5684045987274506,1547710078,11,47140,49,8143,1.5144003393353054,1560290390,10,47560,49,8088,0.785554662622621,1549802987,4,47225,49,8172,1.3269381704605132,1558190459,3,47485,49,8090,1.2390216228437974,1556091606,3,47426,49,8102
1.2952205337026745,1558194929,9,47446,49,8120,0.6528507772689641,1549805046,10,47191,49,8097,0.9967861891684678,1553996771,4,47314,49,8166,1.2005673455437358,1556093410,4,47428,49,8119,0.7352688196970416,1549800970,3,47213,49,8151
1.2952205337026745,1558194929,9,47446,49,8120,0.6528507772689641,1549805046,10,47191,49,8097,0.9967861891684678,1553996771,4,47314,49,8166,1.2005673455437358,1556093410,4,47428,49,8119,0.7352688196970416,1549800970,3,47213,49,8151
0.7592369731280334,1549806307,10,47221,49,8133,1.5987523183297823,1545611003,10,47085,49,8095,1.2595248638348941,1556094375,5,47426,49,8114,1.0551227492772548,1553995612,4,47366,49,8145,1.3801815457100657,1558188524,3,47490,49,8142
0.7592369731280334,1549806307,10,47221,49,8133,1.5987523183297823,1545611003,10,47085,49,8095,1.2595248638348941,1556094375,5,47426,49,8114,1.0551227492772548,1553995612,4,47366,49,8145,1.3801815457100657,1558188524,3,47490,49,8142
1.0933725486494124,1554001497,12,47361,49,8088,1.7552124945273142,1547707253,8,47151,49,8073,0.921513524725615,1551900828,5,47284,49,15,1.7997879110749253,1547704704,4,47169,49,8120,1.7489946005222876,1547703115,3,47138,49,8081
1.0933725486494124,1554001497,12,47361,49,8088,1.7552124945273142,1547707253,8,47151,49,8073,0.921513524725615,1551900828,5,47284,49,15,1.7997879110749253,1547704704,4,47169,49,8120,1.7489946005222876,1547703115,3,47138,49,8081
1.1194839522597597,1556098101,11,47369,49,8142,1.41995550460547,1560290701,10,47514,49,8091,1.1829268298543414,1556094909,5,47393,49,8180,0.9245694760323997,1553996045,4,47310,49,8127,0.6403108487657349,1549800118,3,47176,49,8116
1.1194839522597597,1556098101,11,47369,49,8142,1.41995550460547,1560290701,10,47514,49,8091,1.1829268298543414,1556094909,5,47393,49,8180,0.9245694760323997,1553996045,4,47310,49,8127,0.6403108487657349,1549800118,3,47176,49,8116
0.6730527911692615,1549807352,12,47178,49,8102,0.9283392855421644,1551901943,10,47302,49,8102,1.5378686646444693,1560289403,5,47545,49,8076,0.9169202703448648,1553995987,4,47305,49,8102,1.5333775900973583,1543509001,3,47044,49,8086
0.6730527911692615,1549807352,12,47178,49,8102,0,1551901943,10,47302,49,8102,1.5378686646444693,1560289403,5,47545,49,8076,0.6111397496713533,1549801929,4,47175,49,8115,1.5333775900973583,1543509001,3,47044,49,8086
1.7214574641737885,1547709780,11,47115,49,8097,1.4998176795064138,1560290949,9,47539,49,8024,0.7877983090975309,1549803661,5,47227,49,18,0.9646520540912722,1553995996,4,47333,49,8102,1.5462297646539664,1543508800,3,47046,49,8046
1.7214574641737885,1547709780,11,47115,49,8097,1.4998176795064138,1560290949,9,47539,49,8024,0.7877983090975309,1549803661,5,47227,49,18,0.9646520540912722,1553995996,4,47333,49,8102,1.5462297646539664,1543508800,3,47046,49,8046
1.2191318294639757,1556099123,12,47416,49,8081,1.5365338075062223,1560289450,9,47563,49,8058,0.9771008674656699,1553997694,6,47306,49,8122,0.6890631424117106,1549802038,4,47211,49,8102,1.2390216228437974,1556091737,3,47426,49,8111
1.2191318294639757,1556099123,12,47416,49,8081,1.5365338075062223,1560289450,9,47563,49,8058,0.9771008674656699,1553997694,6,47306,49,8122,0.6890631424117106,1549802038,4,47211,49,8102,1.2390216228437974,1556091737,3,47426,49,8111
0.5376032754177081,1547709570,10,47122,49,8144,0.6839606507663721,1549804897,9,47202,49,8096,0.7582201309725701,1549803248,5,47212,49,8135,0.672437516154568,1549801898,4,47203,49,8114,0.7587276273019307,1549800943,3,47223,49,8115
1.132743197447779,1556098191,11,47375,49,8130,1.1041780595330162,1556095900,10,47378,49,8092,1.7662355108279528,1547705794,4,47129,49,8098,1.4876811611080292,1562384445,4,47554,49,8098,1.5412312735366114,1545605966,3,47047,49,8101
1.132743197447779,1556098191,11,47375,49,8130,1.1041780595330162,1556095900,10,47378,49,8092,1.7662355108279528,1547705794,4,47129,49,8098,1.4876811611080292,1562384445,4,47554,49,8098,1.5412312735366114,1545605966,3,47047,49,8101
1.4685089845397177,1560292502,10,47523,49,8148,1.138856944227497,1556096577,10,47390,49,8034,1.3108275288438587,1558192298,5,47450,49,8132,0.8251242235198283,1551899152,4,47266,49,8131,0.8365487869640315,1551898121,4,47260,49,8079
0.6358235682013592,1547709944,11,47167,49,8162,1.0925508991190185,1562387045,10,47372,49,8042,0.8333905580331619,1551900797,5,47243,49,8135,0.8342010343120311,1551898449,3,47273,49,8124,1.2275989376091703,1556091652,3,47418,49,8067
0.6358235682013592,1547709944,11,47167,49,8162,1.0925508991190185,1562387045,10,47372,49,8042,0.8333905580331619,1551900797,5,47243,49,8135,0.8342010343120311,1551898449,3,47273,49,8124,1.2275989376091703,1556091652,3,47418,49,8067
0,1545612867,11,47105,49,8139,1.0288050521803773,1553999487,10,47341,49,8120,0.97240910548189,1551900090,5,47304,49,8141,0.6731513192666829,1549801564,4,47204,49,8128,1.0836822974171714,1553994931,3,47365,49,8109
1.693102422953513,1545612867,11,47105,49,8139,1.0288050521803773,1553999487,10,47341,49,8120,0.97240910548189,1551900090,5,47304,49,8141,0.6731513192666829,1549801564,4,47204,49,8128,1.0836822974171714,1553994931,3,47365,49,8109
1.0548179409064538,1554000531,9,47347,49,8139,1.0770480180424584,1553998119,8,47364,49,8040,0.5574948657976971,1547706353,5,47124,49,8097,0.8891768004572933,1553995791,4,47294,49,8116,1.396909435736438,1558188878,3,47494,49,8098
1.0548179409064538,1554000531,9,47347,49,8139,1.0770480180424584,1553998119,8,47364,49,8040,0.5574948657976971,1547706353,5,47124,49,8097,0.8891768004572933,1553995791,4,47294,49,8116,1.396909435736438,1558188878,3,47494,49,8098
1.2875713313265063,1558195019,10,47441,49,8161,0.7162936408009691,1556096163,9,47206,49,8038,1.1515121005811146,1556095699,6,47380,49,8167,0.8087030595927919,1551898491,4,47259,49,8074,1.3788561888013708,1558189149,3,47487,49,8117
1.2875713313265063,1558195019,10,47441,49,8161,0.7162936408009691,1556096163,9,47206,49,8038,1.1515121005811146,1556095699,6,47380,49,8167,0.8087030595927919,1551898491,4,47259,49,8074,1.3788561888013708,1558189149,3,47487,49,8117
0.9630237394820247,1551904136,12,47303,49,8078,1.321428527761867,1558193372,9,47473,49,8140,1.102146361899078,1553997965,5,47360,49,8116,1.0859240468856517,1556093142,3,47381,49,8078,0.7938117544067341,1551897723,4,47247,49,8102
0.9630237394820247,1551904136,12,47303,49,8078,1.321428527761867,1558193372,9,47473,49,8140,1.102146361899078,1553997965,5,47360,49,8116,1.0859240468856517,1556093142,3,47381,49,8078,0.7938117544067341,1551897723,4,47247,49,8102
0.8416495050305347,1551904108,10,47253,49,8057,0.8079855903270636,1558192722,8,47251,49,8058,1.0803196311088297,1553996917,4,47350,49,8138,1.4282181089281052,1560287283,4,47529,49,8130,1.5061453058940306,1543509650,3,47031,49,8146
0.8416495050305347,1551904108,10,47253,49,8057,0.8079855903270636,1558192722,8,47251,49,8058,1.0803196311088297,1553996917,4,47350,49,8138,1.4282181089281052,1560287283,4,47529,49,8130,1.5061453058940306,1543509650,3,47031,49,8146
0.8197205442781081,1551904176,11,47242,49,8073,1.5873296370600165,1562386611,7,47586,49,8058,1.116426129106648,1553998112,5,47361,49,8188,1.8770997414763109,1549803425,6,47200,49,8120,0.9028450109647426,1551898688,4,47290,49,8077
0.8197205442781081,1551904176,11,47242,49,8073,1.5873296370600165,1562386611,7,47586,49,8058,1.116426129106648,1553998112,5,47361,49,8188,1.8770997414763109,1549803425,6,47200,49,8120,0.9028450109647426,1551898688,4,47290,49,8077
1.4172063389293916,1560292055,10,47496,49,8176,1.5053235649673415,1566582482,10,47550,49,8052,0.664996468415498,1547706250,5,47171,49,8136,1.563057989915428,1545608875,6,47060,49,8097,0.7901405045722425,1551897809,4,47243,49,8123
1.4172063389293916,1560292055,10,47496,49,8176,1.5053235649673415,1566582482,10,47550,49,8052,0.664996468415498,1547706250,5,47171,49,8136,1.563057989915428,1545608875,6,47060,49,8097,0.7901405045722425,1551897809,4,47243,49,8123
0.6602006525648619,1549807428,12,47174,49,8162,0.7922782307020654,1551901880,9,47253,49,8100,1.450255034176687,1560289483,5,47504,49,8178,1.2854261379809817,1558190615,3,47462,49,8072,1.783775722755021,1547703474,3,47148,49,8143
0.6602006525648619,1549807428,12,47174,49,8162,0.7922782307020654,1551901880,9,47253,49,8100,1.450255034176687,1560289483,5,47504,49,8178,1.2854261379809817,1558190615,3,47462,49,8072,1.783775722755021,1547703474,3,47148,49,8143
0.7907539365228714,1549807613,12,47230,49,8144,0.6138891003608807,1547706357,7,47178,49,8108,1.634763944937225,1545609532,5,47071,49,8162,0.6649946237659409,1549801898,4,47185,49,8125,1.2450387473894806,1558189553,4,47430,49,8101
0.7907539365228714,1549807613,12,47230,49,8144,0.6138891003608807,1547706357,7,47178,49,8108,1.634763944937225,1545609532,5,47071,49,8162,0.6649946237659409,1549801898,4,47185,49,8125,1.2450387473894806,1558189553,4,47430,49,8101
1.44372482656816,1560292408,10,47508,49,8124,0.5975701746037954,1547706792,8,47170,49,8042,1.2319858616136483,1556095014,5,47412,49,8128,1.5490835597713386,1545607614,4,47061,49,8109,1.145286758911283,1556093108,4,47392,49,8123
1.44372482656816,1560292408,10,47508,49,8124,0.5975701746037954,1547706792,8,47170,49,8042,1.2319858616136483,1556095014,5,47412,49,8128,1.5490835597713386,1545607614,4,47061,49,8109,1.145286758911283,1556093108,4,47392,49,8123
0.5944137581137553,1547710316,11,47147,49,8135,1.300620434408954,1558192529,8,47461,49,8116,1.7390032184063628,1545608001,4,47113,49,8075,0.9059028229766353,1553995011,3,47303,49,8181,1.814374409695744,1547703165,4,47160,49,8108
0.5944137581137553,1547710316,11,47147,49,8135,1.300620434408954,1558192529,8,47461,49,8116,1.7390032184063628,1545608001,4,47113,49,8075,0.9059028229766353,1553995011,3,47303,49,8181,1.814374409695744,1547703165,4,47160,49,8108
0.7868782136312633,1549807638,12,47228,49,8022,1.0912255361105367,1556094458,8,47378,49,8131,0.6991660062598168,1549803273,5,47180,49,8115,1.547146135356124,1545607558,4,47056,49,8131,1.107548190208068,1556093026,4,47378,49,8093
0.7868782136312633,1549807638,12,47228,49,8022,1.0912255361105367,1556094458,8,47378,49,8131,0.6991660062598168,1549803273,5,47180,49,8115,1.547146135356124,1545607558,4,47056,49,8131,1.107548190208068,1556093026,4,47378,49,8093
0.9754669506294923,1554001879,12,47307,49,8105,0.9535324127750278,1560288939,8,47309,49,8049,0.863784782214516,1551900232,5,47254,49,8147,0.6842691630522288,1549801867,4,47204,49,8165,1.6270088094666373,1545607139,4,47085,49,8077
0.9754669506294923,1554001879,12,47307,49,8105,0.9535324127750278,1560288939,8,47309,49,8049,0.863784782214516,1551900232,5,47254,49,8147,0.6842691630522288,1549801867,4,47204,49,8165,1.6270088094666373,1545607139,4,47085,49,8077
1.4748328330833855,1560291283,7,47523,49,8178,1.2953171282810365,1564483953,8,47462,49,8087,1.2775781188408581,1556094576,5,47429,49,8191,1.5340894706810437,1562385216,4,47568,49,8051,1.2590117915643169,1558190488,4,47437,49,8142
1.4748328330833855,1560291283,7,47523,49,8178,1.2953171282810365,1564483953,8,47462,49,8087,1.2775781188408581,1556094576,5,47429,49,8191,1.5340894706810437,1562385216,4,47568,49,8051,1.2590117915643169,1558190488,4,47437,49,8142
1.2663561688878748,1558196402,12,47431,49,8126,0.5976705749432702,1553997869,8,47174,49,8098,1.014737205902657,1553997152,4,47318,49,8111,1.5614245293164168,1545607452,4,47068,49,8133,1.276555718027812,1558190031,4,47441,49,0
0.5412745414573022,1547710588,12,47123,49,8108,1.0219718963829418,1553998720,9,47334,49,8095,1.2885937250240265,1556093820,4,47432,49,8171,1.2771653810725911,1558190349,4,47455,49,8090,0.8095191185750545,1551898321,4,47252,49,8103
0.5412745414573022,1547710588,12,47123,49,8108,1.0219718963829418,1553998720,9,47334,49,8095,1.2885937250240265,1556093820,4,47432,49,8171,1.2771653810725911,1558190349,4,47455,49,8090,0.8095191185750545,1551898321,4,47252,49,8103
0.8890764582032953,1551902129,6,47273,49,8101,0.6308196036917155,1547706887,9,47177,49,8021,1.613752908084813,1545608758,5,47060,49,8141,1.804784537442463,1547704903,4,47170,49,8050,1.2744124349332722,1558189916,4,47446,49,8124
0.8890764582032953,1551902129,6,47273,49,8101,0.6308196036917155,1547706887,9,47177,49,8021,1.613752908084813,1545608758,5,47060,49,8141,1.804784537442463,1547704903,4,47170,49,8050,1.2744124349332722,1558189916,4,47446,49,8124
0.6673405310577484,1547710125,12,47175,49,8087,1.296337653086067,1558192448,8,47460,49,8098,1.3204155404872155,1558191640,5,47448,49,8072,0.7686186260499338,1549800888,4,47241,49,8093,1.3220438476172558,1558190070,4,47467,49,8095
0.6673405310577484,1547710125,12,47175,49,8087,1.296337653086067,1558192448,8,47460,49,8098,1.3204155404872155,1558191640,5,47448,49,8072,0.7686186260499338,1549800888,4,47241,49,8093,1.3220438476172558,1558190070,4,47467,49,8095
0.579317972005453,1547710376,12,47142,49,8129,0.7911554901347649,1551901455,10,47245,49,8053,1.6081428622634206,1562386670,6,47571,49,8136,1.1974054414558186,1556093847,5,47421,49,8021,1.6515922071956013,1545605578,4,47084,49,8062
0.579317972005453,1547710376,12,47142,49,8129,0.7911554901347649,1551901455,10,47245,49,8053,1.6081428622634206,1562386670,6,47571,49,8136,1.1974054414558186,1556093847,5,47421,49,8021,1.6515922071956013,1545605578,4,47084,49,8062
0.6555088935015221,1549807410,12,47171,49,8111,1.381501237670014,1558192071,9,47497,49,8075,0.9645554314586293,1551900948,6,47297,49,8133,0.744038922889228,1549801311,3,47226,49,8115,1.062469001463935,1553994314,3,47348,49,8056
0.6555088935015221,1549807410,12,47171,49,8111,1.381501237670014,1558192071,9,47497,49,8075,0.9645554314586293,1551900948,6,47297,49,8133,0.744038922889228,1549801311,3,47226,49,8115,1.062469001463935,1553994314,3,47348,49,8056
0,1562390300,11,47567,49,8078,1.2023983089675898,1556093029,4,47429,49,8138,0.9380369375085136,1551900934,6,47285,49,8144,1.1112194207984494,1556092496,4,47386,49,8082,1.242486501511442,1558188879,3,47439,49,8177
1.5852937159600122,1562390300,11,47567,49,8078,1.2023983089675898,1556093029,4,47429,49,8138,0.9380369375085136,1551900934,6,47285,49,8144,1.1112194207984494,1556092496,4,47386,49,8082,1.242486501511442,1558188879,3,47439,49,8177
1.1359051250199308,1556098952,11,47373,49,8083,0.7397524541190674,1556096490,9,47213,49,8063,0.8521576139476249,1551900611,5,47247,49,8176,1.4794204215280502,1560287564,4,47544,49,8081,1.56111918615136,1545606530,3,47059,49,8053
1.1359051250199308,1556098952,11,47373,49,8083,0.7397524541190674,1556096490,9,47213,49,8063,0.8521576139476249,1551900611,5,47247,49,8176,1.4794204215280502,1560287564,4,47544,49,8081,1.56111918615136,1545606530,3,47059,49,8053
1.0502284251936334,1553998998,6,47341,49,8098,0.7621888896379176,1549804307,9,47241,49,8038,0.6615296779156751,1547706013,5,47164,49,8182,0.9490469489074741,1553996183,4,47320,49,8118,1.0849054241682659,1556091478,3,47368,49,8062
1.0502284251936334,1553998998,6,47341,49,8098,0.7621888896379176,1549804307,9,47241,49,8038,0.6615296779156751,1547706013,5,47164,49,8182,0.9490469489074741,1553996183,4,47320,49,8118,1.0849054241682659,1556091478,3,47368,49,8062
1.7253331940233012,1547710024,12,47114,49,8110,0.7225152529496526,1549804351,9,47214,49,8067,0.6715247745000473,1547706228,5,47170,49,8161,1.6677048088067454,1545607218,4,47106,49,8060,1.4034358714937925,1560286528,4,47501,49,8081
1.7253331940233012,1547710024,12,47114,49,8110,0.7225152529496526,1549804351,9,47214,49,8067,0.6715247745000473,1547706228,5,47170,49,8161,1.6677048088067454,1545607218,4,47106,49,8060,1.4034358714937925,1560286528,4,47501,49,8081
1.2750258940802277,1558195382,11,47433,49,8124,0.7730018715843148,1549804734,9,47231,49,8028,0.6941675467523213,1549803750,6,47180,49,3,0.760560472692876,1549801302,3,47240,49,8110,1.7337965686865884,1547703668,3,47134,49,8085
0.551576334845943,1547709953,11,47126,49,8111,1.5103220697335322,1560290634,10,47554,49,8081,1.7413491069307299,1545608914,5,47110,49,8118,1.844052944066547,1549801823,4,47185,49,8091,1.699017307074368,1547703496,4,47115,49,8151
0.551576334845943,1547709953,11,47126,49,8111,1.5103220697335322,1560290634,10,47554,49,8081,1.7413491069307299,1545608914,5,47110,49,8118,1.844052944066547,1549801823,4,47185,49,8091,1.699017307074368,1547703496,4,47115,49,8151
1.5899854774969489,1562390162,11,47569,49,8140,1.2018889933866648,1556095651,8,47426,49,8056,1.0662443591213402,1553998066,5,47337,49,8115,0.9370145601838125,1551898947,4,47301,49,8140,0.9059065515668784,1551897885,3,47283,49,8116
1.1978144316277772,1556098835,12,47406,49,8078,1.2216765585270477,1562387844,10,47424,49,8049,1.2570767594273746,1556094691,5,47418,49,8127,1.1135671792753077,1556093388,4,47378,49,8097,1.0941885686789319,1556091509,3,47369,49,8147
1.1978144316277772,1556098835,12,47406,49,8078,1.2216765585270477,1562387844,10,47424,49,8049,1.2570767594273746,1556094691,5,47418,49,8127,1.1135671792753077,1556093388,4,47378,49,8097,1.0941885686789319,1556091509,3,47369,49,8147
1.5681587522777012,1560292670,11,47559,49,8082,1.4933915987620094,1566582146,9,47536,49,8029,0.9837314291919647,1551900081,5,47298,49,8138,0.624605315550456,1549801409,4,47164,49,8068,0.6304179823643418,1547703485,4,47172,49,8118
0,1560292670,11,47559,49,8082,1.4933915987620094,1566582146,9,47536,49,8029,0.9837314291919647,1551900081,5,47298,49,8138,0.624605315550456,1549801409,4,47164,49,8068,0.6304179823643418,1547703485,4,47172,49,8118
0.677642326114756,1549806321,10,47178,49,8130,0.7543352102108493,1549804310,9,47238,49,8065,0.6604069475243717,1547706701,5,47164,49,8170,1.297564509856486,1558190754,4,47462,49,8158,1.3005238347604273,1558189660,4,4748,49,8091
0.677642326114756,1549806321,10,47178,49,8130,0.7543352102108493,1549804310,9,47238,49,8065,0.6604069475243717,1547706701,5,47164,49,8170,1.297564509856486,1558190754,4,47462,49,8158,1.3005238347604273,1558189660,4,47458,49,8091
1.7239055880240666,1547709912,11,47112,49,8099,0.7621888896379176,1549803876,9,47241,49,8048,1.2962429355898595,1558191182,5,47434,49,8125,1.482889076697371,1562383980,4,47541,49,8086,1.4883987790998041,1560286621,3,47536,49,8151
1.7239055880240666,1547709912,11,47112,49,8099,0.7621888896379176,1549803876,9,47241,49,8048,1.2962429355898595,1558191182,5,47434,49,8125,1.482889076697371,1562383980,4,47541,49,8086,1.4883987790998041,1560286621,3,47536,49,8151
1.5923313582654173,1562390452,11,47570,49,8166,0.7851383636878674,1558193180,10,47248,49,8124,1.5771371004796706,1560289367,5,47552,49,8099,0.6457182431848117,1549801652,4,47173,49,8074,1.6868807998038409,1545606412,3,47110,49,8117
0.8430771186936618,1551904180,11,47252,49,8139,1.0795983851770252,1560290373,9,47361,49,8087,1.3150099837164837,1558191372,4,47442,49,8172,1.4866625531497146,1560287495,4,47544,49,8166,1.2980757131084464,1558189741,3,47458,49,8140
1.1342730455783274,1556098788,12,47373,49,6,1.5200104089007074,1560289789,9,47555,49,8063,0.7095682149774327,1549803584,5,47186,49,8067,1.4564709302133994,1560287847,4,47536,49,8116,0.7351665772516672,1549800798,3,47217,49,8127
1.1342730455783274,1556098788,12,47373,49,6,1.5200104089007074,1560289789,9,47555,49,8063,0.7095682149774327,1549803584,5,47186,49,8067,1.4564709302133994,1560287847,4,47536,49,8116,0.7351665772516672,1549800798,3,47217,49,8127
1.3206162671052095,1558195962,11,47458,49,8159,1.2528868001909843,1564483732,9,47438,49,8068,1.4697358897264188,1560289408,5,47509,49,8144,0.77698163895786,1551899068,4,47246,49,8089,1.1847596385153139,1556092365,3,47409,49,8137
0.9979052422949913,1554001518,11,47320,49,8160,0.9057987686075099,1551901967,9,47297,49,8109,1.6380281045033893,1545609247,5,47068,49,8092,1.0613443708166008,1553995518,4,47362,49,8142,1.3480530073057597,1558189133,3,47480,49,8148
1.5878440781645107,1562389134,9,47568,49,8182,1.390375447552254,1564483660,9,47498,49,8089,1.442605837881739,1558191563,5,47496,49,8126,0.8148224369444466,1551898537,4,47259,49,8132,1.0120827420618197,1553995371,3,47334,49,8098
1.5878440781645107,1562389134,9,47568,49,8182,1.390375447552254,1564483660,9,47498,49,8089,1.442605837881739,1558191563,5,47496,49,8126,0.8148224369444466,1551898537,4,47259,49,8132,1.0120827420618197,1553995371,3,47334,49,8098
1.3301020255356912,1558196095,12,47463,49,8127,1.3115338052393446,1564484115,8,47471,49,8111,0.9442585455482249,1551900183,5,47286,49,8078,1.4722805393729308,1560287175,4,47541,49,8113,1.4074138235014662,1560286582,3,47506,49,8109
1.3301020255356912,1558196095,12,47463,49,8127,1.3115338052393446,1564484115,8,47471,49,8111,0.9442585455482249,1551900183,5,47286,49,8078,1.4722805393729308,1560287175,4,47541,49,8113,1.4074138235014662,1560286582,3,47506,49,8109
0.7063022269589303,149807436,11,47195,49,8118,0,1556096322,10,47235,49,8095,0.6709132058729066,1547705714,4,47166,49,8108,1.7660273240652835,1547704662,4,47149,49,8098,1.5380693437347441,1545605599,3,47049,49,8118
0.7063022269589303,1549807436,11,47195,49,8118,0.7546419214776462,1556096322,10,47235,49,8095,0.6709132058729066,1547705714,4,47166,49,8108,1.7660273240652835,1547704662,4,47149,49,8098,1.5380693437347441,1545605599,3,47049,49,8118
0.8517468336145236,1551904848,12,47257,49,8088,1.2276936751690786,1556095584,10,47437,49,8074,1.6182405497377719,1545608613,4,47062,49,8178,1.685858435463542,1547704595,4,47119,49,8116,1.2446297754833415,1558189367,3,47438,49,8140
0.8517468336145236,1551904848,12,47257,49,8088,1.2276936751690786,1556095584,10,47437,49,8074,1.6182405497377719,1545608613,4,47062,49,8178,1.685858435463542,1547704595,4,47119,49,8116,0,1558189367,3,47438,49,8140
0.7404699301401079,1549807399,11,47212,49,8080,1.2227974311404874,1556096206,10,47429,49,8064,0.7792308377512775,1549803462,5,47216,49,8114,1.32112555738184,1558190341,4,47471,49,8147,0.6321504570869434,1549800500,3,47179,49,8130
0.7404699301401079,1549807399,11,47212,49,8080,1.2227974311404874,1556096206,10,47429,49,8064,0.7792308377512775,1549803462,5,47216,49,8114,1.32112555738184,1558190341,4,47471,49,8147,0.6321504570869434,1549800500,3,47179,49,8130
1.5618349033919712,1562389345,10,47559,49,8083,0.6418352015348575,1547706470,9,47181,49,8041,1.638537440059326,1545608855,5,47071,49,8135,1.7537867324307346,1547704769,4,47149,49,8134,0.9437473453703475,1551897471,3,47300,49,8110
1.5618349033919712,1562389345,10,47559,49,8083,0.6418352015348575,1547706470,9,47181,49,8041,1.638537440059326,1545608855,5,47071,49,8135,1.7537867324307346,1547704769,4,47149,49,8134,0.9437473453703475,1551897471,3,47300,49,8110
1.2859392531185772,1558195082,10,47440,49,8180,1.3553917203184664,1558192278,8,47492,49,8124,0.9309992984666596,1551899941,4,47280,49,8165,1.095205341022078,1556093602,4,47382,49,8136,1.2397335327205465,1558189514,3,47438,49,8121
1.2859392531185772,1558195082,10,47440,49,8180,1.3553917203184664,1558192278,8,47492,49,8124,0.9309992984666596,1551899941,4,47280,49,8165,1.095205341022078,1556093602,4,47382,49,8136,0,,,,,
1.3192909032024607,1558195464,10,47457,49,8063,1.277161632309816,1564484811,9,47451,49,8096,1.2758438054474521,1556094780,5,47427,49,8174,1.2332052116304224,1558190522,4,47437,49,8078,0.7626033427567901,1549800747,3,47228,49,8118
1.3192909032024607,1558195464,10,47457,49,8063,1.277161632309816,1564484811,9,47451,49,8096,1.2758438054474521,1556094780,5,47427,49,8174,1.2332052116304224,1558190522,4,47437,49,8078,0.7626033427567901,1549800747,3,47228,49,8118
1.44770278659749,1560293204,11,47510,49,8116,1.230039544367495,1564484439,10,47441,49,8097,1.6542448028809777,1545609501,5,47077,49,8145,0.968732273847253,1553996159,4,47326,49,8141,1.5030856193295836,1560286649,3,47544,49,8136
1.44770278659749,1560293204,11,47510,49,8116,1.230039544367495,1564484439,10,47441,49,8097,1.6542448028809777,1545609501,5,47077,49,8145,0.968732273847253,1553996159,4,47326,49,8141,1.5030856193295836,1560286649,3,47544,49,8136
1.596105276358129,1562390353,11,47575,49,8088,1.2417689451776832,1556095091,9,47438,49,8104,0.8715362347996352,1551900377,5,47255,49,8172,0.8081937412604631,1551898483,4,47252,49,8057,1.08868076735562,1553995086,4,47367,49,8118
1.596105276358129,1562390353,11,47575,49,8088,1.2417689451776832,1556095091,9,47438,49,8104,0.8715362347996352,1551900377,5,47255,49,8172,0.8081937412604631,1551898483,4,47252,49,8057,1.08868076735562,1553995086,4,47367,49,8118
0.6720322878070785,1549807163,11,47179,49,8105,1.2995999082758352,1558193632,9,47471,49,8096,1.376716688441834,1558191930,5,47470,49,8149,0.7657634209438383,1549801718,4,47235,49,8064,0.7754554911036295,1549800646,3,47230,49,8012
0.6720322878070785,1549807163,11,47179,49,8105,1.2995999082758352,1558193632,9,47471,49,8096,1.376716688441834,1558191930,5,47470,49,8149,0.7657634209438383,1549801718,4,47235,49,8064,0.7754554911036295,1549800646,3,47230,49,8012
0.9549655867249446,1551904099,11,47301,49,8085,1.356205855581959,1558192698,10,47500,49,8084,0.6997775837714436,1547705790,5,47179,49,8149,1.8289552778158662,1549801721,4,47187,49,8063,1.6928979327537206,1547703132,3,47114,49,8128
0.9549655867249446,1551904099,11,47301,49,8085,0,1558192698,10,47500,49,8084,0.6997775837714436,1547705790,5,47179,49,8149,1.8289552778158662,1549801721,4,47187,49,8063,1.6928979327537206,1547703132,3,47114,49,8128
1.3076637400021647,1558195205,10,47451,49,8133,1.5202148876712098,1568678451,10,47564,49,8114,0.8106455633664976,1549802684,4,47228,49,8137,1.8064166224718392,1549801813,4,47168,49,8087,1.5146105393535105,1543509295,3,47038,49,10
1.3076637400021647,1558195205,10,47451,49,8133,1.5202148876712098,1568678451,10,47564,49,8114,0.8106455633664976,1549802684,4,47228,49,8137,1.8064166224718392,1549801813,4,47168,49,8087,1.5146105393535105,1543509295,3,47038,49,10
1.7174795079202776,1545612689,11,47113,49,8102,1.6929946266160685,1547704092,4,47118,49,8077,1.1037784529967443,1553997708,5,47354,49,8127,1.849153664319548,1549801504,4,47181,49,8106,1.3705954252976902,1558189518,3,47482,49,8119
1.7174795079202776,1545612689,11,47113,49,8102,1.6929946266160685,1547704092,4,47118,49,8077,1.1037784529967443,1553997708,5,47354,49,8127,1.849153664319548,1549801504,4,47181,49,8106,1.3705954252976902,1558189518,3,47482,49,8119
0.9408903022098872,1551903412,9,47295,49,8130,0.7594359079866945,1549804803,9,47231,49,8040,1.4306719514388286,1558191633,5,47493,49,8129,0.6874310880259088,1549801961,4,47203,49,8104,1.2329003749205112,1558189407,3,47432,49,8109
0.9408903022098872,1551903412,9,47295,49,8130,0.7594359079866945,1549804803,9,47231,49,8040,1.4306719514388286,1558191633,5,47493,49,8129,0.6874310880259088,1549801961,4,47203,49,8104,1.2329003749205112,1558189407,3,47432,49,8109
1.2875713336724335,1558195673,11,47440,49,8113,0.9064103206237898,1551901673,10,47302,49,8127,1.7678676000842153,1547705840,5,47123,49,8152,0.6404112422252448,1549801314,4,47184,49,8072,1.0812341726164616,1556091310,3,47367,49,8115
1.2875713336724335,1558195673,11,47440,49,8113,0.9064103206237898,1551901673,10,47302,49,8127,1.7678676000842153,1547705840,5,47123,49,8152,0.6404112422252448,1549801314,4,47184,49,8072,1.238815254177286,1558189231,3,47438,49,8116
0.6768262832233799,1549806932,11,47180,49,8151,0.8616341132622445,1551901690,9,47287,49,8138,1.3274531874445779,1558192273,5,47449,49,8133,1.5431681772622838,1545607602,4,47053,49,8093,1.1218279444122408,1556092180,3,47385,49,8130
0.8405267612149916,1551904705,11,47255,49,8100,0.7453606196415526,1549804560,9,47235,49,8127,1.569894971465725,1560289259,5,47552,49,8142,1.809578542610801,1547704770,3,47169,49,8120,0.8294089033306887,1551897432,3,47260,49,8111
0.8405267612149916,1551904705,11,47255,49,8100,0.7453606196415526,1549804560,9,47235,49,8127,1.569894971465725,1560289259,5,47552,49,8142,1.809578542610801,1547704770,3,47169,49,8120,0.8294089033306887,1551897432,3,47260,49,8111
0.9141673383244243,1551903704,10,47285,49,8171,1.641894581410788,1545609709,9,47109,49,8107,1.7042221071620804,1545609323,5,47099,49,8144,1.3579458510187172,1560287009,4,47485,49,8121,1.6118126181969847,1545606681,3,47077,49,8173
0.9141673383244243,1551903704,10,47285,49,8171,1.641894581410788,1545609709,9,47109,49,8107,1.7042221071620804,1545609323,5,47099,49,8144,1.3579458510187172,1560287009,4,47485,49,8121,1.6118126181969847,1545606681,3,47077,49,8173
0,1562390331,12,47607,49,8122,1.3300982438665045,1558192459,8,47470,49,8082,1.2514667165316213,1556095173,5,47418,49,8112,0.6585667179714864,1549802017,4,47190,49,8109,0.650917504670971,1549801096,3,47186,49,8102
1.6670932657728639,1562390331,12,47607,49,8122,1.3300982438665045,1558192459,8,47470,49,8082,1.2514667165316213,1556095173,5,47418,49,8112,0.6585667179714864,1549802017,4,47190,49,8109,0.650917504670971,1549801096,3,47186,49,8102
0.665606215938293,1549807322,11,47178,49,8128,1.1271275325255017,1562387787,9,47396,49,8111,1.4063971009505531,1558191943,5,47483,49,8126,1.5278697743827738,1545607386,4,47047,49,8098,1.3722256159082598,1558189255,3,47490,49,8118
0.665606215938293,1549807322,11,47178,49,8128,1.1271275325255017,1562387787,9,47396,49,8111,1.4063971009505531,1558191943,5,47483,49,8126,1.5278697743827738,1545607386,4,47047,49,8098,1.3722256159082598,1558189255,3,47490,49,8118
0.7930998148017844,1549806796,11,47232,49,8106,1.0678670841958775,1553998583,10,47369,49,8088,1.5885597772004498,1562385794,4,47561,49,8124,1.2694120419485677,1558189988,4,47461,49,8138,0.935278383422895,1553995410,4,47310,49,8130
0.7930998148017844,1549806796,11,47232,49,8106,1.0678670841958775,1553998583,10,47369,49,8088,1.5885597772004498,1562385794,4,47561,49,8124,1.2694120419485677,1558189988,4,47461,49,8138,0.935278383422895,1553995410,4,47310,49,8130
1.4817682302828126,1560293208,12,47528,49,8035,1.1978106634116765,1556095844,8,47415,49,8040,1.2561584784675253,1556095058,5,47420,49,36,0.749342245606339,1549801919,4,47232,49,8043,1.0706275250839559,1553995191,3,47359,49,8116
0.6130785680060123,1547709177,10,47157,49,8142,1.543776564034834,1568678628,10,47567,49,8094,0.683967988511784,1547705027,4,47174,49,8122,1.3655950386729294,1558190223,4,47494,49,8100,0.7940180693191854,1549800508,3,47239,49,8135
0.6130785680060123,1547709177,10,47157,49,8142,1.543776564034834,1568678628,10,47567,49,8094,0.683967988511784,1547705027,4,47174,49,8122,14.40009363581868,1558190223,4,47494,49,8100,0.7940180693191854,1549800508,3,47239,49,8135
1.369268198119306,1558195995,12,47479,49,8142,0.9046759954033157,1551901230,9,47305,49,8061,1.282372125589512,1556094580,5,47427,49,8111,0.9407861753368391,1553996122,4,47315,49,8060,0.9387488756387442,1551897845,3,47300,49,8120
1.369268198119306,1558195995,12,47479,49,8142,0.9046759954033157,1551901230,9,47305,49,8061,1.282372125589512,1556094580,5,47427,49,8111,0.9407861753368391,1553996122,4,47315,49,8060,0.9387488756387442,1551897845,3,47300,49,8120
0.830736142391768,1551904691,12,47247,49,8166,1.3603882978831172,1566580964,9,47501,49,8060,0.6158352066836262,1547706625,5,47146,49,18,1.2017923586569792,1556092963,4,47420,49,8115,0.877958594645337,1551897567,3,47280,49,8055
0.830736142391768,1551904691,12,47247,49,8166,1.3603882978831172,1566580964,9,47501,49,8060,0.6158352066836262,1547706625,5,47146,49,18,1.2017923586569792,1556092963,4,47420,49,8115,0.877958594645337,1551897567,3,47280,49,8055
1.1597710131170014,1556098459,10,47389,49,8068,1.3435600691000926,1558193471,9,47490,49,8115,0.8714339997234053,1551900653,5,47256,49,8152,1.784078692759058,1547704985,4,47167,49,8084,1.643941145628489,1545606587,3,47090,49,8158
1.1597710131170014,1556098459,10,47389,49,8068,1.3435600691000926,1558193471,9,47490,49,8115,0.8714339997234053,1551900653,5,47256,49,8152,1.784078692759058,1547704985,4,47167,49,8084,1.643941145628489,1545606587,3,47090,49,8158
0.6938590190587132,1549807122,10,47189,49,8115,0.6350020146138703,1549803794,8,47189,49,8071,1.4800376935897945,1560288554,4,47513,49,8133,0.799217303559556,1551899348,4,47255,49,8166,1.5621397072517256,1545606152,3,47060,49,23
0.6938590190587132,1549807122,10,47189,49,8115,0.6350020146138703,1549803794,8,47189,49,8071,1.4800376935897945,1560288554,4,47513,49,8133,0.799217303559556,1551899348,4,47255,49,8166,1.5621397072517256,1545606152,3,47060,49,23
0.7898356601330391,1549807332,12,47232,49,8145,1.481967000543441,1566582093,10,47549,49,8084,1.6113047884287675,1545608754,4,47058,49,8170,1.5150175989122954,1562384422,3,47557,49,8101,0.7994217851795464,1551898178,3,47250,49,8084
1.5649968278455912,1562390069,12,47559,49,8084,0.8697945081289324,1558193527,9,47287,49,8070,1.0850114050616242,1553996936,4,47346,49,8103,0.9777087012090449,1553995478,4,47329,49,8149,0.7688249487811801,1549800222,3,47230,49,8079
1.5649968278455912,1562390069,12,47559,49,8084,0.8697945081289324,1558193527,9,47287,49,8070,1.0850114050616242,1553996936,4,47346,49,8103,0.9777087012090449,1553995478,4,47329,49,8149,0.7688249487811801,1549800222,3,47230,49,8079
1.2968526191891565,1558195802,11,47444,49,8091,1.2026027739553415,1562387662,9,47424,49,8075,0.870006392470057,1551900474,5,47254,49,8144,0.7083395326927889,1549801747,4,47217,49,8122,1.2352462609314083,1558188889,3,47431,49,8133
1.2968526191891565,1558195802,11,47444,49,8091,1.2026027739553415,1562387662,9,47424,49,8075,0.870006392470057,1551900474,5,47254,49,8144,0.7083395326927889,1549801747,4,47217,49,8122,1.2352462609314083,1558188889,3,47431,49,8133
1.4622873885252456,1560292866,11,47518,49,8131,0.8920283162922473,1551901802,10,47301,49,8131,1.1435561920058317,1556094751,5,47372,49,8137,1.402008260743497,1560287435,4,47504,49,8134,1.7206395587982155,1547703548,3,47128,49,8157
1.4622873885252456,1560292866,11,47518,49,8131,0.8920283162922473,1551901802,10,47301,49,8131,1.1435561920058317,1556094751,5,47372,49,8137,1.402008260743497,1560287435,4,47504,49,8134,1.7206395587982155,1547703548,3,47128,49,8157
1.1161175598246802,1556098894,12,47368,49,8167,1.5962019675760495,1545610575,9,47085,49,8155,0.7276214561052433,1549803479,5,47194,49,8131,1.562852131740135,1545607133,3,47071,49,8109,1.6724988144107966,1545606552,3,47104,49,8094
1.1161175598246802,1556098894,12,47368,49,8167,1.5962019675760495,1545610575,9,47085,49,8155,0.7276214561052433,1549803479,5,47194,49,8131,1.562852131740135,1545607133,3,47071,49,8109,1.6724988144107966,1545606552,3,47104,49,8094
0.8354279063703838,1551903601,10,47248,49,8156,1.2298350527315085,1564484101,10,47437,49,8064,1.586418380726954,1560288651,5,47558,49,8118,1.762863533484431,1547704279,4,47158,49,8103,1.5690755938781962,1545606604,3,47062,49,8126
1.460859790823593,1560292389,10,47516,49,8145,0.8276709018858945,1558193201,9,47260,49,8073,1.0106570159982766,1553997646,5,47315,49,8111,1.6036503751217266,1545607502,4,47087,49,8106,1.1225417504468933,1556091836,3,47384,49,8130
1.460859790823593,1560292389,10,47516,49,8145,0.8276709018858945,1558193201,9,47260,49,8073,1.0106570159982766,1553997646,5,47315,49,8111,1.6036503751217266,1545607502,4,47087,49,8106,1.1225417504468933,1556091836,3,47384,49,8130
1.2585024863235807,1556098805,12,47428,49,8097,0.5720721870511709,1553998749,8,47159,49,8069,1.1521236762196416,1556094897,5,47376,49,8146,0.643779460207422,1547704212,4,47178,49,8038,0.963021867957774,1553994827,3,47316,49,8082
1.2585024863235807,1556098805,12,47428,49,8097,0.5720721870511709,1553998749,8,47159,49,8069,1.1521236762196416,1556094897,5,47376,49,8146,0.643779460207422,1547704212,4,47178,49,8038,0.963021867957774,1553994827,3,47316,49,8082
1.1049997189586092,1554001214,11,47365,49,8132,1.5531600812678616,1568679156,10,47572,49,8057,0,1551899570,4,47289,49,8102,0.8454211150830464,1553995456,4,4723,49,8092,0.9286496979257554,1551897915,3,47301,49,8109
1.1049997189586092,1554001214,11,47365,49,8132,1.5531600812678616,1568679156,10,47572,49,8057,0.949664110624063,1551899570,4,47289,49,8102,0.8454211150830464,1553995456,4,47273,49,8092,0.9286496979257554,1551897915,3,47301,49,8109
0.940685831135883,1551904471,12,47296,49,8142,1.3620203766261063,1566581315,10,47502,49,8129,0.8036079203190135,1549802901,4,47225,49,8149,1.1291704220013308,1556093232,4,47395,49,8123,0.9038655242016131,1551897189,3,47288,49,8138
1.6467963808425714,1545610132,6,47085,49,8102,0.7511732682175392,1549804570,10,47235,49,8034,1.1954722900453802,1556093881,4,47390,49,8130,1.0687890892316032,1556093451,4,47371,49,8185,1.7950961740663998,1547703992,3,47158,49,8174
0.8484826806852749,1551904102,10,47256,49,8111,0.9159983079679259,1551902077,10,47299,49,8126,1.7621553301518158,1547706190,5,47122,49,8118,0.7377132405865225,1549801811,4,47230,49,8036,1.2251508172696468,1556092197,3,47418,49,8102
0.8484826806852749,1551904102,10,47256,49,8111,0.9159983079679259,1551902077,10,47299,49,8126,1.7621553301518158,1547706190,5,47122,49,8118,0.7377132405865225,1549801811,4,47230,49,8036,0.6659110670499895,1549801111,4,47189,49,8151
1.2880806560549,1558196023,12,47442,49,8074,1.0776595633800232,1562387201,10,47378,49,8113,1.602635065114708,1562385418,4,47566,49,8158,1.6092604204283123,1545607615,4,47085,49,8130,0.7131353848009937,1549800422,3,47206,49,8171
1.2880806560549,1558196023,12,47442,49,8074,1.0776595633800232,1562387201,10,47378,49,8113,1.602635065114708,1562385418,4,47566,49,8158,1.6092604204283123,1545607615,4,47085,49,8130,0.7131353848009937,1549800422,3,47206,49,8171
1.2960365788744117,1558195804,11,47444,49,8125,1.1928121755624406,1556095508,8,47425,49,8103,1.6089589094077756,1545609043,5,47056,49,8145,1.3875240161309927,1560287316,4,47499,49,8071,1.0865393708187294,1553995020,3,47361,49,8134
0.8913200999207204,1551904387,11,47276,49,8129,0.6696808834134849,1556096507,10,47194,49,8094,1.3175603433962813,1558191998,5,47441,49,8129,1.4700388087023895,1560287840,4,47530,49,8109,1.1116283872856638,1556091724,3,47379,49,8142
0.8913200999207204,1551904387,11,47276,49,8129,0.6696808834134849,1556096507,10,47194,49,8094,1.3175603433962813,1558191998,5,47441,49,8129,1.4700388087023895,1560287840,4,47530,49,8109,1.1116283872856638,1556091724,3,47379,49,8142
1.6450620676801155,1562390579,12,47598,49,8186,1.2295302186166852,1564484501,10,47441,49,8062,0.9502756797559492,1551899505,4,47290,49,8083,1.3542727193049737,1558190243,4,47489,49,8088,0.94741674298831,1553995090,3,47309,49,8087
1.6450620676801155,1562390579,12,47598,49,8186,1.2295302186166852,1564484501,10,47441,49,8062,0.9502756797559492,1551899505,4,47290,49,8083,1.3542727193049737,1558190243,4,47489,49,8088,0.94741674298831,1553995090,3,47309,49,8087
1.2425906417447605,1556098754,11,47424,49,8147,0.6482612532185362,1556095827,8,47196,49,8121,0.6932492814108315,1549802795,5,47178,49,8188,1.3611058758830665,1558189960,4,47494,49,8070,0.9314045273940074,1551897971,3,47298,49,8127
1.2425906417447605,1556098754,11,47424,49,8147,0.6482612532185362,1556095827,8,47196,49,8121,0.6932492814108315,1549802795,5,47178,49,8188,1.3611058758830665,1558189960,4,47494,49,8070,0.9314045273940074,1551897971,3,47298,49,8127
1.7235988776115556,1547709793,11,47116,49,8092,1.0416534486237135,1553998888,10,47368,49,8053,1.3353068726437751,1558192231,5,47451,49,8153,0.937523890561902,1551899034,4,47303,49,8122,1.5802956644847035,1545606586,3,47064,49,8073
1.7235988776115556,1547709793,11,47116,49,8092,1.0416534486237135,1553998888,10,47368,49,8053,1.3353068726437751,1558192231,5,47451,49,8153,0.937523890561902,1551899034,4,47303,49,8122,1.5802956644847035,1545606586,3,47064,49,8073
1.3134763816213517,1558193473,6,47457,49,8104,1.5352084554003305,1568677981,8,47569,49,8068,1.0738935672149446,1553997978,5,47342,49,8152,0.722924155400348,1549801333,4,47223,49,8052,1.388544543981881,1560286372,4,47496,49,8102
1.3134763816213517,1558193473,6,47457,49,8104,1.5352084554003305,1568677981,8,47569,49,8068,1.0738935672149446,1553997978,5,47342,49,8152,0.722924155400348,1549801333,4,47223,49,8052,1.388544543981881,1560286372,4,47496,49,8102
0.6782538943483936,1549806475,10,47181,49,8156,1.640466985932644,1545609995,9,47105,49,8086,0.5945178152462836,1547706463,5,47138,49,8104,1.4503515766867086,1560287869,4,47531,49,8101,0.8249216197078114,1551898143,3,47254,49,8119
0.6782538943483936,1549806475,10,47181,49,8156,1.640466985932644,1545609995,9,47105,49,8086,0.5945178152462836,1547706463,5,47138,49,8104,1.4503515766867086,1560287869,4,47531,49,8101,1.4714664081220155,1560286730,3,47531,49,8149
1.6145656110910789,1562390516,11,47588,49,8141,1.0854110145342981,1562387551,10,47379,49,8083,0.8362457831614142,1551899443,4,47242,49,8151,1.7914230615069302,1549801859,4,47163,49,8078,0.6371489297831644,1547703295,3,47175,49,8142
1.120809314036579,1556098489,11,47373,49,8092,1.3716083952763725,1558193170,10,47493,49,8087,1.6878009383436872,1545609012,4,47093,49,8174,1.3468280023078607,1560287417,4,47483,49,8148,1.383036741804425,1558188879,3,47494,49,8089
1.120809314036579,1556098489,11,47373,49,8092,1.3716083952763725,1558193170,10,47493,49,8087,1.6878009383436872,1545609012,4,47093,49,8174,1.3468280023078607,1560287417,4,47483,49,8148,1.383036741804425,1558188879,3,47494,49,8089
0.8369577410519189,1551904600,11,47252,49,8141,0.7496452952395942,1549804857,9,47223,49,8090,1.45953632107457,1560288936,4,47507,49,8138,1.0903109777125084,1556093153,4,47374,49,8071,1.0400288423812059,1553995127,4,47345,49,8125
0.8369577410519189,1551904600,11,47252,49,8141,0.7496452952395942,1549804857,9,47223,49,8090,1.45953632107457,1560288936,4,47507,49,8138,1.0903109777125084,1556093153,4,47374,49,8071,1.0400288423812059,1553995127,4,47345,49,8125
1.573564302350954,1562390056,11,47566,49,8080,0.9063080820062993,1551901609,10,47303,49,8080,1.0882755606829615,1553998265,5,47347,49,8125,1.6939165904918565,1547704899,4,47120,49,8140,1.5749918884534213,1545606411,3,47060,49,8123
1.573564302350954,1562390056,11,47566,49,8080,0.9063080820062993,1551901609,10,47303,49,8080,1.0882755606829615,1553998265,5,47347,49,8125,1.6939165904918565,1547704899,4,47120,49,8140,1.5749918884534213,1545606411,3,47060,49,8123
0.5598371113271249,1547709929,10,47137,49,8176,0.8198172289127377,1551901117,8,47263,49,8124,1.1553878328234883,1556094760,5,47377,49,8102,1.7791824641254383,1547704941,4,47164,49,8083,1.5338869011931446,1545606254,4,47047,49,8150
0.5598371113271249,1547709929,10,47137,49,8176,0.8198172289127377,1551901117,8,47263,49,8124,1.1553878328234883,1556094760,5,47377,49,8102,0,1547704941,4,47164,49,8083,1.5338869011931446,1545606254,4,47047,49,8150
0.8711254412866428,1551901707,6,47269,49,8148,0.800743474714605,1551901666,10,47258,49,8140,1.2779852058890993,1558191235,5,47431,49,8157,1.8342623381019412,1547704346,4,47176,49,8133,1.530827222677441,1545606044,3,47045,49,8089
0.8711254412866428,1551901707,6,47269,49,8148,0.800743474714605,1551901666,10,47258,49,8140,1.2779852058890993,1558191235,5,47431,49,8157,1.8342623381019412,1547704346,4,47176,49,8133,1.530827222677441,1545606044,3,47045,49,8089
0.9016218905506096,1551903129,9,47282,49,8164,0.7293484115811513,1549805123,10,47214,49,8106,1.1209134198402944,1553997405,5,47363,49,8112,1.4944139926333804,1560287475,4,47548,49,8089,1.2437133844445685,1556092026,3,47428,49,8114
0.9016218905506096,1551903129,9,47282,49,8164,0.7293484115811513,1549805123,10,47214,49,8106,1.1209134198402944,1553997405,5,47363,49,8112,1.4944139926333804,1560287475,4,47548,49,8089,1.2437133844445685,1556092026,3,47428,49,8114
1.4483143387017305,1560291913,9,47514,49,8102,1.6099724013648011,1545610296,9,47084,49,8102,1.5681606451624228,1560288767,5,47554,49,8163,1.4628970174161664,1560287412,4,47537,49,8106,1.3869143545828198,1558189499,3,47488,49,8137
0.9985168016014471,1554001738,11,47324,49,8105,0.9823967656734612,1560290928,10,47333,49,8127,1.1701769203348515,1556095011,5,47384,49,8142,1.144673311135033,1556093453,4,47401,49,8142,1.783061918077674,1547703744,3,47148,49,8105
0.9985168016014471,1554001738,11,47324,49,8105,0.9823967656734612,1560290928,10,47333,49,8127,1.1701769203348515,1556095011,5,47384,49,8142,1.144673311135033,1556093453,4,47401,49,8142,0.7792271403768211,1551897223,3,47238,49,8126
1.6930001844136584,1545612798,12,47107,49,8100,1.4423937759927856,1566582023,9,47527,49,8144,0.8057493305780389,1549802866,4,47229,49,8167,1.6170118615833688,1545607441,4,47090,49,8119,1.124887631071733,1556092122,3,47385,49,8134
1.6930001844136584,1545612798,12,47107,49,8100,1.4423937759927856,1566582023,9,47527,49,8144,0.8057493305780389,1549802866,4,47229,49,8167,1.6170118615833688,1545607441,4,47090,49,8119,1.124887631071733,1556092122,3,47385,49,8134
1.0712391057830324,1554001666,11,47354,49,8081,0.7471953212131865,1549803633,9,47239,49,8078,1.6644443633523547,1545609207,5,47082,49,8140,0.8468487251463893,1551898755,4,47273,49,8161,1.704829959810298,1547703690,3,47123,49,8102
1.0712391057830324,1554001666,11,47354,49,8081,0.7471953212131865,1549803633,9,47239,49,8078,1.6644443633523547,1545609207,5,47082,49,8140,0.8468487251463893,1551898755,4,47273,49,8161,1.704829959810298,1547703690,3,47123,49,8102
0.6524492009560288,1547709629,11,47172,49,8142,1.6494434177794857,1545610338,9,47105,49,8115,1.4531102365741988,1560288707,5,47506,49,8108,1.535621222167057,1562384599,4,47560,49,8130,1.1972028501262653,1556091892,3,47412,49,8142
0.6524492009560288,1547709629,11,47172,49,8142,1.6494434177794857,1545610338,9,47105,49,8115,1.4531102365741988,1560288707,5,47506,49,8108,1.535621222167057,1562384599,4,47560,49,8130,1.1972028501262653,1556091892,3,47412,49,8142
0.5980850095993415,1547710513,12,47153,49,8113,0.5963451936572962,1547707048,9,47174,49,8123,1.5538808748810438,1560289135,5,47550,49,8146,1.2987876249694674,1558190840,4,47466,49,8093,0.9269172396717966,1551897721,3,47294,49,8110
0.5980850095993415,1547710513,12,47153,49,8113,0.5963451936572962,1547707048,9,47174,49,8123,1.5538808748810438,1560289135,5,47550,49,8146,1.2987876249694674,1558190840,4,47466,49,8093,0.9269172396717966,1551897721,3,47294,49,8110
0.5550431194040196,1547710209,12,47135,49,8151,0.7530098323802517,1556095656,8,47230,49,8049,1.6517966852931094,1545609427,5,47078,49,8126,0.9959645612606437,1556092745,4,47339,49,8111,0.6455137803462261,1547703697,3,47173,49,8139
0.5550431194040196,1547710209,12,47135,49,8151,0.7530098323802517,1556095656,8,47230,49,8049,1.6517966852931094,1545609427,5,47078,49,8126,0.9959645612606437,1556092745,4,47339,49,8111,0.6455137803462261,1547703697,3,47173,49,8139
1.3534585887832706,1558193636,7,47475,49,8070,1.5553014987998202,1568678905,10,47572,49,8061,1.4750392058565327,1560288952,4,47515,49,8179,1.5526525772004778,1545607524,4,47065,49,8144,1.0943911829488133,1556092144,3,47372,49,8126
0,,,,,,0,1568678905,10,47572,49,8061,1.4750392058565327,1560288952,4,47515,49,8179,1.5526525772004778,1545607524,4,47065,49,8144,1.0943911829488133,1556092144,3,47372,49,8126
1.4443363786408243,1560293162,12,47512,49,8171,1.239627548951196,1564484022,9,47443,49,8062,0.7464907357479187,1549803502,4,47202,49,8091,1.2476894585632312,1558190234,4,47439,49,8087,0.7844300802357775,1549800941,3,47235,49,8043
1.4443363786408243,1560293162,12,47512,49,8171,1.239627548951196,1564484022,9,47443,49,8062,0.7464907357479187,1549803502,4,47202,49,8091,1.3887490225967376,1560287238,4,47496,49,8136,0.7844300802357775,1549800941,3,47235,49,8043
1.2245373912578361,1556098600,11,47419,49,26,1.0847994550968878,1556092963,4,47377,49,8113,0.9878097705194089,1553997401,5,47308,49,8085,1.7295118881318507,1547704489,3,47139,49,8130,0,1556091724,3,47417,49,8144
1.2245373912578361,1556098600,11,47419,49,26,1.0847994550968878,1556092963,4,47377,49,8113,0.9878097705194089,1553997401,5,47308,49,8085,1.7295118881318507,1547704489,3,47139,49,8130,1.2219888963050871,1556091724,3,47417,49,8144
1.0548179409064538,1554001583,12,47347,49,8095,0.5577924391491483,1553999369,10,47146,49,8099,0.8586859243368239,1551900763,5,47246,49,8142,1.0993896560457295,1556093391,4,47373,49,8135,1.6555683185932266,1545606213,3,47094,49,8102
1.0548179409064538,1554001583,12,47347,49,8095,0.5577924391491483,1553999369,10,47146,49,8099,0.8586859243368239,1551900763,5,47246,49,8142,1.0993896560457295,1556093391,4,47373,49,8135,1.6555683185932266,1545606213,3,47094,49,8102
1.7339006709297282,1547708898,10,47121,49,2,1.7165556594594427,1547706428,8,47129,49,8122,1.5635711254123466,1560289284,5,47551,49,8131,1.1690485113321842,1556092772,4,47418,49,8107,1.6590350968998033,1545606530,3,47100,49,8150
1.7339006709297282,1547708898,10,47121,49,2,1.7165556594594427,1547706428,8,47129,49,8122,1.5635711254123466,1560289284,5,47551,49,8131,1.1690485113321842,1556092772,4,47418,49,8107,1.6590350968998033,1545606530,3,47100,49,8150
1.6513859013705754,1562387531,6,47602,49,8125,0.9500637579801503,1560290451,10,47316,49,8074,1.270336001426098,1556094941,5,47426,49,8106,0.8984580966107751,1553996062,4,47295,49,8107,0.9200840705424034,1551897887,3,47289,49,8071
1.6513859013705754,1562387531,6,47602,49,8125,0.9500637579801503,1560290451,10,47316,49,8074,1.270336001426098,1556094941,5,47426,49,8106,0.8984580966107751,1553996062,4,47295,49,8107,0.9200840705424034,1551897887,3,47289,49,8071
1.5138967616493375,1560293053,11,47541,49,8100,1.2971536770650434,1564484991,9,47457,49,8090,0.9177400473579541,1551900186,4,47276,49,8158,1.255236418160178,1558190377,4,47445,49,8070,1.167420201419314,1556092139,3,47400,49,8140
1.5138967616493375,1560293053,11,47541,49,8100,1.2971536770650434,1564484991,9,47457,49,8090,0.9177400473579541,1551900186,4,47276,49,8158,1.255236418160178,1558190377,4,47445,49,8070,1.167420201419314,1556092139,3,47400,49,8140
1.4909472677345728,1560290306,6,47534,49,8161,0.6083812941184367,1547706648,9,47178,49,8098,0.5916625872669872,1547706589,5,47137,49,8115,1.631698710225764,1545606969,3,47098,49,8076,1.5450047501242887,1545606302,3,47050,49,8117
1.4909472677345728,1560290306,6,47534,49,8161,0.6083812941184367,1547706648,9,47178,49,8098,0.5916625872669872,1547706589,5,47137,49,8115,1.631698710225764,1545606969,3,47098,49,8076,1.5450047501242887,1545606302,3,47050,49,8117
1.4435203402709527,1560293507,12,47511,49,8142,1.0798009661055066,1562386366,8,47380,49,8118,1.4164944207808845,1558191536,4,47490,49,8118,0.6522447156510507,1549802030,4,47181,49,8053,0.6334758412668848,1549800476,3,47178,49,8121
1.4435203402709527,1560293507,12,47511,49,8142,1.0798009661055066,1562386366,8,47380,49,8118,1.4164944207808845,1558191536,4,47490,49,8118,0.6522447156510507,1549802030,4,47181,49,8053,0.6334758412668848,1549800476,3,47178,49,8121
0.6539790459947528,1549806479,11,47172,49,8182,1.0382889235049977,1553998788,9,47363,49,8130,1.3516257938038858,1558191732,4,47462,49,8128,1.2885880621924646,1558190579,4,47462,49,8045,1.5041061556652207,1560286581,3,47538,49,8112
0.6539790459947528,1549806479,11,47172,49,8182,1.0382889235049977,1553998788,9,47363,49,8130,1.3516257938038858,1558191732,4,47462,49,8128,1.2885880621924646,1558190579,4,47462,49,8045,1.5041061556652207,1560286581,3,47538,49,8112
1.0398243817053103,1553999008,6,47341,49,8124,1.0314557633467436,1553999475,10,47358,49,8050,1.3173558588914325,1558192469,5,47446,49,8121,0.6720304300790884,1549802039,4,47195,49,8102,1.0855169857876428,1556091720,3,47370,49,8058
1.0398243817053103,1553999008,6,47341,49,8124,1.0314557633467436,1553999475,10,47358,49,8050,1.3173558588914325,1558192469,5,47446,49,8121,0.6720304300790884,1549802039,4,47195,49,8102,1.0855169857876428,1556091720,3,47370,49,8058
1.2025061877068421,1556098313,11,47410,49,8107,0.9339493136836251,1560287268,4,47314,49,8102,1.11061161665758,1553996996,4,47361,49,8173,0.9742400745023986,1553996470,4,47328,49,8135,1.6774972866881375,1545605995,3,47102,49,8093
1.2025061877068421,1556098313,11,47410,49,8107,0.9339493136836251,1560287268,4,47314,49,8102,1.11061161665758,1553996996,4,47361,49,8173,0.9742400745023986,1553996470,4,47328,49,8135,1.6774972866881375,1545605995,3,47102,49,8093
1.69055207273945,1545611800,10,47105,49,8131,1.0058555607667332,1553999452,10,47337,49,8071,1.5721386062914864,1560289010,5,47556,49,8175,1.6203782539007408,1545607694,4,47089,49,8103,1.4055791620490232,1558189100,3,47496,49,8128
1.1495714502799954,1556098601,10,47385,49,8102,0.6916098478596866,1556096488,10,47210,49,8090,1.5903963401234502,1562385951,5,47561,49,8146,1.0468601309021044,1553996277,4,47360,49,8116,1.2524834685550539,1558188963,3,47437,49,8156
0.8322659843983409,1551904789,12,47248,49,8169,1.215453045253275,1556095744,10,47434,49,8062,1.1829268394295531,1556095023,5,47388,49,8115,1.3721233740543772,1558190239,4,47491,49,8063,1.4045586380175359,1560286136,3,47498,49,8148
0.8322659843983409,1551904789,12,47248,49,8169,1.215453045253275,1556095744,10,47434,49,8062,1.1829268394295531,1556095023,5,47388,49,8115,1.3721233740543772,1558190239,4,47491,49,8063,1.4045586380175359,1560286136,3,47498,49,8148
1.3668200761467606,1558195400,10,47479,49,8166,1.3238766437267377,1564484070,8,47467,49,8053,1.3109297768639763,1558191695,5,47445,49,8117,0.9636334261255732,1553996279,4,47320,49,8104,1.1761921657452872,1556092380,3,47401,49,8121
1.3668200761467606,1558195400,10,47479,49,8166,1.3238766437267377,1564484070,8,47467,49,8053,1.3109297768639763,1558191695,5,47445,49,8117,0.9636334261255732,1553996279,4,47320,49,8104,1.1761921657452872,1556092380,3,47401,49,8121
0.6249102001723745,1547710106,11,47163,49,8125,1.362224867319141,1564484515,9,47491,49,8043,1.4345476668687254,1560288429,4,47498,49,8131,1.7975424220871423,1547704521,4,47168,49,8163,0.9345664498805475,1551897577,3,47298,49,8157
0.6249102001723745,1547710106,11,47163,49,8125,1.362224867319141,1564484515,9,47491,49,8043,1.4345476668687254,1560288429,4,47498,49,8131,1.7975424220871423,1547704521,4,47168,49,8163,0.9345664498805475,1551897577,3,47298,49,8157
1.0033108006320641,1554001320,10,47325,49,8136,1.4250543222246823,1566581933,9,47515,49,8048,1.5721386042806917,1560288211,4,47557,49,8151,1.3641655547387332,1560287413,4,47496,49,8090,0.6503059437027597,1549800816,3,47181,49,8097
1.0033108006320641,1554001320,10,47325,49,8136,1.4250543222246823,1566581933,9,47515,49,8048,1.5721386042806917,1560288211,4,47557,49,8151,1.3641655547387332,1560287413,4,47496,49,8090,0.6503059437027597,1549800816,3,47181,49,8097
1.331427378255547,1558196200,12,47468,49,8124,1.4862497819390816,1560290250,9,47555,49,8036,1.622932305609403,1545609584,5,47067,49,8175,0.9268150003796531,1551898748,4,47296,49,8104,1.542251803762867,1543509255,3,47044,49,8114
1.331427378255547,1558196200,12,47468,49,8124,1.4862497819390816,1560290250,9,47555,49,8036,1.622932305609403,1545609584,5,47067,49,8175,0.9268150003796531,1551898748,4,47296,49,8104,1.542251803762867,1543509255,3,47044,49,8114
1.6239491337500442,1562390353,12,47592,49,8124,1.5886549985218477,1562387731,10,47583,49,8044,1.6542447968486151,1545609212,4,47080,49,8178,1.498187471537798,1560287151,4,47550,49,8081,1.0779700213038692,1553994811,3,47364,49,8158
1.6239491337500442,1562390353,12,47592,49,8124,1.5886549985218477,1562387731,10,47583,49,8044,1.6542447968486151,1545609212,4,47080,49,8178,1.498187471537798,1560287151,4,47550,49,8081,1.0779700213038692,1553994811,3,47364,49,8158
0.6578547644314591,1549805732,10,47176,49,8084,1.6125208917516858,1551902138,10,47093,49,8098,1.6028395422043342,1545609444,5,47056,49,8158,0.7889155175638848,1551898902,4,47248,49,8112,1.7123787885999122,1547703505,3,47120,49,8111
0.6578547644314591,1549805732,10,47176,49,8084,1.6125208917516858,1551902138,10,47093,49,8098,1.6028395422043342,1545609444,5,47056,49,8158,0.7889155175638848,1551898902,4,47248,49,8112,1.5785613545101556,1545606722,3,47064,49,8110
1.4195522124286777,1560292978,12,47500,49,8091,1.4351516406411733,1566582111,9,47528,49,8131,1.0608387868738054,1553997342,4,47338,49,8099,1.6335352646595427,1547704145,4,47095,49,8115,1.5627512691531695,1545606539,3,47059,49,8122
1.4195522124286777,1560292978,12,47500,49,8091,1.4351516406411733,1566582111,9,47528,49,8131,1.0608387868738054,1553997342,4,47338,49,8099,1.6335352646595427,1547704145,4,47095,49,8115,1.5627512691531695,1545606539,3,47059,49,8122
1.666277221722689,1545610201,6,47097,49,8090,1.1827148588951575,1556096432,10,47411,49,8042,1.042785541223097,1553998061,5,47331,49,8160,0.7783088627237863,1551898169,4,47240,49,8163,0.8804067199161315,1551897971,3,47277,49,8096
1.666277221722689,1545610201,6,47097,49,8090,1.1827148588951575,1556096432,10,47411,49,8042,1.042785541223097,1553998061,5,47331,49,8160,0.7783088627237863,1551898169,4,47240,49,8163,0.8804067199161315,1551897971,3,47277,49,8096
0.6311318042227434,1547709586,10,47166,49,8118,1.50532356132876,1560289446,8,47559,49,8094,0.9379346996641468,1551900132,4,47287,49,8091,0.9888246841283417,1553996292,4,47336,49,8068,1.227597061839999,1556092353,3,47425,49,8145
0.6311318042227434,1547709586,10,47166,49,8118,1.50532356132876,1560289446,8,47559,49,8094,0.9379346996641468,1551900132,4,47287,49,8091,0.9888246841283417,1553996292,4,47336,49,8068,1.227597061839999,1556092353,3,47425,49,8145
1.240244753411874,1556097891,10,47426,49,8161,0.9274209998100977,1551901133,9,47305,49,8078,1.4189425405028504,1558191534,5,47491,49,8118,1.438317348224612,1560287995,4,47521,49,8138,0.7745372267452817,1549800983,3,47227,49,8083
0.8848940158736839,1551904819,12,47278,49,8151,0.7614750728267068,1549804546,10,47236,49,8051,0.9520099855197346,1551900455,5,47293,49,8124,0.8981495198635518,1553996276,4,47305,49,8084,1.6966714264096265,1547703014,3,47114,49,8081
0.9094755692709456,1551904119,11,47286,49,8114,1.1113179334892476,1562387672,9,47382,49,8082,0.6950858160584952,1549802559,4,47180,49,8133,0.6520384097135244,1549801441,3,47190,49,8172,1.7674549360461729,1547703682,3,47148,49,8103
0.9094755692709456,1551904119,11,47286,49,8114,1.1113179334892476,1562387672,9,47382,49,8082,0.6950858160584952,1549802559,4,47180,49,8133,0.6520384097135244,1549801441,3,47190,49,8172,1.7674549360461729,1547703682,3,47148,49,8103
0.9613916562998418,1554001294,11,47305,49,8101,1.484312884328102,1560290713,9,47549,49,8131,1.5594909159790316,1560289129,5,47553,49,8054,1.4678955200880948,1560287927,4,47532,49,8120,1.7191097201700924,1547703693,3,47126,49,8090
0.9613916562998418,1554001294,11,47305,49,8101,1.484312884328102,1560290713,9,47549,49,8131,1.5594909159790316,1560289129,5,47553,49,8054,1.4678955200880948,1560287927,4,47532,49,8120,1.7191097201700924,1547703693,3,47126,49,8090
0.590333557798321,1547710246,12,47151,49,8159,1.3520253091389123,1558192707,8,47486,49,8070,0.853687454440222,1551900700,5,47249,49,8118,1.6691305728061874,1547704530,4,47111,49,8086,1.232288812812284,1558189057,3,47431,49,8158
0.590333557798321,1547710246,12,47151,49,8159,1.3520253091389123,1558192707,8,47486,49,8070,0.853687454440222,1551900700,5,47249,49,8118,1.6691305728061874,1547704530,4,47111,49,8086,1.232288812812284,1558189057,3,47431,49,8158
1.4243462132077975,1560292637,10,47502,49,8110,1.0752114500184697,1553999008,10,47368,49,8042,1.2641143945114741,1556093917,4,47425,49,8188,1.7234947727962437,1547705020,4,47130,49,8142,0.6446977349621711,1547703395,3,47176,49,8109
1.4243462132077975,1560292637,10,47502,49,8110,1.0752114500184697,1553999008,10,47368,49,8042,1.2641143945114741,1556093917,4,47425,49,8188,1.7234947727962437,1547705020,4,47130,49,8142,0.6446977349621711,1547703395,3,47176,49,8109
1.0760331004329902,1554001308,11,47357,49,8139,1.1772070614136922,1562387633,9,47408,49,8125,1.608958901492267,1562386081,5,47572,49,8165,1.6755585030760876,1547704473,4,47104,49,8151,1.1157085791176946,1556092342,3,47382,49,8089
1.0760331004329902,1554001308,11,47357,49,8139,1.1772070614136922,1562387633,9,47408,49,8125,1.608958901492267,1562386081,5,47572,49,8165,1.6755585030760876,1547704473,4,47104,49,8151,1.1157085791176946,1556092342,3,47382,49,8089
1.218315784199951,1556098544,12,47418,49,8158,1.0475702073573625,1553998820,10,47367,49,8086,1.3696790395055944,1558192124,5,47470,49,8081,0.692225092966474,1549801704,4,47201,49,8142,0.8681679766197207,1551898117,3,47273,49,8083
1.218315784199951,1556098544,12,47418,49,8158,1.0475702073573625,1553998820,10,47367,49,8086,1.3696790395055944,1558192124,5,47470,49,8081,0.692225092966474,1549801704,4,47201,49,8142,1.7064620297462711,1547703866,4,47126,49,8089
0.9204911704722704,1551904249,11,47290,49,8129,0.9070218792358524,1551901870,9,47297,49,8067,0.8302286442021483,1549802665,4,47239,49,8102,0.8254291016733425,1551898919,4,47263,49,8109,1.2588073001533755,1558188853,3,47443,49,8093
0.9204911704722704,1551904249,11,47290,49,8129,0.9070218792358524,1551901870,9,47297,49,8067,0.8302286442021483,1549802665,4,47239,49,8102,0.8254291016733425,1551898919,4,47263,49,8109,1.2588073001533755,1558188853,3,4744,49,8093
1.5484734096890755,1560292727,11,47557,49,8104,1.496858334042669,1560290747,10,47544,49,8050,0.8200290815889305,1549803446,5,47235,49,8137,1.4484146773143953,1560287588,4,47523,49,8130,1.3389762084123726,1558189609,3,47473,49,8132
1.5484734096890755,1560292727,11,47557,49,8104,1.496858334042669,1560290747,10,47544,49,8050,0.8200290815889305,1549803446,5,47235,49,8137,1.4484146773143953,1560287588,4,47523,49,8130,1.3389762084123726,1558189609,3,47473,49,8132
1.1325387154372408,1556098519,11,47379,49,8158,1.1103996597581154,1562386443,8,47381,49,8083,0.8520553771752726,1551900623,5,47249,49,8062,0.9404813438714223,1553996338,4,47303,49,8147,1.5329686078332891,1545606501,3,47051,49,8155
1.1325387154372408,1556098519,11,47379,49,8158,1.1103996597581154,1562386443,8,47381,49,8083,0.8520553771752726,1551900623,5,47249,49,8062,0.9404813438714223,1553996338,4,47303,49,8147,1.5329686078332891,1545606501,3,47051,49,8155
1.1573228856720175,1556099357,12,47392,49,8092,1.2329969848456934,1562386491,9,47435,49,8066,1.1546740271877527,1556094732,5,47378,49,8104,0.7891199990458106,1551898418,4,47243,49,8137,0.9368100833660712,1551897533,3,47304,49,8108
1.1573228856720175,1556099357,12,47392,49,8092,1.2329969848456934,1562386491,9,47435,49,8066,1.1546740271877527,1556094732,5,47378,49,8104,0.7891199990458106,1551898418,4,47243,49,8137,0.9368100833660712,1551897533,3,47304,49,8108
1.1325387154372408,1556098876,11,47379,49,8121,1.2291212653290466,1556095389,9,47433,49,8073,1.4314879861138976,1558191506,5,47496,49,8120,1.7626609401678466,1547704751,4,47146,49,8112,1.3816091360138163,1560286516,3,47495,49,8107
1.1325387154372408,1556098876,11,47379,49,8121,1.2291212653290466,1556095389,9,47433,49,8073,1.4314879861138976,1558191506,5,47496,49,8120,1.7626609401678466,1547704751,4,47146,49,8112,1.3816091360138163,1560286516,3,47495,49,8107
1.5981444437887564,1562389673,10,47582,49,8106,1.4290322955622465,1566581748,9,47513,49,8022,1.1195880496562691,1553997239,4,47362,49,8147,0.7348598820438232,1549801591,4,47216,49,8090,1.1130559802718416,1556092601,4,47384,49,8161
1.4769742185150732,1560292545,10,47530,49,8099,1.3431530099319198,1564485140,9,47475,49,8118,1.241471624478154,1556095161,5,47415,49,8129,1.5370488259246637,1562384569,4,47559,49,8092,1.4433158321977477,1560286708,3,47522,49,8147
1.4769742185150732,1560292545,10,47530,49,8099,1.3431530099319198,1564485140,9,47475,49,8118,1.241471624478154,1556095161,5,47415,49,8129,1.5370488259246637,1562384569,4,47559,49,8092,1.4433158321977477,1560286708,3,47522,49,8147
1.3903811169923417,1558195834,11,47491,49,8076,1.2098449088167715,1556095555,9,47430,49,8089,1.3619275962452058,1558192527,5,47466,49,8151,1.1360073473177927,1556093406,4,47379,49,8138,1.7515449475848879,1547703827,3,47140,49,8111
1.3903811169923417,1558195834,11,47491,49,8076,1.2098449088167715,1556095555,9,47430,49,8089,1.3619275962452058,1558192527,5,47466,49,8151,1.1360073473177927,1556093406,4,47379,49,8138,1.7515449475848879,1547703827,3,47140,49,8111
1.2733938016898807,1558195091,10,47438,49,8161,1.0720495370026795,1560289550,8,47365,49,8063,1.4299581457042185,1558191571,5,47495,49,8117,1.773879150009708,1547704530,4,47157,49,8140,0.7767790154348999,1551897442,3,47241,49,8143
1.1378420390727197,1556098804,11,47383,49,8154,0.9074308405930147,1558193480,9,47291,49,8072,1.5197131816951084,1560289411,5,47535,49,8156,1.2021975695148717,1556092793,4,47426,49,8139,1.0812360389939903,1553994810,3,47360,49,8105
0.9807702675817599,1554001817,11,47315,49,8089,0.6123592624092439,1547707311,9,47176,49,8109,1.568160641076999,1560289083,5,47556,49,8123,1.7608243828989931,1549801313,3,47149,49,8142,1.2473846181757895,1558188878,3,47435,49,8159
0.9807702675817599,1554001817,11,47315,49,8089,0.6123592624092439,1547707311,9,47176,49,8109,1.568160641076999,1560289083,5,47556,49,8123,1.7608243828989931,1549801313,3,47149,49,8142,1.2473846181757895,1558188878,3,47435,49,8159
0.7914677299619723,1549806382,10,47235,49,8038,1.5471423462658647,1568678993,9,47572,49,8075,1.6355799834008162,1545609394,5,47071,49,9,1.1967938929229096,1556093271,4,47415,49,8013,1.4392356266134845,1560286875,3,47522,49,8067
1.438012530240785,1560292723,11,47512,49,8120,1.0961198937248864,1562387571,10,47378,49,8051,1.4392394288525054,1560289085,5,47500,49,8165,1.3274475147422948,1558190028,4,47478,49,8107,1.3455045333532702,1558189450,3,47473,49,8108
1.438012530240785,1560292723,11,47512,49,8120,1.0961198937248864,1562387571,10,47378,49,8051,1.4392394288525054,1560289085,5,47500,49,8165,1.3274475147422948,1558190028,4,47478,49,8107,1.3455045333532702,1558189450,3,47473,49,8108
0.5420905668624706,1547709753,10,47128,49,8111,1.021562929023994,1553998409,8,47341,49,8050,1.3032805708495048,1558191930,5,47441,49,8133,1.155995642517107,1556093298,4,47399,49,8121,0.7734144722520108,1549800481,3,47234,49,8084
0.5420905668624706,1547709753,10,47128,49,8111,1.021562929023994,1553998409,8,47341,49,8050,1.3032805708495048,1558191930,5,47441,49,8133,1.155995642517107,1556093298,4,47399,49,8121,0.7734144722520108,1549800481,3,47234,49,8084
1.6015108337729687,1562390473,12,47581,49,8116,1.4815599431387076,1566581673,8,47543,49,8086,1.598045535708236,1562386154,5,47568,49,8130,1.7040157777121432,1547704327,4,47114,49,8065,0.9441525770069017,1553994944,3,47312,49,8148
1.6015108337729687,1562390473,12,47581,49,8116,1.4815599431387076,1566581673,8,47543,49,8086,1.598045535708236,1562386154,5,47568,49,8130,1.7040157777121432,1547704327,4,47114,49,8065,0.9441525770069017,1553994944,3,47312,49,8148
0.6702979699586875,1549807232,11,47183,49,8131,1.3206124869041467,1564484911,9,47473,49,8158,0.9825064361800883,1553996664,4,47307,49,8094,1.7960125902369373,1549801307,4,47164,49,8096,1.5581617409037782,1545606149,3,47060,49,5
0.6702979699586875,1549807232,11,47183,49,8131,1.3206124869041467,1564484911,9,47473,49,8158,0.9825064361800883,1553996664,4,47307,49,8094,1.7960125902369373,1549801307,4,47164,49,8096,1.5581617409037782,1545606149,3,47060,49,5
1.5795814139423265,1562389438,10,47572,49,8157,0.8855018754605887,1558193507,9,47291,49,8105,0.8450177321888082,1551900326,5,47247,49,8167,1.167520565305987,1556092944,4,47406,49,8099,1.5386809006841518,1545606385,3,47050,49,8113
1.5795814139423265,1562389438,10,47572,49,8157,0.8855018754605887,1558193507,9,47291,49,8105,0.8450177321888082,1551900326,5,47247,49,8167,1.167520565305987,1556092944,4,47406,49,8099,1.5386809006841518,1545606385,3,47050,49,8113
0.9713867445717216,1554000682,10,47311,49,8105,1.219228426001886,1556095510,10,47435,49,8105,1.7249279302048348,1545608395,4,47108,49,8172,1.4098619566464856,1560286952,4,47502,49,8139,1.3445862541054627,1558189721,4,47473,49,8116
0.9713867445717216,1554000682,10,47311,49,8105,1.219228426001886,1556095510,10,47435,49,8105,1.7249279302048348,1545608395,4,47108,49,8172,1.4098619566464856,1560286952,4,47502,49,8139,1.3445862541054627,1558189721,4,47473,49,8116
1.1940409369589033,1556096291,6,47408,49,8093,1.2386070242703193,1564484307,10,47437,49,8066,1.067876427934433,1553996870,4,47342,49,8141,1.1742533667442392,1556092798,4,47404,49,8156,0.666829334819031,1549800871,3,47190,49,8082
0.9110054108476708,1551903118,9,47287,49,8108,0.7662690741575736,1549804391,9,47236,49,8062,1.32214985669733,1558192151,5,47449,49,8154,1.7178847322099484,1547704726,4,47130,49,8090,0.7886106573544747,1551897930,3,47244,49,8098
0.9110054108476708,1551903118,9,47287,49,8108,0.7662690741575736,1549804391,9,47236,49,8062,1.32214985669733,1558192151,5,47449,49,8154,1.7178847322099484,1547704726,4,47130,49,8090,0.7886106573544747,1551897930,3,47244,49,8098
0.6147106366012699,1547709879,11,47160,49,8131,1.4062872873756922,1566581780,9,47513,49,8162,1.2272940976350326,1556095028,5,47411,49,5,1.0257472156197762,1553996217,4,47348,49,8113,0,1553995005,3,47307,49,8112
1.4620828934104955,1560293214,12,47524,49,8132,0.8255295034591497,1551901819,9,47263,49,8046,1.1008209994869331,1553997185,4,47355,49,8125,1.4627947829903192,1560287811,4,47535,49,8133,1.1297838657871746,1556092047,3,47387,49,8127
1.2167859436685207,1556099040,12,47417,49,8104,1.052263851582497,1553998693,8,47360,49,8102,0.9311015262948643,1551900799,5,47283,49,8134,1.8416048364246373,1549801710,4,47181,49,8045,1.3995601431495241,1560286783,3,47502,49,8103
1.299096249998488,1558196218,12,47450,49,8141,0.5898187308050838,1547706650,8,47166,49,8062,0.5705496542705122,1547706419,5,47130,49,8141,1.4082279768600505,1560287673,4,47510,49,8132,0.929672062371365,1551897849,3,47293,49,8092
1.299096249998488,1558196218,12,47450,49,8141,0.5898187308050838,1547706650,8,47166,49,8062,0.5705496542705122,1547706419,5,47130,49,8141,1.4082279768600505,1560287673,4,47510,49,8132,0.929672062371365,1551897849,3,47293,49,8092
1.1994464987784343,1556096011,6,47411,49,8101,1.6505643079536052,1551901314,9,47110,49,8053,0.6260347605681373,1547706632,5,47154,49,8143,1.1976080495973438,1556093190,4,47423,49,8141,1.418327188531253,1560286483,3,47510,49,8118
0.8743895947328169,1551904656,11,47270,49,8124,0.7679011524460778,1556095585,9,47236,49,8104,0.719870000562911,1549803562,5,47194,49,8087,1.4902315478834998,1543510387,4,47035,49,8119,1.7939752775416722,1547703641,3,47155,49,8148
0.8743895947328169,1551904656,11,47270,49,8124,0.7679011524460778,1556095585,9,47236,49,8104,0.719870000562911,1549803562,5,47194,49,8087,1.4902315478834998,1543510387,4,47035,49,8119,1.7939752775416722,1547703641,3,47155,49,8148
0,1547709869,12,47176,49,8102,0.6113387487440239,1556094922,9,47179,49,8135,0.6966156571661971,1549802883,5,47182,49,8124,0.944663772467534,1553996173,4,47304,49,8133,1.0755237682699446,1553994715,3,47357,49,8175
0.6563249194381833,1547709869,12,47176,49,8102,0.6113387487440239,1556094922,9,47179,49,8135,0.6966156571661971,1549802883,5,47182,49,8124,0.944663772467534,1553996173,4,47304,49,8133,1.0755237682699446,1553994715,3,47357,49,8175
0.9621054585956725,1554001255,11,47306,49,8100,0.7282256631899958,1549804684,9,47225,49,8108,1.377430480605314,1558191954,5,47475,49,8133,0.7624992683559193,1549801394,4,47234,49,8114,0.8308365139477552,1551897955,3,47260,49,8112
0.9621054585956725,1554001255,11,47306,49,8100,0.7282256631899958,1549804684,9,47225,49,8108,1.377430480605314,1558191954,5,47475,49,8133,0.7624992683559193,1549801394,4,47234,49,8114,0.8308365139477552,1551897955,3,47260,49,8112
1.0682816568749751,1554001069,11,47353,49,8112,0.805844184804265,1551898795,4,47256,49,8121,0.8200290796419708,1549803117,5,47236,49,8134,1.8231445037577159,1547704361,4,47171,49,8112,1.8330392157171758,1547703488,3,47170,49,8059
1.0682816568749751,1554001069,11,47353,49,8112,0.805844184804265,1551898795,4,47256,49,8121,0.8200290796419708,1549803117,5,47236,49,8134,1.8231445037577159,1547704361,4,47171,49,8112,1.8330392157171758,1547703488,3,47170,49,8059
1.1169335898412152,1556098772,11,47372,49,8115,0.8493953947340247,1558193358,10,47269,49,8072,1.4205746196939468,1558192080,5,47492,49,8111,1.574787864459167,1545607752,4,47062,49,8097,1.5164490116096345,1543509428,3,47026,49,8126
1.1169335898412152,1556098772,11,47372,49,8115,0.8493953947340247,1558193358,10,47269,49,8072,1.4205746196939468,1558192080,5,47492,49,8111,1.574787864459167,1545607752,4,47062,49,8097,1.5164490116096345,1543509428,3,47026,49,8126
1.441481177869836,1560293450,12,47510,49,8096,1.3822150238821613,1566581370,10,47501,49,8035,1.11020452361408,1553996863,4,47359,49,8125,1.72104664906525,1547704871,4,47132,49,8082,1.5288903149880821,1543509338,3,47040,49,8131
1.441481177869836,1560293450,12,47510,49,8096,1.3822150238821613,1566581370,10,47501,49,8035,1.11020452361408,1553996863,4,47359,49,8125,1.72104664906525,1547704871,4,47132,49,8082,1.5288903149880821,1543509338,3,47040,49,8131
0.5406629566498831,1547710521,12,47126,49,8059,0.7834040554797022,1549804963,10,47239,49,8117,0.8162555906012133,1549803093,5,47233,49,8124,0.694366497147138,1549801806,4,47206,49,8088,1.5357234707940126,1543508650,3,47045,49,8121
0.5406629566498831,1547710521,12,47126,49,8059,0.7834040554797022,1549804963,10,47239,49,8117,0.8162555906012133,1549803093,5,47233,49,8124,0.694366497147138,1549801806,4,47206,49,8088,1.5357234707940126,1543508650,3,47045,49,8121
0.7655608066656756,1549807245,12,47225,49,8128,1.2774683757041776,1564484836,10,47451,49,8118,1.7160537391895245,1545608949,5,47107,49,8161,0.8384857216544069,1551898741,4,47265,49,8133,1.538273837966203,1543508978,3,47044,49,8097
0.7655608066656756,1549807245,12,47225,49,8128,1.2774683757041776,1564484836,10,47451,49,8118,1.7160537391895245,1545608949,5,47107,49,8161,0.8384857216544069,1551898741,4,47265,49,8133,1.538273837966203,1543508978,3,47044,49,8097
0.67376659097832,1549806931,11,47181,49,8120,1.6402643885621948,1551902144,9,47094,49,8133,1.231985859602854,1556094494,4,47413,49,8133,0.6635651864171702,1549801781,4,47188,49,8115,1.2599300697096085,1558189354,3,47437,49,8142
0.67376659097832,1549806931,11,47181,49,8120,1.6402643885621948,1551902144,9,47094,49,8133,1.231985859602854,1556094494,4,47413,49,8133,0.6635651864171702,1549801781,4,47188,49,8115,1.2599300697096085,1558189354,3,47437,49,8142
1.6310890113924996,1562390474,12,47594,49,8142,1.5210309473827468,1560290083,9,47559,49,8118,0.700593618088478,1549803344,5,47181,49,8166,1.6422049872067452,1545607495,4,47097,49,8083,0.8485848990743183,1551897901,3,47262,49,8122
1.6310890113924996,1562390474,12,47594,49,8142,1.5210309473827468,1560290083,9,47559,49,8118,0.700593618088478,1549803344,5,47181,49,8166,1.6422049872067452,1545607495,4,47097,49,8083,0.8485848990743183,1551897901,3,47262,49,8122
1.0704230635025875,1554001361,11,47355,49,8078,0.9593450652387202,1560290077,9,47314,49,8084,1.1383550998256051,1553997221,5,47369,49,8130,1.0853125100841499,1556092955,4,47371,49,8095,0.6544883671851569,1549800497,3,47181,49,8145
1.7325752990164869,1547709076,9,47119,49,8182,0.9014137291000449,1558192613,8,47282,49,8106,0.9936242787071645,1553997353,5,47308,49,8161,1.2588073133192936,1558189782,3,47438,49,8093,1.090006138429728,1556092244,4,47367,49,8130
1.7325752990164869,1547709076,9,47119,49,8182,0.9014137291000449,1558192613,8,47282,49,8106,0.9936242787071645,1553997353,5,47308,49,8161,1.2588073133192936,1558189782,3,47438,49,8093,1.090006138429728,1556092244,4,47367,49,8130
1.4109847300820473,1560292759,11,47496,49,8068,1.2244295199423074,1564484097,9,47435,49,8097,0.8194175138790739,1549802249,4,47232,49,833,1.655570167529299,1545607658,4,47084,49,8142,1.0956161783940142,1556092158,4,47368,49,8154
1.4109847300820473,1560292759,11,47496,49,8068,0,1564484097,9,47435,49,8097,0.8194175138790739,,,,,8133,1.655570167529299,1545607658,4,47084,49,8142,1.0956161783940142,1556092158,4,47368,49,8154
0.9729165884926414,1554001009,10,47311,49,8,1.3895594136587577,1566581351,9,47504,49,8090,1.7451225893376332,1547705959,5,47116,49,8169,1.836201140901481,1549801537,4,47169,49,8142,1.0770536093644438,1553995543,3,47358,49,8140
0.9729165884926414,1554001009,10,47311,49,8,1.3895594136587577,1566581351,9,47504,49,8090,1.7451225893376332,1547705959,5,47116,49,8169,1.836201140901481,1549801537,4,47169,49,8142,1.0770536093644438,1553995543,3,47358,49,8140
0.5414789968529157,1547709972,11,47125,49,8117,1.4591216855577338,1566582116,9,47526,49,8101,1.4597408011803863,1560288414,4,47506,49,8064,0.7883039601284763,1551898644,4,47243,49,8087,0.9480301666598252,1551897559,3,47303,49,8109
0.5414789968529157,1547709972,11,47125,49,8117,1.4591216855577338,1566582116,9,47526,49,8101,1.4597408011803863,1560288414,4,47506,49,8064,0.7883039601284763,1551898644,4,47243,49,8087,0.9480301666598252,1551897559,3,47303,49,8109
1.273393804083684,1558195767,11,47437,49,8079,1.408428698455913,1566581861,9,47511,49,8094,1.1681377515292757,1556094601,4,47381,49,8131,0.9703662280709825,1553996457,4,47314,49,8140,0.7972822289809014,1549800792,3,47237,49,8089
1.273393804083684,1558195767,11,47437,49,8079,1.408428698455913,1566581861,9,47511,49,8094,1.1681377515292757,1556094601,4,47381,49,8131,0.9703662280709825,1553996457,4,47314,49,8140,0.7972822289809014,1549800792,3,47237,49,8089
0.7929975744941785,1549807151,11,47235,49,8154,1.373342738710222,1558193058,10,47495,49,8150,0.9317130976838804,1551900647,5,47283,49,8118,1.0964303514921963,1556093292,4,47374,49,8071,0.632763870577538,1547703606,3,47170,49,8084
0.7929975744941785,1549807151,11,47235,49,8154,1.373342738710222,1558193058,10,47495,49,8150,0.9317130976838804,1551900647,5,47283,49,8118,1.0964303514921963,1556093292,4,47374,49,8071,0.632763870577538,1547703606,3,47170,49,8084
1.4608597833549268,1560293347,12,47519,49,8156,1.2499293698801792,1564483751,8,47441,49,8140,0.7066107566515727,1549802388,4,47186,49,8138,1.3308177004543933,1558190647,4,47460,49,8179,1.6561798856757441,1545606252,3,47096,49,8130
1.4608597833549268,1560293347,12,47519,49,8156,1.2499293698801792,1564483751,8,47441,49,8140,0.7066107566515727,1549802388,4,47186,49,8138,1.3308177004543933,1558190647,4,47460,49,8179,1.6561798856757441,1545606252,3,47096,49,8130
0.8665359160371142,1551903469,10,47266,49,8130,1.1765955235898766,1562387965,9,47408,49,8116,1.737371142769059,1545608821,5,47112,49,8134,1.432605068899056,1560287514,4,47518,49,8078,1.4971707533260334,1560285823,3,47535,49,8150
0.8665359160371142,1551903469,10,47266,49,8130,1.1765955235898766,1562387965,9,47408,49,8116,1.737371142769059,1545608821,5,47112,49,8134,1.432605068899056,1560287514,4,47518,49,8078,1.4971707533260334,1560285823,3,47535,49,8150
1.3481552665591137,1558195650,11,47472,49,8142,1.0130977045924041,1560290186,9,47331,49,8084,1.554901398360831,1560288515,4,47549,49,8158,1.629864023731133,1545607540,4,47088,49,8099,1.2626830289604463,1558189541,4,47442,49,8082
1.3481552665591137,1558195650,11,47472,49,8142,1.0130977045924041,1560290186,9,47331,49,8084,1.554901398360831,1560288515,4,47549,49,8158,1.629864023731133,1545607540,4,47088,49,8099,1.2626830289604463,1558189541,4,47442,49,8082
1.4477027817460488,1560292074,10,47512,49,8166,1.6156846903056368,1551901639,9,47079,49,8090,1.060022749501719,1553998061,5,47337,49,8161,1.5182817807982742,1560287674,4,47551,49,8079,0.7869804317854283,1549800850,3,47234,49,8100
1.4477027817460488,1560292074,10,47512,49,8166,1.6156846903056368,1551901639,9,47079,49,8090,1.060022749501719,1553998061,5,47337,49,8161,1.5182817807982742,1560287674,4,47551,49,8079,0.7869804317854283,1549800850,3,47234,49,8100
0.9879101495623168,1554001854,12,47316,49,0,0.7683101179948072,1549804768,9,47235,49,8054,1.0694062735011964,1553997905,5,47341,49,8137,0.8782634571882287,1551898559,4,47282,49,8084,0.7995240325294741,1551897905,3,47245,49,8106
0.9879101495623168,1554001854,12,47316,49,0,0.7683101179948072,1549804768,9,47235,49,8054,1.0694062735011964,1553997905,5,47341,49,8137,0.8782634571882287,1551898559,4,47282,49,8084,0.7995240325294741,1551897905,3,47245,49,8106
1.4180223724353282,1560293190,12,47499,49,8098,0.6099111613351914,1553998132,8,47172,49,8152,0.7692357395141572,1549803456,5,47212,49,8145,1.2444271871584476,1556093453,4,47428,49,8093,1.7050344392776193,1547703240,3,47119,49,8129
1.4180223724353282,1560293190,12,47499,49,8098,0.6099111613351914,1553998132,8,47172,49,8152,0.7692357395141572,1549803456,5,47212,49,8145,1.2444271871584476,1556093453,4,47428,49,8093,1.7050344392776193,1547703240,3,47119,49,8129
0.564733338944383,1547710220,11,47137,49,8131,1.6128276275807494,1545610550,10,47075,49,8073,1.5848885369492967,1562385981,5,47559,49,8124,1.49013121310869,1560287629,4,47539,49,8128,1.3960933998127605,1558188935,3,47492,49,8078
0.564733338944383,1547710220,11,47137,49,8131,1.6128276275807494,1545610550,10,47075,49,8073,1.5848885369492967,1562385981,5,47559,49,8124,1.49013121310869,1560287629,4,47539,49,8128,1.3960933998127605,1558188935,3,47492,49,8078
0.867249718837718,1551904355,11,47267,49,8142,1.3095969008975188,1558192843,9,47456,49,8038,1.1352954168608398,1553997097,5,47367,49,8167,1.8200848243033385,1547704143,4,47168,49,8087,0.9475189858416946,1553994881,3,47306,49,8126
0.867249718837718,1551904355,11,47267,49,8142,1.3095969008975188,1558192843,9,47456,49,8038,1.1352954168608398,1553997097,5,47367,49,8167,1.8200848243033385,1547704143,4,47168,49,8087,0.9475189858416946,1553994881,3,47306,49,8126
1.3362213807852916,1558195922,11,47469,49,8071,0.6232726392338578,1547707222,10,47177,49,8139,1.032585979992038,1553997910,5,47326,49,8126,0.9949459217477835,1553996276,4,47330,49,8137,0.7657652744986733,1549800776,3,47224,49,8122
1.5945754291935148,1562388934,9,47576,49,8126,1.430664391899326,1566581994,10,47509,49,8033,0.5619821717948069,1547705938,4,47124,49,8122,1.536030202730424,1560287628,4,47553,49,8105,1.4558612898274448,1560286787,3,47522,49,8080
1.5945754291935148,1562388934,9,47576,49,8126,1.430664391899326,1566581994,10,47509,49,8033,0.5619821717948069,1547705938,4,47124,49,8122,1.536030202730424,1560287628,4,47553,49,8105,1.4558612898274448,1560286787,3,47522,49,8080
0,1551904851,12,47266,49,8139,1.5359222701393473,1568678842,10,47565,49,8107,1.587029933336411,1562386101,5,47562,49,8166,1.229838817485194,1558190414,4,47435,49,8050,1.4144514786296771,1560286333,3,47504,49,8116
0.8665359160371142,1551904851,12,47266,49,8139,1.5359222701393473,1568678842,10,47565,49,8107,1.587029933336411,1562386101,5,47562,49,8166,1.229838817485194,1558190414,4,47435,49,8050,1.4144514786296771,1560286333,3,47504,49,8116
0.9040700078219283,1551904237,11,47282,49,8168,0.6648869153162654,1556096252,10,47193,49,8034,0,1549802908,5,47239,49,8063,1.5991631014269456,1545607760,4,47078,49,8037,0.7977915664124169,1549800471,4,47238,49,8120
0.9040700078219283,1551904237,11,47282,49,8168,0.6648869153162654,1556096252,10,47193,49,8034,0.8407349122708914,1549802908,5,47239,49,8063,1.5991631014269456,1545607760,4,47078,49,8037,0.7977915664124169,1549800471,4,47238,49,8120
0.6407197946480702,1547710000,12,47168,49,8152,1.0288050658410173,1560290692,10,47345,49,8165,1.2722747965326187,1556095011,5,47424,49,27,0.7683119288367085,1551898879,4,47240,49,8093,1.464326528756923,1560286792,3,47527,49,8144
0.9778128242404891,1554001413,11,47311,49,8170,1.4922688321293682,1560290586,9,47545,49,8097,1.1329495358130943,1553997432,5,47366,49,8101,1.6439393072408217,1545607652,4,47094,49,8130,1.4128193968018816,1560286625,3,47504,49,8142
0.9778128242404891,1554001413,11,47311,49,8170,1.4922688321293682,1560290586,9,47545,49,8097,1.1329495358130943,1553997432,5,47366,49,8101,1.6439393072408217,1545607652,4,47094,49,8130,1.4128193968018816,1560286625,3,47504,49,8142
1.1522240427409058,1556099032,11,47385,49,8182,1.2621680862047264,1564484221,9,47441,49,8026,0.600434537974885,1547706723,5,47139,49,8153,1.2568703937243797,1558190403,4,47433,49,8010,1.2939955207768514,1558189499,3,47454,49,8129
1.1522240427409058,1556099032,11,47385,49,8182,1.2621680862047264,1564484221,9,47441,49,8026,0.600434537974885,1547706723,5,47139,49,8153,1.2568703937243797,1558190403,4,47433,49,8010,1.2939955207768514,1558189499,3,47454,49,8129
0.6946750525063653,1549807340,11,47191,49,8088,1.0841879127560787,1553998475,9,47362,49,8039,0.7730092291505838,1549803267,5,47215,49,8137,1.3734487408560165,1558189850,4,47490,49,8132,0.6337825448763559,1549800506,3,47175,49,8189
0.6946750525063653,1549807340,11,47191,49,8088,1.0841879127560787,1553998475,9,47362,49,8039,0.7730092291505838,1549803267,5,47215,49,8137,1.3734487408560165,1558189850,4,47490,49,8132,0.6337825448763559,1549800506,3,47175,49,8189
0.8394058574885169,1551904661,11,47252,49,8157,0.6189898199431741,1553999211,9,47163,49,8078,0.5597385225715246,1547706117,5,47122,49,8136,1.0425773374996417,1553996323,4,47350,49,8107,0.7406743873154836,1549800822,3,47215,49,8133
0.8394058574885169,1551904661,11,47252,49,8157,0.6189898199431741,1553999211,9,47163,49,8078,0.5597385225715246,1547706117,5,47122,49,8136,1.0425773374996417,1553996323,4,47350,49,8107,0.7406743873154836,1549800822,3,47215,49,8133
1.5667311461255573,1562386086,5,47561,49,8157,1.6487296334577948,1551902188,10,47099,49,8100,0.7380254815937458,1549803825,5,47198,49,4,1.1889420907694506,1558189893,4,47403,49,8130,1.395684430566889,1560286283,3,47497,49,8140
1.5667311461255573,1562386086,5,47561,49,8157,1.6487296334577948,1551902188,10,47099,49,8100,0.7380254815937458,1549803825,5,47198,49,4,1.1889420907694506,1558189893,4,47403,49,8130,1.395684430566889,1560286283,3,47497,49,8140
0.8246167694266037,1551904419,12,47245,49,8145,0.545758196112138,1553999364,10,47137,49,8142,1.6910650909130416,1545609026,5,47094,49,8125,1.6738241887774323,1547704408,4,47105,49,8093,0.647348493425046,1549800884,3,47178,49,8081
0.8246167694266037,1551904419,12,47245,49,8145,0.545758196112138,1553999364,10,47137,49,8142,1.6910650909130416,1545609026,5,47094,49,8125,1.6738241887774323,1547704408,4,47105,49,8093,0.647348493425046,1549800884,3,47178,49,8081
0.8836708838818631,1551903683,10,47274,49,8140,1.3872135298421795,1566581682,10,47504,49,8051,1.1945540062840991,1556095355,5,47394,49,8112,1.5398036824161865,1560287180,4,47555,49,8138,0.9033561978017508,1551897965,3,47284,49,8158
0.8836708838818631,1551903683,10,47274,49,8140,1.3872135298421795,1566581682,10,47504,49,8051,1.1945540062840991,1556095355,5,47394,49,8112,1.5398036824161865,1560287180,4,47555,49,8138,0.9033561978017508,1551897965,3,47284,49,8158
0.9989257513721459,1554001778,11,47320,49,8037,0.7198626679241735,1549804949,9,47215,49,8093,1.0686924712136614,1553997688,5,47340,49,8114,1.3941545933371748,1558190117,4,47495,49,8062,1.3421381395287446,1558189506,3,47470,49,8108
0.9989257513721459,1554001778,11,47320,49,8037,0.7198626679241735,1549804949,9,47215,49,8093,1.0686924712136614,1553997688,5,47340,49,8114,1.3941545933371748,1558190117,4,47495,49,8062,1.3421381395287446,1558189506,3,47470,49,8108
0.8929521702520112,1551904072,11,47279,49,8096,1.4990016479932025,1566582220,10,47544,49,8124,1.7669493218034453,1547705759,4,47126,49,8159,1.3118442871050082,1558190510,4,47462,49,8134,1.687187517403629,1545606493,3,47103,49,8078
0.8929521702520112,1551904072,11,47279,49,8096,1.4990016479932025,1566582220,10,47544,49,8124,1.7669493218034453,1547705759,4,47126,49,8159,1.3118442871050082,1558190510,4,47462,49,8134,1.687187517403629,1545606493,3,47103,49,8078
0.696102665617186,1549807340,11,47191,49,8074,1.0267658993235138,1560290728,10,47334,49,8102,1.2391257493590608,1556094022,4,47411,49,8132,1.2358578257813944,1556092621,3,47431,49,8089,0.9111076425150388,1551897888,3,47288,49,8159
0.696102665617186,1549807340,11,47191,49,8074,1.0267658993235138,1560290728,10,47334,49,8102,1.2391257493590608,1556094022,4,47411,49,8132,1.2358578257813944,1556092621,3,47431,49,8089,0.9111076425150388,1551897888,3,47288,49,8159
1.6671955015619406,1545612689,11,47094,49,8130,1.6717794818640943,1545609827,10,47114,49,8120,0.680092264471479,1547706421,5,47172,49,8098,1.2583983392815679,1558190550,4,47446,49,8080,1.3792632658020207,1558189295,3,47490,49,8097
1.6671955015619406,1545612689,11,47094,49,8130,1.6717794818640943,1545609827,10,47114,49,8120,0.680092264471479,,,,,8098,0,1558190550,4,47446,49,8080,1.3792632658020207,1558189295,3,47490,49,8097
1.3312247882310544,1558196206,11,47460,49,8032,1.1130522721878637,1562386893,9,47376,49,8073,1.2806378065661674,1556094509,5,47428,49,8169,1.3285702728146738,1558190452,4,47478,49,8116,0.6580573949153827,1549800750,3,47183,49,8152
0.9965798753673459,1554001734,12,47317,49,8070,1.7511323211044723,1547706793,8,47136,49,8081,0.6854978315067715,1547705266,4,47175,49,8140,1.4717712284860753,1560287311,4,47538,49,8080,1.241161148949504,1558189137,3,47434,49,8141
0.9965798753673459,1554001734,12,47317,49,8070,1.7511323211044723,1547706793,8,47136,49,8081,0.6854978315067715,1547705266,4,47175,49,8140,1.4717712284860753,1560287311,4,47538,49,8080,1.241161148949504,1558189137,3,47434,49,8141
0.6367418425023348,1547710315,12,47165,49,8080,1.0603201472438855,1553998998,10,47365,49,8074,1.2564651951802146,1556095012,5,47417,49,8127,1.6618903016085418,1547704553,4,47106,49,8112,0.6441865797008636,1549800688,3,47175,49,8107
0.6367418425023348,1547710315,12,47165,49,8080,1.0603201472438855,1553998998,10,47365,49,8074,1.2564651951802146,1556095012,5,47417,49,8127,1.6618903016085418,1547704553,4,47106,49,8112,0.6441865797008636,1549800688,3,47175,49,8107
0.9637375442736577,1551900196,5,47303,49,8170,1.162826959828955,1556096240,10,47400,49,9,1.5763210576032276,1560288933,5,47553,49,8130,1.5678519976123115,1545607193,4,47060,49,8148,1.0674656172155739,1553995306,3,47353,49,8105
0.9637375442736577,1551900196,5,47303,49,8170,1.162826959828955,1556096240,10,47400,49,9,1.5763210576032276,1560288933,5,47553,49,8130,1.5678519976123115,1545607193,4,47060,49,8148,1.0674656172155739,1553995306,3,47353,49,8105
1.3155174227028033,1558195088,10,47454,49,8113,1.076231988560504,1553998622,10,47369,49,8083,0.5784033427995227,1547706194,5,47129,49,8142,1.4333207559847738,1560287280,3,47515,49,8146,1.3918087152497662,1558189139,3,47493,49,8103
1.3155174227028033,1558195088,10,47454,49,8113,1.076231988560504,1553998622,10,47369,49,8083,0.5784033427995227,1547706194,5,47129,49,8142,1.4333207559847738,1560287280,3,47515,49,8146,1.3918087152497662,1558189139,3,47493,49,8103
0.8836708889567261,1551902284,6,47272,49,8190,1.5207242056390025,1560287039,4,47556,49,8067,1.1247891442622162,1553997813,5,47364,49,8137,1.7786731399379168,1547704550,4,47161,49,8097,0.9638379155569767,1553995157,3,47313,49,8097
0.8836708889567261,1551902284,6,47272,49,8190,1.5207242056390025,1560287039,4,47556,49,8067,1.1247891442622162,1553997813,5,47364,49,8137,1.7786731399379168,1547704550,4,47161,49,8097,0.9638379155569767,1553995157,3,47313,49,8097
1.3155174227028033,1558195658,10,47454,49,8142,1.6610705920055382,1545610434,10,47108,49,8116,1.402419138978803,1558192113,5,47482,49,8118,1.8301840032899241,1547704335,4,47168,49,8116,1.482584263628821,1560286405,3,47531,49,8148
1.057266062280547,1553998769,6,47346,49,8172,1.7440946768919983,1553999438,9,47134,49,8036,1.1054105319116858,1553998238,5,47354,49,8141,1.0706256539186558,1556092952,4,47367,49,8133,1.3742666757633524,1558189367,3,47481,49,8107
1.057266062280547,1553998769,6,47346,49,8172,1.7440946768919983,1553999438,9,47134,49,8036,1.1054105319116858,1553998238,5,47354,49,8141,1.0706256539186558,1556092952,4,47367,49,8133,1.3742666757633524,1558189367,3,47481,49,8107
0.5717709861570843,1547710128,11,47138,49,8152,0.8480700398335909,1551901255,8,47263,49,8066,0.7159942846088043,1549802579,4,47188,49,8167,1.5711161634105155,1545607394,4,47060,49,8171,1.1232555593159455,1556092125,3,47382,49,8078
0,1547710128,11,47138,49,8152,0.8480700398335909,1551901255,8,47263,49,8066,0.7159942846088043,1549802579,4,47188,49,8167,1.5711161634105155,1545607394,4,47060,49,8171,1.1232555593159455,1556092125,3,47382,49,8078
1.3694726803775736,1558195884,11,47477,49,8138,1.2077035185373113,1556096123,10,47425,49,8127,1.250855154398304,1556095304,5,47416,49,8149,0.9710800090404411,1553996307,4,47323,49,8077,1.0502284125064762,1553994699,3,47346,49,8050
1.3694726803775736,1558195884,11,47477,49,8138,1.2077035185373113,1556096123,10,47425,49,8127,1.250855154398304,1556095304,5,47416,49,8149,0.9710800090404411,1553996307,4,47323,49,8077,1.0502284125064762,1553994699,3,47346,49,8050
0.9628192682102942,1554001286,12,47304,49,8125,1.571213341986214,1568678281,8,47581,49,8054,0.5731000067623063,1547706342,5,47125,49,8151,1.6619925271147327,1545607405,4,47109,49,8077,1.0552268951775037,1553995112,3,47342,49,8091
0.9628192682102942,1554001286,12,47304,49,8125,1.571213341986214,1568678281,8,47581,49,8054,0.5731000067623063,1547706342,5,47125,49,8151,1.6619925271147327,1545607405,4,47109,49,8077,1.0552268951775037,1553995112,3,47342,49,8091
0.6437794847838016,1547710325,12,47168,49,8100,0.7881980457026236,1558192028,8,47250,49,8090,1.1383551036556898,1553997229,5,47367,49,8161,1.1537500991614247,1556093264,4,47412,49,8131,1.0682816643915174,1553994293,3,47350,49,8170
0.6437794847838016,1547710325,12,47168,49,8100,0.7881980457026236,1558192028,8,47250,49,8090,1.1383551036556898,1553997229,5,47367,49,8161,1.1537500991614247,1556093264,4,47412,49,8131,1.0682816643915174,1553994293,3,47350,49,8170
0.851237501832384,1551903420,10,47254,49,8157,1.4371927147228563,1566582113,9,47519,49,8114,1.1374368264551613,1556094349,5,47368,49,8081,1.1127492524568359,1556093204,4,47390,49,8119,1.6700525598800382,1545606689,3,47090,49,8134
0.851237501832384,1551903420,10,47254,49,8157,1.4371927147228563,1566582113,9,47519,49,8114,1.1374368264551613,1556094349,5,47368,49,8081,1.1127492524568359,1556093204,4,47390,49,8119,1.6700525598800382,1545606689,3,47090,49,8134
1.7284951089448148,1547708993,9,47117,49,10,0.6162349914466431,1553998391,9,47176,49,8138,1.6894330176396897,1545609035,5,47092,49,8159,1.0841916040993373,1556093125,4,47374,49,8093,1.7343077668969034,1547703307,3,47124,49,8145
1.7284951089448148,1547708993,9,47117,49,10,0.6162349914466431,1553998391,9,47176,49,8138,1.6894330176396897,1545609035,5,47092,49,8159,1.0841916040993373,1556093125,4,47374,49,8093,1.7343077668969034,1547703307,3,47124,49,8145
1.422204822216187,1560292694,11,47496,49,8115,1.000756734572153,1560290463,8,47334,49,8050,1.0044354122066994,1553997651,5,47312,49,8159,0.7466896536296079,1549802002,4,47235,49,8078,0.7366964420514075,1549801039,3,47209,49,8120
1.523994082822587,1560293017,11,47546,49,8150,0.7783051973452488,1556095760,9,47235,49,8086,0.680194497364479,1547706004,5,47171,49,8118,0.8588829671441769,1551898732,4,47287,49,8094,1.422714138823706,1558188579,3,47499,49,8083
1.523994082822587,1560293017,11,47546,49,8150,0.7783051973452488,1556095760,9,47235,49,8086,0.680194497364479,1547706004,5,47171,49,8118,0.8588829671441769,1551898732,4,47287,49,8094,1.422714138823706,1558188579,3,47499,49,8083
1.4385237466977514,1560292631,11,47504,49,8130,0.8505181575993748,1551901977,9,47271,49,8028,1.5940675803017526,1562385129,4,47563,49,9,0.6127699946924307,1549801921,4,47180,49,8089,0.6369463094811749,1547703884,3,47163,49,8094
1.4385237466977514,1560292631,11,47504,49,8130,0.8505181575993748,1551901977,9,47271,49,8028,1.5940675803017526,1562385129,4,47563,49,9,0.6127699946924307,1549801921,4,47180,49,8089,0.6369463094811749,1547703884,3,47163,49,8094
0.567690796529811,1547710274,12,47138,49,8123,1.5442859113775071,1568677655,8,47565,49,8089,1.6620984843552902,1545609131,5,47080,49,8142,0.915695288013461,1553995591,4,47306,49,8093,1.5912090448874654,1545606701,3,47063,49,8090
0.6539790459947528,1547709573,10,47172,49,8127,0,1562387471,9,47584,49,8120,1.3697812893328498,1558192312,5,47464,49,8072,1.3570275544352077,1558190235,4,47491,49,8152,1.3720230430608302,1558189656,3,47476,49,8140
0.6539790459947528,1547709573,10,47172,49,8127,1.5823311773033546,1562387471,9,47584,49,8120,0,1553998096,5,47356,49,8143,1.3570275544352077,1558190235,4,47491,49,8152,1.3720230430608302,1558189656,3,47476,49,8140
0.8065635311824348,1549807098,12,47236,49,8108,1.7308354349322161,1553998215,8,47136,49,8080,1.2847180103556313,1556094093,4,47426,49,8143,1.5004330068099483,1562384471,4,47547,49,8112,0.921511690010344,1551898139,3,47285,49,8143
1.3629443554005602,1558195880,11,47477,49,8103,1.6931991133169768,1551900323,8,47113,49,8117,1.4705519323943614,1560289220,5,47508,49,8119,1.0211576786687608,1553996344,4,47350,49,8109,0.9145762791818274,1551897998,3,47283,49,8124
1.6654611880719912,1545612799,11,47095,49,8096,1.6014049289958638,1551902019,9,47077,49,8142,1.5965157075628071,1562385765,5,47561,49,8142,0.8546001628031288,1551898842,4,47279,49,8049,0.7389400828293573,1549800630,3,47213,49,8120
1.6654611880719912,1545612799,11,47095,49,8096,1.6014049289958638,1551902019,9,47077,49,8142,1.5965157075628071,1562385765,5,47561,49,8142,0.8546001628031288,1551898842,4,47279,49,8049,0.7389400828293573,1549800630,3,47213,49,8120
1.6288453713370374,1562390236,11,47590,49,8164,1.0172801357237338,1553999137,10,47340,49,8085,1.132847305928305,1553997183,5,47363,49,8108,1.1641541489303042,1556093016,4,47412,49,8117,1.4143492418666161,1560286222,3,47503,49,8103
1.6288453713370374,1562390236,11,47590,49,8164,1.0172801357237338,1553999137,10,47340,49,8085,1.132847305928305,1553997183,5,47363,49,8108,1.1641541489303042,1556093016,4,47412,49,8117,1.3819139859292233,1560286161,3,47493,49,8079
0.6714207171439014,1549807252,11,47177,49,8126,1.42893005897707,1566582130,10,47512,49,8080,1.1303991874133077,1553997466,5,47363,49,8133,1.2277996452262592,1558190431,4,47436,49,8062,1.1603825696705818,1556092662,3,47393,49,8128
0.6714207171439014,1549807252,11,47177,49,8126,1.42893005897707,1566582130,10,47512,49,8080,1.1303991874133077,1553997466,5,47363,49,8133,1.2277996452262592,1558190431,4,47436,49,8062,1.1603825696705818,1556092662,3,47393,49,8128
1.2851232128333219,1558195814,11,47440,49,8150,1.1051985878066695,1562387593,10,47382,49,8079,1.4307741959518416,1558191361,4,47490,49,8170,1.3809975763479527,1558190067,4,47494,49,8113,1.3082752943090468,1558189520,3,47455,49,8078
1.3591708757238252,1558194932,9,47474,49,8152,1.709110942136403,1553999035,10,47127,49,8098,1.0178991357617433,1553997634,5,47314,49,8108,0.6512242032867264,1549801920,4,47185,49,8105,0.997496286632021,1553995133,3,47326,49,8127
1.3591708757238252,1558194932,9,47474,49,8152,1.709110942136403,1553999035,10,47127,49,8098,1.0178991357617433,1553997634,5,47314,49,8108,0.6512242032867264,1549801920,4,47185,49,8105,0.997496286632021,1553995133,3,47326,49,8127
1.4835025547610217,1560290478,6,47527,49,8125,1.0980586997138193,1562386985,9,47382,49,8138,0.6362343342677856,1547706436,5,47152,49,8175,1.2142355647385863,1556093193,4,47425,49,8133,0.6836576148735418,1549801046,3,47195,49,8094
1.4835025547610217,1560290478,6,47527,49,8125,1.0980586997138193,1562386985,9,47382,49,8138,0.6362343342677856,1547706436,5,47152,49,8175,1.2142355647385863,1556093193,4,47425,49,8133,0.6836576148735418,1549801046,3,47195,49,8094
1.698712461708663,1545613093,12,47105,49,8133,0.5886978323981279,1553999150,9,47152,49,8061,1.4900327798977917,1560289380,5,47517,49,8169,1.7769388159887252,1549801113,4,47164,49,8128,1.6633197738793368,1545606061,3,47094,49,8160
0.7024264964231106,1549807713,12,47196,49,18,1.2116814728649492,1556096004,9,47428,49,8116,1.1624254797888298,1556094348,5,47378,49,8118,1.2483010118195703,1558190059,4,47443,49,8088,1.4079231566750507,1560286725,3,47502,49,8118
0.5320954712894873,1547710283,11,47122,49,8091,1.4068988451089963,1566581659,10,47506,49,8052,0.6315425702891699,1547705847,4,47151,49,8127,1.5775408338124954,1545607337,4,47070,49,8130,0.9373194292608368,1553994859,3,47300,49,8131
0.5320954712894873,1547710283,11,47122,49,8091,1.4068988451089963,1566581659,10,47506,49,8052,0.6315425702891699,1547705847,4,47151,49,8127,1.5775408338124954,1545607337,4,47070,49,8130,0.9373194292608368,1553994859,3,47300,49,8131
1.638942689657065,1562389356,10,47598,49,8134,1.5786599216417851,1545607519,4,47062,49,8068,1.2502435938497403,1556094703,5,47413,49,8130,0.7245580747315415,1549801940,4,47217,49,8123,1.6928979534361088,1545605763,3,47106,49,8078
1.638942689657065,1562389356,10,47598,49,8134,1.5786599216417851,1545607519,4,47062,49,8068,1.2502435938497403,1556094703,5,47413,49,8130,0.7245580747315415,1549801940,4,47217,49,8123,1.6928979534361088,1545605763,3,47106,49,8078
1.1801701315450732,1556098076,10,47400,49,8130,0,1556096630,9,47227,49,8096,1.3095021815574397,1558192350,5,47440,49,8119,0.7894266935328073,1551898372,3,47245,49,8049,0.8702071711772367,1551898333,4,47268,49,8189
1.1801701315450732,1556098076,10,47400,49,8130,0.7548463880806585,1556096630,9,47227,49,8096,1.3095021815574397,1558192350,5,47440,49,8119,0.7894266935328073,1551898372,3,47245,49,8049,0.8702071711772367,1551898333,4,47268,49,8189
1.235552989433258,1556098624,11,47425,49,8134,0.8055374762334989,1551901382,9,47258,49,8126,0.8411420185192217,1551900264,5,47240,49,8141,1.3311206343427608,1558190322,4,47478,49,8114,1.7096239748542477,1547703309,3,47118,49,8092
1.235552989433258,1556098624,11,47425,49,8134,0.8055374762334989,1551901382,9,47258,49,8126,0.8411420185192217,1551900264,5,47240,49,8141,1.3311206343427608,1558190322,4,47478,49,8114,1.7096239748542477,1547703309,3,47118,49,8092
1.4102709284054837,1560292142,10,47496,49,8113,1.5188895421114916,1560290662,10,47552,49,8099,1.6895352544330609,1545608396,4,47090,49,8151,0.7696372841920552,1551899185,4,47247,49,8083,1.5282768716227924,1545606124,3,47040,49,8079
1.4102709284054837,1560292142,10,47496,49,8113,1.5188895421114916,1560290662,10,47552,49,8099,1.6895352544330609,1545608396,4,47090,49,8151,0.7696372841920552,1551899185,4,47247,49,8083,1.5282768716227924,1545606124,3,47040,49,8079
1.453210581791971,1560293000,11,47515,49,8175,0.605423857307593,1547707448,9,47172,49,8158,1.2673785623190021,1556094554,5,47421,49,8186,1.4177137299995701,1560287787,4,47517,49,7,1.3857916045090708,1558189366,3,47485,49,8152
1.453210581791971,1560293000,11,47515,49,8175,0.605423857307593,1547707448,9,47172,49,8158,1.2673785623190021,1556094554,5,47421,49,8186,1.4177137299995701,1560287787,4,47517,49,7,1.3857916045090708,1558189366,3,47485,49,8152
0,1554001095,11,47356,49,8158,0.8032938334660245,1558192228,8,47256,49,8078,0.6033919981949858,1547706028,4,47139,49,8173,1.795503253547508,1547704480,4,47165,49,8065,0.773617121215005,1549800563,3,47231,49,8188
1.0761353387624157,1554001095,11,47356,49,8158,0.8032938334660245,1558192228,8,47256,49,8078,0.6033919981949858,1547706028,4,47139,49,8173,1.795503253547508,1547704480,4,47165,49,8065,0.773617121215005,1549800563,3,47231,49,8188
1.1280514311232364,1556097933,10,47375,49,8145,1.1602765886228723,1556096444,10,47404,49,8085,1.0061697287117055,1553996968,4,47310,49,8137,1.3308139083168438,1558190245,4,47481,49,8041,0.6763151130077568,1549800400,3,47185,49,8158
1.1280514311232364,1556097933,10,47375,49,8145,1.1602765886228723,1556096444,10,47404,49,8085,1.0061697287117055,1553996968,4,47310,49,8137,1.3308139083168438,1558190245,4,47481,49,8041,0.6763151130077568,1549800400,3,47185,49,8158
0.7163995463923445,1549807147,11,47203,49,8151,1.3859904099265734,1566580773,8,47503,49,8075,1.578462456409474,1560288977,5,47555,49,8145,1.7343058838728087,1547704129,4,47141,49,8133,1.4495374570481792,1560286693,3,47516,49,8148
0.7163995463923445,1549807147,11,47203,49,8151,1.3859904099265734,1566580773,8,47503,49,8075,1.578462456409474,1560288977,5,47555,49,8145,1.7343058838728087,1547704129,4,47141,49,8133,1.4495374570481792,1560286693,3,47516,49,8148
1.3029719711082732,1558195796,11,47452,49,8117,0.819001193196487,1558193465,10,47262,49,8122,1.464330324149616,1560288928,4,47508,49,8151,0.6391880988896493,1549801805,4,47182,49,8107,0.7965684394204442,1549801026,3,47230,49,8137
0.9252851686695577,1551903937,11,47291,49,8104,1.0902050189250634,1562387161,9,47379,49,8134,0.8396121721593798,1549802992,5,47241,49,8160,1.6036503721215036,1545607235,4,47088,49,8074,1.5541838017910663,1543508594,3,47050,49,8129
0.9252851686695577,1551903937,11,47291,49,8104,1.0902050189250634,1562387161,9,47379,49,8134,0.8396121721593798,1549802992,5,47241,49,8160,1.6036503721215036,1545607235,4,47088,49,8074,1.5541838017910663,1543508594,3,47050,49,8129
1.4062929661034316,1558195793,12,47495,49,8141,0.9084494883422561,1551901181,9,47305,49,8152,0.8202335541885951,1549802607,4,47231,49,8160,1.7464423674189031,1547705001,4,47152,49,8157,0.8182910884439373,1551897894,3,47249,49,8145
1.4062929661034316,1558195793,12,47495,49,8141,0.9084494883422561,1551901181,9,47305,49,8152,0.8202335541885951,1549802607,4,47231,49,8160,1.7464423674189031,1547705001,4,47152,49,8157,0.8182910884439373,1551897894,3,47249,49,8145
1.5437816481840563,1560292954,12,47555,49,8109,1.4970628228067517,1560290334,9,47550,49,8120,1.6652604018933115,1545608936,5,47082,49,8147,1.0719510067699254,1556092858,4,47373,49,8094,0.9860717389313772,1553995451,3,47324,49,8189
1.5437816481840563,1560292954,12,47555,49,8109,1.4970628228067517,1560290334,9,47550,49,8120,1.6652604018933115,1545608936,5,47082,49,8147,1.0719510067699254,1556092858,4,47373,49,8094,0.9860717389313772,1553995451,3,47324,49,8189
0.853583375610947,1551904524,11,47258,49,8110,1.3708946010536442,1558192893,10,47499,49,8123,1.6746439258928025,1545609444,5,47086,49,8102,1.3517223417976978,1558190160,3,47494,49,8081,1.552653962533562,1543508989,3,47049,49,8079
1.4221025739375805,1560291860,9,47500,49,15,1.2827716792860018,1564484618,9,47451,49,8077,1.735229733756222,1545608863,5,47108,49,8050,1.6337378701567045,1545607309,4,47105,49,8088,0.9537405991644023,1553994855,3,47305,49,8125
1.4221025739375805,1560291860,9,47500,49,15,1.2827716792860018,1564484618,9,47451,49,8077,1.735229733756222,1545608863,5,47108,49,8050,1.6337378701567045,1545607309,4,47105,49,8088,0.9537405991644023,1553994855,3,47305,49,8125
1.3170472556712067,1558196096,11,47458,49,8139,1.4122021593411327,1566581756,9,47510,49,8059,1.290021328730396,1558191620,5,47433,49,8116,1.2026065150741017,1556092569,4,47428,49,8148,0.9073341689893254,1551898127,3,47280,49,8053
1.3170472556712067,1558196096,11,47458,49,8139,1.4122021593411327,1566581756,9,47510,49,8059,1.290021328730396,1558191620,5,47433,49,8116,1.2026065150741017,1556092569,4,47428,49,8148,0.9073341689893254,1551898127,3,47280,49,8053
0.7146652347209899,1549807326,11,47204,49,8078,1.360083477211423,1558193399,10,47487,49,8037,1.4119049014609968,1558192612,5,47486,49,8141,0.9249784373933552,1551898756,4,47302,49,8091,1.5857012449281915,1545606422,3,47061,49,8049
0.6952866197633866,1549806895,10,47194,49,8177,1.4977746959855096,1560289543,9,47561,49,8067,0.9864844014074088,1551900098,5,47305,49,8136,1.724717880228327,1547704872,4,47141,49,8119,1.5524494754161617,1545606381,3,47051,49,8147
0.6952866197633866,1549806895,10,47194,49,8177,1.4977746959855096,1560289543,9,47561,49,8067,0.9864844014074088,1551900098,5,47305,49,8136,1.724717880228327,1547704872,4,47141,49,8119,1.5524494754161617,1545606381,3,47051,49,8147
1.4109847276722856,1560292380,11,47497,49,8143,1.5216424775085362,1568678340,9,47567,49,8119,1.1507983087146023,1556094178,4,47374,49,8099,1.038497118340405,1553996251,4,47357,49,8078,1.1536497759758104,1556092293,3,47393,49,8151
1.4109847276722856,1560292380,11,47497,49,8143,1.5216424775085362,1568678340,9,47567,49,8119,1.1507983087146023,1556094178,4,47374,49,8099,1.038497118340405,1553996251,4,47357,49,8078,1.1536497759758104,1556092293,3,47393,49,8151
1.719213814661775,1547709986,11,47115,49,8144,1.1979110173496417,1556095904,10,47429,49,8085,1.1030646430521633,1553997878,5,47357,49,8169,1.1437550214272532,1556092931,4,47405,49,8098,1.5595912655448598,1543509241,3,47045,49,8094
0.8719414777414709,1551904704,11,47270,49,8099,0.7866681900878386,1558192627,9,47245,49,8090,1.0193267293093613,1553998080,5,47322,49,8061,1.2300432847521061,1558190557,4,47438,49,8130,0.6648924116282018,1549800412,3,47177,49,8140
0.8719414777414709,1551904704,11,47270,49,8099,0.7866681900878386,1558192627,9,47245,49,8090,1.0193267293093613,1553998080,5,47322,49,8061,1.2300432847521061,1558190557,4,47438,49,8130,0,1549800412,3,47177,49,8140
1.3177610554490282,1558194874,9,47459,49,8112,0.7324080909377615,1549805010,9,47217,49,8054,0.9764893048022366,1551900046,5,47302,49,8068,1.4011903205030198,1560287704,4,47512,49,8148,0.9794430568920762,1553995011,3,47314,49,8118
1.3177610554490282,1558194874,9,47459,49,8112,0.7324080909377615,1549805010,9,47217,49,8054,0.9764893048022366,1551900046,5,47302,49,8068,1.4011903205030198,1560287704,4,47512,49,8148,0.9794430568920762,1553995011,3,47314,49,8118
1.7333913356736421,1547710331,12,47120,49,8131,1.4494314133430157,1566581575,9,47531,49,8154,0.8473636131966568,1551900746,5,47248,49,8111,1.5688711116701644,1545607470,4,47068,49,8117,1.2556454108085169,1558188959,3,47430,49,8093
1.7333913356736421,1547710331,12,47120,49,8131,1.4494314133430157,1566581575,9,47531,49,8154,0.8473636131966568,1551900746,5,47248,49,8111,1.5688711116701644,1545607470,4,47068,49,8117,1.2556454108085169,1558188959,3,47430,49,8093
0.9786288611345227,1554000699,10,47312,49,8128,1.1093810151145291,1562386724,8,47385,49,8112,1.157733707830871,1556094834,5,47381,49,8152,1.8300798962692921,1549801820,4,47179,49,8132,1.7130944606973622,1545605961,3,47105,49,8104
0.6775400804186783,1549806454,10,47184,49,8155,0.9038599594504537,155190142,10,47304,49,8115,1.7279876148118274,1545608787,5,47110,49,8182,1.2317794907851072,1558190505,4,47429,49,8110,1.2924657015540892,1558189275,3,47445,49,8112
0.5491282091199994,1547709991,11,47131,49,8145,1.4839058200052757,1566581903,9,47545,49,8123,0.9294694484713608,1551900815,5,47283,49,8099,1.5191981431562842,1562384515,4,47563,49,8141,1.2707393321727931,1558189004,3,47442,49,8115
0.5491282091199994,1547709991,11,47131,49,8145,1.4839058200052757,1566581903,9,47545,49,8123,0.9294694484713608,1551900815,5,47283,49,8099,1.5191981431562842,1562384515,4,47563,49,8141,1.2707393321727931,1558189004,3,47442,49,8115
1.5084911941870203,1560292442,10,47541,49,8115,1.3375429588616468,1558193506,9,47476,49,8055,1.4362819870324346,1560288924,5,47498,49,8070,1.056652604013297,1556092945,4,47362,49,8163,0.946193636857204,1551897853,3,47296,49,8109
1.5084911941870203,1560292442,10,47541,49,8115,1.3375429588616468,1558193506,9,47476,49,8055,1.4362819870324346,1560288924,5,47498,49,8070,1.056652604013297,1556092945,4,47362,49,8163,0.946193636857204,1551897853,3,47296,49,8109
1.6007970303147234,1562390390,11,47580,49,8102,1.685140943037936,1553999024,10,47124,49,8125,1.0419694999060918,1553997627,5,47332,49,8108,1.0485944440889179,1553996133,4,47361,49,8115,1.2385104458980942,1556091863,3,47422,49,8071
1.6007970303147234,1562390390,11,47580,49,8102,1.685140943037936,1553999024,10,47124,49,8125,1.0419694999060918,1553997627,5,47332,49,8108,1.0485944440889179,1553996133,4,47361,49,8115,1.2385104458980942,1556091863,3,47422,49,8071
1.3201069361935585,1558196379,12,47460,49,8127,1.2643113560253334,1564484723,9,47450,49,8142,1.4165966575241042,1558191849,4,47491,49,8050,0.9114106202769908,1553995414,4,47306,49,8043,1.250646928718511,1556092133,3,47431,49,8147
1.6743353695285965,1545612473,10,47100,49,8130,1.7157396235415452,1553999066,10,47128,49,8095,1.2149531301755567,1556095269,5,47404,49,8134,1.236673849685068,1558190583,4,47437,49,8149,1.8257971215591677,1547703819,3,47160,49,8066
1.6743353695285965,1545612473,10,47100,49,8130,1.7157396235415452,1553999066,10,47128,49,8095,1.2149531301755567,1556095269,5,47404,49,8134,1.236673849685068,1558190583,4,47437,49,8149,1.8257971215591677,1547703819,3,47160,49,8066
1.17456008816043,1556098111,10,47400,49,8134,0.5722766634999603,1553999140,9,47147,49,8056,1.3086861315301148,1558192161,5,47445,49,8065,0.8610262368052582,1551899257,4,47281,49,8098,1.5783564140040351,1545606801,3,47058,49,8078
1.17456008816043,1556098111,10,47400,49,8134,0.5722766634999603,1553999140,9,47147,49,8056,1.3086861315301148,1558192161,5,47445,49,8065,0.8610262368052582,1551899257,4,47281,49,8098,1.5783564140040351,1545606801,3,47058,49,8078
0.6884534436590197,1549807747,12,47190,49,8132,0.610115610561968,1553998921,9,47168,49,8064,1.428326062523451,1558190727,4,47496,49,8130,1.6555664537461072,1545607445,4,47107,49,8076,1.4127171708414623,1560286419,3,47499,49,8157
0.6884534436590197,1549807747,12,47190,49,8132,0.610115610561968,1553998921,9,47168,49,8064,1.428326062523451,1558190727,4,47496,49,8130,1.6555664537461072,1545607445,4,47107,49,8076,1.4127171708414623,1560286419,3,47499,49,8157
1.1200955079935806,1556098001,10,47374,49,8182,1.667903742524439,1553998691,10,47117,49,8111,1.298691046299669,1558191691,5,47439,49,8154,0.9008039683226869,1553995919,4,47299,49,8085,1.01085777956475,1553994543,3,47327,49,8153
1.1200955079935806,1556098001,10,47374,49,8182,1.667903742524439,1553998691,10,47117,49,8111,1.298691046299669,1558191691,5,47439,49,8154,0.9008039683226869,1553995919,4,47299,49,8085,1.01085777956475,1553994543,3,47327,49,8153
0.6510215848838218,1549806317,10,47173,49,8022,0.581353479988575,1553999236,9,47162,49,8143,0.5792193727237577,1547706549,5,47133,49,8116,1.8230422516977485,1547704629,4,47177,49,8125,0.9882150123793868,1553994705,3,47317,49,8132
0.6510215848838218,1549806317,10,47173,49,8022,0.581353479988575,1553999236,9,47162,49,8143,0.5792193727237577,1547706549,5,47133,49,8116,1.0090193165054404,1553995884,4,47350,49,8096,0.9882150123793868,1553994705,3,47317,49,8132
0.7969755276737641,1549806452,10,47238,49,8139,1.0125883617868947,1560291018,10,47342,49,8094,1.437098027645867,1560288267,4,47498,49,5,0.761783597506576,1551898274,3,47246,49,8106,1.6308845507862348,1545606827,3,47080,49,8120
0.7969755276737641,1549806452,10,47238,49,8139,1.0125883617868947,1560291018,10,47342,49,8094,1.437098027645867,1560288267,4,47498,49,5,0.761783597506576,1551898274,3,47246,49,8106,1.6308845507862348,1545606827,3,47080,49,8120
0.9480301715112663,1551904462,12,47301,49,8145,1.4204648088821754,1566582016,9,47519,49,8055,1.0960270000286174,1553998038,5,47354,49,8112,1.4980833021295163,1543509683,3,47051,49,8061,1.0950027669696878,1556092160,3,47366,49,8180
0.9480301715112663,1551904462,12,47301,49,8145,1.4204648088821754,1566582016,9,47519,49,8055,1.0960270000286174,1553998038,5,47354,49,8112,1.4980833021295163,1543509683,3,47051,49,8061,1.0950027669696878,1556092160,3,47366,49,8180
0.6836594478815613,1549807601,11,47189,49,8117,1.213413903183256,1556095620,10,47435,49,8053,1.5939653296817584,1545608575,4,47056,49,13,1.2799183302585635,1558189620,3,47462,49,8153,1.4230189762085212,1560286030,3,47502,49,8105
0.6836594478815613,1549807601,11,47189,49,8117,1.213413903183256,1556095620,10,47435,49,8053,1.5939653296817584,1545608575,4,47056,49,13,1.2799183302585635,1558189620,3,47462,49,8153,1.4230189762085212,1560286030,3,47502,49,8105
1.4575956143330693,1560292196,10,47521,49,8188,1.2508476382984344,1558192371,8,47444,49,8117,1.7270693407441366,1545608866,5,47111,49,8130,1.110403374848188,1556093394,4,47388,49,8116,1.7332872598796218,1547703845,3,47124,49,8107
0.6611189124780311,1549806163,10,47178,49,8152,0.9037577281139332,1551901648,10,47303,49,8141,1.583256450913315,1562385996,5,47561,49,8142,1.8146773773716143,1549801117,4,47179,49,8137,1.700140072655757,1545606236,3,47105,49,8066
0.6611189124780311,1549806163,10,47178,49,8152,0.9037577281139332,1551901648,10,47303,49,8141,1.583256450913315,1562385996,5,47561,49,8142,1.8146773773716143,1549801117,4,47179,49,8137,1.700140072655757,1545606236,3,47105,49,8066
1.3993575627522583,1558195819,12,47492,49,8106,0,1556096117,10,47429,49,8076,1.6473093805884307,1545609046,5,47080,49,8172,1.6837170204782295,1547704662,4,47119,49,8126,0.7000787902110412,1549800478,3,47198,49,8073
1.3993575627522583,1558195819,12,47492,49,8106,1.2066829880353447,1556096117,10,47429,49,8076,0,1545608758,5,47105,49,8120,1.6837170204782295,1547704662,4,47119,49,8126,0.7000787902110412,1549800478,3,47198,49,8073
1.1317226731349443,1556098387,10,47380,49,8143,1.4518795442101944,1560290396,9,47521,49,8067,1.656692904619839,1545609644,5,47084,49,8141,0.8934596131426868,1551898896,4,47299,49,8084,0.7994218076493806,1551897640,3,47242,49,8112
1.1317226731349443,1556098387,10,47380,49,8143,1.4518795442101944,1560290396,9,47521,49,8067,1.656692904619839,1545609644,5,47084,49,8141,0.8934596131426868,1551898896,4,47299,49,8084,0.7994218076493806,1551897640,3,47242,49,8112
0.8417517334933169,1551904770,12,47255,49,8127,0.7500523908015798,1556096375,10,47234,49,8114,1.092151271637143,1553997727,5,47355,49,8133,1.736142432211757,1547704880,4,47141,49,8156,1.5506129049701145,1545606376,3,47053,49,8096
0.8417517334933169,1551904770,12,47255,49,8127,0.7500523908015798,1556096375,10,47234,49,8114,1.092151271637143,1553997727,5,47355,49,8133,1.736142432211757,1547704880,4,47141,49,8156,1.4534131773541241,1560285960,3,47518,49,8146
1.6156883509152329,1562389341,10,47587,49,8166,1.6302692885421106,1545609853,8,47092,49,8108,1.4551512706446532,1560289344,5,47508,49,8094,1.2612535279023291,1558190724,4,47453,49,8066,0.9111076550426089,1551898128,3,47283,49,8155
1.6156883509152329,1562389341,10,47587,49,8166,1.6302692885421106,1545609853,8,47092,49,8108,1.4551512706446532,1560289344,5,47508,49,8094,1.2612535279023291,1558190724,4,47453,49,8066,0.9111076550426089,1551898128,3,47283,49,8155
1.4421949744333726,1560293432,12,47512,49,8084,0.8816261579328718,1551901625,9,47288,49,8088,0,1547705076,4,47121,49,8167,1.024421835118002,1553996286,4,47351,49,8110,0.7452639264417877,1549800789,3,47213,49,8127
0,1560293432,12,47512,49,8084,0.8816261579328718,1551901625,9,47288,49,8088,1.7467546574327515,1547705076,4,47121,49,8167,1.024421835118002,1553996286,4,47351,49,8110,0.7452639264417877,1549800789,3,47213,49,8127
0.8261466067316107,1551904828,12,47248,49,8078,0.6034869177608727,1547707665,10,47167,49,8076,1.6503690654320209,1545608665,4,47082,49,8136,1.0340098352476828,1553996122,4,47353,49,8119,1.138146891225866,1556092135,3,47385,49,8118
0.8261466067316107,1551904828,12,47248,49,8078,0.6034869177608727,1547707665,10,47167,49,8076,1.6503690654320209,1545608665,4,47082,49,8136,1.0340098352476828,1553996122,4,47353,49,8119,1.138146891225866,1556092135,3,47385,49,8118
1.5612233385294434,1560292807,11,47561,49,8139,1.1656821488659064,1562387118,8,47399,49,8036,0.7794352923870249,1549803723,5,47221,49,8089,1.0195237197736562,1556092925,4,47359,49,8119,1.5556113974201362,1545605969,3,47052,49,8119
1.5612233385294434,1560292807,11,47561,49,8139,1.1656821488659064,1562387118,8,47399,49,8036,0.7794352923870249,1549803723,5,47221,49,8089,1.0195237197736562,1556092925,4,47359,49,8119,1.5556113974201362,1545605969,3,47052,49,8119
0.9196751287940952,1551904507,11,47291,49,8144,0.7792216068245821,1549803537,9,47244,49,7989,0.6917194226278476,1549804001,6,47185,49,8128,1.1573209854299442,1556093637,4,47408,49,8112,0.9960686885078269,1553995239,3,47322,49,8096
0.9196751287940952,1551904507,11,47291,49,8144,0.7792216068245821,1549803537,9,47244,49,7989,0.6917194226278476,1549804001,6,47185,49,8128,1.1573209854299442,1556093637,4,47408,49,8112,0.9960686885078269,1553995239,3,47322,49,8096
1.0446183707246326,1553998952,6,47346,49,8088,1.210865432329868,1556096309,9,47420,49,8086,1.6034514455941515,1545608246,4,47062,49,8153,0.8543956848556847,1551898389,4,47282,49,8097,1.2609487236860675,1558189459,3,47437,49,8140
1.0446183707246326,1553998952,6,47346,49,8088,1.210865432329868,1556096309,9,47420,49,8086,1.6034514455941515,1545608246,4,47062,49,8153,0.8543956848556847,1551898389,4,47282,49,8097,1.2609487236860675,1558189459,3,47437,49,8140
1.713706011735245,1547710125,12,47114,49,8156,0.6023641739176062,1547707425,10,47170,49,8152,1.350911979633377,1558192460,5,47468,49,8148,1.5298066829702817,1545607620,4,47051,49,8131,0.7762697085588094,1549800985,3,47229,49,8152
1.713706011735245,1547710125,12,47114,49,8156,0.6023641739176062,1547707425,10,47170,49,8152,1.350911979633377,1558192460,5,47468,49,8148,1.5298066829702817,1545607620,4,47051,49,8131,0.7762697085588094,1549800985,3,47229,49,8152
1.0227916429513104,1554001325,11,47336,49,8160,1.3777277547514049,1558192636,9,47496,49,8030,1.586418363491573,1545609341,5,47055,49,8143,1.6344516752999259,1545607405,4,47105,49,8126,1.435359930892595,1560286815,3,47511,49,8150
1.0227916429513104,1554001325,11,47336,49,8160,1.3777277547514049,1558192636,9,47496,49,8030,1.586418363491573,1545609341,5,47055,49,8143,1.6344516752999259,1545607405,4,47105,49,8126,1.435359930892595,1560286815,3,47511,49,8150
0.9535379722992663,1551904113,11,47303,49,8083,1.2262660701744568,1556095710,9,47429,49,8023,0.9763870588137424,1553997493,5,47308,49,8118,1.005450316023445,1553995872,4,47344,49,8094,1.5188933492191845,1543509282,3,47036,49,8125
0.9535379722992663,1551904113,11,47303,49,8083,1.2262660701744568,1556095710,9,47429,49,8023,0.9763870588137424,1553997493,5,47308,49,8118,1.005450316023445,1553995872,4,47344,49,8094,1.5188933492191845,1543509282,3,47036,49,8125
1.4934976234248534,1560292845,11,47537,49,8149,0.7664735521592653,1549804362,10,47241,49,8073,0.8730660590105527,1551900614,5,47265,49,8175,1.6735174619173498,1547704162,4,47114,49,8077,1.0787860747040556,1553994879,3,47359,49,8098
1.2648263164037281,1558195956,12,47435,49,8075,0.9108976072695858,1558192406,9,47305,49,8121,1.1101022762611172,1553997648,5,47365,49,8124,1.1762925134384556,1556092315,3,47413,49,8104,1.2405514777776023,1556092330,3,47421,49,8099
1.2648263164037281,1558195956,12,47435,49,8075,0.9108976072695858,1558192406,9,47305,49,8121,1.1101022762611172,1553997648,5,47365,49,8124,1.1762925134384556,1556092315,3,47413,49,8104,1.2405514777776023,1556092330,3,47421,49,8099
0.6634647932704373,1549807424,12,47179,49,8037,1.7041124679086952,1553999050,9,47128,49,8151,1.0796058231590844,1553997063,4,47352,49,8146,0,1560287348,4,47535,49,8177,0.8067661570966556,1551897996,3,47242,49,8136
0.6634647932704373,1549807424,12,47179,49,8037,1.7041124679086952,1553999050,9,47128,49,8151,1.0796058231590844,1553997063,4,47352,49,8146,1.4567776547617877,1560287348,4,47535,49,8177,0.8067661570966556,1551897996,3,47242,49,8136
1.2530969124017999,1558195444,11,47430,49,8055,1.2254500295231503,1564484152,9,47437,49,8059,1.024120718284211,1553997882,5,47328,49,8101,1.7087056702128125,1547704365,4,47129,49,8069,1.680149886580447,1545606613,3,47095,49,8113
1.2530969124017999,1558195444,11,47430,49,8055,1.2254500295231503,1564484152,9,47437,49,8059,1.024120718284211,1553997882,5,47328,49,8101,1.7087056702128125,1547704365,4,47129,49,8069,1.680149886580447,1545606613,3,47095,49,8113
0.6595890699042288,1549807074,12,47177,49,8161,0.658665299147041,1556095905,10,47186,49,8063,0.9569062079017403,1551900197,5,47299,49,8187,0.8033997381759733,1551898828,4,47253,49,8068,1.2716576048682435,1558189074,3,47444,49,8140
0.6595890699042288,1549807074,12,47177,49,8161,0.658665299147041,1556095905,10,47186,49,8063,0.9569062079017403,1551900197,5,47299,49,8187,0.8033997381759733,1551898828,4,47253,49,8068,1.2716576048682435,1558189074,3,47444,49,8140
1.4334230083512587,1560292802,11,47510,49,8042,0.8957014393838587,1551900976,8,47294,49,8143,1.2680923439303258,1558191584,5,47432,49,8145,1.106425416988166,1556093663,4,47386,49,8111,0.8253287302705812,1551897591,3,47252,49,8182
1.4334230083512587,1560292802,11,47510,49,8042,0.8957014393838587,1551900976,8,47294,49,8143,1.2680923439303258,1558191584,5,47432,49,8145,1.106425416988166,1556093663,4,47386,49,8111,0.8253287302705812,1551897591,3,47252,49,8182
0.8192111950964842,1551904861,12,47246,49,8114,1.2600266756605107,1564484845,9,47450,49,8114,1.1836406312544365,1556094698,4,47394,49,8109,1.371307327836296,1560287813,4,47493,49,8110,0.6399037613839432,1547703430,3,47166,49,8117
0.8192111950964842,1551904861,12,47246,49,8114,1.2600266756605107,1564484845,9,47450,49,8114,1.1836406312544365,1556094698,4,47394,49,8109,1.371307327836296,1560287813,4,47493,49,8110,0.6399037613839432,1547703430,3,47166,49,8117
0.9713867371509317,1554001471,11,47314,49,8077,1.2254500295231503,1564484254,10,47437,49,8155,0.8707201820482312,1551900856,5,47262,49,8073,1.3773244472230837,1560287827,4,47497,49,8088,1.1384517336094113,1556092118,3,47390,49,8144
0.9713867371509317,1554001471,11,47314,49,8077,1.2254500295231503,1564484254,10,47437,49,8155,0.8707201820482312,1551900856,5,47262,49,8073,1.3773244472230837,1560287827,4,47497,49,8088,1.1384517336094113,1556092118,3,47390,49,8144
1.5581636547584499,1562389561,11,47561,49,8115,0,1547707036,9,47175,49,8066,0.7863707011038359,1549803469,5,47225,49,8155,1.646283317735987,1547704622,4,47108,49,8052,0.8036060819173534,1549800377,3,47233,49,8088
1.5581636547584499,1562389561,11,47561,49,8115,0.6255162690792948,1547707036,9,47175,49,8066,0.7863707011038359,1549803469,5,47225,49,8155,1.646283317735987,1547704622,4,47108,49,8052,0.8036060819173534,1549800377,3,47233,49,8088
0.5573889869108176,1547710272,12,47141,49,8158,1.5045075269804404,1560289830,9,47557,49,8139,1.5901918455778037,1562385680,4,47568,49,8159,1.5485737305064329,1545607159,4,47058,49,8062,1.2188269892349928,1556092202,3,47410,49,8106
0.839915178979718,1551904640,12,47259,49,8119,1.671065669374728,1551900785,9,47116,49,8098,1.2548331017872791,1556094680,5,47424,49,8191,1.5179750390458002,1560287282,4,47558,49,8067,1.711666847418892,1545606303,3,47106,49,8086
0.839915178979718,1551904640,12,47259,49,8119,1.671065669374728,1551900785,9,47116,49,8098,1.2548331017872791,1556094680,5,47424,49,8191,1.5179750390458002,1560287282,4,47558,49,8067,1.711666847418892,1545606303,3,47106,49,8086
1.4593299336729217,1560293232,11,47522,49,8125,0.8863179184165342,1551901904,10,47290,49,8118,1.4596385503564082,1560289073,4,47512,49,8098,1.8379335805131478,1549801867,4,47181,49,8135,1.270230005523579,1558189441,3,47442,49,8115
1.4593299336729217,1560293232,11,47522,49,8125,0.8863179184165342,1551901904,10,47290,49,8118,1.4596385503564082,1560289073,4,47512,49,8098,1.8379335805131478,1549801867,4,47181,49,8135,1.270230005523579,1558189441,3,47442,49,8115
0.9187568475739766,1551904389,11,47294,49,8133,1.3221423297138253,1564484572,8,47465,49,8066,1.3408146593149144,1558192259,5,47461,49,8146,0.9618991060193032,1553996296,4,47322,49,8104,0.9119236941139662,1551897646,3,47283,49,8103
0.9187568475739766,1551904389,11,47294,49,8133,1.3221423297138253,1564484572,8,47465,49,8066,1.3408146593149144,1558192259,5,47461,49,8146,1.7273704799823977,1547704645,4,47137,49,8113,0.9119236941139662,1551897646,3,47283,49,8103
0.5934954688646864,1547710511,12,47155,49,8173,1.501550090871791,1560290499,10,47555,49,8065,1.255444663409577,1556094940,5,47426,49,8132,1.3482536983239226,1560287280,3,47494,49,8093,0.6933478471500403,1549800925,3,47194,49,8148
0.5934954688646864,1547710511,12,47155,49,8173,0,1560290499,,47555,49,8065,1.255444663409577,1556094940,5,47426,49,8132,1.3482536983239226,1560287280,3,47494,49,8093,0.6933478471500403,1549800925,3,47194,49,8148
0.6085912586306401,1547710114,12,47159,49,8139,1.03931132786158,1553998420,8,47343,49,8077,0.9754687871720348,1553997303,5,47307,49,8147,0.9461917436529229,1553996393,4,47316,49,8093,0.9212049804862008,1551897646,3,47288,49,8113
0.6085912586306401,147710114,12,47159,,8139,1.03931132786158,1553998420,8,47343,49,8077,0.9754687871720348,1553997303,5,47307,49,8147,0.9461917436529229,1553996393,4,47316,49,8093,0.9212049804862008,1551897646,3,47288,49,8113
0.5376032635284859,1547710173,11,47127,49,8162,1.6556650192021367,1551902032,9,47100,49,8064,1.5158374526236584,1560289298,5,47537,49,8091,1.0059596417476908,1553996206,4,47346,49,8101,1.0808271077201421,1553995070,3,47355,49,8064
0.5376032635284859,1547710173,11,47127,49,8162,1.6556650192021367,1551902032,9,47100,49,8064,1.5158374526236584,1560289298,5,47537,49,8091,1.0059596417476908,1553996206,4,47346,49,8101,1.0808271077201421,1553995070,3,47355,49,8064
1.3222483273984869,1558193433,6,47466,49,8123,1.2563554360928266,1564484939,10,47447,49,8054,1.6958590781826364,1545608823,5,47100,49,8104,1.6460788429881725,1547704446,4,47110,49,8038,1.239938038315323,1558189038,3,47427,49,8135
0.6900855155535535,1549807649,12,47192,49,8102,1.6169078055483235,1551902472,10,47088,49,8170,1.6183427700226345,1545609189,5,47068,49,8130,0.7970759017858738,1551898517,4,47250,49,8100,0.9450708786333535,1553994699,3,47302,49,8134
0,1556098533,12,47428,49,8065,0.657033218175403,155609507,8,47187,49,8076,1.557349511579633,1560288691,5,47554,49,8118,1.1279454238662157,1556093663,4,47398,49,8139,0.6409224373216755,1547703086,3,47171,49,8052
1.5696885724184424,1562390207,11,47568,49,8095,1.6162962400170549,1551902096,10,47086,49,8109,1.2775781112445235,1556093682,4,47433,49,8134,1.0869445753981906,1556093325,4,47376,49,8078,1.1428386552044818,1556092086,3,47386,49,8053
1.5696885724184424,1562390207,11,47568,49,8095,1.6162962400170549,1551902096,10,47086,49,8109,1.2775781112445235,1556093682,4,47433,49,8134,1.0869445753981906,1556093325,4,47376,49,8078,1.1428386552044818,1556092086,3,47386,49,8053
0.9325272771638508,1551904644,12,47295,49,8146,0.602771266868567,1547707279,10,47175,49,8086,1.2775781112445235,1558191571,5,47433,49,8153,1.4113898866473062,1560287480,4,47515,49,8101,0.7927912634179481,1551898461,4,47242,49,8124
1.4675906879246576,1560292814,11,47529,49,8105,0.8914186273453093,1558193660,10,47289,49,8132,1.2846157543638217,1558190469,4,47436,49,8175,1.7615381723125645,1547704891,4,47154,49,8103,1.702077006313986,1547703600,3,47111,49,8112
0.8065635168196159,1551900667,5,47242,49,8057,1.1813895080065824,1556095685,8,47406,49,8055,1.3275554135253078,1558192127,5,47455,49,8100,0.8988651816766285,1551898853,4,47300,49,8125,1.3972142861754606,1558189029,3,47492,49,8117
0.8065635168196159,1551900667,5,47242,49,8057,1.1813895080065824,1556095685,8,47406,49,8055,1.3275554135253078,1558192127,5,47455,49,8100,0.8988651816766285,1551898853,4,47300,49,8125,1.3972142861754606,1558189029,3,47492,49,8117
1.372532345830068,1558194994,10,47485,49,8074,1.5139932887914977,1566581340,8,47553,49,8028,1.4316924600874055,1558191185,5,47498,49,8158,1.2537084603921782,1558189716,3,47437,49,8079,1.1043862865007317,1556092218,3,47371,49,8095
0.6681565500676437,1549807479,11,47183,49,8101,0.6115432201908638,1547707600,10,47169,49,8057,1.523691136581202,1560288820,4,47540,49,8127,1.5893706223214201,1545607587,4,47082,49,8114,0.8542953393306232,1551898086,3,47263,49,8086
1.1614030781042066,1556098741,11,47395,49,8070,0.9079401612141615,1551901438,9,47303,49,8080,1.5809105640965047,1545608790,5,47051,49,8112,0.7782084692697457,1549801277,4,47235,49,8084,1.8134561480725873,1547703511,3,47155,49,8051
1.1614030781042066,1556098741,11,47395,49,8070,0.9079401612141615,1551901438,9,47303,49,8080,1.5809105640965047,1545608790,5,47051,49,8112,0.7782084692697457,1549801277,4,47235,49,8084,1.8134561480725873,1547703511,3,47155,49,8051
1.602531337745577,1562390476,11,47581,49,8068,1.1655799046320168,1562387781,9,47409,49,8099,1.623034522128029,1545609420,5,47075,49,8130,1.1197887789498715,1556093198,4,47382,49,8066,1.4622873885252456,1560286715,3,47518,49,8080
1.3583548225154976,1558196097,12,47479,49,8142,1.6589291761887681,1545610392,10,47108,49,8064,1.1546740095214874,1556094534,5,47387,49,8130,0.6678480021972403,1549801483,3,47196,49,8117,1.6530179841782107,1545606577,3,47088,49,8119
1.3583548225154976,1558196097,12,47479,49,8142,1.6589291761887681,1545610392,10,47108,49,8064,1.1546740095214874,1556094534,5,47387,49,8130,0.6678480021972403,1549801483,3,47196,49,8117,1.6530179841782107,1545606577,3,47088,49,8119
0.7373079979069701,1549807064,11,47216,49,8087,1.315818484007971,1558192651,8,47472,49,8086,1.4472975773797303,1560289104,5,47510,49,8163,1.391093006043549,1560287361,4,47505,49,8107,1.6743353819763298,1545606427,3,47095,49,8121
0.7601552367297589,1549804911,7,47224,49,8153,0.7254726898573349,1549804597,9,47212,49,8069,1.2014893907256594,1556094744,5,47408,49,8099,1.3550887572845653,1558190380,4,47490,49,8089,0.9771994083332425,1553994916,3,47314,49,8130
0.7601552367297589,1549804911,7,47224,49,8153,0.7254726898573349,1549804597,9,47212,49,8069,1.2014893907256594,1556094744,5,47408,49,8099,1.3550887572845653,1558190380,4,47490,49,8089,0.9771994083332425,1553994916,3,47314,49,8130
1.1443703533199276,1556097451,9,47385,49,8158,0.8012546614376087,1558193317,10,47253,49,8132,1.244429049115223,1556094339,4,47427,49,8139,1.6397568642664,1545607401,4,47099,49,8078,0.6854941694968507,1549800964,4,47190,49,8140
1.1443703533199276,1556097451,9,47385,49,8158,0.8012546614376087,1558193317,10,47253,49,8132,1.244429049115223,1556094339,4,47427,49,8139,1.6397568642664,1545607401,4,47099,49,8078,0.6854941694968507,1549800964,4,47190,49,8140
0.8385898114525835,1551903596,10,47255,49,8135,1.1672119853871654,1562387910,9,47401,49,8128,0.7136483800459346,1549803371,5,47199,49,8153,1.1649701952889033,1556093448,4,47410,49,8062,0.8881581801960707,1551898117,3,47275,49,8107
0.5298518182635723,1547710276,11,47122,49,8103,1.6301670482411665,1545609906,8,47086,49,8076,1.3924240319283325,1558192275,5,47488,49,8132,0.7215987828317956,1549801994,4,47221,49,8078,1.0899039180496537,1553994729,3,47361,49,8175
0.5298518182635723,1547710276,11,47122,49,8103,1.6301670482411665,1545609906,8,47086,49,8076,1.3924240319283325,1558192275,5,47488,49,8132,0.7215987828317956,1549801994,4,47221,49,8078,1.0899039180496537,1553994729,3,47361,49,8175
1.431281609033754,1560293319,12,47508,49,8120,0.6780457489317053,1549804349,9,47198,49,8104,1.201591629678461,1556095295,5,47407,49,8160,1.4305640018650745,1560287876,4,47526,49,5,1.2513607229728683,1558188768,3,47434,49,8168
1.431281609033754,1560293319,12,47508,49,8120,0.6780457489317053,1549804349,9,47198,49,8104,1.201591629678461,1556095295,5,47407,49,8160,1.4305640018650745,1560287876,4,47526,49,5,1.2513607229728683,1558188768,3,47434,49,8168
0.5866622962129591,1547709987,11,47149,49,8,0.7565806959276417,1549804725,10,47236,49,8105,1.2256620013716075,1556094923,5,47419,49,8133,1.071646172116291,1556093021,4,47365,49,8133,0.9334437152266554,1551897221,3,47295,49,8063
0.5866622962129591,1547709987,11,47149,49,8,0.7565806959276417,1549804725,10,47236,49,8105,1.2256620013716075,1556094923,5,47419,49,8133,1.071646172116291,1556093021,4,47365,49,8133,0.9334437152266554,1551897221,3,47295,49,8063
1.4523945360217825,1560292676,10,47517,49,8085,1.1546665402125054,1562387876,9,47397,49,8079,0.7971818228674902,1549803910,6,47236,49,8113,1.8253881406689587,1549801877,4,47175,49,8115,1.1015310827184783,1556091849,3,47367,49,8124
1.4523945360217825,1560292676,10,47517,49,8085,0,1564484608,8,47471,49,8080,0.7971818228674902,1549803910,6,47236,49,8113,1.8253881406689587,1549801877,4,47175,49,8115,1.1015310827184783,1556091849,3,47367,49,8124
1.0809293360892598,1554000545,10,47358,49,8148,1.5574447558608682,1568679026,10,47576,49,8130,1.5917220266708825,1545608820,5,47064,49,8135,1.382627767471093,1560287524,4,47500,49,8154,1.3911952746480398,1558188781,3,47495,49,8145
1.0809293360892598,1554000545,10,47358,49,8148,1.5574447558608682,1568679026,10,47576,49,8130,1.5917220266708825,1545608820,5,47064,49,8135,14.412229975054778,1560287524,4,47500,49,8154,1.3911952746480398,1558188781,3,47495,49,8145
0.5645288675498181,1547707456,6,47141,49,8131,0.9418029975621202,1560289880,10,47308,49,8092,1.2955291059748077,1558191915,5,47448,49,8169,1.064811137787316,1553996156,4,47367,49,8117,1.5382719512012777,1545606199,3,47045,49,8111
0.7640309620567993,1549807116,11,47225,49,8126,1.3677326724788237,1564484668,10,47492,49,8036,1.4454610090307776,1560288542,4,47514,49,8146,1.3390765642896114,1558190242,4,47478,49,8093,1.0673633891860907,1553995317,3,47350,49,8137
0.7640309620567993,1549807116,11,47225,49,8126,1.3677326724788237,1564484668,10,47492,49,8036,1.4454610090307776,1560288542,4,47514,49,8146,1.3390765642896114,1558190242,4,47478,49,8093,1.0673633891860907,1553995317,3,47350,49,8137
1.4592276963655457,1560293082,11,47521,49,8136,0.6517298872435101,1556095688,9,47184,49,8090,1.0899076147696525,1553997672,5,47360,49,8176,0.7536250737668346,1549801199,4,47234,49,8116,1.0391105828045326,1553994941,3,47339,49,8127
1.4592276963655457,1560293082,11,47521,49,8136,0.6517298872435101,1556095688,9,47184,49,8090,1.0899076147696525,1553997672,5,47360,49,8176,0.7536250737668346,1549801199,4,47234,49,8116,1.0391105828045326,1553994941,3,47339,49,8127
1.5909041711615097,1562390171,11,47574,49,8097,0.8709172649306636,1558193512,9,47283,49,8143,1.5667330217269706,1545609058,5,47053,49,8150,0.8447073214285293,1551898649,4,47269,49,8070,1.6808636922274651,1545605876,3,47095,49,8090
1.5909041711615097,1562390171,11,47574,49,8097,0.8709172649306636,1558193512,9,47283,49,8143,1.5667330217269706,1545609058,5,47053,49,8150,0.8447073214285293,1551898649,4,47269,49,8070,1.6808636922274651,1545605876,3,47095,49,8090
0.533829776946464,1547710427,12,47122,49,8050,1.1758817036299256,1556095515,8,47413,49,8132,1.7141167805241866,1545608551,5,47112,49,8150,0.9738329908259389,1553996289,4,47323,49,8117,1.0807248720239002,1553994716,3,47355,49,8157
0.533829776946464,1547710427,12,47122,49,8050,1.1758817036299256,1556095515,8,47413,49,8132,1.7141167805241866,1545608551,5,47112,49,8150,0.9738329908259389,1553996289,4,47323,49,8117,1.0807248720239002,1553994716,3,47355,49,8157
0.6508171172347165,1547709195,10,47175,49,8078,1.5186850455567849,1560289522,8,47556,49,8041,1.7264577536879022,1547706254,5,47119,49,8117,0.9431320674359767,1553996178,4,47312,49,8096,1.592227712877978,1545606663,3,47068,49,8130
0.6508171172347165,1547709195,10,47175,49,8078,1.5186850455567849,1560289522,8,47556,49,8041,1.7264577536879022,1547706254,5,47119,49,8117,0.9431320674359767,1553996178,4,47312,49,8096,1.592227712877978,1545606663,3,47068,49,8130
0.7623988847369944,1549807130,11,47225,49,8157,0.7193533172669827,1556096304,9,47218,49,8050,1.7176857970836126,1547705920,5,47117,49,8113,0.7972785270417294,1551898320,4,47254,49,8101,0.8918294292003933,1551898184,3,47279,49,8107
0.5367872304804967,1547709871,11,47125,49,8091,0.6248024552527003,1553997785,8,47177,49,8086,1.4119048757355943,1560288894,5,47499,49,8174,0.7286364272996025,1549801944,4,47223,49,8124,0.8985622148443153,1551898220,3,47277,49,8138
0.5367872304804967,1547709871,11,47125,49,8091,0.6248024552527003,1553997785,8,47177,49,8086,1.4119048757355943,1560288894,5,47499,49,8174,0.7286364272996025,1549801944,4,47223,49,8124,0.8985622148443153,1551898220,3,47277,49,8138
0.7358803934096934,1549807399,11,47213,49,8153,0.6548918026877901,1556095530,9,47186,49,8038,1.709220547502902,1547705948,5,47112,49,8125,1.1609922371898422,1556093218,4,47408,49,8073,1.2502398440671214,1558188923,3,47429,49,8096
0.7358803934096934,1549807399,11,47213,49,8153,0,1551901772,9,47295,49,8182,1.709220547502902,1547705948,5,47112,49,8125,1.1609922371898422,1556093218,4,47408,49,8073,1.2502398440671214,1558188923,3,47429,49,8096
1.2695180922715665,1556098660,12,47431,49,8124,1.199136020643831,1556096135,10,47426,49,8127,1.0943948851427965,1556094058,4,47372,49,8127,0.8168634638054298,1551899202,4,47254,49,8112,0.8307342969998255,1551898114,3,47254,49,8178
1.2695180922715665,1556098660,12,47431,49,8124,1.199136020643831,1556096135,10,47426,49,8127,1.0943948851427965,1556094058,4,47372,49,8127,0.8168634638054298,1551899202,4,47254,49,8112,0.8307342969998255,1551898114,3,47254,49,8178
1.4344435475653643,1560293219,12,47502,49,8137,0,1562387372,9,47402,49,8086,1.3941583351883153,1560288266,4,47497,49,8093,1.6804528898435502,1547704033,4,47110,49,8125,1.4074138496737154,1558188924,3,47496,49,8111
1.4344435475653643,1560293219,12,47502,49,8137,1.1673142194380188,1562387372,9,47402,49,8086,1.3941583351883153,1560288266,4,47497,49,8093,1.6804528898435502,1547704033,4,47110,49,8125,1.4074138496737154,1558188924,3,47496,49,8111
1.2774740146705883,1558195852,11,47433,49,8028,0,1564484315,9,47492,49,8109,1.2315787416297768,1556094238,4,47427,49,8102,0.725781229859241,1549801376,4,47214,49,8145,1.3991512077956578,1560285776,3,47494,49,8149
1.2774740146705883,1558195852,11,47433,49,8028,1.3466197472542338,1564484315,9,47492,49,8109,1.2315787416297768,1556094238,4,47427,49,8102,0.725781229859241,1549801376,4,47214,49,8145,1.3991512077956578,1560285776,3,47494,49,8149
1.0393150610800794,1554001667,11,47336,49,8128,0,1560289623,8,47559,49,8066,1.015348733361569,1553997849,5,47339,49,8100,0.9385425583911446,1553996161,4,47304,49,8098,1.4024153710987914,1558189395,3,47494,49,8098
1.0393150610800794,1554001667,11,47336,49,8128,1.4988974691377486,1560289623,8,47559,49,8066,1.015348733361569,1553997849,5,47339,49,8100,0.9385425583911446,1553996161,4,47304,49,8098,1.4024153710987914,1558189395,3,47494,49,8098
1.6226237729454507,1562390204,11,47585,49,8142,0.9339493136836251,1560290078,9,47314,49,8101,1.6715842001042214,1545609222,5,47105,49,8147,0.7304729909652926,1549801564,4,47216,49,8110,0.9502738351143121,1551897860,3,47295,49,8169
1.6226237729454507,1562390204,11,47585,49,8142,0.9339493136836251,1560290078,9,47314,49,8101,1.6715842001042214,1545609222,5,47105,49,8147,0.7304729909652926,1549801564,4,47216,49,8110,0.9502738351143121,1551897860,3,47295,49,8169
0.6792744024333112,1549803345,5,47178,49,8118,1.3307097998940005,1558192929,8,47480,49,8080,0.7817811446931766,1549802425,4,47237,49,8178,1.3928273478491393,1560287341,4,47498,49,8105,1.2688024168143306,1558189417,3,47436,49,8111
0.6792744024333112,1549803345,5,47178,49,8118,1.3307097998940005,1558192929,8,47480,49,8080,0.7817811446931766,1549802425,4,47237,49,8178,1.3928273478491393,1560287341,4,47498,49,8105,1.2688024168143306,1558189417,3,47436,49,8111
1.6048772355020136,1562390413,11,47575,49,8100,1.6570926152853438,1545609972,9,47112,49,8130,1.5544942882526223,1562386261,5,47565,49,8069,1.5725423855052776,1545607565,4,47064,49,8126,1.0892923628799767,1553994801,3,47356,49,8102
1.3914016528141884,1558194949,10,47484,49,8146,0.6085857689256056,1547707219,10,47175,49,8125,1.1109182905593715,1556094883,5,47378,49,8155,1.7137023073832236,1547704729,4,47128,49,8098,0.8267563470164675,1551897857,3,47250,49,8108
1.3914016528141884,1558194949,10,47484,49,8146,0.6085857689256056,1547707219,10,47175,49,8125,1.1109182905593715,1556094883,5,47378,49,8155,1.7137023073832236,1547704729,4,47128,49,8098,0.8267563470164675,1551897857,3,47250,49,8108
1.7450185153712023,1547709693,11,47121,49,8085,1.0127928398044728,1560290806,10,47340,49,8147,1.2891030074696659,1558192218,5,47455,49,8115,1.111831002080297,1556093381,4,47381,49,8107,1.025340156487453,1553995331,3,47335,49,8072
1.7450185153712023,1547709693,11,47121,49,8085,1.0127928398044728,1560290806,10,47340,49,8147,1.2891030074696659,1558192218,5,47455,49,8115,1.111831002080297,1556093381,4,47381,49,8107,1.025340156487453,1553995331,3,47335,49,8072
1.5705046330621282,1562389319,10,47560,49,8152,1.1541572218511995,1562387753,9,47394,49,8060,1.1016370047758137,1556094191,4,47373,49,8120,1.2126016227617094,1558189908,4,47425,49,8052,1.755522940031895,1547702982,3,47128,49,8162
1.5705046330621282,1562389319,10,47560,49,8152,1.1541572218511995,1562387753,9,47394,49,8060,1.1016370047758137,1556094191,4,47373,49,8120,1.2126016227617094,1558189908,4,47425,49,8052,1.755522940031895,1547702982,3,47128,49,8162
1.0658335455402879,1553999197,6,47350,49,8138,0.8084967731113438,1551898743,4,47255,49,8131,1.4680015194333385,1560289342,5,47533,49,8175,1.3554958470210945,1558190093,4,47488,49,8092,0.9102916260515911,1551897926,3,47279,49,8138
1.0658335455402879,1553999197,6,47350,49,8138,0.8084967731113438,1551898743,4,47255,49,8131,1.4680015194333385,1560289342,5,47533,49,8175,1.3554958470210945,1558190093,4,47488,49,8092,0.9102916260515911,1551897926,3,47279,49,8138
1.041456460868003,1553998841,6,47341,49,8110,0.6516276514077024,1556095044,8,47185,49,8073,1.248204388120926,1558191725,5,47432,49,8153,1.318575210566641,1558190840,4,47466,49,8047,1.5618349131586884,1543508565,3,47043,49,8154
1.041456460868003,1553998841,6,47341,49,8110,0,1549804288,10,47239,49,8130,1.248204388120926,1558191725,5,47432,49,8153,1.318575210566641,1558190840,4,47466,49,8047,1.5618349131586884,1543508565,3,47043,49,8154
1.3629443554005602,1558195914,11,47477,49,8140,1.0006544819693226,1560290666,9,47331,49,8044,1.339182548908628,1558192637,5,47476,49,8159,1.647712798814443,1545607413,4,47095,49,8089,1.4040474554459856,1558189346,3,47493,49,1
1.3629443554005602,1558195914,11,47477,49,8140,1.0006544819693226,1560290666,9,47331,49,8044,1.339182548908628,1558192637,5,47476,49,8159,1.647712798814443,1545607413,4,47095,49,8089,1.4040474554459856,1558189346,3,47493,49,1
1.5925358397971994,1562389469,10,47570,49,8084,1.3912937178061267,1566581124,9,47509,49,8045,1.438525591841994,1560289651,5,47518,49,8158,0.793097963114103,1551898776,4,47242,49,8106,1.1053045763142897,1553994810,3,47366,49,8108
1.5925358397971994,1562389469,10,47570,49,8084,1.3912937178061267,1566581124,9,47509,49,8045,1.438525591841994,1560289651,5,47518,49,8158,0.793097963114103,1551898776,4,47242,49,8106,1.1053045763142897,1553994810,3,47366,49,8108
1.2547290022436128,1556099020,12,47426,49,8052,1.5707039986838085,1568678545,8,47582,49,8072,0.6784601452990201,1549803338,5,47194,49,8136,1.7019729051766221,1547704584,3,47123,49,8150,1.2803292233841757,1556092142,3,47434,49,8099
1.2547290022436128,1556099020,12,47426,49,8052,1.5707039986838085,1568678545,8,47582,49,8072,0.6784601452990201,1549803338,5,47194,49,8136,1.7019729051766221,1547704584,3,47123,49,8150,1.2803292233841757,1556092142,3,47434,49,8099
1.2751281292102659,1558195411,11,47434,49,8170,0.888459315063517,1558193231,9,47295,49,8143,0.5440311226086286,1547706532,5,47136,49,8188,1.7170705578129595,1547704018,4,47119,49,8099,1.7094213672197927,1545606330,3,47107,49,8106
0.5579001671873661,1547710596,12,47130,49,8069,1.4871699858216403,1560290685,9,47545,49,8095,1.5417443561873356,1562385967,5,47562,49,8136,0.7775950737805473,1549801348,4,47234,49,8129,1.2331048893640129,1556092264,3,47417,49,8159
0.5579001671873661,1547710596,12,47130,49,8069,1.4871699858216403,1560290685,9,47545,49,8095,1.5417443561873356,1562385967,5,47562,49,8136,0.7775950737805473,1549801348,4,47234,49,8129,1.2331048893640129,1556092264,3,47417,49,8159
0.5858462706242659,1547707814,6,47144,49,8057,0.6008343392440892,1553998312,8,47167,49,8125,1.3910986545042519,1558191503,5,47495,49,8110,1.7371611117964272,1547704854,4,47138,49,8085,1.4228163920928802,1558188808,3,47493,49,8135
0.5858462706242659,1547707814,6,47144,49,8057,0.6008343392440892,1553998312,8,47167,49,8125,1.3910986545042519,1558191503,5,47495,49,8110,1.7371611117964272,1547704854,4,47138,49,8085,1.4228163920928802,1558188808,3,47493,49,8135
1.6094667572331751,1562390283,11,47580,49,8124,1.2317738783735745,1564484296,10,47437,49,8105,0.6432719301812899,1549803109,5,47179,49,8119,0.9839303287249204,1553996128,4,47323,49,8144,1.131211502036675,1556091985,3,47376,49,8158
1.6094667572331751,1562390283,11,47580,49,8124,1.2317738783735745,1564484296,10,47437,49,8105,0.6432719301812899,1549803109,5,47179,49,8119,0.9839303287249204,1553996128,4,47323,49,8144,1.131211502036675,1556091985,3,47376,49,8158
0.6203206771789124,1547710245,12,47158,49,8105,1.1951580768617651,1556096227,10,47420,49,8083,0.9273280050990875,1551899905,4,47298,49,8144,1.8398705273829217,1547704238,4,47179,49,8147,1.2388171701465858,1556092367,3,47417,49,8067
1.4991076813586253,1560293364,12,47533,49,8102,0.8725493570518635,1551902039,9,47279,49,8086,1.3822244476536254,1558192074,5,47494,49,8086,1.3723259794930747,1560287603,4,47491,49,8137,0.682332261322473,1549800603,3,47185,49,8108
1.4991076813586253,1560293364,12,47533,49,8102,0.8725493570518635,1551902039,9,47279,49,8086,1.3822244476536254,1558192074,5,47494,49,8086,1.3723259794930747,1560287603,4,47491,49,8137,0.682332261322473,1549800603,3,47185,49,8108
1.2293313975728999,1556098346,11,47418,49,8098,1.7145165111028018,1547706983,9,47128,49,8058,0.5980886192646405,1547706209,5,47158,49,8139,1.7852033321388512,1547704639,4,47148,49,8130,1.4067000609164182,1558188963,3,47491,49,8093
1.2293313975728999,1556098346,11,47418,49,8098,1.7145165111028018,1547706983,9,47128,49,8058,0.5980886192646405,1547706209,5,47158,49,8139,1.7852033321388512,1547704639,4,47148,49,8130,1.4067000609164182,1558188963,3,47491,49,8093
0.632152316881582,1547710260,12,47161,49,8121,0.8380749542960207,1558192431,8,47265,49,8083,0.6981454659360495,1549802937,5,47201,49,8100,1.7215578431506635,1547704681,4,47124,49,8036,1.713499699723959,1547703745,3,47119,49,8059
0.632152316881582,1547710260,12,47161,49,8121,0.8380749542960207,1558192431,8,47265,49,8083,0.6981454659360495,1549802937,5,47201,49,8100,1.7215578431506635,1547704681,4,47124,49,8036,1.713499699723959,1547703745,3,47119,49,8059
1.410984737311333,1558194715,9,47493,49,8103,1.6333289777818636,1551902080,9,47084,49,8088,1.0436015429250916,1553997539,5,47350,49,8111,0.8213507634570527,1551899104,4,47254,49,8100,1.2521767633521559,1558189303,4,47434,49,8150
0.9315067816734455,1551904433,12,47290,49,8092,0.6130730727152145,1547706462,8,47175,49,8067,1.0186128914370791,1553998582,6,47339,49,8114,1.8591487608690933,1549801671,4,47183,49,8092,1.7050363034145049,1545606295,3,47106,49,8135
0.9315067816734455,1551904433,12,47290,49,8092,0.6130730727152145,1547706462,8,47175,49,8067,1.0186128914370791,1553998582,6,47339,49,8114,1.8591487608690933,1549801671,4,47183,49,8092,1.7050363034145049,1545606295,3,47106,49,8135
1.2183157944135117,1556098507,10,47414,49,8090,1.5926329738033234,1562387203,9,47587,49,8048,0.7394530515030858,1549803004,4,47220,49,8099,1.2157635406303087,1558190084,4,47427,49,8097,1.789283538458523,1547703893,4,47144,49,8140
1.6477146550678492,1562390332,12,47596,49,8118,0.7867704419590219,1558192755,9,47248,49,8010,0.6941675081323008,1549803495,5,47200,49,8160,0.9237534702251846,1551899038,4,47298,49,8134,1.0841935066632553,1553994645,3,47353,49,8099
1.6477146550678492,1562390332,12,47596,49,8118,0.7867704419590219,1558192755,9,47248,49,8010,0.6941675081323008,1549803495,5,47200,49,8160,0.9237534702251846,1551899038,4,47298,49,8134,1.0841935066632553,1553994645,3,47353,49,8099
1.338160192346159,1558195865,11,47463,49,8099,1.4713603840308005,1566582238,10,47538,49,8074,1.2320880631513096,1556093713,4,47430,49,8188,0.9374198028385404,1553995980,4,47308,49,8158,0.6571391331235537,1549800644,4,47180,49,8074
1.338160192346159,1558195865,11,47463,49,8099,1.4713603840308005,1566582238,10,47538,49,8074,1.2320880631513096,1556093713,4,47430,49,8188,0.9374198028385404,1553995980,4,47308,49,8158,0.6571391331235537,1549800644,4,47180,49,8074
0.6092028471848729,1547710327,12,47154,49,8102,1.5794759605189599,1568678978,9,47574,49,8057,0.7909601984333519,1551900103,5,47243,49,8123,1.665968656299889,1547704492,4,47109,49,8080,1.0965344740158003,1553995096,4,47360,49,8097
0.6092028471848729,1547710327,12,47154,49,8102,1.5794759605189599,1568678978,9,47574,49,8057,0.7909601984333519,1551900103,5,47243,49,8123,1.665968656299889,1547704492,4,47109,49,8080,1.0965344740158003,1553995096,4,47360,49,8097
0.8167630954192903,1549807052,12,47239,49,8071,1.2835877200739942,1558193017,9,47451,49,8037,1.6488391933379274,1545608947,5,47096,49,8068,0.8368536520343027,1551898067,3,47262,49,8122,1.1522221776719246,1556092450,3,47390,49,8166
0.8167630954192903,1549807052,12,47239,49,8071,1.2835877200739942,1558193017,9,47451,49,8037,1.6488391933379274,1545608947,5,47096,49,8068,0.8368536520343027,1551898067,3,47262,49,8122,1.1522221776719246,1556092450,3,47390,49,8166
1.6397587335899777,1562387427,5,47596,49,8186,0.7613747000633937,1549804720,9,47227,49,8050,0.8839794007361694,1551900857,5,47282,49,8069,0.8139078721492747,1551898750,4,47239,49,8127,0.7951389920122077,1549800749,3,47235,49,8076
1.6397587335899777,1562387427,5,47596,49,8186,0.7613747000633937,1549804720,9,47227,49,8050,0.8839794007361694,1551900857,5,47282,49,8069,0.8139078721492747,1551898750,4,47239,49,8127,0.7951389920122077,1549800749,3,47235,49,8076
1.0175905626656545,1554002032,12,47328,49,8128,0.9733199651099096,1560290542,9,47317,49,8048,0.7769871495915833,1549802992,5,47235,49,2,0.7808592261970684,1549801349,4,47235,49,8016,1.3379557107567657,1558189376,3,47465,49,8142
1.5375600520724408,1560292692,11,47550,49,8112,1.0912255395895314,1556095270,9,47377,49,8105,0.6090019883240225,1547706407,5,47162,49,8080,1.3783430923374311,1560287249,4,47497,49,8109,1.76847546123308,1547703574,4,47142,49,8158
1.5375600520724408,1560292692,11,47550,49,8112,1.0912255395895314,1556095270,9,47377,49,8105,0.6090019883240225,1547706407,5,47162,49,8080,1.3783430923374311,1560287249,4,47497,49,8109,1.76847546123308,1547703574,4,47142,49,8158
1.2671722043376474,1558195067,11,47433,49,8124,0.6288826593269372,1549804165,9,47182,49,8065,0.7386370149209547,1549802771,4,47219,49,8149,1.2428954703688913,1558190333,4,47433,49,8176,1.3837524447966247,1558189228,3,47482,49,8094
1.2671722043376474,1558195067,11,47433,49,8124,0.6288826593269372,1549804165,9,47182,49,8065,0.7386370149209547,1549802771,4,47219,49,8149,1.2428954703688913,1558190333,4,47433,49,8176,1.3837524447966247,1558189228,3,47482,49,8094
1.0029037132242298,1554001279,10,47320,49,8128,1.394251159364671,1558192629,10,47502,49,8006,0.859909023812732,1551900942,5,47270,49,8128,1.0850076686362609,1553995738,4,47365,49,8161,0.9529264137327771,1551897950,4,47298,49,8107
1.0029037132242298,1554001279,10,47320,49,8128,1.394251159364671,1558192629,10,47502,49,8006,0.859909023812732,1551900942,5,47270,49,8128,1.0850076686362609,1553995738,4,47365,49,8161,0.9529264137327771,1551897950,4,47298,49,8107
0.8323682175051011,1551904222,11,47248,49,8130,1.0464512113763336,1560290995,10,47352,49,8090,1.0865412044168874,1556093890,4,47368,49,8174,0.9271198647110419,1551899017,4,47297,49,8093,1.703911698054909,1547703476,3,47119,49,8093
0.8323682175051011,1551904222,11,47248,49,8130,1.0464512113763336,1560290995,10,47352,49,8090,1.0865412044168874,1556093890,4,47368,49,8174,0.9271198647110419,1551899017,4,47297,49,8093,1.703911698054909,1547703476,3,47119,49,8093
1.2233142697376524,1556098569,12,47415,49,8068,0.9096744824616041,1551901452,10,47301,49,8098,0.8123798352357406,1551900722,5,47248,49,8084,1.203524819490229,1556093256,4,47419,49,8057,0.6507148907799482,1547703228,4,47173,49,8081
1.2233142697376524,1556098569,12,47415,49,8068,0.9096744824616041,1551901452,10,47301,49,8098,0.8123798352357406,1551900722,5,47248,49,8084,1.203524819490229,1556093256,4,47419,49,8057,0.6507148907799482,1547703228,4,47173,49,8081
1.061141781561672,1553998983,6,47349,49,8115,0.6284755625229396,1553999028,9,47170,49,8078,1.1145914039811096,1556094350,5,47373,49,8148,0.9519058962651846,1551898554,5,47302,49,8162,1.447191573726321,1560286740,3,47516,49,8173
1.061141781561672,1553998983,6,47349,49,8115,0.6284755625229396,1553999028,9,47170,49,8078,1.1145914039811096,1556094350,5,47373,49,8148,0.9519058962651846,1551898554,5,47302,49,8162,1.447191573726321,1560286740,3,47516,49,8173
0.9338526574787618,1551903793,10,47293,49,8128,1.5066489174534479,1566580835,8,47560,49,8038,1.41231382715604,1560288937,5,47502,49,8084,0.7053821053127222,1549801732,4,47207,49,8081,1.0638966142417199,1553995335,3,47346,49,8107
0.9338526574787618,1551903793,10,47293,49,8128,1.5066489174534479,1566580835,8,47560,49,8038,1.41231382715604,1560288937,5,47502,49,8084,0.7053821053127222,1549801732,4,47207,49,8081,1.0638966142417199,1553995335,3,47346,49,8107
0.8293085334052194,1551904332,12,47246,49,8077,1.321428531097233,1564485128,10,47472,49,8112,0.5224088541975274,1547706135,5,47123,49,8140,1.692693472994654,1547704368,5,47111,49,8182,0.6360280355208955,1547703785,4,47165,49,8093
0.8293085334052194,1551904332,12,47246,49,8077,1.321428531097233,1564485128,10,47472,49,8112,0.5224088541975274,1547706135,5,47123,49,8140,1.692693472994654,1547704368,5,47111,49,8182,0.6360280355208955,1547703785,4,47165,49,8093
0.9118214576038322,1551904613,12,47284,49,8070,0,1553998664,10,47370,49,8153,1.13060362463535,1556094843,5,47381,49,8118,1.8375265093950217,1547704278,4,47171,49,8104,1.6897360312107395,1545605963,3,47106,49,8126
1.3739599595604906,1558195879,11,47481,49,8110,1.6931991062313425,1553998106,9,47115,49,8059,0.960884149986184,1553997671,5,47309,49,8155,0.7945237214221257,1551899233,5,47250,49,8106,1.7026885669512641,1547703099,3,47115,49,8158
0.6321523144718202,1547710219,13,47162,49,8140,0.7546419142004827,1549804408,10,47237,49,8091,0.8115638021419731,1551899649,4,47245,49,9,1.0054503460257818,1553996230,5,47334,49,8112,1.8333459400477026,1547703893,3,47162,49,9
0.6321523144718202,1547710219,13,47162,49,8140,0.7546419142004827,1549804408,10,47237,49,8091,0.8115638021419731,1551899649,4,47245,49,9,1.0054503460257818,1553996230,5,47334,49,8112,1.8333459400477026,1547703893,3,47162,49,9
1.2765557299170345,1558195150,10,47436,49,8099,1.17384255201367,1562387984,10,47399,49,8024,0.8099317247347866,1551899478,4,47245,49,8155,1.0651178759980542,1553996570,4,47357,49,8100,0.9262034492013534,1551898021,3,47288,49,8138
1.2765557299170345,1558195150,10,47436,49,8099,1.17384255201367,1562387984,10,47399,49,8024,0.8099317247347866,1551899478,4,47245,49,8155,1.0651178759980542,1553996570,4,47357,49,8100,0.9262034492013534,1551898021,3,47288,49,8138
1.403028810454272,1558195145,10,47492,49,8132,1.3664073269111237,1558192711,9,47495,49,8139,1.717890260897414,1547705876,5,47119,49,8126,1.8170232913659636,1547704335,4,47169,49,8118,0.7475075696447627,1549800574,3,47216,49,8142
1.403028810454272,1558195145,10,47492,49,8132,1.3664073269111237,1558192711,9,47495,49,8139,1.717890260897414,1547705876,5,47119,49,8126,1.8170232913659636,1547704335,4,47169,49,8118,0.7475075696447627,1549800574,3,47216,49,8142
1.1685429742002242,1556098788,11,47391,49,8151,1.1083605011874236,1562387774,10,47385,49,8048,0.847363585715799,1551900763,5,47262,49,8185,1.074908481544161,1556093071,4,47365,49,8044,1.400885517569363,1560286341,3,47498,49,8135
0.8589889474483877,1551904326,11,47258,49,8146,0.8686736290236691,1558193661,9,47279,49,8155,1.1570198787518253,1556093973,4,47394,49,8126,1.658319458779374,1545607577,4,47101,49,8105,0.9416041021122562,1551897692,3,47297,49,8137
1.328674426148664,1558196232,12,47461,49,8106,1.310310682572569,1564485135,9,47462,49,8078,0.9335496166247347,1551899422,4,47297,49,0,1.839666056339633,1549801871,4,47179,49,8132,1.3828341630786858,1558189711,3,47483,49,8113
1.328674426148664,1558196232,12,47461,49,8106,1.310310682572569,1564485135,9,47462,49,8078,0.9335496166247347,1551899422,4,47297,49,0,1.839666056339633,1549801871,4,47179,49,8132,1.3828341630786858,1558189711,3,47483,49,8113
0.8752056411396193,1551904174,11,47267,49,8160,1.0525705701263504,1560290609,10,47349,49,8062,1.341528437824006,1558191785,4,47473,49,8091,1.2997059305027034,1558190466,4,47457,49,8119,1.0345210541825243,1553995192,4,47338,49,8146
0.8965230402545582,1551904452,11,47274,49,8182,0.9827034828695373,1560290659,10,47322,49,8102,1.2517733989171764,1558191554,5,47433,49,8142,1.3123536151492414,1558190154,4,47461,49,8160,1.2504443190870982,1556091999,3,47429,49,8059
0.8965230402545582,1551904452,11,47274,49,8182,0.9827034828695373,1560290659,10,47322,49,8102,1.2517733989171764,1558191554,5,47433,49,8142,1.3123536151492414,1558190154,4,47461,49,8160,1.67362157389667,1545605766,3,47096,49,8116
0.8580706728514919,1551904287,11,47259,49,8120,0.8919279529837832,1551901642,9,47292,49,8142,1.4877891067472448,1560289373,5,47532,49,8136,0.961594280442643,1553996387,3,47308,49,8133,1.5040039228065123,1560286574,3,47535,49,8131
0.8580706728514919,1551904287,11,47259,49,8120,0.8919279529837832,1551901642,9,47292,49,8142,1.4877891067472448,1560289373,5,47532,49,8136,0.961594280442643,1553996387,3,47308,49,8133,1.5040039228065123,1560286574,3,47535,49,8131
1.248302920599443,1556098487,11,47425,49,8107,1.3855814327224154,1558192804,10,47500,49,8080,0.5501505089881693,1547706331,5,47133,49,8176,1.51685229266943,1562384658,4,47552,49,8090,1.1008172763393231,1553994789,3,47368,49,8098
1.248302920599443,1556098487,11,47425,49,8107,1.3855814327224154,1558192804,10,47500,49,8080,0.5501505089881693,1547706331,5,47133,49,8176,1.51685229266943,1562384658,4,47552,49,8090,1.1008172763393231,1553994789,3,47368,49,8098
0,1562390390,12,47582,49,8064,0.9276254810326656,1560289589,9,47310,49,8109,0.9411988319185017,1551900680,5,47299,49,8090,0.8283884136141323,1551899071,4,47254,49,8137,0.8111512077653676,1551897496,3,47248,49,8144
1.6174226731199612,1562390390,12,47582,49,8064,0.9276254810326656,1560289589,9,47310,49,8109,0.9411988319185017,1551900680,5,47299,49,8090,0.8283884136141323,1551899071,4,47254,49,8137,0.8111512077653676,1551897496,3,47248,49,8144
0.8222708933420102,1551904268,12,47242,49,8065,1.2028072646442007,1556095308,9,47428,49,8082,1.0820539301671734,1553997535,4,47358,49,3,1.0174864638015189,1556092817,4,47336,49,8048,1.5376622948508651,1543508445,3,47037,49,8102
0.8222708933420102,1551904268,12,47242,49,8065,1.2028072646442007,1556095308,9,47428,49,8082,1.0820539301671734,1553997535,4,47358,49,3,1.0174864638015189,1556092817,4,47336,49,8048,1.5376622948508651,1543508445,3,47037,49,8102
0,1560293327,12,47524,49,8102,1.2693079508802845,1564484171,9,47448,49,8063,0.5878890703606299,1547706588,5,47147,49,8153,0.9526197059724351,1553995677,4,47300,49,8100,1.8221258639029134,1547703665,3,47160,49,8145
1.478096994534578,1560293327,12,47524,49,8102,1.2693079508802845,1564484171,9,47448,49,8063,0.5878890703606299,1547706588,5,47147,49,8153,0.9526197059724351,1553995677,4,47300,49,8100,1.8221258639029134,1547703665,3,47160,49,8145
0.5624896960244905,1547709303,10,47133,49,8163,1.552650762423115,1568679340,10,47574,49,8098,0.7066107311336333,1549803331,5,47199,49,19,1.3532522150846682,1558190445,4,47484,49,8164,1.3863009183130068,1558189507,3,47489,49,8178
0,1556097980,10,47390,49,8062,1.7175761824341826,1553998963,10,47133,49,8112,1.4314879625588766,1560289136,5,47508,49,8166,1.428220046753073,1560287533,4,47509,49,8167,1.6968759094495571,1545606293,3,47108,49,8145
1.1670131333211673,1556097980,10,47390,49,8062,1.7175761824341826,1553998963,10,47133,49,8112,1.4314879625588766,1560289136,5,47508,49,8166,1.428220046753073,1560287533,4,47509,49,8167,1.6968759094495571,1545606293,3,47108,49,8145
1.4103731768058672,1558195550,12,47492,49,8107,0.8964152335965367,1551901866,10,47297,49,8078,1.658732063918669,1545609322,5,47096,49,4,0.7400609897197399,1551898713,4,47216,49,8136,1.3238804213743085,1558189414,3,47461,49,8154
1.4103731768058672,1558195550,12,47492,49,8107,0.8964152335965367,1551901866,10,47297,49,8078,1.658732063918669,1545609322,5,47096,49,4,0.7400609897197399,1551898713,4,47216,49,8136,1.3238804213743085,1558189414,3,47461,49,8154
1.1374349614263948,1556098323,11,47376,49,8153,0.7537236306120799,1549804096,10,47240,49,8099,1.6215046737987646,1545608835,4,47077,49,8142,0.9932116186493156,1553995470,4,47326,49,8064,0.6380672150994666,1547703631,3,47169,49,8116
1.1374349614263948,1556098323,11,47376,49,8153,0.7537236306120799,1549804096,10,47240,49,8099,1.6215046737987646,1545608835,4,47077,49,8142,0.9932116186493156,1553995470,4,47326,49,8064,0.6380672150994666,1547703631,3,47169,49,8116
0.706608929508757,1549807279,11,47192,49,8127,0.7106836020050349,1556095545,8,47206,49,8085,1.6684222939558069,1545609357,5,47097,49,8114,1.3260199322958355,1558190680,4,47471,49,8143,1.2385104354291947,1556091240,3,47426,49,8087
1.4685089871090666,1560293172,11,47522,49,8134,1.0578738884245442,1560290495,9,47362,49,8100,1.5823381474146012,1545608445,4,47060,49,8135,1.2347331873078633,1558190887,4,47438,49,8064,0.61715875588997,1547703601,3,47158,49,8120
1.4685089871090666,1560293172,11,47522,49,8134,1.0578738884245442,1560290495,9,47362,49,8100,1.5823381474146012,1545608445,4,47060,49,8135,1.5458208124519708,1545607444,4,47042,49,8145,0.61715875588997,1547703601,3,47158,49,8120
1.317149503524493,1558196055,11,47454,49,8071,1.086838610222222,1562386322,9,47374,49,8103,1.5994734735558471,1545609215,5,47068,49,8091,1.4020082917671874,1560287116,4,47492,49,8145,1.4263853737299625,1560286658,3,47504,49,8144
1.317149503524493,1558196055,11,47454,49,8071,1.086838610222222,1562386322,9,47374,49,8103,1.5994734735558471,1545609215,5,47068,49,8091,1.4020082917671874,1560287116,4,47492,49,8145,1.4263853737299625,1560286658,3,47504,49,8144
1.2028129064357136,1556099201,13,47407,49,8142,1.194444263623205,1562387682,9,47415,49,8087,1.6339478845249646,1545609256,5,47082,49,8129,0.8170661103405283,1551898694,4,47251,49,8067,1.0990829551142365,1556091869,3,47370,49,8102
1.2028129064357136,1556099201,13,47407,49,8142,1.194444263623205,1562387682,9,47415,49,8087,1.6339478845249646,1545609256,5,47082,49,8129,0.8170661103405283,1551898694,4,47251,49,8067,1.0990829551142365,1556091869,3,47370,49,8102
0.6996735209515701,1549807067,11,47188,49,8156,0.6220494826694375,1553997959,8,47171,49,8044,1.342344486223545,1558191932,5,47469,49,8135,0.7878968816604119,1549801762,4,47233,49,8115,1.5588755575828745,1545606589,4,47054,49,8130
0,1549807067,11,47188,49,8156,0.6220494826694375,1553997959,8,47171,49,8044,1.342344486223545,1558191932,5,47469,49,8135,0.7878968816604119,1549801762,4,47233,49,8115,1.5588755575828745,1545606589,4,47054,49,8130
1.1940409446669495,1556098119,10,47405,49,6,1.3812986424530038,1566581706,10,47503,49,8082,0.6495957841279687,1547706230,5,47173,49,8148,0.7286364543017056,1549801925,4,47214,49,8161,0.8002378409135199,1551897254,3,47244,49,8110
1.1940409446669495,1556098119,10,47405,49,6,1.3812986424530038,1566581706,10,47503,49,8082,0.6495957841279687,1547706230,5,47173,49,8148,0.7286364543017056,1549801925,4,47214,49,8161,0.8002378409135199,1551897254,3,47244,49,8110
1.0245259698514169,1554000699,10,47331,49,8176,1.2704307143680342,1564483616,8,47446,49,8066,0.6592860079731506,1549802018,4,47174,49,8137,1.2225967157083313,1558190466,4,47427,49,8140,1.7582758967296956,1547703815,4,47139,49,8062
1.688512899762833,1545612900,12,47101,49,8133,0,1566580883,8,47557,49,8059,1.5323608478592883,1560289084,5,47550,49,8118,1.8164117342045965,1547704862,4,47165,49,8087,1.3973165200326492,1558189077,3,47494,49,8107
1.688512899762833,1545612900,12,47101,49,8133,1.5063440923233777,1566580883,8,47557,49,8059,1.5323608478592883,1560289084,5,47550,49,8118,1.8164117342045965,1547704862,4,47165,49,8087,1.3973165200326492,1558189077,3,47494,49,8107
0.9693475818330113,1554001269,12,47304,49,8118,0,1562387255,10,47374,49,8085,0.9575177643773635,1553997640,5,47306,49,8140,0.8578643547444942,1553995618,4,47267,49,8107,0.6788636187987241,1549800192,3,47194,49,8095
0.9693475818330113,1554001269,12,47304,49,8118,0,1562387255,10,47374,49,8085,0.9575177643773635,1553997640,5,47306,49,8140,0.8578643547444942,1553995618,4,47267,49,8107,0.6788636187987241,1549800192,3,47194,49,8095
1.0400288577015466,1554001254,10,47339,49,8158,1.1275364979374927,1562387592,9,47391,49,8071,1.373656979907789,1558192016,5,47482,49,8165,0.9159016579157919,1551899486,4,47282,49,8133,0.8455233746840506,1551898227,3,47264,49,8158
1.0400288577015466,1554001254,10,47339,49,8158,1.1275364979374927,1562387592,9,47391,49,8071,1.373656979907789,1558192016,5,47482,49,8165,0.9159016579157919,1551899486,4,47282,49,8133,0.8455233746840506,1551898227,3,47264,49,8158
0.807481804954676,1549806367,10,47235,49,8163,0.930685158554708,1551901356,10,47305,49,8095,1.5449062940632348,1560289155,5,47555,49,8154,1.7610307354606498,1547704960,4,47132,49,8118,0.6696845661390578,1549800544,3,47188,49,8115
0.807481804954676,1549806367,10,47235,49,8163,0.930685158554708,1551901356,10,47305,49,8095,1.5449062940632348,1560289155,5,47555,49,8154,1.7610307354606498,1547704960,4,47132,49,8118,0.6696845661390578,1549800544,3,47188,49,8115
1.7317592600557372,1547709413,10,47119,49,8181,1.5777416395290098,1568679273,9,47585,49,8175,0.5408692173418782,1547706229,5,47128,49,8118,1.5376584912068016,1562384602,4,47562,49,8021,1.7019747617334218,1547703575,3,47115,49,8149
0.9748553780474565,1554000107,9,47308,49,8122,0.7541325788539747,1549804591,9,47236,49,8040,1.6965728660500319,1545608460,4,47109,49,8131,1.0859259605809866,1553996330,4,47359,49,8139,1.1053045571000282,1556092106,3,47373,49,8114
0.9748553780474565,1554000107,9,47308,49,8122,0.7541325788539747,1549804591,9,47236,49,8040,1.6965728660500319,1545608460,4,47109,49,8131,1.0859259605809866,1553996330,4,47359,49,8139,1.1053045571000282,1556092106,3,47373,49,8114
0.6414335991080368,1547709444,10,47169,49,8145,1.6553583024092717,1545609634,9,47112,49,8078,1.613650992191927,1545609131,5,47074,49,8131,1.541842849257256,1562384301,4,47553,49,8113,1.0109600120189626,1553994993,4,47328,49,8039
0.6414335991080368,1547709444,10,47169,49,8145,1.6553583024092717,1545609634,9,47112,49,8078,1.613650992191927,1545609131,5,47074,49,8131,1.541842849257256,1562384301,4,47553,49,8113,1.0109600120189626,1553994993,4,47328,49,8039
0.8301245697934305,1551904128,11,47247,49,8143,1.6129298437550181,1551901903,10,47088,49,8177,0.9849545317804979,1553997987,5,47318,49,8113,1.6843286235314443,1545607419,4,47108,49,8105,1.3888512845942909,1558188778,3,47487,49,8130
1.4157787331345848,1560292658,12,47497,49,8118,0.8091083380319976,1558193358,10,47257,49,8094,0.6901895640786924,1549803740,5,47192,49,8140,1.4296476496468122,1560286969,4,47509,49,8092,0.950069351385068,1551897656,3,47301,49,8105
1.4157787331345848,1560292658,12,47497,49,8118,0.8091083380319976,1558193358,10,47257,49,8094,0.6901895640786924,1549803740,5,47192,49,8140,1.4296476496468122,1560286969,4,47509,49,8092,0.950069351385068,1551897656,3,47301,49,8105
1.1948569796272128,1556095988,6,47407,49,8158,0.6460176163738222,1556095579,9,47184,49,8062,0.7205837829915939,1549803711,5,47206,49,8126,1.078274886258908,1553996005,4,47362,49,8115,1.0131014169851142,1553995107,3,47331,49,8122
1.1948569796272128,1556095988,6,47407,49,8158,0.6460176163738222,1556095579,9,47184,49,8062,0.7205837829915939,1549803711,5,47206,49,8126,1.078274886258908,1553996005,4,47362,49,8115,1.70830045647238,1545606426,3,47107,49,8189
0.8975416949873842,1551902108,6,47282,49,8088,0.923647517972843,1560290058,10,47310,49,8090,0.8770440057865083,1551900878,5,47272,49,8127,0.6794770371977156,1549801478,4,47184,49,8112,0.7878968762344577,1551897421,3,47235,49,8139
0.8975416949873842,1551902108,6,47282,49,8088,0.923647517972843,1560290058,10,47310,49,8090,0.8770440057865083,1551900878,5,47272,49,8127,0.6794770371977156,1549801478,4,47184,49,8112,0.7878968762344577,1551897421,3,47235,49,8139
1.7270674984070817,1547709741,11,47117,49,8154,1.6674966544228453,1551901847,10,47105,49,8068,0.6856000357952173,1549802702,4,47189,49,7,1.3146995013755813,1558190494,4,47460,49,8052,0.6151195773601327,1547703844,4,47153,49,8142
1.7270674984070817,1547709741,11,47117,49,8154,1.6674966544228453,1551901847,10,47105,49,8068,0.6856000357952173,1549802702,4,47189,49,7,1.3146995013755813,1558190494,4,47460,49,8052,0.6151195773601327,1547703844,4,47153,49,8142
0.6470436325111997,1547709903,11,47170,49,8121,1.2427894663167673,1564483680,8,47437,49,8045,1.0983728594443634,1553997621,5,47366,49,8164,0,1547704677,4,47171,49,8078,0.7766786495342173,1549800749,3,47225,49,8098
0.6470436325111997,1547709903,11,47170,49,8121,1.2427894663167673,1564483680,8,47437,49,8045,1.0983728594443634,1553997621,5,47366,49,8164,1.8443596890993428,1547704677,4,47171,49,8078,0.7766786495342173,1549800749,3,47225,49,8098
0,1562389301,10,47578,49,25,1.0856154917179286,1562387555,10,47378,49,8184,1.092967295696562,1553997412,4,47363,49,8113,1.1259081706074887,1556093685,4,47375,49,8113,0.8853029669405493,1551897680,3,47272,49,8108
1.6041634221594696,1562389301,10,47578,49,25,1.0856154917179286,1562387555,10,47378,49,8184,1.092967295696562,1553997412,4,47363,49,8113,1.1259081706074887,1556093685,4,47375,49,8113,0.8853029669405493,1551897680,3,47272,49,8108
0,1556097905,10,47389,49,8100,1.6819790234488272,1545609029,8,47115,49,8073,0.780862892707374,1549803458,5,47227,49,8137,1.2123990362577004,1556093380,4,47415,49,8119,1.6960598730706284,1545606356,3,47107,49,8108
1.1599754861483627,1556097905,10,47389,49,8100,0,1560290915,10,47326,49,8090,0.780862892707374,1549803458,5,47227,49,8137,1.2123990362577004,1556093380,4,47415,49,8119,1.6960598730706284,1545606356,3,47107,49,8108
1.180781695351536,1556097851,10,47401,49,8151,0.9540417213747644,1560290518,10,47316,49,8069,0.8478729321127302,1551900623,5,47258,49,8131,1.331222906700653,1560287455,4,47466,49,8108,1.4212846470956793,1560286389,3,47505,49,8089
1.180781695351536,1556097851,10,47401,49,8151,0.9540417213747644,1560290518,10,47316,49,8069,0.8478729321127302,1551900623,5,47258,49,8131,1.331222906700653,1560287455,4,47466,49,8108,1.4212846470956793,1560286389,3,47505,49,8089
1.1453908775571167,1556098610,11,47380,49,8103,0,1564484274,8,47469,49,8035,0.8926491417834511,1551900879,5,47275,49,8119,0.789936055097226,1551899128,4,47237,49,8090,1.567444953920545,1543509035,4,47046,49,8165
1.1453908775571167,1556098610,11,47380,49,8103,1.3268340835905894,1564484274,8,47469,49,8035,0,1549803754,5,47227,49,8106,0.789936055097226,1551899128,4,47237,49,8090,1.567444953920545,1543509035,4,47046,49,8165
1.4593299435673082,1560292999,12,47518,49,8140,1.2130068224591115,1556095212,8,47425,49,8080,1.3321449276766681,1558191979,4,47462,49,8022,1.3934389159286464,1560287626,4,47496,49,8092,1.7880585537200615,1547703863,4,47147,49,8087
1.1130578704598233,1556098310,12,47369,49,8092,1.011976800038887,1560291032,10,47340,49,8071,1.5719341025265483,1562386333,5,47567,49,8138,1.6389408547243303,1545607568,4,47089,49,8141,1.700140072655757,1545606274,3,47105,49,8085
1.1130578704598233,1556098310,12,47369,49,8092,1.011976800038887,1560291032,10,47340,49,8071,1.5719341025265483,1562386333,5,47567,49,8138,1.6389408547243303,1545607568,4,47089,49,8141,1.700140072655757,1545606274,3,47105,49,8085
0.6697886360745132,1549807059,12,47179,49,8080,0.7633116256726074,1549803797,9,47242,49,8122,1.5134915635965696,1560289561,5,47540,49,8097,1.8408910552016515,1547704623,3,47173,49,8136,1.52583065564291,1560286599,3,47542,49,8147
0.6697886360745132,1549807059,12,47179,49,8080,0.7633116256726074,1549803797,9,47242,49,8122,1.5134915635965696,1560289561,5,47540,49,8097,1.8408910552016515,1547704623,3,47173,49,8136,1.52583065564291,1560286599,3,47542,49,8147
1.36243503318881,1558196398,12,47476,49,8146,1.4957374655985403,1566582294,10,47549,49,8115,1.439341654191853,1560288566,4,47507,49,8177,0.6709077154272448,1549801374,4,47188,49,8082,1.396195655492392,1558189416,3,47485,49,8069
1.36243503318881,1558196398,12,47476,49,8146,1.4957374655985403,1566582294,10,47549,49,8115,1.439341654191853,1560288566,4,47507,49,8177,0.6709077154272448,1549801374,4,47188,49,8082,1.396195655492392,1558189416,3,47485,49,8069
0.6595890746599179,1547709696,11,47175,49,8146,1.2955215988119437,1564484946,10,47464,49,8069,1.7113619632419355,1545608543,5,47112,49,8098,0.7719850493558288,1549801771,4,47229,49,8094,1.2477936039326014,1556092058,3,47420,49,8131
0.6595890746599179,1547709696,11,47175,49,8146,1.2955215988119437,1564484946,10,47464,49,8069,1.7113619632419355,1545608543,5,47112,49,8098,0.7719850493558288,1549801771,4,47229,49,8094,1.2477936039326014,1556092058,3,47420,49,8131
1.1624236058311643,1556098982,11,47389,49,8063,1.0649096487838792,1553998315,10,47373,49,8095,1.5792784739050172,1545608913,5,47055,49,8130,0.7957505623114074,1549801885,4,47236,49,8090,1.0948001588848846,1553995539,3,47360,49,8150
1.1624236058311643,1556098982,11,47389,49,8063,1.0649096487838792,1553998315,10,47373,49,8095,1.5792784739050172,1545608913,5,47055,49,8130,0.7957505623114074,1549801885,4,47236,49,8090,1.0948001588848846,1553995539,3,47360,49,8150
0.5702411383661821,1547710116,11,47139,49,8120,0.9133457188378717,1560290202,10,47307,49,8118,1.5172650422461187,1560289661,5,47543,49,8137,0.745262088965271,1549802156,4,47219,49,8120,0.9407880704800754,1551898103,3,47294,49,8107
0.5702411383661821,1547710116,11,47139,49,8120,0.9133457188378717,1560290202,10,47307,49,8118,1.5172650422461187,1560289661,5,47543,49,8137,0.745262088965271,1549802156,4,47219,49,8120,0.9407880704800754,1551898103,3,47294,49,8107
0.872043716477842,1551904945,12,47268,49,8102,1.536942780095541,1568678340,8,47569,49,8065,1.2407578059894298,1556094796,5,47423,49,8147,0.7281271219025233,1549802150,4,47211,49,8100,1.7066683834814032,1545606440,3,47105,49,8132
0.872043716477842,1551904945,12,47268,49,8102,1.536942780095541,1568678340,8,47569,49,8065,1.2407578059894298,1556094796,5,47423,49,8147,0.7281271219025233,1549802150,4,47211,49,8100,1.7066683834814032,1545606440,3,47105,49,8132
1.7167657001951726,1547709616,11,47114,49,8142,1.2092333442212275,1556096119,10,47422,49,8036,1.5859090443183854,1562385906,5,47567,49,8142,1.7368562655747237,1547704445,3,47131,49,8082,1.646184815531462,1545606423,3,47082,49,8099
1.7167657001951726,1547709616,11,47114,49,8142,1.2092333442212275,1556096119,10,47422,49,8036,1.5859090443183854,1562385906,5,47567,49,8142,1.7368562655747237,1547704445,3,47131,49,8082,1.646184815531462,1545606423,3,47082,49,8099
0,1558195421,11,47492,49,8130,1.6627026563130174,1545610289,10,47112,49,8083,0.6567356642895253,1547705123,4,47173,49,8160,0.8256354382440234,1551898866,4,47249,49,8130,0.823594410510902,1551897914,3,47255,49,8115
1.4024172476660308,1558195421,11,47492,49,8130,0,1564485014,10,47450,49,8055,0.6567356642895253,1547705123,4,47173,49,8160,0.8256354382440234,1551898866,4,47249,49,8130,0.823594410510902,1551897914,3,47255,49,8115
1.3347937818062607,1558193117,6,47467,49,8084,1.5078739309386893,1566581708,10,47558,49,8089,1.0999027067107268,1553997613,5,47364,49,8098,0.7657615912309967,1549801577,4,47236,49,8157,0.9001942854122045,1551898184,3,47280,49,8085
1.3347937818062607,1558193117,6,47467,49,8084,1.5078739309386893,1566581708,10,47558,49,8089,1.0999027067107268,1553997613,5,47364,49,8098,0.7657615912309967,1549801577,4,47236,49,8157,0.9001942854122045,1551898184,3,47280,49,8085
1.2113803843100923,1556098670,12,47413,49,8077,1.215148219059237,1556095949,10,47428,49,8041,0,1560288565,4,47554,49,8125,1.0840893982426951,1553996274,4,47363,49,8108,1.2482006758414472,1556092086,3,47428,49,8120
1.4385237420378147,1560293169,12,47506,49,8090,1.660867963127811,1551902273,10,47098,49,8098,1.0637962145829227,1553998169,5,47350,49,8138,1.3490716636447333,1558191068,4,47477,49,8124,1.5588755575828745,1545606048,3,47054,49,8119
0.8532766705216002,1551904273,11,47260,49,8138,1.356003271588842,1558193044,10,47495,49,8121,0.9443607579051787,1551900528,5,47297,49,8068,0.7424050234283103,1551898797,4,47225,49,8082,1.0981646762146893,1556092098,3,47371,49,8135
0.8532766705216002,1551904273,11,47260,49,8138,1.356003271588842,1558193044,10,47495,49,8121,0.9443607579051787,1551900528,5,47297,49,8068,0.7424050234283103,1551898797,4,47225,49,8082,1.0981646762146893,1556092098,3,47371,49,8135
1.1404946387389776,1556098798,11,47380,49,8140,0.5457581562792455,1553999557,10,47149,49,8129,0.8784716181147186,1551900761,5,47271,49,8084,1.7226787452080823,1547704974,4,47126,49,8079,1.394357187471607,1560286318,4,47499,49,8102
1.1404946387389776,1556098798,11,47380,49,8140,0.5457581562792455,1553999557,10,47149,49,8129,0.8784716181147186,1551900761,5,47271,49,8084,1.7226787452080823,1547704974,4,47126,49,8079,1.394357187471607,1560286318,4,47499,49,8102
1.2160721457831942,1556098056,11,47415,49,8126,1.1981154791213509,1562386584,9,47433,49,8129,1.2446335279311664,1556094853,5,47425,49,8151,1.8161050133695151,1549801637,4,47170,49,8149,1.531541031412234,1543509193,4,47042,49,8044
1.2160721457831942,1556098056,11,47415,49,8126,1.1981154791213509,1562386584,9,47433,49,8129,1.2446335279311664,1556094853,5,47425,49,8151,1.8161050133695151,1549801637,4,47170,49,8149,1.531541031412234,1543509193,4,47042,49,8044
0.6674427552661483,1549806463,11,47178,49,8090,1.0143226609707026,1560290950,10,47339,49,8094,1.0993933804061007,1553997229,5,47361,49,8178,1.5416364484180831,1562384672,4,47565,49,8117,0.8892809207074833,1551897444,3,47275,49,8144
0.9801587026390922,1554000827,10,47313,49,8170,1.5101175449173736,1560290167,10,47558,49,8060,0.6809082794767709,1549803530,5,47184,49,8088,1.291038093951119,1558190531,4,47446,49,8134,1.0675678578982106,1553994324,3,47351,49,8133
0.9801587026390922,1554000827,10,47313,49,8170,1.5101175449173736,1560290167,10,47558,49,8060,0.6809082794767709,1549803530,5,47184,49,8088,1.291038093951119,1558190531,4,47446,49,8134,1.0675678578982106,1553994324,3,47351,49,8133
0.8017695270832157,1551903454,11,47238,49,8121,0.6464265389374458,1556096737,10,47194,49,8126,0.8988707438011864,1551900744,5,47279,49,8118,1.0669525640859863,1553996077,4,47362,49,8098,0.6620353549978085,1549800596,3,47183,49,8162
0.8017695270832157,1551903454,11,47238,49,8121,0.6464265389374458,1556096737,10,47194,49,8126,0.8988707438011864,1551900744,5,47279,49,8118,1.0669525640859863,1553996077,4,47362,49,8098,0.6620353549978085,1549800596,3,47183,49,8162
0.9848504642239049,1554001127,10,47315,49,8168,1.6197629893885288,1551902281,10,47091,49,8061,1.4073153586797535,1558190834,4,47494,49,8141,0.8079911404756637,1551898923,5,47237,49,8136,0.6625446953302428,1549801004,3,47184,49,8147
1.0863349014446904,1554001467,12,47360,49,8123,0.7198626300063228,1556096528,9,47218,49,8068,0.8871413388816332,1551900642,5,47274,49,8163,1.0054522138318749,1553996525,4,47325,49,8111,0.9707733280212211,1553994656,3,47314,49,8158
1.0863349014446904,1554001467,12,47360,49,8123,0.7198626300063228,1556096528,9,47218,49,8068,0.8871413388816332,1551900642,5,47274,49,8163,1.0054522138318749,1553996525,4,47325,49,8111,0.9707733280212211,1553994656,3,47314,49,8158
1.611710395329203,1562390344,12,47585,49,8111,1.562340969128442,1568679053,9,47582,49,8152,0.7050808942907194,1549803501,5,47195,49,8122,1.7355327537158407,1547704998,4,47119,49,8085,0.6393925922281456,1549800218,3,47171,49,8142
1.4323021380325411,1560291596,10,47504,49,8175,0.8908051737132381,1558192998,10,47302,49,8122,0.979446736488545,1553997396,5,47313,49,8182,0.804929610477677,1551899209,4,47243,49,8078,0.9130464420492427,1551898008,3,47280,49,8151
1.4323021380325411,1560291596,10,47504,49,8175,0.8908051737132381,1558192998,10,47302,49,8122,0.979446736488545,1553997396,5,47313,49,8182,0.804929610477677,1551899209,4,47243,49,8078,0.9130464420492427,1551898008,3,47280,49,8151
0.7655608066656756,1549804648,6,47225,49,8142,1.7160463173674814,1553998500,8,47139,49,8139,0.794326607557295,1549803320,5,47232,49,8163,1.6591355008409794,1545607655,4,47100,49,8153,1.7502177468726987,1547703721,3,47136,49,8120
1.3614145076693334,1558196064,12,47479,49,8112,1.6393460705511504,1551902161,9,47099,49,8056,0.619915372650316,1547706173,4,47158,49,8118,1.398030326950934,1560287509,4,47492,49,8036,1.4477008901456967,1560286105,3,47518,49,8097
1.4469889803279476,1560292920,11,47512,49,8091,1.0586880263505274,1553998825,10,47368,49,8113,1.3641712191585034,1558192101,5,47477,49,8126,0.7214984176164364,1549802203,4,47205,49,8102,0.6384761522121359,1547703753,4,47164,49,8041
1.4469889803279476,1560292920,11,47512,49,8091,1.0586880263505274,1553998825,10,47368,49,8113,1.3641712191585034,1558192101,5,47477,49,8126,0.7214984176164364,1549802203,4,47205,49,8102,0.6384761522121359,1547703753,4,47164,49,8041
1.2555450354105977,1556098422,12,47429,49,8104,1.3025592194055484,1564485291,10,47465,49,8060,1.450152775020188,1560289166,5,47514,49,8102,1.3850759158598103,1558190123,4,47491,49,8127,0.6801908360409067,1549800914,4,47187,49,8123
1.2555450354105977,1556098422,12,47429,49,8104,1.3025592194055484,1564485291,10,47465,49,8060,1.450152775020188,1560289166,5,47514,49,8102,1.3850759158598103,1558190123,4,47491,49,8127,0.6801908360409067,1549800914,4,47187,49,8123
0.9856664987799908,1554001562,12,47317,49,8133,1.4424959958577557,1566582071,10,47533,49,8056,1.5560241523064853,1560288873,5,47553,49,32,1.6801461883087199,1545607487,5,47110,49,8164,0.7417971418736126,1556093571,4,47207,49,8135
1.125705545615038,1556097367,10,47376,49,8125,0.9829079373869183,1560290874,10,47335,49,8047,0.7565880482435033,1549803727,5,47215,49,8115,1.2279019143785415,1556094005,4,47425,49,8106,1.112546682312149,1562383467,4,47372,49,8117
1.125705545615038,1556097367,10,47376,49,8125,0.9829079373869183,1560290874,10,47335,49,8047,0.7565880482435033,1549803727,5,47215,49,8115,1.2279019143785415,1556094005,4,47425,49,8106,1.112546682312149,1562383467,4,47372,49,8117
0.6179747841302337,1547708852,10,47162,49,8086,0.749440797320798,1549804872,10,47240,49,8129,0.6322563556733338,1547706347,6,47162,49,8099,1.2726781268102674,1558192023,5,47442,49,8129,0.906925228210983,1556093243,6,47282,49,8150
0.6179747841302337,1547708852,10,47162,49,8086,0.749440797320798,1549804872,10,47240,49,8129,0.6322563556733338,1547706347,6,47162,49,8099,1.2726781268102674,1558192023,5,47442,49,8129,0.906925228210983,1556093243,6,47282,49,8150
1.3340799746232663,1558195806,12,47469,49,8111,0.5823739680157528,1553999289,10,47166,49,8057,1.705140363060187,1545608885,5,47107,49,8093,1.285734772828794,1558190255,6,47442,49,8096,0.6712162544447713,1547703098,3,47177,49,8054
1.3340799746232663,1558195806,12,47469,49,8111,0.5823739680157528,1553999289,10,47166,49,8057,1.705140363060187,1545608885,5,47107,49,8093,1.285734772828794,1558190255,6,47442,49,8096,0.6712162544447713,1547703098,3,47177,49,8054
0.552290122836544,1547710233,11,47134,49,8113,0,1551901650,9,47300,49,8122,1.2039375165750645,1556094862,5,47405,49,8158,1.2530950414520374,1558190399,4,47434,49,8065,1.408638858936668,1558189191,4,47491,49,8125
0.552290122836544,1547710233,11,47134,49,8113,0.8885615321579298,1551901650,9,47300,49,8122,1.2039375165750645,1556094862,5,47405,49,8158,1.2530950414520374,1558190399,4,47434,49,8065,1.408638858936668,1558189191,4,47491,49,8125
0.831449933334725,1551903419,10,47253,49,8105,0,1553998149,8,47129,49,8125,1.6102846154410217,1545609621,5,47069,49,8116,0.9194688072808745,1551899048,4,47297,49,8113,1.6893270942067753,1547703342,3,47107,49,8127
0.831449933334725,1551903419,10,47253,49,8105,1.6901393964042666,1553998149,8,47129,49,8125,1.6102846154410217,1545609621,5,47069,49,8116,0.9194688072808745,1551899048,4,47297,49,8113,1.6893270942067753,1547703342,3,47107,49,8127
1.2858370008940017,1558195578,11,47446,49,8115,0.7560694885356798,1558192775,8,47247,49,8074,1.2101591196412167,1556095308,6,47408,49,8151,1.1609922584149,1558190081,4,47401,49,8107,0.8689840427060134,1551897830,4,47262,49,8151
1.2858370008940017,1558195578,11,47446,49,8115,0.7560694885356798,1558192775,8,47247,49,8074,1.2101591196412167,1556095308,6,47408,49,8151,1.1609922584149,1558190081,4,47401,49,8107,0.8689840427060134,1551897830,4,47262,49,8151
0.9800564606034453,1554001730,12,47316,49,8105,0.8980472916660623,1558193547,10,47295,49,8103,1.0818494665786,1553997800,5,47354,49,8121,0.7608672081389488,1551898964,4,47228,49,8093,1.5979399864977153,1545606092,3,47067,49,8109
1.3115394487384155,1558195362,10,47458,49,8130,1.6305741136329648,1545610377,10,47105,49,8132,0.6196086797778255,1547706289,5,47158,49,8156,1.185982783393428,1556093802,4,47404,49,8080,1.708503084523945,1545606309,3,47111,49,8106
1.3115394487384155,1558195362,10,47458,49,8130,1.6305741136329648,1545610377,10,47105,49,8132,0.6196086797778255,1547706289,5,47158,49,8156,1.185982783393428,1556093802,4,47404,49,8080,1.708503084523945,1545606309,3,47111,49,8106
0.8198227651771677,1551904897,12,47247,49,8093,0.5496338785997806,1553999652,10,47151,49,8086,1.2648281833236303,1558191490,5,47432,49,8084,1.2549316028112876,1558190390,4,47432,49,8101,0.9143718161780887,1551897766,3,47281,49,8126
0.8198227651771677,1551904897,12,47247,49,8093,0.5496338785997806,1553999652,10,47151,49,8086,1.2648281833236303,1558191490,5,47432,49,8084,1.2549316028112876,1558190390,4,47432,49,8101,0.9143718161780887,1551897766,3,47281,49,8126
1.1613008413154895,1556099123,12,47395,49,8108,1.3391750201693982,1558193349,10,47490,49,8083,1.5649987045881144,1562386317,5,47562,49,8129,1.6948348888490545,1547704792,4,47111,49,8100,0.8216574851830785,1551897811,3,47246,49,8113
1.1613008413154895,1556099123,12,47395,49,8108,1.3391750201693982,1558193349,10,47490,49,8083,1.5649987045881144,1562386317,5,47562,49,8129,1.6948348888490545,1547704792,4,47111,49,8100,0.8216574851830785,1551897811,3,47246,49,8113
1.1837391291591952,1556097793,10,47407,49,8142,1.6468930371296628,1545610003,10,47113,49,8092,1.577748636072666,1562385896,5,47565,49,8100,1.4019060448877094,1560287826,4,47495,49,8121,1.554592780120951,1545606042,3,47044,49,8089
1.2928746432233447,1558195687,11,47449,49,8132,0.8765272827534145,1558193858,10,47282,49,8069,1.5377664165480345,1560289190,5,47549,49,8164,0.7821846047554015,1549801630,3,47235,49,8153,1.0924542807017237,1553994413,3,47358,49,8131
1.2928746432233447,1558195687,11,47449,49,8132,0.8765272827534145,1558193858,10,47282,49,8069,1.5377664165480345,1560289190,5,47549,49,8164,0.7821846047554015,1549801630,3,47235,49,8153,1.0924542807017237,1553994413,3,47358,49,8131
1.4054769204928304,1560292736,12,47497,49,8101,1.1691488762064184,1562388020,10,47421,49,8164,1.4066015627344064,1558192370,5,47491,49,8147,0.8298160189211035,1551899150,4,47256,49,8034,1.6981009013901527,1545605623,3,47100,49,8061
0.7727006790585373,1549806788,11,47229,49,8140,0.8379726826697357,1558194004,10,47268,49,8066,1.5080860046457456,1560289219,5,47536,49,8176,1.3648793749783261,1558190252,4,47490,49,8120,1.4421930963500171,1560286616,3,47513,49,8130
1.4188384060314658,1560291712,9,47502,49,8163,1.6931990778888046,1553998240,8,47131,49,8070,1.594781719710962,1545608610,4,47062,49,8165,0.7550527005146226,1549802125,4,47229,49,8052,1.2067908746740554,1556092285,3,47405,49,8175
1.4188384060314658,1560291712,9,47502,49,8163,1.6931990778888046,1553998240,8,47131,49,8070,1.594781719710962,1545608610,4,47062,49,8165,0.7550527005146226,1549802125,4,47229,49,8052,1.2067908746740554,1556092285,3,47405,49,8175
0,1547709565,11,47147,,8161,0.8897846564073566,1551901565,10,47304,49,8090,1.414557487244073,1558191260,4,47493,49,8175,0.9176341132409659,1551898911,4,47291,49,8110,0.6489805907265194,1547703702,3,47170,49,8163
0.5770743065016009,1547709565,11,47147,49,8161,0.8897846564073566,1551901565,10,47304,49,8090,1.414557487244073,1558191260,4,47493,49,8175,0.9176341132409659,1551898911,4,47291,49,8110,0.6489805907265194,1547703702,3,47170,49,8163
1.5054315100323352,1560292142,10,47541,49,8139,1.4541231462979356,1566582209,10,47541,49,8071,0.5542307075903725,1547705968,4,47128,49,8129,1.506550485682512,1560287737,4,47549,49,8089,1.6961621166867196,1545606249,3,47103,49,8108
1.5054315100323352,1560292142,10,47541,49,8139,0,1566582209,10,47541,49,8071,0.5542307075903725,1547705968,4,47128,49,8129,1.506550485682512,1560287737,4,47549,49,8089,1.6961621166867196,1545606249,3,47103,49,8108
1.4482120889292278,1560293451,12,47518,49,8108,1.2765500445346152,1564484821,9,47466,49,8128,1.176602982366073,1556093937,4,47394,49,8090,1.2540114368233517,1558190320,4,47441,49,8085,0.6504081993064392,1547703147,3,47172,49,8092
0.7153790331652135,1549807233,11,47207,49,8069,0.6689670598336901,1556095716,9,47199,49,8056,1.1904737909377519,1556094103,4,47402,49,8149,1.5146086557962049,1545607776,4,47038,49,8110,1.2569726505058556,1556091600,3,47425,49,8088
0.7153790331652135,1549807233,11,47207,49,8069,0.6689670598336901,1556095716,9,47199,49,8056,1.1904737909377519,1556094103,4,47402,49,8149,1.5146086557962049,1545607776,4,47038,49,8110,1.2569726505058556,1556091600,3,47425,49,8088
1.479320091288238,1560293112,12,47534,49,8073,1.3575330815090347,1566581702,10,47504,49,8068,1.031056118310125,1553997863,5,47335,49,8158,1.297257808690402,1558190025,4,47457,49,8083,0.9614939072383498,1551897833,3,47298,49,8118
1.479320091288238,1560293112,12,47534,49,8073,1.3575330815090347,1566581702,10,47504,49,8068,1.031056118310125,1553997863,5,47335,49,8158,1.297257808690402,1558190025,4,47457,49,8083,0.9614939072383498,1551897833,3,47298,49,8118
0.7200707919093794,1549804608,6,47210,49,8067,1.6066059775123573,1551901787,9,47094,49,8093,0.5822790436064083,1547706407,5,47143,49,8118,1.068279804963835,1556093131,4,47355,49,8130,1.5543901976573278,1543509190,3,47037,49,8135
0.7200707919093794,1549804608,6,47210,49,8067,1.6066059775123573,1551901787,9,47094,49,8093,0.5822790436064083,1547706407,5,47143,49,8118,1.068279804963835,1556093131,4,47355,49,8130,1.5543901976573278,1543509190,3,47037,49,8135
0.850012504659567,1551904803,12,47264,49,8100,1.3284642348271474,1558193122,10,47493,49,8136,1.0670603727125558,1553997726,5,47350,49,8142,0.9147789119621246,1551899193,4,47284,49,8070,0.6573454438478012,1547703675,3,47166,49,8135
0.850012504659567,1551904803,12,47264,49,8100,1.3284642348271474,1558193122,10,47493,49,8136,1.0670603727125558,1553997726,5,47350,49,8142,0.9147789119621246,1551899193,4,47284,49,8070,0.6573454438478012,1547703675,3,47166,49,8135
1.683821123575863,1545612990,12,47105,49,8114,0.8915189673645793,1558193360,10,47297,49,8058,0.852666927467247,1551899961,4,47260,49,8136,0.7849375890425245,1549801838,4,47237,49,8114,1.709319131239212,1545606165,4,47108,49,8061
1.683821123575863,1545612990,12,47105,49,8114,0.8915189673645793,1558193360,10,47297,49,8058,0.852666927467247,1551899961,4,47260,49,8136,0.7849375890425245,1549801838,4,47237,49,8114,1.709319131239212,1545606165,4,47108,49,8061
1.2794109156480116,1558195709,11,47446,49,8041,1.6533191070988824,1545609937,10,47108,49,8079,0.6487797499108469,1547706361,5,47171,49,8108,1.4692227935836315,1560287783,4,47520,49,8172,1.7199276365834741,1545606569,4,47108,49,8178
0.6280721090884777,1547708838,10,47168,49,8168,1.2138228346130502,1564484955,10,47441,49,8143,1.5877440727296654,1545609188,5,47061,49,8131,1.045229952509925,1553996541,4,47341,49,8097,1.2706389805104787,1558189194,4,47433,49,8102
0.6280721090884777,1547708838,10,47168,49,8168,1.2138228346130502,1564484955,10,47441,49,8143,1.5877440727296654,1545609188,5,47061,49,8131,1.045229952509925,1553996541,4,47341,49,8097,1.2706389805104787,1558189194,4,47433,49,8102
1.5643852559255047,1562389622,11,47564,49,8071,1.030537457288499,1553998710,10,47366,49,8090,0.8122776172568273,1549803231,5,47240,49,8130,0.9248743790572124,1553996104,4,47297,49,8147,1.4190410218358382,1560285601,3,47498,49,8148
1.5643852559255047,1562389622,11,47564,49,8071,1.030537457288499,1553998710,10,47366,49,8090,0.8122776172568273,1549803231,5,47240,49,8130,0.9248743790572124,1553996104,4,,49,8147,1.4190410218358382,1560285601,3,47498,49,8148
1.2966481212795902,1558196032,12,47453,49,8130,0.8845835584408244,1560289870,9,47303,49,8074,1.2604431336836663,1556094671,5,47430,49,8171,0.9682248394513576,1553996139,4,47304,49,8106,1.773269475672321,1547703642,3,47137,49,8118
1.2966481212795902,1558196032,12,47453,49,8130,0.8845835584408244,1560289870,9,47303,49,8074,1.2604431336836663,1556094671,5,47430,49,8171,0.9682248394513576,1553996139,4,47304,49,8106,1.773269475672321,1547703642,3,47137,49,8118
0.7482213600777248,1549806659,10,47222,49,8135,0,1558192583,8,47483,49,8118,1.3024645130159542,1558191284,4,47450,49,8102,0.9370127313090825,1553995993,4,47298,49,8078,0.8216593364716421,1549800864,3,47235,49,8119
0.7482213600777248,1549806659,10,47222,49,8135,1.316634487658698,1558192583,8,47483,49,8118,0,1556094743,5,47417,49,8112,0.9370127313090825,1553995993,4,47298,49,8078,0.8216593364716421,1549800864,3,47235,49,8119
0.5788086134533431,1547709130,10,47147,49,8176,1.340295871783319,1564484908,10,47491,49,8053,0.6065538916259423,1547706582,5,47153,49,8126,1.076542440619058,1553996184,4,47354,49,8107,1.2741076212689695,1558188752,3,47431,49,8109
0.5788086134533431,1547709130,10,47147,49,8176,1.340295871783319,1564484908,10,47491,49,8053,0.6065538916259423,1547706582,5,47153,49,8126,1.076542440619058,1553996184,4,47354,49,8107,1.2741076212689695,1558188752,3,47431,49,8109
0.713849188418956,1549807001,11,47207,49,8105,0.6178670180754698,1556092971,4,47182,49,8068,1.3773282319076474,1558191160,4,47480,49,8189,1.5311320717872465,1560287680,4,47553,49,8096,0.8443002609302788,1551898011,3,47253,49,8153
0.713849188418956,1549807001,11,47207,49,8105,0.6178670180754698,1556092971,4,47182,49,8068,1.3773282319076474,1558191160,4,47480,49,8189,1.5311320717872465,1560287680,4,47553,49,8096,0.8443002609302788,1551898011,3,47253,49,8153
1.7112578900386866,1547709646,11,47116,49,8074,0.6294941826859112,1556095105,8,47188,49,8055,0.6423536865630375,1547706269,5,47166,49,8125,1.5175680147498505,1560287944,4,47538,49,8111,1.281959422412148,1558189374,4,47442,49,8170
1.7112578900386866,1547709646,11,47116,49,8074,0.6294941826859112,1556095105,8,47188,49,8055,0.6423536865630375,1547706269,5,47166,49,8125,1.5175680147498505,1560287944,4,47538,49,8111,1.281959422412148,1558189374,4,47442,49,8170
0.904783800217467,1551904741,12,47287,49,8102,1.6176215701670054,1551902434,10,47092,49,8093,0.774641294101674,1549802650,4,47221,49,8067,0.9632245182219789,1553995963,4,47309,49,8112,1.2567681760076856,1556092037,3,47425,49,8129
0.904783800217467,1551904741,12,47287,49,8102,1.6176215701670054,1551902434,10,47092,49,8093,0.774641294101674,1549802650,4,47221,49,8067,0.9632245182219789,1553995963,4,47309,49,8112,1.2567681760076856,1556092037,3,47425,49,8129
1.0620600468265682,1554000790,11,47353,49,8078,0.9959626872542673,1560290606,9,47339,49,7993,1.5786669235859738,1560288688,5,47562,49,8126,1.869757300687193,1549801872,4,47173,49,8137,0.9149833900302068,1551897957,3,47280,49,8092
1.0620600468265682,1554000790,11,47353,49,8078,0.9959626872542673,1560290606,9,47339,49,7993,1.5786669235859738,1560288688,5,47562,49,8126,1.869757300687193,1549801872,4,47173,49,8137,0,1551897957,3,47280,49,8092
1.1303973049017992,1556098974,12,47379,49,8095,1.4402523460354824,1566582129,9,47535,49,8042,1.1195880400810576,1553996843,5,47367,49,8155,0.9888284472691259,1553995853,4,47306,49,8131,1.6916748315078678,1545606647,3,47097,49,8097
1.1303973049017992,1556098974,12,47379,49,8095,1.4402523460354824,1566582129,9,47535,49,8042,1.1195880400810576,1553996843,5,47367,49,8155,0.9888284472691259,1553995853,4,47306,49,8131,1.6916748315078678,1545606647,3,47097,49,8097
0.9677154892893258,1554001650,12,47310,49,8151,1.6067082079529513,1551902222,9,47087,49,8031,0.5450516509214094,1547706025,5,47120,49,8102,1.0738898557488452,1553996395,4,47352,49,8128,0.9639401744249053,1553994797,3,47304,49,8118
0.9677154892893258,1554001650,12,47310,49,8151,1.6067082079529513,1551902222,9,47087,49,8031,0.5450516509214094,1547706025,5,47120,49,8102,1.0738898557488452,1553996395,4,47352,49,8128,0.9639401744249053,1553994797,3,47304,49,8118
1.4297517667184156,1560292512,10,47508,49,8180,1.4766636557712132,1566581073,8,47554,49,8116,1.7100365976523717,1545608754,5,47106,49,8156,1.8342623780783172,1547704970,4,47161,49,8168,0.9706711043938839,1553994853,3,47310,49,8118
1.4297517667184156,1560292512,10,47508,49,8180,1.4766636557712132,1566581073,8,47554,49,8116,1.7100365976523717,1545608754,5,47106,49,8156,1.8342623780783172,1547704970,4,47161,49,8168,0.9706711043938839,1553994853,3,47310,49,8118
0,1554001839,12,47314,,8142,0.7519892771617046,1558192761,10,47243,49,8086,0.7981001041801608,1549803512,5,47231,49,8105,1.8349761800211744,1549801527,4,47162,49,8103,0.8566412309270618,1551898011,3,47260,49,8116
0.9754669338728701,1554001839,12,47314,49,8142,0.7519892771617046,1558192761,10,47243,49,8086,0.7981001041801608,1549803512,5,47231,49,8105,1.8349761800211744,1549801527,4,47162,49,8103,0.8566412309270618,1551898011,3,47260,49,8116
0,1560293356,12,47533,49,8117,0.7296532278375847,1549804187,9,47238,49,8102,0.8100339784531772,1549803684,5,47234,49,8137,1.4198551726576498,1560287696,4,47504,49,8091,1.6782111146650887,1545606453,3,47093,49,8105
1.481054416352417,1560293356,12,47533,49,8117,0.7296532278375847,1549804187,9,47238,49,8102,0.8100339784531772,1549803684,5,47234,49,8137,1.4198551726576498,1560287696,4,47504,49,8091,1.6782111146650887,1545606453,3,47093,49,8105
0,1551904487,11,47254,49,8080,0.7689216268740626,1558193311,9,47253,49,8070,0.8326767504029313,1551899786,4,47244,49,11,0.9851553428518872,1553996601,4,47310,49,8160,1.2697207000952218,1558188852,3,47434,49,8123
0.8347140863284915,1551904487,11,47254,49,8080,0.7689216268740626,1558193311,9,47253,49,8070,0.8326767504029313,1551899786,4,47244,49,11,0.9851553428518872,1553996601,4,47310,49,8160,1.2697207000952218,1558188852,3,47434,49,8123
0,1558194854,10,47493,49,8092,0.8635728751656137,1558193713,10,47293,49,8135,0.8342065928296528,1551900542,5,47245,49,8141,1.7242104595116632,1547704792,4,47112,49,8092,0.9150856263002651,1551898082,3,47279,49,8042
1.3985415196478663,1558194854,10,47493,49,8092,0.8635728751656137,1558193713,10,47293,49,8135,0.8342065928296528,1551900542,5,47245,49,8141,1.7242104595116632,1547704792,4,47112,49,8092,0.9150856263002651,1551898082,3,47279,49,8042
1.7231917687452536,1547709886,11,47118,49,8141,1.6443426659987992,1553998567,10,47118,49,8071,0.5916625754894766,1547706011,4,47143,49,8119,0.7753496011205124,1549801586,4,47233,49,8133,1.405986261636098,1558189253,3,47490,49,8162
1.7231917687452536,1547709886,11,47118,49,8141,1.6443426659987992,1553998567,10,47118,49,8071,0.5916625754894766,1547706011,4,47143,49,8119,0.7753496011205124,1549801586,4,47233,49,8133,1.405986261636098,1558189253,3,47490,49,8162
1.5572453727834377,1560292740,12,47561,49,8117,0.8378704308620581,1558192939,8,47273,49,8050,1.2776803486524435,1556094554,5,47433,49,8185,1.868430067200167,1549801743,4,47180,49,2,0.9856646675992916,1553995102,3,47314,49,8116
1.5572453727834377,1560292740,12,47561,49,8117,0.8378704308620581,1558192939,8,47273,49,8050,1.2776803486524435,1556094554,5,47433,49,8185,1.868430067200167,1549801743,4,47180,49,2,0.9856646675992916,1553995102,3,47314,49,8116
1.2719661965209266,1558195853,12,47438,49,8103,1.2441147851397756,1564484650,9,47450,49,8084,0.8194175026760762,1549802982,4,47238,49,8184,1.6741290712783858,1547704694,4,47101,49,8076,0.7772902332092508,1549800547,3,47221,49,8148
1.2719661965209266,1558195853,12,47438,49,8103,1.2441147851397756,1564484650,9,47450,49,8084,0.8194175026760762,1549802982,4,47238,49,8184,1.6741290712783858,1547704694,4,47101,49,8076,0.7772902332092508,1549800547,3,47221,49,8148
0.93313884523408,1551904382,12,47296,49,8087,1.0715401749822744,1562387851,10,47382,49,8093,1.5361343383928616,1560288504,4,47547,49,8125,1.5205235400777855,1545607544,4,47039,49,8122,1.661178383839706,1545606494,3,47083,49,8099
0.93313884523408,1551904382,12,47296,49,8087,1.0715401749822744,1562387851,10,47382,49,8093,1.5361343383928616,1560288504,4,47547,49,8125,1.5205235400777855,1545607544,4,47039,49,8122,1.661178383839706,1545606494,3,47083,49,8099
1.440562890126442,1560292756,10,47513,49,8096,1.3743632103676273,1566582138,10,47509,49,8096,1.5956996468487132,1545609058,5,47059,49,8168,0.9330329166411145,1553995902,4,47303,49,8078,1.0105510771466484,1553995291,3,47326,49,8102
1.440562890126442,1560292756,10,47513,49,8096,1.3743632103676273,1566582138,10,47509,49,8096,1.5956996468487132,1545609058,5,47059,49,8168,0.9330329166411145,1553995902,4,47303,49,8078,1.0105510771466484,1553995291,3,47326,49,8102
1.5697908180760194,1562389797,11,47566,49,8137,1.18016446388456,1556095294,9,47429,49,8115,1.0265688380904705,1553997655,5,47327,49,8122,1.095716576397636,1556093492,4,47364,49,8090,0.7099734965954493,1549800703,3,47193,49,8122
1.5697908180760194,1562389797,11,47566,49,8137,1.18016446388456,1556095294,9,47429,49,8115,1.0265688380904705,1553997655,5,47327,49,8122,1.095716576397636,1556093492,4,47364,49,8090,0.7099734965954493,1549800703,3,47193,49,8122
0.8406289843625058,1551904386,12,47259,49,8142,1.5929396437120558,1551902205,9,47076,49,8043,1.116426119451643,1553997561,5,47366,49,8090,1.6451624662332054,1545607703,4,47089,49,8104,0.9347709501214693,1551898010,3,47285,49,8166
0.8406289843625058,1551904386,12,47259,49,8142,1.5929396437120558,1551902205,9,47076,49,8043,1.116426119451643,1553997561,5,47366,49,8090,1.6451624662332054,1545607703,4,47089,49,8104,0.9347709501214693,1551898010,3,47285,49,8166
0.6101211037380547,1547710173,12,47159,49,8096,0.9494521713807033,1560290689,9,47321,49,8049,0.6411305424409943,1547706164,5,47162,49,8118,1.4028243402260732,1560287189,4,47489,49,8069,1.5711142933383775,1545605790,3,47054,49,8102
0.6101211037380547,1547710173,12,47159,49,8096,0.9494521713807033,1560290689,9,47321,49,8049,0.6411305424409943,1547706164,5,47162,49,8118,1.4028243402260732,1560287189,4,47489,49,8069,1.5711142933383775,1545605790,3,47054,49,8102
1.0337050042953364,1554000800,10,47342,49,8113,1.3652845195549748,1566582171,10,47508,49,8088,1.0990866750542778,1553997667,5,47360,49,8105,0.6890631995438187,1549801679,4,47191,49,8074,0.6816184599925085,1549800531,3,47183,49,8093
1.0337050042953364,1554000800,10,47342,49,8113,1.3652845195549748,1566582171,10,47508,49,8088,1.0990866750542778,1553997667,5,47360,49,8105,0.6890631995438187,1549801679,4,47191,49,8074,0.6816184599925085,1549800531,3,47183,49,8093
0.572382542522985,1547709490,11,47146,49,8156,1.1076466665482576,1562387234,9,47386,49,8088,1.4354659386894462,1560288849,5,47502,49,8145,0.8373666987928784,1551898714,4,47241,49,8148,1.391299421533304,1558189456,3,47481,49,8118
0.572382542522985,1547709490,11,47146,49,8156,1.1076466665482576,1562387234,9,47386,49,8088,1.4354659386894462,1560288849,5,47502,49,8145,0.8373666987928784,1551898714,4,47241,49,8148,1.391299421533304,1558189456,3,47481,49,8118
0.6084890249944623,1547707643,6,47160,49,8147,0.9903526540577315,1560290845,10,47344,49,8096,1.2447357747887149,1556095199,5,47420,49,8141,1.6092604527285874,1545607754,4,47074,49,8093,1.3664130144560298,1558189136,3,47469,49,8160
0.6149150964042641,1547709993,11,47161,49,8115,0.9016162887913596,1560289536,9,47310,49,8143,1.0632868953181762,1553997168,4,47343,49,8136,0.8725530623268318,1551899118,4,47265,49,8112,1.4143492631874242,1558189226,3,47495,49,8112
0.6149150964042641,1547709993,11,47161,49,8115,0.9016162887913596,1560289536,9,47310,49,8143,1.0632868953181762,1553997168,4,47343,49,8136,0.8725530623268318,1551899118,4,47265,49,8112,1.4143492631874242,1558189226,3,47495,49,8112
1.0888852516191152,1554001390,11,47362,49,8156,1.0005522150335,1560291112,10,47348,49,8132,1.5009461237538921,1560289359,5,47532,49,8126,1.1892450763925702,1556092776,4,47408,49,8134,0.7115033389454759,1549800629,3,47194,49,8182
1.0888852516191152,1554001390,11,47362,49,8156,1.0005522150335,1560291112,10,47348,49,8132,1.5009461237538921,1560289359,5,47532,49,8126,1.1892450763925702,1556092776,4,47408,49,8134,0.7115033389454759,1549800629,3,47194,49,8182
0.6155266672041149,1547710023,12,47163,49,8162,1.5688674192545082,1551900986,8,47072,49,8091,0.9794467444678884,1553997476,5,47309,49,8163,0.7653545093510093,1549801912,4,47228,49,8114,1.6610761486300085,1545606373,3,47084,49,8138
0,,,,,,1.5688674192545082,1551900986,8,47072,49,8091,0.9794467444678884,1553997476,5,47309,49,8163,0.7653545093510093,1549801912,4,47228,49,8114,1.6610761486300085,1545606373,3,47084,49,8138
1.1605870380968375,1556098490,10,47395,49,8090,0.9521047694233213,1560290865,10,47319,49,8027,1.6722980310408384,1545609185,5,47092,49,8087,1.5285817071163201,1560287624,3,47553,49,8086,1.367024573490161,1558188799,3,47471,49,8090
1.1605870380968375,1556098490,10,47395,49,8090,0.9521047694233213,1560290865,10,47319,49,8027,1.6722980310408384,1545609185,5,47092,49,8087,1.5285817071163201,1560287624,3,47553,49,8086,1.367024573490161,1558188799,3,47471,49,8090
0.6697886266269703,1549807343,12,47183,49,8066,0.572886358571542,1547707458,10,47173,49,8054,1.1563060968563683,1556094935,5,47383,49,8163,1.0573664447650288,1553996807,4,47349,49,8044,1.111323572336367,1553994729,3,47362,49,8100
0.6697886266269703,1549807343,12,47183,49,8066,0.572886358571542,1547707458,10,47173,49,8054,1.1563060968563683,1556094935,5,47383,49,8163,1.0573664447650288,1553996807,4,47349,49,8044,1.111323572336367,1553994729,3,47362,49,8100
1.171295922710538,1556098691,11,47402,49,8161,1.509301503172896,1568678974,10,47566,49,8113,0.6236888716527597,1547705837,4,47157,49,8142,0.8749993266364774,1553995672,4,47273,49,8070,0.7365942226795146,1549801058,3,47204,49,8093
1.171295922710538,1556098691,11,47402,49,8161,1.509301503172896,1568678974,10,47566,49,8113,0.6236888716527597,1547705837,4,47157,49,8142,0.8749993266364774,1553995672,4,47273,49,8070,0.7365942226795146,1549801058,3,47204,49,8093
1.3068476847597998,1558196170,12,47457,49,8045,0.7424031566192427,1556096418,9,47229,49,8091,0.6025759426539355,1547706332,4,47148,49,8103,1.2121945617913716,1556093533,4,47415,49,8163,1.2688043012172412,1556091971,3,47426,49,8117
1.3068476847597998,1558196170,12,47457,49,8045,0.7424031566192427,1556096418,9,47229,49,8091,0.6025759426539355,1547706332,4,47148,49,8103,1.2121945617913716,1556093533,4,47415,49,8163,1.2688043012172412,1556091971,3,47426,49,8117
1.4653470498943886,1560293057,11,47527,49,8161,1.1835308820671824,1562387416,9,47424,49,8088,0.5868685809842488,1547706655,5,47142,49,8104,1.4869693156665291,1560288036,4,47529,49,8113,1.722271670171122,1547703496,3,47116,49,8097
1.4653470498943886,1560293057,11,47527,49,8161,1.1835308820671824,1562387416,9,47424,49,8088,0.5868685809842488,1547706655,5,47142,49,8104,1.4869693156665291,1560288036,4,47529,49,8113,1.722271670171122,1547703496,3,47116,49,8097
1.657811971067287,1545610194,6,47093,49,8142,1.5808013014829605,1551902275,10,47081,49,8125,1.7301290171615697,1547705866,5,47117,49,8161,1.733389501842275,1547704828,4,47121,49,8128,1.02472859859061,1553994774,3,47331,49,8123
1.657811971067287,1545610194,6,47093,49,8142,1.5808013014829605,1551902275,10,47081,49,8125,1.7301290171615697,1547705866,5,47117,49,8161,1.733389501842275,1547704828,4,47121,49,8128,0.8724508314764684,1551898036,3,47264,49,8154
0.8461367898149569,1551904415,11,47259,49,8134,0.6077697089115516,1553997985,8,47173,49,8021,0.9568039736342057,1551900100,4,47299,49,8143,1.6798431897029433,1545607172,4,47094,49,8096,1.7248220235269869,1547703518,3,47115,49,8152
0.8461367898149569,1551904415,11,47259,49,8134,0.6077697089115516,1553997985,8,47173,49,8021,0.9568039736342057,1551900100,4,47299,49,8143,1.6798431897029433,1545607172,4,47094,49,8096,1.7248220235269869,1547703518,3,47115,49,8152
0.7711708419734871,1549807455,12,47226,49,8102,0.686204267415729,1556096754,10,47212,49,8089,0.7026327874248693,1549803271,5,47191,49,8142,0.9116151384590747,1551899233,4,47290,49,8110,0.8097254625295113,1549800691,3,47232,49,8097
0.7711708419734871,1549807455,12,47226,49,8102,0.686204267415729,1556096754,10,47212,49,8089,0.7026327874248693,1549803271,5,47191,49,8142,0.9116151384590747,1551899233,4,47290,49,8110,0.8097254625295113,1549800691,3,47232,49,8097
1.047882531785884,1554001603,12,47345,49,8081,0.8148187301050475,1558193600,9,47263,49,8083,1.050639213628979,1553998173,5,47339,49,8162,1.2232101645233655,1556093165,4,47419,49,8082,1.3805905375423104,1558189378,3,47475,49,8113
1.047882531785884,1554001603,12,47345,49,8081,0.8148187301050475,1558193600,9,47263,49,8083,1.050639213628979,1553998173,5,47339,49,8162,1.2232101645233655,1556093165,4,47419,49,8082,1.3805905375423104,1558189378,3,47475,49,8113
0.9479279370466259,1551903901,11,47301,49,8086,1.2361588759724051,1564483813,8,47444,49,8061,0.9937265035337454,1553997832,5,47313,49,8157,1.5419431923684326,1560287758,4,47558,49,8104,1.7151317891072597,1547703424,3,47115,49,8087
0.9479279370466259,1551903901,11,47301,49,8086,1.2361588759724051,1564483813,8,47444,49,8061,0.9937265035337454,1553997832,5,47313,49,8157,1.5419431923684326,1560287758,4,47558,49,8104,0,1547703424,3,47115,49,8087
1.4648377435820086,1560293417,12,47521,49,8062,0.7680033644045726,1549804143,10,47242,49,8092,1.706874677857595,1545608859,5,47105,49,8141,1.098569900542888,1556093660,4,47377,49,8106,1.4526993919446871,1560286499,3,47512,49,8065
0.6970209308570924,1549807424,12,47193,49,8098,1.7230839581408692,1553999372,10,47134,49,8096,1.1710951844281017,1556095208,5,47390,49,8131,0.7721876787317862,1549802142,4,47233,49,8103,1.2559521358431571,1556092303,3,47425,49,8131
0.8829570786874563,1551904473,11,47274,49,8072,1.4988993706332414,1560290770,10,47547,49,8062,0.6245049095993581,1547706502,5,47157,49,8125,0.7479146812209113,1549802195,4,47215,49,8105,0.8371603830885493,1551897729,3,47251,49,8111
0.6783561186851587,1549806753,11,47184,49,8072,0.6783505912699164,1556095987,8,47200,49,8097,0.6299104766762798,1547705693,4,47160,49,8121,1.1377398180331415,1556093442,4,47377,49,8124,1.340097120037324,1558189268,3,47464,49,8156
0.6714207101539964,1549807054,12,47180,49,8135,0.8811168086776336,1558193705,10,47284,49,8025,1.063184658067062,1553997526,4,47344,49,8181,1.2206616827862948,1556093523,4,47412,49,8110,0.8118668731898441,1549800882,3,47235,49,8170
0.8473617766382106,1551904475,11,47253,49,8043,0.6132775115514918,1556095726,9,47182,49,8080,1.330512852883923,1558192370,5,47459,49,8083,1.3297971977503402,1558190841,4,47454,49,8133,1.7915271924406733,1547703819,3,47142,49,8091
0.8473617766382106,1551904475,11,47253,49,8043,0.6132775115514918,1556095726,9,47182,49,8080,1.330512852883923,1558192370,5,47459,49,8083,1.3297971977503402,1558190841,4,47454,49,8133,1.7915271924406733,1547703819,3,47142,49,8091
1.4361778635434592,1560292795,11,47504,49,8079,1.6341431246926472,1551900896,8,47109,49,8044,0.9608841689770204,1551900284,4,47299,49,8151,1.2720646963089284,1558189829,3,47443,49,8069,0.6957959755660863,1549800672,3,47189,49,8142
1.4361778635434592,1560292795,11,47504,49,8079,1.6341431246926472,1551900896,8,47109,49,8044,0.9608841689770204,1551900284,4,47299,49,8151,1.2720646963089284,1558189829,3,47443,49,8069,0.6957959755660863,1549800672,3,47189,49,8142
0.846443502259539,1551904733,11,47254,49,8074,1.3627341629242937,1566581759,10,47506,49,8073,0.5368912746575941,1547706252,5,47120,49,8186,1.3399929885364257,1558190482,4,47473,49,8102,0.9612875820541109,1553994831,3,47306,49,8136
0.846443502259539,1551904733,11,47254,49,8074,1.3627341629242937,1566581759,10,47506,49,8073,0.5368912746575941,1547706252,5,47120,49,8186,1.3399929885364257,1558190482,4,47473,49,8102,0.9612875820541109,1553994831,3,47306,49,8136
0.8073795674620587,1549806273,10,47237,49,8083,1.515318615175089,1568678682,10,47562,49,8073,1.5535760309616014,1560287987,4,47552,49,8088,1.7358376215790703,1547705028,4,47120,49,8058,1.5570390071157407,1545606326,4,4749,49,8155
0.8081956061299342,1549806868,11,47237,49,8095,0,1553999308,10,47163,49,8078,1.5535760309616014,1560287987,4,47552,49,8088,1.7358376215790703,1547705028,4,47120,49,8058,1.5570390071157407,1545606326,4,47049,49,8155
1.6851465058864705,1545612741,11,47103,49,8072,1.3136770682896248,1564484994,9,47475,49,8104,1.707690716604623,1545609099,5,47105,49,8115,0.94150002348091,1553996177,4,47300,49,8095,1.1491625072535212,1556092199,3,47384,49,8100
1.6851465058864705,1545612741,11,47103,49,8072,1.3136770682896248,1564484994,9,47475,49,8104,1.707690716604623,1545609099,5,47105,49,8115,0.94150002348091,1553996177,4,47300,49,8095,1.1491625072535212,1556092199,3,47384,49,8100
0.6924314082431616,1549807536,12,47188,49,8184,1.6640280033069015,1553995667,4,47112,49,8010,0.9552741317060226,1551900474,5,47298,49,8091,1.4987990617211133,1560287655,4,47540,49,8121,1.250851414717408,1558189234,3,47427,49,8075
0.6924314082431616,1549807536,12,47188,49,8184,1.6640280033069015,1553995667,4,47112,49,8010,0.9552741317060226,1551900474,5,47298,49,8091,1.4987990617211133,1560287655,4,47540,49,8121,1.250851414717408,1558189234,3,47427,49,8075
1.5925358374512724,1562389884,11,47571,49,8127,0.6470381092850807,1556096519,10,47195,49,8154,0.6276668285562333,1547706398,5,47158,49,8125,1.483705154089715,1560287932,4,,49,8072,0,,,,,
1.5925358374512724,1562389884,11,47571,49,8127,0.6470381092850807,1556096519,10,47195,49,8154,0.6276668285562333,1547706398,5,47158,49,8125,1.483705154089715,1560287932,4,47528,49,8072,0.8134989504589909,1549800341,3,47235,49,8112
1.7206414252251785,1545612057,10,47115,49,8145,1.2020934442398463,1562386681,8,47425,49,8079,0.9444630016986579,1551899621,4,47292,49,8136,1.5517356915158713,1560287405,4,47557,49,8075,1.4754443998827829,1560286803,3,47521,49,8116
1.4446431043231478,1560293114,11,47509,49,8155,1.101322835909483,1562386796,8,47381,49,8070,0.5781988623877165,1547706526,5,47139,49,8142,1.3005200952063265,1558190799,4,47460,49,8105,0.6654017607737134,1549800495,3,47175,49,8043
1.4446431043231478,1560293114,11,47509,49,8155,1.101322835909483,1562386796,8,47381,49,8070,0.5781988623877165,1547706526,5,47139,49,8142,1.3005200952063265,1558190799,4,47460,49,8105,0.6654017607737134,1549800495,3,47175,49,8043
1.7158474275855473,1547709795,11,47114,49,8064,1.1944442462282312,1556096209,10,47428,49,8146,0.9206974837087013,1551900833,5,47285,49,8117,1.6787204464154242,1545607964,4,47096,49,8142,1.6793338595512028,1545606520,3,47090,49,8081
1.434648018864844,1560293103,12,47505,49,42,1.0251337867668682,1560290743,10,47352,49,8047,1.7399214869148865,1547705080,4,47115,49,8169,0.8193116124657688,1551898910,3,47242,49,8143,1.07705363604737,1553994459,3,47347,49,8071
1.434648018864844,1560293103,12,47505,49,42,1.0251337867668682,1560290743,10,47352,49,8047,1.7399214869148865,1547705080,4,47115,49,8169,0.8193116124657688,1551898910,3,47242,49,8143,1.07705363604737,1553994459,3,47347,49,8071
1.2090345010680275,1556097870,10,47413,49,8118,0.8230813651472461,1558193980,10,47269,49,8102,1.4276122588475113,1558191552,5,47497,49,8158,0.9645517393026511,1553996185,4,47306,49,8062,0.6415358496583373,1547703394,3,47161,49,8094
0.9950500267372223,1554001547,11,47319,49,8089,0.5716650780210325,1553999515,10,47150,49,8086,1.1023508371708006,1553997820,5,47358,49,8129,1.1123422181648717,1556092843,4,47369,49,8114,1.5706068924674186,1560286492,3,47552,49,8108
1.0268718431272812,1553999301,6,47335,49,8102,1.2280003685374812,1564484390,10,47435,49,8081,1.2125050065777174,1556095067,5,47406,49,8155,0.993211633012136,1553996464,4,47321,49,8145,1.4172063583351562,1558189399,3,47488,49,8077
1.0268718431272812,1553999301,6,47335,49,8102,1.2280003685374812,1564484390,10,47435,49,8081,1.2125050065777174,1556095067,5,47406,49,8155,0.993211633012136,1553996464,4,47321,49,8145,1.4172063583351562,1558189399,3,47488,49,8077
0.8822432759763579,1551901662,5,47273,49,8119,1.0397183896432318,1560290360,10,47361,49,8091,0.9865866278718416,1553996825,4,47309,49,5,1.5967150143449558,1545606826,4,47068,49,8170,1.1271313138598673,1556092125,4,47372,49,8110
0.8822432759763579,1551901662,5,47273,49,8119,1.0397183896432318,1560290360,10,47361,49,8091,0.9865866278718416,1553996825,4,47309,49,5,1.5967150143449558,1545606826,4,47068,49,8170,1.1271313138598673,1556092125,4,47372,49,8110
1.5815202268336366,1562390182,12,47569,49,8067,1.5124634287020344,1568678786,10,47566,49,8125,1.6973889224296144,1545608728,4,47100,49,8172,1.4643265530300884,1562384260,4,47518,49,8076,1.75664384856408,1547703359,3,47128,49,8158
1.5815202268336366,1562390182,12,47569,49,8067,1.5124634287020344,1568678786,10,47566,49,8125,1.6973889224296144,1545608728,4,47100,49,8172,1.4643265530300884,1562384260,4,47518,49,8076,1.75664384856408,1547703359,3,47128,49,8158
1.5218526802231576,1560293292,12,47546,49,8104,0.8923350178679494,1560289922,10,47302,49,8113,1.7421651326763299,1547705037,4,47117,49,8149,1.69707854698389,1547704871,4,47108,49,8124,1.5663222014859317,1543509450,4,47042,49,8074
1.5218526802231576,1560293292,12,47546,49,8104,0.8923350178679494,1560289922,10,47302,49,8113,1.7421651326763299,1547705037,4,47117,49,8149,1.69707854698389,1547704871,4,47108,49,8124,1.5663222014859317,1543509450,4,47042,49,8074
1.6908587732062932,1545612250,11,47105,49,8070,0.9206900579028929,1560290590,10,47312,49,8139,0.9553763716860716,1551900764,5,47295,49,8140,1.2179068459236002,1556093355,4,47414,49,8155,1.7834690480929198,1547703790,3,47137,49,8087
1.6908587732062932,1545612250,11,47105,49,8070,0.9206900579028929,1560290590,10,47312,49,8139,0.9553763716860716,1551900764,5,47295,49,8140,1.2179068459236002,1556093355,4,47414,49,8155,1.7834690480929198,1547703790,3,47137,49,8087
0.8262488445593605,1551903174,9,47246,49,8134,1.1912823253899123,1562388146,10,47419,49,8044,1.412109372962299,1558191199,4,47489,49,0,0.7033429524130199,1549802334,4,47195,49,8094,0.824719030234168,1549800868,3,47233,49,8092
0.8262488445593605,1551903174,9,47246,49,8134,1.1912823253899123,1562388146,10,47419,49,8044,1.412109372962299,1558191199,4,47489,49,0,0.7033429524130199,1549802334,4,47195,49,8094,0.824719030234168,1549800868,3,47233,49,8092
0.9881146214376959,1554000995,10,47315,49,8112,1.4934918973232993,1560290692,10,47552,49,8097,0.6511256426084331,1547706465,5,47166,49,8167,1.856905139857846,1547704229,4,47173,49,8105,0.8828548729369986,1551898235,3,47263,49,8102
0.9881146214376959,1554000995,10,47315,49,8112,1.4934918973232993,1560290692,10,47552,49,8097,0.6511256426084331,1547706465,5,47166,49,8167,1.856905139857846,1547704229,4,47173,49,8105,0.8828548729369986,1551898235,3,47263,49,8102
0.8010557213115138,1549806387,11,47238,49,8121,0,1564484831,9,47467,49,8091,1.586927682692479,1545608439,4,47055,49,8111,1.0027996309048168,1553996621,4,47323,49,8109,1.8310000828581092,1547703463,3,47151,49,8077
0.8010557213115138,1549806387,11,47238,49,8121,1.2875656577695525,1564484831,9,47467,49,8091,1.586927682692479,1545608439,4,47055,49,8111,1.0027996309048168,1553996621,4,47323,49,8109,1.8310000828581092,1547703463,3,47151,49,8077
0.5715665096397805,1547709947,11,47144,49,8175,1.175574962841006,1562387686,10,47421,49,8080,1.358765668981833,1558192283,5,47468,49,0,1.3757946464482256,1558190421,4,47482,49,8103,1.5832526784692593,1545606322,3,47052,49,8148
0.5715665096397805,1547709947,11,47144,49,8175,1.175574962841006,1562387686,10,47421,49,8080,1.358765668981833,1558192283,5,47468,49,0,1.3757946464482256,1558190421,4,47482,49,8103,1.5832526784692593,1545606322,3,47052,49,8148
1.5066546233913511,1560293258,12,47544,49,8089,1.0054484648779307,1560290424,9,47345,49,8091,1.0224886455883013,1553997822,5,47325,49,8147,1.6782092661117227,1547704875,4,47101,49,8102,1.3252057982306438,1558189418,3,47457,49,8103
1.5066546233913511,1560293258,12,47544,49,8089,1.0054484648779307,1560290424,9,47345,49,8091,1.0224886455883013,1553997822,5,47325,49,8147,1.6782092661117227,1547704875,4,47101,49,8102,1.3252057982306438,1558189418,3,47457,49,8103
1.2616643953340463,1558194276,9,47434,49,8142,0.8559236888680152,1558193925,10,47275,49,8114,0.7122207825599843,1549803219,4,47191,49,8106,0.8493991166542588,1551899294,4,47259,49,8141,1.1106097708669236,1553994777,3,47361,49,8148
1.2616643953340463,1558194276,9,47434,49,8142,0.8559236888680152,1558193925,10,47275,49,8114,0.7122207825599843,1549803219,4,47191,49,8106,0.8493991166542588,1551899294,4,47259,49,8141,1.1106097708669236,1553994777,3,47361,49,8148
0.940176489981164,1551904209,12,47298,49,8127,0.591553022026927,1553998647,9,47171,49,8083,1.5346045025057378,1560289226,5,47544,49,8131,1.1887357590379253,1558190396,4,47404,49,8049,0.8223712989191907,1551897255,3,47243,49,8108
0.940176489981164,1551904209,12,47298,49,8127,0.591553022026927,1553998647,9,47171,49,8083,1.5346045025057378,1560289226,5,47544,49,8131,1.1887357590379253,1558190396,4,47404,49,8049,0.8223712989191907,1551897255,3,47243,49,8108
0.596759626322736,1547710500,12,47153,49,8118,1.5390847893320143,1568678651,9,47577,49,8074,1.0904169570194215,1553997601,5,47355,49,8130,1.689631959161527,1545607345,3,47109,49,8031,1.7617445482165306,1547703525,3,47129,49,8146
1.4593299386201148,1560292975,11,47520,49,8062,1.297358148095501,1564485214,9,47467,49,8109,0.6409260805801359,1547706681,5,47162,49,13,0.8621490311079483,1551899096,4,47262,49,8158,1.4094530184471417,1560286020,3,47495,49,8147
1.4593299386201148,1560292975,11,47520,49,8062,1.297358148095501,1564485214,9,47467,49,8109,0.6409260805801359,1547706681,5,47162,49,13,0.8621490311079483,1551899096,4,47262,49,8158,1.423732785814454,1560286499,4,47499,49,8144
1.7192138123158562,1547709723,11,47116,49,8169,1.341011594653829,1564485076,10,47478,49,8020,0.8614388953179121,1551900537,5,47256,49,8100,1.8389541340616578,1547704758,4,47165,49,8115,1.6333326776020742,1545606737,3,47076,49,8121
1.7192138123158562,1547709723,11,47116,49,8169,1.341011594653829,1564485076,10,47478,49,8020,0.8614388953179121,1551900537,5,47256,49,8100,1.8389541340616578,1547704758,4,47165,49,8115,1.6333326776020742,1545606737,3,47076,49,8121
1.6165043895963644,156230575,12,47587,,8178,0.8520479711744644,1558193665,9,47280,49,8072,0.8238025643808128,1549803284,5,47241,49,8119,1.1893473194014081,1556093010,4,47406,49,8142,1.4217939783271345,1560286240,3,47502,49,8031
1.6165043895963644,1562390575,12,47587,49,8178,0.8520479711744644,1558193665,9,47280,49,8072,0.8238025643808128,1549803284,5,47241,49,8119,1.1893473194014081,1556093010,4,47406,49,8142,1.4217939783271345,1560286240,3,47502,49,8031
0.6509193511081883,1547709848,11,47174,49,8061,0.8994749007197591,1558193370,10,47295,49,8038,0.976489300972152,1551900186,5,47304,49,8136,0.926608701037262,1551899122,4,47294,49,8081,1.5650971799638698,1545605910,3,47049,49,8090
0.6636692609139788,1549806606,11,47177,49,8118,0.9222199019736504,1560287263,4,47304,49,8073,1.1086746801795337,1553997589,5,47359,49,8096,1.7859152965425003,1547704733,4,47149,49,8078,1.605384736276018,1545606264,3,47070,49,8084
0.8594982688164337,1551904682,12,47265,49,8049,1.241768926904981,1564484700,10,47443,49,8092,1.1857820392154075,1556094079,4,47395,49,8098,1.4355625315797367,1560288020,4,47512,49,8118,1.6362901260691796,1545606479,3,47079,49,8107
0.8594982688164337,1551904682,12,47265,49,8049,1.241768926904981,1564484700,10,47443,49,8092,1.1857820392154075,1556094079,4,47395,49,8098,1.4355625315797367,1560288020,4,47512,49,8118,1.6362901260691796,1545606479,3,47079,49,8107
0.8656176357408675,1551904310,11,47269,49,8077,1.5367389127048083,1568679118,10,47567,49,8026,1.1845589132141188,1556095013,5,47391,49,8162,1.5487782560988415,1560287741,4,47554,49,8142,1.435462183768039,1560286231,3,47506,49,8099
0.5461707536501219,1547710072,11,47129,49,8096,1.3544734181118279,1558192495,9,47498,49,8093,1.756851988663704,1547705747,4,47124,49,8148,0.8408334809530603,1551899300,4,47247,49,8101,0.8590893450070087,1551897629,3,47261,49,8153
1.4040493243689884,1558194836,10,47494,49,8090,1.0981609189140853,1562386483,8,47379,49,8062,1.0796058310107581,1553998094,5,47348,49,8170,1.3817095221323008,1558190314,4,47488,49,8080,1.44392742333933,1560286468,3,47511,49,8114
1.4040493243689884,1558194836,10,47494,49,8090,1.0981609189140853,1562386483,8,47379,49,8062,1.0796058310107581,1553998094,5,47348,49,8170,1.3817095221323008,1558190314,4,47488,49,8080,1.44392742333933,1560286468,3,47511,49,8114
1.0299315230369568,1553998739,6,47338,49,8102,0.7798350100141572,1558193325,10,47252,49,8102,1.561429720854385,1560288857,4,47552,49,8121,1.8486425069449195,1549801830,4,47174,49,8132,0.8144172217524381,1549800702,3,47235,49,8086
1.0299315230369568,1553998739,6,47338,49,8102,0.7798350100141572,1558193325,10,47252,49,8102,1.561429720854385,1560288857,4,47552,49,8121,1.8486425069449195,1549801830,4,47174,49,8132,0.8144172217524381,1549800702,3,47235,49,8086
0.6783561163073142,1549807085,11,47185,49,8148,1.6735137657672623,1545609957,10,47114,49,8065,0.7942243865209028,1549803691,5,47226,49,8110,1.222496367188981,1556093355,4,47417,49,8083,1.3813043348971932,1558189650,3,47477,49,8119
0.6783561163073142,1549807085,11,47185,49,8148,1.6735137657672623,1545609957,10,47114,49,8065,0.7942243865209028,1549803691,5,47226,49,8110,1.222496367188981,1556093355,4,47417,49,8083,1.2650308145110194,1556092356,4,47425,49,8150
0.9748553734194372,1554001394,11,47310,49,8127,1.6386322792492884,1551901165,8,47103,49,8072,0.6847840168640886,1549802757,4,47179,49,8145,1.0819461382363245,1553995888,4,47363,49,8142,1.26574273617612,1558189251,3,47434,49,8057
0.9748553734194372,1554001394,11,47310,49,8127,1.6386322792492884,1551901165,8,47103,49,8072,0.6847840168640886,1549802757,4,47179,49,8145,1.0819461382363245,1553995888,4,47363,49,8142,1.26574273617612,1558189251,3,47434,49,8057
1.268702037711265,1558195891,12,47437,49,8113,1.5754979856170266,1568678474,8,47578,49,8082,0.5949267324707647,1547705589,4,47140,49,25,0.8935618996271678,1553995908,4,47282,49,8090,1.2614599350071904,1556092062,3,47428,49,8129
1.268702037711265,1558195891,12,47437,49,8113,1.5754979856170266,1568678474,8,47578,49,8082,0.5949267324707647,1547705589,4,47140,49,25,0.8935618996271678,1553995908,4,47282,49,8090,1.2614599350071904,1556092062,3,47428,49,8129
0.6046133066222861,1547708891,10,47156,49,8145,0.6846744363610164,1556096353,9,47200,49,8095,0.6826426020550795,1547705717,5,47176,49,8130,1.1181548638391754,1556093485,4,47376,49,8078,1.4063933333418899,1558188987,3,47495,49,8101
0.6046133066222861,1547708891,10,47156,49,8145,0.6846744363610164,1556096353,9,47200,49,8095,0.6826426020550795,1547705717,5,47176,49,8130,1.1181548638391754,1556093485,4,47376,49,8078,1.4063933333418899,1558188987,3,47495,49,8101
0.8477688776612494,1551904123,11,47255,49,8157,0.5301530421436716,1553999356,10,47139,49,8084,1.7343114562949065,1545608666,5,47111,49,8092,0.9255881869284811,1553995690,3,47296,49,8113,1.2619692553222734,1556091780,3,47431,49,8183
0.8477688776612494,1551904123,11,47255,49,8157,0.5301530421436716,1553999356,10,47139,49,8084,1.7343114562949065,1545608666,5,47111,49,8092,0.9255881869284811,1553995690,3,47296,49,8113,1.2619692553222734,1556091780,3,47431,49,8183
0.9527219451927643,1551903922,11,47298,49,8126,1.5772322999886448,1551901893,9,47073,49,8139,1.56999720775932,1560289052,5,47554,49,8127,0.8021766419059688,1549801607,3,47235,49,8105,1.10958924957754,1553994734,3,47365,49,8151
0.5779925929578992,1547707117,5,47140,49,8131,1.4417822084663714,1566582267,10,47529,49,8099,0.7106909453357946,1549803505,5,47187,49,8103,1.4130239012205468,1560287798,4,47494,49,8050,1.5578550484875913,1545606383,3,47049,49,8115
0.5779925929578992,1547707117,5,47140,49,8131,1.4417822084663714,1566582267,10,47529,49,8099,0.7106909453357946,1549803505,5,47187,49,8103,1.4130239012205468,1560287798,4,47494,49,8050,1.5578550484875913,1545606383,3,47049,49,8115
0.7829002556543595,1549807299,12,47227,49,8158,1.3863974592939952,1566580822,9,47504,49,8050,1.7376778462740767,1545608438,4,47110,49,8112,1.274923659043855,1558190471,4,47432,49,8096,1.4092504244021498,1558188816,3,47490,49,8041
0.7829002556543595,1549807299,12,47227,49,8158,1.3863974592939952,1566580822,9,47504,49,8050,1.7376778462740767,1545608438,4,47110,49,8112,1.274923659043855,1558190471,4,47432,49,8096,1.4092504244021498,1558188816,3,47490,49,8041
0.8042176527838317,1549807235,12,47234,49,8172,1.6252707995849507,1551902132,10,47098,49,8149,1.5290967055988338,1560289600,5,47539,49,0,1.5332753730925444,1560288104,4,47547,49,8124,1.111119093137998,1553994800,3,47365,49,8087
1.6688275816968465,1545613113,11,47093,49,8113,1.3446828320927842,1564484826,10,47489,49,8113,0.6881504058772911,1547705695,5,47176,49,3,0.9328303003496192,1551899087,4,47298,49,8079,1.5579572919769118,1545606315,3,47048,49,8161
1.6688275816968465,1545613113,11,47093,49,8113,1.3446828320927842,1564484826,10,47489,49,8113,0.6881504058772911,1547705695,5,47176,49,3,0.9328303003496192,1551899087,4,47298,49,8079,1.5579572919769118,1545606315,3,47048,49,8161
1.3257169886479347,1558195423,10,47457,49,8172,0.9867836682030273,1560290891,10,47334,49,8100,1.002293998066933,1553997323,4,47312,49,8141,1.5303160333615067,1560288121,4,47552,49,8108,0.8453207713216327,1551897868,3,47251,49,8081
1.3257169886479347,1558195423,10,47457,49,8172,0.9867836682030273,1560290891,10,47334,49,8100,1.002293998066933,1553997323,4,47312,49,8141,1.5303160333615067,1560288121,4,47552,49,8108,0.8453207713216327,1551897868,3,47251,49,8081
1.050228422656202,1554001204,11,47342,49,8109,0.6579514717114894,1556095573,8,47192,49,8042,1.3533601125111931,1558192391,5,47462,49,8114,0.8633758564090883,1551898746,4,47251,49,8106,1.4125145870793787,1558189263,3,47490,49,8089
1.6188502827168185,1562389989,11,47583,49,8090,0.9078379005251042,1560290276,10,47310,49,8160,1.3493821508391937,1558192404,5,47461,49,8123,1.7886701239925344,1547704940,4,47147,49,8109,1.5530629482016614,1543509137,3,47040,49,8133
1.6188502827168185,1562389989,11,47583,49,8090,0.9078379005251042,1560290276,10,47310,49,8160,1.3493821508391937,1558192404,5,47461,49,8123,1.7886701239925344,1547704940,4,47147,49,8109,1.5530629482016614,1543509137,3,47040,49,8133
1.7458345519915845,1547709866,11,47122,49,8096,1.0624633923243774,1553998546,9,47362,49,8050,0.6754004966308612,1547705906,5,47173,49,8122,0.7722917612974574,1549801684,4,47224,49,8148,1.2648244582608132,1558189417,3,47434,49,8100
1.7458345519915845,1547709866,11,47122,49,8096,1.0624633923243774,1553998546,9,47362,49,8050,0.6754004966308612,1547705906,5,47173,49,8122,0.7722917612974574,1549801684,4,47224,49,8148,1.2648244582608132,1558189417,3,47434,49,8100
1.4832980725131475,1560292885,11,47528,49,8141,0.5900213332569293,1547706798,9,47178,49,8091,0.8920375876579147,1551900623,5,47266,49,8144,1.2602330499250531,1558189830,4,47440,49,8137,0.6709095603804284,1547702808,3,47177,49,8135
1.4832980725131475,1560292885,11,47528,49,8141,0.5900213332569293,1547706798,9,47178,49,8091,0.8920375876579147,1551900623,5,47266,49,8144,1.2602330499250531,1558189830,4,47440,49,8137,0.6709095603804284,1547702808,3,47177,49,8135
1.327858388172904,1558195547,11,47460,49,8148,1.453102626700619,1566582017,10,47540,49,8097,1.1619161442805566,1556095189,5,47380,49,8139,0.6911042115874705,1549802089,4,47188,49,8108,1.2759423017736378,1558188680,3,47437,49,8079
1.192715585195846,1556098893,11,47401,49,8093,1.0601156292267921,1553998498,10,47369,49,8067,1.403541893020207,1558191790,5,47483,49,8131,1.2506469315112814,1556093055,4,47430,49,8148,0.6950821689222199,1549801027,3,47189,49,8145
1.192715585195846,1556098893,11,47401,49,8093,1.0601156292267921,1553998498,10,47369,49,8067,1.403541893020207,1558191790,5,47483,49,8131,1.2506469315112814,1556093055,4,47430,49,8148,0.6569365073658666,1547703240,3,47171,49,8133
1.3473392336072172,1558196370,12,47469,49,8067,1.7081926405610204,1553999070,10,47127,49,8051,0.8490979252696491,1551900305,5,47247,49,8143,1.5071639573219227,1560287819,4,47539,49,8133,1.5637718218378533,1545606276,3,47048,49,8170
1.0736872298621236,1554001302,11,47352,49,8130,1.0331900691260554,1560290491,10,47361,49,8083,0.8692925809743595,1551900013,4,47257,49,8139,1.0150383565369558,1553996193,4,47332,49,8142,0.8398111188198506,1551898025,3,47258,49,8090
1.0736872298621236,1554001302,11,47352,49,8130,1.0331900691260554,1560290491,10,47361,49,8083,0.8692925809743595,1551900013,4,47257,49,8139,1.0150383565369558,1553996193,4,47332,49,8142,0.8398111188198506,1551898025,3,47258,49,8090
1.2349414388846465,1556097624,10,4741,49,8112,1.580801304930026,1551901708,9,47080,49,8090,1.4618821960260968,1560288381,4,47511,49,8062,1.59926866420876,1545607529,4,47052,49,8130,1.7124810482804538,1545606007,3,47110,49,8126
1.2349414388846465,1556097624,10,47419,49,8112,1.580801304930026,1551901708,9,47080,49,8090,1.4618821960260968,1560288381,4,47511,49,8062,1.59926866420876,1545607529,4,47052,49,8130,1.7124810482804538,1545606007,3,47110,49,8126
1.6133424826184315,1562389938,11,47581,49,8142,1.4901274022029587,1566581637,9,47553,49,8084,1.134479373516044,1553997799,6,47369,49,8183,1.438523756017625,1560288021,4,47500,49,8105,1.7591941890666571,1547703292,3,47132,49,8102
1.6133424826184315,1562389938,11,47581,49,8142,1.4901274022029587,1566581637,9,47553,49,8084,1.134479373516044,1553997799,6,47369,49,8183,1.438523756017625,1560288021,4,47500,49,8105,1.7591941890666571,1547703292,3,47132,49,8102
1.022893893458606,1554001779,12,47330,49,8091,0.533110478381091,1553999550,10,47146,49,8107,0.8452222017577137,1551899682,4,47245,49,8093,1.3075615095417625,1558191021,4,47448,49,8060,0.6897770003447058,1549800863,3,47193,49,8157
1.022893893458606,1554001779,12,47330,49,8091,0.533110478381091,1553999550,10,47146,49,8107,0.8452222017577137,1551899682,4,47245,49,8093,1.3075615095417625,1558191021,4,47448,49,8060,0.6897770003447058,1549800863,3,47193,49,8157
1.6398609741579697,1562387892,6,47593,49,8142,1.7041124358797126,1553998538,9,47129,49,8056,0.8344110695105682,1549803039,5,47239,49,8151,1.1495714603658864,1556093384,4,47381,49,8115,0.8481759806936295,1551897281,3,47256,49,8050
1.6398609741579697,1562387892,6,47593,49,8142,1.7041124358797126,1553998538,9,47129,49,8056,0.8344110695105682,1549803039,5,47239,49,8151,1.1495714603658864,1556093384,4,47381,49,8115,0.8481759806936295,1551897281,3,47256,49,8050
1.7410405542756378,1547709922,11,47121,49,8128,1.4268908717996975,1566582027,9,47527,49,8049,1.003823838032893,1553998178,5,47314,49,8142,0.892134292441953,1551898880,3,47281,49,8183,1.7305342911677395,1547703387,3,47117,49,8102
1.7410405542756378,1547709922,11,47121,49,8128,1.4268908717996975,1566582027,9,47527,49,8049,1.003823838032893,1553998178,5,47314,49,8142,0.892134292441953,1551898880,3,47281,49,8183,1.7305342911677395,1547703387,3,47117,49,8102
1.5595912631510567,1560292706,12,47558,49,8090,0.7434218073596947,1549804122,9,47236,49,8053,0.949970812205827,1551900384,5,47289,49,8122,0.99678063741724,1553995541,4,47327,49,8079,1.1204003746945137,1556092160,4,47371,49,8106
1.5595912631510567,1560292706,12,47558,49,8090,0.7434218073596947,1549804122,9,47236,49,8053,0.949970812205827,1551900384,5,47289,49,8122,0.99678063741724,1553995541,4,47327,49,8079,1.1204003746945137,1556092160,4,47371,49,8106
0,1562389623,10,47570,49,8176,1.719412710299034,1553999328,10,47131,49,8050,1.095210962520882,1553997644,4,47353,49,8118,1.5051248076531352,1560287774,4,47534,49,8131,0.6831482969471071,1549800650,3,47186,49,8151
1.5877418326599326,1562389623,10,47570,49,8176,1.719412710299034,1553999328,10,47131,49,8050,1.095210962520882,1553997644,4,47353,49,8118,1.5051248076531352,1560287774,4,47534,49,8131,0.6831482969471071,1549800650,3,47186,49,8151
0,1547710330,11,47129,49,8081,1.4526955550742504,1566581865,9,47538,49,8081,1.1587542254551688,1556095017,5,47378,49,12,1.8320168671141317,1547704211,4,47169,49,8079,1.4174089375170964,1560286384,3,47499,49,8069
0.5515763275687814,1547710330,11,47129,49,8081,1.4526955550742504,1566581865,9,47538,49,8081,1.1587542254551688,1556095017,5,47378,49,12,1.8320168671141317,1547704211,4,47169,49,8079,1.4174089375170964,1560286384,3,47499,49,8069
0,1549806874,11,47222,49,8143,1.2548255692819719,1564484796,9,47454,49,8110,1.2722747947133284,1556094000,4,47425,49,8134,1.0664451218552276,1553996563,4,47347,49,8130,0.9563932014448091,1551897725,3,47299,49,8115
0,1554001277,11,47308,49,8157,1.0649096227552521,1562386643,8,47372,49,8045,1.3720249205054638,1558192540,5,47471,49,8157,1.35835295857148,1560287579,4,47477,49,8106,1.7292089215053852,1547702870,3,47114,49,8146
0.9747531435238497,1554001277,11,47308,49,8157,1.0649096227552521,1562386643,8,47372,49,8045,1.3720249205054638,1558192540,5,47471,49,8157,1.35835295857148,1560287579,4,47477,49,8106,1.7292089215053852,1547702870,3,47114,49,8146
0,1556095927,5,47404,49,8128,0.8992704122838624,1558193211,9,47300,49,8038,1.447195353463488,1560288179,4,47502,49,8123,1.7444069551532875,1547704853,4,47116,49,8133,1.2929750229182464,1558189663,4,47447,49,8137
0.5400513886518058,1547709908,11,47122,49,8126,1.6079313472729941,1551901136,8,47088,49,8091,0.6940653115432253,1549802764,5,47182,49,8126,0.8515405243617918,1551899181,4,47262,49,8086,0.9752606251298471,1553995016,3,47314,49,8129
0.5400513886518058,1547709908,11,47122,49,8126,1.6079313472729941,1551901136,8,47088,49,8091,0.6940653115432253,1549802764,5,47182,49,8126,0.8515405243617918,1551899181,4,47262,49,8086,0.9752606251298471,1553995016,3,47314,49,8129
0.6905948633013129,1549806826,11,47190,49,8179,1.4155685291068454,1566582225,10,47528,49,8139,0.8061582641039553,1549803652,5,47227,49,8126,1.194957360572359,1556092916,4,47407,49,8107,1.8046841979623114,1547703625,3,47150,49,8108
0.6905948633013129,1549806826,11,47190,49,8179,1.4155685291068454,1566582225,10,47528,49,8139,0.8061582641039553,1549803652,5,47227,49,8126,1.194957360572359,1556092916,4,47407,49,8107,1.8046841979623114,1547703625,3,47150,49,8108
0.996273161007719,1554001547,11,47321,49,8127,1.1890367776909,1564483451,8,47437,49,8099,0.8591952551279429,1551899969,4,47251,49,8158,1.5592826440410152,1560287778,4,47563,49,8087,1.4218999948511737,1558189366,3,47487,49,8120
0.690085527442776,1549806520,10,47187,49,8140,1.2397297556630917,1564485405,10,47452,49,8126,1.6933087348874478,1545609143,5,47097,49,40,1.0509403686560097,1553996316,4,47347,49,8115,1.4146559826944685,1560286088,4,47494,49,8110
0.690085527442776,1549806520,10,47187,49,8140,1.2397297556630917,1564485405,10,47452,49,8126,1.6933087348874478,1545609143,5,47097,49,40,1.0509403686560097,1553996316,4,47347,49,8115,1.4146559826944685,1560286088,4,47494,49,8110
1.5547972635282457,1560293039,12,47555,49,8068,1.4960422529815263,1566582019,10,47555,49,8050,1.2678878751364375,1556093585,4,47429,49,8132,1.6902435246418461,1547704474,4,47111,49,8087,1.4153697819331594,1558189020,3,47495,49,8114
1.5547972635282457,1560293039,12,47555,49,8068,1.4960422529815263,1566582019,10,47555,49,8050,1.2678878751364375,1556093585,4,47429,49,8132,1.6902435246418461,1547704474,4,47111,49,8087,1.4153697819331594,1558189020,3,47495,49,8114
1.0416609392871783,1554001595,12,47338,49,8135,0.5891048922654059,1547706936,10,47175,49,8072,0.7880027838426144,1549803426,5,47222,49,8134,1.504102373932492,1560287719,4,47545,49,8079,1.2032199987490577,1556092580,3,47407,49,8150
1.0416609392871783,1554001595,12,47338,49,8135,0.5891048922654059,1547706936,10,47175,49,8072,0.7880027838426144,1549803426,5,47222,49,8134,1.504102373932492,1560287719,4,47545,49,8079,1.2032199987490577,1556092580,3,47407,49,8150
1.446070707328649,1560293399,12,47509,49,8141,1.600384372441767,1551901240,8,47084,49,8021,0.9340589746462019,1551901039,5,47286,49,8141,1.7006475562880339,1547704597,4,47114,49,8106,1.7293093037870637,1547703187,3,47122,49,8178
1.446070707328649,1560293399,12,47509,49,8141,1.600384372441767,1551901240,8,47084,49,8021,0.9340589746462019,1551901039,5,47286,49,8141,1.7006475562880339,1547704597,4,47114,49,8106,1.7293093037870637,1547703187,3,47122,49,8178
0.6743781710012673,1549806387,11,47179,49,8108,1.3426417555998973,1566581749,10,47499,49,8084,1.115507849976851,1553997437,5,47363,49,8118,0.6591783186945002,1549801014,4,47181,49,8108,1.1108123718831155,1556092029,4,47370,49,8160
0.6743781710012673,1549806387,11,47179,49,8108,1.3426417555998973,1566581749,10,47499,49,8084,1.115507849976851,1553997437,5,47363,49,8118,0.6591783186945002,1549801014,4,47181,49,8108,0.9931112511094605,1553994812,3,47316,49,8131
1.6002877062522498,1562389918,11,47573,49,8120,1.4537160778667313,1566581662,9,47530,49,8069,0.8018736010333782,1549803503,5,47230,49,8137,1.3922158078777274,1560287704,4,47490,49,8147,1.0101439804436743,1553994666,3,47325,49,8104
1.6002877062522498,1562389918,11,47573,49,8120,1.4537160778667313,1566581662,9,47530,49,8069,0.8018736010333782,1549803503,5,47230,49,8137,1.3922158078777274,1560287704,4,47490,49,8147,1.0101439804436743,1553994666,3,47325,49,8104
0.9716934649873035,1551903472,10,47304,49,8161,1.025336374131636,1560290433,10,47362,49,8117,1.4064993335989784,1558191881,5,47486,49,8134,1.7110515909816004,1547704657,4,47116,49,8076,0.6400060021029964,1547703684,3,47162,49,8081
0,1560292104,10,47504,49,8108,1.193830780214171,1564484023,9,47438,49,8059,0.5627982055571061,1547705616,4,47126,49,8143,1.0978598460543725,1553996410,4,47360,49,8082,1.5569386633789744,1560286273,4,47556,49,8120
1.4384215075214892,1560292104,10,47504,49,8108,1.193830780214171,1564484023,9,47438,49,8059,0.5627982055571061,1547705616,4,47126,49,8143,1.0978598460543725,1553996410,4,47360,49,8082,0,1560286273,4,47556,49,8120
1.5170586860540447,1560292828,11,47541,49,8113,1.573763643450308,1568679726,10,47587,49,8088,1.5825426521113635,1562385584,4,47560,49,8178,0.902333853678941,1551899082,4,47285,49,8133,1.7340010650207942,1547703679,3,47124,49,8137
1.5170586860540447,1560292828,11,47541,49,8113,1.573763643450308,1568679726,10,47587,49,8088,1.5825426521113635,1562385584,4,47560,49,8178,0.902333853678941,1551899082,4,47285,49,8133,1.7340010650207942,1547703679,3,47124,49,8137
1.4188384203942845,1558195628,12,47496,49,8100,0.742198664325518,1556095511,9,47236,49,8118,1.4136392172482064,1558192430,5,47488,49,8165,0.7994218188842979,1551899172,4,47238,49,8112,0.8274701469299144,1551897861,3,47252,49,8086
1.4188384203942845,1558195628,12,47496,49,8100,0.742198664325518,1556095511,9,47236,49,8118,1.4136392172482064,1558192430,5,47488,49,8165,0.7994218188842979,1551899172,4,47238,49,8112,0.8274701469299144,1551897861,3,47252,49,8086
0,1558193130,6,47474,49,8106,1.0345154068212572,1560290415,10,47362,49,8027,1.1711974304405346,1556094565,4,47385,49,8132,0.7577053005810551,1549802072,4,47223,49,8071,1.2210706378497183,1556091671,3,47409,49,8089
1.6055910293847377,1562389845,11,47580,49,8143,0.6061376135389268,1556096136,9,47186,49,8092,1.2171967804507189,1556095393,5,47402,49,8119,1.095309488538218,1556093066,4,47361,49,8067,0.7297610419048159,1549800271,3,47202,49,8111
1.6055910293847377,1562389845,11,47580,49,8143,0.6061376135389268,1556096136,9,47186,49,8092,1.2171967804507189,1556095393,5,47402,49,8119,1.095309488538218,1556093066,4,47361,49,8067,0.7297610419048159,1549800271,3,47202,49,8111
1.202710661882399,1556098742,12,47410,49,8125,1.675757382189955,1553999547,10,47123,49,8046,0.7123230271094138,1549803435,5,47184,49,8175,0.6680525061274762,1549801727,4,47182,49,8119,0.8302249716595324,1551897631,3,47249,49,8159
1.202710661882399,1556098742,12,47410,49,8125,1.675757382189955,1553999547,10,47123,49,8046,0.7123230271094138,1549803435,5,47184,49,8175,0.6680525061274762,1549801727,4,47182,49,8119,0.8302249716595324,1551897631,3,47249,49,8159
0.8119690913287458,1551904250,12,47241,49,8087,0.5956331942774216,1547706688,9,47169,49,8059,1.4222067085018835,1558191388,4,47488,49,8107,1.5204231996973796,1560287439,4,47545,49,8061,0.9519040540968793,1553994712,3,47304,49,8094
0.8119690913287458,1551904250,12,47241,49,8087,0.5956331942774216,1547706688,9,47169,49,8059,1.4222067085018835,1558191388,4,47488,49,8107,1.5204231996973796,1560287439,4,47545,49,8061,0.9519040540968793,1553994712,3,47304,49,8094
1.4390330576742683,1560293386,12,47509,49,8144,0.660094708978012,1556096472,10,47201,49,8065,0.8026896475903839,1549803076,4,47226,49,8158,1.5301115462260226,1560287154,4,47554,49,8093,1.0706275526446103,1553995018,3,47348,49,8057
0.7007944221271358,1549806750,10,47195,49,8165,1.1007112561739831,1562387213,9,47393,49,8092,1.2202564627264787,1556095169,5,47404,49,8119,1.4805432296176955,1560287738,4,47528,49,8117,0.8341006941199016,1551897864,3,47251,49,8142
0.995661593941863,1554001042,10,47320,49,8108,0.599304444799721,1556096129,10,47181,49,8074,1.2675830380118733,1556094297,4,47420,49,8186,0.9365034061533655,1553996011,4,47294,49,8049,1.6945300389504647,1545606264,3,47103,49,8074
0.995661593941863,1554001042,10,47320,49,8108,0.599304444799721,1556096129,10,47181,49,8074,1.2675830380118733,1556094297,4,47420,49,8186,0.9365034061533655,1553996011,4,47294,49,8049,1.6945300389504647,1545606264,3,47103,49,8074
1.2860414884567741,1558195063,10,47441,49,8100,1.2789981569788746,1564485434,10,47461,49,8061,1.2979772529812577,1558191809,5,47434,49,8157,1.2495260516552842,1558190566,4,47425,49,8093,1.2834892570194272,1558189041,3,47445,49,8067
1.5901899542890008,1562390228,11,47571,49,8097,0.7348561805988987,1556096417,10,47233,49,8102,1.422818267893783,1558191338,4,47490,49,8125,1.5214418220546324,1560287527,4,47551,49,8076,0.9597595923735484,1551897448,3,47299,49,8118
1.5901899542890008,1562390228,11,47571,49,8097,0.7348561805988987,1556096417,10,47233,49,8102,1.422818267893783,1558191338,4,47490,49,8125,1.5214418220546324,1560287527,4,47551,49,8076,0.9597595923735484,1551897448,3,47299,49,8118
1.1777220139799083,1556098752,12,47399,49,8113,1.5169513442986748,1568678009,8,47565,49,8045,0.9537443053320076,1551900695,5,47289,49,8179,0.938542575435025,1551898646,4,47298,49,8056,0.9733236917217329,1553995174,4,47310,49,8106
1.1777220139799083,1556098752,12,47399,49,8113,1.5169513442986748,1568678009,8,47565,49,8045,0.9537443053320076,1551900695,5,47289,49,8179,0.938542575435025,1551898646,4,47298,49,8056,0.9733236917217329,1553995174,4,47310,49,8106
0,1545611863,10,47107,49,2,1.5057325121448581,1566581106,9,47555,49,8077,1.3325539074397381,1558192239,5,47447,49,8162,1.5266448002167032,1562384135,4,47548,49,8072,0.9371168236766106,1551897168,3,47289,49,8130
1.6938162233508238,1545611863,10,47107,49,2,1.5057325121448581,1566581106,9,47555,49,8077,1.3325539074397381,1558192239,5,47447,49,8162,1.5266448002167032,1562384135,4,47548,49,8072,0.9371168236766106,1551897168,3,47289,49,8130
0.991785866887466,1554000559,10,47320,49,8157,0.5432077997110971,1553998733,9,47152,49,8085,0.6324608386024398,1547706731,5,47151,49,8156,1.6679093148923327,1545607969,4,47091,49,8103,1.7129903759113625,1547703339,3,47114,49,8116
0.991785866887466,1554000559,10,47320,49,8157,0.5432077997110971,1553998733,9,47152,49,8085,0.6324608386024398,1547706731,5,47151,49,8156,1.6679093148923327,1545607969,4,47091,49,8103,1.7129903759113625,1547703339,3,47114,49,8116
1.652201932388099,1545612346,11,47093,49,8128,1.391498176775331,1566582380,10,47515,49,8110,1.459027005215957,1560288643,5,47503,49,8068,0.9269154041024225,1551899184,4,47294,49,8101,1.6986083828768401,1547703535,4,47111,49,8112
1.652201932388099,1545612346,11,47093,49,8128,1.391498176775331,1566582380,10,47515,49,8110,1.459027005215957,1560288643,5,47503,49,8068,0.9269154041024225,1551899184,4,47294,49,8101,1.6986083828768401,1547703535,4,47111,49,8112
0.6828434095394481,1549807360,11,47189,49,8083,1.0268662177812202,1560290598,10,47362,49,8182,1.5628573284421792,1560288110,4,47549,49,8091,0.8511334224899817,1551899334,4,47261,49,8117,1.1273357752171562,1556092099,4,47376,49,8132
0.6828434095394481,1549807360,11,47189,49,8083,1.0268662177812202,1560290598,10,47362,49,8182,1.5628573284421792,1560288110,4,47549,49,8091,0.8511334224899817,1551899334,4,47261,49,8117,1.1273357752171562,1556092099,4,47376,49,8132
1.5006375083227423,1560290133,6,47539,49,8137,0.6863064968965007,1556096394,10,47213,49,8124,1.1735433191324909,1556094523,5,47382,49,8134,1.232593681181845,1558190785,4,47425,49,8081,1.0936792725120725,1553994613,3,47354,49,8122
1.5006375083227423,1560290133,6,47539,49,8137,0.6863064968965007,1556096394,10,47213,49,8124,1.1735433191324909,1556094523,5,47382,49,8134,1.232593681181845,1558190785,4,47425,49,8081,1.0936792725120725,1553994613,3,47354,49,8122
0.8673519500096708,1551904299,10,47268,49,8161,1.726143632509246,1553998844,9,47146,49,8134,1.4763664541018624,1560289142,5,47509,49,8157,1.845889530255177,1549801752,4,47172,49,8102,0.8049296160632182,1551897793,4,47241,49,8115
0.8673519500096708,1551904299,10,47268,49,8161,1.726143632509246,1553998844,9,47146,49,8134,1.4763664541018624,1560289142,5,47509,49,8157,1.845889530255177,1549801752,4,47172,49,8102,0.8049296160632182,1551897793,4,47241,49,8115
1.1535494008423577,1556099292,12,47390,49,8132,1.0958150245807297,1562388140,10,47390,49,8113,0,1558192113,4,47483,49,8134,0,1545607791,4,47075,49,8147,0,1558189586,3,47468,49,8130
1.1535494008423577,1556099292,12,47390,49,8132,1.0958150245807297,1562388140,10,47390,49,8113,1.4047650199547346,1558192113,4,47483,49,8134,1.6012022946583977,1545607791,4,47075,49,8147,1.346420957210084,1558189586,3,47468,49,8130
1.425876050802488,1560293125,12,47504,49,8117,1.641691943803105,1545609894,10,47110,49,8090,1.3602955214427486,1558192182,5,47463,49,8138,1.268804291833533,1556093076,4,47430,49,8118,1.7572553971015774,1547703661,3,47136,49,8099
1.425876050802488,1560293125,12,47504,49,8117,1.641691943803105,1545609894,10,47110,49,8090,1.3602955214427486,1558192182,5,47463,49,8138,1.268804291833533,1556093076,4,47430,49,8118,1.7572553971015774,1547703661,3,47136,49,8099
1.6933068874834782,1545612963,12,47106,49,8118,0.9938212925948007,1560290756,9,47334,49,8124,1.3117458210989938,1558192114,5,47443,49,8130,0.8513397419248765,1551899302,4,47251,49,8078,0.9389533743205448,1551897262,3,47287,49,8127
1.6933068874834782,1545612963,12,47106,49,8118,0.9938212925948007,1560290756,9,47334,49,8124,1.3117458210989938,1558192114,5,47443,49,8130,0.8513397419248765,1551899302,4,47251,49,8078,0.9389533743205448,1551897262,3,47287,49,8127
0.7022220248717391,1549807382,11,47199,49,8135,1.4769684802050056,1566582034,11,47557,49,8132,1.3067492153879015,1558191883,5,47436,49,8106,1.5074706804263,1560287774,4,47538,49,8138,1.2527902099015609,1556091961,3,47426,49,8112
0.598187235412651,1547710049,12,47155,49,8092,1.5228674707647198,1568675798,4,47563,49,8085,1.0069857658756334,1553997004,4,47311,49,8084,1.2728826131546918,1558190467,4,47438,49,8107,1.1227462527340462,1556092182,4,47373,49,8153
0.598187235412651,1547710049,12,47155,49,8092,1.5228674707647198,1568675798,4,47563,49,8085,1.0069857658756334,1553997004,4,47311,49,8084,1.2728826131546918,1558190467,4,47438,49,8107,1.1227462527340462,1556092182,4,47373,49,8153
1.1536516423534555,1556098637,11,47388,49,8106,1.4243405002726781,1566582278,10,47529,49,8122,1.265848711742944,1556093731,4,47425,49,8140,1.343972832824299,1558190136,4,47469,49,8099,1.7057501113151547,1545606263,3,47105,49,8062
1.1536516423534555,1556098637,11,47388,49,8106,1.4243405002726781,1566582278,10,47529,49,8122,1.265848711742944,1556093731,4,47425,49,8140,1.343972832824299,1558190136,4,47469,49,8099,1.3599869237879043,1558189362,3,47471,49,8131
0.7227233848057074,1549807346,12,47205,49,8115,1.1719037152141818,1562387130,8,47412,49,8076,0.8012620315153466,1549803470,5,47228,49,8133,1.0532862403679215,1553996367,4,47351,49,8114,1.2523831284650495,1556092237,3,47422,49,8116
0.7227233848057074,1549807346,12,47205,49,8115,1.1719037152141818,1562387130,8,47412,49,8076,0.8012620315153466,1549803470,5,47228,49,8133,1.0532862403679215,1553996367,4,47351,49,8114,1.2523831284650495,1556092237,3,47422,49,8116
1.4661630986963867,1560293561,12,47524,49,8059,0.874283633813367,1558193577,10,47290,49,8072,1.5667330415157417,1560288757,4,47555,49,8190,1.8533361229798417,1547704558,4,47171,49,8123,0.6541816883026866,1547703299,3,47175,49,8114
1.4661630986963867,1560293561,12,47524,49,8059,0.874283633813367,1558193577,10,47290,49,8072,1.5667330415157417,1560288757,4,47555,49,8190,1.8533361229798417,1547704558,4,47171,49,8123,0.6541816883026866,1547703299,3,47175,49,8114
0.6209322406381081,1547709835,12,47163,49,8104,1.1997475533535678,1562387777,10,47427,49,8070,0.8453244363954086,1551900292,5,47244,49,8178,0.9151860011378095,1551898964,4,47289,49,8112,0.7970777801963546,1549800772,3,47230,49,8137
0.6209322406381081,1547709835,12,47163,49,8104,1.1997475533535678,1562387777,10,47427,49,8070,0.8453244363954086,1551900292,5,47244,49,8178,0.9151860011378095,1551898964,4,47289,49,8112,0.7970777801963546,1549800772,3,47230,49,8137
0.6836594503391993,1549807217,12,47188,49,8130,0.5997115506078474,1556096252,10,47182,49,8087,1.0053536798923852,1553997843,5,47315,49,8170,1.0765405674428377,1556093028,4,47363,49,8132,0.7243536373573849,1549800656,3,47207,49,8122
0.6836594503391993,1549807217,12,47188,49,8130,0.5997115506078474,1556096252,10,47182,49,8087,1.0053536798923852,1553997843,5,47315,49,8170,1.0765405674428377,1556093028,4,47363,49,8132,0.7243536373573849,1549800656,3,47207,49,8122
0.9754669410542797,1554001454,12,47311,49,8101,1.3418257180143918,1566581432,9,47498,49,8089,1.3057286894189672,1558191608,5,47442,49,8126,1.3080708232454332,1558190079,4,47453,49,8127,0.7698454841672661,1549800536,3,47217,49,8131
0.9754669410542797,1554001454,12,47311,49,8101,1.3418257180143918,1566581432,9,47498,49,8089,1.3057286894189672,1558191608,5,47442,49,8126,1.3080708232454332,1558190079,4,47453,49,8127,0.7698454841672661,1549800536,3,47217,49,8131
0.6604051104791674,1547709783,12,47176,49,8142,1.092041545087305,1562387530,9,47387,49,8080,1.1212201268081174,1553997197,5,47363,49,8088,0.7376128794424635,1549801776,4,47214,49,8090,1.2665587738164061,1558188425,3,47435,49,8141
0.6604051104791674,1547709783,12,47176,49,8142,1.092041545087305,1562387530,9,47387,49,8080,1.1212201268081174,1553997197,5,47363,49,8088,0.7376128794424635,1549801776,4,47214,49,8090,1.2665587738164061,1558188425,3,47435,49,8141
1.4337297364093404,1560293360,12,47506,49,8125,1.3254045569359838,1564484812,10,47491,49,8105,0.9498685744853234,1551900096,4,47291,49,4,1.285325816405364,1558190023,4,47444,49,8134,1.5620374932037708,1545606310,3,47050,49,8061
1.4337297364093404,1560293360,12,47506,49,8125,1.3254045569359838,1564484812,10,47491,49,8105,0.9498685744853234,1551900096,4,47291,49,4,1.285325816405364,1558190023,4,47444,49,8134,1.5620374932037708,1545606310,3,47050,49,8061
1.5556132950369188,1560292963,12,47559,49,8081,1.466464100268579,1566582191,10,47548,49,8142,0.7848408644045504,1549803604,5,47221,49,8145,1.06960516506833,1553996010,4,47359,49,8109,1.0879651280235874,1556091159,3,47362,49,8138
1.5556132950369188,1560292963,12,47559,49,8081,1.466464100268579,1566582191,10,47548,49,8142,0.7848408644045504,1549803604,5,47221,49,8145,1.06960516506833,1553996010,4,47359,49,8109,1.0879651280235874,1556091159,3,47362,49,8138
0.8961140874704515,1551904857,12,47281,49,8111,0.9961671729244048,1560291134,10,47343,49,8132,1.3059331681266397,1558191124,4,47440,49,8130,1.3360150173068268,1558190519,4,47475,49,8138,1.0596119506134334,1553995387,4,47344,49,8110
1.5524513803180982,1560292663,12,47555,49,8164,0.5757434175165068,1553999145,10,47169,49,8078,0.6749933918295592,1547706020,4,47168,49,8145,1.578356411243182,1545607551,4,47059,49,8073,0.9483368977135919,1551897939,3,47291,49,8149
1.5524513803180982,1560292663,12,47555,49,8164,0.5757434175165068,1553999145,10,47169,49,8078,0.6749933918295592,1547706020,4,47168,49,8145,1.578356411243182,1545607551,4,47059,49,8073,0.9483368977135919,1551897939,3,47291,49,8149
1.1225436368127306,1554000268,9,47370,49,8091,1.4840080371319397,1566582220,10,47544,49,8054,1.297058969870817,1558191900,5,47437,49,8151,0.745975895039114,1549801962,4,47219,49,8070,0.8150269413069601,1551897594,3,47246,49,8071
1.1225436368127306,154000268,9,47370,49,8091,0,1566582220,10,47544,49,8054,1.297058969870817,1558191900,5,47437,49,8151,0.745975895039114,1549801962,4,47219,49,8070,0.8150269413069601,1551897594,3,47246,49,8071
1.2426928790927274,1556098673,12,47424,49,8121,1.343253313242975,1566581000,9,47500,49,8127,1.474427645725691,1560289434,5,47514,49,8130,1.5746870841994771,1545607146,4,47046,49,8158,1.1832298355155944,1556092183,3,47393,49,8120
1.2426928790927274,1556098673,12,47424,49,8121,1.343253313242975,1566581000,9,47500,49,8127,1.474427645725691,1560289434,5,47514,49,8130,1.5746870841994771,1545607146,4,47046,49,8158,1.1832298355155944,1556092183,3,47393,49,8120
1.2333093561146067,1556098651,12,47420,49,8084,1.6379184602529466,1551902140,10,47099,49,8067,1.6794379206709327,1545609373,5,47088,49,8056,1.5850878414402834,1545606950,4,47064,49,8098,1.4202660312514608,1558189031,3,47493,49,8105
1.2333093561146067,1556098651,12,47420,49,8084,1.6379184602529466,1551902140,10,47099,49,8067,0,1545609373,5,47088,49,8056,1.5850878414402834,1545606950,4,47064,49,8098,1.4202660312514608,1558189031,3,47493,49,8105
0.8811205355447388,1551904513,12,47273,49,8094,1.3458036806589495,1566581429,9,47499,49,8106,1.268092357559044,1556094962,5,47425,49,8123,0.9208964199017555,1553996112,4,47296,49,8073,1.2736986639602004,1558188486,3,47434,49,8093
0.8811205355447388,1551904513,12,47273,49,8094,0,1566581429,9,47499,49,8106,1.268092357559044,1556094962,5,47425,49,8123,0.9208964199017555,1553996112,4,47296,49,8073,1.2736986639602004,1558188486,3,47434,49,8093
0.589619760879884,1547710594,12,47147,49,8140,1.201684465109521,1556096054,10,47432,49,8037,0.8520553791381911,1551900907,5,47248,49,8130,1.5033904773832871,1560287682,4,47537,49,8082,1.106120618820243,1556091802,3,47365,49,8087
0.589619760879884,1547710594,12,47147,49,8140,1.201684465109521,1556096054,10,47432,49,8037,0.8520553791381911,1551900907,5,47248,49,8130,1.5033904773832871,1560287682,4,47537,49,8082,1.106120618820243,1556091802,3,47365,49,8087
1.6893289386028556,1545612769,12,47101,49,8073,0.7405665967945629,1556095780,9,47233,49,8082,0.9333451755087748,1551900426,5,47283,49,8134,1.735530906519044,1547705025,4,47125,49,8108,1.1073456122945446,1553994764,3,47361,49,8117
1.6893289386028556,1545612769,12,47101,49,8073,0.7405665967945629,1556095780,9,47233,49,8082,0.9333451755087748,1551900426,5,47283,49,8134,1.735530906519044,1547705025,4,47125,49,8108,1.1073456122945446,1553994764,3,47361,49,8117
1.4452546639994444,1560293146,12,47510,49,8121,0.5511637172178764,1553999013,9,47153,49,8106,0.6588770985240623,1547706078,4,47166,49,8094,1.5651994151903954,1545607523,4,47051,49,8099,0.9620013868061638,1553994753,3,47306,49,8102
1.6617899369816755,1545610344,6,47091,49,8078,0.8865223637979291,1558192265,8,47297,49,8093,0.6950858179256615,1549803513,5,47179,49,8151,1.4897222633170382,1560287695,4,47535,49,8139,1.3224528393440869,1558189025,3,47452,49,8153
1.6617899369816755,1545610344,6,47091,49,8078,0.8865223637979291,1558192265,8,47297,49,8093,0.6950858179256615,1549803513,5,47179,49,8151,1.4897222633170382,1560287695,4,47535,49,8139,1.3224528393440869,1558189025,3,47452,49,8153
0.5365827749891311,1547710248,12,47123,49,8167,0.5721744049771538,1553999213,9,47155,49,8053,0.936302623784821,1551901091,5,47286,49,8129,1.1728239099281024,1556093567,4,47402,49,8110,1.4604508353868166,1560286089,3,47515,49,8135
0.5365827749891311,1547710248,12,47123,49,8167,0.5721744049771538,1553999213,9,47155,49,8053,0.936302623784821,1551901091,5,47286,49,8129,1.1728239099281024,1556093567,4,47402,49,8110,1.4604508353868166,1560286089,3,47515,49,8135
0.8378760178670722,1551903588,10,47250,49,8103,1.1523206359209262,1562387865,9,47403,49,8052,1.1470248277489419,1553997602,5,47369,49,8106,1.3916042477712922,1558190680,4,47489,49,8070,0.727617799744621,1549800928,3,47204,49,8105
0,1551903981,11,47248,49,8111,1.1996453150174382,1562387815,10,47427,49,8100,1.0211632902729022,1553997671,5,47315,49,8190,1.1681340254772312,1556093440,4,47392,49,8106,0.7642354567628367,1549800585,3,47213,49,8108
1.0855188667196471,1554001686,12,47358,49,8132,0.892028293790491,1560289961,10,47307,49,8076,1.2713565232794488,1556093977,4,47422,49,8119,0.9404813625271295,1551898968,4,47296,49,8073,0.8529699911707983,1551897839,3,47252,49,8159
1.0855188667196471,1554001686,12,47358,49,8132,0.892028293790491,1560289961,10,47307,49,8076,1.2713565232794488,1556093977,4,47422,49,8119,0.9404813625271295,1551898968,4,47296,49,8073,0.8529699911707983,1551897839,3,47252,49,8159
1.0072887627356806,1554001494,11,47325,49,8085,1.001879455183332,1560290197,8,47342,49,8158,1.1619161536163878,1556094898,5,47375,49,8130,0.6972217371153093,1549802047,4,47201,49,8100,0.9057021131846135,1551897565,3,47271,49,8128
1.0072887627356806,1554001494,11,47325,49,8085,1.001879455183332,1560290197,8,47342,49,8158,1.1619161536163878,1556094898,5,47375,49,8130,0.6972217371153093,1549802047,4,47201,49,8100,0.9057021131846135,1551897565,3,47271,49,8128
0.8322659819566617,1551903772,10,47249,49,8163,0.8928443335262586,1560290016,10,47307,49,8087,0.943544744333045,1551901157,5,47284,49,8130,1.410880607855789,1560287249,4,47500,49,8112,0.6884516414912042,,3,47185,49,8155
0.8322659819566617,1551903772,10,47249,49,8163,0.8928443335262586,1560290016,10,47307,49,8087,0.943544744333045,1551901157,5,47284,49,8130,1.410880607855789,1560287249,4,47500,49,8112,0.6884516414912042,1549800583,3,47185,49,8155
1.1083661113007313,1554001027,11,47366,49,8103,1.1746566735910944,1562387786,10,47424,49,8115,1.4362819966076459,1558191648,5,47493,49,8143,1.3506015120340729,1558190887,4,47475,49,8176,0.9673065785910603,1551897631,3,47299,49,8102
0.8322659819566617,1551904457,11,47249,49,8129,0.5912463082036691,1547707059,10,47176,49,8098,1.14947294633158,1556094503,5,47369,49,8162,1.858230499690313,1549801670,4,47178,49,8118,0.676519603937148,1549800331,3,47174,49,8153
0.8322659819566617,1551904457,11,47249,49,8129,0.5912463082036691,1547707059,10,47176,49,8098,1.14947294633158,1556094503,5,47369,49,8162,1.858230499690313,1549801670,4,47178,49,8118,0.676519603937148,1549800331,3,47174,49,8153
1.3865054013442466,1558195053,10,47487,49,8140,1.1825103548107354,1556095989,10,47427,49,8112,1.577646415353358,1560288884,5,47555,49,8118,1.3721215101022644,1558190537,4,47488,49,8132,1.265949105067971,1556091802,3,47419,49,8087
1.3865054013442466,1558195053,10,47487,49,8140,1.1825103548107354,1556095989,10,47427,49,8112,1.577646415353358,1560288884,5,47555,49,8118,1.3721215101022644,1558190537,4,47488,49,8132,1.265949105067971,1556091802,3,47419,49,8087
0.6672382899310526,1549806721,11,47179,49,8158,1.6617843540173969,1553999133,10,47120,49,8074,0.7510802679551443,1549803598,5,47203,49,8142,1.585700786641018,1545607965,4,47058,49,8118,1.7417525258584101,1547703756,3,47122,49,8151
0.6672382899310526,1549806721,11,47179,49,8158,1.6617843540173969,1553999133,10,47120,49,8074,0.7510802679551443,1549803598,5,47203,49,8142,1.585700786641018,1545607965,4,47058,49,8118,1.7417525258584101,1547703756,3,47122,49,8151
0.8765310079607398,1551904764,12,47271,49,8081,0.596549635442491,1553998287,9,47172,49,8089,0.9810788404586239,1551900127,4,47300,49,8139,1.1379424209580644,1556093393,4,47384,49,8092,0.8271653037709215,1551897686,3,47241,49,8064
0.8765310079607398,1551904764,12,47271,49,8081,0.596549635442491,1553998287,9,47172,49,8089,0.9810788404586239,1551900127,4,47300,49,8139,1.1379424209580644,1556093393,4,47384,49,8092,0.8271653037709215,1551897686,3,47241,49,8064
0.6766218154306464,1549806080,10,47182,49,8139,0.602975709093651,1547707453,10,47173,49,8053,0.6141009026988954,1547706460,5,47145,49,8139,1.2157635587274631,1556093226,4,47421,49,8119,0.6668293798544503,1547703205,3,47173,49,8118
0.6766218154306464,1549806080,10,47182,49,8139,0.602975709093651,1547707453,10,47173,49,8053,0.6141009026988954,1547706460,5,47145,49,8139,1.2157635587274631,1556093226,4,47421,49,8119,1.8403836060915855,1547703151,3,47155,49,8106
1.5540834627516158,1560293041,12,47555,49,8091,1.0677667057804736,1562386803,9,47376,49,8074,1.5815221382703069,1560288844,5,47556,49,8177,1.4607556556752324,1560288127,4,47523,49,8104,1.557959204922013,1543509313,3,47036,49,8095
1.5540834627516158,1560293041,12,47555,49,8091,1.0677667057804736,1562386803,9,47376,49,8074,1.5815221382703069,1560288844,5,47556,49,8177,1.4607556556752324,1560288127,4,47523,49,8104,1.557959204922013,1543509313,3,47036,49,8095
1.4460707048710109,1560292766,11,47510,49,8093,1.2459513625634382,1564481851,4,47445,49,8064,1.3050148998827649,1558192045,5,47435,49,8157,1.7831623207166343,1547704960,4,47146,49,8030,1.4823798128937928,1560286667,3,47520,49,8123
1.4460707048710109,1560292766,11,47510,49,8093,1.2459513625634382,1564481851,4,47445,49,8064,1.3050148998827649,1558192045,5,47435,49,8157,1.7831623207166343,1547704960,4,47146,49,8030,1.4823798128937928,1560286667,3,47520,49,8123
0.610528220058488,1547709278,10,47158,49,8154,1.5170529367087724,1568678456,10,47563,49,8036,1.668217858188933,1545609432,5,47082,49,14,0.9183479237187232,1551899147,4,47289,49,8095,1.7417525286352122,1547703725,3,47121,49,8049
0.610528220058488,1547709278,10,47158,49,8154,1.5170529367087724,1568678456,10,47563,49,8036,1.668217858188933,1545609432,5,47082,49,14,0.9183479237187232,1551899147,4,47289,49,8095,1.7417525286352122,1547703725,3,47121,49,8049
1.7284951089448148,1547709989,12,47117,49,8026,1.6282282298562896,1551901290,9,47105,49,8073,1.4336293955336954,1558192031,5,47494,49,8130,0.9334437205568575,1551898753,4,47293,49,8126,1.7276790940857603,1545606370,3,47107,49,8114
1.7284951089448148,1547709989,12,47117,49,8026,1.6282282298562896,1551901290,9,47105,49,8073,1.4336293955336954,1558192031,5,47494,49,8130,0.9334437205568575,1551898753,4,47293,49,8126,1.7276790940857603,1545606370,3,47107,49,8114
0.9895422329901269,1554001739,12,47314,49,8063,0.7544374063199462,1558192909,9,47248,49,8050,0.6925354784561543,1547705211,4,47176,49,8098,1.4493329805155641,1560287882,4,47515,49,8118,0.8157407641211262,1551897146,3,47240,49,8166
0.9895422329901269,1554001739,12,47314,49,8063,0.7544374063199462,1558192909,9,47248,49,8050,0.6925354784561543,1547705211,4,47176,49,8098,1.4493329805155641,1560287882,4,47515,49,8118,0.8157407641211262,1551897146,3,47240,49,8166
1.1713981776078648,1556098062,10,47395,49,8165,0.7231267824937081,1549804054,8,47219,49,8052,0.894281245131141,1551900579,5,47262,49,8082,1.7021755355923947,1547705141,4,47124,49,8125,0.9294676311191923,1551898149,3,47277,49,8109
1.1713981776078648,1556098062,10,47395,49,8165,0.7231267824937081,1549804054,8,47219,49,8052,0.894281245131141,1551900579,5,47262,49,8082,1.7021755355923947,1547705141,4,47124,49,8125,0.9294676311191923,1551898149,3,47277,49,8109
0,1556095796,6,47411,49,8106,0.9572036195937235,1560290926,10,47323,49,8088,0.7677059044634724,1549803652,5,47207,49,8179,0.8927458543187197,1551899279,4,47284,49,8169,0.872246370056739,1551897992,3,47262,49,8082
0.611650958814098,1547710496,12,47155,49,8114,1.3581446427386574,1558193200,10,47496,49,8115,1.290021334523399,1556094717,5,47430,49,8165,1.6931005827146062,1545607121,4,47109,49,8094,1.2782881957559002,1556091858,3,47433,49,8119
0.611650958814098,1547710496,12,47155,49,8114,1.3581446427386574,1558193200,10,47496,49,8115,1.290021334523399,1556094717,5,47430,49,8165,1.6931005827146062,1545607121,4,47109,49,8094,1.2782881957559002,1556091858,3,47433,49,8119
0.9069252229446157,1551901909,6,47284,49,8172,1.3937418203202745,1566582596,10,47507,49,8059,1.6321113709836979,1562386548,5,47580,49,8151,1.0885766901140874,1553995845,4,47364,49,8115,1.4290361151655306,1560285993,3,47499,49,8096
0.9069252229446157,1551901909,6,47284,49,8172,1.3937418203202745,1566582596,10,47507,49,8059,1.6321113709836979,1562386548,5,47580,49,8151,1.0885766901140874,1553995845,4,47364,49,8115,1.4290361151655306,1560285993,3,47499,49,8096
0.6945728231963825,1549807852,12,47190,49,8076,1.2813440544082169,1558193533,9,47457,49,8056,1.448113644281975,1558191404,6,47496,49,8148,1.3336691399614977,1560287619,4,47473,49,8116,1.110914629443128,1553994616,4,47362,49,8126
0.6945728231963825,1549807852,12,47190,49,8076,1.2813440544082169,1558193533,9,47457,49,8056,1.448113644281975,1558191404,6,47496,49,8148,1.3336691399614977,1560287619,4,47473,49,8116,1.110914629443128,1553994616,4,47362,49,8126
1.153447171824826,1556098672,11,47387,49,8119,1.488595643126234,1560290025,9,47553,49,8102,0.8723522774276805,1551900442,5,47253,49,8054,1.0845987328348252,1553996049,4,47362,49,8069,1.4102690702306455,1558188940,3,47491,49,8086
1.153447171824826,1556098672,11,47387,49,8119,1.488595643126234,1560290025,9,47553,49,8102,0.8723522774276805,1551900442,5,47253,49,8054,1.0845987328348252,1553996049,4,47362,49,8069,1.4102690702306455,1558188940,3,47491,49,8086
1.6976919509296964,1547710095,12,47107,49,8082,0.8300167646529584,1551901320,8,47274,49,8074,1.5696904912121064,1560288925,5,47552,49,8135,0.7913636666988507,1551898783,4,47237,49,8127,1.727881717580049,1547703908,4,47113,49,8121
1.6976919509296964,1547710095,12,47107,49,8082,0.8300167646529584,1551901320,8,47274,49,8074,1.5696904912121064,1560288925,5,47552,49,8135,0.7913636666988507,1551898783,4,47237,49,8127,1.727881717580049,1547703908,4,47113,49,8121
0.5538199780458084,1547708132,7,47130,49,8171,0.9221176559707627,1560288908,8,47307,49,8039,0.8481796635136656,1551900402,5,47242,49,8109,1.5087960396694253,1562384334,4,47539,49,8108,1.6054883781168074,1545607887,4,47057,49,8084
0,1547708132,7,47130,49,8171,0.9221176559707627,1560288908,8,47307,49,8039,0.8481796635136656,1551900402,5,47242,49,8109,1.5087960396694253,1562384334,4,47539,49,8108,1.6054883781168074,1545607887,4,47057,49,8084
1.170582137620615,1556096708,7,47395,49,8076,1.2399342502146113,1564484382,9,47447,49,8102,1.6103865087136937,1545609018,4,47057,49,8110,1.5296022354713514,1560287335,4,47551,49,8100,0.7831029069192498,1549801726,4,47224,49,8134
1.170582137620615,1556096708,7,47395,49,8076,1.2399342502146113,1564484382,9,47447,49,8102,1.6103865087136937,1545609018,4,47057,49,8110,1.5296022354713514,1560287335,4,47551,49,8100,0.7831029069192498,1549801726,4,47224,49,8134
0.6546928504037198,1547709740,12,47173,49,8092,1.6203726888571799,1545609594,9,47109,49,8076,1.232597434108655,1556094832,5,47409,49,8109,0.9230396876973389,1551899160,4,47290,49,8105,1.186492132252309,1556092994,4,47397,49,8108
0.6546928504037198,1547709740,12,47173,49,8092,1.6203726888571799,1545609594,9,47109,49,8076,1.232597434108655,1556094832,5,47409,49,8109,0.9230396876973389,1551899160,4,47290,49,8105,1.186492132252309,1556092994,4,47397,49,8108
0,1556096333,6,47384,49,8121,1.1445691990649312,1562387987,9,47406,49,8112,1.6628122923340256,1545609213,5,47079,49,8130,0.9511902549081623,1553995790,3,47302,49,8141,1.5682610140209392,1560286938,4,47550,49,8153
1.1464095296630497,1556096333,6,47384,49,8121,1.1445691990649312,1562387987,9,47406,49,8112,1.6628122923340256,1545609213,5,47079,49,8130,0.9511902549081623,1553995790,3,47302,49,8141,1.5682610140209392,1560286938,4,47550,49,8153
0,1560293331,12,47504,49,8151,1.4111835073655905,1566582354,9,47521,49,8062,0.6868232122106863,1549802542,5,47176,49,8134,0.8381808909313816,1551898827,4,47250,49,8071,1.5913108506994622,1545606762,4,47052,49,8158
1.727576833845643,1547710376,12,47118,49,8156,0.515873278024179,1553999023,9,47131,49,8086,0.9575177965500755,1551899013,4,47290,49,8130,0.6925299792648306,1549800725,3,47198,49,8082,1.6712757201701,1545606928,4,47084,49,8060
0,1551904264,11,47293,49,8090,0.9088584108830494,1553998438,10,47310,49,8117,1.2742117293780124,1556093605,4,47425,49,8131,0.7596440842653177,1549800276,3,47220,49,8120,0.6306224956899935,1553994024,3,47151,49,8129
0.9288541881946225,1551904264,11,47293,49,8090,0.9088584108830494,1553998438,10,47310,49,8117,1.2742117293780124,1556093605,4,47425,49,8131,0.7596440842653177,1549800276,3,47220,49,8120,0.6306224956899935,1553994024,3,47151,49,8129
0,1558196701,13,47443,49,8118,1.2176985578397514,1556095965,10,47434,49,8085,1.5774419307881118,1560288328,4,47557,49,8127,0.7723921507946445,1551897682,3,47231,49,8164,0.7651537392114061,1556091524,3,47208,49,8127
0.9689386341799882,1554001672,12,47308,49,8129,0.5683990737852957,1547706963,9,47160,49,8051,1.3008324583103392,1558190611,4,47437,49,8105,1.3272449589227155,1558189489,3,47460,49,8089,1.513080746190591,1560286460,3,47531,49,8114
0.9689386341799882,1554001672,12,47308,49,8129,0.5683990737852957,1547706963,9,47160,49,8051,1.3008324583103392,1558190611,4,47437,49,8105,1.3272449589227155,1558189489,3,47460,49,8089,1.513080746190591,1560286460,3,47531,49,8114
1.4412767015031058,1560293238,12,47509,49,8152,0.5925716778922249,1553998397,9,47171,49,8072,0.8600113013588323,1551900708,5,47247,49,8161,1.4364808209593152,1560287809,4,47509,49,8074,0.6917157947056588,1549801101,4,47185,49,8150
1.4412767015031058,1560293238,12,47509,49,8152,0.5925716778922249,1553998397,9,47171,49,8072,0.8600113013588323,1551900708,5,47247,49,8161,1.4364808209593152,1560287809,4,47509,49,8074,0.6917157947056588,1549801101,4,47185,49,8150
0.9148811408155659,1551902109,6,47286,49,8140,1.6721883904419306,1553998358,9,47122,49,8102,0.7173196625119694,1549803202,4,47190,49,8119,0.821964204592274,1549801955,4,47238,49,8076,1.3949706677743778,1558189562,4,47482,49,8121
0.9148811408155659,1551902109,6,47286,49,8140,1.6721883904419306,1553998358,9,47122,49,8102,0.7173196625119694,1549803202,4,47190,49,8119,0.821964204592274,1549801955,4,47238,49,8076,1.3949706677743778,1558189562,4,47482,49,8121
1.2764534899168143,1558196087,12,47437,49,8138,1.6161921155923658,1551901106,8,47095,49,8022,0.9753665672312276,1551899635,5,47300,49,8127,0.9270157966677691,1551899214,4,47296,49,8099,1.8201870994679288,1547704427,4,47153,49,8156
1.2764534899168143,1558196087,12,47437,49,8138,1.6161921155923658,1551901106,8,47095,49,8022,0.9753665672312276,1551899635,5,47300,49,8127,0.9270157966677691,1551899214,4,47296,49,8099,1.8201870994679288,1547704427,4,47153,49,8156
1.5414357748523366,1560293081,12,47551,49,8063,0.5963451632719456,1556095210,9,47182,49,8092,0.5613706033508488,1547705059,5,47119,49,8148,1.1328435870416393,1556093531,4,47374,49,8087,0.9742419838808499,1553995380,4,47303,49,8175
1.5414357748523366,1560293081,12,47551,49,8063,0.5963451632719456,1556095210,9,47182,49,8092,0.5613706033508488,1547705059,5,47119,49,8148,1.1328435870416393,1556093531,4,47374,49,8087,0.9742419838808499,1553995380,4,47303,49,8175
0.5926794462508977,1547707224,6,47149,49,8144,0.7690238748703946,1551899812,8,47249,49,8131,0.8332883369641567,1549802839,5,47237,49,8130,1.3434616404398008,1558190893,4,47469,49,8086,1.3676361399339665,1558189706,3,47470,49,8178
0.8040131798655762,1551903924,11,47237,49,8115,0.9038599372359541,1553997264,8,47310,49,8009,1.076341685351106,1553997918,5,47342,49,8133,1.5390861019459174,1560287456,5,47559,49,8102,1.8596599807109333,1547703925,3,47166,49,8131
1.4234279380523436,1560293515,13,47500,49,8078,1.159460521246664,1562387138,8,47404,49,8081,0.6954929291697209,1549802681,4,47180,49,8065,0.9464985020367941,1551899216,5,47297,49,8087,1.556938678603563,1560286427,3,47550,49,8104
1.4234279380523436,1560293515,13,47500,49,8078,1.159460521246664,1562387138,8,47404,49,8081,0.6954929291697209,1549802681,4,47180,49,8065,0.9464985020367941,1551899216,5,47297,49,8087,1.556938678603563,1560286427,3,47550,49,8104
0.6633625690686258,1549807614,13,47176,49,8069,1.6272077185375768,1545609824,9,47106,49,8092,1.1320312644818975,1553997956,6,47364,49,8084,0.7841215622492801,1549802464,5,47233,49,8149,1.2873668754562975,1558189719,4,47433,49,8076
0.6633625690686258,1549807614,13,47176,49,8069,1.6272077185375768,1545609824,9,47106,49,8092,1.1320312644818975,1553997956,6,47364,49,8084,0.7841215622492801,1549802464,5,47233,49,8149,1.2873668754562975,1558189719,4,47433,49,8076
0.6845777299773069,1549807548,12,47184,49,8143,1.5258249096491572,1560289638,9,47564,49,8062,1.1734410850651344,1556094421,4,47381,49,8117,0.8627606031039533,1551898654,3,47262,49,8083,1.6997311471136065,1545607210,4,47102,49,8104
0.6845777299773069,1549807548,12,47184,49,8143,1.5258249096491572,1560289638,9,47564,49,8062,1.1734410850651344,1556094421,4,47381,49,8117,0.8627606031039533,1551898654,3,47262,49,8083,1.6997311471136065,1545607210,4,,49,8104
0.7015082311228347,1549807233,11,47194,49,8151,1.4290322677302885,1566582114,9,47521,49,8127,1.211586744161862,1556094403,5,47399,49,8127,0.9326258374685694,1553996100,3,47296,49,8140,0.8454211696617642,1551898091,3,47254,49,8078
0.7015082311228347,1549807233,11,47194,49,8151,1.4290322677302885,1566582114,9,47521,49,8127,1.211586744161862,1556094403,5,47399,49,8127,0.9326258374685694,1553996100,3,47296,49,8140,0.8454211696617642,1551898091,3,47254,49,8078
0.6617304926612485,1547709658,12,47176,49,8164,1.2216765230987519,1564484467,10,47442,49,8156,1.1834361725464386,1556093297,4,47387,49,8160,1.0635880582206036,1553996610,5,47348,49,8101,1.2639080653299357,1556093038,3,47424,49,8079
0.6617304926612485,1547709658,12,47176,49,8164,1.2216765230987519,1564484467,10,47442,49,8156,1.1834361725464386,1556093297,4,47387,49,8160,1.0635880582206036,1553996610,5,47348,49,8101,1.2639080653299357,1556093038,3,47424,49,8079
0.6176680957908873,1547709772,11,47160,49,8148,1.045428785735763,1553999021,10,47370,49,8171,1.177112331177277,1556093919,4,47385,49,8093,1.11346311166999,1556094080,4,47371,49,8114,1.590901872239126,1545606393,4,47058,49,8101
0.6176680957908873,1547709772,11,47160,49,8148,1.045428785735763,1553999021,10,47370,49,8171,1.177112331177277,1556093919,4,47385,49,8093,1.11346311166999,1556094080,4,47371,49,8114,1.590901872239126,1545606393,4,47058,49,8101
0.5692206392843565,1547709135,10,47139,49,8134,0.8597994064921797,1551902705,9,47286,49,8059,1.1929219346782356,1556094657,5,47390,49,8122,1.1223373110126702,1556093759,5,47372,49,8068,0.8132944876384123,1549800528,4,47234,49,8055
1.4021105282075967,1560293267,12,47493,49,8156,1.3594699937856882,1564485087,10,47499,49,8045,0.9582315996230513,1551900394,5,47291,49,8129,0.8129859337406666,1551899344,5,47245,49,8167,0.8182911105307628,1551897564,3,47241,49,8147
1.4021105282075967,1560293267,12,47493,49,8156,1.3594699937856882,1564485087,10,47499,49,8045,0.9582315996230513,1551900394,5,47291,49,8129,0.8129859337406666,1551899344,5,47245,49,8167,0.8182911105307628,1551897564,3,47241,49,8147
0.6798859683924942,1549805760,10,47182,49,8114,1.3935373327010454,1560290720,10,47509,49,8132,1.625175962508214,1545609017,5,47064,49,8183,1.3473373637744195,1558190825,4,47470,49,8045,1.7975443294322349,1547703410,4,47144,49,8110
0.6798859683924942,1549805760,10,47182,49,8114,1.3935373327010454,1560290720,10,47509,49,8132,1.625175962508214,1545609017,5,47064,49,8183,1.3473373637744195,1558190825,4,47470,49,8045,1.7975443294322349,,4,47144,49,8110
1.1720097389615332,1556098569,11,47397,49,8152,1.4915549858594415,1560290712,10,47550,49,8071,1.1811925297187855,1556094998,5,47385,49,8092,1.8570055219589423,1549802009,4,47177,49,8174,1.7147247033044175,1545606062,3,47108,49,8119
1.1720097389615332,1556098569,11,47397,49,8152,1.4915549858594415,1560290712,10,47550,49,8071,1.1811925297187855,1556094998,5,47385,49,8092,1.8570055219589423,1549802009,4,47177,49,8174,1.7147247033044175,1545606062,3,47108,49,8119
1.068893227671686,1554001364,11,47352,49,8099,1.3097994369859107,1564484665,9,47484,49,8103,1.2862478514369664,1556094900,5,47427,49,8147,0.8092142944169549,1549801501,4,47234,49,8143,1.1203000127903422,1553995150,4,47360,49,8109
1.068893227671686,1554001364,11,47352,49,8099,1.3097994369859107,1564484665,9,47484,49,8103,1.2862478514369664,1556094900,5,47427,49,8147,0.8092142944169549,1549801501,4,47234,49,8143,1.1203000127903422,1553995150,4,47360,49,8109
0.9762829874676705,1554001063,12,47308,49,8151,1.1827148345421945,1556095869,8,47426,49,8078,1.4173104693965617,1558191874,5,47486,49,8132,0.90835099359028,1551899398,4,47286,49,8105,1.7325734735155138,1547703614,4,47117,49,8102
0.9762829874676705,1554001063,12,47308,49,8151,1.1827148345421945,1556095869,8,47426,49,8078,1.4173104693965617,1558191874,5,47486,49,8132,0.90835099359028,1551899398,4,47286,49,8105,1.7325734735155138,1547703614,4,47117,49,8102
1.2222937679945491,1556095931,6,47410,49,8120,0,1549805292,9,47200,49,8038,0.6736661894537095,1547705963,5,47173,49,15,1.4260767761473638,1560288044,4,47506,49,8073,1.5995720800864561,1545606021,3,47061,49,8075
1.2222937679945491,1556095931,6,47410,49,8120,0.6500977816649609,1549805292,9,47200,49,8038,0.6736661894537095,1547705963,5,47173,49,15,1.4260767761473638,1560288044,4,47506,49,8073,1.5995720800864561,1545606021,3,47061,49,8075
0.7186432153939302,1549807086,11,47196,49,8146,0.9324194485394157,1553999436,10,47320,49,8098,0.6603047085223059,1547705795,4,47168,49,8124,1.0494105336598292,1556093320,4,47344,49,8099,0.797180027163235,1549800758,3,47224,49,8089
0.7186432153939302,1549807086,11,47196,49,8146,0.9324194485394157,1553999436,10,47320,49,8098,0.6603047085223059,1547705795,4,47168,49,8124,1.0494105336598292,1556093320,4,47344,49,8099,0.797180027163235,1549800758,3,47224,49,8089
0.5785019445634657,1547710065,11,47138,49,8044,0.8847880428162581,1551902260,10,47299,49,8084,0.9215135348593808,1551900682,5,47279,49,8095,1.140290183488377,1556093116,4,47373,49,8140,1.5122647000217768,1560286552,4,47533,49,8089
0.5785019445634657,1547710065,11,47138,49,8044,0.8847880428162581,1551902260,10,47299,49,8084,0.9215135348593808,1551900682,5,47279,49,8095,1.140290183488377,1556093116,4,47373,49,8140,1.5122647000217768,1560286552,4,47533,49,8089
1.7339006879097132,1545611704,10,47114,49,8131,0.9107953309534905,1553998777,10,47308,49,8090,1.2615640371505172,1556094492,5,47425,49,8149,1.2687001846751176,1558190453,4,47434,49,8113,1.1241719956594556,1556092334,4,47378,49,8151
1.7339006879097132,1545611704,10,47114,49,8131,0.9107953309534905,1553998777,10,47308,49,8090,1.2615640371505172,1556094492,5,47425,49,8149,1.2687001846751176,1558190453,4,47434,49,8113,1.1241719956594556,1556092334,4,47378,49,8151
0.9375239241708999,1551904134,11,47290,49,8146,1.1467105903102595,1556096489,9,47411,49,8084,1.0178991280377394,1553998168,5,47318,49,8144,1.7332872734444604,1547704804,4,47119,49,8118,1.2670699862167882,1556091570,3,47425,49,8108
0.9375239241708999,1551904134,11,47290,49,8146,1.1467105903102595,1556096489,9,47411,49,8084,1.0178991280377394,1553998168,5,47318,49,8144,1.7332872734444604,1547704804,4,47119,49,8118,1.2670699862167882,1556091570,3,47425,49,8108
1.3448911248876667,1558192767,5,47464,49,8125,1.708294868465583,1553998258,9,47129,49,8109,0.8136030099665412,1549803274,4,47233,49,8128,1.0630787307005871,1553996001,4,47346,49,8121,1.365188015741772,1558189371,3,47471,49,8103
0.612976350021135,1547707533,6,47152,49,8095,0.8191033958215636,1558193865,9,47271,49,8087,1.0028033298432908,1553997478,4,47314,49,8139,1.6491404303966841,1545607988,4,47088,49,8087,1.542658906316143,1560286767,3,47547,49,8121
0.612976350021135,1547707533,6,47152,49,8095,0.8191033958215636,1558193865,9,47271,49,8087,1.0028033298432908,1553997478,4,47314,49,8139,1.6491404303966841,1545607988,4,47088,49,8087,1.542658906316143,1560286767,3,47547,49,8121
1.165278829460562,1556097821,10,47385,49,8133,1.323874721612677,1558190239,4,47489,49,8078,0.8762279927937435,1551901149,5,47259,49,8131,1.5988564294336356,1545607622,4,47069,49,8052,1.8078461282547698,1547703592,3,47147,49,8148
0,1560292838,11,47537,49,8100,0.917119174557677,1551901663,10,47309,49,8085,1.5674468443236649,1560289311,5,47554,49,8143,1.0915341442846302,1556093201,4,47363,49,8087,0.9383399684166913,1551898372,4,47288,49,8126
1.51532437407183,1560292838,11,47537,49,8100,0.917119174557677,1551901663,10,47309,49,8085,1.5674468443236649,1560289311,5,47554,49,8143,1.0915341442846302,1556093201,4,47363,49,8087,0.9383399684166913,1551898372,4,47288,49,8126
0,1562390007,11,47570,49,10,1.2254499970631711,1558192482,9,47438,49,8046,0.7799446378878555,1549803213,4,47219,49,8123,1.3846669654394748,1560287571,4,47489,49,8106,0.8056434331225444,1551897640,4,47237,49,8135
1.6000828085066559,1562390007,11,47570,49,10,1.2254499970631711,1558192482,9,47438,49,8046,0.7799446378878555,1549803213,4,47219,49,8123,1.3846669654394748,1560287571,4,47489,49,8106,0.8056434331225444,1551897640,4,47237,49,8135
0.7069138092774759,1549807180,11,47192,49,8073,1.1847539932367468,1556096254,9,47429,49,8092,1.6136510179172399,1545607989,4,47061,49,8108,1.722373909262612,1547704388,4,47114,49,8113,0.8281839640565403,1551897873,3,47248,49,8130
0.7069138092774759,1549807180,11,47192,49,8073,1.1847539932367468,1556096254,9,47429,49,8092,1.6136510179172399,1545607989,4,47061,49,8108,1.722373909262612,1547704388,4,47114,49,8113,0.8281839640565403,1551897873,3,47248,49,8130
1.3331617188430265,1558195760,11,47460,49,8158,1.7248182721763337,1547708396,10,47142,49,8166,1.5621435255610507,1560288802,5,47550,49,8185,1.305009264316625,1558190671,4,47456,49,8096,0.8324686299618421,1551897708,3,47246,49,8138
1.3331617188430265,1558195760,11,47460,49,8158,1.7248182721763337,1547708396,10,47142,49,8166,1.5621435255610507,1560288802,5,47550,49,8185,1.305009264316625,1558190671,4,47456,49,8096,0.8324686299618421,1551897708,3,47246,49,8138
1.4383192756203027,1560291842,10,47501,49,9,1.065930144416823,1556092961,4,47378,49,8115,0.8284943343918121,1549803129,5,47239,49,8101,1.6616877140805852,1545607856,4,47087,49,8100,1.1259100518425171,1553994606,3,47361,49,8113
1.4383192756203027,1560291842,10,47501,49,9,1.065930144416823,1556092961,4,47378,49,8115,0.8284943343918121,1549803129,5,47239,49,8101,1.6616877140805852,1545607856,4,47087,49,8100,1.1259100518425171,1553994606,3,47361,49,8113
1.459125477137277,1560292269,10,47513,49,8118,1.3599812089135441,1558193405,9,47495,49,8054,0,1556095156,5,47427,49,8069,0.8038068750798766,1551899444,4,,49,8141,0,1560286210,3,47528,49,8105
1.459125477137277,1560292269,10,47513,49,8118,0,1558193405,9,47495,49,8054,1.2727841195907001,,,,,8069,0.8038068750798766,1551899444,4,47242,49,8141,1.4997192555427346,1560286210,3,47528,49,8105
0.7232327397875835,1549806428,10,47200,49,8039,1.6994206754598726,1547707347,9,47127,49,8079,1.1046967259186122,1553997906,5,47355,49,8160,1.5121605466922163,1562384920,4,47545,49,8088,1.2075046878412168,1556091940,3,47401,49,8150
0.7232327397875835,1549806428,10,47200,49,8039,1.6994206754598726,1547707347,9,47127,49,8079,1.1046967259186122,1553997906,5,47355,49,8160,1.5121605466922163,1562384920,4,47545,49,8088,1.2075046878412168,1556091940,3,47401,49,8150
0.65377459102585,1547709482,11,47169,49,8186,0.5981817128484104,1547707623,9,47172,49,8081,0.6446995796994877,1547706586,5,47161,49,8105,1.8508880124234326,1549801962,4,47168,49,8141,1.2652334265394989,1556092032,3,47427,49,8122
0.65377459102585,1547709482,11,47169,49,8186,0.5981817128484104,1547707623,9,47172,49,8081,0.6446995796994877,1547706586,5,47161,49,8105,1.8508880124234326,1549801962,4,47168,49,8141,1.2652334265394989,1556092032,3,47427,49,8122
1.6608716753477584,1562387730,6,47599,49,8153,0.5973656741482263,1556095744,10,47180,49,8122,0.9049901324475421,1551901253,6,47273,49,8173,0.980872524213018,1553995784,4,47306,49,8149,1.4077205917480644,1558188965,3,47486,49,8054
1.4358711533573891,1560292783,11,47501,49,8084,0.6304124614121095,1549804603,9,47194,49,8152,1.1717067595358313,1556095049,5,47386,49,8161,1.3086823902852365,1558190923,4,47452,49,8078,1.7259447757829172,1545606434,3,47110,49,8128
1.6694391593960152,1545612990,11,47091,49,8061,0.8235906767652766,1551901200,8,47276,49,8038,0.8796966175822363,1551901040,5,47257,49,8065,0.8131903971323929,1551899458,4,47246,49,8120,1.3719208213027807,1558189279,3,47469,49,8141
1.6694391593960152,1545612990,11,47091,49,8061,0.8235906767652766,1551901200,8,47276,49,8038,0.8796966175822363,1551901040,5,47257,49,8065,0.8131903971323929,1551899458,4,47246,49,8120,1.3719208213027807,1558189279,3,47469,49,8141
1.7246193981842537,1545611972,10,47110,49,8126,1.3330556531257471,1558193793,9,47481,49,8069,1.404765015901228,1558191995,5,47485,49,8118,0.8607214255275805,1551899280,4,47260,49,8056,1.7882630435465847,1547703621,3,47139,49,8077
1.7246193981842537,1545611972,10,47110,49,8126,1.3330556531257471,1558193793,9,47481,49,8069,1.404765015901228,1558191995,5,47485,49,8118,0.8607214255275805,1551899280,4,47260,49,8056,1.7882630435465847,1547703621,3,47139,49,8077
1.3518265233610074,1558195355,11,47469,49,8093,1.2727765639133228,1564484370,8,47456,49,8056,1.6637305554950412,1545609236,5,47083,49,8116,1.2402428909998835,1556093540,4,47427,49,8063,0.7110944063101675,1549800927,3,47196,49,8091
1.1049997290445002,1554000787,10,47361,49,8102,0.8315465949728753,1551902414,9,47278,49,8126,1.0294240577254674,1553997521,5,47326,49,8109,1.4980852667573037,1560287824,4,47538,49,8112,0.9667953909387301,1553994464,3,47305,49,8134
1.1049997290445002,1554000787,10,47361,49,8102,0.8315465949728753,1551902414,9,47278,49,8126,1.0294240577254674,1553997521,5,47326,49,8109,1.4980852667573037,1560287824,4,47538,49,8112,0.9667953909387301,1553994464,3,47305,49,8134
0.9588413214523476,1551904205,12,47298,49,8104,1.2363633499074203,1558193696,9,47445,49,8076,1.5204269807593291,1560289236,5,47536,49,8186,1.0214644405538467,1553996766,4,47331,49,8154,1.2656404985804264,1558188967,3,47434,49,8110
0.6664222665342509,1547708948,10,47173,49,8096,0.749847876270442,1551901466,9,47247,49,8046,0.8486889875250747,1551900762,5,47250,49,8130,1.2736967802592547,1558190762,4,47442,49,8075,1.4263834943778284,1560286128,3,47506,49,8115
1.2340231691159342,1556098375,11,47416,49,8132,0.580741880803584,1547707936,9,47169,49,8120,1.0323815040909723,1553997885,5,47329,49,8108,1.5820295607292425,1545607181,4,47051,49,8108,1.6379222007996719,1545606645,3,47080,49,8105
1.2340231691159342,1556098375,11,47416,49,8132,0.580741880803584,1547707936,9,47169,49,8120,1.0323815040909723,1553997885,5,47329,49,8108,1.5820295607292425,1545607181,4,47051,49,8108,1.6379222007996719,1545606645,3,47080,49,8105
1.5555110717353773,1560293125,12,47552,49,8106,1.4602424976451625,1560290852,9,47546,49,8046,1.0419695019168862,1553997934,5,47331,49,8135,1.5325596762844664,1562384738,4,47552,49,8082,1.70534117272997,1545606503,3,47107,49,8182
1.5555110717353773,1560293125,12,47552,49,8106,1.4602424976451625,1560290852,9,47546,49,8046,1.0419695019168862,1553997934,5,47331,49,8135,1.5325596762844664,1562384738,4,47552,49,8082,1.70534117272997,1545606503,3,47107,49,8182
1.7268630431546457,1547709674,11,47112,49,8132,0.7375069111668953,1549805268,10,47232,49,8060,0.9841385164258473,1553996683,4,47306,49,8151,1.4047612572293793,1560288153,4,47493,49,8116,1.8069278441438008,1547703855,3,47151,49,8139
1.1035721261278189,1554001766,12,47359,49,8129,0.5904302622748929,1547707608,10,47178,49,8122,1.287777683081167,1556095078,5,47433,49,8148,1.8169210715691195,1547704780,4,47164,49,8160,1.2528905745196004,1556091807,3,47431,49,8109
1.1035721261278189,1554001766,12,47359,49,8129,0.5904302622748929,1547707608,10,47178,49,8122,1.287777683081167,1556095078,5,47433,49,8148,1.8169210715691195,1547704780,4,47164,49,8160,1.2528905745196004,1556091807,3,47431,49,8109
0.9611872021968777,1551904257,11,47299,49,8159,0.7548463491095335,1549804432,9,47238,49,8025,1.0904169630996812,1553997857,5,47352,49,8106,1.4320938850002891,1560287808,4,47513,49,8159,1.4017034648175954,1558189497,3,47484,49,8123
0.9611872021968777,1551904257,11,47299,49,8159,0.7548463491095335,1549804432,9,47238,49,8025,1.0904169630996812,1553997857,5,47352,49,8106,1.4320938850002891,1560287808,4,47513,49,8159,1.2354507700606667,1556092432,3,47418,49,8128
0.8245145508436402,1551903613,11,47239,49,8103,0.9015140459906048,1553999018,10,47312,49,8118,1.3600910350596047,1558192474,5,47468,49,8143,1.1694575183574092,1556094076,4,47400,49,8128,1.559080063125605,1545606295,3,47045,49,8078
0.8245145508436402,1551903613,11,47239,49,8103,0.9015140459906048,1553999018,10,47312,49,8118,1.3600910350596047,1558192474,5,47468,49,8143,1.1694575183574092,1556094076,4,47400,49,8128,1.559080063125605,1545606295,3,47045,49,8078
0.6869236203449258,1549807062,12,47181,49,8120,1.1790435940280783,1556096622,9,47423,49,8114,1.2203586993333528,1556095107,5,47404,49,8078,1.4904360702078945,1560288146,4,47533,49,8090,0.6631562788813654,1549800755,3,47181,49,8083
0.6869236203449258,1549807062,12,47181,49,8120,1.1790435940280783,1556096622,9,47423,49,8114,1.2203586993333528,1556095107,5,47404,49,8078,1.4904360702078945,1560288146,4,47533,49,8090,0.6631562788813654,1549800755,3,47181,49,8083
1.1247872888405293,1556098875,12,47368,49,8049,1.0699080979683897,1556095808,9,47373,49,8119,1.5455178764838593,1560289232,5,47544,49,8070,0,1549802101,4,47228,49,8140,0,1547703588,3,4128,49,8153
1.1247872888405293,1556098875,12,47368,49,8049,1.0699080979683897,1556095808,9,47373,49,8119,1.5455178764838593,1560289232,5,47544,49,8070,0.7701485091424825,1549802101,4,47228,49,8140,1.7562367451723846,1547703588,3,47128,49,8153
0.851033040312804,1551904657,12,47252,49,8129,1.2094359000934665,1558192996,9,47437,49,8082,1.3062380169388668,1558192038,5,47442,49,8181,1.5885559833875815,1545607532,4,47060,49,8114,0.924571380726834,1551898130,3,47284,49,8097
1.2151538812860463,1556097752,10,47410,49,8124,1.2161687112641757,1558193067,10,47435,49,8069,1.7025900277002446,1545609031,5,47100,49,8154,0.9238538706508684,1551899026,4,47297,49,8152,1.6435322310582652,1545605970,3,47083,49,8169
1.2151538812860463,1556097752,10,47410,49,8124,1.2161687112641757,1558193067,10,47435,49,8069,1.7025900277002446,1545609031,5,47100,49,8154,0.9238538706508684,1551899026,4,47297,49,8152,1.6435322310582652,1545605970,3,47083,49,8169
1.7087075617348013,1545613126,12,47107,49,8082,1.2237156657783892,1558193321,9,47441,49,8040,0.8722500363915768,1551900538,5,47257,49,8127,1.4249558969669485,1560287950,4,47504,49,8146,1.2851213378938737,1558189589,3,47445,49,8088
1.5398037024602986,1560292971,11,47547,49,8120,1.502570586737497,1560290698,9,47555,49,8090,0.7136484016380372,1549803552,5,47188,49,8100,1.1952622001158875,1556093681,4,47412,49,8112,1.5587733277649536,1545606143,3,47050,49,8127
1.5398037024602986,1560292971,11,47547,49,8120,1.502570586737497,1560290698,9,47555,49,8090,0.7136484016380372,1549803552,5,47188,49,8100,1.1952622001158875,1556093681,4,47412,49,8112,1.5587733277649536,1545606143,3,47050,49,8127
0.8384875977349333,1551904078,11,47247,49,8144,0.5948153143643251,1547706492,8,47175,49,8075,1.1061243319937983,1553997919,5,47356,49,8102,1.7261473896051864,1547704342,4,47119,49,8138,1.4085347272788253,1560286217,3,47499,49,8102
0.8384875977349333,1551904078,11,47247,49,8144,0.5948153143643251,1547706492,8,47175,49,8075,1.1061243319937983,1553997919,5,47356,49,8102,1.7261473896051864,1547704342,4,47119,49,8138,1.4085347272788253,1560286217,3,47499,49,8102
0.6946750670606886,1549806423,10,47185,49,8131,0.9181396854870247,1551901380,9,47309,49,8090,0.9747549964479589,1551900793,5,47300,49,8128,1.568565828985553,1562385092,4,47560,49,8102,0.6734580682991246,1549800897,4,47186,49,8105
0.6946750670606886,1549806423,10,47185,49,8131,0.9181396854870247,1551901380,9,47309,49,8090,0.9747549964479589,1551900793,5,47300,49,8128,1.568565828985553,1562385092,4,47560,49,8102,0.6734580682991246,1549800897,4,47186,49,8105
1.2362668076277477,1556097945,10,47419,49,8074,1.0116700523426787,1553999485,9,47352,49,8079,0.5939062380115421,1547706553,5,47138,49,8142,0.9359922231216959,1553996381,4,47298,49,8106,0.72710845750649,1549800761,3,47204,49,8036
1.2362668076277477,1556097945,10,47419,49,8074,1.0116700523426787,1553999485,9,47352,49,8079,0.5939062380115421,1547706553,5,47138,49,8142,0.9359922231216959,1553996381,4,47298,49,8106,0.72710845750649,1549800761,3,47204,49,8036
1.1302950901097182,1554001453,12,47370,49,8108,1.3633476102986097,1560290249,9,47504,49,8126,1.711566453230673,1545608861,5,47100,49,8116,0.7794297952544719,1549802067,4,47233,49,8102,1.3357101880087814,1558189411,3,47469,49,8079
1.1302950901097182,1554001453,12,47370,49,8108,1.3633476102986097,1560290249,9,47504,49,8126,1.711566453230673,1545608861,5,47100,49,8116,0.7794297952544719,1549802067,4,47233,49,8102,1.3357101880087814,1558189411,3,47469,49,8079
0.9909698471667129,1554000798,10,47312,49,8124,1.7395051095563683,1547707734,9,47152,49,8139,1.565814764194471,1560288938,5,47553,49,8122,1.003208581091908,1553995669,4,47319,49,8068,0.7410815067027519,1549800672,3,47211,49,8113
0.9909698471667129,1554000798,10,47312,49,8124,1.7395051095563683,1547707734,9,47152,49,8139,1.565814764194471,1560288938,5,47553,49,8122,1.003208581091908,1553995669,4,47319,49,8068,0.7410815067027519,1549800672,3,47211,49,8113
1.6124242165622413,1562390297,11,47579,49,8084,0.7537235972903306,1551901942,9,47249,49,8095,0.8318607250834723,1549803324,5,47237,49,8060,1.6637250404280564,1545608055,4,47098,49,8105,1.102040411533247,1556092266,3,47368,49,8156
0.7078320792980586,1549807238,11,47192,49,8130,0.5942037478995581,1547706640,8,47173,49,8009,1.0247322998271111,1553997603,5,47322,49,16,0.8055411916426325,1549802197,4,47240,49,8139,1.1096896179080287,1556092148,3,47372,49,8146
0.7078320792980586,1549807238,11,47192,49,8130,0.5942037478995581,1547706640,8,47173,49,8009,1.0247322998271111,1553997603,5,47322,49,16,0.8055411916426325,1549802197,4,47240,49,8139,1.1096896179080287,1556092148,3,47372,49,8146
1.0305431074027136,1554000598,10,47332,49,8130,1.5273553740233732,1562387903,9,47576,49,8129,1.222602341699595,1556094962,5,47406,49,8132,0,1553996645,4,47315,49,8103,1.100612812335674,1553994616,3,47365,49,8130
1.0305431074027136,1554000598,10,47332,49,8130,1.5273553740233732,1562387903,9,47576,49,8129,1.222602341699595,1556094962,5,47406,49,8132,0.9839303513224243,1553996645,4,47315,49,8103,1.100612812335674,1553994616,3,47365,49,8130
1.080011078096328,1554001230,11,47351,49,8128,0.894476405576306,1553998798,9,47309,49,8064,1.121524983873379,1553997213,5,47365,49,8134,0.8641882054682788,1551899735,4,47265,49,8114,0.8072754994489115,1549800454,3,47241,49,8188
0.9948455694119939,1554001556,11,47314,49,8142,0.9887205706409472,1553999249,9,47345,49,8111,1.1145895788014095,1553997091,4,47361,49,8181,0.7705556073000049,1551899242,4,47231,49,8105,1.7129903786083713,1547703076,3,47113,49,8142
0.9948455694119939,1554001556,11,47314,49,8142,0.9887205706409472,1553999249,9,47345,49,8111,1.1145895788014095,1553997091,4,47361,49,8181,0.7705556073000049,1551899242,4,47231,49,8105,1.7129903786083713,1547703076,3,47113,49,8142
0.5562681012502795,1547710014,11,47126,49,8061,1.4643227054672494,1560289710,8,47546,49,8085,1.5767281279160126,1560288627,4,47558,49,8145,1.5430659699287645,1560287974,4,47553,49,8149,1.0782767607995327,1553995018,3,47352,49,8120
0.5562681012502795,1547710014,11,47126,49,8061,1.4643227054672494,1560289710,8,47546,49,8085,1.5767281279160126,1560288627,4,47558,49,8145,1.5430659699287645,1560287974,4,47553,49,8149,1.0782767607995327,1553995018,3,47352,49,8120
1.3864031727242903,1558196096,12,47483,49,8080,0.7539280724687253,1551901582,9,47247,49,8071,1.574586731518504,1560288686,5,47555,49,8119,1.1283563003533053,1556093789,4,47371,49,8071,1.6614832402807043,1545606633,3,47090,49,8077
1.3864031727242903,1558196096,12,47483,49,8080,0.7539280724687253,1551901582,9,47247,49,8071,1.574586731518504,1560288686,5,47555,49,8119,1.1283563003533053,1556093789,4,47371,49,8071,1.6614832402807043,1545606633,3,47090,49,8077
0.6357213472415774,1547709763,11,47163,49,8090,0.7577015559833763,1549804531,9,47242,49,8074,0.9809766003567983,1551900195,5,47303,49,8107,1.4942095469932717,1560288120,4,47536,49,8052,0.6703983867124195,1549800315,3,47183,49,8175
0.6357213472415774,1547709763,11,47163,49,8090,0.7577015559833763,1549804531,9,47242,49,8074,0.9809766003567983,1551900195,5,47303,49,8107,1.4942095469932717,1560288120,4,47536,49,8052,0.6703983867124195,1549800315,3,47183,49,8175
0.6907993437215416,1549807166,11,47183,49,8060,0.7102746249695644,1549804941,9,47219,49,8064,0.6963089631967294,1549802931,5,47182,49,8154,1.5292955109052848,1562384783,4,47552,49,8130,1.2670680956617397,1558189322,3,47437,49,8087
0.6907993437215416,1549807166,11,47183,49,8060,0.7102746249695644,1549804941,9,47219,49,8064,0.6963089631967294,1549802931,5,47182,49,8154,1.5292955109052848,1562384783,4,47552,49,8130,1.2670680956617397,1558189322,3,47437,49,8087
1.2314728090904579,1556097837,10,47417,49,8102,0.7482157977522691,1549804448,9,47239,49,8068,1.4108843816725363,1558192108,5,47487,49,8171,0.7372039496088538,1549802298,4,47214,49,8129,1.1923066355097673,1556091914,3,47402,49,8074
1.2314728090904579,1556097837,10,47417,49,8102,0.7482157977522691,1549804448,9,47239,49,8068,1.4108843816725363,1558192108,5,47487,49,8171,0.7372039496088538,1549802298,4,47214,49,8129,1.1923066355097673,1556091914,3,47402,49,8074
1.0003533726663065,1554001758,12,47315,49,8078,1.3492704206254447,1560290592,9,47506,49,8111,1.6597526033633967,1545609266,5,47079,49,8163,1.557650564151833,1545608047,4,47050,49,8118,1.6072212790398357,1545606727,3,47070,49,8118
1.0003533726663065,1554001758,12,47315,49,8078,1.3492704206254447,1560290592,9,47506,49,8111,1.6597526033633967,1545609266,5,47079,49,8163,1.557650564151833,1545608047,4,47050,49,8118,1.6072212790398357,1545606727,3,47070,49,8118
1.295322788209342,1558196078,12,47439,49,8039,1.0317624549655786,1553999661,9,47355,49,8046,1.3796741293369845,1558192246,5,47473,49,8065,1.5839651048805707,1545607947,4,47064,49,8078,1.3135786302975732,1558188772,3,47453,49,8118
1.0688932405982237,1553998744,6,47347,49,8120,1.6195585034564173,1545609726,8,47104,49,8102,0.8300241808515667,1549802550,4,47238,49,8163,1.2051550436524665,1556093590,4,47418,49,8115,1.7875492308288683,1547704172,4,47142,49,8117
1.7487920090968734,1547710033,11,47121,49,8105,0.567073696175323,1547707812,9,47167,49,8086,0.8553195373802165,1551900243,5,47246,49,8116,0.9614901985326836,1553996761,4,47311,49,8145,0.8112553023424602,1549800686,3,47234,49,8118
1.7487920090968734,1547710033,11,47121,49,8105,0.567073696175323,1547707812,9,47167,49,8086,0.8553195373802165,1551900243,5,47246,49,8116,0.9614901985326836,1553996761,4,47311,49,8145,0.8112553023424602,1549800686,3,47234,49,8118
1.564792351844519,1560292766,11,47557,49,8060,1.1809805081154696,1556096590,10,47420,49,8032,1.0981684141402719,1553997931,5,47353,49,8121,1.7788776579953416,1549801456,4,47145,49,8077,1.4293409281212448,1560286718,3,47510,49,8105
1.4226119095543115,1558195128,11,47495,49,8054,0.585738501934859,1547707666,9,47176,49,8118,0.8935674376379504,1551900830,5,47263,49,8141,1.3976175748690312,1560287981,4,47507,49,8092,0.8661269869294048,1551897642,3,47264,49,8134
1.4226119095543115,1558195128,11,47495,49,8054,0.585738501934859,1547707666,9,47176,49,8118,0.8935674376379504,1551900830,5,47263,49,8141,1.3976175748690312,1560287981,4,47507,49,8092,0.8661269869294048,1551897642,3,47264,49,8134
1.3021559504643436,1558195230,10,47444,49,8120,1.2717560415211644,1558193558,9,47465,49,8119,1.55551295914632,1560288097,4,47549,49,8143,1.0873517029113862,1553996141,4,47365,49,8086,1.5209344140007366,1543509517,3,47028,49,8141
1.3021559504643436,1558195230,10,47444,49,8120,1.2717560415211644,1558193558,9,47465,49,8119,1.55551295914632,1560288097,4,47549,49,8143,1.0873517029113862,1553996141,4,47365,49,8086,1.5209344140007366,1543509517,3,47028,49,8141
1.319086434710978,1558196228,12,47454,49,8102,1.5820244240873573,1545610665,9,47087,49,8103,1.5815221342487178,1560288603,5,47558,49,8116,1.8368090016607463,1549802405,4,47177,49,8074,0.8263474018625135,1551898276,3,47254,49,8057
1.319086434710978,1558196228,12,47454,49,8102,1.5820244240873573,1545610665,9,47087,49,8103,1.5815221342487178,1560288603,5,47558,49,8116,1.8368090016607463,1549802405,4,47177,49,8074,0.8263474018625135,1551898276,3,47254,49,8057
0,1562389977,11,47565,49,8120,1.6494433860377589,1545610549,9,47106,49,8039,1.6714820083228639,1545608913,4,47084,49,8118,0.7516863280207923,1549802494,4,47224,49,8121,0.8850985047048772,1551897830,3,47270,49,8146
1.5868235627885359,1562389977,11,47565,49,8120,1.6494433860377589,1545610549,9,47106,49,8039,1.6714820083228639,1545608913,4,47084,49,8118,0.7516863280207923,1549802494,4,47224,49,8121,0.8850985047048772,1551897830,3,47270,49,8146
1.6356785397228841,1562387462,6,47596,49,8170,0.7528053240181719,1549804634,10,47241,49,8069,0.6385802113497976,1547705475,4,47155,49,8120,1.4780951119827637,1560288157,4,47526,49,8048,1.1070388918220049,1553995008,3,47366,49,8062
1.6356785397228841,1562387462,6,47596,49,8170,0.7528053240181719,1549804634,10,47241,49,8069,0.6385802113497976,1547705475,4,47155,49,8120,1.4780951119827637,1560288157,4,47526,49,8048,1.1070388918220049,1553995008,3,47366,49,8062
0.8353256658733599,1551904227,11,47251,49,8152,1.6416900782370503,1547707436,10,47118,49,8097,1.1398849451377249,1556093773,4,47368,49,8152,1.4206731060685396,1560287473,4,47497,49,8102,1.819066193335395,1547703765,3,47153,49,8067
0.7929975770156512,1549806072,10,47234,49,8152,1.4721744748743937,1560290539,9,47556,49,8132,0.9472159937326793,1551900570,5,47289,49,8126,0.9715893838981275,1553996050,4,47308,49,8106,0.8110489887160888,1551897785,3,47243,49,8078
0.7929975770156512,1549806072,10,47234,49,8152,1.4721744748743937,1560290539,9,47556,49,8132,0.9472159937326793,1551900570,5,47289,49,8126,0.9715893838981275,1553996050,4,47308,49,8106,0.8110489887160888,1551897785,3,47243,49,8078
1.3037880164187827,1558195480,10,47450,49,8156,1.249011037761757,1558192822,8,47456,49,8100,1.4847294556374093,1560288295,4,47515,49,8124,0.9907653780570181,1553996703,4,47312,49,8170,1.5783564195257416,1545605878,3,47056,49,8090
1.3037880164187827,1558195480,10,47450,49,8156,1.249011037761757,1558192822,8,47456,49,8100,0,1560288295,4,47515,49,8124,0.9907653780570181,1553996703,4,47312,49,8170,1.5783564195257416,1545605878,3,47056,49,8090
1.2749236469950456,1558195596,11,47437,49,8099,0.7741227207322837,1551901696,9,47248,49,8107,1.768479167866584,1547706098,5,47125,49,8114,1.741241332764482,1547705222,4,47130,49,8037,0.6564253402353941,1549800782,3,47175,49,8117
1.0235054523303582,1553998924,6,47334,49,8134,1.134165148650672,1556096144,8,47398,49,8095,1.4343431911126754,1558191413,5,47497,49,8117,1.5297044845004235,1560287708,4,47548,49,8078,0.7239465436386793,1549800821,3,47201,49,8176
1.0235054523303582,1553998924,6,47334,49,8134,1.134165148650672,1556096144,8,47398,,8095,14.466392382803024,1558191413,5,47497,49,8117,1.5297044845004235,1560287708,4,47548,49,8078,0.7239465436386793,1549800821,3,47201,49,8176
1.1363122032459785,1556097960,10,47380,49,8102,0.7463811080774373,1549804860,8,47232,49,8066,1.4010937792158031,1558192226,5,47479,49,8180,1.117747783125824,1556094119,4,47371,49,8064,1.3732461726707008,1558189257,3,47475,49,8070
1.1363122032459785,1556097960,10,47380,49,8102,0.7463811080774373,1549804860,8,47232,49,8066,1.4010937792158031,1558192226,5,47479,49,8180,1.117747783125824,1556094119,4,47371,49,8064,1.3732461726707008,1558189257,3,47475,49,8070
1.3207185001478086,1558195922,12,47460,49,16,1.604667186680394,1545610378,8,47097,49,8081,1.3914035341368474,1558192298,5,47478,49,8174,0.8163504664529879,1551899353,4,47254,49,8147,0.6918180182410487,1549801027,4,47188,49,8186
1.3207185001478086,1558195922,12,47460,49,16,1.604667186680394,1545610378,8,47097,49,8081,1.3914035341368474,1558192298,5,47478,49,8174,0.8163504664529879,1551899353,4,47254,49,8147,0.6918180182410487,1549801027,4,47188,49,8186
1.1478371288301215,1556098848,12,47387,49,8128,0.7306737484281592,1549805172,10,47234,49,8122,1.0889893648567448,1553997072,4,47347,49,8127,1.298480942629731,1558190742,4,47455,49,8130,0.736389750719439,1549801378,3,47207,49,8135
1.1478371288301215,1556098848,12,47387,49,8128,0.7306737484281592,1549805172,10,47234,49,8122,1.0889893648567448,1553997072,4,47347,49,8127,1.298480942629731,1558190742,4,47455,49,8130,0.736389750719439,1549801378,3,47207,49,8135
1.3935430435299612,1558195622,11,47490,49,8118,1.6169077750992467,1545611205,10,47089,49,8063,1.002701097414116,1553997984,5,47313,49,8097,0.9739352645149884,1553995908,4,47309,49,8175,1.3470325209901541,1558189583,3,47468,49,8155
1.3935430435299612,1558195622,11,47490,49,8118,1.6169077750992467,1545611205,10,47089,49,8063,1.002701097414116,1553997984,5,47313,49,8097,0.9739352645149884,1553995908,4,47309,49,8175,1.3470325209901541,1558189583,3,47468,49,8155
0.7434273740340042,1549806817,10,47217,49,9,0.5754385554669194,1547708041,9,47156,49,8100,1.2610547106176406,1556094793,5,47424,49,8164,1.0659339330285014,1553996152,4,47351,49,8064,1.3840572945890057,1558189585,3,47481,49,8111
0.7434273740340042,1549806817,10,47217,49,9,0.5754385554669194,1547708041,9,47156,49,8100,1.2610547106176406,1556094793,5,47424,49,8164,1.0659339330285014,1553996152,4,47351,49,8064,1.3840572945890057,1558189585,3,47481,49,8111
1.518588517967783,1560292888,11,47545,49,8102,1.6606615958966298,1547707036,9,47116,49,8076,0.6839679807239452,1549803223,5,47178,49,4,1.2032181251259886,1556094116,4,47413,49,8090,1.410780264455515,1558189382,3,47491,49,8122
1.518588517967783,1560292888,11,47545,49,8102,1.6606615958966298,1547707036,9,47116,49,8076,0.6839679807239452,1549803223,5,47178,49,4,1.2032181251259886,1556094116,4,47413,49,8090,1.410780264455515,1558189382,3,47491,49,8122
0.7694365319895925,1549804330,6,47226,49,8107,1.120089867247561,1556096864,9,47392,49,8081,1.095822524945617,1553997572,5,47356,49,8171,0.8820369740726005,1551899215,4,47274,49,8073,1.0492079176099687,1553994451,3,47340,49,8114
0.7694365319895925,1549804330,6,47226,49,8107,1.120089867247561,1556096864,9,47392,49,8081,1.095822524945617,1553997572,5,47356,49,8171,0.8820369740726005,1551899215,4,47274,49,8073,1.0492079176099687,1553994451,3,47340,49,8114
0.6579569982809931,1547709011,10,47175,49,8150,0.6147051063610095,1549805005,10,47187,49,8092,0.8087067744741093,1549803210,5,47235,49,8130,1.360289874912714,1558191223,4,47481,49,8150,1.4058840201919447,1558189137,3,47491,49,8157
0.6579569982809931,1547709011,10,47175,49,8150,0.6147051063610095,1549805005,10,47187,49,8092,0.8087067744741093,1549803210,5,47235,49,8130,1.360289874912714,1558191223,4,47481,49,8150,1.4058840201919447,1558189137,3,47491,49,8157
1.719825383845305,1547709884,12,47116,49,8153,0.9241568112296623,1553998875,9,47313,49,8050,1.6980004948125713,1545609380,5,47100,49,8107,1.6834085032488362,1547704969,4,47113,49,8052,1.6994262770078714,1545605906,3,47101,49,8124
0,547709884,12,47116,49,8153,0,1553998875,9,47313,49,8050,1.6980004948125713,1545609380,5,47100,49,8107,1.6834085032488362,1547704969,4,47113,49,8052,1.6994262770078714,1545605906,3,47101,49,8124
1.2687020424988715,1558195309,11,47435,49,8136,0.7715723648676295,1551901974,9,47249,49,8040,1.1460043028714209,1556094741,5,47376,49,8161,1.692689786994562,1547705276,4,47118,49,8116,1.664747398002698,1545606301,3,47089,49,8155
1.5390898891526337,1560292836,12,47552,49,8081,1.6380188342871365,1545610308,10,47114,49,8091,1.6112028987029825,1545609418,5,47063,49,8090,1.3035816684051778,1560287338,4,47453,49,8056,1.1114239394904786,1556091773,3,47370,49,8123
0.649185045747471,1547709678,11,47173,49,8155,1.357226350062455,1558193405,10,47499,49,8072,1.7127895840765004,1545609085,5,47107,49,8178,0.9741397389875357,1553996485,4,47307,49,8074,0.6619331397276287,1549800178,3,47177,49,8131
0.649185045747471,1547709678,11,47173,49,8155,1.357226350062455,1558193405,10,47499,49,8072,1.7127895840765004,1545609085,5,47107,49,8178,0.9741397389875357,1553996485,4,47307,49,8074,0.6619331397276287,1549800178,3,47177,49,8131
1.4956390236700097,1560290226,6,47538,49,8098,1.3197964157353208,1558193896,9,47474,49,8081,1.3080745704587333,1558192214,5,47443,49,8114,0.9372134896296059,1553996784,4,47309,49,8093,0.659587259110768,1549800501,3,47176,49,8173
1.4956390236700097,1560290226,6,47538,49,8098,1.3197964157353208,1558193896,9,47474,49,8081,1.3080745704587333,1558192214,5,47443,49,8114,0.9372134896296059,1553996784,4,47309,49,8093,0.659587259110768,1549800501,3,47176,49,8173
1.0853143873776498,1554001533,11,47361,49,8130,1.579883018391144,1545610920,9,47084,49,8102,0.5618799358908132,1547706177,5,47127,49,8141,1.544391322376914,1545607947,4,47044,49,8106,0.7186432128405401,1549800328,3,47197,49,8139
1.0853143873776498,1554001533,11,47361,49,8130,1.579883018391144,1545610920,9,47084,49,8102,0.5618799358908132,1547706177,5,47127,49,8141,1.544391322376914,1545607947,4,47044,49,8106,0.7186432128405401,1549800328,3,47197,49,8139
1.505227032078739,1560293127,11,47540,49,8144,1.3453947056799271,1560289490,8,47503,49,8094,0.7243572949948027,1549803243,5,47198,49,8083,1.1221309504457937,1556093907,4,47384,49,8078,1.4467826207484968,1560286623,3,47514,49,8146
1.505227032078739,1560293127,11,47540,49,8144,1.3453947056799271,1560289490,8,47503,49,8094,0.7243572949948027,1549803243,5,47198,49,8083,1.1221309504457937,1556093907,4,47384,49,8078,1.4467826207484968,1560286623,3,47514,49,8146
0.7945274164993605,1549807337,12,47236,49,8022,1.1813875848152537,1556096269,10,47431,49,8101,1.6910650869553017,1545609312,5,47096,49,8108,0.7273110948424953,1551898883,4,47207,49,8062,1.0390083554411416,1553995258,3,47336,49,8114
0.9343619835594502,1551904233,11,47297,49,8155,1.2176985542650047,1558193298,9,47443,49,8119,0.8275760568825061,1551899952,5,47242,49,8122,1.103572128585457,1556093378,4,47358,49,8115,1.2697207053935062,1556092279,4,47432,49,8155
1.4403584135147671,1560291884,9,47512,49,8171,0.7527030862076205,1549804815,10,47242,49,8105,1.7079955867474046,1545608930,5,47106,49,8134,1.84609215308145,1549801589,4,47174,49,8087,0.8225757726201551,1551897665,3,47240,49,8131
1.4403584135147671,1560291884,9,47512,49,8171,0.7527030862076205,1549804815,10,47242,49,8105,1.7079955867474046,1545608930,5,47106,49,8134,1.84609215308145,1549801589,4,47174,49,8087,0.8225757726201551,1551897665,3,47240,49,8131
0.7450594512608387,1549807683,12,47217,49,8167,1.5130749692606476,1560290506,10,47563,49,8104,1.4571904340582758,1560289308,5,47509,49,8155,1.399251559157013,1560288007,4,47499,49,8089,1.546636866714964,1543509192,3,47037,49,8088
0.7450594512608387,1549807683,12,47217,49,8167,1.5130749692606476,1560290506,10,47563,49,8104,1.4571904340582758,1560289308,5,47509,49,8155,1.399251559157013,1560288007,4,47499,49,8089,1.546636866714964,1543509192,3,47037,49,8088
1.6867785811650962,1545612721,11,47104,49,8077,1.7096202323284653,1547707238,8,47140,49,8073,1.7161559744501718,1545608047,4,47106,49,8154,1.3764043112085167,1560287883,4,47491,49,8109,1.591309456021891,1545606178,3,47063,49,8131
1.1900629786250012,1556099087,11,47406,49,8090,0.5996093145243134,1549804310,9,47183,49,8090,1.5971272518740882,1562386191,5,47569,49,8160,0.916816232502703,1551899425,4,47293,49,8181,1.1067340514008825,,,,,
1.1900629786250012,1556099087,11,47406,49,8090,0.5996093145243134,1549804310,9,47183,49,8090,1.5971272518740882,1562386191,5,47569,49,8160,0.916816232502703,1551899425,4,47293,49,8181,1.1067340514008825,1553994734,3,47358,49,8139
0.5879876796869744,1547709810,11,47149,49,8130,1.2646161547289458,1558193738,9,47456,49,8061,1.3423445058527292,1558192590,5,47459,49,8139,1.662397817565719,1547704637,4,47103,49,8082,0.8171683612801371,1551897856,3,47245,49,8132
1.6828006226204721,1545612615,11,47103,49,8137,0.9192605682328258,1553998708,9,47314,49,8042,0.6205269606880628,1547706155,5,47152,49,19,1.63945204541853,1545608080,4,47080,49,8105,0.8464416750764852,1551897726,3,47254,49,8147
1.6828006226204721,1545612615,11,47103,49,8137,0.9192605682328258,1553998708,9,47314,49,8042,0.6205269606880628,1547706155,5,47152,49,19,1.63945204541853,1545608080,4,47080,49,8105,0.8464416750764852,1551897726,3,47254,49,8147
1.622419291837907,1545613265,11,47079,49,8156,0.8459285906235088,1551902538,10,47273,49,8084,1.2438175035230847,1556094733,5,47417,49,8150,1.6287431515138775,1545607662,4,47073,49,8071,0.963226377522087,1553994735,3,47301,49,8108
1.622419291837907,1545613265,11,47079,49,8156,0.8459285906235088,1551902538,10,47273,49,8084,1.2438175035230847,1556094733,5,47417,49,8150,1.6287431515138775,1545607662,4,47073,49,8071,0.963226377522087,1553994735,3,47301,49,8108
1.1207070704189344,1556097829,10,47376,49,8125,0.9063080454608945,1551901679,9,47305,49,8078,1.2649304306308045,1556094283,4,47427,49,8130,1.2304522919367624,1556093654,4,47418,49,8108,1.849867503273599,1547703510,4,47168,49,8133
1.1207070704189344,1556097829,10,47376,49,8125,0.9063080454608945,1551901679,9,47305,49,8078,1.2649304306308045,1556094283,4,47427,49,8130,0,1556093654,4,47418,49,8108,1.849867503273599,1547703510,4,47168,49,8133
1.1759876892904202,1556095908,6,47402,49,8109,0.9984108104917976,1553998874,8,47338,49,8097,0.8090134765790687,1549803336,5,47233,49,8106,1.2201504865960582,1558190421,4,47416,49,8130,0.81461985643458,1549800847,3,47238,49,8093
1.1759876892904202,1556095908,6,47402,49,8109,0.9984108104917976,1553998874,8,47338,49,8097,0.8090134765790687,1549803336,5,47233,49,8106,1.2201504865960582,1558190421,4,47416,49,8130,0.81461985643458,1549800847,3,47238,49,8093
1.0940863424715208,1554001195,11,47365,49,8125,1.349577152367627,1558193000,9,47495,49,8083,1.5920284167424166,1562385963,5,47564,49,8130,1.7177843788836296,1547704230,4,47113,49,8149,0.841340963289942,1551898129,3,47258,49,8145
1.0940863424715208,1554001195,11,47365,49,8125,1.349577152367627,1558193000,9,47495,49,8083,1.5920284167424166,1562385963,5,47564,49,8130,1.7177843788836296,1547704230,4,47113,49,8149,1.040742672238374,1553995438,3,47335,49,8076
0.8352234225655204,1551904495,11,47255,49,8108,1.0207468538259399,1553999524,9,47351,49,8109,1.634661706435585,1545608565,4,47074,49,8156,0.8894835595631108,1551899340,4,47274,49,8124,0.7134402785247782,1549801191,4,47200,49,8153
0.8352234225655204,1551904495,11,47255,49,8108,1.0207468538259399,1553999524,9,47351,49,8109,1.634661706435585,1545608565,4,47074,49,8156,0.8894835595631108,1551899340,4,47274,49,8124,0.7134402785247782,1549801191,4,47200,49,8153
1.0132036442309014,1554002044,12,47334,49,8086,1.2499293174558774,1558192509,8,47448,49,8096,0.9717975408236209,1551900594,5,47301,49,8128,1.4810525451711034,1562384634,4,47530,49,8078,0.983114309086378,1553994978,3,47316,49,8098
1.0132036442309014,1554002044,12,47334,49,8086,1.2499293174558774,1558192509,8,47448,49,8096,0.9717975408236209,1551900594,5,47301,49,8128,1.4810525451711034,1562384634,4,47530,49,8078,0.983114309086378,1553994978,3,47316,49,8098
0.637353403144822,1547709204,10,47171,49,8084,1.1869976241760447,1556095345,8,47433,49,8128,0.8404282030435644,1551900653,5,47245,49,8165,1.1051000986735742,1556093300,4,47368,49,8118,0.9279359254331425,1551897734,3,47289,49,8130
0.637353403144822,1547709204,10,47171,49,8084,1.1869976241760447,1556095345,8,47433,49,8128,0.8404282030435644,1551900653,5,47245,49,8165,1.1051000986735742,1556093300,4,47368,49,8118,0.9279359254331425,1551897734,3,47289,49,8130
0.7891218467199076,1549804563,6,47235,49,8094,1.421280819130089,1560291118,9,47520,49,8076,1.4674922380635476,1560288911,5,47513,49,8140,1.1110149830405474,1556093359,4,47374,49,8146,1.1930204387450607,1556092056,3,47402,49,8151
0.7891218467199076,1549804563,6,47235,49,8094,1.421280819130089,1560291118,9,47520,49,8076,1.4674922380635476,1560288911,5,47513,49,8140,1.1110149830405474,1556093359,4,47374,49,8146,1.1930204387450607,1556092056,3,47402,49,8151
1.7104418558880734,1547709877,12,47114,49,8157,1.48380355160125,1560290632,9,47553,49,8091,1.5370526275412517,1560289376,5,47543,49,8102,0.7646407093890034,1549801992,4,47226,49,8067,1.0710346450086028,1553995063,3,47350,49,8100
1.7104418558880734,1547709877,12,47114,49,8157,1.48380355160125,1560290632,9,47553,49,8091,1.5370526275412517,1560289376,5,47543,49,8102,0.7646407093890034,1549801992,4,47226,49,8067,1.0710346450086028,1553995063,3,47350,49,8100
1.4285267627138496,1560292640,11,47510,49,8098,1.5390847821825455,1562386929,8,47571,49,8078,1.6018190117991975,1545608533,4,47060,49,8130,1.647406110499622,1545607925,4,47091,49,8136,0.9610849654234249,1551897541,3,47300,49,8139
1.4285267627138496,1560292640,11,47510,49,8098,1.5390847821825455,1562386929,8,47571,49,8078,1.6018190117991975,1545608533,4,47060,49,8130,1.647406110499622,1545607925,4,47091,49,8136,0.9610849654234249,1551897541,3,47300,49,8139
1.717275025593655,1547710025,12,47119,49,8132,0.6600928722430257,1549805022,9,47197,49,8090,1.2210724926170649,1556094949,5,47409,49,8098,1.6869775084472607,1547705019,4,47119,49,8166,1.266761376597987,1558189408,4,47439,49,8082
0.6618327167846575,1549806873,11,47179,49,8100,1.6707589210649072,1547707504,9,47120,49,8086,0.8730660650429363,1551900140,4,47262,49,8155,1.8238564714941383,1549802055,4,47169,49,8102,1.6286409136234585,1545606476,3,47075,49,8116
0.6618327167846575,1549806873,11,47179,49,8100,1.6707589210649072,1547707504,9,47120,49,8086,0.8730660650429363,1551900140,4,47262,49,8155,1.8238564714941383,1549802055,4,47169,49,8102,1.6286409136234585,1545606476,3,47075,49,8116
1.2607461149618346,1558194693,11,47435,49,8158,0.8330764428098841,1551901552,8,47269,49,8053,1.5511279116254253,1560289417,5,47550,49,8116,1.1054049428090609,1556093543,4,47373,49,8100,1.2058726003730758,1556092296,3,47404,49,8143
1.0461482117604943,1554001552,12,47347,49,8084,0.5985888071062004,1549804044,8,47184,49,8068,1.7287014144469808,1545608676,5,47113,49,8102,0.8888701386807031,1551899377,4,47280,49,8052,1.2518719401078606,1556092109,3,47423,49,8128
1.275535199557929,1558196063,11,47442,49,8081,1.0051417392997342,1553999371,9,47350,49,8123,1.4610661512165666,1560288721,4,47513,49,8090,1.0811319689017604,1556093321,4,47355,49,8088,1.712685527658902,1545606576,3,47105,49,8141
1.275535199557929,1558196063,11,47442,49,8081,1.0051417392997342,1553999371,9,47350,49,8123,1.4610661512165666,1560288721,4,47513,49,8090,1.0811319689017604,1556093321,4,47355,49,8088,1.712685527658902,1545606576,3,47105,49,8141
0.7945274114244977,1549806916,11,47238,49,8099,0.9977973790894438,1553999644,9,47350,49,8125,1.0028033216724432,1553997180,5,47318,49,8124,1.6336356846646678,1545608166,4,47090,49,8102,1.3393833256368974,1558189192,3,47461,49,8083
0.7945274114244977,1549806916,11,47238,49,8099,0.9977973790894438,1553999644,9,47350,49,8125,1.0028033216724432,1553997180,5,47318,49,8124,1.6336356846646678,1545608166,4,47090,49,8102,1.3393833256368974,1558189192,3,47461,49,8083
1.0612440121598086,1554001543,12,47351,49,8072,1.053079864367146,1553998524,8,47360,49,8077,14.041086401090837,1549803486,5,47225,49,8159,1.816818830241991,1549801861,4,47166,49,8130,1.7031979189287503,1547703306,3,47110,49,8150
1.0612440121598086,1554001543,12,47351,49,8072,1.053079864367146,1553998524,8,47360,49,8077,0.7870845071225806,1549803486,5,47225,49,8159,1.816818830241991,1549801861,4,47166,49,8130,1.7031979189287503,1547703306,3,47110,49,8150
0.5698322001037556,1547710014,11,47145,49,8118,0.6507093514991229,1549804979,9,47193,49,8061,1.5229773395312411,1560289550,5,47538,49,8111,1.1919980389955798,1556093637,4,47412,49,8095,1.2600304622612837,1558189229,3,47431,49,8101
0.5698322001037556,1547710014,11,47145,49,8118,0.6507093514991229,1549804979,9,47193,49,8061,1.5229773395312411,1560289550,5,47538,49,8111,1.1919980389955798,1556093637,4,47412,49,8095,1.2600304622612837,1558189229,3,47431,49,8101
0.5464756267723674,1547710084,11,47134,49,8124,1.0352311151821894,1553999651,9,47347,49,8067,0.6205269566983913,1547706565,5,47154,49,8082,1.043493772344037,1553996683,4,47348,49,8141,1.2341254135887596,1556092920,4,47413,49,8120
0.8677590435119434,1551904365,11,47272,49,8185,0.7063989247202543,1549805343,10,47219,49,8078,1.6551630641446489,1545609611,5,47082,49,8090,1.353456714178773,1558190691,4,47477,49,8116,1.5576524718705806,1543509327,3,47041,49,8084
0.827471977352657,1551903752,10,47251,49,8098,1.156807928087768,1556096640,9,47403,49,8094,0.8099317477152946,1549803420,5,47233,49,8118,1.2148452839764405,1558190538,4,47420,49,8105,1.4243443456971259,1560285979,3,47500,49,8131
0.827471977352657,1551903752,10,47251,49,8098,1.156807928087768,1556096640,9,47403,49,8094,0.8099317477152946,1549803420,5,47233,49,8118,1.2148452839764405,1558190538,4,47420,49,8105,1.4243443456971259,1560285979,3,47500,49,8131
1.6154838852757771,1562389367,10,47587,49,8111,1.0579742377258337,1553999227,9,47364,49,8063,1.5910078887588528,1545608907,5,47055,49,8189,1.8435436577612558,1549801872,4,47168,49,8136,0.8741851479465459,1551897898,3,47262,49,8123
1.2876716864017175,1558196009,11,47449,49,8047,1.0774550785625738,1556095797,9,47373,49,8047,0.8171738598008745,1549803557,5,47234,49,8106,1.2636013358352087,1558190960,4,47431,49,8106,1.5444954714499426,1543509282,3,47034,49,8094
1.2876716864017175,1558196009,11,47449,49,8047,1.0774550785625738,1556095797,9,47373,49,8047,0.8171738598008745,1549803557,5,47234,49,8106,1.2636013358352087,1558190960,4,47431,49,8106,1.5444954714499426,1543509282,3,47034,49,8094
1.3253080179977004,1558195205,10,47464,49,22,1.6652530013920646,1545610577,9,47106,49,8042,0.9887280358647316,1553997529,5,47312,49,8145,1.543065964311306,1562385092,4,47555,49,8116,1.2915474313558577,1558189780,4,47442,49,8090
0.9413996256254745,1551903507,10,47300,49,8091,1.2026027665824257,1556096573,10,47426,49,8055,0.8286987959695884,1551899271,4,47241,49,8136,1.564483711939468,1562385076,4,47569,49,8102,0.6720323046754115,1547703595,3,47172,49,8095
0.9413996256254745,1551903507,10,47300,49,8091,1.2026027665824257,1556096573,10,47426,49,8055,0.8286987959695884,1551899271,4,47241,49,8136,1.564483711939468,1562385076,4,47569,49,8102,0.6720323046754115,1547703595,3,47172,49,8095
0.895093577582832,1551901623,6,47282,49,8107,1.4279095048024537,1560291279,10,47529,49,8118,0.9636371479488566,1551900389,5,47302,49,8130,1.36151487696463,1558190266,4,47479,49,8074,1.5660154672628879,1545606186,3,47047,49,8175
0.895093577582832,1551901623,6,47282,49,8107,1.4279095048024537,1560291279,10,47529,49,8118,0.9636371479488566,1551900389,5,47302,49,8130,1.36151487696463,1558190266,4,47479,49,8074,1.5660154672628879,1545606186,3,47047,49,8175
0.8312454691722249,1551903891,10,47252,49,8124,0.5643207393224482,1547707647,9,47156,49,8062,1.1131619649952895,1553997481,5,47364,49,8066,1.132332383390313,1556092873,4,47382,49,8092,1.270332265287978,1558189182,3,47434,49,8128
0.8312454691722249,1551903891,10,47252,49,8124,0.5643207393224482,1547707647,9,47156,49,8062,1.1131619649952895,1553997481,5,47364,49,8066,1.132332383390313,1556092873,4,47382,49,8092,1.270332265287978,1558189182,3,47434,49,8128
1.6036522464561418,1562390452,11,47583,49,8176,1.6595407261263369,1545609592,8,47106,49,8049,1.0716499092119711,1553997805,5,47347,49,8101,1.2163770027298508,1556093319,4,47414,49,8132,1.7658228915323033,1547703695,3,47136,49,16
1.6036522464561418,1562390452,11,47583,49,8176,1.6595407261263369,1545609592,8,47106,49,8049,1.0716499092119711,1553997805,5,47347,49,8101,1.2163770027298508,1556093319,4,47414,49,8132,1.7658228915323033,1547703695,3,47136,49,16
1.5051247892208497,1560293249,12,47541,49,8068,0.849599856464074,1551902392,10,47271,49,8105,1.300118643785616,1558192336,5,47443,49,8066,1.081332698263648,1556093591,4,47370,49,8138,1.5659132240178166,1545606268,3,47048,49,3
1.5051247892208497,1560293249,12,47541,49,8068,0.849599856464074,1551902392,10,47271,49,8105,1.300118643785616,1558192336,5,47443,49,8066,1.081332698263648,1556093591,4,47370,49,8138,1.5659132240178166,1545606268,3,47048,49,3
1.4720779744637948,1560292986,11,47529,49,8154,0.8685713744832493,1551902328,9,47285,49,8127,0.6673423432553144,1547705689,5,47175,49,8131,0.9158998089410955,1551899149,4,47288,49,8147,1.1225417859230589,1556092346,4,47371,49,8112
1.4720779744637948,1560292986,11,47529,49,8154,0.8685713744832493,1551902328,9,47285,49,8127,0.6673423432553144,1547705689,5,47175,49,8131,0.9158998089410955,1551899149,4,47288,49,8147,1.1225417859230589,1556092346,4,47371,49,8112
1.2949138098274915,1558196339,12,47450,49,8092,1.3493745926402811,1558193629,10,47483,49,8084,0.9261030527169644,1551900736,5,47286,49,8180,0.7212939560197721,1549801794,4,47204,49,8111,0.9848486310004813,1553995072,3,47313,49,8103
1.2949138098274915,1558196339,12,47450,49,8092,1.3493745926402811,1558193629,10,47483,49,8084,0.9261030527169644,1551900736,5,47286,49,8180,0.7212939560197721,1549801794,4,47204,49,8111,0.9848486310004813,1553995072,3,47313,49,8103
1.0584891832927867,1554002084,12,47352,49,8069,0.6026690160537693,1549804320,9,47180,49,8119,1.1594680214515165,1556094703,5,47382,49,8138,1.8385451803538322,1547704894,4,47170,49,8108,0.6598939663958969,1547703377,3,47171,49,8157
1.0584891832927867,1554002084,12,47352,49,8069,0.6026690160537693,1549804320,9,47180,49,8119,1.1594680214515165,1556094703,5,47382,49,8138,1.8385451803538322,1547704894,4,47170,49,8108,0.6598939663958969,1547703377,3,47171,49,8157
0.83114323325776,1551904368,11,47253,49,8146,1.3135748325579102,1558193562,9,47466,49,8085,1.4061926072409807,1558191510,4,47491,49,8175,1.683103643307345,1547705163,4,47110,49,8106,1.5591804062121606,1545606508,3,47050,49,8102
0.83114323325776,1551904368,11,47253,49,8146,1.3135748325579102,1558193562,9,47466,49,8085,1.4061926072409807,1558191510,4,47491,49,8175,1.683103643307345,1547705163,4,47110,49,8106,1.5591804062121606,1545606508,3,47050,49,8102
1.104999711394191,1554001220,11,47368,49,8125,1.0357404362155282,1553999650,9,47350,49,8045,1.111529885802803,1553997149,5,47364,49,8108,0.7980945998421447,1551899049,4,47243,49,8083,1.8554775389119853,1547703104,3,47170,49,8064
1.104999711394191,1554001220,11,47368,49,8125,1.0357404362155282,1553999650,9,47350,49,8045,0,1553997594,5,47315,49,8165,0.7980945998421447,1551899049,4,47243,49,8083,1.8554775389119853,1547703104,3,47170,49,8064
1.400478441535998,1558195205,11,47495,49,8180,0.9407824692156183,1553998586,9,47313,49,8072,0.8471591390711797,1551900652,5,47252,49,8173,1.1645650234428928,1556093702,4,47386,49,8071,0.9406858439826271,1551898178,3,47291,49,8132
1.400478441535998,1558195205,11,47495,49,8180,0.9407824692156183,1553998586,9,47313,49,8072,0.8471591390711797,1551900652,5,47252,49,8173,1.1645650234428928,1556093702,4,47386,49,8071,0.9406858439826271,1551898178,3,47291,49,8132
1.7205391866489046,1547709531,11,47117,49,8119,1.3536573805429764,1558192412,8,47497,49,8107,0.6777463718616654,1547706197,5,47177,49,8163,1.5574479779194228,1562385076,4,47558,49,8145,1.3309161942299244,1558189779,3,47465,49,8095
1.7205391866489046,1547709531,11,47117,49,8119,1.3536573805429764,1558192412,8,47497,49,8107,0.6777463718616654,1547706197,5,47177,49,8163,1.5574479779194228,1562385076,4,47558,49,8145,1.3309161942299244,1558189779,3,47465,49,8095
1.1255010755735155,1556098558,12,47375,49,8108,0.7421986931788329,1549805022,9,47228,49,8051,1.1390688939006635,1556093817,4,47374,49,8118,1.6757611463079445,1545607915,4,47102,49,8086,0.8252265109361321,1551897865,3,47247,49,8102
1.1255010755735155,1556098558,12,47375,49,8108,0.7421986931788329,1549805022,9,47228,49,8051,1.1390688939006635,1556093817,4,47374,49,8118,1.6757611463079445,1545607915,4,47102,49,8086,0.8252265109361321,1551897865,3,47247,49,8102
0.8312454691722249,1551904397,11,47252,49,8108,0.6143984165846802,1547706976,9,47177,49,8076,1.4830973623978134,1560289404,5,47521,49,8157,1.5751963994505058,1562384851,4,47560,49,8059,0.9037633190454336,1551897448,3,47277,49,8122
0.8312454691722249,1551904397,11,47252,49,8108,0.6143984165846802,1547706976,9,47177,49,8076,1.4830973623978134,1560289404,5,47521,49,8157,1.5751963994505058,1562384851,4,47560,49,8059,0.9037633190454336,1551897448,3,47277,49,8122
0.6036950400487807,1547707014,5,47155,49,8151,0.6183763816417785,1547706559,8,47176,49,8064,1.4150668131702016,1558191149,4,47492,49,8156,1.5356193485838932,1560288026,4,47556,49,8100,1.5716255104085204,1543509106,3,47049,49,8080
0.6036950400487807,1547707014,5,47155,49,8151,0.6183763816417785,1547706559,8,47176,49,8064,1.4150668131702016,1558191149,4,47492,49,8156,1.5356193485838932,1560288026,4,47556,49,8100,1.5716255104085204,1543509106,3,47049,49,8080
1.6710712190573858,1545613192,12,47098,49,8124,1.4479015709999585,1560290913,10,47523,49,8047,0.6576539463838041,1547706322,5,47166,49,8126,1.3592712379872713,,,,,,1.082968527363456,1553995288,3,47352,49,8104
1.6710712190573858,1545613192,12,47098,49,8124,1.4479015709999585,1560290913,10,47523,49,8047,0.6576539463838041,1547706322,5,47166,49,8126,1.3592712379872713,1558190585,4,47477,49,8177,1.082968527363456,1553995288,3,47352,49,8104
0.6874329417084599,1549807391,11,47190,49,8134,1.6626004149983327,154561802,9,47106,49,8097,1.4202678929050643,1558191199,5,47497,49,8171,0,1545607892,4,47064,49,8152,1.2814501060680479,1558189240,3,47438,49,8117
1.6231330949839093,1562390253,11,47592,49,8150,1.6391416130587193,1545610127,8,47104,49,8097,1.5697927152536033,1562384920,4,47560,49,8175,1.4111873364003584,1560287429,4,47496,49,8051,0.9654700184946509,1553994804,4,47304,49,8109
1.6231330949839093,1562390253,11,47592,49,8150,1.6391416130587193,1545610127,8,47104,49,8097,1.5697927152536033,1562384920,4,47560,49,8175,1.4111873364003584,1560287429,4,47496,49,8051,0.9654700184946509,1553994804,4,47304,49,8109
1.3330594594991174,1558195083,10,47468,49,8145,1.6660671836733805,1545610518,9,47112,49,8103,0.5479068759650401,1547706430,5,47123,49,8138,1.1748630636523734,1558190421,4,47408,49,8071,0.6933478632363985,1549800901,3,47188,49,8137
0.6720322829875548,1549806669,11,47181,49,8115,1.6212928480152256,1545610660,9,47087,49,8056,1.7080978159805575,1545608988,5,47108,49,8167,1.6861633163178735,1547705029,4,47115,49,8064,1.3151084784294995,1558189219,3,47451,49,8149
0.6720322829875548,1549806669,11,47181,49,8115,1.6212928480152256,1545610660,9,47087,49,8056,1.7080978159805575,1545608988,5,47108,49,8167,1.6861633163178735,1547705029,4,47115,49,8064,1.3151084784294995,1558189219,3,47451,49,8149
1.0791950233799044,1554000639,10,47357,49,8141,1.162622458826687,1556096829,9,47400,49,8055,1.600187291821653,1545609562,5,47062,49,8172,0.8223712855138922,1551899637,4,47248,49,8127,0.6826371327147814,1549801106,3,47188,49,8073
1.0791950233799044,1554000639,10,47357,49,8141,1.162622458826687,1556096829,9,47400,49,8055,1.600187291821653,1545609562,5,47062,49,8172,0.8223712855138922,1551899637,4,47248,49,8127,0.6826371327147814,1549801106,3,47188,49,8073
0.6248079664622961,1547709968,12,47164,49,8147,1.2434010194223941,1558192954,9,47440,49,7993,0.6675468077722696,1547706166,5,47174,49,8146,1.4997173343707884,1560287690,4,47543,49,8056,1.6986083942393875,1545606460,3,47107,49,8118
0.6122625247791496,1547709845,11,47159,49,8065,1.620069718159336,1545610805,9,47091,49,8128,1.5838680011570672,1545609140,5,47054,49,8142,1.3915020005917096,1560288147,4,47492,49,8122,14.056277814924558,1549800426,3,47239,49,8130
0.6122625247791496,1547709845,11,47159,49,8065,1.620069718159336,1545610805,9,47091,49,8128,1.5838680011570672,1545609140,5,47054,49,8142,1.3915020005917096,1560288147,4,47492,49,8122,0.8137015821863102,1549800426,3,47239,49,8130
1.1610963703490202,1556098944,11,47394,49,8114,1.7054378213189876,1547707751,9,47126,49,8062,1.0410512172900048,1553997938,5,47336,49,8169,0.7679048526466523,1549801984,4,47230,49,8098,1.8084576908539352,1547703561,3,47150,49,8134
1.1610963703490202,1556098944,11,47394,49,8114,1.7054378213189876,1547707751,9,47126,49,8062,1.0410512172900048,1553997938,5,47336,49,8169,0.7679048526466523,1549801984,4,47230,49,8098,1.8084576908539352,1547703561,3,47150,49,8134
1.704118021325452,1545612740,11,47110,49,8158,0.6166420528798439,1547707077,9,47181,49,8038,1.3118480468619411,1558192060,5,47449,49,8150,1.3751811831392562,1560287769,4,47492,49,8098,1.63200730851495,1545606739,3,47072,49,8156
1.704118021325452,1545612740,11,47110,49,8158,0.6166420528798439,1547707077,9,47181,49,8038,1.3118480468619411,1558192060,5,47449,49,8150,1.3751811831392562,1560287769,4,47492,49,8098,1.63200730851495,1545606739,3,47072,49,8156
0.601349159336168,1547709651,11,47154,49,8080,1.4063895100202564,1560290971,10,47518,49,8126,1.3343885764895236,1558192258,5,47460,49,8141,0.8961122425172566,1551899529,4,47285,49,8086,1.083070767969081,1553995108,3,47350,49,8085
0.601349159336168,1547709651,11,47154,49,8080,1.4063895100202564,1560290971,10,47518,49,8126,1.3343885764895236,1558192258,5,47460,49,8141,0.8961122425172566,1551899529,4,47285,49,8086,1.083070767969081,1553995108,3,47350,49,8085
1.0768491426513327,1554001212,12,47356,49,8132,1.482171475376977,1560290230,8,47543,49,8089,1.6446567951547544,1545609234,5,47082,49,8113,1.4457620827523443,1560287885,4,47520,49,8108,1.0497172484764796,1553995371,4,47341,49,8122
1.0768491426513327,1554001212,12,47356,49,8132,1.482171475376977,1560290230,8,47543,49,8089,1.6446567951547544,1545609234,5,47082,49,8113,1.4457620827523443,1560287885,4,47520,49,8108,1.0497172484764796,1553995371,4,47341,49,8122
1.5382738504139797,1560292149,11,47551,49,8146,1.4835990694294976,1560290021,8,47545,49,8097,0.7252755550133877,1549803915,5,47203,49,8170,0.8025837298847545,1551899171,4,47242,49,8077,0.826042552570604,1551897921,4,47246,49,8153
1.5382738504139797,1560292149,11,47551,49,8146,1.4835990694294976,1560290021,8,47545,49,8097,0.7252755550133877,1549803915,5,47203,49,8170,0.8025837298847545,1551899171,4,47242,49,8077,0.826042552570604,1551897921,4,47246,49,8153
0.8298178655658532,1551904161,11,47249,49,8090,1.518582782370883,1560290328,9,47562,49,8033,0.5352591953166256,1547706280,5,47122,49,8175,1.328161335208433,1558190834,4,47472,49,8127,0.6507130780154908,1549800520,3,47173,49,8109
0.8298178655658532,1551904161,11,47249,49,8090,1.518582782370883,1560290328,9,47562,49,8033,0.5352591953166256,1547706280,5,47122,49,8175,1.328161335208433,1558190834,4,47472,49,8127,0.6507130780154908,1549800520,3,47173,49,8109
0.9922952014991218,1554000696,10,47320,49,8117,1.0372702694909262,1553999372,9,47353,49,8050,1.4000732377353402,1558191677,5,47491,49,8115,1.3882359428934143,1560287332,4,47499,49,8089,1.120093666503538,1556092074,4,47371,49,8069
0.9445615481637096,1551903929,11,47300,49,8098,1.3512092496421226,1558193967,9,47491,49,8091,0.9051945876793259,1551900805,5,47279,49,8115,1.207909873943849,1556093479,4,47419,49,8116,1.526442224161002,1560286350,3,47539,49,8134
0.9445615481637096,1551903929,11,47300,49,8098,1.3512092496421226,1558193967,9,47491,49,8091,0.9051945876793259,1551900805,5,47279,49,8115,1.207909873943849,1556093479,4,47419,49,8116,1.526442224161002,1560286350,3,47539,49,8134
0.850521847937109,1551904798,12,47262,49,8033,1.6312879188129346,1545610242,9,47105,49,8108,1.6590387797389563,1545609565,5,47088,49,8114,0.9106987137105431,1551899109,4,47285,49,8146,0.8118650332317994,1551898079,3,47241,49,8142
0.850521847937109,1551904798,12,47262,49,8033,1.6312879188129346,1545610242,9,47105,49,8108,0,1560289045,5,47510,49,8176,0.9106987137105431,1551899109,4,47285,49,8146,0.8118650332317994,1551898079,3,47241,49,8142
0.8235962621108119,1551904624,12,47246,49,8094,0.8454174141484352,1551902255,9,47274,49,8059,1.2569744982035307,1556094170,5,47430,49,8140,0.70915560710364,1549802187,4,47205,49,8134,1.2757378265017612,1558189093,3,47437,49,8073
0.8327753135840452,1551904372,11,47252,49,8115,1.733997323309003,1547708057,9,47138,49,8063,0.9442585255998668,1551900429,5,47296,49,8159,1.7987655787619805,1547704875,4,47162,49,8103,1.846298493401434,1547703382,3,47163,49,8131
0.8327753135840452,1551904372,11,47252,49,8115,1.733997323309003,154708057,9,47138,49,8063,0.9442585255998668,1551900429,5,47296,49,8159,1.7987655787619805,1547704875,4,47162,49,8103,1.846298493401434,1547703382,3,47163,49,8131
1.49584351187743,1560293308,12,47535,49,8098,0.7604545393719842,1549804658,10,47243,49,8092,1.4992117956160238,1560289370,5,47535,49,8131,1.1912842297577706,1556093838,4,47414,49,8081,1.818657252765774,1547703483,3,47154,49,8137
1.49584351187743,1560293308,12,47535,49,8098,0.7604545393719842,1549804658,10,47243,49,8092,1.4992117956160238,1560289370,5,47535,49,8131,1.1912842297577706,1556093838,4,47414,49,8081,1.818657252765774,1547703483,3,47154,49,8137
1.0000466454436103,1554001849,12,47324,49,8103,1.028293828505014,1553999368,10,47361,49,8050,1.7003463636280294,1545608887,5,47107,49,8158,1.796624174727807,1547704915,4,47159,49,8113,0.6467351209308585,1549800519,3,47172,49,8132
1.0000466454436103,1554001849,12,47324,49,8103,1.028293828505014,1553999368,10,47361,49,8050,1.7003463636280294,1545608887,5,47107,49,8158,1.796624174727807,1547704915,4,47159,49,8113,0.6467351209308585,1549800519,3,47172,49,8132
1.1004101909069413,1554000861,11,47364,49,8028,1.5085877100291123,1560290694,10,47556,49,8117,1.3476478157905325,1558192280,5,47469,49,8106,1.6945281846998277,1547704644,4,47112,49,8133,1.2740053863814222,1558189137,3,47430,49,8103
1.1004101909069413,1554000861,11,47364,49,8028,1.5085877100291123,1560290694,10,47556,49,8117,1.3476478157905325,1558192280,5,47469,49,8106,1.6945281846998277,1547704644,4,47112,49,8133,1.2740053863814222,1558189137,3,47430,49,8103
0.997803007427906,1554001607,11,47320,49,8150,1.0507321088020636,1553999337,9,47365,49,8105,0.6336839675963317,1547705849,4,47163,49,8121,0.8332828005731124,1551899365,4,47260,49,8083,0.6725398068385969,1549800928,3,47183,49,8112
0.997803007427906,1554001607,11,47320,49,8150,1.0507321088020636,1553999337,9,47365,49,8105,0.6336839675963317,1547705849,4,47163,49,8121,0.8332828005731124,1551899365,4,47260,49,8083,0.6725398068385969,1549800928,3,47183,49,8112
1.4037426122238061,1558195816,12,47492,49,8120,0.8127795671457094,1551902211,9,47258,49,8040,1.7346163075645329,1547706076,5,47121,49,8188,1.0917367326019138,1556093896,4,47374,49,8137,0.9576163400116089,1551897106,3,47300,49,8076
1.4037426122238061,1558195816,12,47492,49,8120,0.8127795671457094,1551902211,9,47258,49,8040,1.7346163075645329,1547706076,5,47121,49,8188,1.0917367326019138,1556093896,4,47374,49,8137,0.9576163400116089,1551897106,3,47300,49,8076
1.4296495420052266,1560291625,10,47502,49,8122,1.306944255489864,1558194073,9,47469,49,8087,1.4245525742133316,1560288194,4,47497,49,8130,0.9702621446883835,1553996327,4,47317,49,8122,1.1467143957741437,1556092174,3,47381,49,8118
1.4296495420052266,1560291625,10,47502,49,8122,1.306944255489864,1558194073,9,47469,49,8087,1.4245525742133316,1560288194,4,47497,49,8130,0.9702621446883835,1553996327,4,47317,49,8122,1.1467143957741437,1556092174,3,47381,49,8118
0.96679722985145,1551903839,11,47304,49,8078,1.6307785923170734,1545610682,9,47094,49,8025,1.6956546057296518,1545608254,4,47103,49,8144,1.7041143234524871,1547705089,4,47122,49,8095,1.1053045845489733,1556092150,3,47363,49,8130
0.96679722985145,1551903839,11,47304,49,8078,1.6307785923170734,1545610682,9,47094,49,8025,1.6956546057296518,1545608254,4,47103,49,8144,1.7041143234524871,1547705089,4,47122,49,8095,1.1053045845489733,1556092150,3,47363,49,8130
1.6208894577559072,1562390273,11,47587,49,8169,0.7227178423810847,1549804334,8,47221,49,8035,0.7589339312302292,1549803253,5,47215,49,8162,1.3319385929654397,1558190675,4,47459,49,8138,0.9847463963297314,1553995217,3,47313,49,8107
1.6200734190647097,1562390169,11,47587,49,8046,1.212597836128634,1556095940,9,47434,49,8065,1.681579319874043,1545608168,4,47097,49,8112,1.2537084874261957,1558190361,4,47426,49,8144,1.4171022228704588,1560285852,3,47498,49,8170
1.6200734190647097,1562390169,11,47587,49,8046,1.212597836128634,1556095940,9,47434,49,8065,1.681579319874043,1545608168,4,47097,49,8112,1.2537084874261957,1558190361,4,47426,49,8144,1.4171022228704588,1560285852,3,47498,49,8170
1.096432235735642,1554001110,11,47361,49,8065,1.4928803454777302,1560290572,10,47558,49,8071,0.7408806875521519,1549803323,5,47208,49,8092,0.7762678668690972,1549801881,4,47235,49,8100,1.4275062698811933,1560286315,3,47500,49,8083
1.096432235735642,1554001110,11,47361,49,8065,1.4928803454777302,1560290572,10,47558,49,8071,0.7408806875521519,1549803323,5,47208,49,8092,0.7762678668690972,1549801881,4,47235,49,8100,1.4275062698811933,1560286315,3,47500,49,8083
1.7314525588374847,1547709944,11,47119,49,8088,0.5958358400353505,1547707009,8,47177,49,8059,1.052169055216478,1553998519,5,47340,49,8120,1.4941091948567715,1560287265,4,47533,49,8099,1.4508628340075234,1560286608,3,47511,49,8143
0.8725530544751571,1551904072,11,47268,49,8108,0.8756090086098243,1551902350,9,47290,49,8074,1.1207089294154315,1556094616,5,47372,49,8094,0.6863102105658258,1549801950,4,47189,49,8133,1.2599301043399616,1556091695,3,47423,49,8156
0.8725530544751571,1551904072,11,47268,49,8108,0.8756090086098243,1551902350,9,47290,49,8074,1.1207089294154315,1556094616,5,47372,49,8094,0.6863102105658258,1549801950,4,47189,49,8133,1.2599301043399616,1556091695,3,47423,49,8156
1.183739144958297,1556096164,6,47401,49,8083,0.6221498518607416,1549804767,10,47183,49,8114,1.214748644690274,1556094304,4,47410,49,8126,0.9978011474176967,1556093180,4,47327,49,8098,0.9493537131170018,1553994601,3,47300,49,8120
1.183739144958297,1556096164,6,47401,49,8083,0.6221498518607416,1549804767,10,47183,49,8114,1.214748644690274,1556094304,4,47410,49,8126,0.9978011474176967,1556093180,4,47327,49,8098,0.9493537131170018,1553994601,3,47300,49,8120
0.6563249243215418,1547708772,10,47174,49,8135,0,155399888,8,47313,49,8101,1.6002891700552362,1545608917,5,47060,49,8170,1.8256911486597271,1549802267,4,47178,49,8144,1.1333529130362343,1556091728,3,47376,49,8094
0.6563249243215418,1547708772,10,47174,49,8135,0.9271142635897937,1553998488,8,47313,49,8101,1.6002891700552362,1545608917,5,47060,49,8170,1.8256911486597271,1549802267,4,47178,49,8144,1.1333529130362343,1556091728,3,47376,49,8094
0.5753400074382945,1547710237,11,47144,49,8098,0.7019116302234369,1549805180,9,47217,49,8076,1.592435485868719,1562385420,4,47569,49,8130,0.7806547713960226,1549802265,4,47231,49,8072,1.7914249633781594,1547703787,3,47140,49,8150
0.5753400074382945,1547710237,11,47144,49,8098,0.7019116302234369,1549805180,9,47217,49,8076,1.592435485868719,1562385420,4,47569,49,8130,0.7806547713960226,1549802265,4,47231,49,8072,1.7914249633781594,1547703787,3,47140,49,8150
0.967511027273634,1554001360,11,47307,49,8050,0.5909414540932143,1547708025,9,47169,49,8158,1.3251072945714457,1558191568,4,47454,49,8098,1.1718052681289555,1556093858,4,47396,49,8127,1.6188484548937447,1545606647,4,47073,49,8168
1.0830707476696295,1554000621,10,47358,49,8131,1.1948513200096873,1556096589,9,47424,49,8088,1.2602386666521885,1556094004,4,47426,49,8145,1.231166083889604,1558190432,4,47422,49,8114,1.1690504406433067,1556092243,3,47395,49,8098
1.0830707476696295,1554000621,10,47358,49,8131,1.1948513200096873,1556096589,9,47424,49,8088,1.2602386666521885,1556094004,4,47426,49,8145,1.231166083889604,1558190432,4,47422,49,8114,1.1690504406433067,1556092243,3,47395,49,8098
0.6673405238284627,1549806604,11,47178,49,8087,1.5042007657847691,1560289214,8,47559,49,8090,0.9833224712867366,1553997470,5,47309,49,8166,0.887951856111658,1551899259,4,47283,49,8023,1.4228145059025776,1560286395,3,47499,49,8114
1.5183840346624617,1560292780,12,47546,49,8158,0.6571354329231908,1549805049,10,47192,49,8067,1.5367458990187635,1560288705,4,47547,49,8140,1.8086602940868517,1547704758,4,47160,49,8155,1.7859171602566482,1547703976,4,47139,49,8153
1.5183840346624617,1560292780,12,47546,49,8158,0.6571354329231908,1549805049,10,47192,49,8067,1.5367458990187635,1560288705,4,47547,49,8140,1.8086602940868517,1547704758,4,47160,49,8155,1.7859171602566482,1547703976,4,47139,49,8153
1.1728257763697225,1556098400,11,47398,49,8096,0.9668938619966105,1553998796,8,47331,49,8126,0.8432834158517105,1551900584,5,47250,49,8170,1.5038997897196535,1560287944,4,47540,49,8106,0.96343085121888,1551897654,3,47299,49,8060
0.5302589354156406,1547709898,11,47122,49,8133,0.8600038926612076,1551901843,8,47273,49,8065,1.0669581472601086,1553998151,5,47345,49,8124,1.387014728033774,1560287429,4,47486,49,8126,0.9876016004588795,1553995201,3,47318,49,8169
0.5302589354156406,1547709898,11,47122,49,8133,0.8600038926612076,1551901843,8,47273,49,8065,1.0669581472601086,1553998151,5,47345,49,8124,1.387014728033774,1560287429,4,47486,49,8126,0.9876016004588795,1553995201,3,47318,49,8169
0.9766900759076103,1554001593,11,47313,49,8122,0.6175603354347622,1547707450,9,47178,49,8056,1.2101591255778483,1556094745,5,47405,49,8154,1.8347716937610383,1549802135,4,47168,49,8088,1.0112648815954859,1553995022,3,47326,49,8154
0.9766900759076103,1554001593,11,47313,49,8122,0.6175603354347622,1547707450,9,47178,49,8056,1.2101591255778483,1556094745,5,47405,49,8154,1.8347716937610383,1549802135,4,47168,49,8088,1.0112648815954859,1553995022,3,47326,49,8154
0.6396992914777083,1547710245,11,47169,49,8122,0.9544487923512529,1553999195,9,47323,49,8070,1.6573044755467414,1545609290,5,47085,49,8104,1.588963563811078,1545607714,4,47066,49,8105,1.4062910998135747,1560286099,3,47493,49,8151
0.6396992914777083,1547710245,11,47169,49,8122,0.9544487923512529,1553999195,9,47323,49,8070,1.6573044755467414,1545609290,5,47085,49,8104,1.588963563811078,1545607714,4,47066,49,8105,1.4062910998135747,1560286099,3,47493,49,8151
1.4397468691019317,1560292977,11,47505,49,8110,1.3117382656767467,1558192849,8,47476,49,8082,0.8356342022686581,1551900442,5,47246,49,8117,1.2110699114784673,1556093258,4,47427,49,8100,1.7942801698978859,1547703899,3,47145,49,8129
0,1560292977,11,47505,49,8110,1.3117382656767467,1558192849,8,47476,49,8082,0.8356342022686581,1551900442,5,47246,49,8117,1.2110699114784673,1556093258,4,47427,49,8100,1.7942801698978859,1547703899,3,47145,49,8129
1.118463445476507,1554001430,12,47367,49,8154,1.6686175327803012,1547706860,8,47121,49,8079,1.2562607035057431,1556093950,4,47426,49,8119,0.7563799212334866,1549801758,4,47223,49,8143,0.9540454712866545,1553994555,3,47303,49,8091
1.118463445476507,1554001430,12,47367,49,8154,1.6686175327803012,1547706860,8,47121,49,8079,1.2562607035057431,1556093950,4,47426,49,8119,0.7563799212334866,1549801758,4,47223,49,8143,0.9540454712866545,1553994555,3,47303,49,8091
0.7395516645664353,1549807280,11,47210,49,8062,0.81991945249886,1551901918,9,47266,49,8136,1.663730547643395,1545608727,4,47087,49,8171,1.4265898620351822,1560288166,4,47500,49,8127,1.2975645517480452,1558189170,3,47447,49,8100
0.7395516645664353,1549807280,11,47210,49,8062,0.81991945249886,1551901918,9,47266,49,8136,1.663730547643395,1545608727,4,47087,49,8171,1.4265898620351822,1560288166,4,47500,49,8127,1.2975645517480452,1558189170,3,47447,49,8100
1.603040691158391,1562389676,11,47576,49,8120,1.1895480097155264,1556096573,9,47426,49,8130,0.8080951992897194,1549803536,5,47236,49,8162,0.815026935657584,1551899232,4,47248,49,8118,1.5814161034916787,1545605871,3,47056,49,8137
0,1562389676,11,47576,49,8120,1.1895480097155264,1556096573,9,47426,49,8130,0.8080951992897194,1549803536,5,47236,49,8162,0.815026935657584,1551899232,4,47248,49,8118,1.5814161034916787,1545605871,3,47056,49,8137
1.6038567297181006,1562389562,10,47576,49,8083,0.89039809848263,1551902035,9,47287,49,8010,1.4134347299623724,1558192005,5,47493,49,8119,1.6938143794174676,1547704851,4,47112,49,8113,0,1556091633,3,47364,49,8119
1.6038567297181006,1562389562,10,47576,49,8083,0.89039809848263,1551902035,9,47287,49,8010,1.4134347299623724,1558192005,5,47493,49,8119,1.6938143794174676,1547704851,4,47112,49,8113,1.0946960646125998,1556091633,3,47364,49,8119
1.323675950085882,1558195786,11,47459,49,8107,0.8134933758138387,1551901817,8,47257,49,8089,0.8217633855989672,1549803258,5,47238,49,8142,0.771271243438791,1551898929,4,47229,49,8107,1.0533903580588722,1553995355,3,47337,49,8120
0.9234486322350525,1551904136,11,47287,49,8128,1.049916076108935,155399756,9,47371,49,8061,1.0520668199567225,1553997618,5,47340,49,8126,1.0796002455227767,1553996401,4,47366,49,811,1.1104034274161116,1556091322,3,47370,49,8118
0.9234486322350525,1551904136,11,47287,49,8128,1.049916076108935,1553998756,9,47371,49,8061,1.0520668199567225,1553997618,5,47340,49,8126,1.0796002455227767,1553996401,4,47366,49,8113,1.1104034274161116,1556091322,3,47370,49,8118
1.090210638166929,1554001403,11,47356,49,8095,1.4995090207969974,1562384561,4,47561,49,8076,0.7143621943791552,1549803635,5,47195,49,0,1.6617880907502904,1547704867,4,47098,49,8136,1.568261006935282,1543508949,3,47041,49,8122
1.090210638166929,1554001403,11,47356,49,8095,1.4995090207969974,1562384561,4,47561,49,8076,0.7143621943791552,1549803635,5,47195,49,0,1.6617880907502904,1547704867,4,47098,49,8136,1.568261006935282,1543508949,3,47041,49,8122
1.6426139566872608,1562390457,11,47596,49,8096,1.7054378213189876,1547708103,9,47134,49,8115,0.7176263473353899,1549803827,5,47195,49,8118,1.5200142175407714,1560287836,4,47552,49,8123,1.1162198125366898,1553994605,3,47361,49,8127
1.6426139566872608,1562390457,11,47596,49,8096,1.7054378213189876,1547708103,9,47134,49,8115,0.7176263473353899,1549803827,5,47195,49,8118,1.5200142175407714,1560287836,4,47552,49,8123,1.1162198125366898,1553994605,3,47361,49,8127
0.9854620439283589,1554001450,11,47311,49,8103,1.4086331605877198,1560290856,10,47516,49,8133,0.6994708702227541,1549803179,4,47189,49,8143,1.121114167767246,1556093880,4,47375,49,8091,1.769903087515687,1547703801,3,47136,49,8138
0.6788654646295866,1549806737,11,47183,49,8098,1.6666787464131891,1545609555,9,47114,49,8078,0.957211069194299,1551900340,5,47302,49,8118,1.1173406850798817,1556092776,4,47372,49,8093,1.5599983525752141,1560286566,3,47554,49,8129
0.6788654646295866,1549806737,11,47183,49,8098,1.6666787464131891,1545609555,9,47114,49,8078,0.957211069194299,1551900340,5,47302,49,8118,1.1173406850798817,1556092776,4,47372,49,8093,1.5599983525752141,1560286566,3,47554,49,8129
0.8375693159014557,1551904203,11,47251,49,8101,0.9098770784168695,1553998866,9,47310,49,8102,0.6595908934962732,1547705901,5,47172,49,8109,1.479624945745964,1560287679,4,47529,49,8101,1.7124810559884733,1545606441,3,47107,49,8043
0.8375693159014557,1551904203,11,47251,49,8101,0.9098770784168695,1553998866,9,47310,49,8102,0.6595908934962732,1547705901,5,47172,49,8109,1.479624945745964,1560287679,4,47529,49,8101,0.9632245182219789,1553994890,3,47309,49,8066
0.9675110321889099,1554001326,11,47305,49,8092,1.4731950323351508,1560290587,8,47539,49,8073,0.7901441900734623,1549803437,5,47228,49,8112,1.818248294735941,1549801992,4,47161,49,8077,0.6648924263740296,1547703675,3,47171,49,8045
0.9675110321889099,1554001326,11,47305,49,8092,1.4731950323351508,1560290587,8,47539,49,8073,0.7901441900734623,1549803437,5,47228,49,8112,1.818248294735941,1549801992,4,47161,49,8077,0.6648924263740296,1547703675,3,47171,49,8045
1.140290168646797,1556098279,11,47379,49,8095,0.9071241143358425,1551901772,9,47297,49,8029,1.7146261263731224,1545608916,5,47108,49,8138,1.490538307381051,1560287857,4,47534,49,8094,0.8011561375910444,1549800006,3,47235,49,8082
1.140290168646797,1556098279,11,47379,49,8095,0.9071241143358425,1551901772,9,47297,49,8029,1.7146261263731224,1545608916,5,47108,49,8138,1.490538307381051,1560287857,4,47534,49,8094,0.8011561375910444,1549800006,3,47235,49,8082
0.6798859707862975,1549807010,11,47181,49,8102,1.0685808837272877,1556096313,9,47378,49,8134,0.6181810737116655,1547706274,5,47154,49,8122,1.2569707733481517,1558190737,4,47432,49,8043,1.7175799089373913,1547702563,3,47114,49,8115
0.6798859707862975,1549807010,11,47181,49,8102,1.0685808837272877,1556096313,9,47378,49,8134,0,1547706274,5,47154,49,8122,1.2569707733481517,1558190737,4,47432,49,8043,1.7175799089373913,1547702563,3,47114,49,8115
1.4392375483038922,1560292998,11,47504,49,8124,1.3543711856464093,1558193327,10,47496,49,8141,0.7457769196210783,1549803366,5,47207,49,8170,1.0675660067291748,1556093219,4,47353,49,8099,1.2572774991953324,1556092155,3,47427,49,8078
1.4381147824157656,1560293110,12,47507,49,8161,1.7737750626973348,1547708179,9,47152,49,8068,1.451784866585513,1560289482,5,47509,49,8163,1.209439720175984,1556093377,4,47418,49,8124,1.2293314101802637,1556091954,3,47413,49,8087
1.4381147824157656,1560293110,12,47507,49,8161,1.7737750626973348,1547708179,9,47152,49,8068,1.451784866585513,1560289482,5,47509,49,8163,1.209439720175984,1556093377,4,47418,49,8124,1.2293314101802637,1556091954,3,47413,49,8087
0.9069252255777993,1551904701,12,47283,49,8142,0.6665189644072932,1549804571,8,47201,49,8103,1.496458847239439,1560289552,5,47527,49,8137,1.7056460274244456,1547704757,4,47113,49,8127,0.6482667940155454,1547703679,3,47166,49,8138
0.9069252255777993,1551904701,12,47283,49,8142,0.6665189644072932,1549804571,8,47201,49,8103,1.496458847239439,1560289552,5,47527,49,8137,1.7056460274244456,1547704757,4,47113,49,8127,0.6482667940155454,1547703679,3,47166,49,8138
1.543679415201484,1560292823,11,47552,49,8097,0.7040530480212527,1549804859,9,47217,49,8086,1.4421968600808515,1560289243,5,47507,49,8080,0.9944347569440077,1553995913,4,47326,49,8139,1.179454479262562,1556092214,3,47398,49,8157
1.543679415201484,1560292823,11,47552,49,8097,0.7040530480212527,1549804859,9,47217,49,8086,1.4421968600808515,1560289243,5,47507,49,8080,0.9944347569440077,1553995913,4,47326,49,8139,1.179454479262562,1556092214,3,47398,49,8157
1.458207183666079,1560293075,11,47518,49,8176,0.8914167504581937,1551902205,9,47300,49,8095,0.81452127319802,1549802180,4,47237,49,8150,0.7737175203001654,1551898978,4,47234,49,8106,0,1551898108,3,47299,49,8135
1.458207183666079,1560293075,11,47518,49,8176,0.8914167504581937,1551902205,9,47300,49,8095,0.81452127319802,1549802180,4,47237,49,8150,0.7737175203001654,1551898978,4,47234,49,8106,0.9619010071231101,1551898108,3,47299,49,8135
1.3818136449300493,1558195775,12,47483,49,8105,1.4045529505522187,1560290659,9,47509,49,8072,1.3774304765837246,1558191870,5,47477,49,8185,1.8147796611525162,1547705312,4,47163,49,8116,0.6388832711650941,1547702789,3,47162,49,8115
1.3818136449300493,1558195775,12,47483,49,8105,1.4045529505522187,1560290659,9,47509,49,8072,1.3774304765837246,1558191870,5,47477,49,8185,1.8147796611525162,1547705312,4,47163,49,8116,0.6388832711650941,1547702789,3,47162,49,8115
0.7371035435944217,1549807331,11,47212,49,8073,1.3470268111343024,1558193193,9,47497,49,8089,1.2014894027904264,1556095188,5,47402,49,8057,1.187512634718825,1556093718,4,47401,49,8142,1.0183025204617928,1553995354,3,47330,49,8103
1.6795364747734072,1545610237,6,47100,49,8132,0.644590003668364,1549805057,9,47192,49,8054,1.014532726512203,1553997781,5,47323,49,8111,1.481255123996796,1560287389,4,47537,49,8123,1.7692915274726977,1547703127,3,47132,49,8066
1.6795364747734072,1545610237,6,47100,49,8132,0.644590003668364,1549805057,9,47192,49,8054,1.014532726512203,1553997781,5,47323,49,8111,1.481255123996796,1560287389,4,47537,49,8123,1.7692915274726977,1547703127,3,47132,49,8066
0.6895743613809133,1549807324,11,47190,49,8107,1.3414186713519674,1558193993,10,47488,49,8102,1.5299127405379167,1560288962,5,47542,49,8129,1.3356079494472197,1558190798,4,47469,49,8111,0.6544884057253892,1547704013,3,47166,49,8079
0.6895743613809133,1549807324,11,47190,49,8107,1.3414186713519674,1558193993,10,47488,49,8102,1.5299127405379167,1560288962,5,47542,49,8129,1.3356079494472197,1558190798,4,47469,49,8111,0.6544884057253892,1547704013,3,47166,49,8079
0.9839321975123323,1554001620,12,47312,49,8149,0.8163485855283281,1551902229,9,47260,49,8066,0.8466498055757967,1551900022,4,47249,49,8139,0.8630654504429963,1551898932,4,47270,49,8098,0.6661155755117584,1547703502,3,47172,49,8121
0.9839321975123323,1554001620,12,47312,49,8149,0.8163485855283281,1551902229,9,47260,49,8066,0.8466498055757967,1551900022,4,47249,49,8139,0.8630654504429963,1551898932,4,47270,49,8098,0.6661155755117584,1547703502,3,47172,49,8121
1.168950060230727,1556098482,11,47394,49,8104,1.3533506537983193,1558193098,10,47499,49,8062,1.280740034288556,1558192026,5,47433,49,8094,0.7037500485955607,1549802152,4,47200,49,8114,1.7847944158707134,1547703730,3,47140,49,8063
1.168950060230727,1556098482,11,47394,49,8104,1.3533506537983193,1558193098,10,47499,49,8062,1.280740034288556,1558192026,5,47433,49,8094,0.7037500485955607,1549802152,4,47200,49,8114,1.7847944158707134,1547703730,3,47140,49,8063
1.7290044418438544,1547709526,10,47119,49,8143,1.2118840488090892,1556095696,9,47438,49,8081,0.7766804757435649,1549803445,5,47223,49,8126,1.0739920858554108,1553996317,4,47354,49,8097,0.8360376474496608,1551897359,3,47250,49,8133
1.7290044418438544,1547709526,10,47119,49,8143,1.2118840488090892,1556095696,9,47438,49,8081,0.7766804757435649,1549803445,5,47223,49,8126,1.0739920858554108,1553996317,4,47354,49,8097,0.8360376474496608,1551897359,3,47250,49,8133
1.592331355823738,1562390187,12,47571,49,8058,1.3243859540174565,1558193840,9,47479,49,8078,0.8839794311374674,1551900788,5,47267,49,8150,1.853027550186659,1549801932,4,47180,49,8078,1.5882492635401277,1545606252,3,47059,49,8090
1.592331355823738,1562390187,12,47571,49,8058,1.3243859540174565,1558193840,9,47479,49,8078,0.8839794311374674,1551900788,5,47267,49,8150,1.853027550186659,1549801932,4,47180,49,8078,1.5882492635401277,1545606252,3,47059,49,8090
0.8554180868614677,1551904036,10,47260,49,8133,1.1312077306127823,1556096633,9,47389,49,8100,1.0193267253196898,1553997869,5,47324,49,8098,0.9766882284967867,1553996606,4,47316,49,8163,1.434543914484649,1560286417,3,47502,49,8123
0.8554180868614677,1551904036,10,47260,49,8133,1.1312077306127823,1556096633,9,47389,49,8100,1.0193267253196898,1553997869,5,47324,49,8098,0.9766882284967867,1553996606,4,47316,49,8163,1.434543914484649,1560286417,3,47502,49,8123
1.303583540480157,1558195283,10,47450,49,8095,0.8932533067650342,1551901750,9,47298,49,8079,1.2883892387463727,1558191760,5,47438,49,8134,1.4064955751028023,1558190818,4,47494,49,8085,1.2348392192362556,1556091859,3,47412,49,8160
1.303583540480157,1558195283,10,47450,49,8095,0.8932533067650342,1551901750,9,47298,49,8079,1.2883892387463727,1558191760,5,47438,49,8134,1.4064955751028023,1558190818,4,47494,49,8085,1.2348392192362556,1556091859,3,47412,49,8160
0,1551901500,6,47297,49,8091,1.211783700494516,1556095923,8,47423,49,8076,0.6873343623631976,1549803376,5,47179,49,8108,0.9526178588489321,1553996701,4,47304,49,8089,1.3809976245591502,1558189396,3,47475,49,8156
0.9430317118405165,1551901500,6,47297,49,8091,1.211783700494516,1556095923,8,47423,49,8076,0.6873343623631976,1549803376,5,47179,49,8108,0.9526178588489321,1553996701,4,47304,49,8089,1.3809976245591502,1558189396,3,47475,49,8156
0.828390264041041,1551903549,10,47245,49,8126,1.6539306921541128,1545610733,9,47104,49,8099,0.8168671561687871,1549802431,4,47237,49,8083,0.9280363048836456,1553996058,4,47296,49,8125,0.8124784515586138,1549800644,3,47233,49,8117
0.828390264041041,1551903549,10,47245,49,8126,1.6539306921541128,1545610733,9,47104,49,8099,0.8168671561687871,1549802431,4,47237,49,8083,0.9280363048836456,1553996058,4,47296,49,8125,0.8124784515586138,1549800644,3,47233,49,8117
1.417104097442926,1560291475,10,47497,49,8078,1.5438787970343728,1562387867,9,47575,49,8094,0.6441902324067683,1547706397,5,47162,49,8168,1.717682142586987,1545607018,4,47114,49,8105,1.093372573385379,1553995138,3,47351,49,8113
1.417104097442926,1560291475,10,47497,49,8078,1.5438787970343728,1562387867,9,47575,49,8094,0,1556095183,5,47381,49,8136,1.717682142586987,1545607018,4,47114,49,8105,1.093372573385379,1553995138,3,47351,49,8113
1.179761184186181,1556098599,11,47400,49,8128,1.1891409381661742,1556096528,9,47421,49,8108,0.8269644839847105,1551899993,5,47242,49,8128,1.7547050479740172,1547705338,4,47135,49,8081,1.8485421419961547,1547703837,3,47163,49,8142
1.179761184186181,1556098599,11,47400,49,8128,1.1891409381661742,1556096528,9,47421,49,8108,0.8269644839847105,1551899993,5,47242,49,8128,1.7547050479740172,1547705338,4,47135,49,8081,1.8485421419961547,1547703837,3,47163,49,8142
1.0156517759975783,1554001789,11,47329,49,8120,1.5639712063490774,1562386629,8,47578,49,8086,0.9983160329509816,1553997811,5,47314,49,8136,1.8030502617067583,1547705053,4,47157,49,8127,1.3991531117799743,1558189100,3,47481,49,8107
1.0156517759975783,1554001789,11,47329,49,8120,1.5639712063490774,1562386629,8,47578,49,8086,0.9983160329509816,1553997811,5,47314,49,8136,1.8030502617067583,1547705053,4,47157,49,8127,1.3991531117799743,1558189100,3,47481,49,8107
1.7088097902193269,1545612641,12,47109,49,8135,1.3398888321534679,1558193423,9,47487,49,8108,0.8449154932360086,1551900877,5,47250,49,5,1.3629424779634332,1558190665,4,47480,49,8090,1.7355309230841052,1547703586,3,47119,49,8116
1.7088097902193269,1545612641,12,47109,49,8135,1.3398888321534679,1558193423,9,47487,49,8108,0.8449154932360086,1551900877,5,47250,49,5,1.3629424779634332,1558190665,4,47480,49,8090,1.7355309230841052,1547703586,3,47119,49,8116
1.4989031962208372,1560292474,10,47535,49,8138,1.5218469602499718,1562386342,8,47567,49,8124,1.2937948013708187,1558192115,5,47441,49,8170,1.687081605095428,1547704963,4,47110,49,8125,1.1919999306520697,1556092263,3,47400,49,8095
1.4989031962208372,1560292474,10,47535,49,8138,1.5218469602499718,1562386342,8,47567,49,8124,1.2937948013708187,1558192115,5,47441,49,8170,1.687081605095428,1547704963,4,47110,49,8125,1.1919999306520697,1556092263,3,47400,49,8095
1.2958320983424658,1558195050,10,47446,49,8154,1.6623959244153026,1553997637,8,47120,49,8078,1.3392848205753456,1558191977,4,47459,49,8171,1.623845069590256,1545608065,4,47082,49,8067,1.789588414058173,1547703795,3,47141,49,8102
1.2958320983424658,1558195050,10,47446,49,8154,1.6623959244153026,1553997637,8,47120,49,8078,1.3392848205753456,1558191977,4,47459,49,8171,1.623845069590256,1545608065,4,47082,49,8067,1.789588414058173,1547703795,3,47141,49,8102
1.4382170242155123,1560291652,10,47506,49,8147,1.1650705666141186,1556096755,9,47404,49,8082,1.676989796998324,1545609565,5,47092,49,8139,1.8626155519452408,1549801767,4,47181,49,8127,1.5664244442438957,1543509416,4,47041,49,8062
1.5915153144789618,1562390263,11,47571,49,8064,0.6130730398243501,1549804605,9,47184,49,8157,0.8214566833969021,1549802658,5,47240,49,8100,0.9996395704245988,1553996405,4,47314,49,8148,1.2594189078479385,1558188609,3,47427,49,8122
1.678211099632057,1545612959,11,47099,49,8071,1.2552326482201959,1558193867,9,47456,49,8091,1.124993609752655,1553996795,4,47367,49,8142,1.1887357590379253,1556093747,4,47404,49,8137,0.9696524593036729,1551897803,3,47300,49,8122
1.678211099632057,1545612959,11,47099,49,8071,1.2552326482201959,1558193867,9,47456,49,8091,1.124993609752655,1553996795,4,47367,49,8142,1.1887357590379253,1556093747,4,47404,49,8137,0.9696524593036729,1551897803,3,47300,49,8122
0.5504535911258159,1547710571,12,47132,49,8113,0.7424031601301547,1549803943,8,47228,49,8071,1.451784870543267,1560289154,5,47507,49,8148,1.3753856705661682,1558190694,4,47489,49,8140,1.7505244823462707,1547703899,4,47124,49,8159
0.5504535911258159,1547710571,12,47132,49,8113,0.7424031601301547,1549803943,8,47228,49,8071,1.451784870543267,1560289154,5,47507,49,8148,1.3753856705661682,1558190694,4,47489,49,8140,1.7505244823462707,1547703899,4,47124,49,8159
0.6704002089323513,1549806615,11,47180,49,8127,1.3590629313523228,1558193315,9,47494,49,8071,0.5727933011131683,1547706239,5,47133,49,8097,1.5180773135189158,1560287727,4,47546,49,8130,1.2630901343317515,1558189287,3,47436,49,8126
0.6704002089323513,1549806615,11,47180,49,8127,1.3590629313523228,1558193315,9,47494,49,8071,0.5727933011131683,1547706239,5,47133,49,8097,1.5180773135189158,1560287727,4,47546,49,8130,1.2630901343317515,1558189287,3,47436,49,8126
0.7789222926442221,1549807335,12,47228,49,8109,0.821142572892558,1551902396,9,47264,49,8084,0.8887734305746261,1551900836,5,47267,49,8123,1.5838647027965225,1545607481,4,47061,49,8119,0.7538314209763424,1549800895,3,47213,49,8106
0.7789222926442221,1549807335,12,47228,49,8109,0.821142572892558,1551902396,9,47264,49,8084,0.8887734305746261,1551900836,5,47267,49,8123,1.5838647027965225,1545607481,4,47061,49,8119,0.7538314209763424,1549800895,3,47213,49,8106
0.8491964785164797,1551903853,10,47259,49,8125,1.478702819616243,1560289295,8,47553,49,8084,1.1498800231551867,1556094859,5,47379,49,8147,1.5758079497951294,1545607143,4,47052,49,8108,1.32530803370105,1558189535,3,47458,49,8158
0.8491964785164797,1551903853,10,47259,49,8125,1.478702819616243,1560289295,8,47553,49,8084,1.1498800231551867,1556094859,5,47379,49,8147,1.5758079497951294,1545607143,4,47052,49,8108,1.32530803370105,1558189535,3,47458,49,8158
1.5208321583294115,1560290418,6,47546,49,8121,1.1945445938752701,1556095823,9,47435,49,8142,0.9333451695721434,1551900839,5,47286,49,8127,0.7908524795091377,1551898955,4,47244,49,8113,1.2286176045837673,1556092440,3,47414,49,8180
1.6014086036811237,1562390294,11,47580,49,8176,0.7540303241463177,1549804969,9,47234,49,8042,1.1570199042697646,1556094895,5,47381,49,8132,1.7941760561677396,1547704924,4,47159,49,8142,0.6235848389499554,1547703496,3,47154,49,8103
1.6014086036811237,1562390294,11,47580,49,8176,0.7540303241463177,1549804969,9,47234,49,8042,1.1570199042697646,1556094895,5,47381,49,8132,1.7941760561677396,1547704924,4,47159,49,8142,0.6235848389499554,1547703496,3,47154,49,8103
0.9946410822037554,1554001397,11,47321,49,8118,1.6459747633927049,1545610531,10,47113,49,8098,0.8363480099471063,1551900568,5,47245,49,8095,0.8120676398746021,1551899577,4,47252,49,8104,1.5420473404142523,1560286550,3,47549,49,8126
0.9946410822037554,1554001397,11,47321,49,8118,1.6459747633927049,1545610531,10,47113,49,8098,0.8363480099471063,1551900568,5,47245,49,8095,0.8120676398746021,1551899577,4,47252,49,8104,1.5420473404142523,1560286550,3,47549,49,8126
1.095718429401922,1553999999,10,47362,49,8091,1.1745563288813492,1556096517,9,47407,49,8105,1.0810334351424495,1553997158,4,47350,49,8135,1.706257587345292,1547704250,4,47117,49,8119,0.6705006211278286,1549800733,3,47182,49,8087
1.095718429401922,1553999999,10,47362,49,8091,1.1745563288813492,1556096517,9,47407,49,8105,1.0810334351424495,1553997158,4,47350,49,8135,1.706257587345292,1547704250,4,47117,49,8119,0.6705006211278286,1549800733,3,47182,49,8087
1.5969213124275965,1562390318,11,47576,49,8094,0,1560290827,10,47556,49,8126,1.635579979474993,1545609349,5,47073,49,8127,1.8371175715612051,1547704839,4,47170,49,8099,1.399967248629768,1560286364,3,47494,49,8115
0,152390318,11,4757,49,8094,0,1560290827,10,47556,49,8126,1.635579979474993,,,,,8127,1.8371175715612051,1547704839,4,47170,49,8099,1.399967248629768,1560286364,3,47494,49,8115
1.0297270548473012,1554001533,11,47337,49,8157,1.1464038771232496,1556096459,9,47411,49,8073,1.3914035279608357,1558191710,5,47481,49,8130,1.832630285895326,1549801454,4,47166,49,8137,0.9531290446764459,1551897276,3,47299,49,8128
1.0297270548473012,1554001533,11,47337,49,8157,1.1464038771232496,1556096459,9,47411,49,8073,1.3914035279608357,1558191710,5,47481,49,8130,1.832630285895326,1549801454,4,47166,49,8137,0.9531290446764459,1551897276,3,47299,49,8128
1.291140331858336,1558195839,11,47446,49,8052,1.3485566385400107,1558192460,8,47501,49,8112,1.6107954689544643,1545608612,4,47058,49,8165,1.3861967899095073,1560287960,4,47495,49,8101,1.1372286231161248,1556091996,3,47382,49,8127
1.291140331858336,1558195839,11,47446,49,8052,1.3485566385400107,1558192460,8,47501,49,8112,1.6107954689544643,1545608612,4,47058,49,8165,1.3861967899095073,1560287960,4,47495,49,8101,1.1372286231161248,1556091996,3,47382,49,8127
0.5864578395975301,1547709863,11,47147,49,8119,1.2639023705636576,1558193276,9,47451,49,8050,1.063898470150107,1553997902,5,47340,49,8167,1.8076434949063198,1547705078,4,47147,49,8074,1.5444935601006458,1545606227,3,47045,49,8154
1.596003038807014,1562390292,11,47577,49,8148,1.325913878927785,1558193056,9,47491,49,8121,0.805851561042208,1549802633,4,47230,49,8152,1.6412867352374647,1545607675,4,47090,49,8079,1.2294336446629506,1556092262,3,47414,49,8030
1.596003038807014,1562390292,11,47577,49,8148,1.325913878927785,1558193056,9,47491,49,8121,0.805851561042208,1549802633,4,47230,49,8152,1.6412867352374647,1545607675,4,47090,49,8079,1.2294336446629506,1556092262,3,47414,49,8030
1.4575956219932398,1560293002,11,47518,49,8152,1.3738520098732732,1560290708,9,47509,49,8161,0.6024737201059712,1547706728,5,47144,49,8122,1.1414129263970116,1556092789,4,47375,49,8090,0.8108463613809618,1549800651,3,47238,49,8131
1.4575956219932398,1560293002,11,47518,49,8152,1.3738520098732732,1560290708,9,47509,49,8161,0.6024737201059712,1547706728,5,47144,49,8122,1.1414129263970116,1556092789,4,47375,49,8090,0.8108463613809618,1549800651,3,47238,49,8131
1.0125920883666792,1554001446,11,47329,49,8156,1.3913959436212726,1560290357,9,47505,49,8079,1.5815221282163345,1562385860,5,47561,49,8099,1.3779360350906824,1558190748,4,47488,49,8090,1.4564728674398775,1560286582,3,47516,49,8097
1.0125920883666792,1554001446,11,47329,49,8156,1.3913959436212726,1560290357,9,47505,49,8079,1.5815221282163345,1562385860,5,47561,49,8099,1.3779360350906824,1558190748,4,47488,49,8090,1.4564728674398775,1560286582,3,47516,49,8097
0.8577639623875069,1551904460,11,47263,49,8105,0.6856930880951086,1549805446,10,47216,49,8170,1.6269102634924015,1545609301,5,47068,49,8191,0.7118081930958606,1551898823,4,47203,49,8114,1.2697206974460795,1558189290,3,47435,49,8066
0.8577639623875069,1551904460,11,47263,49,8105,0.6856930880951086,1549805446,10,47216,49,8170,1.6269102634924015,1545609301,5,47068,49,8191,0.7118081930958606,1551898823,4,47203,49,8114,1.2697206974460795,1558189290,3,47435,49,8066
1.2802269685156555,1558195185,10,47441,49,0,1.4430052980098544,1560290846,9,47530,49,8056,1.1640575512191478,1556095184,5,47382,49,8174,1.6996270371192022,1547704979,4,47118,49,8058,1.5594890323902197,1543508518,3,47042,49,8117
1.2802269685156555,1558195185,10,47441,49,0,1.4430052980098544,1560290846,9,47530,49,8056,1.1640575512191478,1556095184,5,47382,49,8174,1.6996270371192022,1547704979,4,47118,49,8058,1.5594890323902197,1543508518,3,47042,49,8117
1.1844529401694937,1556096178,6,47404,49,8147,0.7123137976196369,1549805161,9,47222,49,8056,1.2062834093604238,1556095091,5,47400,49,8158,1.03380539502453,1553996974,4,47342,49,8053,1.2752284990937752,1558189333,3,47437,49,8129
1.1844529401694937,1556096178,6,47404,49,8147,0.7123137976196369,1549805161,9,47222,49,8056,1.2062834093604238,1556095091,5,47400,49,8158,1.03380539502453,1553996974,4,47342,49,8053,1.2752284990937752,1558189333,3,47437,49,8129
1.7151336247181137,1545612592,11,47113,49,8151,1.4596309483508711,1560290076,8,47535,49,8070,0.7065085212176639,1549803514,5,47188,49,8118,0.7104809781380853,1549801825,4,47208,49,8132,1.425771935064144,1560286647,4,47505,49,8130
1.7151336247181137,1545612592,11,47113,49,8151,1.4596309483508711,1560290076,8,47535,49,8070,0,1553997022,4,47315,49,8125,0.7104809781380853,1549801825,4,47208,49,8132,1.425771935064144,1560286647,4,47505,49,8130
0.9791381863805281,1554000465,10,47316,49,8068,1.0117722952891104,1553999623,9,47342,49,8130,1.441075995513302,1558192040,5,47496,49,8123,1.6867767406708258,1545607870,4,47108,49,8082,1.5549998540182899,1545606138,3,47046,49,8119
0.9791381863805281,1554000465,10,47316,49,8068,1.0117722952891104,1553999623,9,47342,49,8130,1.441075995513302,1558192040,5,47496,49,8123,1.6867767406708258,1545607870,4,47108,49,8082,1.5549998540182899,1545606138,3,47046,49,8119
1.585905704793404,1562390085,11,47575,49,8065,0.9590401709637658,1553999235,9,47323,49,8130,0.9927060052763517,1553997212,5,47308,49,8098,1.4451505300726322,1560287448,4,47517,49,8070,1.7101351675758159,1545606267,3,47109,49,8133
1.6318028092624408,1545613011,11,47085,49,8133,1.458101109584989,1560290778,9,47542,49,8057,1.4222067065868411,1558192181,5,47489,49,8085,1.8873012057258247,1549801888,4,47182,49,8119,1.2221915259692955,1556092162,3,47412,49,8112
1.6318028092624408,1545613011,11,47085,49,8133,1.458101109584989,1560290778,9,47542,49,8057,1.4222067065868411,1558192181,5,47489,49,8085,1.8873012057258247,1549801888,4,47182,49,8119,1.2221915259692955,1556092162,3,47412,49,8112
1.4388285686321667,1560292847,11,47513,49,8072,1.549386575350991,1562387570,9,47575,49,8042,14.320748874503659,1556095394,5,47398,49,141,1.098060573441049,1556093366,4,47376,49,8111,0,,,,,
1.4388285686321667,1560292847,11,47513,49,8072,1.549386575350991,1562387570,9,47575,49,8042,1.2079154928971378,1556095394,5,47398,49,8141,1.098060573441049,1556093366,4,47376,49,8111,1.5673408143486023,1545605884,3,47052,49,8088
1.1722142074398378,1556095722,5,47399,49,8127,1.5089947600646823,1560289963,9,47563,49,8053,0.9042763312320208,1551901412,6,47271,49,8182,0.9962713064314557,1553996314,4,47326,49,8106,1.8002991497090788,1547703714,3,47144,49,8085
1.1722142074398378,1556095722,5,47399,49,8127,1.5089947600646823,1560289963,9,47563,49,8053,0.9042763312320208,1551901412,6,47271,49,8182,0.9962713064314557,1553996314,4,47326,49,8106,1.8002991497090788,1547703714,3,47144,49,8085
0.6389854795806517,1547710127,12,47171,49,8151,1.0721517410702988,1556095975,10,47374,49,8045,1.5955974181413872,1545608811,5,47053,49,8127,1.8141680916835647,1547705024,4,47163,49,8112,1.7238033593289679,1545606420,4,47110,49,8110
0.6389854795806517,1547710127,12,47171,49,8151,1.0721517410702988,1556095975,10,47374,49,8045,1.5955974181413872,1545608811,5,47053,49,8127,1.8141680916835647,1547705024,4,47163,49,8112,1.7238033593289679,1545606420,4,47110,49,8110
1.2340231464226794,1556097245,10,47425,49,8123,1.7598019956200377,1547708219,9,47152,49,8058,1.1305014191114944,1553997498,5,47365,49,8162,1.209235232774036,1558190665,4,47422,49,8118,1.5696866949415247,1545606066,3,47053,49,5
1.270231878196906,1558195664,11,47438,49,8093,1.0082014055563309,1553998702,8,47356,49,8078,1.1178537369532484,1553997821,5,47361,49,8140,1.3866057584297795,1560288143,4,47491,49,8153,0.8380786577836628,1551897921,3,47250,49,8135
1.270231878196906,1558195664,11,47438,49,8093,1.0082014055563309,1553998702,8,47356,49,8078,1.1178537369532484,1553997821,5,47361,49,8140,1.3866057584297795,1560288143,4,47491,49,8153,0.8380786577836628,1551897921,3,47250,49,8135
1.6993240187445378,1545612376,11,47111,49,8136,0,1556096454,9,47400,49,8124,1.4236343064603434,1558191130,4,47491,49,8069,0.7886106848034197,1551898703,4,47234,49,8132,1.7090124227104402,1547703372,4,47111,49,8149
1.6993240187445378,1545612376,11,47111,49,8136,1.1138682564397628,1556096454,9,47400,49,8124,1.4236343064603434,1558191130,4,47491,49,8069,0.7886106848034197,1551898703,4,47234,49,8132,1.7090124227104402,1547703372,4,47111,49,8149
1.3346915354860325,1558195912,11,47470,49,8120,0.7620865950942144,1551901696,9,47249,49,8091,1.1501867446034313,1556094422,5,47372,49,8171,1.7362447060653239,1547705082,4,47127,49,8133,1.765518031306089,1547703815,3,47133,49,8121
1.3346915354860325,1558195912,11,47470,49,8120,0.7620865950942144,1551901696,9,47249,49,8091,1.1501867446034313,1556094422,5,47372,49,8171,1.7362447060653239,1547705082,4,47127,49,8133,1.765518031306089,1547703815,3,47133,49,8121
1.003922349039077,1554001142,10,47333,49,8141,1.15833773950149,1556095852,8,47420,49,8103,0.9269190999449305,1551900979,5,47282,49,8135,1.4047612461859664,1560287745,4,47497,49,8148,0.6125692423107426,1547703702,3,47149,49,8123
1.003922349039077,1554001142,10,47333,49,8141,1.15833773950149,1556095852,8,47420,49,8103,0.9269190999449305,1551900979,5,47282,49,8135,0.6823322477575875,1549801776,4,47190,49,8121,0.6125692423107426,1547703702,3,47149,49,8123
1.589169849315509,1562390495,12,47579,49,8075,0.8072717462178035,1551902223,9,47262,49,8052,0.8466498132998008,1551900134,5,47245,49,8114,0.6899814586316994,1549801586,4,47195,49,8099,1.525014621952753,1560286763,3,47539,49,8100
1.2785948701796475,1558195763,11,47448,49,8078,1.0147297260929309,1553999789,10,47348,49,8079,0.6949835848179146,1549803288,5,47180,49,8097,1.5737668882289362,1545607975,4,47058,49,8058,1.4583094284868865,1560286703,3,47516,49,8085
1.2785948701796475,1558195763,11,47448,49,8078,1.0147297260929309,1553999789,10,47348,49,8079,0.6949835848179146,1549803288,5,47180,49,8097,1.5737668882289362,1545607975,4,47058,49,8058,1.4583094284868865,1560286703,3,47516,49,8085
0.5572867480724365,1547709169,10,47144,49,8132,0.6296986516681587,1549804117,8,47187,49,8070,1.44811363681331,1560288614,4,47500,49,8106,0.7508721185536745,1549801649,4,47222,49,8095,0.9633286014928653,1553994915,3,47305,49,8139
0.5572867480724365,1547709169,10,47144,49,8132,0.6296986516681587,1549804117,8,47187,49,8070,1.44811363681331,1560288614,4,47500,49,8106,0.7508721185536745,1549801649,4,47222,49,8095,0.9633286014928653,1553994915,3,47305,49,8139
1.6515903551076736,1545612997,12,47095,49,8124,1.25615091027823,1558192986,8,47453,49,8099,1.497886455644591,1560289506,5,47524,49,8096,1.057161955736031,1553996261,4,47355,49,8142,1.086537523144721,1556091429,3,47361,49,8150
0.8243100477461144,1551904416,11,47254,49,8084,0.9126318780986773,1553999142,10,47309,49,8113,1.094292687593417,1553997817,5,47353,49,8171,1.3683480231140863,1558190593,4,47488,49,8092,1.70340237776434,1547703369,3,47113,49,8157
0.8243100477461144,1551904416,11,47254,49,8084,0.9126318780986773,1553999142,10,47309,49,8113,1.094292687593417,1553997817,5,47353,49,8171,1.3683480231140863,1558190593,4,47488,49,8092,1.70340237776434,1547703369,3,47113,49,8157
0.6122625093630566,1547709919,11,47165,49,8106,1.5026709048044002,1560290363,10,47564,49,8045,1.1397827034972765,1556094697,5,47371,49,8164,1.137126372412784,1556092715,4,47387,49,8138,1.7042202669634208,1545606650,4,47105,49,8105
0.6122625093630566,1547709919,11,47165,49,8106,1.5026709048044002,1560290363,10,47564,49,8045,1.1397827034972765,1556094697,5,47371,49,8164,1.137126372412784,1556092715,4,47387,49,8138,1.7042202669634208,1545606650,4,47105,49,8105
0.8757149507349833,1551904384,11,47278,49,8098,1.1192738162588416,1556096919,9,47403,49,8130,0.6801944935982291,1547706121,5,47173,49,8103,1.3850759130351222,1558190754,4,47492,49,8133,0.9079457402800741,1551898094,3,47280,49,8104
0.8757149507349833,1551904384,11,47278,49,8098,1.1192738162588416,1556096919,9,47403,49,8130,0.6801944935982291,1547706121,5,47173,49,8103,1.3850759130351222,1558190754,4,47492,49,8133,0.9079457402800741,1551898094,3,47280,49,8104
0.528831307858741,1547709818,11,47127,49,8054,1.6262894224654572,1545610079,9,47112,49,8090,0.6959018559610699,1549803189,5,47179,49,8142,0.9501678643570466,1553996551,4,47316,49,8122,0.6492854558304717,1549800586,3,47176,49,8069
1.422611877605018,1560292340,10,47508,49,8077,0.9823967231595064,1553999712,9,47345,49,8089,0.6987570755218411,1549803352,5,47183,49,8120,1.7609266355026163,1547704859,4,47143,49,8072,1.537662302080151,1560286039,3,47546,49,8100
1.422611877605018,1560292340,10,47508,49,8077,0.9823967231595064,1553999712,9,47345,49,8089,0.6987570755218411,1549803352,5,47183,49,8120,1.7609266355026163,1547704859,4,47143,49,8072,1.537662302080151,1560286039,3,47546,49,8100
1.5766244093828645,1562389984,11,47573,49,8051,1.6718816614230292,1547706552,8,47121,49,8057,1.3869162508906094,1558192267,5,47475,49,8170,1.7600102176033083,1547705156,4,47136,49,8163,1.6178297763136298,1545606353,3,47072,49,8078
1.5766244093828645,1562389984,11,47573,49,8051,1.6718816614230292,1547706552,8,47121,49,8057,1.3869162508906094,1558192267,5,47475,49,8170,1.7600102176033083,1547705156,4,47136,49,8163,1.6178297763136298,1545606353,3,47072,49,8078
0.5303611532055361,1547710107,11,47127,49,8107,1.4642204540824728,1560290859,10,47549,49,8148,0.8312491553753023,1549802475,4,47235,49,8102,1.7228850772399151,1547704470,4,47114,49,8098,1.6788226744267543,1545606533,3,47098,49,8102
0.5303611532055361,1547710107,11,47127,49,8107,1.4642204540824728,1560290859,10,47549,49,8148,0.8312491553753023,1549802475,4,47235,49,8102,1.7228850772399151,1547704470,4,47114,49,8098,0,1545606533,3,47098,49,8102
1.3433612510830666,1558195760,11,47476,49,8114,0.6108293739108783,1549804665,9,47188,49,8074,1.1328473001353019,1553997447,5,47366,49,8120,1.125805931745862,1556092712,4,47376,49,8113,1.1161156809992598,1556092086,3,47379,49,8107
1.3433612510830666,1558195760,11,47476,49,8114,0.6108293739108783,1549804665,9,47188,49,8074,1.1328473001353019,1553997447,5,47366,49,8120,1.125805931745862,1556092712,4,47376,49,8113,1.1161156809992598,1556092086,3,47379,49,8107
1.5446999227455749,1560293224,12,47558,49,8118,1.2491132695766747,1558193913,9,47458,49,8049,1.742776710244817,1547706294,6,47114,49,8190,1.0027996225743812,1556092966,4,47326,49,8067,1.0968393133777432,1556091774,3,47368,49,8088
0.5257716244735343,1547710278,11,47124,49,8169,0.6831445674467365,1549805478,9,47207,49,8062,1.1532464275314236,1556094633,5,47374,49,8098,1.2681927309297814,1558190533,4,47428,49,8155,1.0218733706413365,1553995316,3,47335,49,8118
0.5257716244735343,1547710278,11,47124,49,8169,0.6831445674467365,1549805478,9,47207,49,8062,1.1532464275314236,1556094633,5,47374,49,8098,1.2681927309297814,1558190533,4,47428,49,8155,1.0218733706413365,1553995316,3,47335,49,8118
1.4872760147606925,1560293229,12,47537,49,8068,1.0918370530211698,1556096394,9,47392,49,8062,1.1398849432067237,1556094546,5,47369,49,8171,0.7563817662025454,1549802225,4,47214,49,8051,1.6184413336703851,1545606569,3,47078,49,8177
0.5998193040030528,1547709903,11,47158,49,8102,0.548104020011811,1547708314,10,47147,49,8067,1.7569542317891744,1547705203,4,47119,49,8123,1.832836618434149,1547705143,4,47156,49,8104,1.498291632677013,1560286084,3,47536,49,8152
0.5998193040030528,1547709903,11,47158,49,8102,0.548104020011811,1547708314,10,47147,49,8067,1.7569542317891744,1547705203,4,47119,49,8123,1.832836618434149,1547705143,4,47156,49,8104,1.498291632677013,1560286084,3,47536,49,8152
1.573258019809429,1562389595,11,47574,49,8103,0.9715856016222632,1553998404,7,47331,49,8056,1.716258215310212,1545608041,4,47102,49,32,1.1982215127071907,1556093690,4,47410,49,8158,0.7966688260605925,1551897716,3,47239,49,8115
1.573258019809429,1562389595,11,47574,49,8103,0.9715856016222632,1553998404,7,47331,49,8056,1.716258215310212,1545608041,4,47102,49,32,1.1982215127071907,1556093690,4,47410,49,8158,0.7966688260605925,1551897716,3,47239,49,8115
1.1004101760653613,1556098453,12,47370,49,8160,1.2097426198822179,1556095905,9,47436,49,8076,1.4252663875664817,1558191844,5,47491,49,8161,1.5107329419840687,1560287762,4,47546,49,8127,0.9835232404533439,1553994741,3,47319,49,8145
1.1052041762560947,1556098752,12,47371,49,8044,1.3024569597163607,1558193904,10,47471,49,8087,1.7599116807428008,1547706131,5,47122,49,8122,1.0114712042291443,1553996528,4,47321,49,8158,1.6711734549168857,1545606552,3,47097,49,8102
1.1052041762560947,1556098752,12,47371,49,8044,1.3024569597163607,1558193904,10,47471,49,8087,1.7599116807428008,1547706131,5,47122,49,8122,1.0114712042291443,1553996528,4,47321,49,8158,1.6711734549168857,1545606552,3,47097,49,8102
1.280226958557434,1558195349,10,47445,49,8190,0.9061035594742894,1553998611,9,47309,49,8056,1.1131619709797969,1553998232,6,47361,49,8176,1.1757832261207948,1556093059,4,47398,49,8158,1.2538088357636412,1558189240,3,47437,49,8102
1.280226958557434,1558195349,10,47445,49,8190,0.9061035594742894,1553998611,9,47309,49,8056,1.1131619709797969,1553998232,6,47361,49,8176,1.1757832261207948,1556093059,4,47398,49,8158,1.2538088357636412,1558189240,3,47437,49,8102
0.747405324034004,1549806688,10,47221,49,8173,0.7015026620790055,1549805224,9,47227,49,8149,0.7002869164071585,1549803147,5,47185,49,8139,1.015649910649136,1553996023,4,47337,49,8052,1.256256956978516,1558189579,3,47437,49,8163
0.747405324034004,1549806688,10,47221,49,8173,0.7015026620790055,1549805224,9,47227,49,8149,0.7002869164071585,1549803147,5,47185,49,8139,1.015649910649136,1553996023,4,47337,49,8052,1.256256956978516,1558189579,3,47437,49,8163
1.444131883830681,1560292777,11,47518,49,8096,0.5873705720511213,1547707458,10,47178,49,8059,1.5245071854969707,1560289020,4,47536,49,8168,1.6471012407413201,1547704497,4,47090,49,8127,1.2815523254833179,1558189555,3,47445,49,8102
1.444131883830681,1560292777,11,47518,49,8096,0.5873705720511213,1547707458,10,47178,49,8059,1.5245071854969707,1560289020,4,47536,49,8168,1.6471012407413201,1547704497,4,47090,49,8127,1.2815523254833179,1558189555,3,47445,49,8102
1.2749236373559982,1558195819,11,47441,49,8137,0.9039621579897756,1553996104,4,47314,49,8062,1.3361229050710972,1558192033,5,47455,49,8167,1.0306434719044855,1553996190,4,47342,49,8055,1.5551020812720597,1545606371,3,47051,49,8162
1.2749236373559982,1558195819,11,47441,49,8137,0.9039621579897756,1553996104,4,47314,49,8062,1.3361229050710972,1558192033,5,47455,49,8167,1.0306434719044855,1553996190,4,47342,49,8055,1.5551020812720597,1545606371,3,47051,49,8162
0.6658106716690406,1549806855,11,47181,49,8097,0.7348543111404974,1549804331,9,47244,49,8090,0.8466498113687998,1551900401,5,47246,49,8187,1.2342257589825114,1556093244,4,47426,49,8083,1.4510672913432268,1560286676,3,47519,49,8096
0.6658106716690406,1549806855,11,47181,49,8097,0.7348543111404974,1549804331,9,47244,49,8090,0.8466498113687998,1551900401,5,47246,49,8187,1.2342257589825114,1556093244,4,47426,49,8083,1.4510672913432268,1560286676,3,47519,49,8096
1.561018849846778,1562389566,11,47564,49,8172,1.073988292328633,1556096360,9,47383,49,8092,0.6282784108412155,1547706502,5,47155,49,8087,1.8137610005044489,1547705033,4,47160,49,8140,1.6894311695335533,1545606226,3,47102,49,8144
1.6663794499720073,1545612500,11,47099,49,8118,1.5824333625258493,1562387996,9,47590,49,8051,1.0163692842576533,1553997767,5,47318,49,8130,1.5490830688328885,1545607694,4,47051,49,8104,1.0781763725097184,1553995088,3,47351,49,8077
1.6663794499720073,1545612500,11,47099,49,8118,0,1549805297,9,47217,49,8048,1.0163692842576533,1553997767,5,47318,49,8130,1.5490830688328885,1545607694,4,47051,49,8104,1.0781763725097184,1553995088,3,47351,49,8077
0.526485434471166,1547710428,12,47123,49,8084,0.8899891196486519,1551902107,9,47298,49,8095,1.3868140065517507,1558191675,4,47478,49,8132,1.2444234358908277,1558190673,4,47438,49,8117,1.5604053967709923,1545606436,3,47055,49,8125
0.526485434471166,1547710428,12,47123,49,8084,0.8899891196486519,1551902107,9,47298,49,8095,1.3868140065517507,1558191675,4,47478,49,8132,1.2444234358908277,1558190673,4,47438,49,8117,1.5604053967709923,1545606436,3,47055,49,8125
0.5235279811040163,1547710120,11,47120,49,8119,1.4243404933146886,1560290934,9,47523,9,8098,0.5698358505595292,1547706057,4,47128,49,8177,0.9967806283207867,1553996395,4,47330,49,8080,0.9679181151688666,1553995021,3,47312,49,8152
0,157710120,11,4712,49,8119,0,1560290934,9,47523,49,,0.5698358505595292,1547706057,4,47128,49,8177,0.9967806283207867,1553996395,4,47330,49,8080,0.9679181151688666,1553995021,3,47312,49,8152
1.7121761675208922,1545612156,11,47114,49,8116,0.9870884871381223,1553999278,9,47346,49,8087,0.9308970567363528,1551900160,5,47284,49,8166,0.6981436805970624,1549802224,4,47186,49,8097,1.5479640995948027,1543509147,3,47041,49,8097
1.4280174454628378,1560292483,10,47508,49,8123,1.724511546212157,1547708133,9,47148,49,8097,1.2548331153042864,1556094652,5,47417,49,8086,1.8478264557834276,1549802375,4,47178,49,8070,0.7664790829739819,1549800874,3,47223,49,8145
1.4280174454628378,1560292483,10,47508,49,8123,1.724511546212157,1547708133,9,47148,49,8097,1.2548331153042864,1556094652,5,47417,49,8086,1.8478264557834276,1549802375,4,47178,49,8070,0.7664790829739819,1549800874,3,47223,49,8145
1.633434884277407,1545613081,12,47086,49,8087,1.4948191455948625,1560290575,8,47552,49,8065,0.7082428367571676,1549803703,6,47184,49,40,1.5226668257495894,1562385002,4,47551,49,8093,1.7051385321096033,1545606356,3,47108,49,8108
1.633434884277407,1545613081,12,47086,49,8087,1.4948191455948625,1560290575,8,47552,49,8065,0.7082428367571676,1549803703,6,47184,49,40,1.5226668257495894,1562385002,4,47551,49,8093,1.7051385321096033,1545606356,3,47108,49,8108
0.9527219306384409,1551904023,12,47304,49,8069,1.6411807463874846,1545609891,8,47109,49,8025,1.6880054100480062,1545609415,5,47090,49,8155,0.7622966598652469,1549802058,4,47222,49,8077,1.7632743691652706,1547703997,4,47138,49,8118
0.9527219306384409,1551904023,12,47304,49,8069,1.6411807463874846,1545609891,8,47109,49,8025,1.6880054100480062,1545609415,5,47090,49,8155,0.7622966598652469,1549802058,4,47222,49,8077,1.7632743691652706,1547703997,4,47138,49,8118
1.133150272572631,1556097937,10,47383,49,10,1.3093923610739733,1558193799,10,47482,49,8102,1.2179105817425682,1556095513,5,47403,49,8132,1.131823050070364,1556093689,4,47383,49,8079,1.5406197286689547,1560286438,3,47553,49,8121
1.133150272572631,1556097937,10,47383,49,10,1.3093923610739733,1558193799,10,47482,49,8102,1.2179105817425682,1556095513,5,47403,49,8132,1.131823050070364,1556093689,4,47383,49,8079,1.5406197286689547,1560286438,3,47553,49,8121
1.249016708701752,1558194679,10,47431,49,8169,0.7716745953350961,1551901901,9,47250,49,8067,0.6810105353256454,1547706323,5,47171,49,8130,1.040536314485329,1553996381,4,47350,49,8072,1.184045855500361,1556092305,3,47401,49,8107
1.249016708701752,1558194679,10,47431,49,8169,0.7716745953350961,1551901901,9,47250,49,8067,0.6810105353256454,1547706323,5,47171,49,8130,1.040536314485329,1553996381,4,47350,49,8072,1.184045855500361,1556092305,3,47401,49,8107
1.4095571243927043,1560292689,12,47497,49,8077,1.5200110191020832,1562387392,9,47569,49,8048,1.414353024923188,1558192379,5,47485,49,8110,0.9749557624533821,1553996667,4,47313,49,8122,0.8639855628992069,1551897888,4,47267,49,8160
1.4095571243927043,1560292689,12,47497,49,8077,1.5200110191020832,1562387392,9,47569,49,8048,1.414353024923188,1558192379,5,47485,49,8110,0.9749557624533821,1553996667,4,47313,49,8122,0.8639855628992069,1551897888,4,47267,49,8160
0.7970777606629206,1549807172,12,47238,49,8084,1.080005414712684,1556096869,10,47387,49,8138,1.5761165734307274,1560289018,5,47555,49,8125,1.1978125461394475,1556093656,4,47416,49,8075,1.0228938858941876,1553994982,3,47333,49,8102
0.7970777606629206,1549807172,12,47238,49,8084,0,1556096869,10,47387,49,8138,1.5761165734307274,1560289018,5,47555,49,8125,1.1978125461394475,1556093656,4,47416,49,8075,1.0228938858941876,1553994982,3,47333,49,8102
1.153344919824697,1556098832,11,47393,49,8108,0.9776027229360469,1553999538,9,47344,49,8046,1.3580518803518111,1558191959,5,47461,49,8099,1.3629443554005602,1560287704,4,47477,49,8158,1.0724640955277933,1553995176,3,47351,49,8105
1.2741075970117641,1558195722,11,47441,49,8182,0.664886854816865,1549805108,9,47202,49,8050,0.875616428095577,1551901021,5,47255,49,8095,0,1556093348,4,47384,49,8115,0.6972235646097888,1549800497,3,47198,49,8179
1.2741075970117641,1558195722,11,47441,49,8182,0.664886854816865,1549805108,9,47202,49,8050,0.875616428095577,1551901021,5,47255,49,8095,1.136617050569548,1556093348,4,47384,49,8115,0.6972235646097888,1549800497,3,47198,49,8179
0.5295451203077638,1547710064,11,47125,49,8106,1.6545422223324353,1547707949,10,47123,49,8132,0.9737344870097482,1551900060,5,47301,49,8164,1.252381241532687,1558190892,4,47433,49,8113,0.6841687882497937,1549800597,3,47190,49,8117
0.5295451203077638,1547710064,11,47125,49,8106,1.6545422223324353,1547707949,10,47123,49,8132,0.9737344870097482,1551900060,5,47301,49,8164,1.252381241532687,1558190892,4,47433,49,8113,0.6841687882497937,1549800597,3,47190,49,8117
0.613180786467564,1547707451,6,47162,49,8113,0.8788712769318683,1551901767,9,47304,49,8090,1.2587088373896513,1556094849,5,47419,49,8131,0.9243650432952644,1551898776,4,47297,49,8095,1.3796722392290681,1558188938,3,47483,49,8172
0.613180786467564,1547707451,6,47162,49,8113,0.8788712769318683,1551901767,9,47304,49,8090,1.2587088373896513,1556094849,5,47419,49,8131,0.9243650432952644,1551898776,4,47297,49,8095,1.3796722392290681,1558188938,3,47483,49,8172
1.0580820867368697,1554001445,12,47352,49,8144,0.7083376848268133,1549805509,9,47216,49,8105,0.9450745844658757,1551900610,5,47286,49,8128,1.0003533677510308,1553996266,4,47317,49,8118,1.2673748008864887,1558189094,3,47440,49,8098
1.0580820867368697,1554001445,12,47352,49,8144,0.7083376848268133,1549805509,9,47216,49,8105,0.9450745844658757,1551900610,5,47286,49,8128,1.0003533677510308,1553996266,4,47317,49,8118,1.2673748008864887,1558189094,3,47440,49,8098
0.8048292037227522,1551902896,10,47243,49,8150,0.6320445318780724,1549804464,8,47188,49,8040,1.2776803634621037,1556094754,5,47425,49,8133,1.470650390954299,1560288077,4,47522,49,8109,1.6777017679094408,1545606743,3,47096,49,8074
1.6241535945915155,1562389850,10,47594,49,8184,0.8837675151778446,1551901841,10,47304,49,8136,1.5384802355828184,1560289639,5,47540,49,8097,0.985054952119024,1553995783,4,47307,49,8151,0.6662177835550683,1549800410,4,47181,49,8068
1.6241535945915155,1562389850,10,47594,49,8184,0.8837675151778446,1551901841,10,47304,49,8136,1.5384802355828184,1560289639,5,47540,49,8097,0.985054952119024,1553995783,4,47307,49,8151,0.6662177835550683,1549800410,4,47181,49,8068
0.8267581693561092,1551904345,11,47252,49,8084,0.6318400591934084,1549805213,9,47190,49,8099,1.1518188255680146,1553997386,5,47371,49,8129,0.9673047034599953,1553996484,4,47313,49,8088,1.7023837098334673,1545605773,3,47110,49,8098
0.921307202154755,1551903496,10,47293,49,8145,1.068887568764263,1556096097,9,47377,49,8019,1.710954886091492,1545609251,5,47097,49,8160,1.3721215101022644,1560287914,4,47488,49,8097,1.2447339155689692,1556092385,4,47421,49,8053
0.921307202154755,1551903496,10,47293,49,8145,1.068887568764263,1556096097,9,47377,49,8019,1.710954886091492,1545609251,5,47097,49,8160,1.3721215101022644,1560287914,4,47488,49,8097,1.2447339155689692,1556092385,4,47421,49,8053
0.9969869500616445,1554000991,10,47327,49,8164,1.4751318946714878,1560290409,9,47562,49,8069,1.1038806903450014,1553997801,5,47353,49,8116,1.3250013082448557,1558190749,4,47462,49,8134,0.7644399092817158,1549801078,3,47218,49,8116
0.9969869500616445,1554000991,10,47327,49,8164,1.4751318946714878,1560290409,9,47562,49,8069,1.1038806903450014,1553997801,5,47353,49,8116,1.3250013082448557,1558190749,4,47462,49,8134,0.7644399092817158,1549801078,3,4721,49,8116
1.040844882011813,1554000952,10,47345,49,8185,0.6295964190053484,1549804231,8,47195,49,8118,1.6620984843552902,1545609467,5,47080,49,8138,0.8441980195610533,1551899294,4,47256,49,8172,1.3676361142404783,1558189573,3,47480,49,8137
1.040844882011813,1554000952,10,47345,49,8185,0.6295964190053484,1549804231,8,47195,49,8118,1.6620984843552902,1545609467,5,47080,49,8138,0.8441980195610533,1551899294,4,47256,49,8172,1.3676361142404783,1558189573,3,47480,49,8137
1.1286629864462911,1556099080,12,47380,49,8109,1.0560354084937222,1556096085,10,47374,49,8086,1.0694062774589506,1553997876,5,47339,49,8121,1.6772909849044924,1545607354,4,47104,49,8064,0.7650514782255142,1549800831,3,47220,49,8118
1.1286629864462911,1556099080,12,47380,49,8109,1.0560354084937222,1556096085,10,47374,49,8086,1.0694062774589506,1553997876,5,47339,49,8121,1.6772909849044924,1545607354,4,47104,49,8064,0.7650514782255142,1549800831,3,47220,49,8118
1.145695713664612,1556097673,9,47389,49,8158,1.380380322399351,1560290631,10,47506,49,8068,1.5998821102595546,1562386113,5,47562,49,8142,1.1955689148677207,1556093556,4,47411,49,8083,1.395481848878347,1558189565,4,47487,49,8129
1.145695713664612,1556097673,9,47389,49,8158,1.380380322399351,1560290631,10,47506,49,8068,1.5998821102595546,1562386113,5,47562,49,8142,1.1955689148677207,1556093556,4,47411,49,8083,1.395481848878347,1558189565,4,47487,49,8129
1.1209115477896676,1556097846,10,47374,49,8170,0.5563648008847955,1547708211,10,47161,49,8139,0.9798556951410498,1551900002,5,47302,49,8103,0.7953416219832754,1551899157,4,47239,49,8111,0.803195290981658,1551897985,3,47246,49,8112
1.1209115477896676,1556097846,10,47374,49,8170,0.5563648008847955,1547708211,10,47161,49,8139,0.9798556951410498,1551900002,5,47302,49,8103,0.7953416219832754,1551899157,4,47239,49,8111,0.803195290981658,1551897985,3,47246,49,8112
1.1191772295062277,1556098497,11,47375,49,8181,0.9037576831104206,1551901683,9,47307,49,8063,1.5017621707417834,1560289054,5,47529,49,8171,1.6500586994753526,1545608315,4,47089,49,8129,1.426587962016623,1560286630,3,47510,49,8121
1.1191772295062277,1556098497,11,47375,49,8181,0.9037576831104206,1551901683,9,47307,49,8063,1.5017621707417834,1560289054,5,47529,49,8171,1.6500586994753526,1545608315,4,47089,49,8129,1.426587962016623,1560286630,3,47510,49,8121
1.2545245129559117,1556098496,12,47432,49,8150,1.6520941074715858,1547707309,9,47122,49,8147,0.9694516597918342,1551900230,5,47300,49,8137,1.3624331620794055,1558190609,4,47477,49,8130,0.9555771494940948,1553994871,3,47304,49,8090
1.3464209388895096,1558195084,10,47475,49,8173,0.9147732832724308,1553998850,9,47311,49,8075,1.6120189351165854,1545609083,5,47064,49,8116,1.1869010761572445,1556093867,4,47398,49,8043,1.554590865539992,1545606315,3,47055,49,8165
0.6532652318926153,1547709468,11,47175,49,8154,0.7366908683715738,1549804641,8,47233,49,8078,1.4127209341252713,1558191524,4,47490,49,8127,1.40802541765092,1560287794,4,47494,49,8118,1.3237781804807298,1558189763,3,47462,49,8113
0.6532652318926153,1547709468,11,47175,49,8154,0.7366908683715738,1549804641,8,47233,49,8078,1.4127209341252713,1558191524,4,47490,49,8127,1.40802541765092,1560287794,4,47494,49,8118,1.3237781804807298,1558189763,3,47462,49,8113
1.6805569728520962,1545612685,12,47103,49,8108,0.7845267490812552,1551902245,9,47260,49,8018,0.6965134219831255,1549802618,4,47184,49,8131,0.9590457946578608,1553996268,4,47296,49,8118,1.604468287756576,1545606549,3,47070,49,8128
1.6805569728520962,1545612685,12,47103,49,8108,0.7845267490812552,1551902245,9,47260,49,8018,0.6965134219831255,1549802618,4,47184,49,8131,0.9590457946578608,1553996268,4,47296,49,8118,1.604468287756576,1545606549,3,47070,49,8128
0.9823001064916516,1554001408,11,47317,49,8162,0.7318987280517,1549805504,10,47224,49,8070,0.9152919247641225,1551900564,5,47279,49,8120,1.3639630019658873,1558190989,4,47478,49,8079,1.3195957365781315,1558189606,3,47463,49,8144
0.9823001064916516,1554001408,11,47317,49,8162,0.7318987280517,1549805504,10,47224,49,8070,0.9152919247641225,1551900564,5,47279,49,8120,1.3639630019658873,1558190989,4,47478,49,8079,1.3195957365781315,1558189606,3,47463,49,8144
1.4667746520908267,1560293361,11,47527,49,8156,0.6548917748558322,1549804599,8,47202,49,8070,0.7832087855805059,1549803544,5,47222,49,8091,1.7236992724075342,1547704637,4,47119,49,8100,0.9901519337494514,1553995074,3,47325,49,8120
1.4667746520908267,1560293361,11,47527,49,8156,0.6548917748558322,1549804599,8,47202,49,8070,0.7832087855805059,1549803544,5,47222,49,8091,1.7236992724075342,1547704637,4,47119,49,8100,0.9901519337494514,1553995074,3,47325,49,8120
1.2475891105796082,1556098507,12,47428,49,8093,0.8857063174282148,1551902464,9,47291,49,8046,1.2867571603899846,1558192158,5,47437,49,8158,1.3281613445442668,1558190731,4,47469,49,8123,1.2385104354291947,1556091336,3,47426,49,8123
1.2475891105796082,1556098507,12,47428,49,8093,0.8857063174282148,1551902464,9,47291,49,8046,1.2867571603899846,1558192158,5,47437,49,8158,1.3281613445442668,1558190731,4,47469,49,8123,1.2385104354291947,1556091336,3,47426,49,8123
1.6201756414984971,1562387613,6,47591,49,8087,0.8801985173038541,1551902396,9,47289,49,8055,1.1781328333404029,1556095010,5,47390,49,8172,1.0000485175821694,1553996483,4,47310,49,8107,1.0488008143517307,1553994558,3,47342,49,8104
1.6201756414984971,1562387613,6,47591,49,8087,0.8801985173038541,1551902396,9,47289,49,8055,1.1781328333404029,1556095010,5,47390,49,8172,1.0000485175821694,1553996483,4,47310,49,8107,1.0488008143517307,1553994558,3,47342,49,8104
1.2523831096976328,1556097962,11,47430,49,8068,1.1623157079459818,1556096601,9,47411,49,8127,0.5768734955619524,1547706488,5,47130,49,8153,0.7555620467870534,1551899185,4,47227,49,8105,1.4037407125562744,1560285794,3,47502,49,8064
1.2523831096976328,1556097962,11,47430,49,8068,1.1623157079459818,1556096601,9,47411,49,8127,0.5768734955619524,1547706488,5,47130,49,8153,0.7555620467870534,1551899185,4,47227,49,8105,1.4037407125562744,1560285794,3,47502,49,8064
1.5014535469583603,1560292209,10,47540,49,8146,1.2561509173000547,1558193426,9,47459,49,8102,1.7567497589094796,1547706280,5,47122,49,8141,1.4407655045253613,1560287726,4,47509,49,8107,1.3760010026852874,1558188932,3,47478,49,8118
1.5014535469583603,1560292209,10,47540,49,8146,1.2561509173000547,1558193426,9,47459,49,8102,1.7567497589094796,1547706280,5,47122,49,8141,1.4407655045253613,1560287726,4,47509,49,8107,1.3760010026852874,1558188932,3,47478,49,8118
0.5319932338260067,1547710030,12,47125,49,8119,1.45371416484115,1560289895,8,47546,49,8078,0.571365695858119,1547705684,4,47128,49,8129,0.9916817919134888,1553996474,4,47320,49,8112,1.4645310139974181,1560286657,3,47525,49,8081
0,1554000697,10,47335,49,20,1.0359448953824533,1553999327,9,47362,49,8086,0.9622095504747188,1551900880,5,47296,49,8136,1.1108123773409873,1556093779,4,47368,49,8077,0.8413427897550053,1551898104,3,47259,49,8090
1.0148357207236374,1554000697,10,47335,49,20,1.0359448953824533,1553999327,9,47362,49,8086,0.9622095504747188,1551900880,5,47296,49,8136,1.1108123773409873,1556093779,4,47368,49,8077,0.8413427897550053,1551898104,3,47259,49,8090
0.9448682490764214,1551903739,11,47301,49,8173,0.6878363348564709,1549805090,9,47215,49,8063,0.7746413058791844,1549803316,5,47215,49,8059,1.5705046402914138,1562384342,4,47557,49,8099,0.7786174220878164,1549800681,3,47226,49,8148
0.9448682490764214,1551903739,11,47301,49,8173,0.6878363348564709,1549805090,9,47215,49,8063,0.7746413058791844,1549803316,5,47215,49,8059,1.5705046402914138,1562384342,4,47557,49,8099,0.7786174220878164,1549800681,3,47226,49,8148
0.7200707945266044,1549807133,11,47209,49,8106,1.6293491112999718,1545610216,10,47112,49,8086,0.6769303415703803,1547705911,5,47173,49,8161,1.0146312717225476,1553996258,4,47327,49,8140,0.7807588328907528,1549800596,3,47229,49,8153
0.7200707945266044,1549807133,11,47209,49,8106,1.6293491112999718,1545610216,10,47112,49,8086,0.6769303415703803,1547705911,5,47173,49,8161,1.0146312717225476,1553996258,4,47327,49,8140,0.7807588328907528,1549800596,3,47229,49,8153
0.7648469981869019,1549806031,10,47226,49,8103,1.5658077334770966,1562387589,8,47591,49,8072,0.747204538239794,1549803452,5,47204,49,8105,1.5671382325730903,1543509931,4,47046,49,8151,1.2248441031320847,1556092294,3,47419,49,8104
0.7648469981869019,1549806031,10,47226,49,8103,1.5658077334770966,1562387589,8,47591,49,8072,0.747204538239794,1549803452,5,47204,49,8105,1.5671382325730903,1543509931,4,47046,49,8151,1.2248441031320847,1556092294,3,47419,49,8104
0.5974734283573234,1547710382,12,47155,49,8105,1.6469952643223456,1545610681,10,47107,49,8069,0.7037555372059773,1549802945,5,47182,49,8161,1.1584437905359903,1556093869,4,47389,49,8126,1.269311712936672,1558189497,3,47447,49,8077
0.5974734283573234,1547710382,12,47155,49,8105,1.6469952643223456,1545610681,10,47107,49,8069,0.7037555372059773,1549802945,5,47182,49,8161,1.1584437905359903,1556093869,4,47389,49,8126,1.269311712936672,1558189497,3,47447,49,8077
0.8453207457877314,1551903478,10,47261,49,8100,1.4893094282181483,1562386391,8,47565,49,8131,1.289307525938772,1556094588,5,47433,49,8117,1.213317324464629,1556093490,4,47411,49,8064,0.6746830258129889,1549800842,3,47189,49,8126
0.8453207457877314,1551903478,10,47261,49,8100,1.4893094282181483,1562386391,8,47565,49,8131,1.289307525938772,1556094588,5,47433,49,8117,1.213317324464629,1556093490,4,47411,49,8064,0.6746830258129889,1549800842,3,47189,49,8126
1.2578909115749846,1556098276,12,47432,49,8087,0.9490450850348687,1553999231,9,47318,49,8128,0.8988707639091312,1551901149,5,47269,49,8143,0.8417499083370161,1551899202,4,47254,49,8071,1.50940947557366,1560286481,3,47541,49,8131
1.2578909115749846,1556098276,12,47432,49,8087,0.9490450850348687,1553999231,9,47318,49,8128,0.8988707639091312,1551901149,5,47269,49,8143,0.8417499083370161,1551899202,4,47254,49,8071,1.50940947557366,1560286481,3,47541,49,8131
0.9480301690855458,1551903992,11,47302,49,8140,0.6007320575815076,1547707223,8,47173,49,8078,0.834920408180764,1549803644,6,47240,49,8128,1.4161858226808755,1558190169,4,47495,49,8149,1.705240763292162,1545606292,3,47109,49,8100
0.9480301690855458,1551903992,11,47302,49,8140,0.6007320575815076,1547707223,8,47173,49,8078,0.834920408180764,1549803644,6,47240,49,8128,1.4161858226808755,1558190169,4,47495,49,8149,1.705240763292162,1545606292,3,47109,49,8100
1.4466822492116909,1560292946,11,47517,49,8084,0.9106930877655539,1553998934,9,47310,49,8050,1.739819259017427,1545608868,5,47112,49,8147,0.8169657291518897,1551899129,4,47242,49,8097,1.6139540432696204,1545606640,3,47074,49,8147
1.4466822492116909,1560292946,11,47517,49,8084,0.9106930877655539,1553998934,9,47310,49,8050,1.739819259017427,1545608868,5,47112,49,8147,0.8169657291518897,1551899129,4,47242,49,8097,1.6139540432696204,1545606640,3,47074,49,8147
0.7186431873066388,1549806156,10,47207,49,8175,1.1888341894197596,1556096513,9,47423,49,8081,1.428530547829017,1558191557,5,47492,49,8168,0.6591783186945002,1549801314,4,47181,49,8107,1.567035971564975,1545605957,3,47054,49,8132
0.7186431873066388,1549806156,10,47207,49,8175,1.1888341894197596,1556096513,9,47423,49,8081,1.428530547829017,1558191557,5,47492,49,8168,0.6591783186945002,1549801314,4,47181,49,8107,1.567035971564975,1545605957,3,47054,49,8132
1.1535493983528022,1556098353,10,47391,49,8119,1.3983313262392072,1560291059,10,47521,49,8145,1.0951087270782969,1553997846,5,47353,49,8171,1.492579360596069,1560288049,4,47530,49,8050,1.5728490920482976,1545606335,3,47061,49,8126
0.6501033104766989,1547709183,10,47175,49,8073,1.3296892456781375,1558193987,10,47482,49,8043,1.074098035500935,1553997096,4,47343,49,8185,1.5314368976902326,1562384806,4,47557,49,8114,0.8270630387682689,1551897898,3,47253,49,8146
0.6501033104766989,1547709183,10,47175,49,8073,1.3296892456781375,1558193987,10,47482,49,8043,1.074098035500935,1553997096,4,47343,49,8185,1.5314368976902326,1562384806,4,47557,49,8114,0.8270630387682689,1551897898,3,47253,49,8146
1.7049340529337864,1545612896,12,47113,49,8087,1.3491700854480853,1558193094,8,47491,49,8028,1.6839252130104547,1545609126,5,47092,49,8130,0.8158429829789006,1551899413,4,47245,49,8094,1.7013650450456117,1545605754,3,47105,49,8139
1.7049340529337864,1545612896,12,47113,49,8087,1.3491700854480853,1558193094,8,47491,49,8028,1.6839252130104547,1545609126,5,47092,49,8130,0.8158429829789006,1551899413,4,47245,49,8094,1.7013650450456117,1545605754,3,47105,49,8139
1.1315181927264963,1556098744,11,47383,49,8094,0.8696922340141141,1551902075,9,47290,49,8046,1.2876754457755877,1556093626,4,47433,49,8130,0.9999462786574423,1553996063,4,47312,49,8073,0.9504764363872258,1553994386,3,47307,49,8105
0.9598618099757484,1551903843,12,47306,49,8132,0.8850928776190745,1553998626,10,47307,49,8115,1.5759120847176138,1560288716,5,47559,49,8136,1.638838624462796,1547704328,4,47088,49,8139,0.801260196457031,1549800928,3,47234,49,8126
0.9598618099757484,1551903843,12,47306,49,8132,0.8850928776190745,1553998626,10,47307,49,8115,1.5759120847176138,1560288716,5,47559,49,8136,1.638838624462796,1547704328,4,47088,49,8139,0.801260196457031,1549800928,3,47234,49,8126
1.7043224955874012,1545611804,10,47107,49,26,1.1471195445005102,1556096621,9,47402,49,8069,1.1280532945401756,1553997424,5,47368,49,8147,0.730982340791364,1551898713,4,47213,49,8152,0.6198113343488433,1547703266,3,47157,49,8071
1.7043224955874012,1545611804,10,47107,49,26,1.1471195445005102,1556096621,9,47402,49,8069,1.1280532945401756,1553997424,5,47368,49,8147,0.730982340791364,1551898713,4,47213,49,8152,0.6198113343488433,1547703266,3,47157,49,8071
0.674582633826676,1549806968,12,47179,49,8093,1.419648729336073,1560290476,8,47530,49,8106,0.9647598996433032,1551900485,5,47297,49,8119,0.7885084574983013,1549801978,4,47232,49,8109,1.1053064267331927,1553995188,3,47365,49,8051
0.674582633826676,1549806968,12,47179,49,8093,1.419648729336073,1560290476,8,47530,49,8106,0.9647598996433032,1551900485,5,47297,49,8119,0.7885084574983013,1549801978,4,47232,49,8109,1.1053064267331927,1553995188,3,47365,49,8051
0.6225643219413376,1547709927,12,47161,49,8078,0.7523982243163613,1551901854,10,47248,49,8074,0.8040150126179989,1549803486,5,47233,49,8137,1.2451391328322432,1556093248,4,47427,49,8103,1.4259764029353634,1560286448,3,47509,49,8079
0.6225643219413376,1547709927,12,47161,49,8078,0.7523982243163613,1551901854,10,47248,49,8074,0.8040150126179989,1549803486,5,47233,49,8137,1.2451391328322432,1556093248,4,47427,49,8103,1.4259764029353634,1560286448,3,47509,49,8079
1.3605984721265778,1558195649,11,47477,49,8105,0.8120657446351477,1551902170,9,47271,49,8094,1.150798302873723,1556094348,5,47377,49,8167,0.9051890646695934,1551899439,4,47288,49,8079,1.512571402370779,1560286794,3,47540,49,8164
1.3605984721265778,1558195649,11,47477,49,8105,0.8120657446351477,1551902170,9,47271,49,8094,1.150798302873723,1556094348,5,47377,49,8167,0.9051890646695934,1551899439,4,47288,49,8079,1.512571402370779,1560286794,3,47540,49,8164
0.8253305751278822,1551904263,11,47245,49,8128,0.7772846292397426,1551902053,9,47252,49,8053,1.4492345091607193,1560288982,5,47507,49,8147,1.6382252086982978,1547704753,4,47093,49,8126,1.5136941707342104,1560286620,3,47537,49,8140
0.8253305751278822,1551904263,11,47245,49,8128,0.7772846292397426,1551902053,9,47252,49,8053,1.4492345091607193,1560288982,5,47507,49,8147,1.6382252086982978,1547704753,4,47093,49,8126,1.5136941707342104,1560286620,3,47537,49,8140
1.093270310272806,1554000794,10,47362,49,8109,1.4616700845419426,1560290535,9,47550,49,8089,1.5172650567685237,1560289248,5,47536,49,8103,1.7035027681288153,1547704221,4,47117,49,8114,1.1144836010649855,1556092507,4,47379,49,8110
1.093270310272806,1554000794,10,47362,49,8109,1.4616700845419426,1560290535,9,47550,49,8089,1.5172650567685237,1560289248,5,47536,49,8103,1.7035027681288153,1547704221,4,47117,49,8114,1.1144836010649855,1556092507,4,47379,49,8110
1.0088186040442315,1554001806,12,47326,49,8121,1.6306763336501542,1545610689,9,47109,49,8117,1.2979772455125926,1558192145,5,47438,49,8172,0.7235376044547441,1549802291,4,47205,49,8138,1.716763847843737,1547703756,4,47122,49,8121
1.70666837639577,1545612756,12,47108,49,8102,1.6247595892667737,1545610691,10,47109,49,8086,1.7107504088287382,1545608223,4,47103,49,8097,1.7369603691757625,1547705007,4,47117,49,8104,0.6427589739393849,1549800117,3,47172,49,8090
1.70666837639577,1545612756,12,47108,49,8102,1.6247595892667737,1545610691,10,47109,49,8086,1.7107504088287382,1545608223,4,47103,49,8097,1.7369603691757625,1547705007,4,47117,49,8104,0.6427589739393849,1549800117,3,47172,49,8090
0.5461707608315315,1547710112,11,47126,49,8091,0.7059918112158182,1549805415,10,47213,49,8050,1.5660192426752846,1560289207,5,47554,49,8095,1.6172163717329207,1545608099,4,47075,49,8029,1.3043995733227707,1558189777,4,47453,49,8096
0.5461707608315315,1547710112,11,47126,49,8091,0.7059918112158182,1549805415,10,47213,49,8050,1.5660192426752846,1560289207,5,47554,49,8095,1.6172163717329207,1545608099,4,47075,49,8029,1.3043995733227707,1558189777,4,47453,49,8096
1.2865508107001267,1558195924,11,47443,49,30,0.6778412474520743,1549805445,9,47209,49,8089,0.7338430527313707,1549803722,5,47201,49,14,1.1496718294842805,1556093928,4,47387,49,8097,1.4709571050513488,1560286208,3,47524,49,8109
1.2865508107001267,1558195924,11,47443,49,30,0.6778412474520743,1549805445,9,47209,49,8089,0.7338430527313707,1549803722,5,47201,49,14,1.1496718294842805,1556093928,4,47387,49,8097,1.4709571050513488,1560286208,3,47524,49,8109
0.8293085334052194,1551903675,11,47246,49,8142,0.6310240276642283,1549804195,9,47188,49,8038,1.0708338717857617,1553997474,5,47346,49,8140,1.9204446505034027,1549802598,4,47214,49,8108,1.6193596079491028,1545606773,4,47077,49,8134
0.8293085334052194,1551903675,11,47246,49,8142,0.6310240276642283,1549804195,9,47188,49,8038,1.0708338717857617,1553997474,5,47346,49,8140,1.9204446505034027,1549802598,4,47214,49,8108,1.6193596079491028,1545606773,4,47077,49,8134
1.125705554998746,1556098015,11,47372,49,8108,1.3359089376113054,1560289848,8,47501,49,8097,1.155387824844145,1556094569,4,47381,49,8092,1.1497721884666035,1556093645,4,47395,49,8102,1.4636127356585216,1560286239,3,47524,49,8104
1.125705554998746,1556098015,11,47372,49,8108,1.3359089376113054,1560289848,8,47501,49,8097,1.155387824844145,1556094569,4,47381,49,8092,1.1497721884666035,1556093645,4,47395,49,8102,1.4636127356585216,1560286239,3,47524,49,8104
1.0942908265941695,1554001428,12,47360,49,8100,0.6249046622400612,1549804938,9,47184,49,8074,0.8886711951160832,1551900687,5,47268,49,8168,0.8161496903840891,1551898931,4,47242,49,8128,0.9431339386012833,1553994423,3,47300,49,8158
1.0942908265941695,1554001428,12,47360,49,8100,0.6249046622400612,1549804938,9,47184,49,8074,0.8886711951160832,1551900687,5,47268,49,8168,0.8161496903840891,1551898931,4,47242,49,8128,0.9431339386012833,1553994423,3,47300,49,8158
1.29440449334491,1558195705,11,47446,49,8123,1.1860812349450762,1556097037,10,47418,49,8077,0.8190085696101792,1549802809,5,47239,49,8123,0.841443196793987,1551899277,4,47258,49,8105,0.7669884133749629,1549800374,3,47227,49,8118
1.29440449334491,1558195705,11,47446,49,8123,1.1860812349450762,1556097037,10,47418,49,8077,0.8190085696101792,1549802809,5,47239,49,8123,0.841443196793987,1551899277,4,47258,49,8105,0.7669884133749629,1549800374,3,47227,49,8118
1.1775175377311133,1556098604,11,47400,49,8118,1.203725511443992,1556095273,8,47429,49,8074,1.713198523059035,1545609316,5,47104,49,8120,1.7984607355221531,1549801881,4,47155,49,8106,1.41424699705829,1560286518,3,47505,49,8132
1.1775175377311133,1556098604,11,47400,49,8118,1.203725511443992,1556095273,8,47429,49,8074,1.713198523059035,1545609316,5,47104,49,8120,1.7984607355221531,1549801881,4,47155,49,8106,1.41424699705829,1560286518,3,47505,49,8132
0.8401196630718377,1551904380,11,47252,49,8080,1.4450463539804985,1560291014,9,47535,49,8137,1.3150099720347255,1558192506,5,47448,49,8148,0.8755105094925996,1551899402,4,47268,49,8123,0.7970777655462791,1549800795,4,47236,49,8072
0.8401196630718377,1551904380,11,47252,49,8080,1.4450463539804985,1560291014,9,47535,49,8137,1.3150099720347255,1558192506,5,47448,49,8148,0.8755105094925996,1551899402,4,47268,49,8123,0.7970777655462791,1549800795,4,47236,49,8072
1.2790038483137713,1558195017,10,47437,49,8097,1.0751091762099747,1556095776,9,47378,49,8082,1.4790171602094013,1560288497,4,47520,49,8161,1.550103606066136,1560287067,4,47558,49,8092,0.9556793815205333,1553994965,3,47305,49,8153
1.622623765333183,1562389857,11,47588,49,8133,0.6530552316850986,1549804791,9,47194,49,8051,1.5994731308232664,1545609020,5,47059,49,8086,1.0877606531860373,1553996574,4,47363,49,8086,1.1341689223408304,1556092287,3,47387,49,8124
1.5963097436503273,1562390402,12,47574,49,8154,1.201786711072186,1556095390,9,47438,49,8114,1.6574067123973588,1545609732,5,47083,49,8172,1.809067384517227,1547704482,4,47163,49,8130,1.3349982612107048,1558188743,3,47466,49,8187
1.5963097436503273,1562390402,12,47574,49,8154,1.201786711072186,1556095390,9,47438,49,8114,1.6574067123973588,1545609732,5,47083,49,8172,1.809067384517227,1547704482,4,47163,49,8130,1.3349982612107048,1558188743,3,47466,49,8187
1.0981665484810752,1554000862,11,47362,49,8115,1.1924031905197876,1556094902,8,47434,49,8091,1.3940561265452311,1558191654,5,47481,49,8143,1.8113128906245246,1547705085,4,47157,49,8073,1.2325955482936057,1556091739,3,47422,49,8142
1.1638512102216083,1556097752,9,47390,49,8154,1.3491700925018266,1558193622,9,47489,49,8109,1.5689766781361596,1560289193,5,47558,49,8124,1.793768974495885,1547704836,4,47153,49,8119,0.8910152325276526,1551898109,3,47275,49,8095
1.1638512102216083,1556097752,9,47390,49,8154,1.3491700925018266,1558193622,9,47489,49,8109,1.5689766781361596,1560289193,5,47558,49,8124,1.793768974495885,1547704836,4,47153,49,8119,0.8910152325276526,1551898109,3,47275,49,8095
0.7680089276074917,1549807319,12,47223,49,8134,1.6488318257433767,1545611008,10,47103,49,8080,1.440259947418369,1560288906,5,47500,49,8143,1.34713286869151,1558190595,4,47476,49,8109,1.1758854549617561,1556092655,3,47401,49,35
0.7680089276074917,1549807319,12,47223,49,8134,1.6488318257433767,1545611008,10,47103,49,8080,1.440259947418369,1560288906,5,47500,49,8143,1.34713286869151,1558190595,4,47476,49,8109,1.1758854549617561,1556092655,3,47401,49,35
1.20893226645628,1556095845,6,47412,49,8107,1.3639591716063195,1566581009,8,47504,49,8096,1.0756278711198852,1553997649,5,47347,49,8130,1.3208169744997258,1558190323,4,47470,49,8136,1.1178500001129563,1556092376,3,47378,49,8116
1.20893226645628,1556095845,6,47412,49,8107,1.3639591716063195,1566581009,8,47504,49,8096,1.0756278711198852,1553997649,5,47347,49,8130,1.3208169744997258,1558190323,4,47470,49,8136,1.1178500001129563,1556092376,3,47378,49,8116
1.1716026534361699,1556098767,11,47394,49,8111,0.9047782123343349,1553998889,10,47310,49,8084,1.2282123744490885,1556094824,5,47411,49,8118,1.7269615693502915,1547704276,4,47128,49,8126,0.652244730779887,1549800499,3,47175,49,8159
1.1716026534361699,1556098767,11,47394,49,8111,0.9047782123343349,1553998889,10,47310,49,8084,1.2282123744490885,1556094824,5,47411,49,8118,1.7269615693502915,1547704276,4,47128,49,8126,1.6919815216525491,1545606430,3,47101,49,8050
1.4608597858444823,1560291728,9,47518,49,8092,1.3888455687224297,1560290743,9,47516,49,8075,0.6206291913496285,1547706463,5,47152,49,8116,1.8687349124040307,1549802289,4,47186,49,8092,1.6685227131698916,1545606534,3,47091,49,8085
1.4608597858444823,1560291728,9,47518,49,8092,1.3888455687224297,1560290743,9,47516,49,8075,0.6206291913496285,1547706463,5,47152,49,8116,1.8687349124040307,1549802289,4,47186,49,8092,1.6685227131698916,1545606534,3,47091,49,8085
0.663464800451847,1547709651,11,47176,49,8120,0.6625409888421043,1549804815,8,47197,49,8078,1.1782350716208527,1556094716,4,47389,49,8162,0.7226193279753568,1549801647,4,47207,49,8101,1.5288903249463035,1543509353,3,47036,49,8084
0.663464800451847,1547709651,11,47176,49,8120,0.6625409888421043,1549804815,8,47197,49,8078,1.1782350716208527,1556094716,4,47389,49,8162,0.7226193279753568,1549801647,4,47207,49,8101,1.5288903249463035,1543509353,3,47036,49,8084
0.9526197034988384,1551903938,12,47301,49,8142,0.7803443255423841,1551901807,9,47250,49,8065,0.6770325688625769,1547705927,5,47175,49,8088,1.4260786611410092,1560288098,4,47502,49,8108,0.7908561643407175,1549800851,3,47232,49,8118
0.9526197034988384,1551903938,12,47301,49,8142,0.7803443255423841,1551901807,9,47250,49,8065,0.6770325688625769,1547705927,5,47175,49,8088,1.4260786611410092,1560288098,4,47502,49,8108,0.7908561643407175,1549800851,3,47232,49,8118
0.878876888657394,1551904385,11,47272,49,8081,1.1362061963567767,1556096728,9,47401,49,8166,1.7123824843494757,1545608566,4,47104,49,8172,0.9709796693753806,1553996339,4,47300,49,8090,1.2890992857262757,1558189265,3,47451,49,8111
0.878876888657394,1551904385,11,47272,49,8081,1.1362061963567767,1556096728,9,47401,49,8166,1.7123824843494757,1545608566,4,47104,49,8172,0.9709796693753806,1553996339,4,47300,49,8090,1.2890992857262757,1558189265,3,47451,49,8111
1.4157787354964706,1558196032,12,47496,49,8057,1.4447396286819358,1560290345,8,47528,49,8086,0.9811810630357255,1551899802,4,47306,49,8124,0.9242628175797548,1551899218,4,47294,49,8102,1.2426928741136167,1556092124,3,47426,49,8138
1.7270675007370417,1547709590,12,47116,49,8081,0.8057419194223295,1551902552,9,47265,49,8090,1.4384233821654018,1560288391,4,47503,49,8151,1.1789432802239146,1556093104,4,47403,49,8110,1.1056131411916463,1553994825,3,47362,49,8115
1.5916175528926855,1562389302,10,47572,49,8103,0.8772410808145777,1551902199,9,47284,49,8058,1.2665625088373171,1556094588,5,47428,49,8166,1.8266113075844586,1547705017,4,47165,49,8112,1.7242104363876043,1547703600,3,47121,49,8137
1.5916175528926855,1562389302,10,47572,49,8103,0.8772410808145777,1551902199,9,47284,49,8058,1.2665625088373171,1556094588,5,47428,49,8166,1.8266113075844586,1547705017,4,47165,49,8112,1.7242104363876043,1547703600,3,47121,49,8137
1.443724821652884,1560292453,10,47510,49,8132,0.9289508145706304,1553999165,10,47313,49,8085,1.1210156475828135,1553997355,5,47367,49,8106,1.2514629773772346,1556093185,4,47428,49,8099,1.2682911960129346,1558189445,3,47447,49,8115
1.443724821652884,1560292453,10,47510,49,8132,0.9289508145706304,1553999165,10,47313,49,8085,1.1210156475828135,1553997355,5,47367,49,8106,1.2514629773772346,1556093185,4,47428,49,8099,1.2682911960129346,1558189445,3,47447,49,8115
1.3937475263134744,1558195441,11,47488,49,8103,0.7124178926904945,1549805337,9,47220,49,8142,1.3132756497328946,1558192150,5,47450,49,8175,1.864758823951132,1549802173,4,47175,49,8115,1.6961621040793997,1545605545,3,47108,49,8052
1.3937475263134744,1558195441,11,47488,49,8103,0.7124178926904945,1549805337,9,47220,49,8142,1.3132756497328946,1558192150,5,47450,49,8175,1.864758823951132,1549802173,4,47175,49,8115,1.6961621040793997,1545605545,3,47108,49,8052
1.0566544961722129,1554000999,10,47345,49,8147,0.7235338742998622,1549804322,8,47231,49,8066,1.1264212113052858,1553996986,4,47370,49,8155,1.2393264938973014,1556093475,4,47419,49,8102,0.8050336842838286,1549800689,3,47237,49,8165
1.0566544961722129,1554000999,10,47345,49,8147,0.7235338742998622,1549804322,8,47231,49,8066,1.1264212113052858,1553996986,4,47370,49,8155,1.2393264938973014,1556093475,4,47419,49,8102,0.8050336842838286,1549800689,3,47237,49,8165
0.6619349578381479,1547709737,11,47175,49,8145,0.8254272385188607,1551902272,9,47264,49,8050,0.9107023964827344,1551900740,5,47277,49,8120,1.8113128962100462,1547704921,4,47155,49,8113,1.0651197390084752,1553995297,3,47351,49,8056
1.4817682276975053,1560293067,11,47529,49,8086,0.9321127418614704,1553998750,8,47320,49,8088,0.6819287952071657,1547705776,5,47176,49,8116,1.267884141583548,1558190658,4,47435,49,8092,1.3131696501344923,1558189640,4,47463,49,8133
1.250037238264997,1556097199,9,47425,49,8076,1.5425534182272616,1562388121,10,47575,49,8073,0.6636710857188212,1547705775,5,47171,49,8097,1.12193022086595,1556093549,4,47370,49,8097,0.6957959571338009,1549800442,3,47196,49,8158
1.250037238264997,1556097199,9,47425,49,8076,1.5425534182272616,1562388121,10,47575,49,8073,0.6636710857188212,1547705775,5,47171,49,8097,1.12193022086595,1556093549,4,47370,49,8097,0.6957959571338009,1549800442,3,47196,49,8158
1.4267943402461645,1560292750,12,47500,49,8159,1.1129499962631233,1556096290,9,47387,49,8064,1.2359638165764109,1556094551,4,47416,49,8097,1.3987441393048845,1558190872,4,47488,49,8099,1.2100550226887137,1556092311,3,47410,49,8120
1.4267943402461645,1560292750,12,47500,49,8159,1.1129499962631233,1556096290,9,47387,49,8064,1.2359638165764109,1556094551,4,47416,49,8097,1.3987441393048845,1558190872,4,47488,49,8099,1.2100550226887137,1556092311,3,47410,49,8120
0.8656176280328209,1551904300,11,4722,49,8125,1.7137004405727094,1547708094,9,47129,49,8126,1.0897031570712254,1553997827,5,47353,49,8082,1.1236626677467705,1556093618,4,47377,49,8081,1.3315296194398596,1558189559,3,47467,49,8139
0.836141689940427,1551904394,11,47257,49,8081,1.3482518151251803,1558193126,9,47496,49,8109,1.5642849161842969,1560289069,5,47556,49,8167,1.337241918651608,1558190401,4,47461,49,8142,1.582946417649609,1545606385,3,47066,49,8153
0.836141689940427,1551904394,11,47257,49,8081,1.3482518151251803,1558193126,9,47496,49,8109,1.5642849161842969,1560289069,5,47556,49,8167,1.337241918651608,1558190401,4,47461,49,8142,1.582946417649609,1545606385,3,47066,49,8153
0.9103938351120863,1551904296,11,47289,49,8166,1.4892091161024705,1560290372,9,47554,49,8104,1.0491093779087253,1553998143,5,47335,49,8117,1.827529579150943,1549802264,4,47166,49,8089,1.1239693599440672,1556092111,3,47383,49,8072
0.9103938351120863,1551904296,11,47289,49,8166,1.4892091161024705,1560290372,9,47554,49,8104,1.0491093779087253,1553998143,5,47335,49,8117,1.827529579150943,1549802264,4,47166,49,8089,1.1239693599440672,1556092111,3,47383,49,8072
0.6589774923392612,1547709468,12,47178,49,8142,1.2140254330113587,1558192762,9,47436,49,8067,1.458822513542875,1560289088,5,47510,49,8097,0.8847917955844949,1551899381,4,47273,49,8086,1.7096258193540732,1545606331,3,47113,49,8126
0.8822432660819713,1551901824,6,47277,49,8075,1.0641958305908523,1553998753,9,47369,49,8058,1.281351597685745,1558191487,5,47434,49,8161,1.4104735373302835,1558190227,4,47495,49,8052,1.5441887166762813,1545606312,4,47047,49,8068
0.8822432660819713,1551901824,6,47277,49,8075,1.0641958305908523,1553998753,9,47369,49,8058,1.281351597685745,1558191487,5,47434,49,8161,1.4104735373302835,1558190227,4,47495,49,8052,1.5441887166762813,1545606312,4,47047,49,8068
1.3868121108902494,1558195840,12,47490,49,8164,1.4563667927168342,1560291017,9,47540,49,8135,1.3821222405623406,1558192261,5,47478,49,,1.0891882548745317,1556093505,4,47365,49,8119,0,1549800872,3,47193,49,8132
1.3868121108902494,1558195840,12,47490,49,8164,1.4563667927168342,1560291017,9,47540,49,8135,1.3821222405623406,1558192261,5,47478,49,8058,1.0891882548745317,1556093505,4,47365,49,8119,0.6831482780679784,1549800872,3,47193,49,8132
0.8884648692417767,1551903910,11,47280,49,8180,0.9181396999136822,1551901837,10,47305,49,8091,1.4293465827660135,1558190899,4,47495,49,8140,0.7620922001253534,1549802277,4,47220,49,8143,1.0343165728068189,1553994817,3,47342,49,8101
0.8884648692417767,1551903910,11,47280,49,8180,0.9181396999136822,1551901837,10,47305,49,8091,1.4293465827660135,1558190899,4,47495,49,8140,0.7620922001253534,1549802277,4,47220,49,8143,1.0343165728068189,1553994817,3,47342,49,8101
1.5039016654970068,1560292336,11,47542,49,8188,1.7357316374839349,1547707235,8,47138,49,8035,1.4441356688660816,1560288282,4,47502,49,8137,0.7838166935196856,1551899209,4,47231,49,8148,1.3246964568157606,1558189568,3,47463,49,8072
1.5039016654970068,1560292336,11,47542,49,8188,1.7357316374839349,1547707235,8,47138,49,8035,1.4441356688660816,1560288282,4,47502,49,8137,0.7838166935196856,1551899209,4,47231,49,8148,1.3246964568157606,1558189568,3,47463,49,8072
1.508593427002026,1560292901,11,47544,49,8132,0.7594358828517548,1551901363,9,47246,49,8169,0.8145212771238568,1549802823,4,47235,49,1,1.0933688190855235,,,,,,1.2620714773932742,1558189329,4,47437,49,8084
1.508593427002026,1560292901,11,47544,49,8132,0.7594358828517548,1551901363,9,47246,49,8169,0.8145212771238568,1549802823,4,47235,49,1,1.0933688190855235,1556093717,4,47372,49,8162,1.2620714773932742,1558189329,4,47437,49,8084
1.6320072729910335,1562390237,11,47598,49,8122,0.7270006503826708,1549805019,10,47236,49,8138,1.7360457652885581,1547705505,4,47112,49,25,1.413022006907117,1560287931,4,47502,49,8112,0.9471118978132536,1551897472,3,47301,49,8082
1.6320072729910335,1562390237,11,47598,49,8122,0.7270006503826708,1549805019,10,47236,49,8138,1.7360457652885581,1547705505,4,47112,49,25,1.413022006907117,1560287931,4,47502,49,8112,0.9471118978132536,1551897472,3,47301,49,8082
1.556633812888564,1562389115,11,47561,49,8184,1.3719151005159587,1560289755,8,47505,49,8107,1.2555469046364909,1556093929,4,47424,49,8152,0.8413428104374655,1551899496,4,47251,49,8087,0.8397107144765213,1551898227,4,47258,49,8139
1.556633812888564,1562389115,11,47561,49,8184,1.3719151005159587,1560289755,8,47505,49,8107,1.2555469046364909,1556093929,4,47424,49,8152,0,1551899496,4,47251,49,8087,0.8397107144765213,1551898227,4,47258,49,8139
0.8012601848869825,1549806957,11,47239,49,8142,1.049304505798129,1556095544,9,47372,49,8072,1.431896943292646,1558190955,4,47495,49,8097,1.8470122954841126,1549801767,4,47164,49,8130,1.3959911607759536,1558189112,3,47492,49,8149
1.2899171980672883,1558195841,11,47448,49,8133,1.1885274746465784,1556096431,10,47431,49,8130,0.6260347566103832,1547707050,6,47156,49,8181,1.497983026546432,1562385019,4,47538,49,8083,1.002494758639571,1553994973,3,47326,49,8090
1.2899171980672883,1558195841,11,47448,49,8133,1.1885274746465784,1556096431,10,47431,49,8130,0.6260347566103832,1547707050,6,47156,49,8181,1.497983026546432,1562385019,4,47538,49,8083,1.002494758639571,1553994973,3,47326,49,8090
1.537662280392294,1560292592,11,47555,49,8139,0.9282370176730866,1553999146,9,47319,49,8129,0.7558742499647214,1549803468,5,47211,49,8106,0.9573096285088414,1553996546,4,47303,49,8103,1.584885198441202,1545606776,4,47064,49,8142
1.537662280392294,1560292592,11,47555,49,8139,0.9282370176730866,1553999146,9,47319,49,8129,0.7558742499647214,1549803468,5,47211,49,8106,0.9573096285088414,1553996546,4,47303,49,8103,1.584885198441202,1545606776,4,47064,49,8142
1.5261373620686243,1560292802,11,47548,49,8126,0.5783960107673359,1547707994,9,47157,49,8056,0.846242705953091,1551900101,5,47245,49,8101,1.4185298176259493,1560287453,4,47501,49,8110,0.9410947683283523,1551898106,4,47296,49,8106
1.5261373620686243,1560292802,11,47548,49,8126,0.5783960107673359,1547707994,9,47157,49,8056,0.846242705953091,1551900101,5,47245,49,8101,1.4185298176259493,1560287453,4,47501,49,8110,0.9410947683283523,1551898106,4,47296,49,8106
1.2792083145633495,1558195523,11,47441,49,8067,0.9936168206331792,1553998838,8,47334,49,8080,0.7121185490199619,1549803724,5,47192,49,21,1.7103377970843352,1547705022,4,47112,49,8112,1.231881747887148,1556092573,3,47421,49,8134
1.2792083145633495,1558195523,11,47441,49,8067,0.9936168206331792,1553998838,8,47334,49,8080,0.7121185490199619,1549803724,5,47192,49,21,1.7103377970843352,1547705022,4,47112,49,8112,1.231881747887148,1556092573,3,47421,49,8134
0.6777445390615203,1549807390,11,47186,49,8140,0,1549803750,8,47186,49,8118,1.3924240436100908,1558192602,5,47482,49,8153,0.7657634604894702,1549802068,4,47221,49,8098,1.3777353201326052,1558189354,3,47479,49,8082
0.6777445390615203,1549807390,11,47186,49,8140,0.6235793033718156,1549803750,8,47186,49,8118,1.3924240436100908,1558192602,5,47482,49,8153,0.7657634604894702,1549802068,4,47221,49,8098,1.3777353201326052,1558189354,3,47479,49,8082
1.3285721674791933,1558195948,11,47469,49,8092,0,1549803828,8,47240,49,8071,0.5547400567936207,1547705393,4,47127,49,8080,1.8119244633795892,1547704940,4,47156,49,8114,1.1979166582317406,1556091605,3,47410,49,8111
1.3285721674791933,1558195948,11,47469,49,8092,0.7639231755792052,1549803828,8,47240,49,8071,0.5547400567936207,1547705393,4,47127,49,8080,1.8119244633795892,1547704940,4,47156,49,8114,1.1979166582317406,1556091605,3,47410,49,8111
0.8346118480750543,1551904516,11,47256,49,8096,0,1549804202,9,47242,49,8095,0.9475226895995139,1551899886,4,47292,49,8069,1.6551594094246342,1545607820,4,47085,49,8078,0.9684274391297802,1553995184,3,47316,49,8093
0.8346118480750543,1551904516,11,47256,49,8096,0.7563762079150197,1549804202,9,47242,49,8095,0,1545608377,4,47111,49,8143,1.6551594094246342,1545607820,4,47085,49,8078,0.9684274391297802,1553995184,3,47316,49,8093
1.0339094754026503,1554001765,12,47342,49,8052,1.0927553587279564,1556096434,9,47384,49,8114,0.8386938889441604,1551900469,5,47247,49,6,0.8193116177640535,1551899311,4,47240,49,8097,1.3904833585294654,1558189444,3,47490,49,8073
1.0339094754026503,1554001765,12,47342,49,8052,1.0927553587279564,1556096434,9,47384,49,8114,0.8386938889441604,1551900469,5,47247,49,6,0.8193116177640535,1551899311,4,47240,49,8097,1.3904833585294654,1558189444,3,47490,49,8073
0.9864825310324742,1554001746,12,47320,49,8100,0.9092655055842467,1553998830,9,47311,49,8068,1.730537967974281,1545608667,5,47108,49,8142,0.83705815264096,1551899134,4,47250,49,8152,1.4041496756866063,1560286146,3,47500,49,8165
0.6782538725169086,1549806177,10,47190,49,8086,0.932112745516011,1553998787,9,47311,49,8039,1.2457563015396245,1556093972,4,47413,49,8158,0.6662178015405101,1549801616,4,47174,49,8119,1.2563591948135902,1558189303,3,47437,49,8111
0.6782538725169086,1549806177,10,47190,49,8086,0.932112745516011,1553998787,9,47311,49,8039,1.2457563015396245,1556093972,4,47413,49,8158,0.6662178015405101,1549801616,4,47174,49,8119,1.2563591948135902,1558189303,3,47437,49,8111
0.9569043567570744,1551903640,11,47306,49,8116,1.1471195676246533,1556097103,10,47403,49,8072,1.1274417322958297,1553997270,5,47365,49,8100,0.9438477638047617,1553996251,4,47292,49,8086,1.5658109556835997,1545606347,3,47058,49,8107
0,1551903640,11,47306,49,8116,1.1471195676246533,1556097103,10,47403,49,8072,1.1274417322958297,1553997270,5,47365,49,8100,0.9438477638047617,1553996251,4,47292,49,8086,1.5658109556835997,1545606347,3,47058,49,8107
0.6916153532041005,1549806439,10,47195,49,8150,1.1108086010017681,1556096291,9,47383,49,8056,1.4758552425198495,1560288243,4,47517,49,8118,1.0596100925501946,1556093514,4,47349,49,8148,1.3861986739855277,1558189000,3,47491,49,8111
0.8340002784887489,1551904083,11,47255,49,8120,1.6325129115349328,1545611149,9,47092,49,8106,0.9704721743971442,1551900045,4,47296,49,8144,1.218721007625023,1558190679,4,47421,49,8130,1.5114486329734462,1560286486,3,47543,49,8112
